run_family,cap_fraction_of_carbon_first,high_stress_water_cap_l,carbon_first_high_stress_water_l,achieved_fraction_of_carbon_first_high_stress_water,screened_direct_water_avoided_l_vs_carbon_first,additional_carbon_kgco2e_vs_carbon_first,additional_carbon_pct_vs_carbon_first,carbon_change_pct_vs_status_quo,service_difference_vs_status_quo_accelerator_hours,status_quo_carbon_kgco2e,status_quo_unserved_accelerator_hours,carbon_first_carbon_kgco2e,policy,carbon_mapping,pue_scenario,capacity_scenario,wue_profile,water_risk_mapping,energy_level,demand_filename,carbon_filename,capacity_filename,energy_filename,timestamp_column,energy_workload_class,migration_limit,max_latency_ms,second_stage_objective,demand_accelerator_hours,served_accelerator_hours,unserved_accelerator_hours,service_rate,migration_share,it_energy_kwh,facility_energy_kwh,carbon_kgco2e,direct_water_l,high_stress_direct_water_l,high_stress_water_share,stage_one_optimal_unserved_accelerator_hours,direct_water_cap_l,carbon_cap_kgco2e,fixed_total_unserved_accelerator_hours,solver_stage_one_optimal,solver_stage_two_optimal,solver_stage_one_iterations,solver_stage_two_iterations,max_abs_demand_balance_error,max_capacity_violation,max_migration_violation,ineligible_latency_assignment,service_gap_vs_status_quo_unserved,minimum_capacity_slack,binding_capacity_region_hours,minimum_migration_slack,binding_migration_hours,eligible_destination_count,high_stress_water_cap_slack_l,high_stress_water_cap_violation_l,assigned_east_accelerator_hours,assigned_north_accelerator_hours,assigned_northwest_accelerator_hours,assigned_southwest_accelerator_hours
scenario_coarse,0.0,0.0,9.765751389221196,0.0,9.765751389221196,2.495378854017055,5.078656650707547,-5.108602429970688e-09,-1.0000007932831068e-08,51.630002944097214,3.7516666766666673,49.13462408744259,screened_water_cap_0.00,conservative_site_selection,hub_policy_compliant,tight,uniform_google_ai_2024,portfolio_mean,central,gentd26_hourly_service_demand.csv,gentd26_aligned_regional_hourly_cef.csv,capacity_scenarios.csv,energy_calibration_bounds.csv,trace_timestamp_anonymized,single_row_default,0.15,15.0,carbon,211.9472222222222,208.1955555355556,3.7516666866666672,0.9822990523426954,0.0,55.91956311375206,69.8994538921901,51.63000294145965,64.30749758081487,0.0,0.0,0.8814722222222227,,,3.7516666766666673,True,True,0,0,0.0,0.0,0.0,0.0,9.99999993922529e-09,0.0,11,0.0,184,1,0.0,0.0,208.1955555355556,0.0,0.0,0.0
scenario_coarse,0.0,0.0,7.496240799820507,0.0,7.496240799820507,1.5512630671657206,3.186279845174189,-2.69809528890137,-9.999979511121636e-09,51.630002944097214,3.7516666766666673,48.68571319983717,screened_water_cap_0.00,conservative_site_selection,hub_policy_compliant,tight,uniform_google_ai_2024,portfolio_mean,central,gentd26_hourly_service_demand.csv,gentd26_aligned_regional_hourly_cef.csv,capacity_scenarios.csv,energy_calibration_bounds.csv,trace_timestamp_anonymized,single_row_default,0.15,20.0,carbon,211.9472222222222,208.1955555355556,3.7516666866666672,0.9822990523426957,0.1491974692740028,55.91956311375206,69.4823010272161,50.23697626700289,64.30749758081487,0.0,0.0,0.8814722222222227,,,3.7516666766666673,True,True,0,379,4.440892098500626e-16,0.0,0.0,0.0,9.99999993922529e-09,0.0,3,0.0,542,3,0.0,0.0,177.13330553555562,0.0,0.0,31.06225000000001
scenario_coarse,0.0,0.0,7.496240799820507,0.0,7.496240799820507,1.5512630671657206,3.186279845174189,-2.69809528890137,-9.999979511121636e-09,51.630002944097214,3.7516666766666673,48.68571319983717,screened_water_cap_0.00,conservative_site_selection,hub_policy_compliant,tight,uniform_google_ai_2024,portfolio_mean,central,gentd26_hourly_service_demand.csv,gentd26_aligned_regional_hourly_cef.csv,capacity_scenarios.csv,energy_calibration_bounds.csv,trace_timestamp_anonymized,single_row_default,0.15,35.0,carbon,211.9472222222222,208.1955555355556,3.7516666866666672,0.9822990523426957,0.1491974692740028,55.91956311375206,69.4823010272161,50.23697626700289,64.30749758081487,0.0,0.0,0.8814722222222227,,,3.7516666766666673,True,True,0,379,4.440892098500626e-16,0.0,0.0,0.0,9.99999993922529e-09,0.0,3,0.0,542,3,0.0,0.0,177.13330553555562,0.0,0.0,31.06225000000001
scenario_coarse,0.0,0.0,19.531502778442395,0.0,19.531502778442395,4.970786536287264,10.653386231613249,-5.108602429970688e-09,-1.0000007932831068e-08,51.630002944097214,3.7516666766666673,46.65921640517238,screened_water_cap_0.00,conservative_site_selection,hub_policy_compliant,tight,uniform_google_ai_2024,portfolio_mean,central,gentd26_hourly_service_demand.csv,gentd26_aligned_regional_hourly_cef.csv,capacity_scenarios.csv,energy_calibration_bounds.csv,trace_timestamp_anonymized,single_row_default,0.3,15.0,carbon,211.9472222222222,208.1955555355556,3.7516666866666672,0.9822990523426954,0.0,55.91956311375206,69.8994538921901,51.63000294145965,64.30749758081487,0.0,0.0,0.0,,,3.7516666766666673,True,True,0,0,0.0,0.0,0.0,0.0,9.99999993922529e-09,0.0,11,0.0,184,1,0.0,0.0,208.1955555355556,0.0,0.0,0.0
scenario_coarse,0.0,0.0,14.992481599641014,0.0,14.992481599641014,3.102526134331427,6.779789294926997,-5.357509242831593,-1.0000007932831068e-08,51.630002944097214,3.7516666766666673,45.76139462996156,screened_water_cap_0.00,conservative_site_selection,hub_policy_compliant,tight,uniform_google_ai_2024,portfolio_mean,central,gentd26_hourly_service_demand.csv,gentd26_aligned_regional_hourly_cef.csv,capacity_scenarios.csv,energy_calibration_bounds.csv,trace_timestamp_anonymized,single_row_default,0.3,20.0,carbon,211.9472222222222,208.1955555355556,3.7516666866666672,0.9822990523426954,0.2983949385480057,55.91956311375206,69.06514816224211,48.863920764292985,64.30749758081487,0.0,0.0,0.0,,,3.7516666766666673,True,True,0,402,4.440892098500626e-16,0.0,0.0,0.0,9.99999993922529e-09,0.0443611111111108,0,0.0,542,3,0.0,0.0,146.07105553555556,0.0,0.0,62.12450000000002
scenario_coarse,0.0,0.0,14.992481599641014,0.0,14.992481599641014,3.102526134331427,6.779789294926997,-5.357509242831593,-1.0000007932831068e-08,51.630002944097214,3.7516666766666673,45.76139462996156,screened_water_cap_0.00,conservative_site_selection,hub_policy_compliant,tight,uniform_google_ai_2024,portfolio_mean,central,gentd26_hourly_service_demand.csv,gentd26_aligned_regional_hourly_cef.csv,capacity_scenarios.csv,energy_calibration_bounds.csv,trace_timestamp_anonymized,single_row_default,0.3,35.0,carbon,211.9472222222222,208.1955555355556,3.7516666866666672,0.9822990523426954,0.2983949385480057,55.91956311375206,69.06514816224211,48.863920764292985,64.30749758081487,0.0,0.0,0.0,,,3.7516666766666673,True,True,0,402,4.440892098500626e-16,0.0,0.0,0.0,9.99999993922529e-09,0.0443611111111108,0,0.0,542,3,0.0,0.0,146.07105553555556,0.0,0.0,62.12450000000002
scenario_coarse,0.0,0.0,32.419600318335725,0.0,32.419600318335725,8.2407873233863,18.99270868578156,-5.108602429970688e-09,-1.0000007932831068e-08,51.630002944097214,3.7516666766666673,43.389215618073344,screened_water_cap_0.00,conservative_site_selection,hub_policy_compliant,tight,uniform_google_ai_2024,portfolio_mean,central,gentd26_hourly_service_demand.csv,gentd26_aligned_regional_hourly_cef.csv,capacity_scenarios.csv,energy_calibration_bounds.csv,trace_timestamp_anonymized,single_row_default,0.5,15.0,carbon,211.9472222222222,208.1955555355556,3.7516666866666672,0.9822990523426954,0.0,55.91956311375206,69.8994538921901,51.63000294145965,64.30749758081487,0.0,0.0,0.0,,,3.7516666766666673,True,True,0,0,0.0,0.0,0.0,0.0,9.99999993922529e-09,0.0,11,0.0,184,1,0.0,0.0,208.1955555355556,0.0,0.0,0.0
scenario_coarse,0.0,0.0,25.09695022532666,0.0,25.09695022532666,5.181748006701213,12.370955189125857,-8.835662984639104,-9.999979511121636e-09,51.630002944097214,3.7516666766666673,41.886401878296326,screened_water_cap_0.00,conservative_site_selection,hub_policy_compliant,tight,uniform_google_ai_2024,portfolio_mean,central,gentd26_hourly_service_demand.csv,gentd26_aligned_regional_hourly_cef.csv,capacity_scenarios.csv,energy_calibration_bounds.csv,trace_timestamp_anonymized,single_row_default,0.5,20.0,carbon,211.9472222222222,208.1955555355556,3.751666686666668,0.9822990523426957,0.4952581974688041,55.91956311375206,68.51472279064208,47.06814988499754,64.30749758081487,0.0,0.0,0.0,,,3.7516666766666673,True,True,0,422,0.0,0.0,0.0,0.0,1.00000003833145e-08,0.0,3,0.0,539,3,0.0,0.0,105.08499998,0.0,0.0,103.11055555555556
scenario_coarse,0.0,0.0,25.09695022532666,0.0,25.09695022532666,5.181748006701213,12.370955189125857,-8.835662984639104,-9.999979511121636e-09,51.630002944097214,3.7516666766666673,41.886401878296326,screened_water_cap_0.00,conservative_site_selection,hub_policy_compliant,tight,uniform_google_ai_2024,portfolio_mean,central,gentd26_hourly_service_demand.csv,gentd26_aligned_regional_hourly_cef.csv,capacity_scenarios.csv,energy_calibration_bounds.csv,trace_timestamp_anonymized,single_row_default,0.5,35.0,carbon,211.9472222222222,208.1955555355556,3.751666686666668,0.9822990523426957,0.4952581974688041,55.91956311375206,68.51472279064208,47.06814988499754,64.30749758081487,0.0,0.0,0.0,,,3.7516666766666673,True,True,0,422,0.0,0.0,0.0,0.0,1.00000003833145e-08,0.0,3,0.0,539,3,0.0,0.0,105.08499998,0.0,0.0,103.11055555555556
scenario_coarse,0.0,0.0,9.765751389221196,0.0,9.765751389221196,2.4656895813515405,4.921340099947824,-5.017464221879209e-09,-1.0000007932831068e-08,52.56768479821294,1e-08,50.10199521422384,screened_water_cap_0.00,conservative_site_selection,hub_policy_compliant,central,uniform_google_ai_2024,portfolio_mean,central,gentd26_hourly_service_demand.csv,gentd26_aligned_regional_hourly_cef.csv,capacity_scenarios.csv,energy_calibration_bounds.csv,trace_timestamp_anonymized,single_row_default,0.15,15.0,carbon,211.9472222222222,211.94722220222212,2e-08,0.9999999999056368,0.0,56.92722900944693,71.15903626180867,52.567684795575374,65.46631336086396,0.0,0.0,0.0,,,1e-08,True,True,0,0,0.0,0.0,0.0,0.0,1e-08,0.4919444444444445,0,0.0,184,1,0.0,0.0,211.94722220222224,0.0,0.0,0.0
scenario_coarse,0.0,0.0,7.496240799820507,0.0,7.496240799820507,1.5512630671657135,3.124202832922718,-2.5934895357520915,-9.999979511121636e-09,52.56768479821294,1e-08,49.653084326618426,screened_water_cap_0.00,conservative_site_selection,hub_policy_compliant,central,uniform_google_ai_2024,portfolio_mean,central,gentd26_hourly_service_demand.csv,gentd26_aligned_regional_hourly_cef.csv,capacity_scenarios.csv,energy_calibration_bounds.csv,trace_timestamp_anonymized,single_row_default,0.15,20.0,carbon,211.9472222222222,211.9472222022222,2e-08,0.9999999999056368,0.1465565326936109,56.92722900944693,70.7418833968347,51.20434739378414,65.46631336086396,0.0,0.0,0.0,,,1e-08,True,True,0,0,4.440892098500626e-16,0.0,0.0,0.0,1e-08,1.018152777777778,0,0.0,542,3,0.0,0.0,180.8849722022223,0.0,0.0,31.06225000000001
scenario_coarse,0.0,0.0,7.496240799820507,0.0,7.496240799820507,1.5512630671657135,3.124202832922718,-2.5934895357520915,-9.999979511121636e-09,52.56768479821294,1e-08,49.653084326618426,screened_water_cap_0.00,conservative_site_selection,hub_policy_compliant,central,uniform_google_ai_2024,portfolio_mean,central,gentd26_hourly_service_demand.csv,gentd26_aligned_regional_hourly_cef.csv,capacity_scenarios.csv,energy_calibration_bounds.csv,trace_timestamp_anonymized,single_row_default,0.15,35.0,carbon,211.9472222222222,211.9472222022222,2e-08,0.9999999999056368,0.1465565326936109,56.92722900944693,70.7418833968347,51.20434739378414,65.46631336086396,0.0,0.0,0.0,,,1e-08,True,True,0,0,4.440892098500626e-16,0.0,0.0,0.0,1e-08,1.018152777777778,0,0.0,542,3,0.0,0.0,180.8849722022223,0.0,0.0,31.06225000000001
scenario_coarse,0.0,0.0,19.531502778442395,0.0,19.531502778442395,4.931379162703081,10.352144435189148,-5.017464221879209e-09,-1.0000007932831068e-08,52.56768479821294,1e-08,47.63630563287229,screened_water_cap_0.00,conservative_site_selection,hub_policy_compliant,central,uniform_google_ai_2024,portfolio_mean,central,gentd26_hourly_service_demand.csv,gentd26_aligned_regional_hourly_cef.csv,capacity_scenarios.csv,energy_calibration_bounds.csv,trace_timestamp_anonymized,single_row_default,0.3,15.0,carbon,211.9472222222222,211.94722220222212,2e-08,0.9999999999056368,0.0,56.92722900944693,71.15903626180867,52.567684795575374,65.46631336086396,0.0,0.0,0.0,,,1e-08,True,True,0,0,0.0,0.0,0.0,0.0,1e-08,0.4919444444444445,0,0.0,184,1,0.0,0.0,211.94722220222224,0.0,0.0,0.0
scenario_coarse,0.0,0.0,14.992481599641014,0.0,14.992481599641014,3.102526134331427,6.638054721201336,-5.18697906648673,-9.999979511121636e-09,52.56768479821294,1e-08,46.73848385766148,screened_water_cap_0.00,conservative_site_selection,hub_policy_compliant,central,uniform_google_ai_2024,portfolio_mean,central,gentd26_hourly_service_demand.csv,gentd26_aligned_regional_hourly_cef.csv,capacity_scenarios.csv,energy_calibration_bounds.csv,trace_timestamp_anonymized,single_row_default,0.3,20.0,carbon,211.9472222222222,211.9472222022222,2e-08,0.9999999999056368,0.2931130653872218,56.92722900944693,70.3247305318607,49.841009991992905,65.46631336086396,0.0,0.0,0.0,,,1e-08,True,True,0,0,4.440892098500626e-16,0.0,0.0,0.0,1e-08,0.9475833333333334,0,0.0,542,3,0.0,0.0,149.82272220222217,0.0,0.0,62.12450000000002
scenario_coarse,0.0,0.0,14.992481599641014,0.0,14.992481599641014,3.102526134331427,6.638054721201336,-5.18697906648673,-9.999979511121636e-09,52.56768479821294,1e-08,46.73848385766148,screened_water_cap_0.00,conservative_site_selection,hub_policy_compliant,central,uniform_google_ai_2024,portfolio_mean,central,gentd26_hourly_service_demand.csv,gentd26_aligned_regional_hourly_cef.csv,capacity_scenarios.csv,energy_calibration_bounds.csv,trace_timestamp_anonymized,single_row_default,0.3,35.0,carbon,211.9472222222222,211.9472222022222,2e-08,0.9999999999056368,0.2931130653872218,56.92722900944693,70.3247305318607,49.841009991992905,65.46631336086396,0.0,0.0,0.0,,,1e-08,True,True,0,0,4.440892098500626e-16,0.0,0.0,0.0,1e-08,0.9475833333333334,0,0.0,542,3,0.0,0.0,149.82272220222217,0.0,0.0,62.12450000000002
scenario_coarse,0.0,0.0,32.55250463073733,0.0,32.55250463073733,8.218965271171797,18.532587545507795,-5.017464221879209e-09,-1.0000007932831068e-08,52.56768479821294,1e-08,44.34871952440358,screened_water_cap_0.00,conservative_site_selection,hub_policy_compliant,central,uniform_google_ai_2024,portfolio_mean,central,gentd26_hourly_service_demand.csv,gentd26_aligned_regional_hourly_cef.csv,capacity_scenarios.csv,energy_calibration_bounds.csv,trace_timestamp_anonymized,single_row_default,0.5,15.0,carbon,211.9472222222222,211.94722220222212,2e-08,0.9999999999056368,0.0,56.92722900944693,71.15903626180867,52.567684795575374,65.46631336086396,0.0,0.0,0.0,,,1e-08,True,True,0,0,0.0,0.0,0.0,0.0,1e-08,0.4919444444444445,0,0.0,184,1,0.0,0.0,211.94722220222224,0.0,0.0,0.0
scenario_coarse,0.0,0.0,24.98746933273502,0.0,24.98746933273502,5.170876890552371,12.066728902226998,-8.644965107466273,-9.999979511121636e-09,52.56768479821294,1e-08,42.85234989905221,screened_water_cap_0.00,conservative_site_selection,hub_policy_compliant,central,uniform_google_ai_2024,portfolio_mean,central,gentd26_hourly_service_demand.csv,gentd26_aligned_regional_hourly_cef.csv,capacity_scenarios.csv,energy_calibration_bounds.csv,trace_timestamp_anonymized,single_row_default,0.5,20.0,carbon,211.9472222222222,211.9472222022222,2e-08,0.9999999999056368,0.4885217756453697,56.92722900944693,69.76852671189539,48.02322678960458,65.46631336086396,0.0,0.0,0.0,,,1e-08,True,True,0,0,0.0,0.0,0.0,0.0,1e-08,0.2459722222222222,0,0.0,542,3,0.0,0.0,108.40638886888888,0.0,0.0,103.54083333333332
scenario_coarse,0.0,0.0,24.98746933273502,0.0,24.98746933273502,5.170876890552371,12.066728902226998,-8.644965107466273,-9.999979511121636e-09,52.56768479821294,1e-08,42.85234989905221,screened_water_cap_0.00,conservative_site_selection,hub_policy_compliant,central,uniform_google_ai_2024,portfolio_mean,central,gentd26_hourly_service_demand.csv,gentd26_aligned_regional_hourly_cef.csv,capacity_scenarios.csv,energy_calibration_bounds.csv,trace_timestamp_anonymized,single_row_default,0.5,35.0,carbon,211.9472222222222,211.9472222022222,2e-08,0.9999999999056368,0.4885217756453697,56.92722900944693,69.76852671189539,48.02322678960458,65.46631336086396,0.0,0.0,0.0,,,1e-08,True,True,0,0,0.0,0.0,0.0,0.0,1e-08,0.2459722222222222,0,0.0,542,3,0.0,0.0,108.40638886888888,0.0,0.0,103.54083333333332
scenario_coarse,0.0,0.0,9.765751389221196,0.0,9.765751389221196,2.4656895813515405,4.921340099947824,-5.017464221879209e-09,-1.0000007932831068e-08,52.56768479821294,1e-08,50.10199521422384,screened_water_cap_0.00,conservative_site_selection,hub_policy_compliant,ample,uniform_google_ai_2024,portfolio_mean,central,gentd26_hourly_service_demand.csv,gentd26_aligned_regional_hourly_cef.csv,capacity_scenarios.csv,energy_calibration_bounds.csv,trace_timestamp_anonymized,single_row_default,0.15,15.0,carbon,211.9472222222222,211.94722220222212,2e-08,0.9999999999056368,0.0,56.92722900944693,71.15903626180867,52.567684795575374,65.46631336086396,0.0,0.0,0.0,,,1e-08,True,True,0,0,0.0,0.0,0.0,0.0,1e-08,1.4919444444444443,0,0.0,184,1,0.0,0.0,211.94722220222224,0.0,0.0,0.0
scenario_coarse,0.0,0.0,7.496240799820507,0.0,7.496240799820507,1.5512630671657135,3.124202832922718,-2.5934895357520915,-9.999979511121636e-09,52.56768479821294,1e-08,49.653084326618426,screened_water_cap_0.00,conservative_site_selection,hub_policy_compliant,ample,uniform_google_ai_2024,portfolio_mean,central,gentd26_hourly_service_demand.csv,gentd26_aligned_regional_hourly_cef.csv,capacity_scenarios.csv,energy_calibration_bounds.csv,trace_timestamp_anonymized,single_row_default,0.15,20.0,carbon,211.9472222222222,211.9472222022222,2e-08,0.9999999999056368,0.1465565326936109,56.92722900944693,70.7418833968347,51.20434739378414,65.46631336086396,0.0,0.0,0.0,,,1e-08,True,True,0,0,4.440892098500626e-16,0.0,0.0,0.0,1e-08,2.018152777777778,0,0.0,542,3,0.0,0.0,180.8849722022223,0.0,0.0,31.06225000000001
scenario_coarse,0.0,0.0,7.496240799820507,0.0,7.496240799820507,1.5512630671657135,3.124202832922718,-2.5934895357520915,-9.999979511121636e-09,52.56768479821294,1e-08,49.653084326618426,screened_water_cap_0.00,conservative_site_selection,hub_policy_compliant,ample,uniform_google_ai_2024,portfolio_mean,central,gentd26_hourly_service_demand.csv,gentd26_aligned_regional_hourly_cef.csv,capacity_scenarios.csv,energy_calibration_bounds.csv,trace_timestamp_anonymized,single_row_default,0.15,35.0,carbon,211.9472222222222,211.9472222022222,2e-08,0.9999999999056368,0.1465565326936109,56.92722900944693,70.7418833968347,51.20434739378414,65.46631336086396,0.0,0.0,0.0,,,1e-08,True,True,0,0,4.440892098500626e-16,0.0,0.0,0.0,1e-08,2.018152777777778,0,0.0,542,3,0.0,0.0,180.8849722022223,0.0,0.0,31.06225000000001
scenario_coarse,0.0,0.0,19.531502778442395,0.0,19.531502778442395,4.931379162703081,10.352144435189148,-5.017464221879209e-09,-1.0000007932831068e-08,52.56768479821294,1e-08,47.63630563287229,screened_water_cap_0.00,conservative_site_selection,hub_policy_compliant,ample,uniform_google_ai_2024,portfolio_mean,central,gentd26_hourly_service_demand.csv,gentd26_aligned_regional_hourly_cef.csv,capacity_scenarios.csv,energy_calibration_bounds.csv,trace_timestamp_anonymized,single_row_default,0.3,15.0,carbon,211.9472222222222,211.94722220222212,2e-08,0.9999999999056368,0.0,56.92722900944693,71.15903626180867,52.567684795575374,65.46631336086396,0.0,0.0,0.0,,,1e-08,True,True,0,0,0.0,0.0,0.0,0.0,1e-08,1.4919444444444443,0,0.0,184,1,0.0,0.0,211.94722220222224,0.0,0.0,0.0
scenario_coarse,0.0,0.0,14.992481599641014,0.0,14.992481599641014,3.102526134331427,6.638054721201336,-5.18697906648673,-9.999979511121636e-09,52.56768479821294,1e-08,46.73848385766148,screened_water_cap_0.00,conservative_site_selection,hub_policy_compliant,ample,uniform_google_ai_2024,portfolio_mean,central,gentd26_hourly_service_demand.csv,gentd26_aligned_regional_hourly_cef.csv,capacity_scenarios.csv,energy_calibration_bounds.csv,trace_timestamp_anonymized,single_row_default,0.3,20.0,carbon,211.9472222222222,211.9472222022222,2e-08,0.9999999999056368,0.2931130653872218,56.92722900944693,70.3247305318607,49.841009991992905,65.46631336086396,0.0,0.0,0.0,,,1e-08,True,True,0,0,4.440892098500626e-16,0.0,0.0,0.0,1e-08,1.9475833333333328,0,0.0,542,3,0.0,0.0,149.82272220222217,0.0,0.0,62.12450000000002
scenario_coarse,0.0,0.0,14.992481599641014,0.0,14.992481599641014,3.102526134331427,6.638054721201336,-5.18697906648673,-9.999979511121636e-09,52.56768479821294,1e-08,46.73848385766148,screened_water_cap_0.00,conservative_site_selection,hub_policy_compliant,ample,uniform_google_ai_2024,portfolio_mean,central,gentd26_hourly_service_demand.csv,gentd26_aligned_regional_hourly_cef.csv,capacity_scenarios.csv,energy_calibration_bounds.csv,trace_timestamp_anonymized,single_row_default,0.3,35.0,carbon,211.9472222222222,211.9472222022222,2e-08,0.9999999999056368,0.2931130653872218,56.92722900944693,70.3247305318607,49.841009991992905,65.46631336086396,0.0,0.0,0.0,,,1e-08,True,True,0,0,4.440892098500626e-16,0.0,0.0,0.0,1e-08,1.9475833333333328,0,0.0,542,3,0.0,0.0,149.82272220222217,0.0,0.0,62.12450000000002
scenario_coarse,0.0,0.0,32.55250463073733,0.0,32.55250463073733,8.218965271171797,18.532587545507795,-5.017464221879209e-09,-1.0000007932831068e-08,52.56768479821294,1e-08,44.34871952440358,screened_water_cap_0.00,conservative_site_selection,hub_policy_compliant,ample,uniform_google_ai_2024,portfolio_mean,central,gentd26_hourly_service_demand.csv,gentd26_aligned_regional_hourly_cef.csv,capacity_scenarios.csv,energy_calibration_bounds.csv,trace_timestamp_anonymized,single_row_default,0.5,15.0,carbon,211.9472222222222,211.94722220222212,2e-08,0.9999999999056368,0.0,56.92722900944693,71.15903626180867,52.567684795575374,65.46631336086396,0.0,0.0,0.0,,,1e-08,True,True,0,0,0.0,0.0,0.0,0.0,1e-08,1.4919444444444443,0,0.0,184,1,0.0,0.0,211.94722220222224,0.0,0.0,0.0
scenario_coarse,0.0,0.0,24.98746933273502,0.0,24.98746933273502,5.170876890552371,12.066728902226998,-8.644965107466273,-9.999979511121636e-09,52.56768479821294,1e-08,42.85234989905221,screened_water_cap_0.00,conservative_site_selection,hub_policy_compliant,ample,uniform_google_ai_2024,portfolio_mean,central,gentd26_hourly_service_demand.csv,gentd26_aligned_regional_hourly_cef.csv,capacity_scenarios.csv,energy_calibration_bounds.csv,trace_timestamp_anonymized,single_row_default,0.5,20.0,carbon,211.9472222222222,211.9472222022222,2e-08,0.9999999999056368,0.4885217756453697,56.92722900944693,69.76852671189539,48.02322678960458,65.46631336086396,0.0,0.0,0.0,,,1e-08,True,True,0,0,0.0,0.0,0.0,0.0,1e-08,1.2459722222222225,0,0.0,542,3,0.0,0.0,108.40638886888888,0.0,0.0,103.54083333333332
scenario_coarse,0.0,0.0,24.98746933273502,0.0,24.98746933273502,5.170876890552371,12.066728902226998,-8.644965107466273,-9.999979511121636e-09,52.56768479821294,1e-08,42.85234989905221,screened_water_cap_0.00,conservative_site_selection,hub_policy_compliant,ample,uniform_google_ai_2024,portfolio_mean,central,gentd26_hourly_service_demand.csv,gentd26_aligned_regional_hourly_cef.csv,capacity_scenarios.csv,energy_calibration_bounds.csv,trace_timestamp_anonymized,single_row_default,0.5,35.0,carbon,211.9472222222222,211.9472222022222,2e-08,0.9999999999056368,0.4885217756453697,56.92722900944693,69.76852671189539,48.02322678960458,65.46631336086396,0.0,0.0,0.0,,,1e-08,True,True,0,0,0.0,0.0,0.0,0.0,1e-08,1.2459722222222225,0,0.0,542,3,0.0,0.0,108.40638886888888,0.0,0.0,103.54083333333332
scenario_coarse,0.0,0.0,6.252791828194298,0.0,6.252791828194298,0.7367483429033683,1.996463667427628,-5.4523829895458675e-09,-9.999979511121636e-09,37.63941554213224,3.7516666766666673,36.90266719717663,screened_water_cap_0.00,equal_site_portfolio,hub_policy_compliant,tight,uniform_google_ai_2024,portfolio_mean,central,gentd26_hourly_service_demand.csv,gentd26_aligned_regional_hourly_cef.csv,capacity_scenarios.csv,energy_calibration_bounds.csv,trace_timestamp_anonymized,single_row_default,0.15,15.0,carbon,211.9472222222222,208.1955555355556,3.7516666866666672,0.9822990523426954,0.0,55.91956311375206,69.8994538921901,37.63941554008,64.30749758081487,0.0,0.0,0.8814722222222227,,,3.7516666766666673,True,True,0,0,0.0,0.0,0.0,0.0,9.99999993922529e-09,0.0,11,0.0,184,1,0.0,0.0,208.1955555355556,0.0,0.0,0.0
scenario_coarse,0.0,0.0,1.212522335470522,0.0,1.212522335470522,0.0291127045906307,0.0830135390016861,-6.749509016567579,-9.999979511121636e-09,37.63941554213224,3.7516666766666673,35.069827091742056,screened_water_cap_0.00,equal_site_portfolio,hub_policy_compliant,tight,uniform_google_ai_2024,portfolio_mean,central,gentd26_hourly_service_demand.csv,gentd26_aligned_regional_hourly_cef.csv,capacity_scenarios.csv,energy_calibration_bounds.csv,trace_timestamp_anonymized,single_row_default,0.15,20.0,carbon,211.9472222222222,208.1955555355556,3.751666686666668,0.9822990523426954,0.1527029875904526,55.91956311375208,69.47249967457894,35.09893979633269,64.30749758081487,0.0,0.0,0.8814722222222227,,,3.7516666766666673,True,True,0,395,4.440892098500626e-16,0.0,0.0,0.0,1.00000003833145e-08,0.0,3,0.0,554,3,0.0,0.0,176.40347220222225,0.0,0.0,31.79208333333335
scenario_coarse,0.0,0.0,1.212522335470522,0.0,1.212522335470522,0.0291127045906307,0.0830135390016861,-6.749509016567579,-9.999979511121636e-09,37.63941554213224,3.7516666766666673,35.069827091742056,screened_water_cap_0.00,equal_site_portfolio,hub_policy_compliant,tight,uniform_google_ai_2024,portfolio_mean,central,gentd26_hourly_service_demand.csv,gentd26_aligned_regional_hourly_cef.csv,capacity_scenarios.csv,energy_calibration_bounds.csv,trace_timestamp_anonymized,single_row_default,0.15,35.0,carbon,211.9472222222222,208.1955555355556,3.751666686666668,0.9822990523426954,0.1527029875904526,55.91956311375208,69.47249967457894,35.09893979633269,64.30749758081487,0.0,0.0,0.8814722222222227,,,3.7516666766666673,True,True,0,395,4.440892098500626e-16,0.0,0.0,0.0,1.00000003833145e-08,0.0,3,0.0,554,3,0.0,0.0,176.40347220222225,0.0,0.0,31.79208333333335
scenario_coarse,0.0,0.0,12.505583656388596,0.0,12.505583656388596,1.4585231764122284,4.031197356195815,-5.4523829895458675e-09,-9.999979511121636e-09,37.63941554213224,3.7516666766666673,36.180892363667766,screened_water_cap_0.00,equal_site_portfolio,hub_policy_compliant,tight,uniform_google_ai_2024,portfolio_mean,central,gentd26_hourly_service_demand.csv,gentd26_aligned_regional_hourly_cef.csv,capacity_scenarios.csv,energy_calibration_bounds.csv,trace_timestamp_anonymized,single_row_default,0.3,15.0,carbon,211.9472222222222,208.1955555355556,3.7516666866666672,0.9822990523426954,0.0,55.91956311375206,69.8994538921901,37.63941554008,64.30749758081487,0.0,0.0,0.0,,,3.7516666766666673,True,True,0,0,0.0,0.0,0.0,0.0,9.99999993922529e-09,0.0,11,0.0,184,1,0.0,0.0,208.1955555355556,0.0,0.0,0.0
scenario_coarse,0.0,0.0,2.4250446709410443,0.0,2.4250446709410443,0.0582254091812544,0.1790094592698077,-13.429399391373032,-9.999951089412208e-09,37.63941554213224,3.7516666766666673,32.526442691219515,screened_water_cap_0.00,equal_site_portfolio,hub_policy_compliant,tight,uniform_google_ai_2024,portfolio_mean,central,gentd26_hourly_service_demand.csv,gentd26_aligned_regional_hourly_cef.csv,capacity_scenarios.csv,energy_calibration_bounds.csv,trace_timestamp_anonymized,single_row_default,0.3,20.0,carbon,211.9472222222222,208.1955555355556,3.751666686666668,0.9822990523426957,0.3054059751809052,55.91956311375207,69.0455454569678,32.58466810040077,64.30749758081487,0.0,0.0,0.0,,,3.7516666766666673,True,True,0,407,4.440892098500626e-16,0.0,0.0,0.0,1.00000003833145e-08,0.0443611111111108,0,0.0,554,3,0.0,0.0,144.61138886888887,0.0,0.0,63.5841666666667
scenario_coarse,0.0,0.0,2.4250446709410443,0.0,2.4250446709410443,0.0582254091812544,0.1790094592698077,-13.429399391373032,-9.999951089412208e-09,37.63941554213224,3.7516666766666673,32.526442691219515,screened_water_cap_0.00,equal_site_portfolio,hub_policy_compliant,tight,uniform_google_ai_2024,portfolio_mean,central,gentd26_hourly_service_demand.csv,gentd26_aligned_regional_hourly_cef.csv,capacity_scenarios.csv,energy_calibration_bounds.csv,trace_timestamp_anonymized,single_row_default,0.3,35.0,carbon,211.9472222222222,208.1955555355556,3.751666686666668,0.9822990523426957,0.3054059751809052,55.91956311375207,69.0455454569678,32.58466810040077,64.30749758081487,0.0,0.0,0.0,,,3.7516666766666673,True,True,0,407,4.440892098500626e-16,0.0,0.0,0.0,1.00000003833145e-08,0.0443611111111108,0,0.0,554,3,0.0,0.0,144.61138886888887,0.0,0.0,63.5841666666667
scenario_coarse,0.0,0.0,20.81921600750436,0.0,20.81921600750436,2.416644067076092,6.86102758531737,-5.4523829895458675e-09,-9.999979511121636e-09,37.63941554213224,3.7516666766666673,35.2227714730039,screened_water_cap_0.00,equal_site_portfolio,hub_policy_compliant,tight,uniform_google_ai_2024,portfolio_mean,central,gentd26_hourly_service_demand.csv,gentd26_aligned_regional_hourly_cef.csv,capacity_scenarios.csv,energy_calibration_bounds.csv,trace_timestamp_anonymized,single_row_default,0.5,15.0,carbon,211.9472222222222,208.1955555355556,3.7516666866666672,0.9822990523426954,0.0,55.91956311375206,69.8994538921901,37.63941554008,64.30749758081487,0.0,0.0,0.0,,,3.7516666766666673,True,True,0,0,0.0,0.0,0.0,0.0,9.99999993922529e-09,0.0,11,0.0,184,1,0.0,0.0,208.1955555355556,0.0,0.0,0.0
scenario_coarse,0.0,0.0,4.174645430636677,0.0,4.174645430636677,0.1034418395158383,0.3544482670290616,-22.189692048529263,-9.999979511121636e-09,37.63941554213224,3.7516666766666673,29.183903304951,screened_water_cap_0.00,equal_site_portfolio,hub_policy_compliant,tight,uniform_google_ai_2024,portfolio_mean,central,gentd26_hourly_service_demand.csv,gentd26_aligned_regional_hourly_cef.csv,capacity_scenarios.csv,energy_calibration_bounds.csv,trace_timestamp_anonymized,single_row_default,0.5,20.0,carbon,211.9472222222222,208.1955555355556,3.751666686666667,0.9822990523426954,0.5069432585236369,55.91956311375207,68.4820516151849,29.28734514446684,64.30749758081487,0.0,0.0,0.0,,,3.7516666766666673,True,True,0,420,0.0,0.0,0.0,0.0,9.99999949513608e-09,0.0,3,0.0,551,3,0.0,0.0,102.65222220222223,0.0,0.0,105.54333333333334
scenario_coarse,0.0,0.0,4.174645430636677,0.0,4.174645430636677,0.1034418395158383,0.3544482670290616,-22.189692048529263,-9.999979511121636e-09,37.63941554213224,3.7516666766666673,29.183903304951,screened_water_cap_0.00,equal_site_portfolio,hub_policy_compliant,tight,uniform_google_ai_2024,portfolio_mean,central,gentd26_hourly_service_demand.csv,gentd26_aligned_regional_hourly_cef.csv,capacity_scenarios.csv,energy_calibration_bounds.csv,trace_timestamp_anonymized,single_row_default,0.5,35.0,carbon,211.9472222222222,208.1955555355556,3.751666686666667,0.9822990523426954,0.5069432585236369,55.91956311375207,68.4820516151849,29.28734514446684,64.30749758081487,0.0,0.0,0.0,,,3.7516666766666673,True,True,0,420,0.0,0.0,0.0,0.0,9.99999949513608e-09,0.0,3,0.0,551,3,0.0,0.0,102.65222220222223,0.0,0.0,105.54333333333334
scenario_coarse,0.0,0.0,6.252791828194298,0.0,6.252791828194298,0.7192357590726246,1.9110935814387944,-5.350819787253158e-09,-1.0000007932831068e-08,38.354010220005065,1e-08,37.63477445888019,screened_water_cap_0.00,equal_site_portfolio,hub_policy_compliant,central,uniform_google_ai_2024,portfolio_mean,central,gentd26_hourly_service_demand.csv,gentd26_aligned_regional_hourly_cef.csv,capacity_scenarios.csv,energy_calibration_bounds.csv,trace_timestamp_anonymized,single_row_default,0.15,15.0,carbon,211.9472222222222,211.94722220222212,2e-08,0.9999999999056368,0.0,56.92722900944693,71.15903626180867,38.35401021795281,65.46631336086396,0.0,0.0,0.0,,,1e-08,True,True,0,0,0.0,0.0,0.0,0.0,1e-08,0.4919444444444445,0,0.0,184,1,0.0,0.0,211.94722220222224,0.0,0.0,0.0
scenario_coarse,0.0,0.0,1.212522335470522,0.0,1.212522335470522,0.0291127045906165,0.0812842793089796,-6.541655409384783,-9.999979511121636e-09,38.354010220005065,1e-08,35.815910331141495,screened_water_cap_0.00,equal_site_portfolio,hub_policy_compliant,central,uniform_google_ai_2024,portfolio_mean,central,gentd26_hourly_service_demand.csv,gentd26_aligned_regional_hourly_cef.csv,capacity_scenarios.csv,energy_calibration_bounds.csv,trace_timestamp_anonymized,single_row_default,0.15,20.0,carbon,211.9472222222222,211.9472222022222,2e-08,0.9999999999056368,0.1500000000141544,56.92722900944694,70.73208204419753,35.84502303573211,65.46631336086396,0.0,0.0,0.0,,,1e-08,True,True,0,0,4.440892098500626e-16,0.0,0.0,0.0,1e-08,1.018152777777778,0,0.0,554,3,0.0,0.0,180.1551388688889,0.0,0.0,31.79208333333335
scenario_coarse,0.0,0.0,1.212522335470522,0.0,1.212522335470522,0.0291127045906165,0.0812842793089796,-6.541655409384783,-9.999979511121636e-09,38.354010220005065,1e-08,35.815910331141495,screened_water_cap_0.00,equal_site_portfolio,hub_policy_compliant,central,uniform_google_ai_2024,portfolio_mean,central,gentd26_hourly_service_demand.csv,gentd26_aligned_regional_hourly_cef.csv,capacity_scenarios.csv,energy_calibration_bounds.csv,trace_timestamp_anonymized,single_row_default,0.15,35.0,carbon,211.9472222222222,211.9472222022222,2e-08,0.9999999999056368,0.1500000000141544,56.92722900944694,70.73208204419753,35.84502303573211,65.46631336086396,0.0,0.0,0.0,,,1e-08,True,True,0,0,4.440892098500626e-16,0.0,0.0,0.0,1e-08,1.018152777777778,0,0.0,554,3,0.0,0.0,180.1551388688889,0.0,0.0,31.79208333333335
scenario_coarse,0.0,0.0,12.505583656388596,0.0,12.505583656388596,1.4384715181452492,3.8966559037447945,-5.350819787253158e-09,-1.0000007932831068e-08,38.354010220005065,1e-08,36.91553869980756,screened_water_cap_0.00,equal_site_portfolio,hub_policy_compliant,central,uniform_google_ai_2024,portfolio_mean,central,gentd26_hourly_service_demand.csv,gentd26_aligned_regional_hourly_cef.csv,capacity_scenarios.csv,energy_calibration_bounds.csv,trace_timestamp_anonymized,single_row_default,0.3,15.0,carbon,211.9472222222222,211.94722220222212,2e-08,0.9999999999056368,0.0,56.92722900944693,71.15903626180867,38.35401021795281,65.46631336086396,0.0,0.0,0.0,,,1e-08,True,True,0,0,0.0,0.0,0.0,0.0,1e-08,0.4919444444444445,0,0.0,184,1,0.0,0.0,211.94722220222224,0.0,0.0,0.0
scenario_coarse,0.0,0.0,2.4250446709410443,0.0,2.4250446709410443,0.0582254091812473,0.1749676688574508,-13.083310813418723,-1.0000007932831068e-08,38.354010220005065,1e-08,33.27781044433017,screened_water_cap_0.00,equal_site_portfolio,hub_policy_compliant,central,uniform_google_ai_2024,portfolio_mean,central,gentd26_hourly_service_demand.csv,gentd26_aligned_regional_hourly_cef.csv,capacity_scenarios.csv,energy_calibration_bounds.csv,trace_timestamp_anonymized,single_row_default,0.3,20.0,carbon,211.9472222222222,211.94722220222212,2e-08,0.9999999999056368,0.3000000000283089,56.92722900944693,70.30512782658639,33.33603585351142,65.46631336086396,0.0,0.0,0.0,,,1e-08,True,True,0,0,4.440892098500626e-16,0.0,0.0,0.0,1e-08,0.9475833333333334,0,0.0,554,3,0.0,0.0,148.36305553555553,0.0,0.0,63.5841666666667
scenario_coarse,0.0,0.0,2.4250446709410443,0.0,2.4250446709410443,0.0582254091812473,0.1749676688574508,-13.083310813418723,-1.0000007932831068e-08,38.354010220005065,1e-08,33.27781044433017,screened_water_cap_0.00,equal_site_portfolio,hub_policy_compliant,central,uniform_google_ai_2024,portfolio_mean,central,gentd26_hourly_service_demand.csv,gentd26_aligned_regional_hourly_cef.csv,capacity_scenarios.csv,energy_calibration_bounds.csv,trace_timestamp_anonymized,single_row_default,0.3,35.0,carbon,211.9472222222222,211.94722220222212,2e-08,0.9999999999056368,0.3000000000283089,56.92722900944693,70.30512782658639,33.33603585351142,65.46631336086396,0.0,0.0,0.0,,,1e-08,True,True,0,0,4.440892098500626e-16,0.0,0.0,0.0,1e-08,0.9475833333333334,0,0.0,554,3,0.0,0.0,148.36305553555553,0.0,0.0,63.5841666666667
scenario_coarse,0.0,0.0,20.842639427314328,0.0,20.842639427314328,2.3974525302420844,6.667636404642496,-5.350819787253158e-09,-1.0000007932831068e-08,38.354010220005065,1e-08,35.95655768771073,screened_water_cap_0.00,equal_site_portfolio,hub_policy_compliant,central,uniform_google_ai_2024,portfolio_mean,central,gentd26_hourly_service_demand.csv,gentd26_aligned_regional_hourly_cef.csv,capacity_scenarios.csv,energy_calibration_bounds.csv,trace_timestamp_anonymized,single_row_default,0.5,15.0,carbon,211.9472222222222,211.94722220222212,2e-08,0.9999999999056368,0.0,56.92722900944693,71.15903626180867,38.35401021795281,65.46631336086396,0.0,0.0,0.0,,,1e-08,True,True,0,0,0.0,0.0,0.0,0.0,1e-08,0.4919444444444445,0,0.0,184,1,0.0,0.0,211.94722220222224,0.0,0.0,0.0
scenario_coarse,0.0,0.0,4.041741118235074,0.0,4.041741118235074,0.0970423486354228,0.3246249960658254,-21.805518018797333,-1.0000007932831068e-08,38.354010220005065,1e-08,29.893677261915062,screened_water_cap_0.00,equal_site_portfolio,hub_policy_compliant,central,uniform_google_ai_2024,portfolio_mean,central,gentd26_hourly_service_demand.csv,gentd26_aligned_regional_hourly_cef.csv,capacity_scenarios.csv,energy_calibration_bounds.csv,trace_timestamp_anonymized,single_row_default,0.5,20.0,carbon,211.9472222222222,211.94722220222212,2e-08,0.9999999999056368,0.5000000000471817,56.92722900944693,69.73585553643821,29.99071961055049,65.46631336086396,0.0,0.0,0.0,,,1e-08,True,True,0,0,0.0,0.0,0.0,0.0,1e-08,0.2459722222222222,0,0.0,554,3,0.0,0.0,105.97361109111112,0.0,0.0,105.97361111111113
scenario_coarse,0.0,0.0,4.041741118235074,0.0,4.041741118235074,0.0970423486354228,0.3246249960658254,-21.805518018797333,-1.0000007932831068e-08,38.354010220005065,1e-08,29.893677261915062,screened_water_cap_0.00,equal_site_portfolio,hub_policy_compliant,central,uniform_google_ai_2024,portfolio_mean,central,gentd26_hourly_service_demand.csv,gentd26_aligned_regional_hourly_cef.csv,capacity_scenarios.csv,energy_calibration_bounds.csv,trace_timestamp_anonymized,single_row_default,0.5,35.0,carbon,211.9472222222222,211.94722220222212,2e-08,0.9999999999056368,0.5000000000471817,56.92722900944693,69.73585553643821,29.99071961055049,65.46631336086396,0.0,0.0,0.0,,,1e-08,True,True,0,0,0.0,0.0,0.0,0.0,1e-08,0.2459722222222222,0,0.0,554,3,0.0,0.0,105.97361109111112,0.0,0.0,105.97361111111113
scenario_coarse,0.0,0.0,6.252791828194298,0.0,6.252791828194298,0.7192357590726246,1.9110935814387944,-5.350819787253158e-09,-1.0000007932831068e-08,38.354010220005065,1e-08,37.63477445888019,screened_water_cap_0.00,equal_site_portfolio,hub_policy_compliant,ample,uniform_google_ai_2024,portfolio_mean,central,gentd26_hourly_service_demand.csv,gentd26_aligned_regional_hourly_cef.csv,capacity_scenarios.csv,energy_calibration_bounds.csv,trace_timestamp_anonymized,single_row_default,0.15,15.0,carbon,211.9472222222222,211.94722220222212,2e-08,0.9999999999056368,0.0,56.92722900944693,71.15903626180867,38.35401021795281,65.46631336086396,0.0,0.0,0.0,,,1e-08,True,True,0,0,0.0,0.0,0.0,0.0,1e-08,1.4919444444444443,0,0.0,184,1,0.0,0.0,211.94722220222224,0.0,0.0,0.0
scenario_coarse,0.0,0.0,1.212522335470522,0.0,1.212522335470522,0.0291127045906165,0.0812842793089796,-6.541655409384783,-9.999979511121636e-09,38.354010220005065,1e-08,35.815910331141495,screened_water_cap_0.00,equal_site_portfolio,hub_policy_compliant,ample,uniform_google_ai_2024,portfolio_mean,central,gentd26_hourly_service_demand.csv,gentd26_aligned_regional_hourly_cef.csv,capacity_scenarios.csv,energy_calibration_bounds.csv,trace_timestamp_anonymized,single_row_default,0.15,20.0,carbon,211.9472222222222,211.9472222022222,2e-08,0.9999999999056368,0.1500000000141544,56.92722900944694,70.73208204419753,35.84502303573211,65.46631336086396,0.0,0.0,0.0,,,1e-08,True,True,0,0,4.440892098500626e-16,0.0,0.0,0.0,1e-08,2.018152777777778,0,0.0,554,3,0.0,0.0,180.1551388688889,0.0,0.0,31.79208333333335
scenario_coarse,0.0,0.0,1.212522335470522,0.0,1.212522335470522,0.0291127045906165,0.0812842793089796,-6.541655409384783,-9.999979511121636e-09,38.354010220005065,1e-08,35.815910331141495,screened_water_cap_0.00,equal_site_portfolio,hub_policy_compliant,ample,uniform_google_ai_2024,portfolio_mean,central,gentd26_hourly_service_demand.csv,gentd26_aligned_regional_hourly_cef.csv,capacity_scenarios.csv,energy_calibration_bounds.csv,trace_timestamp_anonymized,single_row_default,0.15,35.0,carbon,211.9472222222222,211.9472222022222,2e-08,0.9999999999056368,0.1500000000141544,56.92722900944694,70.73208204419753,35.84502303573211,65.46631336086396,0.0,0.0,0.0,,,1e-08,True,True,0,0,4.440892098500626e-16,0.0,0.0,0.0,1e-08,2.018152777777778,0,0.0,554,3,0.0,0.0,180.1551388688889,0.0,0.0,31.79208333333335
scenario_coarse,0.0,0.0,12.505583656388596,0.0,12.505583656388596,1.4384715181452492,3.8966559037447945,-5.350819787253158e-09,-1.0000007932831068e-08,38.354010220005065,1e-08,36.91553869980756,screened_water_cap_0.00,equal_site_portfolio,hub_policy_compliant,ample,uniform_google_ai_2024,portfolio_mean,central,gentd26_hourly_service_demand.csv,gentd26_aligned_regional_hourly_cef.csv,capacity_scenarios.csv,energy_calibration_bounds.csv,trace_timestamp_anonymized,single_row_default,0.3,15.0,carbon,211.9472222222222,211.94722220222212,2e-08,0.9999999999056368,0.0,56.92722900944693,71.15903626180867,38.35401021795281,65.46631336086396,0.0,0.0,0.0,,,1e-08,True,True,0,0,0.0,0.0,0.0,0.0,1e-08,1.4919444444444443,0,0.0,184,1,0.0,0.0,211.94722220222224,0.0,0.0,0.0
scenario_coarse,0.0,0.0,2.4250446709410443,0.0,2.4250446709410443,0.0582254091812473,0.1749676688574508,-13.083310813418723,-1.0000007932831068e-08,38.354010220005065,1e-08,33.27781044433017,screened_water_cap_0.00,equal_site_portfolio,hub_policy_compliant,ample,uniform_google_ai_2024,portfolio_mean,central,gentd26_hourly_service_demand.csv,gentd26_aligned_regional_hourly_cef.csv,capacity_scenarios.csv,energy_calibration_bounds.csv,trace_timestamp_anonymized,single_row_default,0.3,20.0,carbon,211.9472222222222,211.94722220222212,2e-08,0.9999999999056368,0.3000000000283089,56.92722900944693,70.30512782658639,33.33603585351142,65.46631336086396,0.0,0.0,0.0,,,1e-08,True,True,0,0,4.440892098500626e-16,0.0,0.0,0.0,1e-08,1.9475833333333328,0,0.0,554,3,0.0,0.0,148.36305553555553,0.0,0.0,63.5841666666667
scenario_coarse,0.0,0.0,2.4250446709410443,0.0,2.4250446709410443,0.0582254091812473,0.1749676688574508,-13.083310813418723,-1.0000007932831068e-08,38.354010220005065,1e-08,33.27781044433017,screened_water_cap_0.00,equal_site_portfolio,hub_policy_compliant,ample,uniform_google_ai_2024,portfolio_mean,central,gentd26_hourly_service_demand.csv,gentd26_aligned_regional_hourly_cef.csv,capacity_scenarios.csv,energy_calibration_bounds.csv,trace_timestamp_anonymized,single_row_default,0.3,35.0,carbon,211.9472222222222,211.94722220222212,2e-08,0.9999999999056368,0.3000000000283089,56.92722900944693,70.30512782658639,33.33603585351142,65.46631336086396,0.0,0.0,0.0,,,1e-08,True,True,0,0,4.440892098500626e-16,0.0,0.0,0.0,1e-08,1.9475833333333328,0,0.0,554,3,0.0,0.0,148.36305553555553,0.0,0.0,63.5841666666667
scenario_coarse,0.0,0.0,20.842639427314328,0.0,20.842639427314328,2.3974525302420844,6.667636404642496,-5.350819787253158e-09,-1.0000007932831068e-08,38.354010220005065,1e-08,35.95655768771073,screened_water_cap_0.00,equal_site_portfolio,hub_policy_compliant,ample,uniform_google_ai_2024,portfolio_mean,central,gentd26_hourly_service_demand.csv,gentd26_aligned_regional_hourly_cef.csv,capacity_scenarios.csv,energy_calibration_bounds.csv,trace_timestamp_anonymized,single_row_default,0.5,15.0,carbon,211.9472222222222,211.94722220222212,2e-08,0.9999999999056368,0.0,56.92722900944693,71.15903626180867,38.35401021795281,65.46631336086396,0.0,0.0,0.0,,,1e-08,True,True,0,0,0.0,0.0,0.0,0.0,1e-08,1.4919444444444443,0,0.0,184,1,0.0,0.0,211.94722220222224,0.0,0.0,0.0
scenario_coarse,0.0,0.0,4.041741118235074,0.0,4.041741118235074,0.0970423486354228,0.3246249960658254,-21.805518018797333,-1.0000007932831068e-08,38.354010220005065,1e-08,29.893677261915062,screened_water_cap_0.00,equal_site_portfolio,hub_policy_compliant,ample,uniform_google_ai_2024,portfolio_mean,central,gentd26_hourly_service_demand.csv,gentd26_aligned_regional_hourly_cef.csv,capacity_scenarios.csv,energy_calibration_bounds.csv,trace_timestamp_anonymized,single_row_default,0.5,20.0,carbon,211.9472222222222,211.94722220222212,2e-08,0.9999999999056368,0.5000000000471817,56.92722900944693,69.73585553643821,29.99071961055049,65.46631336086396,0.0,0.0,0.0,,,1e-08,True,True,0,0,0.0,0.0,0.0,0.0,1e-08,1.2459722222222225,0,0.0,554,3,0.0,0.0,105.97361109111112,0.0,0.0,105.97361111111113
scenario_coarse,0.0,0.0,4.041741118235074,0.0,4.041741118235074,0.0970423486354228,0.3246249960658254,-21.805518018797333,-1.0000007932831068e-08,38.354010220005065,1e-08,29.893677261915062,screened_water_cap_0.00,equal_site_portfolio,hub_policy_compliant,ample,uniform_google_ai_2024,portfolio_mean,central,gentd26_hourly_service_demand.csv,gentd26_aligned_regional_hourly_cef.csv,capacity_scenarios.csv,energy_calibration_bounds.csv,trace_timestamp_anonymized,single_row_default,0.5,35.0,carbon,211.9472222222222,211.94722220222212,2e-08,0.9999999999056368,0.5000000000471817,56.92722900944693,69.73585553643821,29.99071961055049,65.46631336086396,0.0,0.0,0.0,,,1e-08,True,True,0,0,0.0,0.0,0.0,0.0,1e-08,1.2459722222222225,0,0.0,554,3,0.0,0.0,105.97361109111112,0.0,0.0,105.97361111111113
scenario_coarse,0.0,0.0,1.6904759296917948,0.0,1.6904759296917948,0.1040403557514118,0.3974215732835962,-6.486666759286663e-09,-9.999979511121636e-09,26.28287984314544,3.7516666766666673,26.178839485689146,screened_water_cap_0.00,optimistic_site_selection,hub_policy_compliant,tight,uniform_google_ai_2024,portfolio_mean,central,gentd26_hourly_service_demand.csv,gentd26_aligned_regional_hourly_cef.csv,capacity_scenarios.csv,energy_calibration_bounds.csv,trace_timestamp_anonymized,single_row_default,0.15,15.0,carbon,211.9472222222222,208.1955555355556,3.7516666866666672,0.9822990523426954,0.0,55.91956311375206,69.8994538921901,26.28287984144056,64.30749758081487,0.0,0.0,0.8814722222222227,,,3.7516666766666673,True,True,0,0,0.0,0.0,0.0,0.0,9.99999993922529e-09,0.0,11,0.0,184,1,0.0,0.0,208.1955555355556,0.0,0.0,0.0
scenario_coarse,0.0,0.0,0.0,,0.0,0.0,0.0,-14.662687369448602,-9.999979511121636e-09,26.28287984314544,3.7516666766666673,22.4291033400572,screened_water_cap_0.00,optimistic_site_selection,hub_policy_compliant,tight,uniform_google_ai_2024,portfolio_mean,central,gentd26_hourly_service_demand.csv,gentd26_aligned_regional_hourly_cef.csv,capacity_scenarios.csv,energy_calibration_bounds.csv,trace_timestamp_anonymized,single_row_default,0.15,20.0,carbon,211.9472222222222,208.1955555355556,3.7516666866666672,0.9822990523426954,0.1527029875904526,55.91956311375208,69.47249967457896,22.4291033400572,64.30749758081487,0.0,0.0,0.8814722222222227,,,3.7516666766666673,True,True,0,400,4.440892098500626e-16,0.0,0.0,0.0,9.99999993922529e-09,0.0,3,0.0,554,3,0.0,0.0,176.40347220222225,0.0,0.0,31.79208333333335
scenario_coarse,0.0,0.0,0.0,,0.0,0.0,0.0,-14.662687369448602,-9.999979511121636e-09,26.28287984314544,3.7516666766666673,22.4291033400572,screened_water_cap_0.00,optimistic_site_selection,hub_policy_compliant,tight,uniform_google_ai_2024,portfolio_mean,central,gentd26_hourly_service_demand.csv,gentd26_aligned_regional_hourly_cef.csv,capacity_scenarios.csv,energy_calibration_bounds.csv,trace_timestamp_anonymized,single_row_default,0.15,35.0,carbon,211.9472222222222,208.1955555355556,3.7516666866666672,0.9822990523426954,0.1527029875904526,55.91956311375208,69.47249967457896,22.4291033400572,64.30749758081487,0.0,0.0,0.8814722222222227,,,3.7516666766666673,True,True,0,400,4.440892098500626e-16,0.0,0.0,0.0,9.99999993922529e-09,0.0,3,0.0,554,3,0.0,0.0,176.40347220222225,0.0,0.0,31.79208333333335
scenario_coarse,0.0,0.0,3.3603598419682346,0.0,3.3603598419682346,0.2079120658759592,0.7973626953847956,-6.486666759286663e-09,-9.999979511121636e-09,26.28287984314544,3.7516666766666673,26.074967775564595,screened_water_cap_0.00,optimistic_site_selection,hub_policy_compliant,tight,uniform_google_ai_2024,portfolio_mean,central,gentd26_hourly_service_demand.csv,gentd26_aligned_regional_hourly_cef.csv,capacity_scenarios.csv,energy_calibration_bounds.csv,trace_timestamp_anonymized,single_row_default,0.3,15.0,carbon,211.9472222222222,208.1955555355556,3.7516666866666672,0.9822990523426954,0.0,55.91956311375206,69.8994538921901,26.28287984144056,64.30749758081487,0.0,0.0,0.0,,,3.7516666766666673,True,True,0,0,0.0,0.0,0.0,0.0,9.99999993922529e-09,0.0,11,0.0,184,1,0.0,0.0,208.1955555355556,0.0,0.0,0.0
scenario_coarse,0.0,0.0,0.0,,0.0,0.0,0.0,-29.10365626978483,-9.999951089412208e-09,26.28287984314544,3.7516666766666673,18.63360083579583,screened_water_cap_0.00,optimistic_site_selection,hub_policy_compliant,tight,uniform_google_ai_2024,portfolio_mean,central,gentd26_hourly_service_demand.csv,gentd26_aligned_regional_hourly_cef.csv,capacity_scenarios.csv,energy_calibration_bounds.csv,trace_timestamp_anonymized,single_row_default,0.3,20.0,carbon,211.9472222222222,208.1955555355556,3.751666686666668,0.9822990523426957,0.3054059751809052,55.91956311375206,69.0455454569678,18.63360083579583,64.30749758081487,0.0,0.0,0.0,,,3.7516666766666673,True,True,0,433,4.440892098500626e-16,0.0,0.0,0.0,1.00000003833145e-08,0.0443611111111108,0,0.0,554,3,0.0,0.0,144.61138886888887,0.0,0.0,63.5841666666667
scenario_coarse,0.0,0.0,0.0,,0.0,0.0,0.0,-29.10365626978483,-9.999951089412208e-09,26.28287984314544,3.7516666766666673,18.63360083579583,screened_water_cap_0.00,optimistic_site_selection,hub_policy_compliant,tight,uniform_google_ai_2024,portfolio_mean,central,gentd26_hourly_service_demand.csv,gentd26_aligned_regional_hourly_cef.csv,capacity_scenarios.csv,energy_calibration_bounds.csv,trace_timestamp_anonymized,single_row_default,0.3,35.0,carbon,211.9472222222222,208.1955555355556,3.751666686666668,0.9822990523426957,0.3054059751809052,55.91956311375206,69.0455454569678,18.63360083579583,64.30749758081487,0.0,0.0,0.0,,,3.7516666766666673,True,True,0,433,4.440892098500626e-16,0.0,0.0,0.0,1.00000003833145e-08,0.0443611111111108,0,0.0,554,3,0.0,0.0,144.61138886888887,0.0,0.0,63.5841666666667
scenario_coarse,0.0,0.0,5.586871725003489,0.0,5.586871725003489,0.3464076793753605,1.3356006060146308,-6.486666759286663e-09,-9.999979511121636e-09,26.28287984314544,3.7516666766666673,25.9364721620652,screened_water_cap_0.00,optimistic_site_selection,hub_policy_compliant,tight,uniform_google_ai_2024,portfolio_mean,central,gentd26_hourly_service_demand.csv,gentd26_aligned_regional_hourly_cef.csv,capacity_scenarios.csv,energy_calibration_bounds.csv,trace_timestamp_anonymized,single_row_default,0.5,15.0,carbon,211.9472222222222,208.1955555355556,3.7516666866666672,0.9822990523426954,0.0,55.91956311375206,69.8994538921901,26.28287984144056,64.30749758081487,0.0,0.0,0.0,,,3.7516666766666673,True,True,0,0,0.0,0.0,0.0,0.0,9.99999993922529e-09,0.0,11,0.0,184,1,0.0,0.0,208.1955555355556,0.0,0.0,0.0
scenario_coarse,0.0,0.0,0.1094808925916371,0.0,0.1094808925916371,0.0097923205008214,0.0717588369386845,-48.04243236374308,-9.999979511121636e-09,26.28287984314544,3.7516666766666673,13.646152750757606,screened_water_cap_0.00,optimistic_site_selection,hub_policy_compliant,tight,uniform_google_ai_2024,portfolio_mean,central,gentd26_hourly_service_demand.csv,gentd26_aligned_regional_hourly_cef.csv,capacity_scenarios.csv,energy_calibration_bounds.csv,trace_timestamp_anonymized,single_row_default,0.5,20.0,carbon,211.9472222222222,208.1955555355556,3.7516666866666672,0.9822990523426954,0.5069432585236369,55.91956311375206,68.4820516151849,13.655945071258428,64.30749758081487,0.0,0.0,0.0,,,3.7516666766666673,True,True,0,451,0.0,0.0,0.0,0.0,9.99999993922529e-09,0.0,3,0.0,551,3,0.0,0.0,102.65222220222222,0.0,0.0,105.54333333333334
scenario_coarse,0.0,0.0,0.1094808925916371,0.0,0.1094808925916371,0.0097923205008214,0.0717588369386845,-48.04243236374308,-9.999979511121636e-09,26.28287984314544,3.7516666766666673,13.646152750757606,screened_water_cap_0.00,optimistic_site_selection,hub_policy_compliant,tight,uniform_google_ai_2024,portfolio_mean,central,gentd26_hourly_service_demand.csv,gentd26_aligned_regional_hourly_cef.csv,capacity_scenarios.csv,energy_calibration_bounds.csv,trace_timestamp_anonymized,single_row_default,0.5,35.0,carbon,211.9472222222222,208.1955555355556,3.7516666866666672,0.9822990523426954,0.5069432585236369,55.91956311375206,68.4820516151849,13.655945071258428,64.30749758081487,0.0,0.0,0.0,,,3.7516666766666673,True,True,0,451,0.0,0.0,0.0,0.0,9.99999993922529e-09,0.0,3,0.0,551,3,0.0,0.0,102.65222220222222,0.0,0.0,105.54333333333334
scenario_coarse,0.0,0.0,1.66988391227644,0.0,1.66988391227644,0.103871940945396,0.3891793458824288,-6.3629768121131755e-09,-1.0000007932831068e-08,26.793865140998378,1e-08,26.68999319834809,screened_water_cap_0.00,optimistic_site_selection,hub_policy_compliant,central,uniform_google_ai_2024,portfolio_mean,central,gentd26_hourly_service_demand.csv,gentd26_aligned_regional_hourly_cef.csv,capacity_scenarios.csv,energy_calibration_bounds.csv,trace_timestamp_anonymized,single_row_default,0.15,15.0,carbon,211.9472222222222,211.94722220222212,2e-08,0.9999999999056368,0.0,56.92722900944693,71.15903626180867,26.79386513929349,65.46631336086396,0.0,0.0,0.0,,,1e-08,True,True,0,0,0.0,0.0,0.0,0.0,1e-08,0.4919444444444445,0,0.0,184,1,0.0,0.0,211.94722220222224,0.0,0.0,0.0
scenario_coarse,0.0,0.0,0.0,,0.0,0.0,0.0,-14.097855736000476,-9.999979511121636e-09,26.793865140998378,1e-08,23.016504687321905,screened_water_cap_0.00,optimistic_site_selection,hub_policy_compliant,central,uniform_google_ai_2024,portfolio_mean,central,gentd26_hourly_service_demand.csv,gentd26_aligned_regional_hourly_cef.csv,capacity_scenarios.csv,energy_calibration_bounds.csv,trace_timestamp_anonymized,single_row_default,0.15,20.0,carbon,211.9472222222222,211.9472222022222,2e-08,0.9999999999056368,0.1500000000141544,56.92722900944694,70.73208204419753,23.016504687321905,65.46631336086396,0.0,0.0,0.0,,,1e-08,True,True,0,0,4.440892098500626e-16,0.0,0.0,0.0,1e-08,1.018152777777778,0,0.0,554,3,0.0,0.0,180.1551388688889,0.0,0.0,31.79208333333335
scenario_coarse,0.0,0.0,0.0,,0.0,0.0,0.0,-14.097855736000476,-9.999979511121636e-09,26.793865140998378,1e-08,23.016504687321905,screened_water_cap_0.00,optimistic_site_selection,hub_policy_compliant,central,uniform_google_ai_2024,portfolio_mean,central,gentd26_hourly_service_demand.csv,gentd26_aligned_regional_hourly_cef.csv,capacity_scenarios.csv,energy_calibration_bounds.csv,trace_timestamp_anonymized,single_row_default,0.15,35.0,carbon,211.9472222222222,211.9472222022222,2e-08,0.9999999999056368,0.1500000000141544,56.92722900944694,70.73208204419753,23.016504687321905,65.46631336086396,0.0,0.0,0.0,,,1e-08,True,True,0,0,4.440892098500626e-16,0.0,0.0,0.0,1e-08,1.018152777777778,0,0.0,554,3,0.0,0.0,180.1551388688889,0.0,0.0,31.79208333333335
scenario_coarse,0.0,0.0,3.33976782455288,0.0,3.33976782455288,0.2077438818907957,0.7813997381545423,-6.3629768121131755e-09,-1.0000007932831068e-08,26.793865140998378,1e-08,26.58612125740269,screened_water_cap_0.00,optimistic_site_selection,hub_policy_compliant,central,uniform_google_ai_2024,portfolio_mean,central,gentd26_hourly_service_demand.csv,gentd26_aligned_regional_hourly_cef.csv,capacity_scenarios.csv,energy_calibration_bounds.csv,trace_timestamp_anonymized,single_row_default,0.3,15.0,carbon,211.9472222222222,211.94722220222212,2e-08,0.9999999999056368,0.0,56.92722900944693,71.15903626180867,26.79386513929349,65.46631336086396,0.0,0.0,0.0,,,1e-08,True,True,0,0,0.0,0.0,0.0,0.0,1e-08,0.4919444444444445,0,0.0,184,1,0.0,0.0,211.94722220222224,0.0,0.0,0.0
scenario_coarse,0.0,0.0,0.0,,0.0,0.0,0.0,-28.195711465637963,-1.0000007932831068e-08,26.793865140998378,1e-08,19.239144235350324,screened_water_cap_0.00,optimistic_site_selection,hub_policy_compliant,central,uniform_google_ai_2024,portfolio_mean,central,gentd26_hourly_service_demand.csv,gentd26_aligned_regional_hourly_cef.csv,capacity_scenarios.csv,energy_calibration_bounds.csv,trace_timestamp_anonymized,single_row_default,0.3,20.0,carbon,211.9472222222222,211.94722220222212,2e-08,0.9999999999056368,0.3000000000283089,56.92722900944693,70.30512782658639,19.239144235350324,65.46631336086396,0.0,0.0,0.0,,,1e-08,True,True,0,0,4.440892098500626e-16,0.0,0.0,0.0,1e-08,0.9475833333333334,0,0.0,554,3,0.0,0.0,148.36305553555553,0.0,0.0,63.5841666666667
scenario_coarse,0.0,0.0,0.0,,0.0,0.0,0.0,-28.195711465637963,-1.0000007932831068e-08,26.793865140998378,1e-08,19.239144235350324,screened_water_cap_0.00,optimistic_site_selection,hub_policy_compliant,central,uniform_google_ai_2024,portfolio_mean,central,gentd26_hourly_service_demand.csv,gentd26_aligned_regional_hourly_cef.csv,capacity_scenarios.csv,energy_calibration_bounds.csv,trace_timestamp_anonymized,single_row_default,0.3,35.0,carbon,211.9472222222222,211.94722220222212,2e-08,0.9999999999056368,0.3000000000283089,56.92722900944693,70.30512782658639,19.239144235350324,65.46631336086396,0.0,0.0,0.0,,,1e-08,True,True,0,0,4.440892098500626e-16,0.0,0.0,0.0,1e-08,0.9475833333333334,0,0.0,554,3,0.0,0.0,148.36305553555553,0.0,0.0,63.5841666666667
scenario_coarse,0.0,0.0,5.566279707588134,0.0,5.566279707588134,0.3462398031513167,1.3091527074763798,-6.3629768121131755e-09,-1.0000007932831068e-08,26.793865140998378,1e-08,26.44762533614217,screened_water_cap_0.00,optimistic_site_selection,hub_policy_compliant,central,uniform_google_ai_2024,portfolio_mean,central,gentd26_hourly_service_demand.csv,gentd26_aligned_regional_hourly_cef.csv,capacity_scenarios.csv,energy_calibration_bounds.csv,trace_timestamp_anonymized,single_row_default,0.5,15.0,carbon,211.9472222222222,211.94722220222212,2e-08,0.9999999999056368,0.0,56.92722900944693,71.15903626180867,26.79386513929349,65.46631336086396,0.0,0.0,0.0,,,1e-08,True,True,0,0,0.0,0.0,0.0,0.0,1e-08,0.4919444444444445,0,0.0,184,1,0.0,0.0,211.94722220222224,0.0,0.0,0.0
scenario_coarse,0.0,0.0,0.0,,0.0,0.0,0.0,-46.99285243848797,-1.0000007932831068e-08,26.793865140998378,1e-08,14.202663632721542,screened_water_cap_0.00,optimistic_site_selection,hub_policy_compliant,central,uniform_google_ai_2024,portfolio_mean,central,gentd26_hourly_service_demand.csv,gentd26_aligned_regional_hourly_cef.csv,capacity_scenarios.csv,energy_calibration_bounds.csv,trace_timestamp_anonymized,single_row_default,0.5,20.0,carbon,211.9472222222222,211.94722220222212,2e-08,0.9999999999056368,0.5000000000471817,56.92722900944693,69.73585553643821,14.202663632721542,65.46631336086396,0.0,0.0,0.0,,,1e-08,True,True,0,0,0.0,0.0,0.0,0.0,1e-08,0.2459722222222222,0,0.0,554,3,0.0,0.0,105.97361109111112,0.0,0.0,105.97361111111113
scenario_coarse,0.0,0.0,0.0,,0.0,0.0,0.0,-46.99285243848797,-1.0000007932831068e-08,26.793865140998378,1e-08,14.202663632721542,screened_water_cap_0.00,optimistic_site_selection,hub_policy_compliant,central,uniform_google_ai_2024,portfolio_mean,central,gentd26_hourly_service_demand.csv,gentd26_aligned_regional_hourly_cef.csv,capacity_scenarios.csv,energy_calibration_bounds.csv,trace_timestamp_anonymized,single_row_default,0.5,35.0,carbon,211.9472222222222,211.94722220222212,2e-08,0.9999999999056368,0.5000000000471817,56.92722900944693,69.73585553643821,14.202663632721542,65.46631336086396,0.0,0.0,0.0,,,1e-08,True,True,0,0,0.0,0.0,0.0,0.0,1e-08,0.2459722222222222,0,0.0,554,3,0.0,0.0,105.97361109111112,0.0,0.0,105.97361111111113
scenario_coarse,0.0,0.0,1.66988391227644,0.0,1.66988391227644,0.103871940945396,0.3891793458824288,-6.3629768121131755e-09,-1.0000007932831068e-08,26.793865140998378,1e-08,26.68999319834809,screened_water_cap_0.00,optimistic_site_selection,hub_policy_compliant,ample,uniform_google_ai_2024,portfolio_mean,central,gentd26_hourly_service_demand.csv,gentd26_aligned_regional_hourly_cef.csv,capacity_scenarios.csv,energy_calibration_bounds.csv,trace_timestamp_anonymized,single_row_default,0.15,15.0,carbon,211.9472222222222,211.94722220222212,2e-08,0.9999999999056368,0.0,56.92722900944693,71.15903626180867,26.79386513929349,65.46631336086396,0.0,0.0,0.0,,,1e-08,True,True,0,0,0.0,0.0,0.0,0.0,1e-08,1.4919444444444443,0,0.0,184,1,0.0,0.0,211.94722220222224,0.0,0.0,0.0
scenario_coarse,0.0,0.0,0.0,,0.0,0.0,0.0,-14.097855736000476,-9.999979511121636e-09,26.793865140998378,1e-08,23.016504687321905,screened_water_cap_0.00,optimistic_site_selection,hub_policy_compliant,ample,uniform_google_ai_2024,portfolio_mean,central,gentd26_hourly_service_demand.csv,gentd26_aligned_regional_hourly_cef.csv,capacity_scenarios.csv,energy_calibration_bounds.csv,trace_timestamp_anonymized,single_row_default,0.15,20.0,carbon,211.9472222222222,211.9472222022222,2e-08,0.9999999999056368,0.1500000000141544,56.92722900944694,70.73208204419753,23.016504687321905,65.46631336086396,0.0,0.0,0.0,,,1e-08,True,True,0,0,4.440892098500626e-16,0.0,0.0,0.0,1e-08,2.018152777777778,0,0.0,554,3,0.0,0.0,180.1551388688889,0.0,0.0,31.79208333333335
scenario_coarse,0.0,0.0,0.0,,0.0,0.0,0.0,-14.097855736000476,-9.999979511121636e-09,26.793865140998378,1e-08,23.016504687321905,screened_water_cap_0.00,optimistic_site_selection,hub_policy_compliant,ample,uniform_google_ai_2024,portfolio_mean,central,gentd26_hourly_service_demand.csv,gentd26_aligned_regional_hourly_cef.csv,capacity_scenarios.csv,energy_calibration_bounds.csv,trace_timestamp_anonymized,single_row_default,0.15,35.0,carbon,211.9472222222222,211.9472222022222,2e-08,0.9999999999056368,0.1500000000141544,56.92722900944694,70.73208204419753,23.016504687321905,65.46631336086396,0.0,0.0,0.0,,,1e-08,True,True,0,0,4.440892098500626e-16,0.0,0.0,0.0,1e-08,2.018152777777778,0,0.0,554,3,0.0,0.0,180.1551388688889,0.0,0.0,31.79208333333335
scenario_coarse,0.0,0.0,3.33976782455288,0.0,3.33976782455288,0.2077438818907957,0.7813997381545423,-6.3629768121131755e-09,-1.0000007932831068e-08,26.793865140998378,1e-08,26.58612125740269,screened_water_cap_0.00,optimistic_site_selection,hub_policy_compliant,ample,uniform_google_ai_2024,portfolio_mean,central,gentd26_hourly_service_demand.csv,gentd26_aligned_regional_hourly_cef.csv,capacity_scenarios.csv,energy_calibration_bounds.csv,trace_timestamp_anonymized,single_row_default,0.3,15.0,carbon,211.9472222222222,211.94722220222212,2e-08,0.9999999999056368,0.0,56.92722900944693,71.15903626180867,26.79386513929349,65.46631336086396,0.0,0.0,0.0,,,1e-08,True,True,0,0,0.0,0.0,0.0,0.0,1e-08,1.4919444444444443,0,0.0,184,1,0.0,0.0,211.94722220222224,0.0,0.0,0.0
scenario_coarse,0.0,0.0,0.0,,0.0,0.0,0.0,-28.195711465637963,-1.0000007932831068e-08,26.793865140998378,1e-08,19.239144235350324,screened_water_cap_0.00,optimistic_site_selection,hub_policy_compliant,ample,uniform_google_ai_2024,portfolio_mean,central,gentd26_hourly_service_demand.csv,gentd26_aligned_regional_hourly_cef.csv,capacity_scenarios.csv,energy_calibration_bounds.csv,trace_timestamp_anonymized,single_row_default,0.3,20.0,carbon,211.9472222222222,211.94722220222212,2e-08,0.9999999999056368,0.3000000000283089,56.92722900944693,70.30512782658639,19.239144235350324,65.46631336086396,0.0,0.0,0.0,,,1e-08,True,True,0,0,4.440892098500626e-16,0.0,0.0,0.0,1e-08,1.9475833333333328,0,0.0,554,3,0.0,0.0,148.36305553555553,0.0,0.0,63.5841666666667
scenario_coarse,0.0,0.0,0.0,,0.0,0.0,0.0,-28.195711465637963,-1.0000007932831068e-08,26.793865140998378,1e-08,19.239144235350324,screened_water_cap_0.00,optimistic_site_selection,hub_policy_compliant,ample,uniform_google_ai_2024,portfolio_mean,central,gentd26_hourly_service_demand.csv,gentd26_aligned_regional_hourly_cef.csv,capacity_scenarios.csv,energy_calibration_bounds.csv,trace_timestamp_anonymized,single_row_default,0.3,35.0,carbon,211.9472222222222,211.94722220222212,2e-08,0.9999999999056368,0.3000000000283089,56.92722900944693,70.30512782658639,19.239144235350324,65.46631336086396,0.0,0.0,0.0,,,1e-08,True,True,0,0,4.440892098500626e-16,0.0,0.0,0.0,1e-08,1.9475833333333328,0,0.0,554,3,0.0,0.0,148.36305553555553,0.0,0.0,63.5841666666667
scenario_coarse,0.0,0.0,5.566279707588134,0.0,5.566279707588134,0.3462398031513167,1.3091527074763798,-6.3629768121131755e-09,-1.0000007932831068e-08,26.793865140998378,1e-08,26.44762533614217,screened_water_cap_0.00,optimistic_site_selection,hub_policy_compliant,ample,uniform_google_ai_2024,portfolio_mean,central,gentd26_hourly_service_demand.csv,gentd26_aligned_regional_hourly_cef.csv,capacity_scenarios.csv,energy_calibration_bounds.csv,trace_timestamp_anonymized,single_row_default,0.5,15.0,carbon,211.9472222222222,211.94722220222212,2e-08,0.9999999999056368,0.0,56.92722900944693,71.15903626180867,26.79386513929349,65.46631336086396,0.0,0.0,0.0,,,1e-08,True,True,0,0,0.0,0.0,0.0,0.0,1e-08,1.4919444444444443,0,0.0,184,1,0.0,0.0,211.94722220222224,0.0,0.0,0.0
scenario_coarse,0.0,0.0,0.0,,0.0,0.0,0.0,-46.99285243848797,-1.0000007932831068e-08,26.793865140998378,1e-08,14.202663632721542,screened_water_cap_0.00,optimistic_site_selection,hub_policy_compliant,ample,uniform_google_ai_2024,portfolio_mean,central,gentd26_hourly_service_demand.csv,gentd26_aligned_regional_hourly_cef.csv,capacity_scenarios.csv,energy_calibration_bounds.csv,trace_timestamp_anonymized,single_row_default,0.5,20.0,carbon,211.9472222222222,211.94722220222212,2e-08,0.9999999999056368,0.5000000000471817,56.92722900944693,69.73585553643821,14.202663632721542,65.46631336086396,0.0,0.0,0.0,,,1e-08,True,True,0,0,0.0,0.0,0.0,0.0,1e-08,1.2459722222222225,0,0.0,554,3,0.0,0.0,105.97361109111112,0.0,0.0,105.97361111111113
scenario_coarse,0.0,0.0,0.0,,0.0,0.0,0.0,-46.99285243848797,-1.0000007932831068e-08,26.793865140998378,1e-08,14.202663632721542,screened_water_cap_0.00,optimistic_site_selection,hub_policy_compliant,ample,uniform_google_ai_2024,portfolio_mean,central,gentd26_hourly_service_demand.csv,gentd26_aligned_regional_hourly_cef.csv,capacity_scenarios.csv,energy_calibration_bounds.csv,trace_timestamp_anonymized,single_row_default,0.5,35.0,carbon,211.9472222222222,211.94722220222212,2e-08,0.9999999999056368,0.5000000000471817,56.92722900944693,69.73585553643821,14.202663632721542,65.46631336086396,0.0,0.0,0.0,,,1e-08,True,True,0,0,0.0,0.0,0.0,0.0,1e-08,1.2459722222222225,0,0.0,554,3,0.0,0.0,105.97361109111112,0.0,0.0,105.97361111111113
scenario_coarse,0.0,0.0,9.723666453628567,0.0,9.723666453628567,2.2717672254274746,4.602610268522178,-5.108602429970688e-09,-1.0000007932831068e-08,51.630002944097214,3.7516666766666673,49.35823571603217,screened_water_cap_0.00,conservative_site_selection,uniform_new_build,tight,uniform_google_ai_2024,portfolio_mean,central,gentd26_hourly_service_demand.csv,gentd26_aligned_regional_hourly_cef.csv,capacity_scenarios.csv,energy_calibration_bounds.csv,trace_timestamp_anonymized,single_row_default,0.15,15.0,carbon,211.9472222222222,208.1955555355556,3.7516666866666672,0.9822990523426954,0.0,55.91956311375206,69.8994538921901,51.63000294145965,64.30749758081487,0.0,0.0,0.8814722222222227,,,3.7516666766666673,True,True,0,0,0.0,0.0,0.0,0.0,9.99999993922529e-09,0.0,11,0.0,184,1,0.0,0.0,208.1955555355556,0.0,0.0,0.0
scenario_coarse,0.0,0.0,7.496240799820507,0.0,7.496240799820507,1.5979918608075394,3.268356940187012,-2.2064525947968483,-1.0000007932831068e-08,51.630002944097214,3.7516666766666673,48.89281954363595,screened_water_cap_0.00,conservative_site_selection,uniform_new_build,tight,uniform_google_ai_2024,portfolio_mean,central,gentd26_hourly_service_demand.csv,gentd26_aligned_regional_hourly_cef.csv,capacity_scenarios.csv,energy_calibration_bounds.csv,trace_timestamp_anonymized,single_row_default,0.15,20.0,carbon,211.9472222222222,208.1955555355556,3.7516666866666672,0.9822990523426954,0.1381197432034313,55.91956311375206,69.89945389219008,50.49081140444349,64.30749758081487,0.0,0.0,0.8814722222222227,,,3.7516666766666673,True,True,0,334,4.440892098500626e-16,0.0,0.0,0.0,9.99999993922529e-09,0.0,3,0.0,506,3,0.0,0.0,179.43963886888895,0.0,0.0,28.755916666666668
scenario_coarse,0.0,0.0,7.496240799820507,0.0,7.496240799820507,1.5979918608075394,3.268356940187012,-2.2064525947968483,-1.0000007932831068e-08,51.630002944097214,3.7516666766666673,48.89281954363595,screened_water_cap_0.00,conservative_site_selection,uniform_new_build,tight,uniform_google_ai_2024,portfolio_mean,central,gentd26_hourly_service_demand.csv,gentd26_aligned_regional_hourly_cef.csv,capacity_scenarios.csv,energy_calibration_bounds.csv,trace_timestamp_anonymized,single_row_default,0.15,35.0,carbon,211.9472222222222,208.1955555355556,3.7516666866666672,0.9822990523426954,0.1381197432034313,55.91956311375206,69.89945389219008,50.49081140444349,64.30749758081487,0.0,0.0,0.8814722222222227,,,3.7516666766666673,True,True,0,334,4.440892098500626e-16,0.0,0.0,0.0,9.99999993922529e-09,0.0,3,0.0,506,3,0.0,0.0,179.43963886888895,0.0,0.0,28.755916666666668
scenario_coarse,0.0,0.0,19.44733290725713,0.0,19.44733290725713,4.523563279108096,9.60285538778134,-5.108602429970688e-09,-1.0000007932831068e-08,51.630002944097214,3.7516666766666673,47.10643966235155,screened_water_cap_0.00,conservative_site_selection,uniform_new_build,tight,uniform_google_ai_2024,portfolio_mean,central,gentd26_hourly_service_demand.csv,gentd26_aligned_regional_hourly_cef.csv,capacity_scenarios.csv,energy_calibration_bounds.csv,trace_timestamp_anonymized,single_row_default,0.3,15.0,carbon,211.9472222222222,208.1955555355556,3.7516666866666672,0.9822990523426954,0.0,55.91956311375206,69.8994538921901,51.63000294145965,64.30749758081487,0.0,0.0,0.0,,,3.7516666766666673,True,True,0,0,0.0,0.0,0.0,0.0,9.99999993922529e-09,0.0,11,0.0,184,1,0.0,0.0,208.1955555355556,0.0,0.0,0.0
scenario_coarse,0.0,0.0,14.992481599641014,0.0,14.992481599641014,3.1959837216151,6.921368028005914,-4.3742238546225165,-1.0000007932831068e-08,51.630002944097214,3.7516666766666673,46.17560731755911,screened_water_cap_0.00,conservative_site_selection,uniform_new_build,tight,uniform_google_ai_2024,portfolio_mean,central,gentd26_hourly_service_demand.csv,gentd26_aligned_regional_hourly_cef.csv,capacity_scenarios.csv,energy_calibration_bounds.csv,trace_timestamp_anonymized,single_row_default,0.3,20.0,carbon,211.9472222222222,208.1955555355556,3.7516666866666672,0.9822990523426954,0.2762394864068627,55.91956311375206,69.89945389219008,49.371591039174206,64.30749758081487,0.0,0.0,0.0,,,3.7516666766666673,True,True,0,342,4.440892098500626e-16,0.0,0.0,0.0,9.99999993922529e-09,0.0443611111111108,0,0.0,506,3,0.0,0.0,150.6837222022222,0.0,0.0,57.511833333333335
scenario_coarse,0.0,0.0,14.992481599641014,0.0,14.992481599641014,3.1959837216151,6.921368028005914,-4.3742238546225165,-1.0000007932831068e-08,51.630002944097214,3.7516666766666673,46.17560731755911,screened_water_cap_0.00,conservative_site_selection,uniform_new_build,tight,uniform_google_ai_2024,portfolio_mean,central,gentd26_hourly_service_demand.csv,gentd26_aligned_regional_hourly_cef.csv,capacity_scenarios.csv,energy_calibration_bounds.csv,trace_timestamp_anonymized,single_row_default,0.3,35.0,carbon,211.9472222222222,208.1955555355556,3.7516666866666672,0.9822990523426954,0.2762394864068627,55.91956311375206,69.89945389219008,49.371591039174206,64.30749758081487,0.0,0.0,0.0,,,3.7516666766666673,True,True,0,342,4.440892098500626e-16,0.0,0.0,0.0,9.99999993922529e-09,0.0443611111111108,0,0.0,506,3,0.0,0.0,150.6837222022222,0.0,0.0,57.511833333333335
scenario_coarse,0.0,0.0,32.27931719969362,0.0,32.27931719969362,7.499160142549236,16.993013654238197,-5.108602429970688e-09,-1.0000007932831068e-08,51.630002944097214,3.7516666766666673,44.13084279891041,screened_water_cap_0.00,conservative_site_selection,uniform_new_build,tight,uniform_google_ai_2024,portfolio_mean,central,gentd26_hourly_service_demand.csv,gentd26_aligned_regional_hourly_cef.csv,capacity_scenarios.csv,energy_calibration_bounds.csv,trace_timestamp_anonymized,single_row_default,0.5,15.0,carbon,211.9472222222222,208.1955555355556,3.7516666866666672,0.9822990523426954,0.0,55.91956311375206,69.8994538921901,51.63000294145965,64.30749758081487,0.0,0.0,0.0,,,3.7516666766666673,True,True,0,0,0.0,0.0,0.0,0.0,9.99999993922529e-09,0.0,11,0.0,184,1,0.0,0.0,208.1955555355556,0.0,0.0,0.0
scenario_coarse,0.0,0.0,25.09695022532666,0.0,25.09695022532666,5.33350950586793,12.526680654601918,-7.203750103173812,-9.999979511121636e-09,51.630002944097214,3.7516666766666673,42.57719704787524,screened_water_cap_0.00,conservative_site_selection,uniform_new_build,tight,uniform_google_ai_2024,portfolio_mean,central,gentd26_hourly_service_demand.csv,gentd26_aligned_regional_hourly_cef.csv,capacity_scenarios.csv,energy_calibration_bounds.csv,trace_timestamp_anonymized,single_row_default,0.5,20.0,carbon,211.9472222222222,208.1955555355556,3.751666686666668,0.9822990523426957,0.4583324439002326,55.91956311375206,69.8994538921901,47.91070655374317,64.30749758081487,0.0,0.0,0.0,,,3.7516666766666673,True,True,0,345,0.0,0.0,0.0,0.0,1.00000003833145e-08,0.0,3,0.0,503,3,0.0,0.0,112.7727777577778,0.0,0.0,95.42277777777778
scenario_coarse,0.0,0.0,25.09695022532666,0.0,25.09695022532666,5.33350950586793,12.526680654601918,-7.203750103173812,-9.999979511121636e-09,51.630002944097214,3.7516666766666673,42.57719704787524,screened_water_cap_0.00,conservative_site_selection,uniform_new_build,tight,uniform_google_ai_2024,portfolio_mean,central,gentd26_hourly_service_demand.csv,gentd26_aligned_regional_hourly_cef.csv,capacity_scenarios.csv,energy_calibration_bounds.csv,trace_timestamp_anonymized,single_row_default,0.5,35.0,carbon,211.9472222222222,208.1955555355556,3.751666686666668,0.9822990523426957,0.4583324439002326,55.91956311375206,69.8994538921901,47.91070655374317,64.30749758081487,0.0,0.0,0.0,,,3.7516666766666673,True,True,0,345,0.0,0.0,0.0,0.0,1.00000003833145e-08,0.0,3,0.0,503,3,0.0,0.0,112.7727777577778,0.0,0.0,95.42277777777778
scenario_coarse,0.0,0.0,9.723666453628567,0.0,9.723666453628567,2.242077952761946,4.455143401975925,-5.017464221879209e-09,-1.0000007932831068e-08,52.56768479821294,1e-08,50.32560684281343,screened_water_cap_0.00,conservative_site_selection,uniform_new_build,central,uniform_google_ai_2024,portfolio_mean,central,gentd26_hourly_service_demand.csv,gentd26_aligned_regional_hourly_cef.csv,capacity_scenarios.csv,energy_calibration_bounds.csv,trace_timestamp_anonymized,single_row_default,0.15,15.0,carbon,211.9472222222222,211.94722220222212,2e-08,0.9999999999056368,0.0,56.92722900944693,71.15903626180867,52.567684795575374,65.46631336086396,0.0,0.0,0.0,,,1e-08,True,True,0,0,0.0,0.0,0.0,0.0,1e-08,0.4919444444444445,0,0.0,184,1,0.0,0.0,211.94722220222224,0.0,0.0,0.0
scenario_coarse,0.0,0.0,7.496240799820507,0.0,7.496240799820507,1.5979918608075536,3.2049453468208755,-2.110616572228996,-1.0000007932831068e-08,52.56768479821294,1e-08,49.8601906704172,screened_water_cap_0.00,conservative_site_selection,uniform_new_build,central,uniform_google_ai_2024,portfolio_mean,central,gentd26_hourly_service_demand.csv,gentd26_aligned_regional_hourly_cef.csv,capacity_scenarios.csv,energy_calibration_bounds.csv,trace_timestamp_anonymized,single_row_default,0.15,20.0,carbon,211.9472222222222,211.94722220222212,2e-08,0.9999999999056368,0.1356748928713498,56.92722900944694,71.15903626180867,51.45818253122475,65.46631336086396,0.0,0.0,0.0,,,1e-08,True,True,0,0,4.440892098500626e-16,0.0,0.0,0.0,1e-08,1.018152777777778,0,0.0,506,3,0.0,0.0,183.1913055355556,0.0,0.0,28.755916666666668
scenario_coarse,0.0,0.0,7.496240799820507,0.0,7.496240799820507,1.5979918608075536,3.2049453468208755,-2.110616572228996,-1.0000007932831068e-08,52.56768479821294,1e-08,49.8601906704172,screened_water_cap_0.00,conservative_site_selection,uniform_new_build,central,uniform_google_ai_2024,portfolio_mean,central,gentd26_hourly_service_demand.csv,gentd26_aligned_regional_hourly_cef.csv,capacity_scenarios.csv,energy_calibration_bounds.csv,trace_timestamp_anonymized,single_row_default,0.15,35.0,carbon,211.9472222222222,211.94722220222212,2e-08,0.9999999999056368,0.1356748928713498,56.92722900944694,71.15903626180867,51.45818253122475,65.46631336086396,0.0,0.0,0.0,,,1e-08,True,True,0,0,4.440892098500626e-16,0.0,0.0,0.0,1e-08,1.018152777777778,0,0.0,506,3,0.0,0.0,183.1913055355556,0.0,0.0,28.755916666666668
scenario_coarse,0.0,0.0,19.44733290725713,0.0,19.44733290725713,4.484155905523906,9.325762915150104,-5.017464221879209e-09,-1.0000007932831068e-08,52.56768479821294,1e-08,48.08352889005147,screened_water_cap_0.00,conservative_site_selection,uniform_new_build,central,uniform_google_ai_2024,portfolio_mean,central,gentd26_hourly_service_demand.csv,gentd26_aligned_regional_hourly_cef.csv,capacity_scenarios.csv,energy_calibration_bounds.csv,trace_timestamp_anonymized,single_row_default,0.3,15.0,carbon,211.9472222222222,211.94722220222212,2e-08,0.9999999999056368,0.0,56.92722900944693,71.15903626180867,52.567684795575374,65.46631336086396,0.0,0.0,0.0,,,1e-08,True,True,0,0,0.0,0.0,0.0,0.0,1e-08,0.4919444444444445,0,0.0,184,1,0.0,0.0,211.94722220222224,0.0,0.0,0.0
scenario_coarse,0.0,0.0,14.992481599641014,0.0,14.992481599641014,3.1959837216151,6.777944753482901,-4.221233139440539,-9.999979511121636e-09,52.56768479821294,1e-08,47.15269654525903,screened_water_cap_0.00,conservative_site_selection,uniform_new_build,central,uniform_google_ai_2024,portfolio_mean,central,gentd26_hourly_service_demand.csv,gentd26_aligned_regional_hourly_cef.csv,capacity_scenarios.csv,energy_calibration_bounds.csv,trace_timestamp_anonymized,single_row_default,0.3,20.0,carbon,211.9472222222222,211.9472222022222,2e-08,0.9999999999056368,0.2713497857426995,56.92722900944693,71.15903626180867,50.348680266874126,65.46631336086396,0.0,0.0,0.0,,,1e-08,True,True,0,0,4.440892098500626e-16,0.0,0.0,0.0,1e-08,0.9475833333333334,0,0.0,506,3,0.0,0.0,154.43538886888885,0.0,0.0,57.511833333333335
scenario_coarse,0.0,0.0,14.992481599641014,0.0,14.992481599641014,3.1959837216151,6.777944753482901,-4.221233139440539,-9.999979511121636e-09,52.56768479821294,1e-08,47.15269654525903,screened_water_cap_0.00,conservative_site_selection,uniform_new_build,central,uniform_google_ai_2024,portfolio_mean,central,gentd26_hourly_service_demand.csv,gentd26_aligned_regional_hourly_cef.csv,capacity_scenarios.csv,energy_calibration_bounds.csv,trace_timestamp_anonymized,single_row_default,0.3,35.0,carbon,211.9472222222222,211.9472222022222,2e-08,0.9999999999056368,0.2713497857426995,56.92722900944693,71.15903626180867,50.348680266874126,65.46631336086396,0.0,0.0,0.0,,,1e-08,True,True,0,0,4.440892098500626e-16,0.0,0.0,0.0,1e-08,0.9475833333333334,0,0.0,506,3,0.0,0.0,154.43538886888885,0.0,0.0,57.511833333333335
scenario_coarse,0.0,0.0,32.41222151209522,0.0,32.41222151209522,7.473593175873177,16.573331244592282,-5.017464221879209e-09,-1.0000007932831068e-08,52.56768479821294,1e-08,45.0940916197022,screened_water_cap_0.00,conservative_site_selection,uniform_new_build,central,uniform_google_ai_2024,portfolio_mean,central,gentd26_hourly_service_demand.csv,gentd26_aligned_regional_hourly_cef.csv,capacity_scenarios.csv,energy_calibration_bounds.csv,trace_timestamp_anonymized,single_row_default,0.5,15.0,carbon,211.9472222222222,211.94722220222212,2e-08,0.9999999999056368,0.0,56.92722900944693,71.15903626180867,52.567684795575374,65.46631336086396,0.0,0.0,0.0,,,1e-08,True,True,0,0,0.0,0.0,0.0,0.0,1e-08,0.4919444444444445,0,0.0,184,1,0.0,0.0,211.94722220222224,0.0,0.0,0.0
scenario_coarse,0.0,0.0,24.98746933273502,0.0,24.98746933273502,5.326639536025162,12.233138965685807,-7.035388562389255,-9.999979511121636e-09,52.56768479821294,1e-08,43.542704378381465,screened_water_cap_0.00,conservative_site_selection,uniform_new_build,central,uniform_google_ai_2024,portfolio_mean,central,gentd26_hourly_service_demand.csv,gentd26_aligned_regional_hourly_cef.csv,capacity_scenarios.csv,energy_calibration_bounds.csv,trace_timestamp_anonymized,single_row_default,0.5,20.0,carbon,211.9472222222222,211.9472222022222,2e-08,0.9999999999056368,0.4522496429044993,56.92722900944693,71.15903626180867,48.86934391440663,65.46631336086396,0.0,0.0,0.0,,,1e-08,True,True,0,0,0.0,0.0,0.0,0.0,1e-08,0.2459722222222222,0,0.0,506,3,0.0,0.0,116.09416664666672,0.0,0.0,95.85305555555556
scenario_coarse,0.0,0.0,24.98746933273502,0.0,24.98746933273502,5.326639536025162,12.233138965685807,-7.035388562389255,-9.999979511121636e-09,52.56768479821294,1e-08,43.542704378381465,screened_water_cap_0.00,conservative_site_selection,uniform_new_build,central,uniform_google_ai_2024,portfolio_mean,central,gentd26_hourly_service_demand.csv,gentd26_aligned_regional_hourly_cef.csv,capacity_scenarios.csv,energy_calibration_bounds.csv,trace_timestamp_anonymized,single_row_default,0.5,35.0,carbon,211.9472222222222,211.9472222022222,2e-08,0.9999999999056368,0.4522496429044993,56.92722900944693,71.15903626180867,48.86934391440663,65.46631336086396,0.0,0.0,0.0,,,1e-08,True,True,0,0,0.0,0.0,0.0,0.0,1e-08,0.2459722222222222,0,0.0,506,3,0.0,0.0,116.09416664666672,0.0,0.0,95.85305555555556
scenario_coarse,0.0,0.0,9.723666453628567,0.0,9.723666453628567,2.242077952761946,4.455143401975925,-5.017464221879209e-09,-1.0000007932831068e-08,52.56768479821294,1e-08,50.32560684281343,screened_water_cap_0.00,conservative_site_selection,uniform_new_build,ample,uniform_google_ai_2024,portfolio_mean,central,gentd26_hourly_service_demand.csv,gentd26_aligned_regional_hourly_cef.csv,capacity_scenarios.csv,energy_calibration_bounds.csv,trace_timestamp_anonymized,single_row_default,0.15,15.0,carbon,211.9472222222222,211.94722220222212,2e-08,0.9999999999056368,0.0,56.92722900944693,71.15903626180867,52.567684795575374,65.46631336086396,0.0,0.0,0.0,,,1e-08,True,True,0,0,0.0,0.0,0.0,0.0,1e-08,1.4919444444444443,0,0.0,184,1,0.0,0.0,211.94722220222224,0.0,0.0,0.0
scenario_coarse,0.0,0.0,7.496240799820507,0.0,7.496240799820507,1.5979918608075536,3.2049453468208755,-2.110616572228996,-1.0000007932831068e-08,52.56768479821294,1e-08,49.8601906704172,screened_water_cap_0.00,conservative_site_selection,uniform_new_build,ample,uniform_google_ai_2024,portfolio_mean,central,gentd26_hourly_service_demand.csv,gentd26_aligned_regional_hourly_cef.csv,capacity_scenarios.csv,energy_calibration_bounds.csv,trace_timestamp_anonymized,single_row_default,0.15,20.0,carbon,211.9472222222222,211.94722220222212,2e-08,0.9999999999056368,0.1356748928713498,56.92722900944694,71.15903626180867,51.45818253122475,65.46631336086396,0.0,0.0,0.0,,,1e-08,True,True,0,0,4.440892098500626e-16,0.0,0.0,0.0,1e-08,2.018152777777778,0,0.0,506,3,0.0,0.0,183.1913055355556,0.0,0.0,28.755916666666668
scenario_coarse,0.0,0.0,7.496240799820507,0.0,7.496240799820507,1.5979918608075536,3.2049453468208755,-2.110616572228996,-1.0000007932831068e-08,52.56768479821294,1e-08,49.8601906704172,screened_water_cap_0.00,conservative_site_selection,uniform_new_build,ample,uniform_google_ai_2024,portfolio_mean,central,gentd26_hourly_service_demand.csv,gentd26_aligned_regional_hourly_cef.csv,capacity_scenarios.csv,energy_calibration_bounds.csv,trace_timestamp_anonymized,single_row_default,0.15,35.0,carbon,211.9472222222222,211.94722220222212,2e-08,0.9999999999056368,0.1356748928713498,56.92722900944694,71.15903626180867,51.45818253122475,65.46631336086396,0.0,0.0,0.0,,,1e-08,True,True,0,0,4.440892098500626e-16,0.0,0.0,0.0,1e-08,2.018152777777778,0,0.0,506,3,0.0,0.0,183.1913055355556,0.0,0.0,28.755916666666668
scenario_coarse,0.0,0.0,19.44733290725713,0.0,19.44733290725713,4.484155905523906,9.325762915150104,-5.017464221879209e-09,-1.0000007932831068e-08,52.56768479821294,1e-08,48.08352889005147,screened_water_cap_0.00,conservative_site_selection,uniform_new_build,ample,uniform_google_ai_2024,portfolio_mean,central,gentd26_hourly_service_demand.csv,gentd26_aligned_regional_hourly_cef.csv,capacity_scenarios.csv,energy_calibration_bounds.csv,trace_timestamp_anonymized,single_row_default,0.3,15.0,carbon,211.9472222222222,211.94722220222212,2e-08,0.9999999999056368,0.0,56.92722900944693,71.15903626180867,52.567684795575374,65.46631336086396,0.0,0.0,0.0,,,1e-08,True,True,0,0,0.0,0.0,0.0,0.0,1e-08,1.4919444444444443,0,0.0,184,1,0.0,0.0,211.94722220222224,0.0,0.0,0.0
scenario_coarse,0.0,0.0,14.992481599641014,0.0,14.992481599641014,3.1959837216151,6.777944753482901,-4.221233139440539,-9.999979511121636e-09,52.56768479821294,1e-08,47.15269654525903,screened_water_cap_0.00,conservative_site_selection,uniform_new_build,ample,uniform_google_ai_2024,portfolio_mean,central,gentd26_hourly_service_demand.csv,gentd26_aligned_regional_hourly_cef.csv,capacity_scenarios.csv,energy_calibration_bounds.csv,trace_timestamp_anonymized,single_row_default,0.3,20.0,carbon,211.9472222222222,211.9472222022222,2e-08,0.9999999999056368,0.2713497857426995,56.92722900944693,71.15903626180867,50.348680266874126,65.46631336086396,0.0,0.0,0.0,,,1e-08,True,True,0,0,4.440892098500626e-16,0.0,0.0,0.0,1e-08,1.9475833333333328,0,0.0,506,3,0.0,0.0,154.43538886888885,0.0,0.0,57.511833333333335
scenario_coarse,0.0,0.0,14.992481599641014,0.0,14.992481599641014,3.1959837216151,6.777944753482901,-4.221233139440539,-9.999979511121636e-09,52.56768479821294,1e-08,47.15269654525903,screened_water_cap_0.00,conservative_site_selection,uniform_new_build,ample,uniform_google_ai_2024,portfolio_mean,central,gentd26_hourly_service_demand.csv,gentd26_aligned_regional_hourly_cef.csv,capacity_scenarios.csv,energy_calibration_bounds.csv,trace_timestamp_anonymized,single_row_default,0.3,35.0,carbon,211.9472222222222,211.9472222022222,2e-08,0.9999999999056368,0.2713497857426995,56.92722900944693,71.15903626180867,50.348680266874126,65.46631336086396,0.0,0.0,0.0,,,1e-08,True,True,0,0,4.440892098500626e-16,0.0,0.0,0.0,1e-08,1.9475833333333328,0,0.0,506,3,0.0,0.0,154.43538886888885,0.0,0.0,57.511833333333335
scenario_coarse,0.0,0.0,32.41222151209522,0.0,32.41222151209522,7.473593175873177,16.573331244592282,-5.017464221879209e-09,-1.0000007932831068e-08,52.56768479821294,1e-08,45.0940916197022,screened_water_cap_0.00,conservative_site_selection,uniform_new_build,ample,uniform_google_ai_2024,portfolio_mean,central,gentd26_hourly_service_demand.csv,gentd26_aligned_regional_hourly_cef.csv,capacity_scenarios.csv,energy_calibration_bounds.csv,trace_timestamp_anonymized,single_row_default,0.5,15.0,carbon,211.9472222222222,211.94722220222212,2e-08,0.9999999999056368,0.0,56.92722900944693,71.15903626180867,52.567684795575374,65.46631336086396,0.0,0.0,0.0,,,1e-08,True,True,0,0,0.0,0.0,0.0,0.0,1e-08,1.4919444444444443,0,0.0,184,1,0.0,0.0,211.94722220222224,0.0,0.0,0.0
scenario_coarse,0.0,0.0,24.98746933273502,0.0,24.98746933273502,5.326639536025162,12.233138965685807,-7.035388562389255,-9.999979511121636e-09,52.56768479821294,1e-08,43.542704378381465,screened_water_cap_0.00,conservative_site_selection,uniform_new_build,ample,uniform_google_ai_2024,portfolio_mean,central,gentd26_hourly_service_demand.csv,gentd26_aligned_regional_hourly_cef.csv,capacity_scenarios.csv,energy_calibration_bounds.csv,trace_timestamp_anonymized,single_row_default,0.5,20.0,carbon,211.9472222222222,211.9472222022222,2e-08,0.9999999999056368,0.4522496429044993,56.92722900944693,71.15903626180867,48.86934391440663,65.46631336086396,0.0,0.0,0.0,,,1e-08,True,True,0,0,0.0,0.0,0.0,0.0,1e-08,1.2459722222222225,0,0.0,506,3,0.0,0.0,116.09416664666672,0.0,0.0,95.85305555555556
scenario_coarse,0.0,0.0,24.98746933273502,0.0,24.98746933273502,5.326639536025162,12.233138965685807,-7.035388562389255,-9.999979511121636e-09,52.56768479821294,1e-08,43.542704378381465,screened_water_cap_0.00,conservative_site_selection,uniform_new_build,ample,uniform_google_ai_2024,portfolio_mean,central,gentd26_hourly_service_demand.csv,gentd26_aligned_regional_hourly_cef.csv,capacity_scenarios.csv,energy_calibration_bounds.csv,trace_timestamp_anonymized,single_row_default,0.5,35.0,carbon,211.9472222222222,211.9472222022222,2e-08,0.9999999999056368,0.4522496429044993,56.92722900944693,71.15903626180867,48.86934391440663,65.46631336086396,0.0,0.0,0.0,,,1e-08,True,True,0,0,0.0,0.0,0.0,0.0,1e-08,1.2459722222222225,0,0.0,506,3,0.0,0.0,116.09416664666672,0.0,0.0,95.85305555555556
scenario_coarse,0.0,0.0,5.832787602982737,0.0,5.832787602982737,0.6176973513157122,1.668472943817001,-5.4523829895458675e-09,-9.999979511121636e-09,37.63941554213224,3.7516666766666673,37.02171818876428,screened_water_cap_0.00,equal_site_portfolio,uniform_new_build,tight,uniform_google_ai_2024,portfolio_mean,central,gentd26_hourly_service_demand.csv,gentd26_aligned_regional_hourly_cef.csv,capacity_scenarios.csv,energy_calibration_bounds.csv,trace_timestamp_anonymized,single_row_default,0.15,15.0,carbon,211.9472222222222,208.1955555355556,3.7516666866666672,0.9822990523426954,0.0,55.91956311375206,69.8994538921901,37.63941554008,64.30749758081487,0.0,0.0,0.8814722222222227,,,3.7516666766666673,True,True,0,0,0.0,0.0,0.0,0.0,9.99999993922529e-09,0.0,11,0.0,184,1,0.0,0.0,208.1955555355556,0.0,0.0,0.0
scenario_coarse,0.0,0.0,1.212522335470522,0.0,1.212522335470522,0.0303257339485654,0.0861433891932161,-6.390386991561603,-9.999979511121636e-09,37.63941554213224,3.7516666766666673,35.20378549367944,screened_water_cap_0.00,equal_site_portfolio,uniform_new_build,tight,uniform_google_ai_2024,portfolio_mean,central,gentd26_hourly_service_demand.csv,gentd26_aligned_regional_hourly_cef.csv,capacity_scenarios.csv,energy_calibration_bounds.csv,trace_timestamp_anonymized,single_row_default,0.15,20.0,carbon,211.9472222222222,208.1955555355556,3.751666686666668,0.9822990523426954,0.1527029875904526,55.91956311375208,69.89945389219008,35.234111227628006,64.30749758081487,0.0,0.0,0.8814722222222227,,,3.7516666766666673,True,True,0,395,4.440892098500626e-16,0.0,0.0,0.0,1.00000003833145e-08,0.0,3,0.0,554,3,0.0,0.0,176.40347220222225,0.0,0.0,31.79208333333335
scenario_coarse,0.0,0.0,1.212522335470522,0.0,1.212522335470522,0.0303257339485654,0.0861433891932161,-6.390386991561603,-9.999979511121636e-09,37.63941554213224,3.7516666766666673,35.20378549367944,screened_water_cap_0.00,equal_site_portfolio,uniform_new_build,tight,uniform_google_ai_2024,portfolio_mean,central,gentd26_hourly_service_demand.csv,gentd26_aligned_regional_hourly_cef.csv,capacity_scenarios.csv,energy_calibration_bounds.csv,trace_timestamp_anonymized,single_row_default,0.15,35.0,carbon,211.9472222222222,208.1955555355556,3.751666686666668,0.9822990523426954,0.1527029875904526,55.91956311375208,69.89945389219008,35.234111227628006,64.30749758081487,0.0,0.0,0.8814722222222227,,,3.7516666766666673,True,True,0,395,4.440892098500626e-16,0.0,0.0,0.0,1.00000003833145e-08,0.0,3,0.0,554,3,0.0,0.0,176.40347220222225,0.0,0.0,31.79208333333335
scenario_coarse,0.0,0.0,11.58955634167379,0.0,11.58955634167379,1.222209082558784,3.356130800379842,-5.4523829895458675e-09,-9.999979511121636e-09,37.63941554213224,3.7516666766666673,36.41720645752121,screened_water_cap_0.00,equal_site_portfolio,uniform_new_build,tight,uniform_google_ai_2024,portfolio_mean,central,gentd26_hourly_service_demand.csv,gentd26_aligned_regional_hourly_cef.csv,capacity_scenarios.csv,energy_calibration_bounds.csv,trace_timestamp_anonymized,single_row_default,0.3,15.0,carbon,211.9472222222222,208.1955555355556,3.7516666866666672,0.9822990523426954,0.0,55.91956311375206,69.8994538921901,37.63941554008,64.30749758081487,0.0,0.0,0.0,,,3.7516666766666673,True,True,0,0,0.0,0.0,0.0,0.0,9.99999993922529e-09,0.0,11,0.0,184,1,0.0,0.0,208.1955555355556,0.0,0.0,0.0
scenario_coarse,0.0,0.0,2.4250446709410443,0.0,2.4250446709410443,0.0606514678971379,0.1849448162151601,-12.711155341361025,-9.999951089412208e-09,37.63941554213224,3.7516666766666673,32.79435949509429,screened_water_cap_0.00,equal_site_portfolio,uniform_new_build,tight,uniform_google_ai_2024,portfolio_mean,central,gentd26_hourly_service_demand.csv,gentd26_aligned_regional_hourly_cef.csv,capacity_scenarios.csv,energy_calibration_bounds.csv,trace_timestamp_anonymized,single_row_default,0.3,20.0,carbon,211.9472222222222,208.1955555355556,3.751666686666668,0.9822990523426957,0.3054059751809052,55.91956311375207,69.89945389219008,32.85501096299143,64.30749758081487,0.0,0.0,0.0,,,3.7516666766666673,True,True,0,407,4.440892098500626e-16,0.0,0.0,0.0,1.00000003833145e-08,0.0443611111111108,0,0.0,554,3,0.0,0.0,144.61138886888887,0.0,0.0,63.5841666666667
scenario_coarse,0.0,0.0,2.4250446709410443,0.0,2.4250446709410443,0.0606514678971379,0.1849448162151601,-12.711155341361025,-9.999951089412208e-09,37.63941554213224,3.7516666766666673,32.79435949509429,screened_water_cap_0.00,equal_site_portfolio,uniform_new_build,tight,uniform_google_ai_2024,portfolio_mean,central,gentd26_hourly_service_demand.csv,gentd26_aligned_regional_hourly_cef.csv,capacity_scenarios.csv,energy_calibration_bounds.csv,trace_timestamp_anonymized,single_row_default,0.3,35.0,carbon,211.9472222222222,208.1955555355556,3.751666686666668,0.9822990523426957,0.3054059751809052,55.91956311375207,69.89945389219008,32.85501096299143,64.30749758081487,0.0,0.0,0.0,,,3.7516666766666673,True,True,0,407,4.440892098500626e-16,0.0,0.0,0.0,1.00000003833145e-08,0.0443611111111108,0,0.0,554,3,0.0,0.0,144.61138886888887,0.0,0.0,63.5841666666667
scenario_coarse,0.0,0.0,19.241824573451893,0.0,19.241824573451893,2.024536342070185,5.684523962061672,-5.4523829895458675e-09,-9.999979511121636e-09,37.63941554213224,3.7516666766666673,35.61487919800981,screened_water_cap_0.00,equal_site_portfolio,uniform_new_build,tight,uniform_google_ai_2024,portfolio_mean,central,gentd26_hourly_service_demand.csv,gentd26_aligned_regional_hourly_cef.csv,capacity_scenarios.csv,energy_calibration_bounds.csv,trace_timestamp_anonymized,single_row_default,0.5,15.0,carbon,211.9472222222222,208.1955555355556,3.7516666866666672,0.9822990523426954,0.0,55.91956311375206,69.8994538921901,37.63941554008,64.30749758081487,0.0,0.0,0.0,,,3.7516666766666673,True,True,0,0,0.0,0.0,0.0,0.0,9.99999993922529e-09,0.0,11,0.0,184,1,0.0,0.0,208.1955555355556,0.0,0.0,0.0
scenario_coarse,0.0,0.0,4.174645430636677,0.0,4.174645430636677,0.1043133745501023,0.3520284434870069,-20.996646942982487,-9.999979511121636e-09,37.63941554213224,3.7516666766666673,29.63208697479856,screened_water_cap_0.00,equal_site_portfolio,uniform_new_build,tight,uniform_google_ai_2024,portfolio_mean,central,gentd26_hourly_service_demand.csv,gentd26_aligned_regional_hourly_cef.csv,capacity_scenarios.csv,energy_calibration_bounds.csv,trace_timestamp_anonymized,single_row_default,0.5,20.0,carbon,211.9472222222222,208.1955555355556,3.751666686666667,0.9822990523426954,0.5069432585236369,55.91956311375207,69.8994538921901,29.736400349348656,64.30749758081487,0.0,0.0,0.0,,,3.7516666766666673,True,True,0,420,0.0,0.0,0.0,0.0,9.99999949513608e-09,0.0,3,0.0,551,3,0.0,0.0,102.65222220222223,0.0,0.0,105.54333333333334
scenario_coarse,0.0,0.0,4.174645430636677,0.0,4.174645430636677,0.1043133745501023,0.3520284434870069,-20.996646942982487,-9.999979511121636e-09,37.63941554213224,3.7516666766666673,29.63208697479856,screened_water_cap_0.00,equal_site_portfolio,uniform_new_build,tight,uniform_google_ai_2024,portfolio_mean,central,gentd26_hourly_service_demand.csv,gentd26_aligned_regional_hourly_cef.csv,capacity_scenarios.csv,energy_calibration_bounds.csv,trace_timestamp_anonymized,single_row_default,0.5,35.0,carbon,211.9472222222222,208.1955555355556,3.751666686666667,0.9822990523426954,0.5069432585236369,55.91956311375207,69.8994538921901,29.736400349348656,64.30749758081487,0.0,0.0,0.0,,,3.7516666766666673,True,True,0,420,0.0,0.0,0.0,0.0,9.99999949513608e-09,0.0,3,0.0,551,3,0.0,0.0,102.65222220222223,0.0,0.0,105.54333333333334
scenario_coarse,0.0,0.0,5.756768738691052,0.0,5.756768738691052,0.6019032185516338,1.5943566237539564,-5.350819787253158e-09,-1.0000007932831068e-08,38.354010220005065,1e-08,37.75210699940118,screened_water_cap_0.00,equal_site_portfolio,uniform_new_build,central,uniform_google_ai_2024,portfolio_mean,central,gentd26_hourly_service_demand.csv,gentd26_aligned_regional_hourly_cef.csv,capacity_scenarios.csv,energy_calibration_bounds.csv,trace_timestamp_anonymized,single_row_default,0.15,15.0,carbon,211.9472222222222,211.94722220222212,2e-08,0.9999999999056368,0.0,56.92722900944693,71.15903626180867,38.35401021795281,65.46631336086396,0.0,0.0,0.0,,,1e-08,True,True,0,0,0.0,0.0,0.0,0.0,1e-08,0.4919444444444445,0,0.0,184,1,0.0,0.0,211.94722220222224,0.0,0.0,0.0
scenario_coarse,0.0,0.0,1.212522335470522,0.0,1.212522335470522,0.0303257339485654,0.0843556180238902,-6.1892243845194095,-9.999979511121636e-09,38.354010220005065,1e-08,35.94986873307888,screened_water_cap_0.00,equal_site_portfolio,uniform_new_build,central,uniform_google_ai_2024,portfolio_mean,central,gentd26_hourly_service_demand.csv,gentd26_aligned_regional_hourly_cef.csv,capacity_scenarios.csv,energy_calibration_bounds.csv,trace_timestamp_anonymized,single_row_default,0.15,20.0,carbon,211.9472222222222,211.9472222022222,2e-08,0.9999999999056368,0.1500000000141544,56.92722900944694,71.15903626180867,35.980194467027445,65.46631336086396,0.0,0.0,0.0,,,1e-08,True,True,0,0,4.440892098500626e-16,0.0,0.0,0.0,1e-08,1.018152777777778,0,0.0,554,3,0.0,0.0,180.1551388688889,0.0,0.0,31.79208333333335
scenario_coarse,0.0,0.0,1.212522335470522,0.0,1.212522335470522,0.0303257339485654,0.0843556180238902,-6.1892243845194095,-9.999979511121636e-09,38.354010220005065,1e-08,35.94986873307888,screened_water_cap_0.00,equal_site_portfolio,uniform_new_build,central,uniform_google_ai_2024,portfolio_mean,central,gentd26_hourly_service_demand.csv,gentd26_aligned_regional_hourly_cef.csv,capacity_scenarios.csv,energy_calibration_bounds.csv,trace_timestamp_anonymized,single_row_default,0.15,35.0,carbon,211.9472222222222,211.9472222022222,2e-08,0.9999999999056368,0.1500000000141544,56.92722900944694,71.15903626180867,35.980194467027445,65.46631336086396,0.0,0.0,0.0,,,1e-08,True,True,0,0,4.440892098500626e-16,0.0,0.0,0.0,1e-08,1.018152777777778,0,0.0,554,3,0.0,0.0,180.1551388688889,0.0,0.0,31.79208333333335
scenario_coarse,0.0,0.0,11.513537477382105,0.0,11.513537477382105,1.2038064371032746,3.2403764033289706,-5.350819787253158e-09,-1.0000007932831068e-08,38.354010220005065,1e-08,37.15020378084954,screened_water_cap_0.00,equal_site_portfolio,uniform_new_build,central,uniform_google_ai_2024,portfolio_mean,central,gentd26_hourly_service_demand.csv,gentd26_aligned_regional_hourly_cef.csv,capacity_scenarios.csv,energy_calibration_bounds.csv,trace_timestamp_anonymized,single_row_default,0.3,15.0,carbon,211.9472222222222,211.94722220222212,2e-08,0.9999999999056368,0.0,56.92722900944693,71.15903626180867,38.35401021795281,65.46631336086396,0.0,0.0,0.0,,,1e-08,True,True,0,0,0.0,0.0,0.0,0.0,1e-08,0.4919444444444445,0,0.0,184,1,0.0,0.0,211.94722220222224,0.0,0.0,0.0
scenario_coarse,0.0,0.0,2.4250446709410443,0.0,2.4250446709410443,0.0606514678971379,0.1808023640339495,-12.378448763688,-1.0000007932831068e-08,38.354010220005065,1e-08,33.54572724820494,screened_water_cap_0.00,equal_site_portfolio,uniform_new_build,central,uniform_google_ai_2024,portfolio_mean,central,gentd26_hourly_service_demand.csv,gentd26_aligned_regional_hourly_cef.csv,capacity_scenarios.csv,energy_calibration_bounds.csv,trace_timestamp_anonymized,single_row_default,0.3,20.0,carbon,211.9472222222222,211.94722220222212,2e-08,0.9999999999056368,0.3000000000283089,56.92722900944693,71.15903626180867,33.60637871610208,65.46631336086396,0.0,0.0,0.0,,,1e-08,True,True,0,0,4.440892098500626e-16,0.0,0.0,0.0,1e-08,0.9475833333333334,0,0.0,554,3,0.0,0.0,148.36305553555553,0.0,0.0,63.5841666666667
scenario_coarse,0.0,0.0,2.4250446709410443,0.0,2.4250446709410443,0.0606514678971379,0.1808023640339495,-12.378448763688,-1.0000007932831068e-08,38.354010220005065,1e-08,33.54572724820494,screened_water_cap_0.00,equal_site_portfolio,uniform_new_build,central,uniform_google_ai_2024,portfolio_mean,central,gentd26_hourly_service_demand.csv,gentd26_aligned_regional_hourly_cef.csv,capacity_scenarios.csv,energy_calibration_bounds.csv,trace_timestamp_anonymized,single_row_default,0.3,35.0,carbon,211.9472222222222,211.94722220222212,2e-08,0.9999999999056368,0.3000000000283089,56.92722900944693,71.15903626180867,33.60637871610208,65.46631336086396,0.0,0.0,0.0,,,1e-08,True,True,0,0,4.440892098500626e-16,0.0,0.0,0.0,1e-08,0.9475833333333334,0,0.0,554,3,0.0,0.0,148.36305553555553,0.0,0.0,63.5841666666667
scenario_coarse,0.0,0.0,19.18922912897017,0.0,19.18922912897017,2.0063440618387816,5.519870390636616,-5.350819787253158e-09,-1.0000007932831068e-08,38.354010220005065,1e-08,36.34766615611403,screened_water_cap_0.00,equal_site_portfolio,uniform_new_build,central,uniform_google_ai_2024,portfolio_mean,central,gentd26_hourly_service_demand.csv,gentd26_aligned_regional_hourly_cef.csv,capacity_scenarios.csv,energy_calibration_bounds.csv,trace_timestamp_anonymized,single_row_default,0.5,15.0,carbon,211.9472222222222,211.94722220222212,2e-08,0.9999999999056368,0.0,56.92722900944693,71.15903626180867,38.35401021795281,65.46631336086396,0.0,0.0,0.0,,,1e-08,True,True,0,0,0.0,0.0,0.0,0.0,1e-08,0.4919444444444445,0,0.0,184,1,0.0,0.0,211.94722220222224,0.0,0.0,0.0
scenario_coarse,0.0,0.0,4.041741118235074,0.0,4.041741118235074,0.1010857798285655,0.3331743438596213,-20.6307479359128,-1.0000007932831068e-08,38.354010220005065,1e-08,30.340205268373023,screened_water_cap_0.00,equal_site_portfolio,uniform_new_build,central,uniform_google_ai_2024,portfolio_mean,central,gentd26_hourly_service_demand.csv,gentd26_aligned_regional_hourly_cef.csv,capacity_scenarios.csv,energy_calibration_bounds.csv,trace_timestamp_anonymized,single_row_default,0.5,20.0,carbon,211.9472222222222,211.94722220222212,2e-08,0.9999999999056368,0.5000000000471817,56.92722900944693,71.15903626180867,30.441291048201588,65.46631336086396,0.0,0.0,0.0,,,1e-08,True,True,0,0,0.0,0.0,0.0,0.0,1e-08,0.2459722222222222,0,0.0,554,3,0.0,0.0,105.97361109111112,0.0,0.0,105.97361111111113
scenario_coarse,0.0,0.0,4.041741118235074,0.0,4.041741118235074,0.1010857798285655,0.3331743438596213,-20.6307479359128,-1.0000007932831068e-08,38.354010220005065,1e-08,30.340205268373023,screened_water_cap_0.00,equal_site_portfolio,uniform_new_build,central,uniform_google_ai_2024,portfolio_mean,central,gentd26_hourly_service_demand.csv,gentd26_aligned_regional_hourly_cef.csv,capacity_scenarios.csv,energy_calibration_bounds.csv,trace_timestamp_anonymized,single_row_default,0.5,35.0,carbon,211.9472222222222,211.94722220222212,2e-08,0.9999999999056368,0.5000000000471817,56.92722900944693,71.15903626180867,30.441291048201588,65.46631336086396,0.0,0.0,0.0,,,1e-08,True,True,0,0,0.0,0.0,0.0,0.0,1e-08,0.2459722222222222,0,0.0,554,3,0.0,0.0,105.97361109111112,0.0,0.0,105.97361111111113
scenario_coarse,0.0,0.0,5.756768738691052,0.0,5.756768738691052,0.6019032185516338,1.5943566237539564,-5.350819787253158e-09,-1.0000007932831068e-08,38.354010220005065,1e-08,37.75210699940118,screened_water_cap_0.00,equal_site_portfolio,uniform_new_build,ample,uniform_google_ai_2024,portfolio_mean,central,gentd26_hourly_service_demand.csv,gentd26_aligned_regional_hourly_cef.csv,capacity_scenarios.csv,energy_calibration_bounds.csv,trace_timestamp_anonymized,single_row_default,0.15,15.0,carbon,211.9472222222222,211.94722220222212,2e-08,0.9999999999056368,0.0,56.92722900944693,71.15903626180867,38.35401021795281,65.46631336086396,0.0,0.0,0.0,,,1e-08,True,True,0,0,0.0,0.0,0.0,0.0,1e-08,1.4919444444444443,0,0.0,184,1,0.0,0.0,211.94722220222224,0.0,0.0,0.0
scenario_coarse,0.0,0.0,1.212522335470522,0.0,1.212522335470522,0.0303257339485654,0.0843556180238902,-6.1892243845194095,-9.999979511121636e-09,38.354010220005065,1e-08,35.94986873307888,screened_water_cap_0.00,equal_site_portfolio,uniform_new_build,ample,uniform_google_ai_2024,portfolio_mean,central,gentd26_hourly_service_demand.csv,gentd26_aligned_regional_hourly_cef.csv,capacity_scenarios.csv,energy_calibration_bounds.csv,trace_timestamp_anonymized,single_row_default,0.15,20.0,carbon,211.9472222222222,211.9472222022222,2e-08,0.9999999999056368,0.1500000000141544,56.92722900944694,71.15903626180867,35.980194467027445,65.46631336086396,0.0,0.0,0.0,,,1e-08,True,True,0,0,4.440892098500626e-16,0.0,0.0,0.0,1e-08,2.018152777777778,0,0.0,554,3,0.0,0.0,180.1551388688889,0.0,0.0,31.79208333333335
scenario_coarse,0.0,0.0,1.212522335470522,0.0,1.212522335470522,0.0303257339485654,0.0843556180238902,-6.1892243845194095,-9.999979511121636e-09,38.354010220005065,1e-08,35.94986873307888,screened_water_cap_0.00,equal_site_portfolio,uniform_new_build,ample,uniform_google_ai_2024,portfolio_mean,central,gentd26_hourly_service_demand.csv,gentd26_aligned_regional_hourly_cef.csv,capacity_scenarios.csv,energy_calibration_bounds.csv,trace_timestamp_anonymized,single_row_default,0.15,35.0,carbon,211.9472222222222,211.9472222022222,2e-08,0.9999999999056368,0.1500000000141544,56.92722900944694,71.15903626180867,35.980194467027445,65.46631336086396,0.0,0.0,0.0,,,1e-08,True,True,0,0,4.440892098500626e-16,0.0,0.0,0.0,1e-08,2.018152777777778,0,0.0,554,3,0.0,0.0,180.1551388688889,0.0,0.0,31.79208333333335
scenario_coarse,0.0,0.0,11.513537477382105,0.0,11.513537477382105,1.2038064371032746,3.2403764033289706,-5.350819787253158e-09,-1.0000007932831068e-08,38.354010220005065,1e-08,37.15020378084954,screened_water_cap_0.00,equal_site_portfolio,uniform_new_build,ample,uniform_google_ai_2024,portfolio_mean,central,gentd26_hourly_service_demand.csv,gentd26_aligned_regional_hourly_cef.csv,capacity_scenarios.csv,energy_calibration_bounds.csv,trace_timestamp_anonymized,single_row_default,0.3,15.0,carbon,211.9472222222222,211.94722220222212,2e-08,0.9999999999056368,0.0,56.92722900944693,71.15903626180867,38.35401021795281,65.46631336086396,0.0,0.0,0.0,,,1e-08,True,True,0,0,0.0,0.0,0.0,0.0,1e-08,1.4919444444444443,0,0.0,184,1,0.0,0.0,211.94722220222224,0.0,0.0,0.0
scenario_coarse,0.0,0.0,2.4250446709410443,0.0,2.4250446709410443,0.0606514678971379,0.1808023640339495,-12.378448763688,-1.0000007932831068e-08,38.354010220005065,1e-08,33.54572724820494,screened_water_cap_0.00,equal_site_portfolio,uniform_new_build,ample,uniform_google_ai_2024,portfolio_mean,central,gentd26_hourly_service_demand.csv,gentd26_aligned_regional_hourly_cef.csv,capacity_scenarios.csv,energy_calibration_bounds.csv,trace_timestamp_anonymized,single_row_default,0.3,20.0,carbon,211.9472222222222,211.94722220222212,2e-08,0.9999999999056368,0.3000000000283089,56.92722900944693,71.15903626180867,33.60637871610208,65.46631336086396,0.0,0.0,0.0,,,1e-08,True,True,0,0,4.440892098500626e-16,0.0,0.0,0.0,1e-08,1.9475833333333328,0,0.0,554,3,0.0,0.0,148.36305553555553,0.0,0.0,63.5841666666667
scenario_coarse,0.0,0.0,2.4250446709410443,0.0,2.4250446709410443,0.0606514678971379,0.1808023640339495,-12.378448763688,-1.0000007932831068e-08,38.354010220005065,1e-08,33.54572724820494,screened_water_cap_0.00,equal_site_portfolio,uniform_new_build,ample,uniform_google_ai_2024,portfolio_mean,central,gentd26_hourly_service_demand.csv,gentd26_aligned_regional_hourly_cef.csv,capacity_scenarios.csv,energy_calibration_bounds.csv,trace_timestamp_anonymized,single_row_default,0.3,35.0,carbon,211.9472222222222,211.94722220222212,2e-08,0.9999999999056368,0.3000000000283089,56.92722900944693,71.15903626180867,33.60637871610208,65.46631336086396,0.0,0.0,0.0,,,1e-08,True,True,0,0,4.440892098500626e-16,0.0,0.0,0.0,1e-08,1.9475833333333328,0,0.0,554,3,0.0,0.0,148.36305553555553,0.0,0.0,63.5841666666667
scenario_coarse,0.0,0.0,19.18922912897017,0.0,19.18922912897017,2.0063440618387816,5.519870390636616,-5.350819787253158e-09,-1.0000007932831068e-08,38.354010220005065,1e-08,36.34766615611403,screened_water_cap_0.00,equal_site_portfolio,uniform_new_build,ample,uniform_google_ai_2024,portfolio_mean,central,gentd26_hourly_service_demand.csv,gentd26_aligned_regional_hourly_cef.csv,capacity_scenarios.csv,energy_calibration_bounds.csv,trace_timestamp_anonymized,single_row_default,0.5,15.0,carbon,211.9472222222222,211.94722220222212,2e-08,0.9999999999056368,0.0,56.92722900944693,71.15903626180867,38.35401021795281,65.46631336086396,0.0,0.0,0.0,,,1e-08,True,True,0,0,0.0,0.0,0.0,0.0,1e-08,1.4919444444444443,0,0.0,184,1,0.0,0.0,211.94722220222224,0.0,0.0,0.0
scenario_coarse,0.0,0.0,4.041741118235074,0.0,4.041741118235074,0.1010857798285655,0.3331743438596213,-20.6307479359128,-1.0000007932831068e-08,38.354010220005065,1e-08,30.340205268373023,screened_water_cap_0.00,equal_site_portfolio,uniform_new_build,ample,uniform_google_ai_2024,portfolio_mean,central,gentd26_hourly_service_demand.csv,gentd26_aligned_regional_hourly_cef.csv,capacity_scenarios.csv,energy_calibration_bounds.csv,trace_timestamp_anonymized,single_row_default,0.5,20.0,carbon,211.9472222222222,211.94722220222212,2e-08,0.9999999999056368,0.5000000000471817,56.92722900944693,71.15903626180867,30.441291048201588,65.46631336086396,0.0,0.0,0.0,,,1e-08,True,True,0,0,0.0,0.0,0.0,0.0,1e-08,1.2459722222222225,0,0.0,554,3,0.0,0.0,105.97361109111112,0.0,0.0,105.97361111111113
scenario_coarse,0.0,0.0,4.041741118235074,0.0,4.041741118235074,0.1010857798285655,0.3331743438596213,-20.6307479359128,-1.0000007932831068e-08,38.354010220005065,1e-08,30.340205268373023,screened_water_cap_0.00,equal_site_portfolio,uniform_new_build,ample,uniform_google_ai_2024,portfolio_mean,central,gentd26_hourly_service_demand.csv,gentd26_aligned_regional_hourly_cef.csv,capacity_scenarios.csv,energy_calibration_bounds.csv,trace_timestamp_anonymized,single_row_default,0.5,35.0,carbon,211.9472222222222,211.94722220222212,2e-08,0.9999999999056368,0.5000000000471817,56.92722900944693,71.15903626180867,30.441291048201588,65.46631336086396,0.0,0.0,0.0,,,1e-08,True,True,0,0,0.0,0.0,0.0,0.0,1e-08,1.2459722222222225,0,0.0,554,3,0.0,0.0,105.97361109111112,0.0,0.0,105.97361111111113
scenario_coarse,0.0,0.0,1.2568466529570737,0.0,1.2568466529570737,0.0800279169811872,0.3054168195580464,-6.486666759286663e-09,-9.999979511121636e-09,26.28287984314544,3.7516666766666673,26.202851924459367,screened_water_cap_0.00,optimistic_site_selection,uniform_new_build,tight,uniform_google_ai_2024,portfolio_mean,central,gentd26_hourly_service_demand.csv,gentd26_aligned_regional_hourly_cef.csv,capacity_scenarios.csv,energy_calibration_bounds.csv,trace_timestamp_anonymized,single_row_default,0.15,15.0,carbon,211.9472222222222,208.1955555355556,3.7516666866666672,0.9822990523426954,0.0,55.91956311375206,69.8994538921901,26.28287984144056,64.30749758081487,0.0,0.0,0.8814722222222227,,,3.7516666766666673,True,True,0,0,0.0,0.0,0.0,0.0,9.99999993922529e-09,0.0,11,0.0,184,1,0.0,0.0,208.1955555355556,0.0,0.0,0.0
scenario_coarse,0.0,0.0,0.0,,0.0,0.0,0.0,-14.62436722199958,-9.999979511121636e-09,26.28287984314544,3.7516666766666673,22.439174978366943,screened_water_cap_0.00,optimistic_site_selection,uniform_new_build,tight,uniform_google_ai_2024,portfolio_mean,central,gentd26_hourly_service_demand.csv,gentd26_aligned_regional_hourly_cef.csv,capacity_scenarios.csv,energy_calibration_bounds.csv,trace_timestamp_anonymized,single_row_default,0.15,20.0,carbon,211.9472222222222,208.1955555355556,3.7516666866666672,0.9822990523426954,0.1527029875904526,55.91956311375208,69.89945389219008,22.439174978366943,64.30749758081487,0.0,0.0,0.8814722222222227,,,3.7516666766666673,True,True,0,400,4.440892098500626e-16,0.0,0.0,0.0,9.99999993922529e-09,0.0,3,0.0,554,3,0.0,0.0,176.40347220222225,0.0,0.0,31.79208333333335
scenario_coarse,0.0,0.0,0.0,,0.0,0.0,0.0,-14.62436722199958,-9.999979511121636e-09,26.28287984314544,3.7516666766666673,22.439174978366943,screened_water_cap_0.00,optimistic_site_selection,uniform_new_build,tight,uniform_google_ai_2024,portfolio_mean,central,gentd26_hourly_service_demand.csv,gentd26_aligned_regional_hourly_cef.csv,capacity_scenarios.csv,energy_calibration_bounds.csv,trace_timestamp_anonymized,single_row_default,0.15,35.0,carbon,211.9472222222222,208.1955555355556,3.7516666866666672,0.9822990523426954,0.1527029875904526,55.91956311375208,69.89945389219008,22.439174978366943,64.30749758081487,0.0,0.0,0.8814722222222227,,,3.7516666766666673,True,True,0,400,4.440892098500626e-16,0.0,0.0,0.0,9.99999993922529e-09,0.0,3,0.0,554,3,0.0,0.0,176.40347220222225,0.0,0.0,31.79208333333335
scenario_coarse,0.0,0.0,2.513693305914148,0.0,2.513693305914148,0.1600558339623745,0.6127049430664666,-6.486666759286663e-09,-9.999979511121636e-09,26.28287984314544,3.7516666766666673,26.12282400747818,screened_water_cap_0.00,optimistic_site_selection,uniform_new_build,tight,uniform_google_ai_2024,portfolio_mean,central,gentd26_hourly_service_demand.csv,gentd26_aligned_regional_hourly_cef.csv,capacity_scenarios.csv,energy_calibration_bounds.csv,trace_timestamp_anonymized,single_row_default,0.3,15.0,carbon,211.9472222222222,208.1955555355556,3.7516666866666672,0.9822990523426954,0.0,55.91956311375206,69.8994538921901,26.28287984144056,64.30749758081487,0.0,0.0,0.0,,,3.7516666766666673,True,True,0,0,0.0,0.0,0.0,0.0,9.99999993922529e-09,0.0,11,0.0,184,1,0.0,0.0,208.1955555355556,0.0,0.0,0.0
scenario_coarse,0.0,0.0,0.0,,0.0,0.0,0.0,-29.02701597488676,-9.999951089412208e-09,26.28287984314544,3.7516666766666673,18.65374411241532,screened_water_cap_0.00,optimistic_site_selection,uniform_new_build,tight,uniform_google_ai_2024,portfolio_mean,central,gentd26_hourly_service_demand.csv,gentd26_aligned_regional_hourly_cef.csv,capacity_scenarios.csv,energy_calibration_bounds.csv,trace_timestamp_anonymized,single_row_default,0.3,20.0,carbon,211.9472222222222,208.1955555355556,3.751666686666668,0.9822990523426957,0.3054059751809052,55.91956311375206,69.89945389219008,18.65374411241532,64.30749758081487,0.0,0.0,0.0,,,3.7516666766666673,True,True,0,433,4.440892098500626e-16,0.0,0.0,0.0,1.00000003833145e-08,0.0443611111111108,0,0.0,554,3,0.0,0.0,144.61138886888887,0.0,0.0,63.5841666666667
scenario_coarse,0.0,0.0,0.0,,0.0,0.0,0.0,-29.02701597488676,-9.999951089412208e-09,26.28287984314544,3.7516666766666673,18.65374411241532,screened_water_cap_0.00,optimistic_site_selection,uniform_new_build,tight,uniform_google_ai_2024,portfolio_mean,central,gentd26_hourly_service_demand.csv,gentd26_aligned_regional_hourly_cef.csv,capacity_scenarios.csv,energy_calibration_bounds.csv,trace_timestamp_anonymized,single_row_default,0.3,35.0,carbon,211.9472222222222,208.1955555355556,3.751666686666668,0.9822990523426957,0.3054059751809052,55.91956311375206,69.89945389219008,18.65374411241532,64.30749758081487,0.0,0.0,0.0,,,3.7516666766666673,True,True,0,433,4.440892098500626e-16,0.0,0.0,0.0,1.00000003833145e-08,0.0443611111111108,0,0.0,554,3,0.0,0.0,144.61138886888887,0.0,0.0,63.5841666666667
scenario_coarse,0.0,0.0,4.1894888431902455,0.0,4.1894888431902455,0.2667597232706242,1.0253632058083717,-6.486666759286663e-09,-9.999979511121636e-09,26.28287984314544,3.7516666766666673,26.01612011816993,screened_water_cap_0.00,optimistic_site_selection,uniform_new_build,tight,uniform_google_ai_2024,portfolio_mean,central,gentd26_hourly_service_demand.csv,gentd26_aligned_regional_hourly_cef.csv,capacity_scenarios.csv,energy_calibration_bounds.csv,trace_timestamp_anonymized,single_row_default,0.5,15.0,carbon,211.9472222222222,208.1955555355556,3.7516666866666672,0.9822990523426954,0.0,55.91956311375206,69.8994538921901,26.28287984144056,64.30749758081487,0.0,0.0,0.0,,,3.7516666766666673,True,True,0,0,0.0,0.0,0.0,0.0,9.99999993922529e-09,0.0,11,0.0,184,1,0.0,0.0,208.1955555355556,0.0,0.0,0.0
scenario_coarse,0.0,0.0,0.1094808925916371,0.0,0.1094808925916371,0.00811457450407,0.0593115210290928,-47.915169971738415,-9.999979511121636e-09,26.28287984314544,3.7516666766666673,13.681278718330455,screened_water_cap_0.00,optimistic_site_selection,uniform_new_build,tight,uniform_google_ai_2024,portfolio_mean,central,gentd26_hourly_service_demand.csv,gentd26_aligned_regional_hourly_cef.csv,capacity_scenarios.csv,energy_calibration_bounds.csv,trace_timestamp_anonymized,single_row_default,0.5,20.0,carbon,211.9472222222222,208.1955555355556,3.7516666866666672,0.9822990523426954,0.5069432585236369,55.91956311375206,69.89945389219008,13.689393292834527,64.30749758081487,0.0,0.0,0.0,,,3.7516666766666673,True,True,0,451,0.0,0.0,0.0,0.0,9.99999993922529e-09,0.0,3,0.0,551,3,0.0,0.0,102.65222220222222,0.0,0.0,105.54333333333334
scenario_coarse,0.0,0.0,0.1094808925916371,0.0,0.1094808925916371,0.00811457450407,0.0593115210290928,-47.915169971738415,-9.999979511121636e-09,26.28287984314544,3.7516666766666673,13.681278718330455,screened_water_cap_0.00,optimistic_site_selection,uniform_new_build,tight,uniform_google_ai_2024,portfolio_mean,central,gentd26_hourly_service_demand.csv,gentd26_aligned_regional_hourly_cef.csv,capacity_scenarios.csv,energy_calibration_bounds.csv,trace_timestamp_anonymized,single_row_default,0.5,35.0,carbon,211.9472222222222,208.1955555355556,3.7516666866666672,0.9822990523426954,0.5069432585236369,55.91956311375206,69.89945389219008,13.689393292834527,64.30749758081487,0.0,0.0,0.0,,,3.7516666766666673,True,True,0,451,0.0,0.0,0.0,0.0,9.99999993922529e-09,0.0,3,0.0,551,3,0.0,0.0,102.65222220222222,0.0,0.0,105.54333333333334
scenario_coarse,0.0,0.0,1.2568466529570737,0.0,1.2568466529570737,0.0800279169811908,0.2995747721122876,-6.3629768121131755e-09,-1.0000007932831068e-08,26.793865140998378,1e-08,26.7138372223123,screened_water_cap_0.00,optimistic_site_selection,uniform_new_build,central,uniform_google_ai_2024,portfolio_mean,central,gentd26_hourly_service_demand.csv,gentd26_aligned_regional_hourly_cef.csv,capacity_scenarios.csv,energy_calibration_bounds.csv,trace_timestamp_anonymized,single_row_default,0.15,15.0,carbon,211.9472222222222,211.94722220222212,2e-08,0.9999999999056368,0.0,56.92722900944693,71.15903626180867,26.79386513929349,65.46631336086396,0.0,0.0,0.0,,,1e-08,True,True,0,0,0.0,0.0,0.0,0.0,1e-08,0.4919444444444445,0,0.0,184,1,0.0,0.0,211.94722220222224,0.0,0.0,0.0
scenario_coarse,0.0,0.0,0.0,,0.0,0.0,0.0,-14.060266391362276,-9.999979511121636e-09,26.793865140998378,1e-08,23.02657632563165,screened_water_cap_0.00,optimistic_site_selection,uniform_new_build,central,uniform_google_ai_2024,portfolio_mean,central,gentd26_hourly_service_demand.csv,gentd26_aligned_regional_hourly_cef.csv,capacity_scenarios.csv,energy_calibration_bounds.csv,trace_timestamp_anonymized,single_row_default,0.15,20.0,carbon,211.9472222222222,211.9472222022222,2e-08,0.9999999999056368,0.1500000000141544,56.92722900944694,71.15903626180867,23.02657632563165,65.46631336086396,0.0,0.0,0.0,,,1e-08,True,True,0,0,4.440892098500626e-16,0.0,0.0,0.0,1e-08,1.018152777777778,0,0.0,554,3,0.0,0.0,180.1551388688889,0.0,0.0,31.79208333333335
scenario_coarse,0.0,0.0,0.0,,0.0,0.0,0.0,-14.060266391362276,-9.999979511121636e-09,26.793865140998378,1e-08,23.02657632563165,screened_water_cap_0.00,optimistic_site_selection,uniform_new_build,central,uniform_google_ai_2024,portfolio_mean,central,gentd26_hourly_service_demand.csv,gentd26_aligned_regional_hourly_cef.csv,capacity_scenarios.csv,energy_calibration_bounds.csv,trace_timestamp_anonymized,single_row_default,0.15,35.0,carbon,211.9472222222222,211.9472222022222,2e-08,0.9999999999056368,0.1500000000141544,56.92722900944694,71.15903626180867,23.02657632563165,65.46631336086396,0.0,0.0,0.0,,,1e-08,True,True,0,0,4.440892098500626e-16,0.0,0.0,0.0,1e-08,1.018152777777778,0,0.0,554,3,0.0,0.0,180.1551388688889,0.0,0.0,31.79208333333335
scenario_coarse,0.0,0.0,2.513693305914148,0.0,2.513693305914148,0.1600558339623781,0.6009498383332756,-6.3629768121131755e-09,-1.0000007932831068e-08,26.793865140998378,1e-08,26.63380930533112,screened_water_cap_0.00,optimistic_site_selection,uniform_new_build,central,uniform_google_ai_2024,portfolio_mean,central,gentd26_hourly_service_demand.csv,gentd26_aligned_regional_hourly_cef.csv,capacity_scenarios.csv,energy_calibration_bounds.csv,trace_timestamp_anonymized,single_row_default,0.3,15.0,carbon,211.9472222222222,211.94722220222212,2e-08,0.9999999999056368,0.0,56.92722900944693,71.15903626180867,26.79386513929349,65.46631336086396,0.0,0.0,0.0,,,1e-08,True,True,0,0,0.0,0.0,0.0,0.0,1e-08,0.4919444444444445,0,0.0,184,1,0.0,0.0,211.94722220222224,0.0,0.0,0.0
scenario_coarse,0.0,0.0,0.0,,0.0,0.0,0.0,-28.12053277636156,-1.0000007932831068e-08,26.793865140998378,1e-08,19.259287511969813,screened_water_cap_0.00,optimistic_site_selection,uniform_new_build,central,uniform_google_ai_2024,portfolio_mean,central,gentd26_hourly_service_demand.csv,gentd26_aligned_regional_hourly_cef.csv,capacity_scenarios.csv,energy_calibration_bounds.csv,trace_timestamp_anonymized,single_row_default,0.3,20.0,carbon,211.9472222222222,211.94722220222212,2e-08,0.9999999999056368,0.3000000000283089,56.92722900944693,71.15903626180867,19.259287511969813,65.46631336086396,0.0,0.0,0.0,,,1e-08,True,True,0,0,4.440892098500626e-16,0.0,0.0,0.0,1e-08,0.9475833333333334,0,0.0,554,3,0.0,0.0,148.36305553555553,0.0,0.0,63.5841666666667
scenario_coarse,0.0,0.0,0.0,,0.0,0.0,0.0,-28.12053277636156,-1.0000007932831068e-08,26.793865140998378,1e-08,19.259287511969813,screened_water_cap_0.00,optimistic_site_selection,uniform_new_build,central,uniform_google_ai_2024,portfolio_mean,central,gentd26_hourly_service_demand.csv,gentd26_aligned_regional_hourly_cef.csv,capacity_scenarios.csv,energy_calibration_bounds.csv,trace_timestamp_anonymized,single_row_default,0.3,35.0,carbon,211.9472222222222,211.94722220222212,2e-08,0.9999999999056368,0.3000000000283089,56.92722900944693,71.15903626180867,19.259287511969813,65.46631336086396,0.0,0.0,0.0,,,1e-08,True,True,0,0,4.440892098500626e-16,0.0,0.0,0.0,1e-08,0.9475833333333334,0,0.0,554,3,0.0,0.0,148.36305553555553,0.0,0.0,63.5841666666667
scenario_coarse,0.0,0.0,4.1894888431902455,0.0,4.1894888431902455,0.2667597232706278,1.005611879196966,-6.3629768121131755e-09,-1.0000007932831068e-08,26.793865140998378,1e-08,26.527105416022863,screened_water_cap_0.00,optimistic_site_selection,uniform_new_build,central,uniform_google_ai_2024,portfolio_mean,central,gentd26_hourly_service_demand.csv,gentd26_aligned_regional_hourly_cef.csv,capacity_scenarios.csv,energy_calibration_bounds.csv,trace_timestamp_anonymized,single_row_default,0.5,15.0,carbon,211.9472222222222,211.94722220222212,2e-08,0.9999999999056368,0.0,56.92722900944693,71.15903626180867,26.79386513929349,65.46631336086396,0.0,0.0,0.0,,,1e-08,True,True,0,0,0.0,0.0,0.0,0.0,1e-08,0.4919444444444445,0,0.0,184,1,0.0,0.0,211.94722220222224,0.0,0.0,0.0
scenario_coarse,0.0,0.0,0.0,,0.0,0.0,0.0,-46.86755462302728,-1.0000007932831068e-08,26.793865140998378,1e-08,14.236235760420698,screened_water_cap_0.00,optimistic_site_selection,uniform_new_build,central,uniform_google_ai_2024,portfolio_mean,central,gentd26_hourly_service_demand.csv,gentd26_aligned_regional_hourly_cef.csv,capacity_scenarios.csv,energy_calibration_bounds.csv,trace_timestamp_anonymized,single_row_default,0.5,20.0,carbon,211.9472222222222,211.94722220222212,2e-08,0.9999999999056368,0.5000000000471817,56.92722900944693,71.15903626180867,14.236235760420698,65.46631336086396,0.0,0.0,0.0,,,1e-08,True,True,0,0,0.0,0.0,0.0,0.0,1e-08,0.2459722222222222,0,0.0,554,3,0.0,0.0,105.97361109111112,0.0,0.0,105.97361111111113
scenario_coarse,0.0,0.0,0.0,,0.0,0.0,0.0,-46.86755462302728,-1.0000007932831068e-08,26.793865140998378,1e-08,14.236235760420698,screened_water_cap_0.00,optimistic_site_selection,uniform_new_build,central,uniform_google_ai_2024,portfolio_mean,central,gentd26_hourly_service_demand.csv,gentd26_aligned_regional_hourly_cef.csv,capacity_scenarios.csv,energy_calibration_bounds.csv,trace_timestamp_anonymized,single_row_default,0.5,35.0,carbon,211.9472222222222,211.94722220222212,2e-08,0.9999999999056368,0.5000000000471817,56.92722900944693,71.15903626180867,14.236235760420698,65.46631336086396,0.0,0.0,0.0,,,1e-08,True,True,0,0,0.0,0.0,0.0,0.0,1e-08,0.2459722222222222,0,0.0,554,3,0.0,0.0,105.97361109111112,0.0,0.0,105.97361111111113
scenario_coarse,0.0,0.0,1.2568466529570737,0.0,1.2568466529570737,0.0800279169811908,0.2995747721122876,-6.3629768121131755e-09,-1.0000007932831068e-08,26.793865140998378,1e-08,26.7138372223123,screened_water_cap_0.00,optimistic_site_selection,uniform_new_build,ample,uniform_google_ai_2024,portfolio_mean,central,gentd26_hourly_service_demand.csv,gentd26_aligned_regional_hourly_cef.csv,capacity_scenarios.csv,energy_calibration_bounds.csv,trace_timestamp_anonymized,single_row_default,0.15,15.0,carbon,211.9472222222222,211.94722220222212,2e-08,0.9999999999056368,0.0,56.92722900944693,71.15903626180867,26.79386513929349,65.46631336086396,0.0,0.0,0.0,,,1e-08,True,True,0,0,0.0,0.0,0.0,0.0,1e-08,1.4919444444444443,0,0.0,184,1,0.0,0.0,211.94722220222224,0.0,0.0,0.0
scenario_coarse,0.0,0.0,0.0,,0.0,0.0,0.0,-14.060266391362276,-9.999979511121636e-09,26.793865140998378,1e-08,23.02657632563165,screened_water_cap_0.00,optimistic_site_selection,uniform_new_build,ample,uniform_google_ai_2024,portfolio_mean,central,gentd26_hourly_service_demand.csv,gentd26_aligned_regional_hourly_cef.csv,capacity_scenarios.csv,energy_calibration_bounds.csv,trace_timestamp_anonymized,single_row_default,0.15,20.0,carbon,211.9472222222222,211.9472222022222,2e-08,0.9999999999056368,0.1500000000141544,56.92722900944694,71.15903626180867,23.02657632563165,65.46631336086396,0.0,0.0,0.0,,,1e-08,True,True,0,0,4.440892098500626e-16,0.0,0.0,0.0,1e-08,2.018152777777778,0,0.0,554,3,0.0,0.0,180.1551388688889,0.0,0.0,31.79208333333335
scenario_coarse,0.0,0.0,0.0,,0.0,0.0,0.0,-14.060266391362276,-9.999979511121636e-09,26.793865140998378,1e-08,23.02657632563165,screened_water_cap_0.00,optimistic_site_selection,uniform_new_build,ample,uniform_google_ai_2024,portfolio_mean,central,gentd26_hourly_service_demand.csv,gentd26_aligned_regional_hourly_cef.csv,capacity_scenarios.csv,energy_calibration_bounds.csv,trace_timestamp_anonymized,single_row_default,0.15,35.0,carbon,211.9472222222222,211.9472222022222,2e-08,0.9999999999056368,0.1500000000141544,56.92722900944694,71.15903626180867,23.02657632563165,65.46631336086396,0.0,0.0,0.0,,,1e-08,True,True,0,0,4.440892098500626e-16,0.0,0.0,0.0,1e-08,2.018152777777778,0,0.0,554,3,0.0,0.0,180.1551388688889,0.0,0.0,31.79208333333335
scenario_coarse,0.0,0.0,2.513693305914148,0.0,2.513693305914148,0.1600558339623781,0.6009498383332756,-6.3629768121131755e-09,-1.0000007932831068e-08,26.793865140998378,1e-08,26.63380930533112,screened_water_cap_0.00,optimistic_site_selection,uniform_new_build,ample,uniform_google_ai_2024,portfolio_mean,central,gentd26_hourly_service_demand.csv,gentd26_aligned_regional_hourly_cef.csv,capacity_scenarios.csv,energy_calibration_bounds.csv,trace_timestamp_anonymized,single_row_default,0.3,15.0,carbon,211.9472222222222,211.94722220222212,2e-08,0.9999999999056368,0.0,56.92722900944693,71.15903626180867,26.79386513929349,65.46631336086396,0.0,0.0,0.0,,,1e-08,True,True,0,0,0.0,0.0,0.0,0.0,1e-08,1.4919444444444443,0,0.0,184,1,0.0,0.0,211.94722220222224,0.0,0.0,0.0
scenario_coarse,0.0,0.0,0.0,,0.0,0.0,0.0,-28.12053277636156,-1.0000007932831068e-08,26.793865140998378,1e-08,19.259287511969813,screened_water_cap_0.00,optimistic_site_selection,uniform_new_build,ample,uniform_google_ai_2024,portfolio_mean,central,gentd26_hourly_service_demand.csv,gentd26_aligned_regional_hourly_cef.csv,capacity_scenarios.csv,energy_calibration_bounds.csv,trace_timestamp_anonymized,single_row_default,0.3,20.0,carbon,211.9472222222222,211.94722220222212,2e-08,0.9999999999056368,0.3000000000283089,56.92722900944693,71.15903626180867,19.259287511969813,65.46631336086396,0.0,0.0,0.0,,,1e-08,True,True,0,0,4.440892098500626e-16,0.0,0.0,0.0,1e-08,1.9475833333333328,0,0.0,554,3,0.0,0.0,148.36305553555553,0.0,0.0,63.5841666666667
scenario_coarse,0.0,0.0,0.0,,0.0,0.0,0.0,-28.12053277636156,-1.0000007932831068e-08,26.793865140998378,1e-08,19.259287511969813,screened_water_cap_0.00,optimistic_site_selection,uniform_new_build,ample,uniform_google_ai_2024,portfolio_mean,central,gentd26_hourly_service_demand.csv,gentd26_aligned_regional_hourly_cef.csv,capacity_scenarios.csv,energy_calibration_bounds.csv,trace_timestamp_anonymized,single_row_default,0.3,35.0,carbon,211.9472222222222,211.94722220222212,2e-08,0.9999999999056368,0.3000000000283089,56.92722900944693,71.15903626180867,19.259287511969813,65.46631336086396,0.0,0.0,0.0,,,1e-08,True,True,0,0,4.440892098500626e-16,0.0,0.0,0.0,1e-08,1.9475833333333328,0,0.0,554,3,0.0,0.0,148.36305553555553,0.0,0.0,63.5841666666667
scenario_coarse,0.0,0.0,4.1894888431902455,0.0,4.1894888431902455,0.2667597232706278,1.005611879196966,-6.3629768121131755e-09,-1.0000007932831068e-08,26.793865140998378,1e-08,26.527105416022863,screened_water_cap_0.00,optimistic_site_selection,uniform_new_build,ample,uniform_google_ai_2024,portfolio_mean,central,gentd26_hourly_service_demand.csv,gentd26_aligned_regional_hourly_cef.csv,capacity_scenarios.csv,energy_calibration_bounds.csv,trace_timestamp_anonymized,single_row_default,0.5,15.0,carbon,211.9472222222222,211.94722220222212,2e-08,0.9999999999056368,0.0,56.92722900944693,71.15903626180867,26.79386513929349,65.46631336086396,0.0,0.0,0.0,,,1e-08,True,True,0,0,0.0,0.0,0.0,0.0,1e-08,1.4919444444444443,0,0.0,184,1,0.0,0.0,211.94722220222224,0.0,0.0,0.0
scenario_coarse,0.0,0.0,0.0,,0.0,0.0,0.0,-46.86755462302728,-1.0000007932831068e-08,26.793865140998378,1e-08,14.236235760420698,screened_water_cap_0.00,optimistic_site_selection,uniform_new_build,ample,uniform_google_ai_2024,portfolio_mean,central,gentd26_hourly_service_demand.csv,gentd26_aligned_regional_hourly_cef.csv,capacity_scenarios.csv,energy_calibration_bounds.csv,trace_timestamp_anonymized,single_row_default,0.5,20.0,carbon,211.9472222222222,211.94722220222212,2e-08,0.9999999999056368,0.5000000000471817,56.92722900944693,71.15903626180867,14.236235760420698,65.46631336086396,0.0,0.0,0.0,,,1e-08,True,True,0,0,0.0,0.0,0.0,0.0,1e-08,1.2459722222222225,0,0.0,554,3,0.0,0.0,105.97361109111112,0.0,0.0,105.97361111111113
scenario_coarse,0.0,0.0,0.0,,0.0,0.0,0.0,-46.86755462302728,-1.0000007932831068e-08,26.793865140998378,1e-08,14.236235760420698,screened_water_cap_0.00,optimistic_site_selection,uniform_new_build,ample,uniform_google_ai_2024,portfolio_mean,central,gentd26_hourly_service_demand.csv,gentd26_aligned_regional_hourly_cef.csv,capacity_scenarios.csv,energy_calibration_bounds.csv,trace_timestamp_anonymized,single_row_default,0.5,35.0,carbon,211.9472222222222,211.94722220222212,2e-08,0.9999999999056368,0.5000000000471817,56.92722900944693,71.15903626180867,14.236235760420698,65.46631336086396,0.0,0.0,0.0,,,1e-08,True,True,0,0,0.0,0.0,0.0,0.0,1e-08,1.2459722222222225,0,0.0,554,3,0.0,0.0,105.97361109111112,0.0,0.0,105.97361111111113
scenario_coarse,0.0,0.0,9.8065235837036,0.0,9.8065235837036,2.902122245743349,5.490383331856541,-5.108591327740441e-09,-1.0000007932831068e-08,55.760403179624994,3.7516666766666673,52.85828093103307,screened_water_cap_0.00,conservative_site_selection,legacy_stress,tight,uniform_google_ai_2024,portfolio_mean,central,gentd26_hourly_service_demand.csv,gentd26_aligned_regional_hourly_cef.csv,capacity_scenarios.csv,energy_calibration_bounds.csv,trace_timestamp_anonymized,single_row_default,0.15,15.0,carbon,211.9472222222222,208.1955555355556,3.7516666866666672,0.9822990523426954,0.0,55.91956311375206,75.49141020356531,55.76040317677642,64.30749758081487,0.0,0.0,0.8814722222222227,,,3.7516666766666673,True,True,0,0,0.0,0.0,0.0,0.0,9.99999993922529e-09,0.0,11,0.0,184,1,0.0,0.0,208.1955555355556,0.0,0.0,0.0
scenario_coarse,0.0,0.0,7.496240799820507,0.0,7.496240799820507,1.6175408402773783,3.087497307358822,-3.143502951676713,-9.999979511121636e-09,55.760403179624994,3.7516666766666673,52.39003241952927,screened_water_cap_0.00,conservative_site_selection,legacy_stress,tight,uniform_google_ai_2024,portfolio_mean,central,gentd26_hourly_service_demand.csv,gentd26_aligned_regional_hourly_cef.csv,capacity_scenarios.csv,energy_calibration_bounds.csv,trace_timestamp_anonymized,single_row_default,0.15,20.0,carbon,211.9472222222222,208.1955555355556,3.7516666866666672,0.9822990523426957,0.1523345439263407,55.91956311375206,74.63956208921593,54.00757325980665,64.30749758081487,0.0,0.0,0.8814722222222227,,,3.7516666766666673,True,True,0,397,4.440892098500626e-16,0.0,0.0,0.0,9.99999993922529e-09,0.0,3,0.0,552,3,0.0,0.0,176.48018053555558,0.0,0.0,31.71537500000001
scenario_coarse,0.0,0.0,7.496240799820507,0.0,7.496240799820507,1.6175408402773783,3.087497307358822,-3.143502951676713,-9.999979511121636e-09,55.760403179624994,3.7516666766666673,52.39003241952927,screened_water_cap_0.00,conservative_site_selection,legacy_stress,tight,uniform_google_ai_2024,portfolio_mean,central,gentd26_hourly_service_demand.csv,gentd26_aligned_regional_hourly_cef.csv,capacity_scenarios.csv,energy_calibration_bounds.csv,trace_timestamp_anonymized,single_row_default,0.15,35.0,carbon,211.9472222222222,208.1955555355556,3.7516666866666672,0.9822990523426957,0.1523345439263407,55.91956311375206,74.63956208921593,54.00757325980665,64.30749758081487,0.0,0.0,0.8814722222222227,,,3.7516666766666673,True,True,0,397,4.440892098500626e-16,0.0,0.0,0.0,9.99999993922529e-09,0.0,3,0.0,552,3,0.0,0.0,176.48018053555558,0.0,0.0,31.71537500000001
scenario_coarse,0.0,0.0,19.613047167407203,0.0,19.613047167407203,5.782675626000085,11.570505321845626,-5.108591327740441e-09,-1.0000007932831068e-08,55.760403179624994,3.7516666766666673,49.977727550776336,screened_water_cap_0.00,conservative_site_selection,legacy_stress,tight,uniform_google_ai_2024,portfolio_mean,central,gentd26_hourly_service_demand.csv,gentd26_aligned_regional_hourly_cef.csv,capacity_scenarios.csv,energy_calibration_bounds.csv,trace_timestamp_anonymized,single_row_default,0.3,15.0,carbon,211.9472222222222,208.1955555355556,3.7516666866666672,0.9822990523426954,0.0,55.91956311375206,75.49141020356531,55.76040317677642,64.30749758081487,0.0,0.0,0.0,,,3.7516666766666673,True,True,0,0,0.0,0.0,0.0,0.0,9.99999993922529e-09,0.0,11,0.0,184,1,0.0,0.0,208.1955555355556,0.0,0.0,0.0
scenario_coarse,0.0,0.0,14.992481599641014,0.0,14.992481599641014,3.2350816805547566,6.596656824756764,-6.248324568382236,-1.0000036354540498e-08,55.760403179624994,3.7516666766666673,49.04123052776874,screened_water_cap_0.00,conservative_site_selection,legacy_stress,tight,uniform_google_ai_2024,portfolio_mean,central,gentd26_hourly_service_demand.csv,gentd26_aligned_regional_hourly_cef.csv,capacity_scenarios.csv,energy_calibration_bounds.csv,trace_timestamp_anonymized,single_row_default,0.3,20.0,carbon,211.9472222222222,208.1955555355555,3.7516666866666672,0.9822990523426952,0.3046690878526815,55.91956311375206,73.78771397486656,52.276312208323496,64.30749758081487,0.0,0.0,0.0,,,3.7516666766666673,True,True,0,415,4.440892098500626e-16,0.0,0.0,0.0,9.99999993922529e-09,0.0443611111111108,0,0.0,552,3,0.0,0.0,144.76480553555552,0.0,0.0,63.430750000000025
scenario_coarse,0.0,0.0,14.992481599641014,0.0,14.992481599641014,3.2350816805547566,6.596656824756764,-6.248324568382236,-1.0000036354540498e-08,55.760403179624994,3.7516666766666673,49.04123052776874,screened_water_cap_0.00,conservative_site_selection,legacy_stress,tight,uniform_google_ai_2024,portfolio_mean,central,gentd26_hourly_service_demand.csv,gentd26_aligned_regional_hourly_cef.csv,capacity_scenarios.csv,energy_calibration_bounds.csv,trace_timestamp_anonymized,single_row_default,0.3,35.0,carbon,211.9472222222222,208.1955555355555,3.7516666866666672,0.9822990523426952,0.3046690878526815,55.91956311375206,73.78771397486656,52.276312208323496,64.30749758081487,0.0,0.0,0.0,,,3.7516666766666673,True,True,0,415,4.440892098500626e-16,0.0,0.0,0.0,9.99999993922529e-09,0.0443611111111108,0,0.0,552,3,0.0,0.0,144.76480553555552,0.0,0.0,63.430750000000025
scenario_coarse,0.0,0.0,32.55550763327706,0.0,32.55550763327706,9.586981932635652,20.76298804445253,-5.108591327740441e-09,-1.0000007932831068e-08,55.760403179624994,3.7516666766666673,46.17342124414077,screened_water_cap_0.00,conservative_site_selection,legacy_stress,tight,uniform_google_ai_2024,portfolio_mean,central,gentd26_hourly_service_demand.csv,gentd26_aligned_regional_hourly_cef.csv,capacity_scenarios.csv,energy_calibration_bounds.csv,trace_timestamp_anonymized,single_row_default,0.5,15.0,carbon,211.9472222222222,208.1955555355556,3.7516666866666672,0.9822990523426954,0.0,55.91956311375206,75.49141020356531,55.76040317677642,64.30749758081487,0.0,0.0,0.0,,,3.7516666766666673,True,True,0,0,0.0,0.0,0.0,0.0,9.99999993922529e-09,0.0,11,0.0,184,1,0.0,0.0,208.1955555355556,0.0,0.0,0.0
scenario_coarse,0.0,0.0,25.09695022532666,0.0,25.09695022532666,5.407224660966946,12.12333759148554,-10.31448073928598,-1.0000007932831068e-08,55.760403179624994,3.7516666766666673,44.60178247254742,screened_water_cap_0.00,conservative_site_selection,legacy_stress,tight,uniform_google_ai_2024,portfolio_mean,central,gentd26_hourly_service_demand.csv,gentd26_aligned_regional_hourly_cef.csv,capacity_scenarios.csv,energy_calibration_bounds.csv,trace_timestamp_anonymized,single_row_default,0.5,20.0,carbon,211.9472222222222,208.1955555355556,3.751666686666668,0.9822990523426954,0.5057151129765972,55.91956311375206,72.66347338579799,50.009007133514366,64.30749758081487,0.0,0.0,0.0,,,3.7516666766666673,True,True,0,432,0.0,0.0,0.0,0.0,1.00000003833145e-08,0.0,3,0.0,549,3,0.0,0.0,102.90791664666668,0.0,0.0,105.28763888888888
scenario_coarse,0.0,0.0,25.09695022532666,0.0,25.09695022532666,5.407224660966946,12.12333759148554,-10.31448073928598,-1.0000007932831068e-08,55.760403179624994,3.7516666766666673,44.60178247254742,screened_water_cap_0.00,conservative_site_selection,legacy_stress,tight,uniform_google_ai_2024,portfolio_mean,central,gentd26_hourly_service_demand.csv,gentd26_aligned_regional_hourly_cef.csv,capacity_scenarios.csv,energy_calibration_bounds.csv,trace_timestamp_anonymized,single_row_default,0.5,35.0,carbon,211.9472222222222,208.1955555355556,3.751666686666668,0.9822990523426954,0.5057151129765972,55.91956311375206,72.66347338579799,50.009007133514366,64.30749758081487,0.0,0.0,0.0,,,3.7516666766666673,True,True,0,432,0.0,0.0,0.0,0.0,1.00000003833145e-08,0.0,3,0.0,549,3,0.0,0.0,102.90791664666668,0.0,0.0,105.28763888888888
scenario_coarse,0.0,0.0,9.8065235837036,0.0,9.8065235837036,2.8700578312645746,5.324482140886544,-5.017486426339701e-09,-1.0000007932831068e-08,56.77309958206999,1e-08,53.903041747956834,screened_water_cap_0.00,conservative_site_selection,legacy_stress,central,uniform_google_ai_2024,portfolio_mean,central,gentd26_hourly_service_demand.csv,gentd26_aligned_regional_hourly_cef.csv,capacity_scenarios.csv,energy_calibration_bounds.csv,trace_timestamp_anonymized,single_row_default,0.15,15.0,carbon,211.9472222222222,211.94722220222212,2e-08,0.9999999999056368,0.0,56.92722900944693,76.85175916275338,56.77309957922141,65.46631336086396,0.0,0.0,0.0,,,1e-08,True,True,0,0,0.0,0.0,0.0,0.0,1e-08,0.4919444444444445,0,0.0,184,1,0.0,0.0,211.94722220222224,0.0,0.0,0.0
scenario_coarse,0.0,0.0,7.496240799820507,0.0,7.496240799820507,1.6175408402773783,3.0271303439308506,-3.030952190397984,-9.999979511121636e-09,56.77309958206999,1e-08,53.43479323645303,screened_water_cap_0.00,conservative_site_selection,legacy_stress,central,uniform_google_ai_2024,portfolio_mean,central,gentd26_hourly_service_demand.csv,gentd26_aligned_regional_hourly_cef.csv,capacity_scenarios.csv,energy_calibration_bounds.csv,trace_timestamp_anonymized,single_row_default,0.15,20.0,carbon,211.9472222222222,211.9472222022222,2e-08,0.9999999999056368,0.1496380781520215,56.92722900944694,75.99991104840402,55.05233407673041,65.46631336086396,0.0,0.0,0.0,,,1e-08,True,True,0,0,4.440892098500626e-16,0.0,0.0,0.0,1e-08,1.018152777777778,0,0.0,552,3,0.0,0.0,180.23184720222224,0.0,0.0,31.71537500000001
scenario_coarse,0.0,0.0,7.496240799820507,0.0,7.496240799820507,1.6175408402773783,3.0271303439308506,-3.030952190397984,-9.999979511121636e-09,56.77309958206999,1e-08,53.43479323645303,screened_water_cap_0.00,conservative_site_selection,legacy_stress,central,uniform_google_ai_2024,portfolio_mean,central,gentd26_hourly_service_demand.csv,gentd26_aligned_regional_hourly_cef.csv,capacity_scenarios.csv,energy_calibration_bounds.csv,trace_timestamp_anonymized,single_row_default,0.15,35.0,carbon,211.9472222222222,211.9472222022222,2e-08,0.9999999999056368,0.1496380781520215,56.92722900944694,75.99991104840402,55.05233407673041,65.46631336086396,0.0,0.0,0.0,,,1e-08,True,True,0,0,4.440892098500626e-16,0.0,0.0,0.0,1e-08,1.018152777777778,0,0.0,552,3,0.0,0.0,180.23184720222224,0.0,0.0,31.71537500000001
scenario_coarse,0.0,0.0,19.613047167407203,0.0,19.613047167407203,5.740115662529163,11.24785427381534,-5.017486426339701e-09,-1.0000007932831068e-08,56.77309958206999,1e-08,51.032983916692245,screened_water_cap_0.00,conservative_site_selection,legacy_stress,central,uniform_google_ai_2024,portfolio_mean,central,gentd26_hourly_service_demand.csv,gentd26_aligned_regional_hourly_cef.csv,capacity_scenarios.csv,energy_calibration_bounds.csv,trace_timestamp_anonymized,single_row_default,0.3,15.0,carbon,211.9472222222222,211.94722220222212,2e-08,0.9999999999056368,0.0,56.92722900944693,76.85175916275338,56.77309957922141,65.46631336086396,0.0,0.0,0.0,,,1e-08,True,True,0,0,0.0,0.0,0.0,0.0,1e-08,0.4919444444444445,0,0.0,184,1,0.0,0.0,211.94722220222224,0.0,0.0,0.0
scenario_coarse,0.0,0.0,14.992481599641014,0.0,14.992481599641014,3.235081680554749,6.457701689582107,-6.061904375778493,-1.0000007932831068e-08,56.77309958206999,1e-08,50.096486893684656,screened_water_cap_0.00,conservative_site_selection,legacy_stress,central,uniform_google_ai_2024,portfolio_mean,central,gentd26_hourly_service_demand.csv,gentd26_aligned_regional_hourly_cef.csv,capacity_scenarios.csv,energy_calibration_bounds.csv,trace_timestamp_anonymized,single_row_default,0.3,20.0,carbon,211.9472222222222,211.94722220222212,2e-08,0.9999999999056368,0.299276156304043,56.92722900944693,75.14806293405464,53.331568574239405,65.46631336086396,0.0,0.0,0.0,,,1e-08,True,True,0,0,4.440892098500626e-16,0.0,0.0,0.0,1e-08,0.9475833333333334,0,0.0,552,3,0.0,0.0,148.5164722022222,0.0,0.0,63.430750000000025
scenario_coarse,0.0,0.0,14.992481599641014,0.0,14.992481599641014,3.235081680554749,6.457701689582107,-6.061904375778493,-1.0000007932831068e-08,56.77309958206999,1e-08,50.096486893684656,screened_water_cap_0.00,conservative_site_selection,legacy_stress,central,uniform_google_ai_2024,portfolio_mean,central,gentd26_hourly_service_demand.csv,gentd26_aligned_regional_hourly_cef.csv,capacity_scenarios.csv,energy_calibration_bounds.csv,trace_timestamp_anonymized,single_row_default,0.3,35.0,carbon,211.9472222222222,211.94722220222212,2e-08,0.9999999999056368,0.299276156304043,56.92722900944693,75.14806293405464,53.331568574239405,65.46631336086396,0.0,0.0,0.0,,,1e-08,True,True,0,0,4.440892098500626e-16,0.0,0.0,0.0,1e-08,0.9475833333333334,0,0.0,552,3,0.0,0.0,148.5164722022222,0.0,0.0,63.430750000000025
scenario_coarse,0.0,0.0,32.688411945678666,0.0,32.688411945678666,9.566859437548615,20.26609068808929,-5.017486426339701e-09,-1.0000007932831068e-08,56.77309958206999,1e-08,47.2062401416728,screened_water_cap_0.00,conservative_site_selection,legacy_stress,central,uniform_google_ai_2024,portfolio_mean,central,gentd26_hourly_service_demand.csv,gentd26_aligned_regional_hourly_cef.csv,capacity_scenarios.csv,energy_calibration_bounds.csv,trace_timestamp_anonymized,single_row_default,0.5,15.0,carbon,211.9472222222222,211.94722220222212,2e-08,0.9999999999056368,0.0,56.92722900944693,76.85175916275338,56.77309957922141,65.46631336086396,0.0,0.0,0.0,,,1e-08,True,True,0,0,0.0,0.0,0.0,0.0,1e-08,0.4919444444444445,0,0.0,184,1,0.0,0.0,211.94722220222224,0.0,0.0,0.0
scenario_coarse,0.0,0.0,24.98746933273502,0.0,24.98746933273502,5.3918028009246015,11.812365343736664,-10.103173956285827,-1.0000007932831068e-08,56.77309958206999,1e-08,45.64541176999347,screened_water_cap_0.00,conservative_site_selection,legacy_stress,central,uniform_google_ai_2024,portfolio_mean,central,gentd26_hourly_service_demand.csv,gentd26_aligned_regional_hourly_cef.csv,capacity_scenarios.csv,energy_calibration_bounds.csv,trace_timestamp_anonymized,single_row_default,0.5,20.0,carbon,211.9472222222222,211.94722220222212,2e-08,0.9999999999056368,0.4987935938400718,56.92722900944693,74.01226544825549,51.03721457091808,65.46631336086396,0.0,0.0,0.0,,,1e-08,True,True,0,0,0.0,0.0,0.0,0.0,1e-08,0.2459722222222222,0,0.0,552,3,0.0,0.0,106.22930553555555,0.0,0.0,105.71791666666668
scenario_coarse,0.0,0.0,24.98746933273502,0.0,24.98746933273502,5.3918028009246015,11.812365343736664,-10.103173956285827,-1.0000007932831068e-08,56.77309958206999,1e-08,45.64541176999347,screened_water_cap_0.00,conservative_site_selection,legacy_stress,central,uniform_google_ai_2024,portfolio_mean,central,gentd26_hourly_service_demand.csv,gentd26_aligned_regional_hourly_cef.csv,capacity_scenarios.csv,energy_calibration_bounds.csv,trace_timestamp_anonymized,single_row_default,0.5,35.0,carbon,211.9472222222222,211.94722220222212,2e-08,0.9999999999056368,0.4987935938400718,56.92722900944693,74.01226544825549,51.03721457091808,65.46631336086396,0.0,0.0,0.0,,,1e-08,True,True,0,0,0.0,0.0,0.0,0.0,1e-08,0.2459722222222222,0,0.0,552,3,0.0,0.0,106.22930553555555,0.0,0.0,105.71791666666668
scenario_coarse,0.0,0.0,9.8065235837036,0.0,9.8065235837036,2.8700578312645746,5.324482140886544,-5.017486426339701e-09,-1.0000007932831068e-08,56.77309958206999,1e-08,53.903041747956834,screened_water_cap_0.00,conservative_site_selection,legacy_stress,ample,uniform_google_ai_2024,portfolio_mean,central,gentd26_hourly_service_demand.csv,gentd26_aligned_regional_hourly_cef.csv,capacity_scenarios.csv,energy_calibration_bounds.csv,trace_timestamp_anonymized,single_row_default,0.15,15.0,carbon,211.9472222222222,211.94722220222212,2e-08,0.9999999999056368,0.0,56.92722900944693,76.85175916275338,56.77309957922141,65.46631336086396,0.0,0.0,0.0,,,1e-08,True,True,0,0,0.0,0.0,0.0,0.0,1e-08,1.4919444444444443,0,0.0,184,1,0.0,0.0,211.94722220222224,0.0,0.0,0.0
scenario_coarse,0.0,0.0,7.496240799820507,0.0,7.496240799820507,1.6175408402773783,3.0271303439308506,-3.030952190397984,-9.999979511121636e-09,56.77309958206999,1e-08,53.43479323645303,screened_water_cap_0.00,conservative_site_selection,legacy_stress,ample,uniform_google_ai_2024,portfolio_mean,central,gentd26_hourly_service_demand.csv,gentd26_aligned_regional_hourly_cef.csv,capacity_scenarios.csv,energy_calibration_bounds.csv,trace_timestamp_anonymized,single_row_default,0.15,20.0,carbon,211.9472222222222,211.9472222022222,2e-08,0.9999999999056368,0.1496380781520215,56.92722900944694,75.99991104840402,55.05233407673041,65.46631336086396,0.0,0.0,0.0,,,1e-08,True,True,0,0,4.440892098500626e-16,0.0,0.0,0.0,1e-08,2.018152777777778,0,0.0,552,3,0.0,0.0,180.23184720222224,0.0,0.0,31.71537500000001
scenario_coarse,0.0,0.0,7.496240799820507,0.0,7.496240799820507,1.6175408402773783,3.0271303439308506,-3.030952190397984,-9.999979511121636e-09,56.77309958206999,1e-08,53.43479323645303,screened_water_cap_0.00,conservative_site_selection,legacy_stress,ample,uniform_google_ai_2024,portfolio_mean,central,gentd26_hourly_service_demand.csv,gentd26_aligned_regional_hourly_cef.csv,capacity_scenarios.csv,energy_calibration_bounds.csv,trace_timestamp_anonymized,single_row_default,0.15,35.0,carbon,211.9472222222222,211.9472222022222,2e-08,0.9999999999056368,0.1496380781520215,56.92722900944694,75.99991104840402,55.05233407673041,65.46631336086396,0.0,0.0,0.0,,,1e-08,True,True,0,0,4.440892098500626e-16,0.0,0.0,0.0,1e-08,2.018152777777778,0,0.0,552,3,0.0,0.0,180.23184720222224,0.0,0.0,31.71537500000001
scenario_coarse,0.0,0.0,19.613047167407203,0.0,19.613047167407203,5.740115662529163,11.24785427381534,-5.017486426339701e-09,-1.0000007932831068e-08,56.77309958206999,1e-08,51.032983916692245,screened_water_cap_0.00,conservative_site_selection,legacy_stress,ample,uniform_google_ai_2024,portfolio_mean,central,gentd26_hourly_service_demand.csv,gentd26_aligned_regional_hourly_cef.csv,capacity_scenarios.csv,energy_calibration_bounds.csv,trace_timestamp_anonymized,single_row_default,0.3,15.0,carbon,211.9472222222222,211.94722220222212,2e-08,0.9999999999056368,0.0,56.92722900944693,76.85175916275338,56.77309957922141,65.46631336086396,0.0,0.0,0.0,,,1e-08,True,True,0,0,0.0,0.0,0.0,0.0,1e-08,1.4919444444444443,0,0.0,184,1,0.0,0.0,211.94722220222224,0.0,0.0,0.0
scenario_coarse,0.0,0.0,14.992481599641014,0.0,14.992481599641014,3.235081680554749,6.457701689582107,-6.061904375778493,-1.0000007932831068e-08,56.77309958206999,1e-08,50.096486893684656,screened_water_cap_0.00,conservative_site_selection,legacy_stress,ample,uniform_google_ai_2024,portfolio_mean,central,gentd26_hourly_service_demand.csv,gentd26_aligned_regional_hourly_cef.csv,capacity_scenarios.csv,energy_calibration_bounds.csv,trace_timestamp_anonymized,single_row_default,0.3,20.0,carbon,211.9472222222222,211.94722220222212,2e-08,0.9999999999056368,0.299276156304043,56.92722900944693,75.14806293405464,53.331568574239405,65.46631336086396,0.0,0.0,0.0,,,1e-08,True,True,0,0,4.440892098500626e-16,0.0,0.0,0.0,1e-08,1.9475833333333328,0,0.0,552,3,0.0,0.0,148.5164722022222,0.0,0.0,63.430750000000025
scenario_coarse,0.0,0.0,14.992481599641014,0.0,14.992481599641014,3.235081680554749,6.457701689582107,-6.061904375778493,-1.0000007932831068e-08,56.77309958206999,1e-08,50.096486893684656,screened_water_cap_0.00,conservative_site_selection,legacy_stress,ample,uniform_google_ai_2024,portfolio_mean,central,gentd26_hourly_service_demand.csv,gentd26_aligned_regional_hourly_cef.csv,capacity_scenarios.csv,energy_calibration_bounds.csv,trace_timestamp_anonymized,single_row_default,0.3,35.0,carbon,211.9472222222222,211.94722220222212,2e-08,0.9999999999056368,0.299276156304043,56.92722900944693,75.14806293405464,53.331568574239405,65.46631336086396,0.0,0.0,0.0,,,1e-08,True,True,0,0,4.440892098500626e-16,0.0,0.0,0.0,1e-08,1.9475833333333328,0,0.0,552,3,0.0,0.0,148.5164722022222,0.0,0.0,63.430750000000025
scenario_coarse,0.0,0.0,32.688411945678666,0.0,32.688411945678666,9.566859437548615,20.26609068808929,-5.017486426339701e-09,-1.0000007932831068e-08,56.77309958206999,1e-08,47.2062401416728,screened_water_cap_0.00,conservative_site_selection,legacy_stress,ample,uniform_google_ai_2024,portfolio_mean,central,gentd26_hourly_service_demand.csv,gentd26_aligned_regional_hourly_cef.csv,capacity_scenarios.csv,energy_calibration_bounds.csv,trace_timestamp_anonymized,single_row_default,0.5,15.0,carbon,211.9472222222222,211.94722220222212,2e-08,0.9999999999056368,0.0,56.92722900944693,76.85175916275338,56.77309957922141,65.46631336086396,0.0,0.0,0.0,,,1e-08,True,True,0,0,0.0,0.0,0.0,0.0,1e-08,1.4919444444444443,0,0.0,184,1,0.0,0.0,211.94722220222224,0.0,0.0,0.0
scenario_coarse,0.0,0.0,24.98746933273502,0.0,24.98746933273502,5.3918028009246015,11.812365343736664,-10.103173956285827,-1.0000007932831068e-08,56.77309958206999,1e-08,45.64541176999347,screened_water_cap_0.00,conservative_site_selection,legacy_stress,ample,uniform_google_ai_2024,portfolio_mean,central,gentd26_hourly_service_demand.csv,gentd26_aligned_regional_hourly_cef.csv,capacity_scenarios.csv,energy_calibration_bounds.csv,trace_timestamp_anonymized,single_row_default,0.5,20.0,carbon,211.9472222222222,211.94722220222212,2e-08,0.9999999999056368,0.4987935938400718,56.92722900944693,74.01226544825549,51.03721457091808,65.46631336086396,0.0,0.0,0.0,,,1e-08,True,True,0,0,0.0,0.0,0.0,0.0,1e-08,1.2459722222222225,0,0.0,552,3,0.0,0.0,106.22930553555555,0.0,0.0,105.71791666666668
scenario_coarse,0.0,0.0,24.98746933273502,0.0,24.98746933273502,5.3918028009246015,11.812365343736664,-10.103173956285827,-1.0000007932831068e-08,56.77309958206999,1e-08,45.64541176999347,screened_water_cap_0.00,conservative_site_selection,legacy_stress,ample,uniform_google_ai_2024,portfolio_mean,central,gentd26_hourly_service_demand.csv,gentd26_aligned_regional_hourly_cef.csv,capacity_scenarios.csv,energy_calibration_bounds.csv,trace_timestamp_anonymized,single_row_default,0.5,35.0,carbon,211.9472222222222,211.94722220222212,2e-08,0.9999999999056368,0.4987935938400718,56.92722900944693,74.01226544825549,51.03721457091808,65.46631336086396,0.0,0.0,0.0,,,1e-08,True,True,0,0,0.0,0.0,0.0,0.0,1e-08,1.2459722222222225,0,0.0,552,3,0.0,0.0,106.22930553555555,0.0,0.0,105.71791666666668
scenario_coarse,0.0,0.0,6.460024743458076,0.0,6.460024743458076,0.9111503166893442,2.2928124060376254,-5.452405194006361e-09,-9.999979511121636e-09,40.65056878550282,3.7516666766666673,39.73941846659704,screened_water_cap_0.00,equal_site_portfolio,legacy_stress,tight,uniform_google_ai_2024,portfolio_mean,central,gentd26_hourly_service_demand.csv,gentd26_aligned_regional_hourly_cef.csv,capacity_scenarios.csv,energy_calibration_bounds.csv,trace_timestamp_anonymized,single_row_default,0.15,15.0,carbon,211.9472222222222,208.1955555355556,3.7516666866666672,0.9822990523426954,0.0,55.91956311375206,75.49141020356531,40.65056878328639,64.30749758081487,0.0,0.0,0.8814722222222227,,,3.7516666766666673,True,True,0,0,0.0,0.0,0.0,0.0,9.99999993922529e-09,0.0,11,0.0,184,1,0.0,0.0,208.1955555355556,0.0,0.0,0.0
scenario_coarse,0.0,0.0,1.212522335470522,0.0,1.212522335470522,0.0303257339485725,0.0803284492523426,-7.055427778609724,-9.999979511121636e-09,40.65056878550282,3.7516666766666673,37.75217152929903,screened_water_cap_0.00,equal_site_portfolio,legacy_stress,tight,uniform_google_ai_2024,portfolio_mean,central,gentd26_hourly_service_demand.csv,gentd26_aligned_regional_hourly_cef.csv,capacity_scenarios.csv,energy_calibration_bounds.csv,trace_timestamp_anonymized,single_row_default,0.15,20.0,carbon,211.9472222222222,208.1955555355556,3.751666686666668,0.9822990523426954,0.1527029875904526,55.91956311375208,74.63750176834301,37.7824972632476,64.30749758081487,0.0,0.0,0.8814722222222227,,,3.7516666766666673,True,True,0,395,4.440892098500626e-16,0.0,0.0,0.0,1.00000003833145e-08,0.0,3,0.0,554,3,0.0,0.0,176.40347220222225,0.0,0.0,31.79208333333335
scenario_coarse,0.0,0.0,1.212522335470522,0.0,1.212522335470522,0.0303257339485725,0.0803284492523426,-7.055427778609724,-9.999979511121636e-09,40.65056878550282,3.7516666766666673,37.75217152929903,screened_water_cap_0.00,equal_site_portfolio,legacy_stress,tight,uniform_google_ai_2024,portfolio_mean,central,gentd26_hourly_service_demand.csv,gentd26_aligned_regional_hourly_cef.csv,capacity_scenarios.csv,energy_calibration_bounds.csv,trace_timestamp_anonymized,single_row_default,0.15,35.0,carbon,211.9472222222222,208.1955555355556,3.751666686666668,0.9822990523426954,0.1527029875904526,55.91956311375208,74.63750176834301,37.7824972632476,64.30749758081487,0.0,0.0,0.8814722222222227,,,3.7516666766666673,True,True,0,395,4.440892098500626e-16,0.0,0.0,0.0,1.00000003833145e-08,0.0,3,0.0,554,3,0.0,0.0,176.40347220222225,0.0,0.0,31.79208333333335
scenario_coarse,0.0,0.0,12.920049486916152,0.0,12.920049486916152,1.8061292432326248,4.649646808188002,-5.452405194006361e-09,-9.999979511121636e-09,40.65056878550282,3.7516666766666673,38.84443954005376,screened_water_cap_0.00,equal_site_portfolio,legacy_stress,tight,uniform_google_ai_2024,portfolio_mean,central,gentd26_hourly_service_demand.csv,gentd26_aligned_regional_hourly_cef.csv,capacity_scenarios.csv,energy_calibration_bounds.csv,trace_timestamp_anonymized,single_row_default,0.3,15.0,carbon,211.9472222222222,208.1955555355556,3.7516666866666672,0.9822990523426954,0.0,55.91956311375206,75.49141020356531,40.65056878328639,64.30749758081487,0.0,0.0,0.0,,,3.7516666766666673,True,True,0,0,0.0,0.0,0.0,0.0,9.99999993922529e-09,0.0,11,0.0,184,1,0.0,0.0,208.1955555355556,0.0,0.0,0.0
scenario_coarse,0.0,0.0,2.4250446709410443,0.0,2.4250446709410443,0.060651467897145,0.1738757471022367,-14.0412369154573,-9.999951089412208e-09,40.65056878550282,3.7516666766666673,34.88207464695229,screened_water_cap_0.00,equal_site_portfolio,legacy_stress,tight,uniform_google_ai_2024,portfolio_mean,central,gentd26_hourly_service_demand.csv,gentd26_aligned_regional_hourly_cef.csv,capacity_scenarios.csv,energy_calibration_bounds.csv,trace_timestamp_anonymized,single_row_default,0.3,20.0,carbon,211.9472222222222,208.1955555355556,3.751666686666668,0.9822990523426957,0.3054059751809052,55.91956311375207,73.78359333312073,34.942726114849435,64.30749758081487,0.0,0.0,0.0,,,3.7516666766666673,True,True,0,407,4.440892098500626e-16,0.0,0.0,0.0,1.00000003833145e-08,0.0443611111111108,0,0.0,554,3,0.0,0.0,144.61138886888887,0.0,0.0,63.5841666666667
scenario_coarse,0.0,0.0,2.4250446709410443,0.0,2.4250446709410443,0.060651467897145,0.1738757471022367,-14.0412369154573,-9.999951089412208e-09,40.65056878550282,3.7516666766666673,34.88207464695229,screened_water_cap_0.00,equal_site_portfolio,legacy_stress,tight,uniform_google_ai_2024,portfolio_mean,central,gentd26_hourly_service_demand.csv,gentd26_aligned_regional_hourly_cef.csv,capacity_scenarios.csv,energy_calibration_bounds.csv,trace_timestamp_anonymized,single_row_default,0.3,35.0,carbon,211.9472222222222,208.1955555355556,3.751666686666668,0.9822990523426957,0.3054059751809052,55.91956311375207,73.78359333312073,34.942726114849435,64.30749758081487,0.0,0.0,0.0,,,3.7516666766666673,True,True,0,407,4.440892098500626e-16,0.0,0.0,0.0,1.00000003833145e-08,0.0443611111111108,0,0.0,554,3,0.0,0.0,144.61138886888887,0.0,0.0,63.5841666666667
scenario_coarse,0.0,0.0,21.50999239171696,0.0,21.50999239171696,2.9943366821687505,7.951769242679685,-5.452405194006361e-09,-9.999979511121636e-09,40.65056878550282,3.7516666766666673,37.65623210111764,screened_water_cap_0.00,equal_site_portfolio,legacy_stress,tight,uniform_google_ai_2024,portfolio_mean,central,gentd26_hourly_service_demand.csv,gentd26_aligned_regional_hourly_cef.csv,capacity_scenarios.csv,energy_calibration_bounds.csv,trace_timestamp_anonymized,single_row_default,0.5,15.0,carbon,211.9472222222222,208.1955555355556,3.7516666866666672,0.9822990523426954,0.0,55.91956311375206,75.49141020356531,40.65056878328639,64.30749758081487,0.0,0.0,0.0,,,3.7516666766666673,True,True,0,0,0.0,0.0,0.0,0.0,9.99999993922529e-09,0.0,11,0.0,184,1,0.0,0.0,208.1955555355556,0.0,0.0,0.0
scenario_coarse,0.0,0.0,4.174645430636677,0.0,4.174645430636677,0.1109153744455895,0.3565689980823405,-23.205989731032027,-9.999979511121636e-09,40.65056878550282,3.7516666766666673,31.106286593087333,screened_water_cap_0.00,equal_site_portfolio,legacy_stress,tight,uniform_google_ai_2024,portfolio_mean,central,gentd26_hourly_service_demand.csv,gentd26_aligned_regional_hourly_cef.csv,capacity_scenarios.csv,energy_calibration_bounds.csv,trace_timestamp_anonymized,single_row_default,0.5,20.0,carbon,211.9472222222222,208.1955555355556,3.751666686666667,0.9822990523426954,0.5069432585236369,55.91956311375207,72.65660564955493,31.21720196753292,64.30749758081487,0.0,0.0,0.0,,,3.7516666766666673,True,True,0,420,0.0,0.0,0.0,0.0,9.99999949513608e-09,0.0,3,0.0,551,3,0.0,0.0,102.65222220222223,0.0,0.0,105.54333333333334
scenario_coarse,0.0,0.0,4.174645430636677,0.0,4.174645430636677,0.1109153744455895,0.3565689980823405,-23.205989731032027,-9.999979511121636e-09,40.65056878550282,3.7516666766666673,31.106286593087333,screened_water_cap_0.00,equal_site_portfolio,legacy_stress,tight,uniform_google_ai_2024,portfolio_mean,central,gentd26_hourly_service_demand.csv,gentd26_aligned_regional_hourly_cef.csv,capacity_scenarios.csv,energy_calibration_bounds.csv,trace_timestamp_anonymized,single_row_default,0.5,35.0,carbon,211.9472222222222,208.1955555355556,3.751666686666667,0.9822990523426954,0.5069432585236369,55.91956311375207,72.65660564955493,31.21720196753292,64.30749758081487,0.0,0.0,0.0,,,3.7516666766666673,True,True,0,420,0.0,0.0,0.0,0.0,9.99999949513608e-09,0.0,3,0.0,551,3,0.0,0.0,102.65222220222223,0.0,0.0,105.54333333333334
scenario_coarse,0.0,0.0,6.460024743458076,0.0,6.460024743458076,0.8922701645387932,2.201502157576396,-5.350808685022912e-09,-1.0000007932831068e-08,41.422331037605474,1e-08,40.53006087085025,screened_water_cap_0.00,equal_site_portfolio,legacy_stress,central,uniform_google_ai_2024,portfolio_mean,central,gentd26_hourly_service_demand.csv,gentd26_aligned_regional_hourly_cef.csv,capacity_scenarios.csv,energy_calibration_bounds.csv,trace_timestamp_anonymized,single_row_default,0.15,15.0,carbon,211.9472222222222,211.94722220222212,2e-08,0.9999999999056368,0.0,56.92722900944693,76.85175916275338,41.42233103538904,65.46631336086396,0.0,0.0,0.0,,,1e-08,True,True,0,0,0.0,0.0,0.0,0.0,1e-08,0.4919444444444445,0,0.0,184,1,0.0,0.0,211.94722220222224,0.0,0.0,0.0
scenario_coarse,0.0,0.0,1.212522335470522,0.0,1.212522335470522,0.0303257339485725,0.0786497744059255,-6.841874430566364,-9.999979511121636e-09,41.422331037605474,1e-08,38.557941427850416,screened_water_cap_0.00,equal_site_portfolio,legacy_stress,central,uniform_google_ai_2024,portfolio_mean,central,gentd26_hourly_service_demand.csv,gentd26_aligned_regional_hourly_cef.csv,capacity_scenarios.csv,energy_calibration_bounds.csv,trace_timestamp_anonymized,single_row_default,0.15,20.0,carbon,211.9472222222222,211.9472222022222,2e-08,0.9999999999056368,0.1500000000141544,56.92722900944694,75.9978507275311,38.58826716179899,65.46631336086396,0.0,0.0,0.0,,,1e-08,True,True,0,0,4.440892098500626e-16,0.0,0.0,0.0,1e-08,1.018152777777778,0,0.0,554,3,0.0,0.0,180.1551388688889,0.0,0.0,31.79208333333335
scenario_coarse,0.0,0.0,1.212522335470522,0.0,1.212522335470522,0.0303257339485725,0.0786497744059255,-6.841874430566364,-9.999979511121636e-09,41.422331037605474,1e-08,38.557941427850416,screened_water_cap_0.00,equal_site_portfolio,legacy_stress,central,uniform_google_ai_2024,portfolio_mean,central,gentd26_hourly_service_demand.csv,gentd26_aligned_regional_hourly_cef.csv,capacity_scenarios.csv,energy_calibration_bounds.csv,trace_timestamp_anonymized,single_row_default,0.15,35.0,carbon,211.9472222222222,211.9472222022222,2e-08,0.9999999999056368,0.1500000000141544,56.92722900944694,75.9978507275311,38.58826716179899,65.46631336086396,0.0,0.0,0.0,,,1e-08,True,True,0,0,4.440892098500626e-16,0.0,0.0,0.0,1e-08,1.018152777777778,0,0.0,554,3,0.0,0.0,180.1551388688889,0.0,0.0,31.79208333333335
scenario_coarse,0.0,0.0,12.920049486916152,0.0,12.920049486916152,1.7845403290775934,4.502118552216494,-5.350808685022912e-09,-1.0000007932831068e-08,41.422331037605474,1e-08,39.63779070631145,screened_water_cap_0.00,equal_site_portfolio,legacy_stress,central,uniform_google_ai_2024,portfolio_mean,central,gentd26_hourly_service_demand.csv,gentd26_aligned_regional_hourly_cef.csv,capacity_scenarios.csv,energy_calibration_bounds.csv,trace_timestamp_anonymized,single_row_default,0.3,15.0,carbon,211.9472222222222,211.94722220222212,2e-08,0.9999999999056368,0.0,56.92722900944693,76.85175916275338,41.42233103538904,65.46631336086396,0.0,0.0,0.0,,,1e-08,True,True,0,0,0.0,0.0,0.0,0.0,1e-08,0.4919444444444445,0,0.0,184,1,0.0,0.0,211.94722220222224,0.0,0.0,0.0
scenario_coarse,0.0,0.0,2.4250446709410443,0.0,2.4250446709410443,0.0606514678971308,0.1699227586048568,-13.68374885578194,-1.0000007932831068e-08,41.422331037605474,1e-08,35.6935518203118,screened_water_cap_0.00,equal_site_portfolio,legacy_stress,central,uniform_google_ai_2024,portfolio_mean,central,gentd26_hourly_service_demand.csv,gentd26_aligned_regional_hourly_cef.csv,capacity_scenarios.csv,energy_calibration_bounds.csv,trace_timestamp_anonymized,single_row_default,0.3,20.0,carbon,211.9472222222222,211.94722220222212,2e-08,0.9999999999056368,0.3000000000283089,56.92722900944693,75.14394229230881,35.75420328820893,65.46631336086396,0.0,0.0,0.0,,,1e-08,True,True,0,0,4.440892098500626e-16,0.0,0.0,0.0,1e-08,0.9475833333333334,0,0.0,554,3,0.0,0.0,148.36305553555553,0.0,0.0,63.5841666666667
scenario_coarse,0.0,0.0,2.4250446709410443,0.0,2.4250446709410443,0.0606514678971308,0.1699227586048568,-13.68374885578194,-1.0000007932831068e-08,41.422331037605474,1e-08,35.6935518203118,screened_water_cap_0.00,equal_site_portfolio,legacy_stress,central,uniform_google_ai_2024,portfolio_mean,central,gentd26_hourly_service_demand.csv,gentd26_aligned_regional_hourly_cef.csv,capacity_scenarios.csv,energy_calibration_bounds.csv,trace_timestamp_anonymized,single_row_default,0.3,35.0,carbon,211.9472222222222,211.94722220222212,2e-08,0.9999999999056368,0.3000000000283089,56.92722900944693,75.14394229230881,35.75420328820893,65.46631336086396,0.0,0.0,0.0,,,1e-08,True,True,0,0,4.440892098500626e-16,0.0,0.0,0.0,1e-08,0.9475833333333334,0,0.0,554,3,0.0,0.0,148.36305553555553,0.0,0.0,63.5841666666667
scenario_coarse,0.0,0.0,21.53341581152692,0.0,21.53341581152692,2.974233881795989,7.735711522769195,-5.350808685022912e-09,-1.0000007932831068e-08,41.422331037605474,1e-08,38.448097153593054,screened_water_cap_0.00,equal_site_portfolio,legacy_stress,central,uniform_google_ai_2024,portfolio_mean,central,gentd26_hourly_service_demand.csv,gentd26_aligned_regional_hourly_cef.csv,capacity_scenarios.csv,energy_calibration_bounds.csv,trace_timestamp_anonymized,single_row_default,0.5,15.0,carbon,211.9472222222222,211.94722220222212,2e-08,0.9999999999056368,0.0,56.92722900944693,76.85175916275338,41.42233103538904,65.46631336086396,0.0,0.0,0.0,,,1e-08,True,True,0,0,0.0,0.0,0.0,0.0,1e-08,0.4919444444444445,0,0.0,184,1,0.0,0.0,211.94722220222224,0.0,0.0,0.0
scenario_coarse,0.0,0.0,4.041741118235074,0.0,4.041741118235074,0.1010857798285655,0.3171381694404562,-22.80624808940268,-1.0000007932831068e-08,41.422331037605474,1e-08,31.87436567692696,screened_water_cap_0.00,equal_site_portfolio,legacy_stress,central,uniform_google_ai_2024,portfolio_mean,central,gentd26_hourly_service_demand.csv,gentd26_aligned_regional_hourly_cef.csv,capacity_scenarios.csv,energy_calibration_bounds.csv,trace_timestamp_anonymized,single_row_default,0.5,20.0,carbon,211.9472222222222,211.94722220222212,2e-08,0.9999999999056368,0.5000000000471817,56.92722900944693,74.00539771201244,31.97545145675552,65.46631336086396,0.0,0.0,0.0,,,1e-08,True,True,0,0,0.0,0.0,0.0,0.0,1e-08,0.2459722222222222,0,0.0,554,3,0.0,0.0,105.97361109111112,0.0,0.0,105.97361111111113
scenario_coarse,0.0,0.0,4.041741118235074,0.0,4.041741118235074,0.1010857798285655,0.3171381694404562,-22.80624808940268,-1.0000007932831068e-08,41.422331037605474,1e-08,31.87436567692696,screened_water_cap_0.00,equal_site_portfolio,legacy_stress,central,uniform_google_ai_2024,portfolio_mean,central,gentd26_hourly_service_demand.csv,gentd26_aligned_regional_hourly_cef.csv,capacity_scenarios.csv,energy_calibration_bounds.csv,trace_timestamp_anonymized,single_row_default,0.5,35.0,carbon,211.9472222222222,211.94722220222212,2e-08,0.9999999999056368,0.5000000000471817,56.92722900944693,74.00539771201244,31.97545145675552,65.46631336086396,0.0,0.0,0.0,,,1e-08,True,True,0,0,0.0,0.0,0.0,0.0,1e-08,0.2459722222222222,0,0.0,554,3,0.0,0.0,105.97361109111112,0.0,0.0,105.97361111111113
scenario_coarse,0.0,0.0,6.460024743458076,0.0,6.460024743458076,0.8922701645387932,2.201502157576396,-5.350808685022912e-09,-1.0000007932831068e-08,41.422331037605474,1e-08,40.53006087085025,screened_water_cap_0.00,equal_site_portfolio,legacy_stress,ample,uniform_google_ai_2024,portfolio_mean,central,gentd26_hourly_service_demand.csv,gentd26_aligned_regional_hourly_cef.csv,capacity_scenarios.csv,energy_calibration_bounds.csv,trace_timestamp_anonymized,single_row_default,0.15,15.0,carbon,211.9472222222222,211.94722220222212,2e-08,0.9999999999056368,0.0,56.92722900944693,76.85175916275338,41.42233103538904,65.46631336086396,0.0,0.0,0.0,,,1e-08,True,True,0,0,0.0,0.0,0.0,0.0,1e-08,1.4919444444444443,0,0.0,184,1,0.0,0.0,211.94722220222224,0.0,0.0,0.0
scenario_coarse,0.0,0.0,1.212522335470522,0.0,1.212522335470522,0.0303257339485725,0.0786497744059255,-6.841874430566364,-9.999979511121636e-09,41.422331037605474,1e-08,38.557941427850416,screened_water_cap_0.00,equal_site_portfolio,legacy_stress,ample,uniform_google_ai_2024,portfolio_mean,central,gentd26_hourly_service_demand.csv,gentd26_aligned_regional_hourly_cef.csv,capacity_scenarios.csv,energy_calibration_bounds.csv,trace_timestamp_anonymized,single_row_default,0.15,20.0,carbon,211.9472222222222,211.9472222022222,2e-08,0.9999999999056368,0.1500000000141544,56.92722900944694,75.9978507275311,38.58826716179899,65.46631336086396,0.0,0.0,0.0,,,1e-08,True,True,0,0,4.440892098500626e-16,0.0,0.0,0.0,1e-08,2.018152777777778,0,0.0,554,3,0.0,0.0,180.1551388688889,0.0,0.0,31.79208333333335
scenario_coarse,0.0,0.0,1.212522335470522,0.0,1.212522335470522,0.0303257339485725,0.0786497744059255,-6.841874430566364,-9.999979511121636e-09,41.422331037605474,1e-08,38.557941427850416,screened_water_cap_0.00,equal_site_portfolio,legacy_stress,ample,uniform_google_ai_2024,portfolio_mean,central,gentd26_hourly_service_demand.csv,gentd26_aligned_regional_hourly_cef.csv,capacity_scenarios.csv,energy_calibration_bounds.csv,trace_timestamp_anonymized,single_row_default,0.15,35.0,carbon,211.9472222222222,211.9472222022222,2e-08,0.9999999999056368,0.1500000000141544,56.92722900944694,75.9978507275311,38.58826716179899,65.46631336086396,0.0,0.0,0.0,,,1e-08,True,True,0,0,4.440892098500626e-16,0.0,0.0,0.0,1e-08,2.018152777777778,0,0.0,554,3,0.0,0.0,180.1551388688889,0.0,0.0,31.79208333333335
scenario_coarse,0.0,0.0,12.920049486916152,0.0,12.920049486916152,1.7845403290775934,4.502118552216494,-5.350808685022912e-09,-1.0000007932831068e-08,41.422331037605474,1e-08,39.63779070631145,screened_water_cap_0.00,equal_site_portfolio,legacy_stress,ample,uniform_google_ai_2024,portfolio_mean,central,gentd26_hourly_service_demand.csv,gentd26_aligned_regional_hourly_cef.csv,capacity_scenarios.csv,energy_calibration_bounds.csv,trace_timestamp_anonymized,single_row_default,0.3,15.0,carbon,211.9472222222222,211.94722220222212,2e-08,0.9999999999056368,0.0,56.92722900944693,76.85175916275338,41.42233103538904,65.46631336086396,0.0,0.0,0.0,,,1e-08,True,True,0,0,0.0,0.0,0.0,0.0,1e-08,1.4919444444444443,0,0.0,184,1,0.0,0.0,211.94722220222224,0.0,0.0,0.0
scenario_coarse,0.0,0.0,2.4250446709410443,0.0,2.4250446709410443,0.0606514678971308,0.1699227586048568,-13.68374885578194,-1.0000007932831068e-08,41.422331037605474,1e-08,35.6935518203118,screened_water_cap_0.00,equal_site_portfolio,legacy_stress,ample,uniform_google_ai_2024,portfolio_mean,central,gentd26_hourly_service_demand.csv,gentd26_aligned_regional_hourly_cef.csv,capacity_scenarios.csv,energy_calibration_bounds.csv,trace_timestamp_anonymized,single_row_default,0.3,20.0,carbon,211.9472222222222,211.94722220222212,2e-08,0.9999999999056368,0.3000000000283089,56.92722900944693,75.14394229230881,35.75420328820893,65.46631336086396,0.0,0.0,0.0,,,1e-08,True,True,0,0,4.440892098500626e-16,0.0,0.0,0.0,1e-08,1.9475833333333328,0,0.0,554,3,0.0,0.0,148.36305553555553,0.0,0.0,63.5841666666667
scenario_coarse,0.0,0.0,2.4250446709410443,0.0,2.4250446709410443,0.0606514678971308,0.1699227586048568,-13.68374885578194,-1.0000007932831068e-08,41.422331037605474,1e-08,35.6935518203118,screened_water_cap_0.00,equal_site_portfolio,legacy_stress,ample,uniform_google_ai_2024,portfolio_mean,central,gentd26_hourly_service_demand.csv,gentd26_aligned_regional_hourly_cef.csv,capacity_scenarios.csv,energy_calibration_bounds.csv,trace_timestamp_anonymized,single_row_default,0.3,35.0,carbon,211.9472222222222,211.94722220222212,2e-08,0.9999999999056368,0.3000000000283089,56.92722900944693,75.14394229230881,35.75420328820893,65.46631336086396,0.0,0.0,0.0,,,1e-08,True,True,0,0,4.440892098500626e-16,0.0,0.0,0.0,1e-08,1.9475833333333328,0,0.0,554,3,0.0,0.0,148.36305553555553,0.0,0.0,63.5841666666667
scenario_coarse,0.0,0.0,21.53341581152692,0.0,21.53341581152692,2.974233881795989,7.735711522769195,-5.350808685022912e-09,-1.0000007932831068e-08,41.422331037605474,1e-08,38.448097153593054,screened_water_cap_0.00,equal_site_portfolio,legacy_stress,ample,uniform_google_ai_2024,portfolio_mean,central,gentd26_hourly_service_demand.csv,gentd26_aligned_regional_hourly_cef.csv,capacity_scenarios.csv,energy_calibration_bounds.csv,trace_timestamp_anonymized,single_row_default,0.5,15.0,carbon,211.9472222222222,211.94722220222212,2e-08,0.9999999999056368,0.0,56.92722900944693,76.85175916275338,41.42233103538904,65.46631336086396,0.0,0.0,0.0,,,1e-08,True,True,0,0,0.0,0.0,0.0,0.0,1e-08,1.4919444444444443,0,0.0,184,1,0.0,0.0,211.94722220222224,0.0,0.0,0.0
scenario_coarse,0.0,0.0,4.041741118235074,0.0,4.041741118235074,0.1010857798285655,0.3171381694404562,-22.80624808940268,-1.0000007932831068e-08,41.422331037605474,1e-08,31.87436567692696,screened_water_cap_0.00,equal_site_portfolio,legacy_stress,ample,uniform_google_ai_2024,portfolio_mean,central,gentd26_hourly_service_demand.csv,gentd26_aligned_regional_hourly_cef.csv,capacity_scenarios.csv,energy_calibration_bounds.csv,trace_timestamp_anonymized,single_row_default,0.5,20.0,carbon,211.9472222222222,211.94722220222212,2e-08,0.9999999999056368,0.5000000000471817,56.92722900944693,74.00539771201244,31.97545145675552,65.46631336086396,0.0,0.0,0.0,,,1e-08,True,True,0,0,0.0,0.0,0.0,0.0,1e-08,1.2459722222222225,0,0.0,554,3,0.0,0.0,105.97361109111112,0.0,0.0,105.97361111111113
scenario_coarse,0.0,0.0,4.041741118235074,0.0,4.041741118235074,0.1010857798285655,0.3171381694404562,-22.80624808940268,-1.0000007932831068e-08,41.422331037605474,1e-08,31.87436567692696,screened_water_cap_0.00,equal_site_portfolio,legacy_stress,ample,uniform_google_ai_2024,portfolio_mean,central,gentd26_hourly_service_demand.csv,gentd26_aligned_regional_hourly_cef.csv,capacity_scenarios.csv,energy_calibration_bounds.csv,trace_timestamp_anonymized,single_row_default,0.5,35.0,carbon,211.9472222222222,211.94722220222212,2e-08,0.9999999999056368,0.5000000000471817,56.92722900944693,74.00539771201244,31.97545145675552,65.46631336086396,0.0,0.0,0.0,,,1e-08,True,True,0,0,0.0,0.0,0.0,0.0,1e-08,1.2459722222222225,0,0.0,554,3,0.0,0.0,105.97361109111112,0.0,0.0,105.97361111111113
scenario_coarse,0.0,0.0,2.422341962477674,0.0,2.422341962477674,0.1467971431930905,0.5198436017544328,-6.486688963747156e-09,-9.999979511121636e-09,28.38551023059708,3.7516666766666673,28.238713085562708,screened_water_cap_0.00,optimistic_site_selection,legacy_stress,tight,uniform_google_ai_2024,portfolio_mean,central,gentd26_hourly_service_demand.csv,gentd26_aligned_regional_hourly_cef.csv,capacity_scenarios.csv,energy_calibration_bounds.csv,trace_timestamp_anonymized,single_row_default,0.15,15.0,carbon,211.9472222222222,208.1955555355556,3.7516666866666672,0.9822990523426954,0.0,55.91956311375206,75.49141020356531,28.3855102287558,64.30749758081487,0.0,0.0,0.8814722222222227,,,3.7516666766666673,True,True,0,0,0.0,0.0,0.0,0.0,9.99999993922529e-09,0.0,11,0.0,184,1,0.0,0.0,208.1955555355556,0.0,0.0,0.0
scenario_coarse,0.0,0.0,0.0,,0.0,0.0,0.0,-14.69533045801631,-9.999979511121636e-09,28.38551023059708,3.7516666766666673,24.21416570001681,screened_water_cap_0.00,optimistic_site_selection,legacy_stress,tight,uniform_google_ai_2024,portfolio_mean,central,gentd26_hourly_service_demand.csv,gentd26_aligned_regional_hourly_cef.csv,capacity_scenarios.csv,energy_calibration_bounds.csv,trace_timestamp_anonymized,single_row_default,0.15,20.0,carbon,211.9472222222222,208.1955555355556,3.7516666866666672,0.9822990523426954,0.1527029875904526,55.91956311375208,74.63750176834301,24.21416570001681,64.30749758081487,0.0,0.0,0.8814722222222227,,,3.7516666766666673,True,True,0,400,4.440892098500626e-16,0.0,0.0,0.0,9.99999993922529e-09,0.0,3,0.0,554,3,0.0,0.0,176.40347220222225,0.0,0.0,31.79208333333335
scenario_coarse,0.0,0.0,0.0,,0.0,0.0,0.0,-14.69533045801631,-9.999979511121636e-09,28.38551023059708,3.7516666766666673,24.21416570001681,screened_water_cap_0.00,optimistic_site_selection,legacy_stress,tight,uniform_google_ai_2024,portfolio_mean,central,gentd26_hourly_service_demand.csv,gentd26_aligned_regional_hourly_cef.csv,capacity_scenarios.csv,energy_calibration_bounds.csv,trace_timestamp_anonymized,single_row_default,0.15,35.0,carbon,211.9472222222222,208.1955555355556,3.7516666866666672,0.9822990523426954,0.1527029875904526,55.91956311375208,74.63750176834301,24.21416570001681,64.30749758081487,0.0,0.0,0.8814722222222227,,,3.7516666766666673,True,True,0,400,4.440892098500626e-16,0.0,0.0,0.0,9.99999993922529e-09,0.0,3,0.0,554,3,0.0,0.0,176.40347220222225,0.0,0.0,31.79208333333335
scenario_coarse,0.0,0.0,4.770037868002291,0.0,4.770037868002291,0.2929491228289897,1.0427996284297023,-6.486688963747156e-09,-9.999979511121636e-09,28.38551023059708,3.7516666766666673,28.09256110592681,screened_water_cap_0.00,optimistic_site_selection,legacy_stress,tight,uniform_google_ai_2024,portfolio_mean,central,gentd26_hourly_service_demand.csv,gentd26_aligned_regional_hourly_cef.csv,capacity_scenarios.csv,energy_calibration_bounds.csv,trace_timestamp_anonymized,single_row_default,0.3,15.0,carbon,211.9472222222222,208.1955555355556,3.7516666866666672,0.9822990523426954,0.0,55.91956311375206,75.49141020356531,28.3855102287558,64.30749758081487,0.0,0.0,0.0,,,3.7516666766666673,True,True,0,0,0.0,0.0,0.0,0.0,9.99999993922529e-09,0.0,11,0.0,184,1,0.0,0.0,208.1955555355556,0.0,0.0,0.0
scenario_coarse,0.0,0.0,0.0,,0.0,0.0,0.0,-29.16894244692024,-9.999951089412208e-09,28.38551023059708,3.7516666766666673,20.10575708816956,screened_water_cap_0.00,optimistic_site_selection,legacy_stress,tight,uniform_google_ai_2024,portfolio_mean,central,gentd26_hourly_service_demand.csv,gentd26_aligned_regional_hourly_cef.csv,capacity_scenarios.csv,energy_calibration_bounds.csv,trace_timestamp_anonymized,single_row_default,0.3,20.0,carbon,211.9472222222222,208.1955555355556,3.751666686666668,0.9822990523426957,0.3054059751809052,55.91956311375206,73.78359333312073,20.10575708816956,64.30749758081487,0.0,0.0,0.0,,,3.7516666766666673,True,True,0,433,4.440892098500626e-16,0.0,0.0,0.0,1.00000003833145e-08,0.0443611111111108,0,0.0,554,3,0.0,0.0,144.61138886888887,0.0,0.0,63.5841666666667
scenario_coarse,0.0,0.0,0.0,,0.0,0.0,0.0,-29.16894244692024,-9.999951089412208e-09,28.38551023059708,3.7516666766666673,20.10575708816956,screened_water_cap_0.00,optimistic_site_selection,legacy_stress,tight,uniform_google_ai_2024,portfolio_mean,central,gentd26_hourly_service_demand.csv,gentd26_aligned_regional_hourly_cef.csv,capacity_scenarios.csv,energy_calibration_bounds.csv,trace_timestamp_anonymized,single_row_default,0.3,35.0,carbon,211.9472222222222,208.1955555355556,3.751666686666668,0.9822990523426957,0.3054059751809052,55.91956311375206,73.78359333312073,20.10575708816956,64.30749758081487,0.0,0.0,0.0,,,3.7516666766666673,True,True,0,433,4.440892098500626e-16,0.0,0.0,0.0,1.00000003833145e-08,0.0443611111111108,0,0.0,554,3,0.0,0.0,144.61138886888887,0.0,0.0,63.5841666666667
scenario_coarse,0.0,0.0,7.900299075368447,0.0,7.900299075368447,0.4878184290101934,1.748597814155506,-6.486688963747156e-09,-9.999979511121636e-09,28.38551023059708,3.7516666766666673,27.897691799745605,screened_water_cap_0.00,optimistic_site_selection,legacy_stress,tight,uniform_google_ai_2024,portfolio_mean,central,gentd26_hourly_service_demand.csv,gentd26_aligned_regional_hourly_cef.csv,capacity_scenarios.csv,energy_calibration_bounds.csv,trace_timestamp_anonymized,single_row_default,0.5,15.0,carbon,211.9472222222222,208.1955555355556,3.7516666866666672,0.9822990523426954,0.0,55.91956311375206,75.49141020356531,28.3855102287558,64.30749758081487,0.0,0.0,0.0,,,3.7516666766666673,True,True,0,0,0.0,0.0,0.0,0.0,9.99999993922529e-09,0.0,11,0.0,184,1,0.0,0.0,208.1955555355556,0.0,0.0,0.0
scenario_coarse,0.0,0.0,0.1094808925916371,0.0,0.1094808925916371,0.0121192324578984,0.0824127604755364,-48.15084106804337,-9.999979511121636e-09,28.38551023059708,3.7516666766666673,14.70552908065119,screened_water_cap_0.00,optimistic_site_selection,legacy_stress,tight,uniform_google_ai_2024,portfolio_mean,central,gentd26_hourly_service_demand.csv,gentd26_aligned_regional_hourly_cef.csv,capacity_scenarios.csv,energy_calibration_bounds.csv,trace_timestamp_anonymized,single_row_default,0.5,20.0,carbon,211.9472222222222,208.1955555355556,3.7516666866666672,0.9822990523426954,0.5069432585236369,55.91956311375206,72.65660564955493,14.717648313109088,64.30749758081487,0.0,0.0,0.0,,,3.7516666766666673,True,True,0,451,0.0,0.0,0.0,0.0,9.99999993922529e-09,0.0,3,0.0,551,3,0.0,0.0,102.65222220222222,0.0,0.0,105.54333333333334
scenario_coarse,0.0,0.0,0.1094808925916371,0.0,0.1094808925916371,0.0121192324578984,0.0824127604755364,-48.15084106804337,-9.999979511121636e-09,28.38551023059708,3.7516666766666673,14.70552908065119,screened_water_cap_0.00,optimistic_site_selection,legacy_stress,tight,uniform_google_ai_2024,portfolio_mean,central,gentd26_hourly_service_demand.csv,gentd26_aligned_regional_hourly_cef.csv,capacity_scenarios.csv,energy_calibration_bounds.csv,trace_timestamp_anonymized,single_row_default,0.5,35.0,carbon,211.9472222222222,208.1955555355556,3.7516666866666672,0.9822990523426954,0.5069432585236369,55.91956311375206,72.65660564955493,14.717648313109088,64.30749758081487,0.0,0.0,0.0,,,3.7516666766666673,True,True,0,451,0.0,0.0,0.0,0.0,9.99999993922529e-09,0.0,3,0.0,551,3,0.0,0.0,102.65222220222222,0.0,0.0,105.54333333333334
scenario_coarse,0.0,0.0,2.3478889556878864,0.0,2.3478889556878864,0.1461523523066503,0.5076281663770388,-6.3629657098829284e-09,-1.0000007932831068e-08,28.937374352278244,1e-08,28.79122199813032,screened_water_cap_0.00,optimistic_site_selection,legacy_stress,central,uniform_google_ai_2024,portfolio_mean,central,gentd26_hourly_service_demand.csv,gentd26_aligned_regional_hourly_cef.csv,capacity_scenarios.csv,energy_calibration_bounds.csv,trace_timestamp_anonymized,single_row_default,0.15,15.0,carbon,211.9472222222222,211.94722220222212,2e-08,0.9999999999056368,0.0,56.92722900944693,76.85175916275338,28.93737435043697,65.46631336086396,0.0,0.0,0.0,,,1e-08,True,True,0,0,0.0,0.0,0.0,0.0,1e-08,0.4919444444444445,0,0.0,184,1,0.0,0.0,211.94722220222224,0.0,0.0,0.0
scenario_coarse,0.0,0.0,0.0,,0.0,0.0,0.0,-14.129876288840403,-9.999979511121636e-09,28.937374352278244,1e-08,24.84855915506269,screened_water_cap_0.00,optimistic_site_selection,legacy_stress,central,uniform_google_ai_2024,portfolio_mean,central,gentd26_hourly_service_demand.csv,gentd26_aligned_regional_hourly_cef.csv,capacity_scenarios.csv,energy_calibration_bounds.csv,trace_timestamp_anonymized,single_row_default,0.15,20.0,carbon,211.9472222222222,211.9472222022222,2e-08,0.9999999999056368,0.1500000000141544,56.92722900944694,75.9978507275311,24.84855915506269,65.46631336086396,0.0,0.0,0.0,,,1e-08,True,True,0,0,4.440892098500626e-16,0.0,0.0,0.0,1e-08,1.018152777777778,0,0.0,554,3,0.0,0.0,180.1551388688889,0.0,0.0,31.79208333333335
scenario_coarse,0.0,0.0,0.0,,0.0,0.0,0.0,-14.129876288840403,-9.999979511121636e-09,28.937374352278244,1e-08,24.84855915506269,screened_water_cap_0.00,optimistic_site_selection,legacy_stress,central,uniform_google_ai_2024,portfolio_mean,central,gentd26_hourly_service_demand.csv,gentd26_aligned_regional_hourly_cef.csv,capacity_scenarios.csv,energy_calibration_bounds.csv,trace_timestamp_anonymized,single_row_default,0.15,35.0,carbon,211.9472222222222,211.9472222022222,2e-08,0.9999999999056368,0.1500000000141544,56.92722900944694,75.9978507275311,24.84855915506269,65.46631336086396,0.0,0.0,0.0,,,1e-08,True,True,0,0,4.440892098500626e-16,0.0,0.0,0.0,1e-08,1.018152777777778,0,0.0,554,3,0.0,0.0,180.1551388688889,0.0,0.0,31.79208333333335
scenario_coarse,0.0,0.0,4.695777911375773,0.0,4.695777911375773,0.2923047046133007,1.020436355112575,-6.3629657098829284e-09,-1.0000007932831068e-08,28.937374352278244,1e-08,28.645069645823668,screened_water_cap_0.00,optimistic_site_selection,legacy_stress,central,uniform_google_ai_2024,portfolio_mean,central,gentd26_hourly_service_demand.csv,gentd26_aligned_regional_hourly_cef.csv,capacity_scenarios.csv,energy_calibration_bounds.csv,trace_timestamp_anonymized,single_row_default,0.3,15.0,carbon,211.9472222222222,211.94722220222212,2e-08,0.9999999999056368,0.0,56.92722900944693,76.85175916275338,28.93737435043697,65.46631336086396,0.0,0.0,0.0,,,1e-08,True,True,0,0,0.0,0.0,0.0,0.0,1e-08,0.4919444444444445,0,0.0,184,1,0.0,0.0,211.94722220222224,0.0,0.0,0.0
scenario_coarse,0.0,0.0,0.0,,0.0,0.0,0.0,-28.259752571317875,-1.0000007932831068e-08,28.937374352278244,1e-08,20.75974395968841,screened_water_cap_0.00,optimistic_site_selection,legacy_stress,central,uniform_google_ai_2024,portfolio_mean,central,gentd26_hourly_service_demand.csv,gentd26_aligned_regional_hourly_cef.csv,capacity_scenarios.csv,energy_calibration_bounds.csv,trace_timestamp_anonymized,single_row_default,0.3,20.0,carbon,211.9472222222222,211.94722220222212,2e-08,0.9999999999056368,0.3000000000283089,56.92722900944693,75.14394229230881,20.75974395968841,65.46631336086396,0.0,0.0,0.0,,,1e-08,True,True,0,0,4.440892098500626e-16,0.0,0.0,0.0,1e-08,0.9475833333333334,0,0.0,554,3,0.0,0.0,148.36305553555553,0.0,0.0,63.5841666666667
scenario_coarse,0.0,0.0,0.0,,0.0,0.0,0.0,-28.259752571317875,-1.0000007932831068e-08,28.937374352278244,1e-08,20.75974395968841,screened_water_cap_0.00,optimistic_site_selection,legacy_stress,central,uniform_google_ai_2024,portfolio_mean,central,gentd26_hourly_service_demand.csv,gentd26_aligned_regional_hourly_cef.csv,capacity_scenarios.csv,energy_calibration_bounds.csv,trace_timestamp_anonymized,single_row_default,0.3,35.0,carbon,211.9472222222222,211.94722220222212,2e-08,0.9999999999056368,0.3000000000283089,56.92722900944693,75.14394229230881,20.75974395968841,65.46631336086396,0.0,0.0,0.0,,,1e-08,True,True,0,0,4.440892098500626e-16,0.0,0.0,0.0,1e-08,0.9475833333333334,0,0.0,554,3,0.0,0.0,148.36305553555553,0.0,0.0,63.5841666666667
scenario_coarse,0.0,0.0,7.82629651895962,0.0,7.82629651895962,0.4871745076888381,1.7123763993981855,-6.3629657098829284e-09,-1.0000007932831068e-08,28.937374352278244,1e-08,28.45019984274813,screened_water_cap_0.00,optimistic_site_selection,legacy_stress,central,uniform_google_ai_2024,portfolio_mean,central,gentd26_hourly_service_demand.csv,gentd26_aligned_regional_hourly_cef.csv,capacity_scenarios.csv,energy_calibration_bounds.csv,trace_timestamp_anonymized,single_row_default,0.5,15.0,carbon,211.9472222222222,211.94722220222212,2e-08,0.9999999999056368,0.0,56.92722900944693,76.85175916275338,28.93737435043697,65.46631336086396,0.0,0.0,0.0,,,1e-08,True,True,0,0,0.0,0.0,0.0,0.0,1e-08,0.4919444444444445,0,0.0,184,1,0.0,0.0,211.94722220222224,0.0,0.0,0.0
scenario_coarse,0.0,0.0,0.0,,0.0,0.0,0.0,-47.09958761462114,-1.0000007932831068e-08,28.937374352278244,1e-08,15.307990365856046,screened_water_cap_0.00,optimistic_site_selection,legacy_stress,central,uniform_google_ai_2024,portfolio_mean,central,gentd26_hourly_service_demand.csv,gentd26_aligned_regional_hourly_cef.csv,capacity_scenarios.csv,energy_calibration_bounds.csv,trace_timestamp_anonymized,single_row_default,0.5,20.0,carbon,211.9472222222222,211.94722220222212,2e-08,0.9999999999056368,0.5000000000471817,56.92722900944693,74.00539771201244,15.307990365856046,65.46631336086396,0.0,0.0,0.0,,,1e-08,True,True,0,0,0.0,0.0,0.0,0.0,1e-08,0.2459722222222222,0,0.0,554,3,0.0,0.0,105.97361109111112,0.0,0.0,105.97361111111113
scenario_coarse,0.0,0.0,0.0,,0.0,0.0,0.0,-47.09958761462114,-1.0000007932831068e-08,28.937374352278244,1e-08,15.307990365856046,screened_water_cap_0.00,optimistic_site_selection,legacy_stress,central,uniform_google_ai_2024,portfolio_mean,central,gentd26_hourly_service_demand.csv,gentd26_aligned_regional_hourly_cef.csv,capacity_scenarios.csv,energy_calibration_bounds.csv,trace_timestamp_anonymized,single_row_default,0.5,35.0,carbon,211.9472222222222,211.94722220222212,2e-08,0.9999999999056368,0.5000000000471817,56.92722900944693,74.00539771201244,15.307990365856046,65.46631336086396,0.0,0.0,0.0,,,1e-08,True,True,0,0,0.0,0.0,0.0,0.0,1e-08,0.2459722222222222,0,0.0,554,3,0.0,0.0,105.97361109111112,0.0,0.0,105.97361111111113
scenario_coarse,0.0,0.0,2.3478889556878864,0.0,2.3478889556878864,0.1461523523066503,0.5076281663770388,-6.3629657098829284e-09,-1.0000007932831068e-08,28.937374352278244,1e-08,28.79122199813032,screened_water_cap_0.00,optimistic_site_selection,legacy_stress,ample,uniform_google_ai_2024,portfolio_mean,central,gentd26_hourly_service_demand.csv,gentd26_aligned_regional_hourly_cef.csv,capacity_scenarios.csv,energy_calibration_bounds.csv,trace_timestamp_anonymized,single_row_default,0.15,15.0,carbon,211.9472222222222,211.94722220222212,2e-08,0.9999999999056368,0.0,56.92722900944693,76.85175916275338,28.93737435043697,65.46631336086396,0.0,0.0,0.0,,,1e-08,True,True,0,0,0.0,0.0,0.0,0.0,1e-08,1.4919444444444443,0,0.0,184,1,0.0,0.0,211.94722220222224,0.0,0.0,0.0
scenario_coarse,0.0,0.0,0.0,,0.0,0.0,0.0,-14.129876288840403,-9.999979511121636e-09,28.937374352278244,1e-08,24.84855915506269,screened_water_cap_0.00,optimistic_site_selection,legacy_stress,ample,uniform_google_ai_2024,portfolio_mean,central,gentd26_hourly_service_demand.csv,gentd26_aligned_regional_hourly_cef.csv,capacity_scenarios.csv,energy_calibration_bounds.csv,trace_timestamp_anonymized,single_row_default,0.15,20.0,carbon,211.9472222222222,211.9472222022222,2e-08,0.9999999999056368,0.1500000000141544,56.92722900944694,75.9978507275311,24.84855915506269,65.46631336086396,0.0,0.0,0.0,,,1e-08,True,True,0,0,4.440892098500626e-16,0.0,0.0,0.0,1e-08,2.018152777777778,0,0.0,554,3,0.0,0.0,180.1551388688889,0.0,0.0,31.79208333333335
scenario_coarse,0.0,0.0,0.0,,0.0,0.0,0.0,-14.129876288840403,-9.999979511121636e-09,28.937374352278244,1e-08,24.84855915506269,screened_water_cap_0.00,optimistic_site_selection,legacy_stress,ample,uniform_google_ai_2024,portfolio_mean,central,gentd26_hourly_service_demand.csv,gentd26_aligned_regional_hourly_cef.csv,capacity_scenarios.csv,energy_calibration_bounds.csv,trace_timestamp_anonymized,single_row_default,0.15,35.0,carbon,211.9472222222222,211.9472222022222,2e-08,0.9999999999056368,0.1500000000141544,56.92722900944694,75.9978507275311,24.84855915506269,65.46631336086396,0.0,0.0,0.0,,,1e-08,True,True,0,0,4.440892098500626e-16,0.0,0.0,0.0,1e-08,2.018152777777778,0,0.0,554,3,0.0,0.0,180.1551388688889,0.0,0.0,31.79208333333335
scenario_coarse,0.0,0.0,4.695777911375773,0.0,4.695777911375773,0.2923047046133007,1.020436355112575,-6.3629657098829284e-09,-1.0000007932831068e-08,28.937374352278244,1e-08,28.645069645823668,screened_water_cap_0.00,optimistic_site_selection,legacy_stress,ample,uniform_google_ai_2024,portfolio_mean,central,gentd26_hourly_service_demand.csv,gentd26_aligned_regional_hourly_cef.csv,capacity_scenarios.csv,energy_calibration_bounds.csv,trace_timestamp_anonymized,single_row_default,0.3,15.0,carbon,211.9472222222222,211.94722220222212,2e-08,0.9999999999056368,0.0,56.92722900944693,76.85175916275338,28.93737435043697,65.46631336086396,0.0,0.0,0.0,,,1e-08,True,True,0,0,0.0,0.0,0.0,0.0,1e-08,1.4919444444444443,0,0.0,184,1,0.0,0.0,211.94722220222224,0.0,0.0,0.0
scenario_coarse,0.0,0.0,0.0,,0.0,0.0,0.0,-28.259752571317875,-1.0000007932831068e-08,28.937374352278244,1e-08,20.75974395968841,screened_water_cap_0.00,optimistic_site_selection,legacy_stress,ample,uniform_google_ai_2024,portfolio_mean,central,gentd26_hourly_service_demand.csv,gentd26_aligned_regional_hourly_cef.csv,capacity_scenarios.csv,energy_calibration_bounds.csv,trace_timestamp_anonymized,single_row_default,0.3,20.0,carbon,211.9472222222222,211.94722220222212,2e-08,0.9999999999056368,0.3000000000283089,56.92722900944693,75.14394229230881,20.75974395968841,65.46631336086396,0.0,0.0,0.0,,,1e-08,True,True,0,0,4.440892098500626e-16,0.0,0.0,0.0,1e-08,1.9475833333333328,0,0.0,554,3,0.0,0.0,148.36305553555553,0.0,0.0,63.5841666666667
scenario_coarse,0.0,0.0,0.0,,0.0,0.0,0.0,-28.259752571317875,-1.0000007932831068e-08,28.937374352278244,1e-08,20.75974395968841,screened_water_cap_0.00,optimistic_site_selection,legacy_stress,ample,uniform_google_ai_2024,portfolio_mean,central,gentd26_hourly_service_demand.csv,gentd26_aligned_regional_hourly_cef.csv,capacity_scenarios.csv,energy_calibration_bounds.csv,trace_timestamp_anonymized,single_row_default,0.3,35.0,carbon,211.9472222222222,211.94722220222212,2e-08,0.9999999999056368,0.3000000000283089,56.92722900944693,75.14394229230881,20.75974395968841,65.46631336086396,0.0,0.0,0.0,,,1e-08,True,True,0,0,4.440892098500626e-16,0.0,0.0,0.0,1e-08,1.9475833333333328,0,0.0,554,3,0.0,0.0,148.36305553555553,0.0,0.0,63.5841666666667
scenario_coarse,0.0,0.0,7.82629651895962,0.0,7.82629651895962,0.4871745076888381,1.7123763993981855,-6.3629657098829284e-09,-1.0000007932831068e-08,28.937374352278244,1e-08,28.45019984274813,screened_water_cap_0.00,optimistic_site_selection,legacy_stress,ample,uniform_google_ai_2024,portfolio_mean,central,gentd26_hourly_service_demand.csv,gentd26_aligned_regional_hourly_cef.csv,capacity_scenarios.csv,energy_calibration_bounds.csv,trace_timestamp_anonymized,single_row_default,0.5,15.0,carbon,211.9472222222222,211.94722220222212,2e-08,0.9999999999056368,0.0,56.92722900944693,76.85175916275338,28.93737435043697,65.46631336086396,0.0,0.0,0.0,,,1e-08,True,True,0,0,0.0,0.0,0.0,0.0,1e-08,1.4919444444444443,0,0.0,184,1,0.0,0.0,211.94722220222224,0.0,0.0,0.0
scenario_coarse,0.0,0.0,0.0,,0.0,0.0,0.0,-47.09958761462114,-1.0000007932831068e-08,28.937374352278244,1e-08,15.307990365856046,screened_water_cap_0.00,optimistic_site_selection,legacy_stress,ample,uniform_google_ai_2024,portfolio_mean,central,gentd26_hourly_service_demand.csv,gentd26_aligned_regional_hourly_cef.csv,capacity_scenarios.csv,energy_calibration_bounds.csv,trace_timestamp_anonymized,single_row_default,0.5,20.0,carbon,211.9472222222222,211.94722220222212,2e-08,0.9999999999056368,0.5000000000471817,56.92722900944693,74.00539771201244,15.307990365856046,65.46631336086396,0.0,0.0,0.0,,,1e-08,True,True,0,0,0.0,0.0,0.0,0.0,1e-08,1.2459722222222225,0,0.0,554,3,0.0,0.0,105.97361109111112,0.0,0.0,105.97361111111113
scenario_coarse,0.0,0.0,0.0,,0.0,0.0,0.0,-47.09958761462114,-1.0000007932831068e-08,28.937374352278244,1e-08,15.307990365856046,screened_water_cap_0.00,optimistic_site_selection,legacy_stress,ample,uniform_google_ai_2024,portfolio_mean,central,gentd26_hourly_service_demand.csv,gentd26_aligned_regional_hourly_cef.csv,capacity_scenarios.csv,energy_calibration_bounds.csv,trace_timestamp_anonymized,single_row_default,0.5,35.0,carbon,211.9472222222222,211.94722220222212,2e-08,0.9999999999056368,0.5000000000471817,56.92722900944693,74.00539771201244,15.307990365856046,65.46631336086396,0.0,0.0,0.0,,,1e-08,True,True,0,0,0.0,0.0,0.0,0.0,1e-08,1.2459722222222225,0,0.0,554,3,0.0,0.0,105.97361109111112,0.0,0.0,105.97361111111113
