carbon_mapping,pue_scenario,capacity_scenario,migration_limit,max_latency_ms,wue_profile,water_risk_mapping,energy_level,from_cap_fraction,to_cap_fraction,screened_direct_water_avoided_increment_l,additional_carbon_increment_kgco2e,marginal_additional_carbon_kgco2e_per_screened_l_avoided,monotone_water_avoidance_pass,monotone_carbon_penalty_pass
conservative_site_selection,hub_policy_compliant,ample,0.15,15.0,uniform_google_ai_2024,portfolio_mean,central,1.0,0.75,2.4414378473052984,0.2188846743358681,0.0896540022829001,True,True
conservative_site_selection,hub_policy_compliant,ample,0.15,15.0,uniform_google_ai_2024,portfolio_mean,central,0.75,0.5,2.4414378473053,0.493957724257541,0.2023224653466969,True,True
conservative_site_selection,hub_policy_compliant,ample,0.15,15.0,uniform_google_ai_2024,portfolio_mean,central,0.5,0.25,2.4414378473053,0.7416848899332253,0.3037901991860448,True,True
conservative_site_selection,hub_policy_compliant,ample,0.15,15.0,uniform_google_ai_2024,portfolio_mean,central,0.25,0.0,2.4414378473052976,1.011162292824906,0.4141667148893272,True,True
conservative_site_selection,hub_policy_compliant,ample,0.15,20.0,uniform_google_ai_2024,portfolio_mean,central,1.0,0.75,1.8740601999551263,0.1330228634810026,0.0709811048141291,True,True
conservative_site_selection,hub_policy_compliant,ample,0.15,20.0,uniform_google_ai_2024,portfolio_mean,central,0.75,0.5,1.8740601999551252,0.3132952409644289,0.167174587546297,True,True
conservative_site_selection,hub_policy_compliant,ample,0.15,20.0,uniform_google_ai_2024,portfolio_mean,central,0.5,0.25,1.8740601999551272,0.4641046292042221,0.2476465959926659,True,True
conservative_site_selection,hub_policy_compliant,ample,0.15,20.0,uniform_google_ai_2024,portfolio_mean,central,0.25,0.0,1.8740601999551263,0.6408403335160598,0.3419529071325481,True,True
conservative_site_selection,hub_policy_compliant,ample,0.15,35.0,uniform_google_ai_2024,portfolio_mean,central,1.0,0.75,1.8740601999551263,0.1330228634810026,0.0709811048141291,True,True
conservative_site_selection,hub_policy_compliant,ample,0.15,35.0,uniform_google_ai_2024,portfolio_mean,central,0.75,0.5,1.8740601999551252,0.3132952409644289,0.167174587546297,True,True
conservative_site_selection,hub_policy_compliant,ample,0.15,35.0,uniform_google_ai_2024,portfolio_mean,central,0.5,0.25,1.8740601999551272,0.4641046292042221,0.2476465959926659,True,True
conservative_site_selection,hub_policy_compliant,ample,0.15,35.0,uniform_google_ai_2024,portfolio_mean,central,0.25,0.0,1.8740601999551263,0.6408403335160598,0.3419529071325481,True,True
conservative_site_selection,hub_policy_compliant,ample,0.3,15.0,uniform_google_ai_2024,portfolio_mean,central,1.0,0.75,4.882875694610597,0.4377693486717362,0.0896540022829001,True,True
conservative_site_selection,hub_policy_compliant,ample,0.3,15.0,uniform_google_ai_2024,portfolio_mean,central,0.75,0.5,4.882875694610599,0.9879154485150824,0.202322465346697,True,True
conservative_site_selection,hub_policy_compliant,ample,0.3,15.0,uniform_google_ai_2024,portfolio_mean,central,0.5,0.25,4.8828756946106,1.4833697798664642,0.3037901991860475,True,True
conservative_site_selection,hub_policy_compliant,ample,0.3,15.0,uniform_google_ai_2024,portfolio_mean,central,0.25,0.0,4.882875694610599,2.0223245856497982,0.4141667148893241,True,True
conservative_site_selection,hub_policy_compliant,ample,0.3,20.0,uniform_google_ai_2024,portfolio_mean,central,1.0,0.75,3.7481203999102526,0.2660457269619911,0.0709811048141253,True,True
conservative_site_selection,hub_policy_compliant,ample,0.3,20.0,uniform_google_ai_2024,portfolio_mean,central,0.75,0.5,3.748120399910251,0.6265904819288721,0.1671745875463008,True,True
conservative_site_selection,hub_policy_compliant,ample,0.3,20.0,uniform_google_ai_2024,portfolio_mean,central,0.5,0.25,3.7481203999102526,0.9282092584084438,0.2476465959926659,True,True
conservative_site_selection,hub_policy_compliant,ample,0.3,20.0,uniform_google_ai_2024,portfolio_mean,central,0.25,0.0,3.7481203999102544,1.28168066703212,0.341952907132548,True,True
conservative_site_selection,hub_policy_compliant,ample,0.3,35.0,uniform_google_ai_2024,portfolio_mean,central,1.0,0.75,3.7481203999102526,0.2660457269619911,0.0709811048141253,True,True
conservative_site_selection,hub_policy_compliant,ample,0.3,35.0,uniform_google_ai_2024,portfolio_mean,central,0.75,0.5,3.748120399910251,0.6265904819288721,0.1671745875463008,True,True
conservative_site_selection,hub_policy_compliant,ample,0.3,35.0,uniform_google_ai_2024,portfolio_mean,central,0.5,0.25,3.7481203999102526,0.9282092584084438,0.2476465959926659,True,True
conservative_site_selection,hub_policy_compliant,ample,0.3,35.0,uniform_google_ai_2024,portfolio_mean,central,0.25,0.0,3.7481203999102544,1.28168066703212,0.341952907132548,True,True
conservative_site_selection,hub_policy_compliant,ample,0.5,15.0,uniform_google_ai_2024,portfolio_mean,central,1.0,0.75,8.138126157684319,0.7296155811195391,0.0896540022828976,True,True
conservative_site_selection,hub_policy_compliant,ample,0.5,15.0,uniform_google_ai_2024,portfolio_mean,central,0.75,0.5,8.138126157684347,1.6465257475251462,0.2023224653466978,True,True
conservative_site_selection,hub_policy_compliant,ample,0.5,15.0,uniform_google_ai_2024,portfolio_mean,central,0.5,0.25,8.138126157684344,2.472282966444105,0.3037901991860469,True,True
conservative_site_selection,hub_policy_compliant,ample,0.5,15.0,uniform_google_ai_2024,portfolio_mean,central,0.25,0.0,8.138126157684322,3.3705409760830065,0.4141667148893257,True,True
conservative_site_selection,hub_policy_compliant,ample,0.5,20.0,uniform_google_ai_2024,portfolio_mean,central,1.0,0.75,6.246867333183772,0.4434095449366637,0.070981104814127,True,True
conservative_site_selection,hub_policy_compliant,ample,0.5,20.0,uniform_google_ai_2024,portfolio_mean,central,0.75,0.5,6.246867333183754,1.0443174698814486,0.1671745875462999,True,True
conservative_site_selection,hub_policy_compliant,ample,0.5,20.0,uniform_google_ai_2024,portfolio_mean,central,0.5,0.25,6.246867333183754,1.5470154306807375,0.2476465959926655,True,True
conservative_site_selection,hub_policy_compliant,ample,0.5,20.0,uniform_google_ai_2024,portfolio_mean,central,0.25,0.0,6.246867333183758,2.1361344450535213,0.341952907132546,True,True
conservative_site_selection,hub_policy_compliant,ample,0.5,35.0,uniform_google_ai_2024,portfolio_mean,central,1.0,0.75,6.246867333183772,0.4434095449366637,0.070981104814127,True,True
conservative_site_selection,hub_policy_compliant,ample,0.5,35.0,uniform_google_ai_2024,portfolio_mean,central,0.75,0.5,6.246867333183754,1.0443174698814486,0.1671745875462999,True,True
conservative_site_selection,hub_policy_compliant,ample,0.5,35.0,uniform_google_ai_2024,portfolio_mean,central,0.5,0.25,6.246867333183754,1.5470154306807375,0.2476465959926655,True,True
conservative_site_selection,hub_policy_compliant,ample,0.5,35.0,uniform_google_ai_2024,portfolio_mean,central,0.25,0.0,6.246867333183758,2.1361344450535213,0.341952907132546,True,True
conservative_site_selection,hub_policy_compliant,central,0.15,15.0,uniform_google_ai_2024,portfolio_mean,central,1.0,0.75,2.4414378473052984,0.2188846743358681,0.0896540022829001,True,True
conservative_site_selection,hub_policy_compliant,central,0.15,15.0,uniform_google_ai_2024,portfolio_mean,central,0.75,0.5,2.4414378473053,0.493957724257541,0.2023224653466969,True,True
conservative_site_selection,hub_policy_compliant,central,0.15,15.0,uniform_google_ai_2024,portfolio_mean,central,0.5,0.25,2.4414378473053,0.7416848899332253,0.3037901991860448,True,True
conservative_site_selection,hub_policy_compliant,central,0.15,15.0,uniform_google_ai_2024,portfolio_mean,central,0.25,0.0,2.4414378473052976,1.011162292824906,0.4141667148893272,True,True
conservative_site_selection,hub_policy_compliant,central,0.15,20.0,uniform_google_ai_2024,portfolio_mean,central,1.0,0.75,1.8740601999551263,0.1330228634810026,0.0709811048141291,True,True
conservative_site_selection,hub_policy_compliant,central,0.15,20.0,uniform_google_ai_2024,portfolio_mean,central,0.75,0.5,1.8740601999551252,0.3132952409644289,0.167174587546297,True,True
conservative_site_selection,hub_policy_compliant,central,0.15,20.0,uniform_google_ai_2024,portfolio_mean,central,0.5,0.25,1.8740601999551272,0.4641046292042221,0.2476465959926659,True,True
conservative_site_selection,hub_policy_compliant,central,0.15,20.0,uniform_google_ai_2024,portfolio_mean,central,0.25,0.0,1.8740601999551263,0.6408403335160598,0.3419529071325481,True,True
conservative_site_selection,hub_policy_compliant,central,0.15,35.0,uniform_google_ai_2024,portfolio_mean,central,1.0,0.75,1.8740601999551263,0.1330228634810026,0.0709811048141291,True,True
conservative_site_selection,hub_policy_compliant,central,0.15,35.0,uniform_google_ai_2024,portfolio_mean,central,0.75,0.5,1.8740601999551252,0.3132952409644289,0.167174587546297,True,True
conservative_site_selection,hub_policy_compliant,central,0.15,35.0,uniform_google_ai_2024,portfolio_mean,central,0.5,0.25,1.8740601999551272,0.4641046292042221,0.2476465959926659,True,True
conservative_site_selection,hub_policy_compliant,central,0.15,35.0,uniform_google_ai_2024,portfolio_mean,central,0.25,0.0,1.8740601999551263,0.6408403335160598,0.3419529071325481,True,True
conservative_site_selection,hub_policy_compliant,central,0.3,15.0,uniform_google_ai_2024,portfolio_mean,central,1.0,0.75,4.882875694610597,0.4377693486717362,0.0896540022829001,True,True
conservative_site_selection,hub_policy_compliant,central,0.3,15.0,uniform_google_ai_2024,portfolio_mean,central,0.75,0.5,4.882875694610599,0.9879154485150824,0.202322465346697,True,True
conservative_site_selection,hub_policy_compliant,central,0.3,15.0,uniform_google_ai_2024,portfolio_mean,central,0.5,0.25,4.8828756946106,1.4833697798664642,0.3037901991860475,True,True
conservative_site_selection,hub_policy_compliant,central,0.3,15.0,uniform_google_ai_2024,portfolio_mean,central,0.25,0.0,4.882875694610599,2.0223245856497982,0.4141667148893241,True,True
conservative_site_selection,hub_policy_compliant,central,0.3,20.0,uniform_google_ai_2024,portfolio_mean,central,1.0,0.75,3.7481203999102526,0.2660457269619911,0.0709811048141253,True,True
conservative_site_selection,hub_policy_compliant,central,0.3,20.0,uniform_google_ai_2024,portfolio_mean,central,0.75,0.5,3.748120399910251,0.6265904819288721,0.1671745875463008,True,True
conservative_site_selection,hub_policy_compliant,central,0.3,20.0,uniform_google_ai_2024,portfolio_mean,central,0.5,0.25,3.7481203999102526,0.9282092584084438,0.2476465959926659,True,True
conservative_site_selection,hub_policy_compliant,central,0.3,20.0,uniform_google_ai_2024,portfolio_mean,central,0.25,0.0,3.7481203999102544,1.28168066703212,0.341952907132548,True,True
conservative_site_selection,hub_policy_compliant,central,0.3,35.0,uniform_google_ai_2024,portfolio_mean,central,1.0,0.75,3.7481203999102526,0.2660457269619911,0.0709811048141253,True,True
conservative_site_selection,hub_policy_compliant,central,0.3,35.0,uniform_google_ai_2024,portfolio_mean,central,0.75,0.5,3.748120399910251,0.6265904819288721,0.1671745875463008,True,True
conservative_site_selection,hub_policy_compliant,central,0.3,35.0,uniform_google_ai_2024,portfolio_mean,central,0.5,0.25,3.7481203999102526,0.9282092584084438,0.2476465959926659,True,True
conservative_site_selection,hub_policy_compliant,central,0.3,35.0,uniform_google_ai_2024,portfolio_mean,central,0.25,0.0,3.7481203999102544,1.28168066703212,0.341952907132548,True,True
conservative_site_selection,hub_policy_compliant,central,0.5,15.0,uniform_google_ai_2024,portfolio_mean,central,1.0,0.75,8.138126157684319,0.7296155811195391,0.0896540022828976,True,True
conservative_site_selection,hub_policy_compliant,central,0.5,15.0,uniform_google_ai_2024,portfolio_mean,central,0.75,0.5,8.138126157684347,1.6465257475251462,0.2023224653466978,True,True
conservative_site_selection,hub_policy_compliant,central,0.5,15.0,uniform_google_ai_2024,portfolio_mean,central,0.5,0.25,8.138126157684344,2.472282966444105,0.3037901991860469,True,True
conservative_site_selection,hub_policy_compliant,central,0.5,15.0,uniform_google_ai_2024,portfolio_mean,central,0.25,0.0,8.138126157684322,3.3705409760830065,0.4141667148893257,True,True
conservative_site_selection,hub_policy_compliant,central,0.5,20.0,uniform_google_ai_2024,portfolio_mean,central,1.0,0.75,6.246867333183772,0.4434095449366637,0.070981104814127,True,True
conservative_site_selection,hub_policy_compliant,central,0.5,20.0,uniform_google_ai_2024,portfolio_mean,central,0.75,0.5,6.246867333183754,1.0443174698814486,0.1671745875462999,True,True
conservative_site_selection,hub_policy_compliant,central,0.5,20.0,uniform_google_ai_2024,portfolio_mean,central,0.5,0.25,6.246867333183754,1.5470154306807375,0.2476465959926655,True,True
conservative_site_selection,hub_policy_compliant,central,0.5,20.0,uniform_google_ai_2024,portfolio_mean,central,0.25,0.0,6.246867333183758,2.1361344450535213,0.341952907132546,True,True
conservative_site_selection,hub_policy_compliant,central,0.5,35.0,uniform_google_ai_2024,portfolio_mean,central,1.0,0.75,6.246867333183772,0.4434095449366637,0.070981104814127,True,True
conservative_site_selection,hub_policy_compliant,central,0.5,35.0,uniform_google_ai_2024,portfolio_mean,central,0.75,0.5,6.246867333183754,1.0443174698814486,0.1671745875462999,True,True
conservative_site_selection,hub_policy_compliant,central,0.5,35.0,uniform_google_ai_2024,portfolio_mean,central,0.5,0.25,6.246867333183754,1.5470154306807375,0.2476465959926655,True,True
conservative_site_selection,hub_policy_compliant,central,0.5,35.0,uniform_google_ai_2024,portfolio_mean,central,0.25,0.0,6.246867333183758,2.1361344450535213,0.341952907132546,True,True
conservative_site_selection,hub_policy_compliant,tight,0.15,15.0,uniform_google_ai_2024,portfolio_mean,central,1.0,0.75,2.4414378473052984,0.23176388428449,0.0949292584041391,True,True
conservative_site_selection,hub_policy_compliant,tight,0.15,15.0,uniform_google_ai_2024,portfolio_mean,central,0.75,0.5,2.4414378473053,0.5079400355172794,0.2080495459173414,True,True
conservative_site_selection,hub_policy_compliant,tight,0.15,15.0,uniform_google_ai_2024,portfolio_mean,central,0.5,0.25,2.4414378473053,0.7445126413903864,0.3049484311927625,True,True
conservative_site_selection,hub_policy_compliant,tight,0.15,15.0,uniform_google_ai_2024,portfolio_mean,central,0.25,0.0,2.4414378473052976,1.0111622928248991,0.4141667148893244,True,True
conservative_site_selection,hub_policy_compliant,tight,0.15,20.0,uniform_google_ai_2024,portfolio_mean,central,1.0,0.75,1.8740601999551263,0.1330228634810026,0.0709811048141291,True,True
conservative_site_selection,hub_policy_compliant,tight,0.15,20.0,uniform_google_ai_2024,portfolio_mean,central,0.75,0.5,1.8740601999551252,0.313295240964436,0.1671745875463008,True,True
conservative_site_selection,hub_policy_compliant,tight,0.15,20.0,uniform_google_ai_2024,portfolio_mean,central,0.5,0.25,1.8740601999551272,0.4641046292042219,0.2476465959926658,True,True
conservative_site_selection,hub_policy_compliant,tight,0.15,20.0,uniform_google_ai_2024,portfolio_mean,central,0.25,0.0,1.8740601999551263,0.64084033351606,0.3419529071325481,True,True
conservative_site_selection,hub_policy_compliant,tight,0.15,35.0,uniform_google_ai_2024,portfolio_mean,central,1.0,0.75,1.8740601999551263,0.1330228634810026,0.0709811048141291,True,True
conservative_site_selection,hub_policy_compliant,tight,0.15,35.0,uniform_google_ai_2024,portfolio_mean,central,0.75,0.5,1.8740601999551252,0.313295240964436,0.1671745875463008,True,True
conservative_site_selection,hub_policy_compliant,tight,0.15,35.0,uniform_google_ai_2024,portfolio_mean,central,0.5,0.25,1.8740601999551272,0.4641046292042219,0.2476465959926658,True,True
conservative_site_selection,hub_policy_compliant,tight,0.15,35.0,uniform_google_ai_2024,portfolio_mean,central,0.25,0.0,1.8740601999551263,0.64084033351606,0.3419529071325481,True,True
conservative_site_selection,hub_policy_compliant,tight,0.3,15.0,uniform_google_ai_2024,portfolio_mean,central,1.0,0.75,4.882875694610599,0.4558458330210939,0.0933560183652078,True,True
conservative_site_selection,hub_policy_compliant,tight,0.3,15.0,uniform_google_ai_2024,portfolio_mean,central,0.75,0.5,4.882875694610597,1.0051314933329252,0.2058482656935798,True,True
conservative_site_selection,hub_policy_compliant,tight,0.3,15.0,uniform_google_ai_2024,portfolio_mean,central,0.5,0.25,4.8828756946106,1.4874846242834394,0.3046329084160852,True,True
conservative_site_selection,hub_policy_compliant,tight,0.3,15.0,uniform_google_ai_2024,portfolio_mean,central,0.25,0.0,4.882875694610599,2.0223245856498053,0.4141667148893255,True,True
conservative_site_selection,hub_policy_compliant,tight,0.3,20.0,uniform_google_ai_2024,portfolio_mean,central,1.0,0.75,3.7481203999102526,0.2660457269619911,0.0709811048141253,True,True
conservative_site_selection,hub_policy_compliant,tight,0.3,20.0,uniform_google_ai_2024,portfolio_mean,central,0.75,0.5,3.748120399910251,0.6265904819288721,0.1671745875463008,True,True
conservative_site_selection,hub_policy_compliant,tight,0.3,20.0,uniform_google_ai_2024,portfolio_mean,central,0.5,0.25,3.7481203999102526,0.9282092584084438,0.2476465959926659,True,True
conservative_site_selection,hub_policy_compliant,tight,0.3,20.0,uniform_google_ai_2024,portfolio_mean,central,0.25,0.0,3.7481203999102544,1.28168066703212,0.341952907132548,True,True
conservative_site_selection,hub_policy_compliant,tight,0.3,35.0,uniform_google_ai_2024,portfolio_mean,central,1.0,0.75,3.7481203999102526,0.2660457269619911,0.0709811048141253,True,True
conservative_site_selection,hub_policy_compliant,tight,0.3,35.0,uniform_google_ai_2024,portfolio_mean,central,0.75,0.5,3.748120399910251,0.6265904819288721,0.1671745875463008,True,True
conservative_site_selection,hub_policy_compliant,tight,0.3,35.0,uniform_google_ai_2024,portfolio_mean,central,0.5,0.25,3.7481203999102526,0.9282092584084438,0.2476465959926659,True,True
conservative_site_selection,hub_policy_compliant,tight,0.3,35.0,uniform_google_ai_2024,portfolio_mean,central,0.25,0.0,3.7481203999102544,1.28168066703212,0.341952907132548,True,True
conservative_site_selection,hub_policy_compliant,tight,0.5,15.0,uniform_google_ai_2024,portfolio_mean,central,1.0,0.75,8.10490007958392,0.7448544194882984,0.0919017399566185,True,True
conservative_site_selection,hub_policy_compliant,tight,0.5,15.0,uniform_google_ai_2024,portfolio_mean,central,0.75,0.5,8.104900079583945,1.665949868465006,0.2055484771072619,True,True
conservative_site_selection,hub_policy_compliant,tight,0.5,15.0,uniform_google_ai_2024,portfolio_mean,central,0.5,0.25,8.104900079583935,2.4708563728671606,0.3048595724321381,True,True
conservative_site_selection,hub_policy_compliant,tight,0.5,15.0,uniform_google_ai_2024,portfolio_mean,central,0.25,0.0,8.104900079583924,3.359126662565835,0.4144562708462508,True,True
conservative_site_selection,hub_policy_compliant,tight,0.5,20.0,uniform_google_ai_2024,portfolio_mean,central,1.0,0.75,6.274237556331681,0.4453532112848251,0.0709812478865092,True,True
conservative_site_selection,hub_policy_compliant,tight,0.5,20.0,uniform_google_ai_2024,portfolio_mean,central,0.75,0.5,6.274237556331663,1.040849111622933,0.1658925251519298,True,True
conservative_site_selection,hub_policy_compliant,tight,0.5,20.0,uniform_google_ai_2024,portfolio_mean,central,0.5,0.25,6.27423755633167,1.5518085047552643,0.2473302119696203,True,True
conservative_site_selection,hub_policy_compliant,tight,0.5,20.0,uniform_google_ai_2024,portfolio_mean,central,0.25,0.0,6.274237556331659,2.1437371790381903,0.3416729379133618,True,True
conservative_site_selection,hub_policy_compliant,tight,0.5,35.0,uniform_google_ai_2024,portfolio_mean,central,1.0,0.75,6.274237556331681,0.4453532112848251,0.0709812478865092,True,True
conservative_site_selection,hub_policy_compliant,tight,0.5,35.0,uniform_google_ai_2024,portfolio_mean,central,0.75,0.5,6.274237556331663,1.040849111622933,0.1658925251519298,True,True
conservative_site_selection,hub_policy_compliant,tight,0.5,35.0,uniform_google_ai_2024,portfolio_mean,central,0.5,0.25,6.27423755633167,1.5518085047552643,0.2473302119696203,True,True
conservative_site_selection,hub_policy_compliant,tight,0.5,35.0,uniform_google_ai_2024,portfolio_mean,central,0.25,0.0,6.274237556331659,2.1437371790381903,0.3416729379133618,True,True
conservative_site_selection,legacy_stress,ample,0.15,15.0,uniform_google_ai_2024,portfolio_mean,central,1.0,0.75,2.4516308959258994,0.2990954479280816,0.1219985636602622,True,True
conservative_site_selection,legacy_stress,ample,0.15,15.0,uniform_google_ai_2024,portfolio_mean,central,0.75,0.5,2.4516308959259003,0.5884491338315101,0.2400235430257425,True,True
conservative_site_selection,legacy_stress,ample,0.15,15.0,uniform_google_ai_2024,portfolio_mean,central,0.5,0.25,2.451630895925901,0.8499190224724913,0.3466749517167855,True,True
conservative_site_selection,legacy_stress,ample,0.15,15.0,uniform_google_ai_2024,portfolio_mean,central,0.25,0.0,2.4516308959258986,1.1325942270324916,0.4619758336846823,True,True
conservative_site_selection,legacy_stress,ample,0.15,20.0,uniform_google_ai_2024,portfolio_mean,central,1.0,0.75,1.8740601999551263,0.1385654827926998,0.0739386508480451,True,True
conservative_site_selection,legacy_stress,ample,0.15,20.0,uniform_google_ai_2024,portfolio_mean,central,0.75,0.5,1.8740601999551252,0.3264475798788951,0.1741926859589206,True,True
conservative_site_selection,legacy_stress,ample,0.15,20.0,uniform_google_ai_2024,portfolio_mean,central,0.5,0.25,1.8740601999551272,0.4844766594116051,0.2585171273704044,True,True
conservative_site_selection,legacy_stress,ample,0.15,20.0,uniform_google_ai_2024,portfolio_mean,central,0.25,0.0,1.8740601999551263,0.6680511181941783,0.3564726032867965,True,True
conservative_site_selection,legacy_stress,ample,0.15,35.0,uniform_google_ai_2024,portfolio_mean,central,1.0,0.75,1.8740601999551263,0.1385654827926998,0.0739386508480451,True,True
conservative_site_selection,legacy_stress,ample,0.15,35.0,uniform_google_ai_2024,portfolio_mean,central,0.75,0.5,1.8740601999551252,0.3264475798788951,0.1741926859589206,True,True
conservative_site_selection,legacy_stress,ample,0.15,35.0,uniform_google_ai_2024,portfolio_mean,central,0.5,0.25,1.8740601999551272,0.4844766594116051,0.2585171273704044,True,True
conservative_site_selection,legacy_stress,ample,0.15,35.0,uniform_google_ai_2024,portfolio_mean,central,0.25,0.0,1.8740601999551263,0.6680511181941783,0.3564726032867965,True,True
conservative_site_selection,legacy_stress,ample,0.3,15.0,uniform_google_ai_2024,portfolio_mean,central,1.0,0.75,4.903261791851799,0.5981908958561775,0.1219985636602651,True,True
conservative_site_selection,legacy_stress,ample,0.3,15.0,uniform_google_ai_2024,portfolio_mean,central,0.75,0.5,4.903261791851801,1.176898267663006,0.2400235430257396,True,True
conservative_site_selection,legacy_stress,ample,0.3,15.0,uniform_google_ai_2024,portfolio_mean,central,0.5,0.25,4.903261791851802,1.6998380449449897,0.3466749517167869,True,True
conservative_site_selection,legacy_stress,ample,0.3,15.0,uniform_google_ai_2024,portfolio_mean,central,0.25,0.0,4.903261791851801,2.2651884540649903,0.4619758336846834,True,True
conservative_site_selection,legacy_stress,ample,0.3,20.0,uniform_google_ai_2024,portfolio_mean,central,1.0,0.75,3.7481203999102526,0.2771309655854068,0.073938650848047,True,True
conservative_site_selection,legacy_stress,ample,0.3,20.0,uniform_google_ai_2024,portfolio_mean,central,0.75,0.5,3.748120399910251,0.652895159757783,0.1741926859589186,True,True
conservative_site_selection,legacy_stress,ample,0.3,20.0,uniform_google_ai_2024,portfolio_mean,central,0.5,0.25,3.7481203999102526,0.9689533188232248,0.2585171273704083,True,True
conservative_site_selection,legacy_stress,ample,0.3,20.0,uniform_google_ai_2024,portfolio_mean,central,0.25,0.0,3.7481203999102544,1.3361022363883346,0.3564726032867905,True,True
conservative_site_selection,legacy_stress,ample,0.3,35.0,uniform_google_ai_2024,portfolio_mean,central,1.0,0.75,3.7481203999102526,0.2771309655854068,0.073938650848047,True,True
conservative_site_selection,legacy_stress,ample,0.3,35.0,uniform_google_ai_2024,portfolio_mean,central,0.75,0.5,3.748120399910251,0.652895159757783,0.1741926859589186,True,True
conservative_site_selection,legacy_stress,ample,0.3,35.0,uniform_google_ai_2024,portfolio_mean,central,0.5,0.25,3.7481203999102526,0.9689533188232248,0.2585171273704083,True,True
conservative_site_selection,legacy_stress,ample,0.3,35.0,uniform_google_ai_2024,portfolio_mean,central,0.25,0.0,3.7481203999102544,1.3361022363883346,0.3564726032867905,True,True
conservative_site_selection,legacy_stress,ample,0.5,15.0,uniform_google_ai_2024,portfolio_mean,central,1.0,0.75,8.172102986419652,0.9969848264269744,0.1219985636602668,True,True
conservative_site_selection,legacy_stress,ample,0.5,15.0,uniform_google_ai_2024,portfolio_mean,central,0.75,0.5,8.17210298641968,1.961497112771696,0.2400235430257415,True,True
conservative_site_selection,legacy_stress,ample,0.5,15.0,uniform_google_ai_2024,portfolio_mean,central,0.5,0.25,8.172102986419674,2.833063408241628,0.3466749517167842,True,True
conservative_site_selection,legacy_stress,ample,0.5,15.0,uniform_google_ai_2024,portfolio_mean,central,0.25,0.0,8.17210298641966,3.775314090108317,0.4619758336846838,True,True
conservative_site_selection,legacy_stress,ample,0.5,20.0,uniform_google_ai_2024,portfolio_mean,central,1.0,0.75,6.246867333183772,0.4618849426423566,0.0739386508480487,True,True
conservative_site_selection,legacy_stress,ample,0.5,20.0,uniform_google_ai_2024,portfolio_mean,central,0.75,0.5,6.246867333183756,1.088158599596312,0.1741926859589196,True,True
conservative_site_selection,legacy_stress,ample,0.5,20.0,uniform_google_ai_2024,portfolio_mean,central,0.5,0.25,6.2468673331837525,1.6149221980387125,0.2585171273704091,True,True
conservative_site_selection,legacy_stress,ample,0.5,20.0,uniform_google_ai_2024,portfolio_mean,central,0.25,0.0,6.246867333183758,2.2268370606472203,0.3564726032867898,True,True
conservative_site_selection,legacy_stress,ample,0.5,35.0,uniform_google_ai_2024,portfolio_mean,central,1.0,0.75,6.246867333183772,0.4618849426423566,0.0739386508480487,True,True
conservative_site_selection,legacy_stress,ample,0.5,35.0,uniform_google_ai_2024,portfolio_mean,central,0.75,0.5,6.246867333183756,1.088158599596312,0.1741926859589196,True,True
conservative_site_selection,legacy_stress,ample,0.5,35.0,uniform_google_ai_2024,portfolio_mean,central,0.5,0.25,6.2468673331837525,1.6149221980387125,0.2585171273704091,True,True
conservative_site_selection,legacy_stress,ample,0.5,35.0,uniform_google_ai_2024,portfolio_mean,central,0.25,0.0,6.246867333183758,2.2268370606472203,0.3564726032867898,True,True
conservative_site_selection,legacy_stress,central,0.15,15.0,uniform_google_ai_2024,portfolio_mean,central,1.0,0.75,2.4516308959258994,0.2990954479280816,0.1219985636602622,True,True
conservative_site_selection,legacy_stress,central,0.15,15.0,uniform_google_ai_2024,portfolio_mean,central,0.75,0.5,2.4516308959259003,0.5884491338315101,0.2400235430257425,True,True
conservative_site_selection,legacy_stress,central,0.15,15.0,uniform_google_ai_2024,portfolio_mean,central,0.5,0.25,2.451630895925901,0.8499190224724913,0.3466749517167855,True,True
conservative_site_selection,legacy_stress,central,0.15,15.0,uniform_google_ai_2024,portfolio_mean,central,0.25,0.0,2.4516308959258986,1.1325942270324916,0.4619758336846823,True,True
conservative_site_selection,legacy_stress,central,0.15,20.0,uniform_google_ai_2024,portfolio_mean,central,1.0,0.75,1.8740601999551263,0.1385654827926998,0.0739386508480451,True,True
conservative_site_selection,legacy_stress,central,0.15,20.0,uniform_google_ai_2024,portfolio_mean,central,0.75,0.5,1.8740601999551252,0.3264475798788951,0.1741926859589206,True,True
conservative_site_selection,legacy_stress,central,0.15,20.0,uniform_google_ai_2024,portfolio_mean,central,0.5,0.25,1.8740601999551272,0.4844766594116051,0.2585171273704044,True,True
conservative_site_selection,legacy_stress,central,0.15,20.0,uniform_google_ai_2024,portfolio_mean,central,0.25,0.0,1.8740601999551263,0.6680511181941783,0.3564726032867965,True,True
conservative_site_selection,legacy_stress,central,0.15,35.0,uniform_google_ai_2024,portfolio_mean,central,1.0,0.75,1.8740601999551263,0.1385654827926998,0.0739386508480451,True,True
conservative_site_selection,legacy_stress,central,0.15,35.0,uniform_google_ai_2024,portfolio_mean,central,0.75,0.5,1.8740601999551252,0.3264475798788951,0.1741926859589206,True,True
conservative_site_selection,legacy_stress,central,0.15,35.0,uniform_google_ai_2024,portfolio_mean,central,0.5,0.25,1.8740601999551272,0.4844766594116051,0.2585171273704044,True,True
conservative_site_selection,legacy_stress,central,0.15,35.0,uniform_google_ai_2024,portfolio_mean,central,0.25,0.0,1.8740601999551263,0.6680511181941783,0.3564726032867965,True,True
conservative_site_selection,legacy_stress,central,0.3,15.0,uniform_google_ai_2024,portfolio_mean,central,1.0,0.75,4.903261791851799,0.5981908958561775,0.1219985636602651,True,True
conservative_site_selection,legacy_stress,central,0.3,15.0,uniform_google_ai_2024,portfolio_mean,central,0.75,0.5,4.903261791851801,1.176898267663006,0.2400235430257396,True,True
conservative_site_selection,legacy_stress,central,0.3,15.0,uniform_google_ai_2024,portfolio_mean,central,0.5,0.25,4.903261791851802,1.6998380449449897,0.3466749517167869,True,True
conservative_site_selection,legacy_stress,central,0.3,15.0,uniform_google_ai_2024,portfolio_mean,central,0.25,0.0,4.903261791851801,2.2651884540649903,0.4619758336846834,True,True
conservative_site_selection,legacy_stress,central,0.3,20.0,uniform_google_ai_2024,portfolio_mean,central,1.0,0.75,3.7481203999102526,0.2771309655854068,0.073938650848047,True,True
conservative_site_selection,legacy_stress,central,0.3,20.0,uniform_google_ai_2024,portfolio_mean,central,0.75,0.5,3.748120399910251,0.652895159757783,0.1741926859589186,True,True
conservative_site_selection,legacy_stress,central,0.3,20.0,uniform_google_ai_2024,portfolio_mean,central,0.5,0.25,3.7481203999102526,0.9689533188232248,0.2585171273704083,True,True
conservative_site_selection,legacy_stress,central,0.3,20.0,uniform_google_ai_2024,portfolio_mean,central,0.25,0.0,3.7481203999102544,1.3361022363883346,0.3564726032867905,True,True
conservative_site_selection,legacy_stress,central,0.3,35.0,uniform_google_ai_2024,portfolio_mean,central,1.0,0.75,3.7481203999102526,0.2771309655854068,0.073938650848047,True,True
conservative_site_selection,legacy_stress,central,0.3,35.0,uniform_google_ai_2024,portfolio_mean,central,0.75,0.5,3.748120399910251,0.652895159757783,0.1741926859589186,True,True
conservative_site_selection,legacy_stress,central,0.3,35.0,uniform_google_ai_2024,portfolio_mean,central,0.5,0.25,3.7481203999102526,0.9689533188232248,0.2585171273704083,True,True
conservative_site_selection,legacy_stress,central,0.3,35.0,uniform_google_ai_2024,portfolio_mean,central,0.25,0.0,3.7481203999102544,1.3361022363883346,0.3564726032867905,True,True
conservative_site_selection,legacy_stress,central,0.5,15.0,uniform_google_ai_2024,portfolio_mean,central,1.0,0.75,8.172102986419652,0.9969848264269744,0.1219985636602668,True,True
conservative_site_selection,legacy_stress,central,0.5,15.0,uniform_google_ai_2024,portfolio_mean,central,0.75,0.5,8.17210298641968,1.961497112771696,0.2400235430257415,True,True
conservative_site_selection,legacy_stress,central,0.5,15.0,uniform_google_ai_2024,portfolio_mean,central,0.5,0.25,8.172102986419674,2.833063408241628,0.3466749517167842,True,True
conservative_site_selection,legacy_stress,central,0.5,15.0,uniform_google_ai_2024,portfolio_mean,central,0.25,0.0,8.17210298641966,3.775314090108317,0.4619758336846838,True,True
conservative_site_selection,legacy_stress,central,0.5,20.0,uniform_google_ai_2024,portfolio_mean,central,1.0,0.75,6.246867333183772,0.4618849426423566,0.0739386508480487,True,True
conservative_site_selection,legacy_stress,central,0.5,20.0,uniform_google_ai_2024,portfolio_mean,central,0.75,0.5,6.246867333183756,1.088158599596312,0.1741926859589196,True,True
conservative_site_selection,legacy_stress,central,0.5,20.0,uniform_google_ai_2024,portfolio_mean,central,0.5,0.25,6.2468673331837525,1.6149221980387125,0.2585171273704091,True,True
conservative_site_selection,legacy_stress,central,0.5,20.0,uniform_google_ai_2024,portfolio_mean,central,0.25,0.0,6.246867333183758,2.2268370606472203,0.3564726032867898,True,True
conservative_site_selection,legacy_stress,central,0.5,35.0,uniform_google_ai_2024,portfolio_mean,central,1.0,0.75,6.246867333183772,0.4618849426423566,0.0739386508480487,True,True
conservative_site_selection,legacy_stress,central,0.5,35.0,uniform_google_ai_2024,portfolio_mean,central,0.75,0.5,6.246867333183756,1.088158599596312,0.1741926859589196,True,True
conservative_site_selection,legacy_stress,central,0.5,35.0,uniform_google_ai_2024,portfolio_mean,central,0.5,0.25,6.2468673331837525,1.6149221980387125,0.2585171273704091,True,True
conservative_site_selection,legacy_stress,central,0.5,35.0,uniform_google_ai_2024,portfolio_mean,central,0.25,0.0,6.246867333183758,2.2268370606472203,0.3564726032867898,True,True
conservative_site_selection,legacy_stress,tight,0.15,15.0,uniform_google_ai_2024,portfolio_mean,central,1.0,0.75,2.4516308959259003,0.3120508485269297,0.1272829645953203,True,True
conservative_site_selection,legacy_stress,tight,0.15,15.0,uniform_google_ai_2024,portfolio_mean,central,0.75,0.5,2.4516308959259003,0.6036478238690963,0.2462229632006323,True,True
conservative_site_selection,legacy_stress,tight,0.15,15.0,uniform_google_ai_2024,portfolio_mean,central,0.5,0.25,2.4516308959259003,0.8538293463148249,0.3482699405255952,True,True
conservative_site_selection,legacy_stress,tight,0.15,15.0,uniform_google_ai_2024,portfolio_mean,central,0.25,0.0,2.4516308959258986,1.1325942270324982,0.461975833684685,True,True
conservative_site_selection,legacy_stress,tight,0.15,20.0,uniform_google_ai_2024,portfolio_mean,central,1.0,0.75,1.8740601999551263,0.1385654827927069,0.0739386508480489,True,True
conservative_site_selection,legacy_stress,tight,0.15,20.0,uniform_google_ai_2024,portfolio_mean,central,0.75,0.5,1.8740601999551252,0.326447579878888,0.1741926859589168,True,True
conservative_site_selection,legacy_stress,tight,0.15,20.0,uniform_google_ai_2024,portfolio_mean,central,0.5,0.25,1.8740601999551272,0.4844766594116194,0.258517127370412,True,True
conservative_site_selection,legacy_stress,tight,0.15,20.0,uniform_google_ai_2024,portfolio_mean,central,0.25,0.0,1.8740601999551263,0.668051118194164,0.3564726032867888,True,True
conservative_site_selection,legacy_stress,tight,0.15,35.0,uniform_google_ai_2024,portfolio_mean,central,1.0,0.75,1.8740601999551263,0.1385654827927069,0.0739386508480489,True,True
conservative_site_selection,legacy_stress,tight,0.15,35.0,uniform_google_ai_2024,portfolio_mean,central,0.75,0.5,1.8740601999551252,0.326447579878888,0.1741926859589168,True,True
conservative_site_selection,legacy_stress,tight,0.15,35.0,uniform_google_ai_2024,portfolio_mean,central,0.5,0.25,1.8740601999551272,0.4844766594116194,0.258517127370412,True,True
conservative_site_selection,legacy_stress,tight,0.15,35.0,uniform_google_ai_2024,portfolio_mean,central,0.25,0.0,1.8740601999551263,0.668051118194164,0.3564726032867888,True,True
conservative_site_selection,legacy_stress,tight,0.3,15.0,uniform_google_ai_2024,portfolio_mean,central,1.0,0.75,4.903261791851801,0.6162090512084077,0.1256732920588533,True,True
conservative_site_selection,legacy_stress,tight,0.3,15.0,uniform_google_ai_2024,portfolio_mean,central,0.75,0.5,4.903261791851799,1.1957052121465992,0.2438591417112609,True,True
conservative_site_selection,legacy_stress,tight,0.3,15.0,uniform_google_ai_2024,portfolio_mean,central,0.5,0.25,4.903261791851802,1.7055729085800806,0.3478445534795606,True,True
conservative_site_selection,legacy_stress,tight,0.3,15.0,uniform_google_ai_2024,portfolio_mean,central,0.25,0.0,4.903261791851801,2.2651884540649974,0.4619758336846848,True,True
conservative_site_selection,legacy_stress,tight,0.3,20.0,uniform_google_ai_2024,portfolio_mean,central,1.0,0.75,3.7481203999102526,0.2771309655854068,0.073938650848047,True,True
conservative_site_selection,legacy_stress,tight,0.3,20.0,uniform_google_ai_2024,portfolio_mean,central,0.75,0.5,3.748120399910251,0.6528951597577901,0.1741926859589205,True,True
conservative_site_selection,legacy_stress,tight,0.3,20.0,uniform_google_ai_2024,portfolio_mean,central,0.5,0.25,3.7481203999102526,0.9689533188232248,0.2585171273704083,True,True
conservative_site_selection,legacy_stress,tight,0.3,20.0,uniform_google_ai_2024,portfolio_mean,central,0.25,0.0,3.7481203999102544,1.336102236388335,0.3564726032867906,True,True
conservative_site_selection,legacy_stress,tight,0.3,35.0,uniform_google_ai_2024,portfolio_mean,central,1.0,0.75,3.7481203999102526,0.2771309655854068,0.073938650848047,True,True
conservative_site_selection,legacy_stress,tight,0.3,35.0,uniform_google_ai_2024,portfolio_mean,central,0.75,0.5,3.748120399910251,0.6528951597577901,0.1741926859589205,True,True
conservative_site_selection,legacy_stress,tight,0.3,35.0,uniform_google_ai_2024,portfolio_mean,central,0.5,0.25,3.7481203999102526,0.9689533188232248,0.2585171273704083,True,True
conservative_site_selection,legacy_stress,tight,0.3,35.0,uniform_google_ai_2024,portfolio_mean,central,0.25,0.0,3.7481203999102544,1.336102236388335,0.3564726032867906,True,True
conservative_site_selection,legacy_stress,tight,0.5,15.0,uniform_google_ai_2024,portfolio_mean,central,1.0,0.75,8.138876908319254,1.0105906014250223,0.1241683112803972,True,True
conservative_site_selection,legacy_stress,tight,0.5,15.0,uniform_google_ai_2024,portfolio_mean,central,0.75,0.5,8.13887690831928,1.9813410446987376,0.2434415788588078,True,True
conservative_site_selection,legacy_stress,tight,0.5,15.0,uniform_google_ai_2024,portfolio_mean,central,0.5,0.25,8.138876908319265,2.8326667747717806,0.3480414812363523,True,True
conservative_site_selection,legacy_stress,tight,0.5,15.0,uniform_google_ai_2024,portfolio_mean,central,0.25,0.0,8.138876908319261,3.762383511740112,0.4622730573421427,True,True
conservative_site_selection,legacy_stress,tight,0.5,20.0,uniform_google_ai_2024,portfolio_mean,central,1.0,0.75,6.274237556331681,0.4651753194686137,0.0741405334579943,True,True
conservative_site_selection,legacy_stress,tight,0.5,20.0,uniform_google_ai_2024,portfolio_mean,central,0.75,0.5,6.274237556331661,1.0865912303568237,0.1731829916545457,True,True
conservative_site_selection,legacy_stress,tight,0.5,20.0,uniform_google_ai_2024,portfolio_mean,central,0.5,0.25,6.274237556331672,1.6206975641296566,0.2583098822093727,True,True
conservative_site_selection,legacy_stress,tight,0.5,20.0,uniform_google_ai_2024,portfolio_mean,central,0.25,0.0,6.274237556331659,2.2347605470118523,0.3561804166558276,True,True
conservative_site_selection,legacy_stress,tight,0.5,35.0,uniform_google_ai_2024,portfolio_mean,central,1.0,0.75,6.274237556331681,0.4651753194686137,0.0741405334579943,True,True
conservative_site_selection,legacy_stress,tight,0.5,35.0,uniform_google_ai_2024,portfolio_mean,central,0.75,0.5,6.274237556331661,1.0865912303568237,0.1731829916545457,True,True
conservative_site_selection,legacy_stress,tight,0.5,35.0,uniform_google_ai_2024,portfolio_mean,central,0.5,0.25,6.274237556331672,1.6206975641296566,0.2583098822093727,True,True
conservative_site_selection,legacy_stress,tight,0.5,35.0,uniform_google_ai_2024,portfolio_mean,central,0.25,0.0,6.274237556331659,2.2347605470118523,0.3561804166558276,True,True
conservative_site_selection,uniform_new_build,ample,0.15,15.0,uniform_google_ai_2024,portfolio_mean,central,1.0,0.75,2.43091661340714,0.149860566314075,0.0616477609670174,True,True
conservative_site_selection,uniform_new_build,ample,0.15,15.0,uniform_google_ai_2024,portfolio_mean,central,0.75,0.5,2.430916613407144,0.4348609630060168,0.1788876511056135,True,True
conservative_site_selection,uniform_new_build,ample,0.15,15.0,uniform_google_ai_2024,portfolio_mean,central,0.5,0.25,2.430916613407142,0.6893506752994867,0.2835764384090911,True,True
conservative_site_selection,uniform_new_build,ample,0.15,15.0,uniform_google_ai_2024,portfolio_mean,central,0.25,0.0,2.430916613407142,0.9680057481423674,0.3982060687740427,True,True
conservative_site_selection,uniform_new_build,ample,0.15,20.0,uniform_google_ai_2024,portfolio_mean,central,1.0,0.75,1.8740601999551252,0.1384882935035136,0.0738974625824878,True,True
conservative_site_selection,uniform_new_build,ample,0.15,20.0,uniform_google_ai_2024,portfolio_mean,central,0.75,0.5,1.8740601999551263,0.3244211714846586,0.1731113928423573,True,True
conservative_site_selection,uniform_new_build,ample,0.15,20.0,uniform_google_ai_2024,portfolio_mean,central,0.5,0.25,1.8740601999551272,0.479901813102643,0.2560759857736341,True,True
conservative_site_selection,uniform_new_build,ample,0.15,20.0,uniform_google_ai_2024,portfolio_mean,central,0.25,0.0,1.8740601999551263,0.6551805827167384,0.3496048754103131,True,True
conservative_site_selection,uniform_new_build,ample,0.15,35.0,uniform_google_ai_2024,portfolio_mean,central,1.0,0.75,1.8740601999551252,0.1384882935035136,0.0738974625824878,True,True
conservative_site_selection,uniform_new_build,ample,0.15,35.0,uniform_google_ai_2024,portfolio_mean,central,0.75,0.5,1.8740601999551263,0.3244211714846586,0.1731113928423573,True,True
conservative_site_selection,uniform_new_build,ample,0.15,35.0,uniform_google_ai_2024,portfolio_mean,central,0.5,0.25,1.8740601999551272,0.479901813102643,0.2560759857736341,True,True
conservative_site_selection,uniform_new_build,ample,0.15,35.0,uniform_google_ai_2024,portfolio_mean,central,0.25,0.0,1.8740601999551263,0.6551805827167384,0.3496048754103131,True,True
conservative_site_selection,uniform_new_build,ample,0.3,15.0,uniform_google_ai_2024,portfolio_mean,central,1.0,0.75,4.86183322681428,0.2997211326281643,0.0616477609670204,True,True
conservative_site_selection,uniform_new_build,ample,0.3,15.0,uniform_google_ai_2024,portfolio_mean,central,0.75,0.5,4.861833226814287,0.8697219260120335,0.1788876511056135,True,True
conservative_site_selection,uniform_new_build,ample,0.3,15.0,uniform_google_ai_2024,portfolio_mean,central,0.5,0.25,4.861833226814285,1.3787013505989734,0.283576438409091,True,True
conservative_site_selection,uniform_new_build,ample,0.3,15.0,uniform_google_ai_2024,portfolio_mean,central,0.25,0.0,4.861833226814278,1.9360114962847348,0.3982060687740432,True,True
conservative_site_selection,uniform_new_build,ample,0.3,20.0,uniform_google_ai_2024,portfolio_mean,central,1.0,0.75,3.748120399910251,0.2769765870070273,0.0738974625824878,True,True
conservative_site_selection,uniform_new_build,ample,0.3,20.0,uniform_google_ai_2024,portfolio_mean,central,0.75,0.5,3.7481203999102526,0.6488423429693099,0.1731113928423553,True,True
conservative_site_selection,uniform_new_build,ample,0.3,20.0,uniform_google_ai_2024,portfolio_mean,central,0.5,0.25,3.7481203999102526,0.9598036262052932,0.2560759857736361,True,True
conservative_site_selection,uniform_new_build,ample,0.3,20.0,uniform_google_ai_2024,portfolio_mean,central,0.25,0.0,3.7481203999102544,1.3103611654334697,0.349604875410311,True,True
conservative_site_selection,uniform_new_build,ample,0.3,35.0,uniform_google_ai_2024,portfolio_mean,central,1.0,0.75,3.748120399910251,0.2769765870070273,0.0738974625824878,True,True
conservative_site_selection,uniform_new_build,ample,0.3,35.0,uniform_google_ai_2024,portfolio_mean,central,0.75,0.5,3.7481203999102526,0.6488423429693099,0.1731113928423553,True,True
conservative_site_selection,uniform_new_build,ample,0.3,35.0,uniform_google_ai_2024,portfolio_mean,central,0.5,0.25,3.7481203999102526,0.9598036262052932,0.2560759857736361,True,True
conservative_site_selection,uniform_new_build,ample,0.3,35.0,uniform_google_ai_2024,portfolio_mean,central,0.25,0.0,3.7481203999102544,1.3103611654334697,0.349604875410311,True,True
conservative_site_selection,uniform_new_build,ample,0.5,15.0,uniform_google_ai_2024,portfolio_mean,central,1.0,0.75,8.10305537802379,0.4995352210469335,0.0616477609670196,True,True
conservative_site_selection,uniform_new_build,ample,0.5,15.0,uniform_google_ai_2024,portfolio_mean,central,0.75,0.5,8.103055378023821,1.449536543353403,0.178887651105615,True,True
conservative_site_selection,uniform_new_build,ample,0.5,15.0,uniform_google_ai_2024,portfolio_mean,central,0.5,0.25,8.103055378023807,2.2978355843316223,0.2835764384090911,True,True
conservative_site_selection,uniform_new_build,ample,0.5,15.0,uniform_google_ai_2024,portfolio_mean,central,0.25,0.0,8.103055378023804,3.226685827141217,0.3982060687740419,True,True
conservative_site_selection,uniform_new_build,ample,0.5,20.0,uniform_google_ai_2024,portfolio_mean,central,1.0,0.75,6.246867333183772,0.4616276450117027,0.0738974625824861,True,True
conservative_site_selection,uniform_new_build,ample,0.5,20.0,uniform_google_ai_2024,portfolio_mean,central,0.75,0.5,6.246867333183754,1.0814039049488642,0.1731113928423577,True,True
conservative_site_selection,uniform_new_build,ample,0.5,20.0,uniform_google_ai_2024,portfolio_mean,central,0.5,0.25,6.246867333183754,1.599672710342141,0.2560759857736338,True,True
conservative_site_selection,uniform_new_build,ample,0.5,20.0,uniform_google_ai_2024,portfolio_mean,central,0.25,0.0,6.246867333183758,2.183935275722454,0.3496048754103117,True,True
conservative_site_selection,uniform_new_build,ample,0.5,35.0,uniform_google_ai_2024,portfolio_mean,central,1.0,0.75,6.246867333183772,0.4616276450117027,0.0738974625824861,True,True
conservative_site_selection,uniform_new_build,ample,0.5,35.0,uniform_google_ai_2024,portfolio_mean,central,0.75,0.5,6.246867333183754,1.0814039049488642,0.1731113928423577,True,True
conservative_site_selection,uniform_new_build,ample,0.5,35.0,uniform_google_ai_2024,portfolio_mean,central,0.5,0.25,6.246867333183754,1.599672710342141,0.2560759857736338,True,True
conservative_site_selection,uniform_new_build,ample,0.5,35.0,uniform_google_ai_2024,portfolio_mean,central,0.25,0.0,6.246867333183758,2.183935275722454,0.3496048754103117,True,True
conservative_site_selection,uniform_new_build,central,0.15,15.0,uniform_google_ai_2024,portfolio_mean,central,1.0,0.75,2.43091661340714,0.149860566314075,0.0616477609670174,True,True
conservative_site_selection,uniform_new_build,central,0.15,15.0,uniform_google_ai_2024,portfolio_mean,central,0.75,0.5,2.430916613407144,0.4348609630060168,0.1788876511056135,True,True
conservative_site_selection,uniform_new_build,central,0.15,15.0,uniform_google_ai_2024,portfolio_mean,central,0.5,0.25,2.430916613407142,0.6893506752994867,0.2835764384090911,True,True
conservative_site_selection,uniform_new_build,central,0.15,15.0,uniform_google_ai_2024,portfolio_mean,central,0.25,0.0,2.430916613407142,0.9680057481423674,0.3982060687740427,True,True
conservative_site_selection,uniform_new_build,central,0.15,20.0,uniform_google_ai_2024,portfolio_mean,central,1.0,0.75,1.8740601999551252,0.1384882935035136,0.0738974625824878,True,True
conservative_site_selection,uniform_new_build,central,0.15,20.0,uniform_google_ai_2024,portfolio_mean,central,0.75,0.5,1.8740601999551263,0.3244211714846586,0.1731113928423573,True,True
conservative_site_selection,uniform_new_build,central,0.15,20.0,uniform_google_ai_2024,portfolio_mean,central,0.5,0.25,1.8740601999551272,0.479901813102643,0.2560759857736341,True,True
conservative_site_selection,uniform_new_build,central,0.15,20.0,uniform_google_ai_2024,portfolio_mean,central,0.25,0.0,1.8740601999551263,0.6551805827167384,0.3496048754103131,True,True
conservative_site_selection,uniform_new_build,central,0.15,35.0,uniform_google_ai_2024,portfolio_mean,central,1.0,0.75,1.8740601999551252,0.1384882935035136,0.0738974625824878,True,True
conservative_site_selection,uniform_new_build,central,0.15,35.0,uniform_google_ai_2024,portfolio_mean,central,0.75,0.5,1.8740601999551263,0.3244211714846586,0.1731113928423573,True,True
conservative_site_selection,uniform_new_build,central,0.15,35.0,uniform_google_ai_2024,portfolio_mean,central,0.5,0.25,1.8740601999551272,0.479901813102643,0.2560759857736341,True,True
conservative_site_selection,uniform_new_build,central,0.15,35.0,uniform_google_ai_2024,portfolio_mean,central,0.25,0.0,1.8740601999551263,0.6551805827167384,0.3496048754103131,True,True
conservative_site_selection,uniform_new_build,central,0.3,15.0,uniform_google_ai_2024,portfolio_mean,central,1.0,0.75,4.86183322681428,0.2997211326281643,0.0616477609670204,True,True
conservative_site_selection,uniform_new_build,central,0.3,15.0,uniform_google_ai_2024,portfolio_mean,central,0.75,0.5,4.861833226814287,0.8697219260120335,0.1788876511056135,True,True
conservative_site_selection,uniform_new_build,central,0.3,15.0,uniform_google_ai_2024,portfolio_mean,central,0.5,0.25,4.861833226814285,1.3787013505989734,0.283576438409091,True,True
conservative_site_selection,uniform_new_build,central,0.3,15.0,uniform_google_ai_2024,portfolio_mean,central,0.25,0.0,4.861833226814278,1.9360114962847348,0.3982060687740432,True,True
conservative_site_selection,uniform_new_build,central,0.3,20.0,uniform_google_ai_2024,portfolio_mean,central,1.0,0.75,3.748120399910251,0.2769765870070273,0.0738974625824878,True,True
conservative_site_selection,uniform_new_build,central,0.3,20.0,uniform_google_ai_2024,portfolio_mean,central,0.75,0.5,3.7481203999102526,0.6488423429693099,0.1731113928423553,True,True
conservative_site_selection,uniform_new_build,central,0.3,20.0,uniform_google_ai_2024,portfolio_mean,central,0.5,0.25,3.7481203999102526,0.9598036262052932,0.2560759857736361,True,True
conservative_site_selection,uniform_new_build,central,0.3,20.0,uniform_google_ai_2024,portfolio_mean,central,0.25,0.0,3.7481203999102544,1.3103611654334697,0.349604875410311,True,True
conservative_site_selection,uniform_new_build,central,0.3,35.0,uniform_google_ai_2024,portfolio_mean,central,1.0,0.75,3.748120399910251,0.2769765870070273,0.0738974625824878,True,True
conservative_site_selection,uniform_new_build,central,0.3,35.0,uniform_google_ai_2024,portfolio_mean,central,0.75,0.5,3.7481203999102526,0.6488423429693099,0.1731113928423553,True,True
conservative_site_selection,uniform_new_build,central,0.3,35.0,uniform_google_ai_2024,portfolio_mean,central,0.5,0.25,3.7481203999102526,0.9598036262052932,0.2560759857736361,True,True
conservative_site_selection,uniform_new_build,central,0.3,35.0,uniform_google_ai_2024,portfolio_mean,central,0.25,0.0,3.7481203999102544,1.3103611654334697,0.349604875410311,True,True
conservative_site_selection,uniform_new_build,central,0.5,15.0,uniform_google_ai_2024,portfolio_mean,central,1.0,0.75,8.10305537802379,0.4995352210469335,0.0616477609670196,True,True
conservative_site_selection,uniform_new_build,central,0.5,15.0,uniform_google_ai_2024,portfolio_mean,central,0.75,0.5,8.103055378023821,1.449536543353403,0.178887651105615,True,True
conservative_site_selection,uniform_new_build,central,0.5,15.0,uniform_google_ai_2024,portfolio_mean,central,0.5,0.25,8.103055378023807,2.2978355843316223,0.2835764384090911,True,True
conservative_site_selection,uniform_new_build,central,0.5,15.0,uniform_google_ai_2024,portfolio_mean,central,0.25,0.0,8.103055378023804,3.226685827141217,0.3982060687740419,True,True
conservative_site_selection,uniform_new_build,central,0.5,20.0,uniform_google_ai_2024,portfolio_mean,central,1.0,0.75,6.246867333183772,0.4616276450117027,0.0738974625824861,True,True
conservative_site_selection,uniform_new_build,central,0.5,20.0,uniform_google_ai_2024,portfolio_mean,central,0.75,0.5,6.246867333183754,1.0814039049488642,0.1731113928423577,True,True
conservative_site_selection,uniform_new_build,central,0.5,20.0,uniform_google_ai_2024,portfolio_mean,central,0.5,0.25,6.246867333183754,1.599672710342141,0.2560759857736338,True,True
conservative_site_selection,uniform_new_build,central,0.5,20.0,uniform_google_ai_2024,portfolio_mean,central,0.25,0.0,6.246867333183758,2.183935275722454,0.3496048754103117,True,True
conservative_site_selection,uniform_new_build,central,0.5,35.0,uniform_google_ai_2024,portfolio_mean,central,1.0,0.75,6.246867333183772,0.4616276450117027,0.0738974625824861,True,True
conservative_site_selection,uniform_new_build,central,0.5,35.0,uniform_google_ai_2024,portfolio_mean,central,0.75,0.5,6.246867333183754,1.0814039049488642,0.1731113928423577,True,True
conservative_site_selection,uniform_new_build,central,0.5,35.0,uniform_google_ai_2024,portfolio_mean,central,0.5,0.25,6.246867333183754,1.599672710342141,0.2560759857736338,True,True
conservative_site_selection,uniform_new_build,central,0.5,35.0,uniform_google_ai_2024,portfolio_mean,central,0.25,0.0,6.246867333183758,2.183935275722454,0.3496048754103117,True,True
conservative_site_selection,uniform_new_build,tight,0.15,15.0,uniform_google_ai_2024,portfolio_mean,central,1.0,0.75,2.430916613407142,0.1637244993355864,0.0673509319211538,True,True
conservative_site_selection,uniform_new_build,tight,0.15,15.0,uniform_google_ai_2024,portfolio_mean,central,0.75,0.5,2.4309166134071427,0.4487180224570721,0.1845879944965099,True,True
conservative_site_selection,uniform_new_build,tight,0.15,15.0,uniform_google_ai_2024,portfolio_mean,central,0.5,0.25,2.430916613407141,0.6913189554924486,0.2843861248385254,True,True
conservative_site_selection,uniform_new_build,tight,0.15,15.0,uniform_google_ai_2024,portfolio_mean,central,0.25,0.0,2.430916613407142,0.9680057481423674,0.3982060687740427,True,True
conservative_site_selection,uniform_new_build,tight,0.15,20.0,uniform_google_ai_2024,portfolio_mean,central,1.0,0.75,1.8740601999551252,0.1384882935035136,0.0738974625824878,True,True
conservative_site_selection,uniform_new_build,tight,0.15,20.0,uniform_google_ai_2024,portfolio_mean,central,0.75,0.5,1.8740601999551263,0.3244211714846515,0.1731113928423535,True,True
conservative_site_selection,uniform_new_build,tight,0.15,20.0,uniform_google_ai_2024,portfolio_mean,central,0.5,0.25,1.8740601999551272,0.4799018131026357,0.2560759857736301,True,True
conservative_site_selection,uniform_new_build,tight,0.15,20.0,uniform_google_ai_2024,portfolio_mean,central,0.25,0.0,1.8740601999551263,0.6551805827167386,0.3496048754103132,True,True
conservative_site_selection,uniform_new_build,tight,0.15,35.0,uniform_google_ai_2024,portfolio_mean,central,1.0,0.75,1.8740601999551252,0.1384882935035136,0.0738974625824878,True,True
conservative_site_selection,uniform_new_build,tight,0.15,35.0,uniform_google_ai_2024,portfolio_mean,central,0.75,0.5,1.8740601999551263,0.3244211714846515,0.1731113928423535,True,True
conservative_site_selection,uniform_new_build,tight,0.15,35.0,uniform_google_ai_2024,portfolio_mean,central,0.5,0.25,1.8740601999551272,0.4799018131026357,0.2560759857736301,True,True
conservative_site_selection,uniform_new_build,tight,0.15,35.0,uniform_google_ai_2024,portfolio_mean,central,0.25,0.0,1.8740601999551263,0.6551805827167386,0.3496048754103132,True,True
conservative_site_selection,uniform_new_build,tight,0.3,15.0,uniform_google_ai_2024,portfolio_mean,central,1.0,0.75,4.861833226814284,0.3196562579252102,0.0657480919259472,True,True
conservative_site_selection,uniform_new_build,tight,0.3,15.0,uniform_google_ai_2024,portfolio_mean,central,0.75,0.5,4.861833226814284,0.8863649426135751,0.1823108488635604,True,True
conservative_site_selection,uniform_new_build,tight,0.3,15.0,uniform_google_ai_2024,portfolio_mean,central,0.5,0.25,4.861833226814285,1.381530582284583,0.2841583653394525,True,True
conservative_site_selection,uniform_new_build,tight,0.3,15.0,uniform_google_ai_2024,portfolio_mean,central,0.25,0.0,4.861833226814278,1.936011496284728,0.3982060687740417,True,True
conservative_site_selection,uniform_new_build,tight,0.3,20.0,uniform_google_ai_2024,portfolio_mean,central,1.0,0.75,3.748120399910251,0.2769765870070273,0.0738974625824878,True,True
conservative_site_selection,uniform_new_build,tight,0.3,20.0,uniform_google_ai_2024,portfolio_mean,central,0.75,0.5,3.7481203999102526,0.6488423429693099,0.1731113928423553,True,True
conservative_site_selection,uniform_new_build,tight,0.3,20.0,uniform_google_ai_2024,portfolio_mean,central,0.5,0.25,3.7481203999102526,0.9598036262053,0.2560759857736379,True,True
conservative_site_selection,uniform_new_build,tight,0.3,20.0,uniform_google_ai_2024,portfolio_mean,central,0.25,0.0,3.7481203999102544,1.310361165433463,0.3496048754103092,True,True
conservative_site_selection,uniform_new_build,tight,0.3,35.0,uniform_google_ai_2024,portfolio_mean,central,1.0,0.75,3.748120399910251,0.2769765870070273,0.0738974625824878,True,True
conservative_site_selection,uniform_new_build,tight,0.3,35.0,uniform_google_ai_2024,portfolio_mean,central,0.75,0.5,3.7481203999102526,0.6488423429693099,0.1731113928423553,True,True
conservative_site_selection,uniform_new_build,tight,0.3,35.0,uniform_google_ai_2024,portfolio_mean,central,0.5,0.25,3.7481203999102526,0.9598036262053,0.2560759857736379,True,True
conservative_site_selection,uniform_new_build,tight,0.3,35.0,uniform_google_ai_2024,portfolio_mean,central,0.25,0.0,3.7481203999102544,1.310361165433463,0.3496048754103092,True,True
conservative_site_selection,uniform_new_build,tight,0.5,15.0,uniform_google_ai_2024,portfolio_mean,central,1.0,0.75,8.069829299923395,0.517789833482766,0.0641636661989469,True,True
conservative_site_selection,uniform_new_build,tight,0.5,15.0,uniform_google_ai_2024,portfolio_mean,central,0.75,0.5,8.069829299923416,1.4700499732479952,0.1821661795574717,True,True
conservative_site_selection,uniform_new_build,tight,0.5,15.0,uniform_google_ai_2024,portfolio_mean,central,0.5,0.25,8.06982929992341,2.2953932572273814,0.284441364484521,True,True
conservative_site_selection,uniform_new_build,tight,0.5,15.0,uniform_google_ai_2024,portfolio_mean,central,0.25,0.0,8.069829299923402,3.2159270785910934,0.3985124045463537,True,True
conservative_site_selection,uniform_new_build,tight,0.5,20.0,uniform_google_ai_2024,portfolio_mean,central,1.0,0.75,6.274237556331677,0.4600530504734976,0.0733241364138711,True,True
conservative_site_selection,uniform_new_build,tight,0.5,20.0,uniform_google_ai_2024,portfolio_mean,central,0.75,0.5,6.274237556331665,1.0778678041756535,0.1717926352801098,True,True
conservative_site_selection,uniform_new_build,tight,0.5,20.0,uniform_google_ai_2024,portfolio_mean,central,0.5,0.25,6.274237556331672,1.6039242624813,0.255636521263479,True,True
conservative_site_selection,uniform_new_build,tight,0.5,20.0,uniform_google_ai_2024,portfolio_mean,central,0.25,0.0,6.274237556331659,2.191664388737479,0.3493116683995741,True,True
conservative_site_selection,uniform_new_build,tight,0.5,35.0,uniform_google_ai_2024,portfolio_mean,central,1.0,0.75,6.274237556331677,0.4600530504734976,0.0733241364138711,True,True
conservative_site_selection,uniform_new_build,tight,0.5,35.0,uniform_google_ai_2024,portfolio_mean,central,0.75,0.5,6.274237556331665,1.0778678041756535,0.1717926352801098,True,True
conservative_site_selection,uniform_new_build,tight,0.5,35.0,uniform_google_ai_2024,portfolio_mean,central,0.5,0.25,6.274237556331672,1.6039242624813,0.255636521263479,True,True
conservative_site_selection,uniform_new_build,tight,0.5,35.0,uniform_google_ai_2024,portfolio_mean,central,0.25,0.0,6.274237556331659,2.191664388737479,0.3493116683995741,True,True
equal_site_portfolio,hub_policy_compliant,ample,0.15,15.0,uniform_google_ai_2024,portfolio_mean,central,1.0,0.75,1.5631979570485734,0.0506204593654189,0.0323826289160419,True,True
equal_site_portfolio,hub_policy_compliant,ample,0.15,15.0,uniform_google_ai_2024,portfolio_mean,central,0.75,0.5,1.5631979570485757,0.1529039359903521,0.0978148258836297,True,True
equal_site_portfolio,hub_policy_compliant,ample,0.15,15.0,uniform_google_ai_2024,portfolio_mean,central,0.5,0.25,1.5631979570485748,0.1996879060862469,0.1277431979653245,True,True
equal_site_portfolio,hub_policy_compliant,ample,0.15,15.0,uniform_google_ai_2024,portfolio_mean,central,0.25,0.0,1.5631979570485743,0.3160234576306067,0.2021647074227763,True,True
equal_site_portfolio,hub_policy_compliant,ample,0.15,20.0,uniform_google_ai_2024,portfolio_mean,central,1.0,0.75,0.3031305838676309,0.0008916427475682,0.0029414476632208,True,True
equal_site_portfolio,hub_policy_compliant,ample,0.15,20.0,uniform_google_ai_2024,portfolio_mean,central,0.75,0.5,0.3031305838676301,0.0039443338999377,0.0130119958521245,True,True
equal_site_portfolio,hub_policy_compliant,ample,0.15,20.0,uniform_google_ai_2024,portfolio_mean,central,0.5,0.25,0.3031305838676306,0.0094011834861973,0.0310136422602034,True,True
equal_site_portfolio,hub_policy_compliant,ample,0.15,20.0,uniform_google_ai_2024,portfolio_mean,central,0.25,0.0,0.3031305838676302,0.0148755444569133,0.0490730571198618,True,True
equal_site_portfolio,hub_policy_compliant,ample,0.15,35.0,uniform_google_ai_2024,portfolio_mean,central,1.0,0.75,0.3031305838676309,0.0008916427475682,0.0029414476632208,True,True
equal_site_portfolio,hub_policy_compliant,ample,0.15,35.0,uniform_google_ai_2024,portfolio_mean,central,0.75,0.5,0.3031305838676301,0.0039443338999377,0.0130119958521245,True,True
equal_site_portfolio,hub_policy_compliant,ample,0.15,35.0,uniform_google_ai_2024,portfolio_mean,central,0.5,0.25,0.3031305838676306,0.0094011834861973,0.0310136422602034,True,True
equal_site_portfolio,hub_policy_compliant,ample,0.15,35.0,uniform_google_ai_2024,portfolio_mean,central,0.25,0.0,0.3031305838676302,0.0148755444569133,0.0490730571198618,True,True
equal_site_portfolio,hub_policy_compliant,ample,0.3,15.0,uniform_google_ai_2024,portfolio_mean,central,1.0,0.75,3.126395914097147,0.1012409187308307,0.0323826289160397,True,True
equal_site_portfolio,hub_policy_compliant,ample,0.3,15.0,uniform_google_ai_2024,portfolio_mean,central,0.75,0.5,3.126395914097152,0.3058078719807185,0.0978148258836342,True,True
equal_site_portfolio,hub_policy_compliant,ample,0.3,15.0,uniform_google_ai_2024,portfolio_mean,central,0.5,0.25,3.1263959140971496,0.3993758121724937,0.1277431979653244,True,True
equal_site_portfolio,hub_policy_compliant,ample,0.3,15.0,uniform_google_ai_2024,portfolio_mean,central,0.25,0.0,3.1263959140971487,0.6320469152612063,0.202164707422774,True,True
equal_site_portfolio,hub_policy_compliant,ample,0.3,20.0,uniform_google_ai_2024,portfolio_mean,central,1.0,0.75,0.6062611677352618,0.0017832854951365,0.0029414476632209,True,True
equal_site_portfolio,hub_policy_compliant,ample,0.3,20.0,uniform_google_ai_2024,portfolio_mean,central,0.75,0.5,0.6062611677352601,0.0078886677998824,0.0130119958521361,True,True
equal_site_portfolio,hub_policy_compliant,ample,0.3,20.0,uniform_google_ai_2024,portfolio_mean,central,0.5,0.25,0.6062611677352612,0.0188023669723945,0.0310136422602034,True,True
equal_site_portfolio,hub_policy_compliant,ample,0.3,20.0,uniform_google_ai_2024,portfolio_mean,central,0.25,0.0,0.6062611677352612,0.0297510889138338,0.0490730571198737,True,True
equal_site_portfolio,hub_policy_compliant,ample,0.3,35.0,uniform_google_ai_2024,portfolio_mean,central,1.0,0.75,0.6062611677352618,0.0017832854951365,0.0029414476632209,True,True
equal_site_portfolio,hub_policy_compliant,ample,0.3,35.0,uniform_google_ai_2024,portfolio_mean,central,0.75,0.5,0.6062611677352601,0.0078886677998824,0.0130119958521361,True,True
equal_site_portfolio,hub_policy_compliant,ample,0.3,35.0,uniform_google_ai_2024,portfolio_mean,central,0.5,0.25,0.6062611677352612,0.0188023669723945,0.0310136422602034,True,True
equal_site_portfolio,hub_policy_compliant,ample,0.3,35.0,uniform_google_ai_2024,portfolio_mean,central,0.25,0.0,0.6062611677352612,0.0297510889138338,0.0490730571198737,True,True
equal_site_portfolio,hub_policy_compliant,ample,0.5,15.0,uniform_google_ai_2024,portfolio_mean,central,1.0,0.75,5.210659856828574,0.1687348645513822,0.0323826289160393,True,True
equal_site_portfolio,hub_policy_compliant,ample,0.5,15.0,uniform_google_ai_2024,portfolio_mean,central,0.75,0.5,5.210659856828592,0.5096797866345284,0.0978148258836337,True,True
equal_site_portfolio,hub_policy_compliant,ample,0.5,15.0,uniform_google_ai_2024,portfolio_mean,central,0.5,0.25,5.210659856828583,0.66562635362083,0.1277431979653258,True,True
equal_site_portfolio,hub_policy_compliant,ample,0.5,15.0,uniform_google_ai_2024,portfolio_mean,central,0.25,0.0,5.210659856828579,1.0534115254353438,0.2021647074227741,True,True
equal_site_portfolio,hub_policy_compliant,ample,0.5,20.0,uniform_google_ai_2024,portfolio_mean,central,1.0,0.75,1.0104352795587683,0.0029721424918989,0.0029414476632256,True,True
equal_site_portfolio,hub_policy_compliant,ample,0.5,20.0,uniform_google_ai_2024,portfolio_mean,central,0.75,0.5,1.010435279558768,0.0131477796664718,0.0130119958521372,True,True
equal_site_portfolio,hub_policy_compliant,ample,0.5,20.0,uniform_google_ai_2024,portfolio_mean,central,0.5,0.25,1.0104352795587688,0.0313372782873316,0.0310136422602106,True,True
equal_site_portfolio,hub_policy_compliant,ample,0.5,20.0,uniform_google_ai_2024,portfolio_mean,central,0.25,0.0,1.0104352795587683,0.0495851481897205,0.0490730571198712,True,True
equal_site_portfolio,hub_policy_compliant,ample,0.5,35.0,uniform_google_ai_2024,portfolio_mean,central,1.0,0.75,1.0104352795587683,0.0029721424918989,0.0029414476632256,True,True
equal_site_portfolio,hub_policy_compliant,ample,0.5,35.0,uniform_google_ai_2024,portfolio_mean,central,0.75,0.5,1.010435279558768,0.0131477796664718,0.0130119958521372,True,True
equal_site_portfolio,hub_policy_compliant,ample,0.5,35.0,uniform_google_ai_2024,portfolio_mean,central,0.5,0.25,1.0104352795587688,0.0313372782873316,0.0310136422602106,True,True
equal_site_portfolio,hub_policy_compliant,ample,0.5,35.0,uniform_google_ai_2024,portfolio_mean,central,0.25,0.0,1.0104352795587683,0.0495851481897205,0.0490730571198712,True,True
equal_site_portfolio,hub_policy_compliant,central,0.15,15.0,uniform_google_ai_2024,portfolio_mean,central,1.0,0.75,1.5631979570485734,0.0506204593654189,0.0323826289160419,True,True
equal_site_portfolio,hub_policy_compliant,central,0.15,15.0,uniform_google_ai_2024,portfolio_mean,central,0.75,0.5,1.5631979570485757,0.1529039359903521,0.0978148258836297,True,True
equal_site_portfolio,hub_policy_compliant,central,0.15,15.0,uniform_google_ai_2024,portfolio_mean,central,0.5,0.25,1.5631979570485748,0.1996879060862469,0.1277431979653245,True,True
equal_site_portfolio,hub_policy_compliant,central,0.15,15.0,uniform_google_ai_2024,portfolio_mean,central,0.25,0.0,1.5631979570485743,0.3160234576306067,0.2021647074227763,True,True
equal_site_portfolio,hub_policy_compliant,central,0.15,20.0,uniform_google_ai_2024,portfolio_mean,central,1.0,0.75,0.3031305838676309,0.0008916427475682,0.0029414476632208,True,True
equal_site_portfolio,hub_policy_compliant,central,0.15,20.0,uniform_google_ai_2024,portfolio_mean,central,0.75,0.5,0.3031305838676301,0.0039443338999377,0.0130119958521245,True,True
equal_site_portfolio,hub_policy_compliant,central,0.15,20.0,uniform_google_ai_2024,portfolio_mean,central,0.5,0.25,0.3031305838676306,0.0094011834861973,0.0310136422602034,True,True
equal_site_portfolio,hub_policy_compliant,central,0.15,20.0,uniform_google_ai_2024,portfolio_mean,central,0.25,0.0,0.3031305838676302,0.0148755444569133,0.0490730571198618,True,True
equal_site_portfolio,hub_policy_compliant,central,0.15,35.0,uniform_google_ai_2024,portfolio_mean,central,1.0,0.75,0.3031305838676309,0.0008916427475682,0.0029414476632208,True,True
equal_site_portfolio,hub_policy_compliant,central,0.15,35.0,uniform_google_ai_2024,portfolio_mean,central,0.75,0.5,0.3031305838676301,0.0039443338999377,0.0130119958521245,True,True
equal_site_portfolio,hub_policy_compliant,central,0.15,35.0,uniform_google_ai_2024,portfolio_mean,central,0.5,0.25,0.3031305838676306,0.0094011834861973,0.0310136422602034,True,True
equal_site_portfolio,hub_policy_compliant,central,0.15,35.0,uniform_google_ai_2024,portfolio_mean,central,0.25,0.0,0.3031305838676302,0.0148755444569133,0.0490730571198618,True,True
equal_site_portfolio,hub_policy_compliant,central,0.3,15.0,uniform_google_ai_2024,portfolio_mean,central,1.0,0.75,3.126395914097147,0.1012409187308307,0.0323826289160397,True,True
equal_site_portfolio,hub_policy_compliant,central,0.3,15.0,uniform_google_ai_2024,portfolio_mean,central,0.75,0.5,3.126395914097152,0.3058078719807185,0.0978148258836342,True,True
equal_site_portfolio,hub_policy_compliant,central,0.3,15.0,uniform_google_ai_2024,portfolio_mean,central,0.5,0.25,3.1263959140971496,0.3993758121724937,0.1277431979653244,True,True
equal_site_portfolio,hub_policy_compliant,central,0.3,15.0,uniform_google_ai_2024,portfolio_mean,central,0.25,0.0,3.1263959140971487,0.6320469152612063,0.202164707422774,True,True
equal_site_portfolio,hub_policy_compliant,central,0.3,20.0,uniform_google_ai_2024,portfolio_mean,central,1.0,0.75,0.6062611677352618,0.0017832854951365,0.0029414476632209,True,True
equal_site_portfolio,hub_policy_compliant,central,0.3,20.0,uniform_google_ai_2024,portfolio_mean,central,0.75,0.5,0.6062611677352601,0.0078886677998824,0.0130119958521361,True,True
equal_site_portfolio,hub_policy_compliant,central,0.3,20.0,uniform_google_ai_2024,portfolio_mean,central,0.5,0.25,0.6062611677352612,0.0188023669723945,0.0310136422602034,True,True
equal_site_portfolio,hub_policy_compliant,central,0.3,20.0,uniform_google_ai_2024,portfolio_mean,central,0.25,0.0,0.6062611677352612,0.0297510889138338,0.0490730571198737,True,True
equal_site_portfolio,hub_policy_compliant,central,0.3,35.0,uniform_google_ai_2024,portfolio_mean,central,1.0,0.75,0.6062611677352618,0.0017832854951365,0.0029414476632209,True,True
equal_site_portfolio,hub_policy_compliant,central,0.3,35.0,uniform_google_ai_2024,portfolio_mean,central,0.75,0.5,0.6062611677352601,0.0078886677998824,0.0130119958521361,True,True
equal_site_portfolio,hub_policy_compliant,central,0.3,35.0,uniform_google_ai_2024,portfolio_mean,central,0.5,0.25,0.6062611677352612,0.0188023669723945,0.0310136422602034,True,True
equal_site_portfolio,hub_policy_compliant,central,0.3,35.0,uniform_google_ai_2024,portfolio_mean,central,0.25,0.0,0.6062611677352612,0.0297510889138338,0.0490730571198737,True,True
equal_site_portfolio,hub_policy_compliant,central,0.5,15.0,uniform_google_ai_2024,portfolio_mean,central,1.0,0.75,5.210659856828574,0.1687348645513822,0.0323826289160393,True,True
equal_site_portfolio,hub_policy_compliant,central,0.5,15.0,uniform_google_ai_2024,portfolio_mean,central,0.75,0.5,5.210659856828592,0.5096797866345284,0.0978148258836337,True,True
equal_site_portfolio,hub_policy_compliant,central,0.5,15.0,uniform_google_ai_2024,portfolio_mean,central,0.5,0.25,5.210659856828583,0.66562635362083,0.1277431979653258,True,True
equal_site_portfolio,hub_policy_compliant,central,0.5,15.0,uniform_google_ai_2024,portfolio_mean,central,0.25,0.0,5.210659856828579,1.0534115254353438,0.2021647074227741,True,True
equal_site_portfolio,hub_policy_compliant,central,0.5,20.0,uniform_google_ai_2024,portfolio_mean,central,1.0,0.75,1.0104352795587683,0.0029721424918989,0.0029414476632256,True,True
equal_site_portfolio,hub_policy_compliant,central,0.5,20.0,uniform_google_ai_2024,portfolio_mean,central,0.75,0.5,1.010435279558768,0.0131477796664718,0.0130119958521372,True,True
equal_site_portfolio,hub_policy_compliant,central,0.5,20.0,uniform_google_ai_2024,portfolio_mean,central,0.5,0.25,1.0104352795587688,0.0313372782873316,0.0310136422602106,True,True
equal_site_portfolio,hub_policy_compliant,central,0.5,20.0,uniform_google_ai_2024,portfolio_mean,central,0.25,0.0,1.0104352795587683,0.0495851481897205,0.0490730571198712,True,True
equal_site_portfolio,hub_policy_compliant,central,0.5,35.0,uniform_google_ai_2024,portfolio_mean,central,1.0,0.75,1.0104352795587683,0.0029721424918989,0.0029414476632256,True,True
equal_site_portfolio,hub_policy_compliant,central,0.5,35.0,uniform_google_ai_2024,portfolio_mean,central,0.75,0.5,1.010435279558768,0.0131477796664718,0.0130119958521372,True,True
equal_site_portfolio,hub_policy_compliant,central,0.5,35.0,uniform_google_ai_2024,portfolio_mean,central,0.5,0.25,1.0104352795587688,0.0313372782873316,0.0310136422602106,True,True
equal_site_portfolio,hub_policy_compliant,central,0.5,35.0,uniform_google_ai_2024,portfolio_mean,central,0.25,0.0,1.0104352795587683,0.0495851481897205,0.0490730571198712,True,True
equal_site_portfolio,hub_policy_compliant,tight,0.15,15.0,uniform_google_ai_2024,portfolio_mean,central,1.0,0.75,1.5631979570485743,0.0667442424505111,0.0426972426298002,True,True
equal_site_portfolio,hub_policy_compliant,tight,0.15,15.0,uniform_google_ai_2024,portfolio_mean,central,0.75,0.5,1.5631979570485752,0.1541920643644942,0.0986388599532329,True,True
equal_site_portfolio,hub_policy_compliant,tight,0.15,15.0,uniform_google_ai_2024,portfolio_mean,central,0.5,0.25,1.5631979570485743,0.1997885784577562,0.1278075995154003,True,True
equal_site_portfolio,hub_policy_compliant,tight,0.15,15.0,uniform_google_ai_2024,portfolio_mean,central,0.25,0.0,1.5631979570485743,0.3160234576306067,0.2021647074227763,True,True
equal_site_portfolio,hub_policy_compliant,tight,0.15,20.0,uniform_google_ai_2024,portfolio_mean,central,1.0,0.75,0.3031305838676309,0.0008916427475682,0.0029414476632208,True,True
equal_site_portfolio,hub_policy_compliant,tight,0.15,20.0,uniform_google_ai_2024,portfolio_mean,central,0.75,0.5,0.3031305838676301,0.0039443338999448,0.0130119958521479,True,True
equal_site_portfolio,hub_policy_compliant,tight,0.15,20.0,uniform_google_ai_2024,portfolio_mean,central,0.5,0.25,0.3031305838676306,0.0094011834861973,0.0310136422602034,True,True
equal_site_portfolio,hub_policy_compliant,tight,0.15,20.0,uniform_google_ai_2024,portfolio_mean,central,0.25,0.0,0.3031305838676302,0.0148755444569204,0.0490730571198853,True,True
equal_site_portfolio,hub_policy_compliant,tight,0.15,35.0,uniform_google_ai_2024,portfolio_mean,central,1.0,0.75,0.3031305838676309,0.0008916427475682,0.0029414476632208,True,True
equal_site_portfolio,hub_policy_compliant,tight,0.15,35.0,uniform_google_ai_2024,portfolio_mean,central,0.75,0.5,0.3031305838676301,0.0039443338999448,0.0130119958521479,True,True
equal_site_portfolio,hub_policy_compliant,tight,0.15,35.0,uniform_google_ai_2024,portfolio_mean,central,0.5,0.25,0.3031305838676306,0.0094011834861973,0.0310136422602034,True,True
equal_site_portfolio,hub_policy_compliant,tight,0.15,35.0,uniform_google_ai_2024,portfolio_mean,central,0.25,0.0,0.3031305838676302,0.0148755444569204,0.0490730571198853,True,True
equal_site_portfolio,hub_policy_compliant,tight,0.3,15.0,uniform_google_ai_2024,portfolio_mean,central,1.0,0.75,3.126395914097147,0.1195536174109008,0.0382400760159085,True,True
equal_site_portfolio,hub_policy_compliant,tight,0.3,15.0,uniform_google_ai_2024,portfolio_mean,central,0.75,0.5,3.126395914097152,0.3074461591961182,0.0983388437177199,True,True
equal_site_portfolio,hub_policy_compliant,tight,0.3,15.0,uniform_google_ai_2024,portfolio_mean,central,0.5,0.25,3.1263959140971487,0.399476484418635,0.1277753987002625,True,True
equal_site_portfolio,hub_policy_compliant,tight,0.3,15.0,uniform_google_ai_2024,portfolio_mean,central,0.25,0.0,3.1263959140971487,0.6320469153865744,0.2021647074628739,True,True
equal_site_portfolio,hub_policy_compliant,tight,0.3,20.0,uniform_google_ai_2024,portfolio_mean,central,1.0,0.75,0.6062611677352618,0.0017832854951365,0.0029414476632209,True,True
equal_site_portfolio,hub_policy_compliant,tight,0.3,20.0,uniform_google_ai_2024,portfolio_mean,central,0.75,0.5,0.6062611677352601,0.0078886677998895,0.0130119958521478,True,True
equal_site_portfolio,hub_policy_compliant,tight,0.3,20.0,uniform_google_ai_2024,portfolio_mean,central,0.5,0.25,0.6062611677352612,0.0188023669723946,0.0310136422602034,True,True
equal_site_portfolio,hub_policy_compliant,tight,0.3,20.0,uniform_google_ai_2024,portfolio_mean,central,0.25,0.0,0.6062611677352612,0.0297510889138338,0.0490730571198737,True,True
equal_site_portfolio,hub_policy_compliant,tight,0.3,35.0,uniform_google_ai_2024,portfolio_mean,central,1.0,0.75,0.6062611677352618,0.0017832854951365,0.0029414476632209,True,True
equal_site_portfolio,hub_policy_compliant,tight,0.3,35.0,uniform_google_ai_2024,portfolio_mean,central,0.75,0.5,0.6062611677352601,0.0078886677998895,0.0130119958521478,True,True
equal_site_portfolio,hub_policy_compliant,tight,0.3,35.0,uniform_google_ai_2024,portfolio_mean,central,0.5,0.25,0.6062611677352612,0.0188023669723946,0.0310136422602034,True,True
equal_site_portfolio,hub_policy_compliant,tight,0.3,35.0,uniform_google_ai_2024,portfolio_mean,central,0.25,0.0,0.6062611677352612,0.0297510889138338,0.0490730571198737,True,True
equal_site_portfolio,hub_policy_compliant,tight,0.5,15.0,uniform_google_ai_2024,portfolio_mean,central,1.0,0.75,5.204804001876093,0.1872625317079155,0.0359787864519808,True,True
equal_site_portfolio,hub_policy_compliant,tight,0.5,15.0,uniform_google_ai_2024,portfolio_mean,central,0.75,0.5,5.204804001876092,0.5115841020258145,0.0982907525127578,True,True
equal_site_portfolio,hub_policy_compliant,tight,0.5,15.0,uniform_google_ai_2024,portfolio_mean,central,0.5,0.25,5.204804001876088,0.6652168059868231,0.1278082336524187,True,True
equal_site_portfolio,hub_policy_compliant,tight,0.5,15.0,uniform_google_ai_2024,portfolio_mean,central,0.25,0.0,5.204804001876086,1.052580627355539,0.2022325196061433,True,True
equal_site_portfolio,hub_policy_compliant,tight,0.5,20.0,uniform_google_ai_2024,portfolio_mean,central,1.0,0.75,1.04366135765917,0.0031446500660585,0.0030130942790788,True,True
equal_site_portfolio,hub_policy_compliant,tight,0.5,20.0,uniform_google_ai_2024,portfolio_mean,central,0.75,0.5,1.043661357659169,0.0141586983175266,0.0135663720934184,True,True
equal_site_portfolio,hub_policy_compliant,tight,0.5,20.0,uniform_google_ai_2024,portfolio_mean,central,0.5,0.25,1.0436613576591691,0.0339643159838267,0.0325434258292416,True,True
equal_site_portfolio,hub_policy_compliant,tight,0.5,20.0,uniform_google_ai_2024,portfolio_mean,central,0.25,0.0,1.0436613576591696,0.0521741751484264,0.049991479291183,True,True
equal_site_portfolio,hub_policy_compliant,tight,0.5,35.0,uniform_google_ai_2024,portfolio_mean,central,1.0,0.75,1.04366135765917,0.0031446500660585,0.0030130942790788,True,True
equal_site_portfolio,hub_policy_compliant,tight,0.5,35.0,uniform_google_ai_2024,portfolio_mean,central,0.75,0.5,1.043661357659169,0.0141586983175266,0.0135663720934184,True,True
equal_site_portfolio,hub_policy_compliant,tight,0.5,35.0,uniform_google_ai_2024,portfolio_mean,central,0.5,0.25,1.0436613576591691,0.0339643159838267,0.0325434258292416,True,True
equal_site_portfolio,hub_policy_compliant,tight,0.5,35.0,uniform_google_ai_2024,portfolio_mean,central,0.25,0.0,1.0436613576591696,0.0521741751484264,0.049991479291183,True,True
equal_site_portfolio,legacy_stress,ample,0.15,15.0,uniform_google_ai_2024,portfolio_mean,central,1.0,0.75,1.6150061858645175,0.0755133937002341,0.0467573402264162,True,True
equal_site_portfolio,legacy_stress,ample,0.15,15.0,uniform_google_ai_2024,portfolio_mean,central,0.75,0.5,1.6150061858645206,0.1941277284879845,0.1202024674500346,True,True
equal_site_portfolio,legacy_stress,ample,0.15,15.0,uniform_google_ai_2024,portfolio_mean,central,0.5,0.25,1.6150061858645186,0.2497703653143261,0.1546559805779463,True,True
equal_site_portfolio,legacy_stress,ample,0.15,15.0,uniform_google_ai_2024,portfolio_mean,central,0.25,0.0,1.6150061858645195,0.3728586770362483,0.2308713615463061,True,True
equal_site_portfolio,legacy_stress,ample,0.15,20.0,uniform_google_ai_2024,portfolio_mean,central,1.0,0.75,0.3031305838676309,0.0009287945287255,0.0030640079825501,True,True
equal_site_portfolio,legacy_stress,ample,0.15,20.0,uniform_google_ai_2024,portfolio_mean,central,0.75,0.5,0.3031305838676301,0.0041086811457659,0.013554162345955,True,True
equal_site_portfolio,legacy_stress,ample,0.15,20.0,uniform_google_ai_2024,portfolio_mean,central,0.5,0.25,0.3031305838676306,0.0097928994647915,0.0323058773543873,True,True
equal_site_portfolio,legacy_stress,ample,0.15,20.0,uniform_google_ai_2024,portfolio_mean,central,0.25,0.0,0.3031305838676302,0.0154953588092894,0.0511177678332053,True,True
equal_site_portfolio,legacy_stress,ample,0.15,35.0,uniform_google_ai_2024,portfolio_mean,central,1.0,0.75,0.3031305838676309,0.0009287945287255,0.0030640079825501,True,True
equal_site_portfolio,legacy_stress,ample,0.15,35.0,uniform_google_ai_2024,portfolio_mean,central,0.75,0.5,0.3031305838676301,0.0041086811457659,0.013554162345955,True,True
equal_site_portfolio,legacy_stress,ample,0.15,35.0,uniform_google_ai_2024,portfolio_mean,central,0.5,0.25,0.3031305838676306,0.0097928994647915,0.0323058773543873,True,True
equal_site_portfolio,legacy_stress,ample,0.15,35.0,uniform_google_ai_2024,portfolio_mean,central,0.25,0.0,0.3031305838676302,0.0154953588092894,0.0511177678332053,True,True
equal_site_portfolio,legacy_stress,ample,0.3,15.0,uniform_google_ai_2024,portfolio_mean,central,1.0,0.75,3.2300123717290354,0.1510267874004753,0.0467573402264184,True,True
equal_site_portfolio,legacy_stress,ample,0.3,15.0,uniform_google_ai_2024,portfolio_mean,central,0.75,0.5,3.2300123717290408,0.3882554569759621,0.1202024674500324,True,True
equal_site_portfolio,legacy_stress,ample,0.3,15.0,uniform_google_ai_2024,portfolio_mean,central,0.5,0.25,3.2300123717290354,0.4995407306286523,0.1546559805779464,True,True
equal_site_portfolio,legacy_stress,ample,0.3,15.0,uniform_google_ai_2024,portfolio_mean,central,0.25,0.0,3.2300123717290408,0.7457173540725037,0.2308713615463081,True,True
equal_site_portfolio,legacy_stress,ample,0.3,20.0,uniform_google_ai_2024,portfolio_mean,central,1.0,0.75,0.6062611677352618,0.0018575890574368,0.0030640079825266,True,True
equal_site_portfolio,legacy_stress,ample,0.3,20.0,uniform_google_ai_2024,portfolio_mean,central,0.75,0.5,0.6062611677352601,0.0082173622915391,0.0135541623459667,True,True
equal_site_portfolio,legacy_stress,ample,0.3,20.0,uniform_google_ai_2024,portfolio_mean,central,0.5,0.25,0.6062611677352612,0.0195857989295831,0.0323058773543875,True,True
equal_site_portfolio,legacy_stress,ample,0.3,20.0,uniform_google_ai_2024,portfolio_mean,central,0.25,0.0,0.6062611677352612,0.0309907176185718,0.0511177678331934,True,True
equal_site_portfolio,legacy_stress,ample,0.3,35.0,uniform_google_ai_2024,portfolio_mean,central,1.0,0.75,0.6062611677352618,0.0018575890574368,0.0030640079825266,True,True
equal_site_portfolio,legacy_stress,ample,0.3,35.0,uniform_google_ai_2024,portfolio_mean,central,0.75,0.5,0.6062611677352601,0.0082173622915391,0.0135541623459667,True,True
equal_site_portfolio,legacy_stress,ample,0.3,35.0,uniform_google_ai_2024,portfolio_mean,central,0.5,0.25,0.6062611677352612,0.0195857989295831,0.0323058773543875,True,True
equal_site_portfolio,legacy_stress,ample,0.3,35.0,uniform_google_ai_2024,portfolio_mean,central,0.25,0.0,0.6062611677352612,0.0309907176185718,0.0511177678331934,True,True
equal_site_portfolio,legacy_stress,ample,0.5,15.0,uniform_google_ai_2024,portfolio_mean,central,1.0,0.75,5.383353952881727,0.2517113123341232,0.046757340226418,True,True
equal_site_portfolio,legacy_stress,ample,0.5,15.0,uniform_google_ai_2024,portfolio_mean,central,0.75,0.5,5.383353952881732,0.64709242829327,0.1202024674500324,True,True
equal_site_portfolio,legacy_stress,ample,0.5,15.0,uniform_google_ai_2024,portfolio_mean,central,0.5,0.25,5.383353952881736,0.8325678843810993,0.1546559805779483,True,True
equal_site_portfolio,legacy_stress,ample,0.5,15.0,uniform_google_ai_2024,portfolio_mean,central,0.25,0.0,5.383353952881723,1.2428622567874963,0.2308713615463068,True,True
equal_site_portfolio,legacy_stress,ample,0.5,20.0,uniform_google_ai_2024,portfolio_mean,central,1.0,0.75,1.0104352795587683,0.0030959817623958,0.0030640079825278,True,True
equal_site_portfolio,legacy_stress,ample,0.5,20.0,uniform_google_ai_2024,portfolio_mean,central,0.75,0.5,1.010435279558768,0.0136956038192437,0.0135541623459785,True,True
equal_site_portfolio,legacy_stress,ample,0.5,20.0,uniform_google_ai_2024,portfolio_mean,central,0.5,0.25,1.0104352795587688,0.0326429982159659,0.0323058773543816,True,True
equal_site_portfolio,legacy_stress,ample,0.5,20.0,uniform_google_ai_2024,portfolio_mean,central,0.25,0.0,1.0104352795587683,0.0516511960309599,0.0511177678332003,True,True
equal_site_portfolio,legacy_stress,ample,0.5,35.0,uniform_google_ai_2024,portfolio_mean,central,1.0,0.75,1.0104352795587683,0.0030959817623958,0.0030640079825278,True,True
equal_site_portfolio,legacy_stress,ample,0.5,35.0,uniform_google_ai_2024,portfolio_mean,central,0.75,0.5,1.010435279558768,0.0136956038192437,0.0135541623459785,True,True
equal_site_portfolio,legacy_stress,ample,0.5,35.0,uniform_google_ai_2024,portfolio_mean,central,0.5,0.25,1.0104352795587688,0.0326429982159659,0.0323058773543816,True,True
equal_site_portfolio,legacy_stress,ample,0.5,35.0,uniform_google_ai_2024,portfolio_mean,central,0.25,0.0,1.0104352795587683,0.0516511960309599,0.0511177678332003,True,True
equal_site_portfolio,legacy_stress,central,0.15,15.0,uniform_google_ai_2024,portfolio_mean,central,1.0,0.75,1.6150061858645175,0.0755133937002341,0.0467573402264162,True,True
equal_site_portfolio,legacy_stress,central,0.15,15.0,uniform_google_ai_2024,portfolio_mean,central,0.75,0.5,1.6150061858645206,0.1941277284879845,0.1202024674500346,True,True
equal_site_portfolio,legacy_stress,central,0.15,15.0,uniform_google_ai_2024,portfolio_mean,central,0.5,0.25,1.6150061858645186,0.2497703653143261,0.1546559805779463,True,True
equal_site_portfolio,legacy_stress,central,0.15,15.0,uniform_google_ai_2024,portfolio_mean,central,0.25,0.0,1.6150061858645195,0.3728586770362483,0.2308713615463061,True,True
equal_site_portfolio,legacy_stress,central,0.15,20.0,uniform_google_ai_2024,portfolio_mean,central,1.0,0.75,0.3031305838676309,0.0009287945287255,0.0030640079825501,True,True
equal_site_portfolio,legacy_stress,central,0.15,20.0,uniform_google_ai_2024,portfolio_mean,central,0.75,0.5,0.3031305838676301,0.0041086811457659,0.013554162345955,True,True
equal_site_portfolio,legacy_stress,central,0.15,20.0,uniform_google_ai_2024,portfolio_mean,central,0.5,0.25,0.3031305838676306,0.0097928994647915,0.0323058773543873,True,True
equal_site_portfolio,legacy_stress,central,0.15,20.0,uniform_google_ai_2024,portfolio_mean,central,0.25,0.0,0.3031305838676302,0.0154953588092894,0.0511177678332053,True,True
equal_site_portfolio,legacy_stress,central,0.15,35.0,uniform_google_ai_2024,portfolio_mean,central,1.0,0.75,0.3031305838676309,0.0009287945287255,0.0030640079825501,True,True
equal_site_portfolio,legacy_stress,central,0.15,35.0,uniform_google_ai_2024,portfolio_mean,central,0.75,0.5,0.3031305838676301,0.0041086811457659,0.013554162345955,True,True
equal_site_portfolio,legacy_stress,central,0.15,35.0,uniform_google_ai_2024,portfolio_mean,central,0.5,0.25,0.3031305838676306,0.0097928994647915,0.0323058773543873,True,True
equal_site_portfolio,legacy_stress,central,0.15,35.0,uniform_google_ai_2024,portfolio_mean,central,0.25,0.0,0.3031305838676302,0.0154953588092894,0.0511177678332053,True,True
equal_site_portfolio,legacy_stress,central,0.3,15.0,uniform_google_ai_2024,portfolio_mean,central,1.0,0.75,3.2300123717290354,0.1510267874004753,0.0467573402264184,True,True
equal_site_portfolio,legacy_stress,central,0.3,15.0,uniform_google_ai_2024,portfolio_mean,central,0.75,0.5,3.2300123717290408,0.3882554569759621,0.1202024674500324,True,True
equal_site_portfolio,legacy_stress,central,0.3,15.0,uniform_google_ai_2024,portfolio_mean,central,0.5,0.25,3.2300123717290354,0.4995407306286523,0.1546559805779464,True,True
equal_site_portfolio,legacy_stress,central,0.3,15.0,uniform_google_ai_2024,portfolio_mean,central,0.25,0.0,3.2300123717290408,0.7457173540725037,0.2308713615463081,True,True
equal_site_portfolio,legacy_stress,central,0.3,20.0,uniform_google_ai_2024,portfolio_mean,central,1.0,0.75,0.6062611677352618,0.0018575890574368,0.0030640079825266,True,True
equal_site_portfolio,legacy_stress,central,0.3,20.0,uniform_google_ai_2024,portfolio_mean,central,0.75,0.5,0.6062611677352601,0.0082173622915391,0.0135541623459667,True,True
equal_site_portfolio,legacy_stress,central,0.3,20.0,uniform_google_ai_2024,portfolio_mean,central,0.5,0.25,0.6062611677352612,0.0195857989295831,0.0323058773543875,True,True
equal_site_portfolio,legacy_stress,central,0.3,20.0,uniform_google_ai_2024,portfolio_mean,central,0.25,0.0,0.6062611677352612,0.0309907176185718,0.0511177678331934,True,True
equal_site_portfolio,legacy_stress,central,0.3,35.0,uniform_google_ai_2024,portfolio_mean,central,1.0,0.75,0.6062611677352618,0.0018575890574368,0.0030640079825266,True,True
equal_site_portfolio,legacy_stress,central,0.3,35.0,uniform_google_ai_2024,portfolio_mean,central,0.75,0.5,0.6062611677352601,0.0082173622915391,0.0135541623459667,True,True
equal_site_portfolio,legacy_stress,central,0.3,35.0,uniform_google_ai_2024,portfolio_mean,central,0.5,0.25,0.6062611677352612,0.0195857989295831,0.0323058773543875,True,True
equal_site_portfolio,legacy_stress,central,0.3,35.0,uniform_google_ai_2024,portfolio_mean,central,0.25,0.0,0.6062611677352612,0.0309907176185718,0.0511177678331934,True,True
equal_site_portfolio,legacy_stress,central,0.5,15.0,uniform_google_ai_2024,portfolio_mean,central,1.0,0.75,5.383353952881727,0.2517113123341232,0.046757340226418,True,True
equal_site_portfolio,legacy_stress,central,0.5,15.0,uniform_google_ai_2024,portfolio_mean,central,0.75,0.5,5.383353952881732,0.64709242829327,0.1202024674500324,True,True
equal_site_portfolio,legacy_stress,central,0.5,15.0,uniform_google_ai_2024,portfolio_mean,central,0.5,0.25,5.383353952881736,0.8325678843810993,0.1546559805779483,True,True
equal_site_portfolio,legacy_stress,central,0.5,15.0,uniform_google_ai_2024,portfolio_mean,central,0.25,0.0,5.383353952881723,1.2428622567874963,0.2308713615463068,True,True
equal_site_portfolio,legacy_stress,central,0.5,20.0,uniform_google_ai_2024,portfolio_mean,central,1.0,0.75,1.0104352795587683,0.0030959817623958,0.0030640079825278,True,True
equal_site_portfolio,legacy_stress,central,0.5,20.0,uniform_google_ai_2024,portfolio_mean,central,0.75,0.5,1.010435279558768,0.0136956038192437,0.0135541623459785,True,True
equal_site_portfolio,legacy_stress,central,0.5,20.0,uniform_google_ai_2024,portfolio_mean,central,0.5,0.25,1.0104352795587688,0.0326429982159659,0.0323058773543816,True,True
equal_site_portfolio,legacy_stress,central,0.5,20.0,uniform_google_ai_2024,portfolio_mean,central,0.25,0.0,1.0104352795587683,0.0516511960309599,0.0511177678332003,True,True
equal_site_portfolio,legacy_stress,central,0.5,35.0,uniform_google_ai_2024,portfolio_mean,central,1.0,0.75,1.0104352795587683,0.0030959817623958,0.0030640079825278,True,True
equal_site_portfolio,legacy_stress,central,0.5,35.0,uniform_google_ai_2024,portfolio_mean,central,0.75,0.5,1.010435279558768,0.0136956038192437,0.0135541623459785,True,True
equal_site_portfolio,legacy_stress,central,0.5,35.0,uniform_google_ai_2024,portfolio_mean,central,0.5,0.25,1.0104352795587688,0.0326429982159659,0.0323058773543816,True,True
equal_site_portfolio,legacy_stress,central,0.5,35.0,uniform_google_ai_2024,portfolio_mean,central,0.25,0.0,1.0104352795587683,0.0516511960309599,0.0511177678332003,True,True
equal_site_portfolio,legacy_stress,tight,0.15,15.0,uniform_google_ai_2024,portfolio_mean,central,1.0,0.75,1.6150061858645195,0.090124641229373,0.0558045176657505,True,True
equal_site_portfolio,legacy_stress,tight,0.15,15.0,uniform_google_ai_2024,portfolio_mean,central,0.75,0.5,1.6150061858645186,0.198196913509129,0.1227220770074224,True,True
equal_site_portfolio,legacy_stress,tight,0.15,15.0,uniform_google_ai_2024,portfolio_mean,central,0.5,0.25,1.6150061858645186,0.2499700849145938,0.1547796454914406,True,True
equal_site_portfolio,legacy_stress,tight,0.15,15.0,uniform_google_ai_2024,portfolio_mean,central,0.25,0.0,1.6150061858645195,0.3728586770362483,0.2308713615463061,True,True
equal_site_portfolio,legacy_stress,tight,0.15,20.0,uniform_google_ai_2024,portfolio_mean,central,1.0,0.75,0.3031305838676309,0.0009287945287255,0.0030640079825501,True,True
equal_site_portfolio,legacy_stress,tight,0.15,20.0,uniform_google_ai_2024,portfolio_mean,central,0.75,0.5,0.3031305838676301,0.0041086811457659,0.013554162345955,True,True
equal_site_portfolio,legacy_stress,tight,0.15,20.0,uniform_google_ai_2024,portfolio_mean,central,0.5,0.25,0.3031305838676306,0.0097928994647915,0.0323058773543873,True,True
equal_site_portfolio,legacy_stress,tight,0.15,20.0,uniform_google_ai_2024,portfolio_mean,central,0.25,0.0,0.3031305838676302,0.0154953588092894,0.0511177678332053,True,True
equal_site_portfolio,legacy_stress,tight,0.15,35.0,uniform_google_ai_2024,portfolio_mean,central,1.0,0.75,0.3031305838676309,0.0009287945287255,0.0030640079825501,True,True
equal_site_portfolio,legacy_stress,tight,0.15,35.0,uniform_google_ai_2024,portfolio_mean,central,0.75,0.5,0.3031305838676301,0.0041086811457659,0.013554162345955,True,True
equal_site_portfolio,legacy_stress,tight,0.15,35.0,uniform_google_ai_2024,portfolio_mean,central,0.5,0.25,0.3031305838676306,0.0097928994647915,0.0323058773543873,True,True
equal_site_portfolio,legacy_stress,tight,0.15,35.0,uniform_google_ai_2024,portfolio_mean,central,0.25,0.0,0.3031305838676302,0.0154953588092894,0.0511177678332053,True,True
equal_site_portfolio,legacy_stress,tight,0.3,15.0,uniform_google_ai_2024,portfolio_mean,central,1.0,0.75,3.2300123717290354,0.1663560308855594,0.0515032178643044,True,True
equal_site_portfolio,legacy_stress,tight,0.3,15.0,uniform_google_ai_2024,portfolio_mean,central,0.75,0.5,3.2300123717290417,0.3943154080456423,0.122078606105946,True,True
equal_site_portfolio,legacy_stress,tight,0.3,15.0,uniform_google_ai_2024,portfolio_mean,central,0.5,0.25,3.2300123717290345,0.4997404502289271,0.1547178130346957,True,True
equal_site_portfolio,legacy_stress,tight,0.3,15.0,uniform_google_ai_2024,portfolio_mean,central,0.25,0.0,3.2300123717290408,0.7457173540724964,0.2308713615463059,True,True
equal_site_portfolio,legacy_stress,tight,0.3,20.0,uniform_google_ai_2024,portfolio_mean,central,1.0,0.75,0.6062611677352618,0.0018575890574368,0.0030640079825266,True,True
equal_site_portfolio,legacy_stress,tight,0.3,20.0,uniform_google_ai_2024,portfolio_mean,central,0.75,0.5,0.6062611677352601,0.0082173622915462,0.0135541623459784,True,True
equal_site_portfolio,legacy_stress,tight,0.3,20.0,uniform_google_ai_2024,portfolio_mean,central,0.5,0.25,0.6062611677352612,0.0195857989295831,0.0323058773543875,True,True
equal_site_portfolio,legacy_stress,tight,0.3,20.0,uniform_google_ai_2024,portfolio_mean,central,0.25,0.0,0.6062611677352612,0.0309907176185788,0.0511177678332051,True,True
equal_site_portfolio,legacy_stress,tight,0.3,35.0,uniform_google_ai_2024,portfolio_mean,central,1.0,0.75,0.6062611677352618,0.0018575890574368,0.0030640079825266,True,True
equal_site_portfolio,legacy_stress,tight,0.3,35.0,uniform_google_ai_2024,portfolio_mean,central,0.75,0.5,0.6062611677352601,0.0082173622915462,0.0135541623459784,True,True
equal_site_portfolio,legacy_stress,tight,0.3,35.0,uniform_google_ai_2024,portfolio_mean,central,0.5,0.25,0.6062611677352612,0.0195857989295831,0.0323058773543875,True,True
equal_site_portfolio,legacy_stress,tight,0.3,35.0,uniform_google_ai_2024,portfolio_mean,central,0.25,0.0,0.6062611677352612,0.0309907176185788,0.0511177678332051,True,True
equal_site_portfolio,legacy_stress,tight,0.5,15.0,uniform_google_ai_2024,portfolio_mean,central,1.0,0.75,5.377498097929241,0.2666164929544621,0.0495800255247194,True,True
equal_site_portfolio,legacy_stress,tight,0.5,15.0,uniform_google_ai_2024,portfolio_mean,central,0.75,0.5,5.377498097929237,0.6537306807188159,0.1215678125428912,True,True
equal_site_portfolio,legacy_stress,tight,0.5,15.0,uniform_google_ai_2024,portfolio_mean,central,0.5,0.25,5.377498097929241,0.8321290198162643,0.1547427827332378,True,True
equal_site_portfolio,legacy_stress,tight,0.5,15.0,uniform_google_ai_2024,portfolio_mean,central,0.25,0.0,5.377498097929241,1.2418604886792082,0.2309364812527636,True,True
equal_site_portfolio,legacy_stress,tight,0.5,20.0,uniform_google_ai_2024,portfolio_mean,central,1.0,0.75,1.04366135765917,0.0032756771521462,0.0031386398740423,True,True
equal_site_portfolio,legacy_stress,tight,0.5,20.0,uniform_google_ai_2024,portfolio_mean,central,0.75,0.5,1.043661357659169,0.0147486440807612,0.014131637597315,True,True
equal_site_portfolio,legacy_stress,tight,0.5,20.0,uniform_google_ai_2024,portfolio_mean,central,0.5,0.25,1.0436613576591691,0.0357729910804919,0.0342764353762482,True,True
equal_site_portfolio,legacy_stress,tight,0.5,20.0,uniform_google_ai_2024,portfolio_mean,central,0.25,0.0,1.0436613576591696,0.0571180621321901,0.0547285397825788,True,True
equal_site_portfolio,legacy_stress,tight,0.5,35.0,uniform_google_ai_2024,portfolio_mean,central,1.0,0.75,1.04366135765917,0.0032756771521462,0.0031386398740423,True,True
equal_site_portfolio,legacy_stress,tight,0.5,35.0,uniform_google_ai_2024,portfolio_mean,central,0.75,0.5,1.043661357659169,0.0147486440807612,0.014131637597315,True,True
equal_site_portfolio,legacy_stress,tight,0.5,35.0,uniform_google_ai_2024,portfolio_mean,central,0.5,0.25,1.0436613576591691,0.0357729910804919,0.0342764353762482,True,True
equal_site_portfolio,legacy_stress,tight,0.5,35.0,uniform_google_ai_2024,portfolio_mean,central,0.25,0.0,1.0436613576591696,0.0571180621321901,0.0547285397825788,True,True
equal_site_portfolio,uniform_new_build,ample,0.15,15.0,uniform_google_ai_2024,portfolio_mean,central,1.0,0.75,1.4391921846727636,0.0429009823268771,0.0298090712163168,True,True
equal_site_portfolio,uniform_new_build,ample,0.15,15.0,uniform_google_ai_2024,portfolio_mean,central,0.75,0.5,1.4391921846727629,0.1221819773847912,0.084896220731335,True,True
equal_site_portfolio,uniform_new_build,ample,0.15,15.0,uniform_google_ai_2024,portfolio_mean,central,0.5,0.25,1.4391921846727636,0.1607548432045433,0.1116979684274028,True,True
equal_site_portfolio,uniform_new_build,ample,0.15,15.0,uniform_google_ai_2024,portfolio_mean,central,0.25,0.0,1.4391921846727629,0.2760654156354221,0.1918197017573387,True,True
equal_site_portfolio,uniform_new_build,ample,0.15,20.0,uniform_google_ai_2024,portfolio_mean,central,1.0,0.75,0.3031305838676309,0.0009287945287184,0.0030640079825266,True,True
equal_site_portfolio,uniform_new_build,ample,0.15,20.0,uniform_google_ai_2024,portfolio_mean,central,0.75,0.5,0.3031305838676301,0.0041086811457731,0.0135541623459784,True,True
equal_site_portfolio,uniform_new_build,ample,0.15,20.0,uniform_google_ai_2024,portfolio_mean,central,0.5,0.25,0.3031305838676306,0.0097928994647844,0.0323058773543639,True,True
equal_site_portfolio,uniform_new_build,ample,0.15,20.0,uniform_google_ai_2024,portfolio_mean,central,0.25,0.0,0.3031305838676302,0.0154953588092895,0.0511177678332053,True,True
equal_site_portfolio,uniform_new_build,ample,0.15,35.0,uniform_google_ai_2024,portfolio_mean,central,1.0,0.75,0.3031305838676309,0.0009287945287184,0.0030640079825266,True,True
equal_site_portfolio,uniform_new_build,ample,0.15,35.0,uniform_google_ai_2024,portfolio_mean,central,0.75,0.5,0.3031305838676301,0.0041086811457731,0.0135541623459784,True,True
equal_site_portfolio,uniform_new_build,ample,0.15,35.0,uniform_google_ai_2024,portfolio_mean,central,0.5,0.25,0.3031305838676306,0.0097928994647844,0.0323058773543639,True,True
equal_site_portfolio,uniform_new_build,ample,0.15,35.0,uniform_google_ai_2024,portfolio_mean,central,0.25,0.0,0.3031305838676302,0.0154953588092895,0.0511177678332053,True,True
equal_site_portfolio,uniform_new_build,ample,0.3,15.0,uniform_google_ai_2024,portfolio_mean,central,1.0,0.75,2.878384369345527,0.0858019646537613,0.0298090712163193,True,True
equal_site_portfolio,uniform_new_build,ample,0.3,15.0,uniform_google_ai_2024,portfolio_mean,central,0.75,0.5,2.8783843693455253,0.2443639547695894,0.0848962207313375,True,True
equal_site_portfolio,uniform_new_build,ample,0.3,15.0,uniform_google_ai_2024,portfolio_mean,central,0.5,0.25,2.878384369345527,0.3215096864090725,0.1116979684273979,True,True
equal_site_portfolio,uniform_new_build,ample,0.3,15.0,uniform_google_ai_2024,portfolio_mean,central,0.25,0.0,2.8783843693455253,0.5521308312708513,0.1918197017573412,True,True
equal_site_portfolio,uniform_new_build,ample,0.3,20.0,uniform_google_ai_2024,portfolio_mean,central,1.0,0.75,0.6062611677352618,0.0018575890574368,0.0030640079825266,True,True
equal_site_portfolio,uniform_new_build,ample,0.3,20.0,uniform_google_ai_2024,portfolio_mean,central,0.75,0.5,0.6062611677352601,0.0082173622915462,0.0135541623459784,True,True
equal_site_portfolio,uniform_new_build,ample,0.3,20.0,uniform_google_ai_2024,portfolio_mean,central,0.5,0.25,0.6062611677352612,0.019585798929576,0.0323058773543757,True,True
equal_site_portfolio,uniform_new_build,ample,0.3,20.0,uniform_google_ai_2024,portfolio_mean,central,0.25,0.0,0.6062611677352612,0.0309907176185789,0.0511177678332051,True,True
equal_site_portfolio,uniform_new_build,ample,0.3,35.0,uniform_google_ai_2024,portfolio_mean,central,1.0,0.75,0.6062611677352618,0.0018575890574368,0.0030640079825266,True,True
equal_site_portfolio,uniform_new_build,ample,0.3,35.0,uniform_google_ai_2024,portfolio_mean,central,0.75,0.5,0.6062611677352601,0.0082173622915462,0.0135541623459784,True,True
equal_site_portfolio,uniform_new_build,ample,0.3,35.0,uniform_google_ai_2024,portfolio_mean,central,0.5,0.25,0.6062611677352612,0.019585798929576,0.0323058773543757,True,True
equal_site_portfolio,uniform_new_build,ample,0.3,35.0,uniform_google_ai_2024,portfolio_mean,central,0.25,0.0,0.6062611677352612,0.0309907176185789,0.0511177678332051,True,True
equal_site_portfolio,uniform_new_build,ample,0.5,15.0,uniform_google_ai_2024,portfolio_mean,central,1.0,0.75,4.797307282242535,0.1430032744229308,0.0298090712163184,True,True
equal_site_portfolio,uniform_new_build,ample,0.5,15.0,uniform_google_ai_2024,portfolio_mean,central,0.75,0.5,4.797307282242551,0.4072732579493063,0.0848962207313354,True,True
equal_site_portfolio,uniform_new_build,ample,0.5,15.0,uniform_google_ai_2024,portfolio_mean,central,0.5,0.25,4.797307282242544,0.5358494773484563,0.1116979684273984,True,True
equal_site_portfolio,uniform_new_build,ample,0.5,15.0,uniform_google_ai_2024,portfolio_mean,central,0.25,0.0,4.797307282242539,0.920218052118088,0.1918197017573418,True,True
equal_site_portfolio,uniform_new_build,ample,0.5,20.0,uniform_google_ai_2024,portfolio_mean,central,1.0,0.75,1.0104352795587683,0.0030959817623958,0.0030640079825278,True,True
equal_site_portfolio,uniform_new_build,ample,0.5,20.0,uniform_google_ai_2024,portfolio_mean,central,0.75,0.5,1.010435279558768,0.0136956038192437,0.0135541623459785,True,True
equal_site_portfolio,uniform_new_build,ample,0.5,20.0,uniform_google_ai_2024,portfolio_mean,central,0.5,0.25,1.0104352795587688,0.0326429982159624,0.0323058773543781,True,True
equal_site_portfolio,uniform_new_build,ample,0.5,20.0,uniform_google_ai_2024,portfolio_mean,central,0.25,0.0,1.0104352795587683,0.0516511960309634,0.0511177678332037,True,True
equal_site_portfolio,uniform_new_build,ample,0.5,35.0,uniform_google_ai_2024,portfolio_mean,central,1.0,0.75,1.0104352795587683,0.0030959817623958,0.0030640079825278,True,True
equal_site_portfolio,uniform_new_build,ample,0.5,35.0,uniform_google_ai_2024,portfolio_mean,central,0.75,0.5,1.010435279558768,0.0136956038192437,0.0135541623459785,True,True
equal_site_portfolio,uniform_new_build,ample,0.5,35.0,uniform_google_ai_2024,portfolio_mean,central,0.5,0.25,1.0104352795587688,0.0326429982159624,0.0323058773543781,True,True
equal_site_portfolio,uniform_new_build,ample,0.5,35.0,uniform_google_ai_2024,portfolio_mean,central,0.25,0.0,1.0104352795587683,0.0516511960309634,0.0511177678332037,True,True
equal_site_portfolio,uniform_new_build,central,0.15,15.0,uniform_google_ai_2024,portfolio_mean,central,1.0,0.75,1.4391921846727636,0.0429009823268771,0.0298090712163168,True,True
equal_site_portfolio,uniform_new_build,central,0.15,15.0,uniform_google_ai_2024,portfolio_mean,central,0.75,0.5,1.4391921846727629,0.1221819773847912,0.084896220731335,True,True
equal_site_portfolio,uniform_new_build,central,0.15,15.0,uniform_google_ai_2024,portfolio_mean,central,0.5,0.25,1.4391921846727636,0.1607548432045433,0.1116979684274028,True,True
equal_site_portfolio,uniform_new_build,central,0.15,15.0,uniform_google_ai_2024,portfolio_mean,central,0.25,0.0,1.4391921846727629,0.2760654156354221,0.1918197017573387,True,True
equal_site_portfolio,uniform_new_build,central,0.15,20.0,uniform_google_ai_2024,portfolio_mean,central,1.0,0.75,0.3031305838676309,0.0009287945287184,0.0030640079825266,True,True
equal_site_portfolio,uniform_new_build,central,0.15,20.0,uniform_google_ai_2024,portfolio_mean,central,0.75,0.5,0.3031305838676301,0.0041086811457731,0.0135541623459784,True,True
equal_site_portfolio,uniform_new_build,central,0.15,20.0,uniform_google_ai_2024,portfolio_mean,central,0.5,0.25,0.3031305838676306,0.0097928994647844,0.0323058773543639,True,True
equal_site_portfolio,uniform_new_build,central,0.15,20.0,uniform_google_ai_2024,portfolio_mean,central,0.25,0.0,0.3031305838676302,0.0154953588092895,0.0511177678332053,True,True
equal_site_portfolio,uniform_new_build,central,0.15,35.0,uniform_google_ai_2024,portfolio_mean,central,1.0,0.75,0.3031305838676309,0.0009287945287184,0.0030640079825266,True,True
equal_site_portfolio,uniform_new_build,central,0.15,35.0,uniform_google_ai_2024,portfolio_mean,central,0.75,0.5,0.3031305838676301,0.0041086811457731,0.0135541623459784,True,True
equal_site_portfolio,uniform_new_build,central,0.15,35.0,uniform_google_ai_2024,portfolio_mean,central,0.5,0.25,0.3031305838676306,0.0097928994647844,0.0323058773543639,True,True
equal_site_portfolio,uniform_new_build,central,0.15,35.0,uniform_google_ai_2024,portfolio_mean,central,0.25,0.0,0.3031305838676302,0.0154953588092895,0.0511177678332053,True,True
equal_site_portfolio,uniform_new_build,central,0.3,15.0,uniform_google_ai_2024,portfolio_mean,central,1.0,0.75,2.878384369345527,0.0858019646537613,0.0298090712163193,True,True
equal_site_portfolio,uniform_new_build,central,0.3,15.0,uniform_google_ai_2024,portfolio_mean,central,0.75,0.5,2.8783843693455253,0.2443639547695894,0.0848962207313375,True,True
equal_site_portfolio,uniform_new_build,central,0.3,15.0,uniform_google_ai_2024,portfolio_mean,central,0.5,0.25,2.878384369345527,0.3215096864090725,0.1116979684273979,True,True
equal_site_portfolio,uniform_new_build,central,0.3,15.0,uniform_google_ai_2024,portfolio_mean,central,0.25,0.0,2.8783843693455253,0.5521308312708513,0.1918197017573412,True,True
equal_site_portfolio,uniform_new_build,central,0.3,20.0,uniform_google_ai_2024,portfolio_mean,central,1.0,0.75,0.6062611677352618,0.0018575890574368,0.0030640079825266,True,True
equal_site_portfolio,uniform_new_build,central,0.3,20.0,uniform_google_ai_2024,portfolio_mean,central,0.75,0.5,0.6062611677352601,0.0082173622915462,0.0135541623459784,True,True
equal_site_portfolio,uniform_new_build,central,0.3,20.0,uniform_google_ai_2024,portfolio_mean,central,0.5,0.25,0.6062611677352612,0.019585798929576,0.0323058773543757,True,True
equal_site_portfolio,uniform_new_build,central,0.3,20.0,uniform_google_ai_2024,portfolio_mean,central,0.25,0.0,0.6062611677352612,0.0309907176185789,0.0511177678332051,True,True
equal_site_portfolio,uniform_new_build,central,0.3,35.0,uniform_google_ai_2024,portfolio_mean,central,1.0,0.75,0.6062611677352618,0.0018575890574368,0.0030640079825266,True,True
equal_site_portfolio,uniform_new_build,central,0.3,35.0,uniform_google_ai_2024,portfolio_mean,central,0.75,0.5,0.6062611677352601,0.0082173622915462,0.0135541623459784,True,True
equal_site_portfolio,uniform_new_build,central,0.3,35.0,uniform_google_ai_2024,portfolio_mean,central,0.5,0.25,0.6062611677352612,0.019585798929576,0.0323058773543757,True,True
equal_site_portfolio,uniform_new_build,central,0.3,35.0,uniform_google_ai_2024,portfolio_mean,central,0.25,0.0,0.6062611677352612,0.0309907176185789,0.0511177678332051,True,True
equal_site_portfolio,uniform_new_build,central,0.5,15.0,uniform_google_ai_2024,portfolio_mean,central,1.0,0.75,4.797307282242535,0.1430032744229308,0.0298090712163184,True,True
equal_site_portfolio,uniform_new_build,central,0.5,15.0,uniform_google_ai_2024,portfolio_mean,central,0.75,0.5,4.797307282242551,0.4072732579493063,0.0848962207313354,True,True
equal_site_portfolio,uniform_new_build,central,0.5,15.0,uniform_google_ai_2024,portfolio_mean,central,0.5,0.25,4.797307282242544,0.5358494773484563,0.1116979684273984,True,True
equal_site_portfolio,uniform_new_build,central,0.5,15.0,uniform_google_ai_2024,portfolio_mean,central,0.25,0.0,4.797307282242539,0.920218052118088,0.1918197017573418,True,True
equal_site_portfolio,uniform_new_build,central,0.5,20.0,uniform_google_ai_2024,portfolio_mean,central,1.0,0.75,1.0104352795587683,0.0030959817623958,0.0030640079825278,True,True
equal_site_portfolio,uniform_new_build,central,0.5,20.0,uniform_google_ai_2024,portfolio_mean,central,0.75,0.5,1.010435279558768,0.0136956038192437,0.0135541623459785,True,True
equal_site_portfolio,uniform_new_build,central,0.5,20.0,uniform_google_ai_2024,portfolio_mean,central,0.5,0.25,1.0104352795587688,0.0326429982159624,0.0323058773543781,True,True
equal_site_portfolio,uniform_new_build,central,0.5,20.0,uniform_google_ai_2024,portfolio_mean,central,0.25,0.0,1.0104352795587683,0.0516511960309634,0.0511177678332037,True,True
equal_site_portfolio,uniform_new_build,central,0.5,35.0,uniform_google_ai_2024,portfolio_mean,central,1.0,0.75,1.0104352795587683,0.0030959817623958,0.0030640079825278,True,True
equal_site_portfolio,uniform_new_build,central,0.5,35.0,uniform_google_ai_2024,portfolio_mean,central,0.75,0.5,1.010435279558768,0.0136956038192437,0.0135541623459785,True,True
equal_site_portfolio,uniform_new_build,central,0.5,35.0,uniform_google_ai_2024,portfolio_mean,central,0.5,0.25,1.0104352795587688,0.0326429982159624,0.0323058773543781,True,True
equal_site_portfolio,uniform_new_build,central,0.5,35.0,uniform_google_ai_2024,portfolio_mean,central,0.25,0.0,1.0104352795587683,0.0516511960309634,0.0511177678332037,True,True
equal_site_portfolio,uniform_new_build,tight,0.15,15.0,uniform_google_ai_2024,portfolio_mean,central,1.0,0.75,1.4581969007456852,0.0542817862766398,0.0372252788693224,True,True
equal_site_portfolio,uniform_new_build,tight,0.15,15.0,uniform_google_ai_2024,portfolio_mean,central,0.75,0.5,1.4581969007456834,0.1228632560193574,0.0842569723996316,True,True
equal_site_portfolio,uniform_new_build,tight,0.15,15.0,uniform_google_ai_2024,portfolio_mean,central,0.5,0.25,1.4581969007456843,0.1621162099839423,0.1111758020477483,True,True
equal_site_portfolio,uniform_new_build,tight,0.15,15.0,uniform_google_ai_2024,portfolio_mean,central,0.25,0.0,1.4581969007456843,0.2784360990357726,0.1909454744372228,True,True
equal_site_portfolio,uniform_new_build,tight,0.15,20.0,uniform_google_ai_2024,portfolio_mean,central,1.0,0.75,0.3031305838676309,0.0009287945287184,0.0030640079825266,True,True
equal_site_portfolio,uniform_new_build,tight,0.15,20.0,uniform_google_ai_2024,portfolio_mean,central,0.75,0.5,0.3031305838676301,0.0041086811457731,0.0135541623459784,True,True
equal_site_portfolio,uniform_new_build,tight,0.15,20.0,uniform_google_ai_2024,portfolio_mean,central,0.5,0.25,0.3031305838676306,0.0097928994647844,0.0323058773543639,True,True
equal_site_portfolio,uniform_new_build,tight,0.15,20.0,uniform_google_ai_2024,portfolio_mean,central,0.25,0.0,0.3031305838676302,0.0154953588092895,0.0511177678332053,True,True
equal_site_portfolio,uniform_new_build,tight,0.15,35.0,uniform_google_ai_2024,portfolio_mean,central,1.0,0.75,0.3031305838676309,0.0009287945287184,0.0030640079825266,True,True
equal_site_portfolio,uniform_new_build,tight,0.15,35.0,uniform_google_ai_2024,portfolio_mean,central,0.75,0.5,0.3031305838676301,0.0041086811457731,0.0135541623459784,True,True
equal_site_portfolio,uniform_new_build,tight,0.15,35.0,uniform_google_ai_2024,portfolio_mean,central,0.5,0.25,0.3031305838676306,0.0097928994647844,0.0323058773543639,True,True
equal_site_portfolio,uniform_new_build,tight,0.15,35.0,uniform_google_ai_2024,portfolio_mean,central,0.25,0.0,0.3031305838676302,0.0154953588092895,0.0511177678332053,True,True
equal_site_portfolio,uniform_new_build,tight,0.3,15.0,uniform_google_ai_2024,portfolio_mean,central,1.0,0.75,2.897389085418448,0.0997781870206324,0.0344372757952258,True,True
equal_site_portfolio,uniform_new_build,tight,0.3,15.0,uniform_google_ai_2024,portfolio_mean,central,0.75,0.5,2.897389085418447,0.2450583276784784,0.0845790194046674,True,True
equal_site_portfolio,uniform_new_build,tight,0.3,15.0,uniform_google_ai_2024,portfolio_mean,central,0.5,0.25,2.897389085418447,0.3228710530293242,0.1114351726712239,True,True
equal_site_portfolio,uniform_new_build,tight,0.3,15.0,uniform_google_ai_2024,portfolio_mean,central,0.25,0.0,2.897389085418448,0.5545015148303489,0.1913797210119145,True,True
equal_site_portfolio,uniform_new_build,tight,0.3,20.0,uniform_google_ai_2024,portfolio_mean,central,1.0,0.75,0.6062611677352618,0.0018575890574368,0.0030640079825266,True,True
equal_site_portfolio,uniform_new_build,tight,0.3,20.0,uniform_google_ai_2024,portfolio_mean,central,0.75,0.5,0.6062611677352601,0.0082173622915462,0.0135541623459784,True,True
equal_site_portfolio,uniform_new_build,tight,0.3,20.0,uniform_google_ai_2024,portfolio_mean,central,0.5,0.25,0.6062611677352612,0.019585798929576,0.0323058773543757,True,True
equal_site_portfolio,uniform_new_build,tight,0.3,20.0,uniform_google_ai_2024,portfolio_mean,central,0.25,0.0,0.6062611677352612,0.0309907176185789,0.0511177678332051,True,True
equal_site_portfolio,uniform_new_build,tight,0.3,35.0,uniform_google_ai_2024,portfolio_mean,central,1.0,0.75,0.6062611677352618,0.0018575890574368,0.0030640079825266,True,True
equal_site_portfolio,uniform_new_build,tight,0.3,35.0,uniform_google_ai_2024,portfolio_mean,central,0.75,0.5,0.6062611677352601,0.0082173622915462,0.0135541623459784,True,True
equal_site_portfolio,uniform_new_build,tight,0.3,35.0,uniform_google_ai_2024,portfolio_mean,central,0.5,0.25,0.6062611677352612,0.019585798929576,0.0323058773543757,True,True
equal_site_portfolio,uniform_new_build,tight,0.3,35.0,uniform_google_ai_2024,portfolio_mean,central,0.25,0.0,0.6062611677352612,0.0309907176185789,0.0511177678332051,True,True
equal_site_portfolio,uniform_new_build,tight,0.5,15.0,uniform_google_ai_2024,portfolio_mean,central,1.0,0.75,4.810456143362975,0.1579325792317192,0.0328311026075188,True,True
equal_site_portfolio,uniform_new_build,tight,0.5,15.0,uniform_google_ai_2024,portfolio_mean,central,0.75,0.5,4.810456143362973,0.4079511669556979,0.0848050901614707,True,True
equal_site_portfolio,uniform_new_build,tight,0.5,15.0,uniform_google_ai_2024,portfolio_mean,central,0.5,0.25,4.810456143362972,0.5367943303725653,0.1115890706358866,True,True
equal_site_portfolio,uniform_new_build,tight,0.5,15.0,uniform_google_ai_2024,portfolio_mean,central,0.25,0.0,4.810456143362973,0.9218582655102026,0.1916363517380983,True,True
equal_site_portfolio,uniform_new_build,tight,0.5,20.0,uniform_google_ai_2024,portfolio_mean,central,1.0,0.75,1.04366135765917,0.0032756771521462,0.0031386398740423,True,True
equal_site_portfolio,uniform_new_build,tight,0.5,20.0,uniform_google_ai_2024,portfolio_mean,central,0.75,0.5,1.043661357659169,0.014344821259609,0.0137447086206038,True,True
equal_site_portfolio,uniform_new_build,tight,0.5,20.0,uniform_google_ai_2024,portfolio_mean,central,0.5,0.25,1.0436613576591691,0.033594092797511,0.0321886908535727,True,True
equal_site_portfolio,uniform_new_build,tight,0.5,20.0,uniform_google_ai_2024,portfolio_mean,central,0.25,0.0,1.0436613576591696,0.0530987833408359,0.0508774066905489,True,True
equal_site_portfolio,uniform_new_build,tight,0.5,35.0,uniform_google_ai_2024,portfolio_mean,central,1.0,0.75,1.04366135765917,0.0032756771521462,0.0031386398740423,True,True
equal_site_portfolio,uniform_new_build,tight,0.5,35.0,uniform_google_ai_2024,portfolio_mean,central,0.75,0.5,1.043661357659169,0.014344821259609,0.0137447086206038,True,True
equal_site_portfolio,uniform_new_build,tight,0.5,35.0,uniform_google_ai_2024,portfolio_mean,central,0.5,0.25,1.0436613576591691,0.033594092797511,0.0321886908535727,True,True
equal_site_portfolio,uniform_new_build,tight,0.5,35.0,uniform_google_ai_2024,portfolio_mean,central,0.25,0.0,1.0436613576591696,0.0530987833408359,0.0508774066905489,True,True
optimistic_site_selection,hub_policy_compliant,ample,0.15,15.0,uniform_google_ai_2024,portfolio_mean,central,1.0,0.75,0.4174709780691101,0.003593417916921,0.00860758736701,True,True
optimistic_site_selection,hub_policy_compliant,ample,0.15,15.0,uniform_google_ai_2024,portfolio_mean,central,0.75,0.5,0.4174709780691097,0.0154544201160362,0.0370191484627652,True,True
optimistic_site_selection,hub_policy_compliant,ample,0.15,15.0,uniform_google_ai_2024,portfolio_mean,central,0.5,0.25,0.4174709780691099,0.029517410868074,0.0707053002932042,True,True
optimistic_site_selection,hub_policy_compliant,ample,0.15,15.0,uniform_google_ai_2024,portfolio_mean,central,0.25,0.0,0.4174709780691101,0.0553066920443647,0.1324803278545723,True,True
optimistic_site_selection,hub_policy_compliant,ample,0.15,20.0,uniform_google_ai_2024,portfolio_mean,central,1.0,0.75,0.0,0.0,,True,True
optimistic_site_selection,hub_policy_compliant,ample,0.15,20.0,uniform_google_ai_2024,portfolio_mean,central,0.75,0.5,0.0,0.0,,True,True
optimistic_site_selection,hub_policy_compliant,ample,0.15,20.0,uniform_google_ai_2024,portfolio_mean,central,0.5,0.25,0.0,0.0,,True,True
optimistic_site_selection,hub_policy_compliant,ample,0.15,20.0,uniform_google_ai_2024,portfolio_mean,central,0.25,0.0,0.0,0.0,,True,True
optimistic_site_selection,hub_policy_compliant,ample,0.15,35.0,uniform_google_ai_2024,portfolio_mean,central,1.0,0.75,0.0,0.0,,True,True
optimistic_site_selection,hub_policy_compliant,ample,0.15,35.0,uniform_google_ai_2024,portfolio_mean,central,0.75,0.5,0.0,0.0,,True,True
optimistic_site_selection,hub_policy_compliant,ample,0.15,35.0,uniform_google_ai_2024,portfolio_mean,central,0.5,0.25,0.0,0.0,,True,True
optimistic_site_selection,hub_policy_compliant,ample,0.15,35.0,uniform_google_ai_2024,portfolio_mean,central,0.25,0.0,0.0,0.0,,True,True
optimistic_site_selection,hub_policy_compliant,ample,0.3,15.0,uniform_google_ai_2024,portfolio_mean,central,1.0,0.75,0.8349419561382203,0.0071868358338456,0.0086075873670143,True,True
optimistic_site_selection,hub_policy_compliant,ample,0.3,15.0,uniform_google_ai_2024,portfolio_mean,central,0.75,0.5,0.8349419561382192,0.0309088402320689,0.037019148462761,True,True
optimistic_site_selection,hub_policy_compliant,ample,0.3,15.0,uniform_google_ai_2024,portfolio_mean,central,0.5,0.25,0.8349419561382205,0.0590348217361552,0.0707053002932125,True,True
optimistic_site_selection,hub_policy_compliant,ample,0.3,15.0,uniform_google_ai_2024,portfolio_mean,central,0.25,0.0,0.8349419561382199,0.110613384088726,0.1324803278545683,True,True
optimistic_site_selection,hub_policy_compliant,ample,0.3,20.0,uniform_google_ai_2024,portfolio_mean,central,1.0,0.75,0.0,0.0,,True,True
optimistic_site_selection,hub_policy_compliant,ample,0.3,20.0,uniform_google_ai_2024,portfolio_mean,central,0.75,0.5,0.0,0.0,,True,True
optimistic_site_selection,hub_policy_compliant,ample,0.3,20.0,uniform_google_ai_2024,portfolio_mean,central,0.5,0.25,0.0,0.0,,True,True
optimistic_site_selection,hub_policy_compliant,ample,0.3,20.0,uniform_google_ai_2024,portfolio_mean,central,0.25,0.0,0.0,0.0,,True,True
optimistic_site_selection,hub_policy_compliant,ample,0.3,35.0,uniform_google_ai_2024,portfolio_mean,central,1.0,0.75,0.0,0.0,,True,True
optimistic_site_selection,hub_policy_compliant,ample,0.3,35.0,uniform_google_ai_2024,portfolio_mean,central,0.75,0.5,0.0,0.0,,True,True
optimistic_site_selection,hub_policy_compliant,ample,0.3,35.0,uniform_google_ai_2024,portfolio_mean,central,0.5,0.25,0.0,0.0,,True,True
optimistic_site_selection,hub_policy_compliant,ample,0.3,35.0,uniform_google_ai_2024,portfolio_mean,central,0.25,0.0,0.0,0.0,,True,True
optimistic_site_selection,hub_policy_compliant,ample,0.5,15.0,uniform_google_ai_2024,portfolio_mean,central,1.0,0.75,1.3915699268970323,0.0119780597230665,0.0086075873670075,True,True
optimistic_site_selection,hub_policy_compliant,ample,0.5,15.0,uniform_google_ai_2024,portfolio_mean,central,0.75,0.5,1.391569926897034,0.051514733720122,0.0370191484627661,True,True
optimistic_site_selection,hub_policy_compliant,ample,0.5,15.0,uniform_google_ai_2024,portfolio_mean,central,0.5,0.25,1.3915699268970338,0.0983913695602468,0.070705300293204,True,True
optimistic_site_selection,hub_policy_compliant,ample,0.5,15.0,uniform_google_ai_2024,portfolio_mean,central,0.25,0.0,1.3915699268970334,0.1843556401478814,0.1324803278545717,True,True
optimistic_site_selection,hub_policy_compliant,ample,0.5,20.0,uniform_google_ai_2024,portfolio_mean,central,1.0,0.75,0.0,0.0,,True,True
optimistic_site_selection,hub_policy_compliant,ample,0.5,20.0,uniform_google_ai_2024,portfolio_mean,central,0.75,0.5,0.0,0.0,,True,True
optimistic_site_selection,hub_policy_compliant,ample,0.5,20.0,uniform_google_ai_2024,portfolio_mean,central,0.5,0.25,0.0,0.0,,True,True
optimistic_site_selection,hub_policy_compliant,ample,0.5,20.0,uniform_google_ai_2024,portfolio_mean,central,0.25,0.0,0.0,0.0,,True,True
optimistic_site_selection,hub_policy_compliant,ample,0.5,35.0,uniform_google_ai_2024,portfolio_mean,central,1.0,0.75,0.0,0.0,,True,True
optimistic_site_selection,hub_policy_compliant,ample,0.5,35.0,uniform_google_ai_2024,portfolio_mean,central,0.75,0.5,0.0,0.0,,True,True
optimistic_site_selection,hub_policy_compliant,ample,0.5,35.0,uniform_google_ai_2024,portfolio_mean,central,0.5,0.25,0.0,0.0,,True,True
optimistic_site_selection,hub_policy_compliant,ample,0.5,35.0,uniform_google_ai_2024,portfolio_mean,central,0.25,0.0,0.0,0.0,,True,True
optimistic_site_selection,hub_policy_compliant,central,0.15,15.0,uniform_google_ai_2024,portfolio_mean,central,1.0,0.75,0.4174709780691101,0.003593417916921,0.00860758736701,True,True
optimistic_site_selection,hub_policy_compliant,central,0.15,15.0,uniform_google_ai_2024,portfolio_mean,central,0.75,0.5,0.4174709780691097,0.0154544201160362,0.0370191484627652,True,True
optimistic_site_selection,hub_policy_compliant,central,0.15,15.0,uniform_google_ai_2024,portfolio_mean,central,0.5,0.25,0.4174709780691099,0.029517410868074,0.0707053002932042,True,True
optimistic_site_selection,hub_policy_compliant,central,0.15,15.0,uniform_google_ai_2024,portfolio_mean,central,0.25,0.0,0.4174709780691101,0.0553066920443647,0.1324803278545723,True,True
optimistic_site_selection,hub_policy_compliant,central,0.15,20.0,uniform_google_ai_2024,portfolio_mean,central,1.0,0.75,0.0,0.0,,True,True
optimistic_site_selection,hub_policy_compliant,central,0.15,20.0,uniform_google_ai_2024,portfolio_mean,central,0.75,0.5,0.0,0.0,,True,True
optimistic_site_selection,hub_policy_compliant,central,0.15,20.0,uniform_google_ai_2024,portfolio_mean,central,0.5,0.25,0.0,0.0,,True,True
optimistic_site_selection,hub_policy_compliant,central,0.15,20.0,uniform_google_ai_2024,portfolio_mean,central,0.25,0.0,0.0,0.0,,True,True
optimistic_site_selection,hub_policy_compliant,central,0.15,35.0,uniform_google_ai_2024,portfolio_mean,central,1.0,0.75,0.0,0.0,,True,True
optimistic_site_selection,hub_policy_compliant,central,0.15,35.0,uniform_google_ai_2024,portfolio_mean,central,0.75,0.5,0.0,0.0,,True,True
optimistic_site_selection,hub_policy_compliant,central,0.15,35.0,uniform_google_ai_2024,portfolio_mean,central,0.5,0.25,0.0,0.0,,True,True
optimistic_site_selection,hub_policy_compliant,central,0.15,35.0,uniform_google_ai_2024,portfolio_mean,central,0.25,0.0,0.0,0.0,,True,True
optimistic_site_selection,hub_policy_compliant,central,0.3,15.0,uniform_google_ai_2024,portfolio_mean,central,1.0,0.75,0.8349419561382203,0.0071868358338456,0.0086075873670143,True,True
optimistic_site_selection,hub_policy_compliant,central,0.3,15.0,uniform_google_ai_2024,portfolio_mean,central,0.75,0.5,0.8349419561382192,0.0309088402320689,0.037019148462761,True,True
optimistic_site_selection,hub_policy_compliant,central,0.3,15.0,uniform_google_ai_2024,portfolio_mean,central,0.5,0.25,0.8349419561382205,0.0590348217361552,0.0707053002932125,True,True
optimistic_site_selection,hub_policy_compliant,central,0.3,15.0,uniform_google_ai_2024,portfolio_mean,central,0.25,0.0,0.8349419561382199,0.110613384088726,0.1324803278545683,True,True
optimistic_site_selection,hub_policy_compliant,central,0.3,20.0,uniform_google_ai_2024,portfolio_mean,central,1.0,0.75,0.0,0.0,,True,True
optimistic_site_selection,hub_policy_compliant,central,0.3,20.0,uniform_google_ai_2024,portfolio_mean,central,0.75,0.5,0.0,0.0,,True,True
optimistic_site_selection,hub_policy_compliant,central,0.3,20.0,uniform_google_ai_2024,portfolio_mean,central,0.5,0.25,0.0,0.0,,True,True
optimistic_site_selection,hub_policy_compliant,central,0.3,20.0,uniform_google_ai_2024,portfolio_mean,central,0.25,0.0,0.0,0.0,,True,True
optimistic_site_selection,hub_policy_compliant,central,0.3,35.0,uniform_google_ai_2024,portfolio_mean,central,1.0,0.75,0.0,0.0,,True,True
optimistic_site_selection,hub_policy_compliant,central,0.3,35.0,uniform_google_ai_2024,portfolio_mean,central,0.75,0.5,0.0,0.0,,True,True
optimistic_site_selection,hub_policy_compliant,central,0.3,35.0,uniform_google_ai_2024,portfolio_mean,central,0.5,0.25,0.0,0.0,,True,True
optimistic_site_selection,hub_policy_compliant,central,0.3,35.0,uniform_google_ai_2024,portfolio_mean,central,0.25,0.0,0.0,0.0,,True,True
optimistic_site_selection,hub_policy_compliant,central,0.5,15.0,uniform_google_ai_2024,portfolio_mean,central,1.0,0.75,1.3915699268970323,0.0119780597230665,0.0086075873670075,True,True
optimistic_site_selection,hub_policy_compliant,central,0.5,15.0,uniform_google_ai_2024,portfolio_mean,central,0.75,0.5,1.391569926897034,0.051514733720122,0.0370191484627661,True,True
optimistic_site_selection,hub_policy_compliant,central,0.5,15.0,uniform_google_ai_2024,portfolio_mean,central,0.5,0.25,1.3915699268970338,0.0983913695602468,0.070705300293204,True,True
optimistic_site_selection,hub_policy_compliant,central,0.5,15.0,uniform_google_ai_2024,portfolio_mean,central,0.25,0.0,1.3915699268970334,0.1843556401478814,0.1324803278545717,True,True
optimistic_site_selection,hub_policy_compliant,central,0.5,20.0,uniform_google_ai_2024,portfolio_mean,central,1.0,0.75,0.0,0.0,,True,True
optimistic_site_selection,hub_policy_compliant,central,0.5,20.0,uniform_google_ai_2024,portfolio_mean,central,0.75,0.5,0.0,0.0,,True,True
optimistic_site_selection,hub_policy_compliant,central,0.5,20.0,uniform_google_ai_2024,portfolio_mean,central,0.5,0.25,0.0,0.0,,True,True
optimistic_site_selection,hub_policy_compliant,central,0.5,20.0,uniform_google_ai_2024,portfolio_mean,central,0.25,0.0,0.0,0.0,,True,True
optimistic_site_selection,hub_policy_compliant,central,0.5,35.0,uniform_google_ai_2024,portfolio_mean,central,1.0,0.75,0.0,0.0,,True,True
optimistic_site_selection,hub_policy_compliant,central,0.5,35.0,uniform_google_ai_2024,portfolio_mean,central,0.75,0.5,0.0,0.0,,True,True
optimistic_site_selection,hub_policy_compliant,central,0.5,35.0,uniform_google_ai_2024,portfolio_mean,central,0.5,0.25,0.0,0.0,,True,True
optimistic_site_selection,hub_policy_compliant,central,0.5,35.0,uniform_google_ai_2024,portfolio_mean,central,0.25,0.0,0.0,0.0,,True,True
optimistic_site_selection,hub_policy_compliant,tight,0.15,15.0,uniform_google_ai_2024,portfolio_mean,central,1.0,0.75,0.4226189824229491,0.0034756394091353,0.0082240494480603,True,True
optimistic_site_selection,hub_policy_compliant,tight,0.15,15.0,uniform_google_ai_2024,portfolio_mean,central,0.75,0.5,0.4226189824229482,0.0152462057505289,0.0360755346651012,True,True
optimistic_site_selection,hub_policy_compliant,tight,0.15,15.0,uniform_google_ai_2024,portfolio_mean,central,0.5,0.25,0.4226189824229486,0.0294406138903795,0.0696623084026924,True,True
optimistic_site_selection,hub_policy_compliant,tight,0.15,15.0,uniform_google_ai_2024,portfolio_mean,central,0.25,0.0,0.4226189824229489,0.055877896701368,0.1322181421691242,True,True
optimistic_site_selection,hub_policy_compliant,tight,0.15,20.0,uniform_google_ai_2024,portfolio_mean,central,1.0,0.75,0.0,0.0,,True,True
optimistic_site_selection,hub_policy_compliant,tight,0.15,20.0,uniform_google_ai_2024,portfolio_mean,central,0.75,0.5,0.0,0.0,,True,True
optimistic_site_selection,hub_policy_compliant,tight,0.15,20.0,uniform_google_ai_2024,portfolio_mean,central,0.5,0.25,0.0,0.0,,True,True
optimistic_site_selection,hub_policy_compliant,tight,0.15,20.0,uniform_google_ai_2024,portfolio_mean,central,0.25,0.0,0.0,0.0,,True,True
optimistic_site_selection,hub_policy_compliant,tight,0.15,35.0,uniform_google_ai_2024,portfolio_mean,central,1.0,0.75,0.0,0.0,,True,True
optimistic_site_selection,hub_policy_compliant,tight,0.15,35.0,uniform_google_ai_2024,portfolio_mean,central,0.75,0.5,0.0,0.0,,True,True
optimistic_site_selection,hub_policy_compliant,tight,0.15,35.0,uniform_google_ai_2024,portfolio_mean,central,0.5,0.25,0.0,0.0,,True,True
optimistic_site_selection,hub_policy_compliant,tight,0.15,35.0,uniform_google_ai_2024,portfolio_mean,central,0.25,0.0,0.0,0.0,,True,True
optimistic_site_selection,hub_policy_compliant,tight,0.3,15.0,uniform_google_ai_2024,portfolio_mean,central,1.0,0.75,0.8400899604920591,0.007062908398872,0.0084073238950922,True,True
optimistic_site_selection,hub_policy_compliant,tight,0.3,15.0,uniform_google_ai_2024,portfolio_mean,central,0.75,0.5,0.840089960492058,0.0307052659808171,0.0365499737228527,True,True
optimistic_site_selection,hub_policy_compliant,tight,0.3,15.0,uniform_google_ai_2024,portfolio_mean,central,0.5,0.25,0.8400899604920589,0.0589593027505409,0.070182129918571,True,True
optimistic_site_selection,hub_policy_compliant,tight,0.3,15.0,uniform_google_ai_2024,portfolio_mean,central,0.25,0.0,0.8400899604920586,0.1111845887457292,0.1323484316853471,True,True
optimistic_site_selection,hub_policy_compliant,tight,0.3,20.0,uniform_google_ai_2024,portfolio_mean,central,1.0,0.75,0.0,0.0,,True,True
optimistic_site_selection,hub_policy_compliant,tight,0.3,20.0,uniform_google_ai_2024,portfolio_mean,central,0.75,0.5,0.0,0.0,,True,True
optimistic_site_selection,hub_policy_compliant,tight,0.3,20.0,uniform_google_ai_2024,portfolio_mean,central,0.5,0.25,0.0,0.0,,True,True
optimistic_site_selection,hub_policy_compliant,tight,0.3,20.0,uniform_google_ai_2024,portfolio_mean,central,0.25,0.0,0.0,0.0,,True,True
optimistic_site_selection,hub_policy_compliant,tight,0.3,35.0,uniform_google_ai_2024,portfolio_mean,central,1.0,0.75,0.0,0.0,,True,True
optimistic_site_selection,hub_policy_compliant,tight,0.3,35.0,uniform_google_ai_2024,portfolio_mean,central,0.75,0.5,0.0,0.0,,True,True
optimistic_site_selection,hub_policy_compliant,tight,0.3,35.0,uniform_google_ai_2024,portfolio_mean,central,0.5,0.25,0.0,0.0,,True,True
optimistic_site_selection,hub_policy_compliant,tight,0.3,35.0,uniform_google_ai_2024,portfolio_mean,central,0.25,0.0,0.0,0.0,,True,True
optimistic_site_selection,hub_policy_compliant,tight,0.5,15.0,uniform_google_ai_2024,portfolio_mean,central,1.0,0.75,1.3967179312508715,0.0118459337927383,0.0084812642035241,True,True
optimistic_site_selection,hub_policy_compliant,tight,0.5,15.0,uniform_google_ai_2024,portfolio_mean,central,0.75,0.5,1.3967179312508724,0.0513190502031016,0.0367426013906338,True,True
optimistic_site_selection,hub_policy_compliant,tight,0.5,15.0,uniform_google_ai_2024,portfolio_mean,central,0.5,0.25,1.3967179312508722,0.0983158505746431,0.0703906267506664,True,True
optimistic_site_selection,hub_policy_compliant,tight,0.5,15.0,uniform_google_ai_2024,portfolio_mean,central,0.25,0.0,1.3967179312508726,0.1849268448048774,0.1324009956965761,True,True
optimistic_site_selection,hub_policy_compliant,tight,0.5,20.0,uniform_google_ai_2024,portfolio_mean,central,1.0,0.75,0.0273702231479092,0.0017923926132752,0.0654869565216577,True,True
optimistic_site_selection,hub_policy_compliant,tight,0.5,20.0,uniform_google_ai_2024,portfolio_mean,central,0.75,0.5,0.0273702231479093,0.0025853837430674,0.094459724683132,True,True
optimistic_site_selection,hub_policy_compliant,tight,0.5,20.0,uniform_google_ai_2024,portfolio_mean,central,0.5,0.25,0.0273702231479093,0.0027072720722393,0.0989130434782807,True,True
optimistic_site_selection,hub_policy_compliant,tight,0.5,20.0,uniform_google_ai_2024,portfolio_mean,central,0.25,0.0,0.0273702231479092,0.0027072720722394,0.0989130434782808,True,True
optimistic_site_selection,hub_policy_compliant,tight,0.5,35.0,uniform_google_ai_2024,portfolio_mean,central,1.0,0.75,0.0273702231479092,0.0017923926132752,0.0654869565216577,True,True
optimistic_site_selection,hub_policy_compliant,tight,0.5,35.0,uniform_google_ai_2024,portfolio_mean,central,0.75,0.5,0.0273702231479093,0.0025853837430674,0.094459724683132,True,True
optimistic_site_selection,hub_policy_compliant,tight,0.5,35.0,uniform_google_ai_2024,portfolio_mean,central,0.5,0.25,0.0273702231479093,0.0027072720722393,0.0989130434782807,True,True
optimistic_site_selection,hub_policy_compliant,tight,0.5,35.0,uniform_google_ai_2024,portfolio_mean,central,0.25,0.0,0.0273702231479092,0.0027072720722394,0.0989130434782808,True,True
optimistic_site_selection,legacy_stress,ample,0.15,15.0,uniform_google_ai_2024,portfolio_mean,central,1.0,0.75,0.5869722389219718,0.0062392681466612,0.0106295796171215,True,True
optimistic_site_selection,legacy_stress,ample,0.15,15.0,uniform_google_ai_2024,portfolio_mean,central,0.75,0.5,0.5869722389219714,0.0164243722494283,0.0279815145595184,True,True
optimistic_site_selection,legacy_stress,ample,0.15,15.0,uniform_google_ai_2024,portfolio_mean,central,0.5,0.25,0.5869722389219716,0.0398517448734096,0.067893747320318,True,True
optimistic_site_selection,legacy_stress,ample,0.15,15.0,uniform_google_ai_2024,portfolio_mean,central,0.25,0.0,0.5869722389219716,0.0836369670371511,0.1424887950250561,True,True
optimistic_site_selection,legacy_stress,ample,0.15,20.0,uniform_google_ai_2024,portfolio_mean,central,1.0,0.75,0.0,0.0,,True,True
optimistic_site_selection,legacy_stress,ample,0.15,20.0,uniform_google_ai_2024,portfolio_mean,central,0.75,0.5,0.0,0.0,,True,True
optimistic_site_selection,legacy_stress,ample,0.15,20.0,uniform_google_ai_2024,portfolio_mean,central,0.5,0.25,0.0,0.0,,True,True
optimistic_site_selection,legacy_stress,ample,0.15,20.0,uniform_google_ai_2024,portfolio_mean,central,0.25,0.0,0.0,0.0,,True,True
optimistic_site_selection,legacy_stress,ample,0.15,35.0,uniform_google_ai_2024,portfolio_mean,central,1.0,0.75,0.0,0.0,,True,True
optimistic_site_selection,legacy_stress,ample,0.15,35.0,uniform_google_ai_2024,portfolio_mean,central,0.75,0.5,0.0,0.0,,True,True
optimistic_site_selection,legacy_stress,ample,0.15,35.0,uniform_google_ai_2024,portfolio_mean,central,0.5,0.25,0.0,0.0,,True,True
optimistic_site_selection,legacy_stress,ample,0.15,35.0,uniform_google_ai_2024,portfolio_mean,central,0.25,0.0,0.0,0.0,,True,True
optimistic_site_selection,legacy_stress,ample,0.3,15.0,uniform_google_ai_2024,portfolio_mean,central,1.0,0.75,1.1739444778439436,0.0124785362933153,0.0106295796171155,True,True
optimistic_site_selection,legacy_stress,ample,0.3,15.0,uniform_google_ai_2024,portfolio_mean,central,0.75,0.5,1.1739444778439427,0.0328487444988638,0.0279815145595246,True,True
optimistic_site_selection,legacy_stress,ample,0.3,15.0,uniform_google_ai_2024,portfolio_mean,central,0.5,0.25,1.1739444778439427,0.0797034897468123,0.067893747320312,True,True
optimistic_site_selection,legacy_stress,ample,0.3,15.0,uniform_google_ai_2024,portfolio_mean,central,0.25,0.0,1.1739444778439436,0.1672739340743093,0.1424887950250621,True,True
optimistic_site_selection,legacy_stress,ample,0.3,20.0,uniform_google_ai_2024,portfolio_mean,central,1.0,0.75,0.0,0.0,,True,True
optimistic_site_selection,legacy_stress,ample,0.3,20.0,uniform_google_ai_2024,portfolio_mean,central,0.75,0.5,0.0,0.0,,True,True
optimistic_site_selection,legacy_stress,ample,0.3,20.0,uniform_google_ai_2024,portfolio_mean,central,0.5,0.25,0.0,0.0,,True,True
optimistic_site_selection,legacy_stress,ample,0.3,20.0,uniform_google_ai_2024,portfolio_mean,central,0.25,0.0,0.0,0.0,,True,True
optimistic_site_selection,legacy_stress,ample,0.3,35.0,uniform_google_ai_2024,portfolio_mean,central,1.0,0.75,0.0,0.0,,True,True
optimistic_site_selection,legacy_stress,ample,0.3,35.0,uniform_google_ai_2024,portfolio_mean,central,0.75,0.5,0.0,0.0,,True,True
optimistic_site_selection,legacy_stress,ample,0.3,35.0,uniform_google_ai_2024,portfolio_mean,central,0.5,0.25,0.0,0.0,,True,True
optimistic_site_selection,legacy_stress,ample,0.3,35.0,uniform_google_ai_2024,portfolio_mean,central,0.25,0.0,0.0,0.0,,True,True
optimistic_site_selection,legacy_stress,ample,0.5,15.0,uniform_google_ai_2024,portfolio_mean,central,1.0,0.75,1.9565741297399064,0.0207975604888659,0.0106295796171191,True,True
optimistic_site_selection,legacy_stress,ample,0.5,15.0,uniform_google_ai_2024,portfolio_mean,central,0.75,0.5,1.9565741297399035,0.0547479074981075,0.0279815145595252,True,True
optimistic_site_selection,legacy_stress,ample,0.5,15.0,uniform_google_ai_2024,portfolio_mean,central,0.5,0.25,1.9565741297399064,0.1328391495780146,0.0678937473203089,True,True
optimistic_site_selection,legacy_stress,ample,0.5,15.0,uniform_google_ai_2024,portfolio_mean,central,0.25,0.0,1.956574129739904,0.2787898901238499,0.1424887950250629,True,True
optimistic_site_selection,legacy_stress,ample,0.5,20.0,uniform_google_ai_2024,portfolio_mean,central,1.0,0.75,0.0,0.0,,True,True
optimistic_site_selection,legacy_stress,ample,0.5,20.0,uniform_google_ai_2024,portfolio_mean,central,0.75,0.5,0.0,0.0,,True,True
optimistic_site_selection,legacy_stress,ample,0.5,20.0,uniform_google_ai_2024,portfolio_mean,central,0.5,0.25,0.0,0.0,,True,True
optimistic_site_selection,legacy_stress,ample,0.5,20.0,uniform_google_ai_2024,portfolio_mean,central,0.25,0.0,0.0,0.0,,True,True
optimistic_site_selection,legacy_stress,ample,0.5,35.0,uniform_google_ai_2024,portfolio_mean,central,1.0,0.75,0.0,0.0,,True,True
optimistic_site_selection,legacy_stress,ample,0.5,35.0,uniform_google_ai_2024,portfolio_mean,central,0.75,0.5,0.0,0.0,,True,True
optimistic_site_selection,legacy_stress,ample,0.5,35.0,uniform_google_ai_2024,portfolio_mean,central,0.5,0.25,0.0,0.0,,True,True
optimistic_site_selection,legacy_stress,ample,0.5,35.0,uniform_google_ai_2024,portfolio_mean,central,0.25,0.0,0.0,0.0,,True,True
optimistic_site_selection,legacy_stress,central,0.15,15.0,uniform_google_ai_2024,portfolio_mean,central,1.0,0.75,0.5869722389219718,0.0062392681466612,0.0106295796171215,True,True
optimistic_site_selection,legacy_stress,central,0.15,15.0,uniform_google_ai_2024,portfolio_mean,central,0.75,0.5,0.5869722389219714,0.0164243722494283,0.0279815145595184,True,True
optimistic_site_selection,legacy_stress,central,0.15,15.0,uniform_google_ai_2024,portfolio_mean,central,0.5,0.25,0.5869722389219716,0.0398517448734096,0.067893747320318,True,True
optimistic_site_selection,legacy_stress,central,0.15,15.0,uniform_google_ai_2024,portfolio_mean,central,0.25,0.0,0.5869722389219716,0.0836369670371511,0.1424887950250561,True,True
optimistic_site_selection,legacy_stress,central,0.15,20.0,uniform_google_ai_2024,portfolio_mean,central,1.0,0.75,0.0,0.0,,True,True
optimistic_site_selection,legacy_stress,central,0.15,20.0,uniform_google_ai_2024,portfolio_mean,central,0.75,0.5,0.0,0.0,,True,True
optimistic_site_selection,legacy_stress,central,0.15,20.0,uniform_google_ai_2024,portfolio_mean,central,0.5,0.25,0.0,0.0,,True,True
optimistic_site_selection,legacy_stress,central,0.15,20.0,uniform_google_ai_2024,portfolio_mean,central,0.25,0.0,0.0,0.0,,True,True
optimistic_site_selection,legacy_stress,central,0.15,35.0,uniform_google_ai_2024,portfolio_mean,central,1.0,0.75,0.0,0.0,,True,True
optimistic_site_selection,legacy_stress,central,0.15,35.0,uniform_google_ai_2024,portfolio_mean,central,0.75,0.5,0.0,0.0,,True,True
optimistic_site_selection,legacy_stress,central,0.15,35.0,uniform_google_ai_2024,portfolio_mean,central,0.5,0.25,0.0,0.0,,True,True
optimistic_site_selection,legacy_stress,central,0.15,35.0,uniform_google_ai_2024,portfolio_mean,central,0.25,0.0,0.0,0.0,,True,True
optimistic_site_selection,legacy_stress,central,0.3,15.0,uniform_google_ai_2024,portfolio_mean,central,1.0,0.75,1.1739444778439436,0.0124785362933153,0.0106295796171155,True,True
optimistic_site_selection,legacy_stress,central,0.3,15.0,uniform_google_ai_2024,portfolio_mean,central,0.75,0.5,1.1739444778439427,0.0328487444988638,0.0279815145595246,True,True
optimistic_site_selection,legacy_stress,central,0.3,15.0,uniform_google_ai_2024,portfolio_mean,central,0.5,0.25,1.1739444778439427,0.0797034897468123,0.067893747320312,True,True
optimistic_site_selection,legacy_stress,central,0.3,15.0,uniform_google_ai_2024,portfolio_mean,central,0.25,0.0,1.1739444778439436,0.1672739340743093,0.1424887950250621,True,True
optimistic_site_selection,legacy_stress,central,0.3,20.0,uniform_google_ai_2024,portfolio_mean,central,1.0,0.75,0.0,0.0,,True,True
optimistic_site_selection,legacy_stress,central,0.3,20.0,uniform_google_ai_2024,portfolio_mean,central,0.75,0.5,0.0,0.0,,True,True
optimistic_site_selection,legacy_stress,central,0.3,20.0,uniform_google_ai_2024,portfolio_mean,central,0.5,0.25,0.0,0.0,,True,True
optimistic_site_selection,legacy_stress,central,0.3,20.0,uniform_google_ai_2024,portfolio_mean,central,0.25,0.0,0.0,0.0,,True,True
optimistic_site_selection,legacy_stress,central,0.3,35.0,uniform_google_ai_2024,portfolio_mean,central,1.0,0.75,0.0,0.0,,True,True
optimistic_site_selection,legacy_stress,central,0.3,35.0,uniform_google_ai_2024,portfolio_mean,central,0.75,0.5,0.0,0.0,,True,True
optimistic_site_selection,legacy_stress,central,0.3,35.0,uniform_google_ai_2024,portfolio_mean,central,0.5,0.25,0.0,0.0,,True,True
optimistic_site_selection,legacy_stress,central,0.3,35.0,uniform_google_ai_2024,portfolio_mean,central,0.25,0.0,0.0,0.0,,True,True
optimistic_site_selection,legacy_stress,central,0.5,15.0,uniform_google_ai_2024,portfolio_mean,central,1.0,0.75,1.9565741297399064,0.0207975604888659,0.0106295796171191,True,True
optimistic_site_selection,legacy_stress,central,0.5,15.0,uniform_google_ai_2024,portfolio_mean,central,0.75,0.5,1.9565741297399035,0.0547479074981075,0.0279815145595252,True,True
optimistic_site_selection,legacy_stress,central,0.5,15.0,uniform_google_ai_2024,portfolio_mean,central,0.5,0.25,1.9565741297399064,0.1328391495780146,0.0678937473203089,True,True
optimistic_site_selection,legacy_stress,central,0.5,15.0,uniform_google_ai_2024,portfolio_mean,central,0.25,0.0,1.956574129739904,0.2787898901238499,0.1424887950250629,True,True
optimistic_site_selection,legacy_stress,central,0.5,20.0,uniform_google_ai_2024,portfolio_mean,central,1.0,0.75,0.0,0.0,,True,True
optimistic_site_selection,legacy_stress,central,0.5,20.0,uniform_google_ai_2024,portfolio_mean,central,0.75,0.5,0.0,0.0,,True,True
optimistic_site_selection,legacy_stress,central,0.5,20.0,uniform_google_ai_2024,portfolio_mean,central,0.5,0.25,0.0,0.0,,True,True
optimistic_site_selection,legacy_stress,central,0.5,20.0,uniform_google_ai_2024,portfolio_mean,central,0.25,0.0,0.0,0.0,,True,True
optimistic_site_selection,legacy_stress,central,0.5,35.0,uniform_google_ai_2024,portfolio_mean,central,1.0,0.75,0.0,0.0,,True,True
optimistic_site_selection,legacy_stress,central,0.5,35.0,uniform_google_ai_2024,portfolio_mean,central,0.75,0.5,0.0,0.0,,True,True
optimistic_site_selection,legacy_stress,central,0.5,35.0,uniform_google_ai_2024,portfolio_mean,central,0.5,0.25,0.0,0.0,,True,True
optimistic_site_selection,legacy_stress,central,0.5,35.0,uniform_google_ai_2024,portfolio_mean,central,0.25,0.0,0.0,0.0,,True,True
optimistic_site_selection,legacy_stress,tight,0.15,15.0,uniform_google_ai_2024,portfolio_mean,central,1.0,0.75,0.6055854906194187,0.0056614544658692,0.0093487287155417,True,True
optimistic_site_selection,legacy_stress,tight,0.15,15.0,uniform_google_ai_2024,portfolio_mean,central,0.75,0.5,0.6055854906194182,0.015961877441594,0.0263577606941466,True,True
optimistic_site_selection,legacy_stress,tight,0.15,15.0,uniform_google_ai_2024,portfolio_mean,central,0.5,0.25,0.6055854906194187,0.0396562584095789,0.0654841620611102,True,True
optimistic_site_selection,legacy_stress,tight,0.15,15.0,uniform_google_ai_2024,portfolio_mean,central,0.25,0.0,0.6055854906194182,0.0855175528760483,0.1412146661383471,True,True
optimistic_site_selection,legacy_stress,tight,0.15,20.0,uniform_google_ai_2024,portfolio_mean,central,1.0,0.75,0.0,0.0,,True,True
optimistic_site_selection,legacy_stress,tight,0.15,20.0,uniform_google_ai_2024,portfolio_mean,central,0.75,0.5,0.0,0.0,,True,True
optimistic_site_selection,legacy_stress,tight,0.15,20.0,uniform_google_ai_2024,portfolio_mean,central,0.5,0.25,0.0,0.0,,True,True
optimistic_site_selection,legacy_stress,tight,0.15,20.0,uniform_google_ai_2024,portfolio_mean,central,0.25,0.0,0.0,0.0,,True,True
optimistic_site_selection,legacy_stress,tight,0.15,35.0,uniform_google_ai_2024,portfolio_mean,central,1.0,0.75,0.0,0.0,,True,True
optimistic_site_selection,legacy_stress,tight,0.15,35.0,uniform_google_ai_2024,portfolio_mean,central,0.75,0.5,0.0,0.0,,True,True
optimistic_site_selection,legacy_stress,tight,0.15,35.0,uniform_google_ai_2024,portfolio_mean,central,0.5,0.25,0.0,0.0,,True,True
optimistic_site_selection,legacy_stress,tight,0.15,35.0,uniform_google_ai_2024,portfolio_mean,central,0.25,0.0,0.0,0.0,,True,True
optimistic_site_selection,legacy_stress,tight,0.3,15.0,uniform_google_ai_2024,portfolio_mean,central,1.0,0.75,1.1925094670005727,0.0119031141263441,0.0099815678246002,True,True
optimistic_site_selection,legacy_stress,tight,0.3,15.0,uniform_google_ai_2024,portfolio_mean,central,0.75,0.5,1.1925094670005736,0.0323443307095417,0.0271229131546392,True,True
optimistic_site_selection,legacy_stress,tight,0.3,15.0,uniform_google_ai_2024,portfolio_mean,central,0.5,0.25,1.1925094670005718,0.0795520342752204,0.0667097716845063,True,True
optimistic_site_selection,legacy_stress,tight,0.3,15.0,uniform_google_ai_2024,portfolio_mean,central,0.25,0.0,1.1925094670005727,0.1691496437178834,0.1418434388980848,True,True
optimistic_site_selection,legacy_stress,tight,0.3,20.0,uniform_google_ai_2024,portfolio_mean,central,1.0,0.75,0.0,0.0,,True,True
optimistic_site_selection,legacy_stress,tight,0.3,20.0,uniform_google_ai_2024,portfolio_mean,central,0.75,0.5,0.0,0.0,,True,True
optimistic_site_selection,legacy_stress,tight,0.3,20.0,uniform_google_ai_2024,portfolio_mean,central,0.5,0.25,0.0,0.0,,True,True
optimistic_site_selection,legacy_stress,tight,0.3,20.0,uniform_google_ai_2024,portfolio_mean,central,0.25,0.0,0.0,0.0,,True,True
optimistic_site_selection,legacy_stress,tight,0.3,35.0,uniform_google_ai_2024,portfolio_mean,central,1.0,0.75,0.0,0.0,,True,True
optimistic_site_selection,legacy_stress,tight,0.3,35.0,uniform_google_ai_2024,portfolio_mean,central,0.75,0.5,0.0,0.0,,True,True
optimistic_site_selection,legacy_stress,tight,0.3,35.0,uniform_google_ai_2024,portfolio_mean,central,0.5,0.25,0.0,0.0,,True,True
optimistic_site_selection,legacy_stress,tight,0.3,35.0,uniform_google_ai_2024,portfolio_mean,central,0.25,0.0,0.0,0.0,,True,True
optimistic_site_selection,legacy_stress,tight,0.5,15.0,uniform_google_ai_2024,portfolio_mean,central,1.0,0.75,1.9750747688421133,0.0202253270069796,0.0102402842292581,True,True
optimistic_site_selection,legacy_stress,tight,0.5,15.0,uniform_google_ai_2024,portfolio_mean,central,0.75,0.5,1.9750747688421104,0.054193768854951,0.0274388441946034,True,True
optimistic_site_selection,legacy_stress,tight,0.5,15.0,uniform_google_ai_2024,portfolio_mean,central,0.5,0.25,1.975074768842111,0.1327402349745981,0.0672077012316942,True,True
optimistic_site_selection,legacy_stress,tight,0.5,15.0,uniform_google_ai_2024,portfolio_mean,central,0.25,0.0,1.975074768842112,0.2806590981736647,0.1421004929034667,True,True
optimistic_site_selection,legacy_stress,tight,0.5,20.0,uniform_google_ai_2024,portfolio_mean,central,1.0,0.75,0.0273702231479092,0.0023284919840662,0.085073913043492,True,True
optimistic_site_selection,legacy_stress,tight,0.5,20.0,uniform_google_ai_2024,portfolio_mean,central,0.75,0.5,0.0273702231479093,0.0031766665496562,0.1160628662941263,True,True
optimistic_site_selection,legacy_stress,tight,0.5,20.0,uniform_google_ai_2024,portfolio_mean,central,0.5,0.25,0.0273702231479093,0.0033070369620879,0.1208260869564964,True,True
optimistic_site_selection,legacy_stress,tight,0.5,20.0,uniform_google_ai_2024,portfolio_mean,central,0.25,0.0,0.0273702231479092,0.003307036962088,0.1208260869564964,True,True
optimistic_site_selection,legacy_stress,tight,0.5,35.0,uniform_google_ai_2024,portfolio_mean,central,1.0,0.75,0.0273702231479092,0.0023284919840662,0.085073913043492,True,True
optimistic_site_selection,legacy_stress,tight,0.5,35.0,uniform_google_ai_2024,portfolio_mean,central,0.75,0.5,0.0273702231479093,0.0031766665496562,0.1160628662941263,True,True
optimistic_site_selection,legacy_stress,tight,0.5,35.0,uniform_google_ai_2024,portfolio_mean,central,0.5,0.25,0.0273702231479093,0.0033070369620879,0.1208260869564964,True,True
optimistic_site_selection,legacy_stress,tight,0.5,35.0,uniform_google_ai_2024,portfolio_mean,central,0.25,0.0,0.0273702231479092,0.003307036962088,0.1208260869564964,True,True
optimistic_site_selection,uniform_new_build,ample,0.15,15.0,uniform_google_ai_2024,portfolio_mean,central,1.0,0.75,0.3142116632392684,0.0046632532955008,0.0148411209419358,True,True
optimistic_site_selection,uniform_new_build,ample,0.15,15.0,uniform_google_ai_2024,portfolio_mean,central,0.75,0.5,0.3142116632392683,0.0112597668825423,0.0358349743178315,True,True
optimistic_site_selection,uniform_new_build,ample,0.15,15.0,uniform_google_ai_2024,portfolio_mean,central,0.5,0.25,0.3142116632392685,0.0246182618280919,0.078349293512206,True,True
optimistic_site_selection,uniform_new_build,ample,0.15,15.0,uniform_google_ai_2024,portfolio_mean,central,0.25,0.0,0.3142116632392684,0.0394866349750558,0.1256689028280506,True,True
optimistic_site_selection,uniform_new_build,ample,0.15,20.0,uniform_google_ai_2024,portfolio_mean,central,1.0,0.75,0.0,0.0,,True,True
optimistic_site_selection,uniform_new_build,ample,0.15,20.0,uniform_google_ai_2024,portfolio_mean,central,0.75,0.5,0.0,0.0,,True,True
optimistic_site_selection,uniform_new_build,ample,0.15,20.0,uniform_google_ai_2024,portfolio_mean,central,0.5,0.25,0.0,0.0,,True,True
optimistic_site_selection,uniform_new_build,ample,0.15,20.0,uniform_google_ai_2024,portfolio_mean,central,0.25,0.0,0.0,0.0,,True,True
optimistic_site_selection,uniform_new_build,ample,0.15,35.0,uniform_google_ai_2024,portfolio_mean,central,1.0,0.75,0.0,0.0,,True,True
optimistic_site_selection,uniform_new_build,ample,0.15,35.0,uniform_google_ai_2024,portfolio_mean,central,0.75,0.5,0.0,0.0,,True,True
optimistic_site_selection,uniform_new_build,ample,0.15,35.0,uniform_google_ai_2024,portfolio_mean,central,0.5,0.25,0.0,0.0,,True,True
optimistic_site_selection,uniform_new_build,ample,0.15,35.0,uniform_google_ai_2024,portfolio_mean,central,0.25,0.0,0.0,0.0,,True,True
optimistic_site_selection,uniform_new_build,ample,0.3,15.0,uniform_google_ai_2024,portfolio_mean,central,1.0,0.75,0.6284233264785368,0.0093265065909946,0.0148411209419247,True,True
optimistic_site_selection,uniform_new_build,ample,0.3,15.0,uniform_google_ai_2024,portfolio_mean,central,0.75,0.5,0.6284233264785366,0.0225195337650916,0.0358349743178426,True,True
optimistic_site_selection,uniform_new_build,ample,0.3,15.0,uniform_google_ai_2024,portfolio_mean,central,0.5,0.25,0.628423326478537,0.0492365236561838,0.0783492935122062,True,True
optimistic_site_selection,uniform_new_build,ample,0.3,15.0,uniform_google_ai_2024,portfolio_mean,central,0.25,0.0,0.6284233264785373,0.078973269950108,0.1256689028280448,True,True
optimistic_site_selection,uniform_new_build,ample,0.3,20.0,uniform_google_ai_2024,portfolio_mean,central,1.0,0.75,0.0,0.0,,True,True
optimistic_site_selection,uniform_new_build,ample,0.3,20.0,uniform_google_ai_2024,portfolio_mean,central,0.75,0.5,0.0,0.0,,True,True
optimistic_site_selection,uniform_new_build,ample,0.3,20.0,uniform_google_ai_2024,portfolio_mean,central,0.5,0.25,0.0,0.0,,True,True
optimistic_site_selection,uniform_new_build,ample,0.3,20.0,uniform_google_ai_2024,portfolio_mean,central,0.25,0.0,0.0,0.0,,True,True
optimistic_site_selection,uniform_new_build,ample,0.3,35.0,uniform_google_ai_2024,portfolio_mean,central,1.0,0.75,0.0,0.0,,True,True
optimistic_site_selection,uniform_new_build,ample,0.3,35.0,uniform_google_ai_2024,portfolio_mean,central,0.75,0.5,0.0,0.0,,True,True
optimistic_site_selection,uniform_new_build,ample,0.3,35.0,uniform_google_ai_2024,portfolio_mean,central,0.5,0.25,0.0,0.0,,True,True
optimistic_site_selection,uniform_new_build,ample,0.3,35.0,uniform_google_ai_2024,portfolio_mean,central,0.25,0.0,0.0,0.0,,True,True
optimistic_site_selection,uniform_new_build,ample,0.5,15.0,uniform_google_ai_2024,portfolio_mean,central,1.0,0.75,1.0473722107975605,0.0155441776516624,0.0148411209419292,True,True
optimistic_site_selection,uniform_new_build,ample,0.5,15.0,uniform_google_ai_2024,portfolio_mean,central,0.75,0.5,1.0473722107975627,0.0375325562751457,0.0358349743178359,True,True
optimistic_site_selection,uniform_new_build,ample,0.5,15.0,uniform_google_ai_2024,portfolio_mean,central,0.5,0.25,1.047372210797561,0.082060872760305,0.0783492935122049,True,True
optimistic_site_selection,uniform_new_build,ample,0.5,15.0,uniform_google_ai_2024,portfolio_mean,central,0.25,0.0,1.0473722107975614,0.1316221165835146,0.1256689028280461,True,True
optimistic_site_selection,uniform_new_build,ample,0.5,20.0,uniform_google_ai_2024,portfolio_mean,central,1.0,0.75,0.0,0.0,,True,True
optimistic_site_selection,uniform_new_build,ample,0.5,20.0,uniform_google_ai_2024,portfolio_mean,central,0.75,0.5,0.0,0.0,,True,True
optimistic_site_selection,uniform_new_build,ample,0.5,20.0,uniform_google_ai_2024,portfolio_mean,central,0.5,0.25,0.0,0.0,,True,True
optimistic_site_selection,uniform_new_build,ample,0.5,20.0,uniform_google_ai_2024,portfolio_mean,central,0.25,0.0,0.0,0.0,,True,True
optimistic_site_selection,uniform_new_build,ample,0.5,35.0,uniform_google_ai_2024,portfolio_mean,central,1.0,0.75,0.0,0.0,,True,True
optimistic_site_selection,uniform_new_build,ample,0.5,35.0,uniform_google_ai_2024,portfolio_mean,central,0.75,0.5,0.0,0.0,,True,True
optimistic_site_selection,uniform_new_build,ample,0.5,35.0,uniform_google_ai_2024,portfolio_mean,central,0.5,0.25,0.0,0.0,,True,True
optimistic_site_selection,uniform_new_build,ample,0.5,35.0,uniform_google_ai_2024,portfolio_mean,central,0.25,0.0,0.0,0.0,,True,True
optimistic_site_selection,uniform_new_build,central,0.15,15.0,uniform_google_ai_2024,portfolio_mean,central,1.0,0.75,0.3142116632392684,0.0046632532955008,0.0148411209419358,True,True
optimistic_site_selection,uniform_new_build,central,0.15,15.0,uniform_google_ai_2024,portfolio_mean,central,0.75,0.5,0.3142116632392683,0.0112597668825423,0.0358349743178315,True,True
optimistic_site_selection,uniform_new_build,central,0.15,15.0,uniform_google_ai_2024,portfolio_mean,central,0.5,0.25,0.3142116632392685,0.0246182618280919,0.078349293512206,True,True
optimistic_site_selection,uniform_new_build,central,0.15,15.0,uniform_google_ai_2024,portfolio_mean,central,0.25,0.0,0.3142116632392684,0.0394866349750558,0.1256689028280506,True,True
optimistic_site_selection,uniform_new_build,central,0.15,20.0,uniform_google_ai_2024,portfolio_mean,central,1.0,0.75,0.0,0.0,,True,True
optimistic_site_selection,uniform_new_build,central,0.15,20.0,uniform_google_ai_2024,portfolio_mean,central,0.75,0.5,0.0,0.0,,True,True
optimistic_site_selection,uniform_new_build,central,0.15,20.0,uniform_google_ai_2024,portfolio_mean,central,0.5,0.25,0.0,0.0,,True,True
optimistic_site_selection,uniform_new_build,central,0.15,20.0,uniform_google_ai_2024,portfolio_mean,central,0.25,0.0,0.0,0.0,,True,True
optimistic_site_selection,uniform_new_build,central,0.15,35.0,uniform_google_ai_2024,portfolio_mean,central,1.0,0.75,0.0,0.0,,True,True
optimistic_site_selection,uniform_new_build,central,0.15,35.0,uniform_google_ai_2024,portfolio_mean,central,0.75,0.5,0.0,0.0,,True,True
optimistic_site_selection,uniform_new_build,central,0.15,35.0,uniform_google_ai_2024,portfolio_mean,central,0.5,0.25,0.0,0.0,,True,True
optimistic_site_selection,uniform_new_build,central,0.15,35.0,uniform_google_ai_2024,portfolio_mean,central,0.25,0.0,0.0,0.0,,True,True
optimistic_site_selection,uniform_new_build,central,0.3,15.0,uniform_google_ai_2024,portfolio_mean,central,1.0,0.75,0.6284233264785368,0.0093265065909946,0.0148411209419247,True,True
optimistic_site_selection,uniform_new_build,central,0.3,15.0,uniform_google_ai_2024,portfolio_mean,central,0.75,0.5,0.6284233264785366,0.0225195337650916,0.0358349743178426,True,True
optimistic_site_selection,uniform_new_build,central,0.3,15.0,uniform_google_ai_2024,portfolio_mean,central,0.5,0.25,0.628423326478537,0.0492365236561838,0.0783492935122062,True,True
optimistic_site_selection,uniform_new_build,central,0.3,15.0,uniform_google_ai_2024,portfolio_mean,central,0.25,0.0,0.6284233264785373,0.078973269950108,0.1256689028280448,True,True
optimistic_site_selection,uniform_new_build,central,0.3,20.0,uniform_google_ai_2024,portfolio_mean,central,1.0,0.75,0.0,0.0,,True,True
optimistic_site_selection,uniform_new_build,central,0.3,20.0,uniform_google_ai_2024,portfolio_mean,central,0.75,0.5,0.0,0.0,,True,True
optimistic_site_selection,uniform_new_build,central,0.3,20.0,uniform_google_ai_2024,portfolio_mean,central,0.5,0.25,0.0,0.0,,True,True
optimistic_site_selection,uniform_new_build,central,0.3,20.0,uniform_google_ai_2024,portfolio_mean,central,0.25,0.0,0.0,0.0,,True,True
optimistic_site_selection,uniform_new_build,central,0.3,35.0,uniform_google_ai_2024,portfolio_mean,central,1.0,0.75,0.0,0.0,,True,True
optimistic_site_selection,uniform_new_build,central,0.3,35.0,uniform_google_ai_2024,portfolio_mean,central,0.75,0.5,0.0,0.0,,True,True
optimistic_site_selection,uniform_new_build,central,0.3,35.0,uniform_google_ai_2024,portfolio_mean,central,0.5,0.25,0.0,0.0,,True,True
optimistic_site_selection,uniform_new_build,central,0.3,35.0,uniform_google_ai_2024,portfolio_mean,central,0.25,0.0,0.0,0.0,,True,True
optimistic_site_selection,uniform_new_build,central,0.5,15.0,uniform_google_ai_2024,portfolio_mean,central,1.0,0.75,1.0473722107975605,0.0155441776516624,0.0148411209419292,True,True
optimistic_site_selection,uniform_new_build,central,0.5,15.0,uniform_google_ai_2024,portfolio_mean,central,0.75,0.5,1.0473722107975627,0.0375325562751457,0.0358349743178359,True,True
optimistic_site_selection,uniform_new_build,central,0.5,15.0,uniform_google_ai_2024,portfolio_mean,central,0.5,0.25,1.047372210797561,0.082060872760305,0.0783492935122049,True,True
optimistic_site_selection,uniform_new_build,central,0.5,15.0,uniform_google_ai_2024,portfolio_mean,central,0.25,0.0,1.0473722107975614,0.1316221165835146,0.1256689028280461,True,True
optimistic_site_selection,uniform_new_build,central,0.5,20.0,uniform_google_ai_2024,portfolio_mean,central,1.0,0.75,0.0,0.0,,True,True
optimistic_site_selection,uniform_new_build,central,0.5,20.0,uniform_google_ai_2024,portfolio_mean,central,0.75,0.5,0.0,0.0,,True,True
optimistic_site_selection,uniform_new_build,central,0.5,20.0,uniform_google_ai_2024,portfolio_mean,central,0.5,0.25,0.0,0.0,,True,True
optimistic_site_selection,uniform_new_build,central,0.5,20.0,uniform_google_ai_2024,portfolio_mean,central,0.25,0.0,0.0,0.0,,True,True
optimistic_site_selection,uniform_new_build,central,0.5,35.0,uniform_google_ai_2024,portfolio_mean,central,1.0,0.75,0.0,0.0,,True,True
optimistic_site_selection,uniform_new_build,central,0.5,35.0,uniform_google_ai_2024,portfolio_mean,central,0.75,0.5,0.0,0.0,,True,True
optimistic_site_selection,uniform_new_build,central,0.5,35.0,uniform_google_ai_2024,portfolio_mean,central,0.5,0.25,0.0,0.0,,True,True
optimistic_site_selection,uniform_new_build,central,0.5,35.0,uniform_google_ai_2024,portfolio_mean,central,0.25,0.0,0.0,0.0,,True,True
optimistic_site_selection,uniform_new_build,tight,0.15,15.0,uniform_google_ai_2024,portfolio_mean,central,1.0,0.75,0.3142116632392684,0.0046632532955008,0.0148411209419358,True,True
optimistic_site_selection,uniform_new_build,tight,0.15,15.0,uniform_google_ai_2024,portfolio_mean,central,0.75,0.5,0.3142116632392683,0.0112597668825387,0.03583497431782,True,True
optimistic_site_selection,uniform_new_build,tight,0.15,15.0,uniform_google_ai_2024,portfolio_mean,central,0.5,0.25,0.3142116632392685,0.0246182618280955,0.0783492935122175,True,True
optimistic_site_selection,uniform_new_build,tight,0.15,15.0,uniform_google_ai_2024,portfolio_mean,central,0.25,0.0,0.3142116632392684,0.0394866349750522,0.1256689028280392,True,True
optimistic_site_selection,uniform_new_build,tight,0.15,20.0,uniform_google_ai_2024,portfolio_mean,central,1.0,0.75,0.0,0.0,,True,True
optimistic_site_selection,uniform_new_build,tight,0.15,20.0,uniform_google_ai_2024,portfolio_mean,central,0.75,0.5,0.0,0.0,,True,True
optimistic_site_selection,uniform_new_build,tight,0.15,20.0,uniform_google_ai_2024,portfolio_mean,central,0.5,0.25,0.0,0.0,,True,True
optimistic_site_selection,uniform_new_build,tight,0.15,20.0,uniform_google_ai_2024,portfolio_mean,central,0.25,0.0,0.0,0.0,,True,True
optimistic_site_selection,uniform_new_build,tight,0.15,35.0,uniform_google_ai_2024,portfolio_mean,central,1.0,0.75,0.0,0.0,,True,True
optimistic_site_selection,uniform_new_build,tight,0.15,35.0,uniform_google_ai_2024,portfolio_mean,central,0.75,0.5,0.0,0.0,,True,True
optimistic_site_selection,uniform_new_build,tight,0.15,35.0,uniform_google_ai_2024,portfolio_mean,central,0.5,0.25,0.0,0.0,,True,True
optimistic_site_selection,uniform_new_build,tight,0.15,35.0,uniform_google_ai_2024,portfolio_mean,central,0.25,0.0,0.0,0.0,,True,True
optimistic_site_selection,uniform_new_build,tight,0.3,15.0,uniform_google_ai_2024,portfolio_mean,central,1.0,0.75,0.6284233264785368,0.0093265065909946,0.0148411209419247,True,True
optimistic_site_selection,uniform_new_build,tight,0.3,15.0,uniform_google_ai_2024,portfolio_mean,central,0.75,0.5,0.6284233264785366,0.0225195337650845,0.0358349743178313,True,True
optimistic_site_selection,uniform_new_build,tight,0.3,15.0,uniform_google_ai_2024,portfolio_mean,central,0.5,0.25,0.628423326478537,0.0492365236561874,0.0783492935122118,True,True
optimistic_site_selection,uniform_new_build,tight,0.3,15.0,uniform_google_ai_2024,portfolio_mean,central,0.25,0.0,0.6284233264785373,0.0789732699501079,0.1256689028280448,True,True
optimistic_site_selection,uniform_new_build,tight,0.3,20.0,uniform_google_ai_2024,portfolio_mean,central,1.0,0.75,0.0,0.0,,True,True
optimistic_site_selection,uniform_new_build,tight,0.3,20.0,uniform_google_ai_2024,portfolio_mean,central,0.75,0.5,0.0,0.0,,True,True
optimistic_site_selection,uniform_new_build,tight,0.3,20.0,uniform_google_ai_2024,portfolio_mean,central,0.5,0.25,0.0,0.0,,True,True
optimistic_site_selection,uniform_new_build,tight,0.3,20.0,uniform_google_ai_2024,portfolio_mean,central,0.25,0.0,0.0,0.0,,True,True
optimistic_site_selection,uniform_new_build,tight,0.3,35.0,uniform_google_ai_2024,portfolio_mean,central,1.0,0.75,0.0,0.0,,True,True
optimistic_site_selection,uniform_new_build,tight,0.3,35.0,uniform_google_ai_2024,portfolio_mean,central,0.75,0.5,0.0,0.0,,True,True
optimistic_site_selection,uniform_new_build,tight,0.3,35.0,uniform_google_ai_2024,portfolio_mean,central,0.5,0.25,0.0,0.0,,True,True
optimistic_site_selection,uniform_new_build,tight,0.3,35.0,uniform_google_ai_2024,portfolio_mean,central,0.25,0.0,0.0,0.0,,True,True
optimistic_site_selection,uniform_new_build,tight,0.5,15.0,uniform_google_ai_2024,portfolio_mean,central,1.0,0.75,1.0473722107975605,0.0155441776516624,0.0148411209419292,True,True
optimistic_site_selection,uniform_new_build,tight,0.5,15.0,uniform_google_ai_2024,portfolio_mean,central,0.75,0.5,1.0473722107975627,0.0375325562751386,0.0358349743178291,True,True
optimistic_site_selection,uniform_new_build,tight,0.5,15.0,uniform_google_ai_2024,portfolio_mean,central,0.5,0.25,1.047372210797561,0.0820608727603122,0.0783492935122117,True,True
optimistic_site_selection,uniform_new_build,tight,0.5,15.0,uniform_google_ai_2024,portfolio_mean,central,0.25,0.0,1.0473722107975614,0.131622116583511,0.1256689028280427,True,True
optimistic_site_selection,uniform_new_build,tight,0.5,20.0,uniform_google_ai_2024,portfolio_mean,central,1.0,0.75,0.0273702231479092,0.0013655361331395,0.0498913043477985,True,True
optimistic_site_selection,uniform_new_build,tight,0.5,20.0,uniform_google_ai_2024,portfolio_mean,central,0.75,0.5,0.0273702231479093,0.0021675010179116,0.0791919381218916,True,True
optimistic_site_selection,uniform_new_build,tight,0.5,20.0,uniform_google_ai_2024,portfolio_mean,central,0.5,0.25,0.0273702231479093,0.0022907686765093,0.0836956521738984,True,True
optimistic_site_selection,uniform_new_build,tight,0.5,20.0,uniform_google_ai_2024,portfolio_mean,central,0.25,0.0,0.0273702231479092,0.0022907686765095,0.0836956521739021,True,True
optimistic_site_selection,uniform_new_build,tight,0.5,35.0,uniform_google_ai_2024,portfolio_mean,central,1.0,0.75,0.0273702231479092,0.0013655361331395,0.0498913043477985,True,True
optimistic_site_selection,uniform_new_build,tight,0.5,35.0,uniform_google_ai_2024,portfolio_mean,central,0.75,0.5,0.0273702231479093,0.0021675010179116,0.0791919381218916,True,True
optimistic_site_selection,uniform_new_build,tight,0.5,35.0,uniform_google_ai_2024,portfolio_mean,central,0.5,0.25,0.0273702231479093,0.0022907686765093,0.0836956521738984,True,True
optimistic_site_selection,uniform_new_build,tight,0.5,35.0,uniform_google_ai_2024,portfolio_mean,central,0.25,0.0,0.0273702231479092,0.0022907686765095,0.0836956521739021,True,True
