run_family,cap_fraction_of_carbon_first,high_stress_water_cap_l,carbon_first_high_stress_water_l,achieved_fraction_of_carbon_first_high_stress_water,screened_direct_water_avoided_l_vs_carbon_first,additional_carbon_kgco2e_vs_carbon_first,additional_carbon_pct_vs_carbon_first,carbon_change_pct_vs_status_quo,service_difference_vs_status_quo_accelerator_hours,status_quo_carbon_kgco2e,status_quo_unserved_accelerator_hours,carbon_first_carbon_kgco2e,policy,carbon_mapping,pue_scenario,capacity_scenario,wue_profile,water_risk_mapping,energy_level,demand_filename,carbon_filename,capacity_filename,energy_filename,timestamp_column,energy_workload_class,migration_limit,max_latency_ms,second_stage_objective,demand_accelerator_hours,served_accelerator_hours,unserved_accelerator_hours,service_rate,migration_share,it_energy_kwh,facility_energy_kwh,carbon_kgco2e,direct_water_l,high_stress_direct_water_l,high_stress_water_share,stage_one_optimal_unserved_accelerator_hours,direct_water_cap_l,carbon_cap_kgco2e,fixed_total_unserved_accelerator_hours,solver_stage_one_optimal,solver_stage_two_optimal,solver_stage_one_iterations,solver_stage_two_iterations,max_abs_demand_balance_error,max_capacity_violation,max_migration_violation,ineligible_latency_assignment,service_gap_vs_status_quo_unserved,minimum_capacity_slack,binding_capacity_region_hours,minimum_migration_slack,binding_migration_hours,eligible_destination_count,high_stress_water_cap_slack_l,high_stress_water_cap_violation_l,assigned_east_accelerator_hours,assigned_north_accelerator_hours,assigned_northwest_accelerator_hours,assigned_southwest_accelerator_hours
spatial_wue_coarse,0.0,0.0,0.7591444187293707,0.0,0.7591444187293707,0.0582254091812473,0.1749676688574508,-13.083310813418723,-1.0000007932831068e-08,38.354010220005065,1e-08,33.27781044433017,screened_water_cap_0.00,equal_site_portfolio,hub_policy_compliant,central,factorial_000,portfolio_mean,central,gentd26_hourly_service_demand.csv,gentd26_aligned_regional_hourly_cef.csv,capacity_scenarios.csv,energy_calibration_bounds.csv,trace_timestamp_anonymized,single_row_default,0.3,20.0,carbon,211.9472222222222,211.94722220222215,2e-08,0.9999999999056368,0.3000000000283089,56.92722900944693,70.30512782658639,33.33603585351142,20.49380244340089,0.0,0.0,0.0,,,1e-08,True,True,0,0,4.440892098500626e-16,0.0,0.0,0.0,1e-08,0.9475833333333334,0,0.0,554,3,0.0,0.0,148.36305553555553,0.0,0.0,63.5841666666667
spatial_wue_coarse,0.25,0.1897861046823426,0.7591444187293707,0.25,0.569358314047028,0.0284743202674135,0.0855654860918431,-13.160880508851292,-1.0000007932831068e-08,38.354010220005065,1e-08,33.27781044433017,screened_water_cap_0.25,equal_site_portfolio,hub_policy_compliant,central,factorial_000,portfolio_mean,central,gentd26_hourly_service_demand.csv,gentd26_aligned_regional_hourly_cef.csv,capacity_scenarios.csv,energy_calibration_bounds.csv,trace_timestamp_anonymized,single_row_default,0.3,20.0,carbon,211.9472222222222,211.94722220222215,2e-08,0.9999999999056368,0.3000000000283089,56.92722900944693,70.30512782658639,33.306284764597585,20.49380244340089,0.1897861046823427,0.0092606584457173,0.0,,,1e-08,True,True,0,674,4.440892098500626e-16,0.0,0.0,0.0,1e-08,0.9475833333333334,0,0.0,554,3,-5.551115123125783e-17,5.551115123125783e-17,148.36305553555553,0.9091041666666676,1.0536666666666663,61.62139583333336
spatial_wue_coarse,0.5,0.3795722093646853,0.7591444187293707,0.5000000000000001,0.3795722093646853,0.0096719532950189,0.0290642718552724,-13.209903718848215,-1.0000007932831068e-08,38.354010220005065,1e-08,33.27781044433017,screened_water_cap_0.50,equal_site_portfolio,hub_policy_compliant,central,factorial_000,portfolio_mean,central,gentd26_hourly_service_demand.csv,gentd26_aligned_regional_hourly_cef.csv,capacity_scenarios.csv,energy_calibration_bounds.csv,trace_timestamp_anonymized,single_row_default,0.3,20.0,carbon,211.9472222222222,211.94722220222215,2e-08,0.9999999999056368,0.3000000000283089,56.92722900944693,70.30512782658639,33.28748239762519,20.49380244340089,0.3795722093646854,0.0185213168914346,0.0,,,1e-08,True,True,0,686,4.440892098500626e-16,0.0,0.0,0.0,1e-08,0.9475833333333334,0,0.0,554,3,-5.551115123125783e-17,5.551115123125783e-17,148.36305553555553,2.0036250000000013,1.9219166666666665,59.658625000000015
spatial_wue_coarse,0.75,0.569358314047028,0.7591444187293707,0.7500000000000001,0.1897861046823425,0.0017832854951365,0.0053587825380452,-13.230471757899764,-1.0000007932831068e-08,38.354010220005065,1e-08,33.27781044433017,screened_water_cap_0.75,equal_site_portfolio,hub_policy_compliant,central,factorial_000,portfolio_mean,central,gentd26_hourly_service_demand.csv,gentd26_aligned_regional_hourly_cef.csv,capacity_scenarios.csv,energy_calibration_bounds.csv,trace_timestamp_anonymized,single_row_default,0.3,20.0,carbon,211.9472222222222,211.94722220222215,2e-08,0.9999999999056368,0.3000000000283089,56.92722900944693,70.30512782658639,33.27959372982531,20.49380244340089,0.5693583140470281,0.0277819753371519,0.0,,,1e-08,True,True,0,686,4.440892098500626e-16,0.0,0.0,0.0,1e-08,0.9475833333333334,0,0.0,554,3,-1.1102230246251563e-16,1.1102230246251563e-16,148.36305553555553,3.0441666666666665,2.8441458333333363,57.69585416666668
spatial_wue_coarse,1.0,0.7591444187293707,0.7591444187293707,1.0000000000000004,-3.3306690738754696e-16,0.0,0.0,-13.23512129906874,-1.0000007932831068e-08,38.354010220005065,1e-08,33.27781044433017,screened_water_cap_1.00,equal_site_portfolio,hub_policy_compliant,central,factorial_000,portfolio_mean,central,gentd26_hourly_service_demand.csv,gentd26_aligned_regional_hourly_cef.csv,capacity_scenarios.csv,energy_calibration_bounds.csv,trace_timestamp_anonymized,single_row_default,0.3,20.0,carbon,211.9472222222222,211.94722220222215,2e-08,0.9999999999056368,0.300000000028309,56.92722900944693,70.30512782658639,33.27781044433017,20.49380244340089,0.759144418729371,0.0370426337828692,0.0,,,1e-08,True,True,0,684,4.440892098500626e-16,0.0,2.9698465908722937e-15,0.0,1e-08,0.9475833333333334,0,-2.9698465908722937e-15,554,3,-3.3306690738754696e-16,3.3306690738754696e-16,148.36305553555553,3.853166666666669,3.997916666666667,55.73308333333334
spatial_wue_coarse,0.0,0.0,0.7591444187293707,0.0,0.7591444187293707,0.0582254091812473,0.1749676688574508,-13.083310813418723,-1.0000007932831068e-08,38.354010220005065,1e-08,33.27781044433017,screened_water_cap_0.00,equal_site_portfolio,hub_policy_compliant,central,factorial_001,portfolio_mean,central,gentd26_hourly_service_demand.csv,gentd26_aligned_regional_hourly_cef.csv,capacity_scenarios.csv,energy_calibration_bounds.csv,trace_timestamp_anonymized,single_row_default,0.3,20.0,carbon,211.9472222222222,211.94722220222215,2e-08,0.9999999999056368,0.3000000000283089,56.92722900944693,70.30512782658639,33.33603585351142,33.98555571991294,0.0,0.0,0.0,,,1e-08,True,True,0,0,4.440892098500626e-16,0.0,0.0,0.0,1e-08,0.9475833333333334,0,0.0,554,3,0.0,0.0,148.36305553555553,0.0,0.0,63.5841666666667
spatial_wue_coarse,0.25,0.1897861046823426,0.7591444187293707,0.25,0.569358314047028,0.0284743202674135,0.0855654860918431,-13.160880508851292,-1.0000007932831068e-08,38.354010220005065,1e-08,33.27781044433017,screened_water_cap_0.25,equal_site_portfolio,hub_policy_compliant,central,factorial_001,portfolio_mean,central,gentd26_hourly_service_demand.csv,gentd26_aligned_regional_hourly_cef.csv,capacity_scenarios.csv,energy_calibration_bounds.csv,trace_timestamp_anonymized,single_row_default,0.3,20.0,carbon,211.9472222222222,211.94722220222215,2e-08,0.9999999999056368,0.3000000000283089,56.92722900944693,70.30512782658639,33.306284764597585,33.569080656860024,0.1897861046823427,0.0056535985188965,0.0,,,1e-08,True,True,0,674,4.440892098500626e-16,0.0,0.0,0.0,1e-08,0.9475833333333334,0,0.0,554,3,-5.551115123125783e-17,5.551115123125783e-17,148.36305553555553,0.9091041666666676,1.0536666666666663,61.62139583333336
spatial_wue_coarse,0.5,0.3795722093646853,0.7591444187293707,0.5000000000000001,0.3795722093646853,0.0096719532950189,0.0290642718552724,-13.209903718848215,-1.0000007932831068e-08,38.354010220005065,1e-08,33.27781044433017,screened_water_cap_0.50,equal_site_portfolio,hub_policy_compliant,central,factorial_001,portfolio_mean,central,gentd26_hourly_service_demand.csv,gentd26_aligned_regional_hourly_cef.csv,capacity_scenarios.csv,energy_calibration_bounds.csv,trace_timestamp_anonymized,single_row_default,0.3,20.0,carbon,211.9472222222222,211.94722220222215,2e-08,0.9999999999056368,0.3000000000283089,56.92722900944693,70.30512782658639,33.28748239762519,33.1526055938071,0.3795722093646854,0.0114492421505352,0.0,,,1e-08,True,True,0,686,4.440892098500626e-16,0.0,0.0,0.0,1e-08,0.9475833333333334,0,0.0,554,3,-5.551115123125783e-17,5.551115123125783e-17,148.36305553555553,2.0036250000000013,1.9219166666666665,59.658625000000015
spatial_wue_coarse,0.75,0.569358314047028,0.7591444187293707,0.7500000000000001,0.1897861046823425,0.0017832854951365,0.0053587825380452,-13.230471757899764,-1.0000007932831068e-08,38.354010220005065,1e-08,33.27781044433017,screened_water_cap_0.75,equal_site_portfolio,hub_policy_compliant,central,factorial_001,portfolio_mean,central,gentd26_hourly_service_demand.csv,gentd26_aligned_regional_hourly_cef.csv,capacity_scenarios.csv,energy_calibration_bounds.csv,trace_timestamp_anonymized,single_row_default,0.3,20.0,carbon,211.9472222222222,211.94722220222215,2e-08,0.9999999999056368,0.3000000000283089,56.92722900944693,70.30512782658639,33.27959372982531,32.73613053075419,0.5693583140470281,0.0173923522669284,0.0,,,1e-08,True,True,0,686,4.440892098500626e-16,0.0,0.0,0.0,1e-08,0.9475833333333334,0,0.0,554,3,-1.1102230246251563e-16,1.1102230246251563e-16,148.36305553555553,3.0441666666666665,2.8441458333333363,57.69585416666668
spatial_wue_coarse,1.0,0.7591444187293707,0.7591444187293707,1.0000000000000004,-3.3306690738754696e-16,0.0,0.0,-13.23512129906874,-1.0000007932831068e-08,38.354010220005065,1e-08,33.27781044433017,screened_water_cap_1.00,equal_site_portfolio,hub_policy_compliant,central,factorial_001,portfolio_mean,central,gentd26_hourly_service_demand.csv,gentd26_aligned_regional_hourly_cef.csv,capacity_scenarios.csv,energy_calibration_bounds.csv,trace_timestamp_anonymized,single_row_default,0.3,20.0,carbon,211.9472222222222,211.94722220222215,2e-08,0.9999999999056368,0.300000000028309,56.92722900944693,70.30512782658639,33.27781044433017,32.31965546770127,0.759144418729371,0.02348862968196,0.0,,,1e-08,True,True,0,684,4.440892098500626e-16,0.0,2.9698465908722937e-15,0.0,1e-08,0.9475833333333334,0,-2.9698465908722937e-15,554,3,-3.3306690738754696e-16,3.3306690738754696e-16,148.36305553555553,3.853166666666669,3.997916666666667,55.73308333333334
spatial_wue_coarse,0.0,0.0,0.7591444187293707,0.0,0.7591444187293707,0.0582254091812473,0.1749676688574508,-13.083310813418723,-1.0000007932831068e-08,38.354010220005065,1e-08,33.27781044433017,screened_water_cap_0.00,equal_site_portfolio,hub_policy_compliant,central,factorial_002,portfolio_mean,central,gentd26_hourly_service_demand.csv,gentd26_aligned_regional_hourly_cef.csv,capacity_scenarios.csv,energy_calibration_bounds.csv,trace_timestamp_anonymized,single_row_default,0.3,20.0,carbon,211.9472222222222,211.94722220222215,2e-08,0.9999999999056368,0.3000000000283089,56.92722900944693,70.30512782658639,33.33603585351142,48.50199911869173,0.0,0.0,0.0,,,1e-08,True,True,0,0,4.440892098500626e-16,0.0,0.0,0.0,1e-08,0.9475833333333334,0,0.0,554,3,0.0,0.0,148.36305553555553,0.0,0.0,63.5841666666667
spatial_wue_coarse,0.25,0.1897861046823426,0.7591444187293707,0.25,0.569358314047028,0.0284743202674135,0.0855654860918431,-13.160880508851292,-1.0000007932831068e-08,38.354010220005065,1e-08,33.27781044433017,screened_water_cap_0.25,equal_site_portfolio,hub_policy_compliant,central,factorial_002,portfolio_mean,central,gentd26_hourly_service_demand.csv,gentd26_aligned_regional_hourly_cef.csv,capacity_scenarios.csv,energy_calibration_bounds.csv,trace_timestamp_anonymized,single_row_default,0.3,20.0,carbon,211.9472222222222,211.94722220222215,2e-08,0.9999999999056368,0.3000000000283089,56.92722900944693,70.30512782658639,33.306284764597585,47.63741797513884,0.1897861046823427,0.0039839712719398,0.0,,,1e-08,True,True,0,674,4.440892098500626e-16,0.0,0.0,0.0,1e-08,0.9475833333333334,0,0.0,554,3,-5.551115123125783e-17,5.551115123125783e-17,148.36305553555553,0.9091041666666676,1.0536666666666663,61.62139583333336
spatial_wue_coarse,0.5,0.3795722093646853,0.7591444187293707,0.5000000000000001,0.3795722093646853,0.0096719532950189,0.0290642718552724,-13.209903718848215,-1.0000007932831068e-08,38.354010220005065,1e-08,33.27781044433017,screened_water_cap_0.50,equal_site_portfolio,hub_policy_compliant,central,factorial_002,portfolio_mean,central,gentd26_hourly_service_demand.csv,gentd26_aligned_regional_hourly_cef.csv,capacity_scenarios.csv,energy_calibration_bounds.csv,trace_timestamp_anonymized,single_row_default,0.3,20.0,carbon,211.9472222222222,211.94722220222215,2e-08,0.9999999999056368,0.3000000000283089,56.92722900944693,70.30512782658639,33.28748239762519,46.77283683158595,0.3795722093646854,0.0081152274498851,0.0,,,1e-08,True,True,0,686,4.440892098500626e-16,0.0,0.0,0.0,1e-08,0.9475833333333334,0,0.0,554,3,-5.551115123125783e-17,5.551115123125783e-17,148.36305553555553,2.0036250000000013,1.9219166666666665,59.658625000000015
spatial_wue_coarse,0.75,0.569358314047028,0.7591444187293707,0.7500000000000001,0.1897861046823425,0.0017832854951365,0.0053587825380452,-13.230471757899764,-1.0000007932831068e-08,38.354010220005065,1e-08,33.27781044433017,screened_water_cap_0.75,equal_site_portfolio,hub_policy_compliant,central,factorial_002,portfolio_mean,central,gentd26_hourly_service_demand.csv,gentd26_aligned_regional_hourly_cef.csv,capacity_scenarios.csv,energy_calibration_bounds.csv,trace_timestamp_anonymized,single_row_default,0.3,20.0,carbon,211.9472222222222,211.94722220222215,2e-08,0.9999999999056368,0.3000000000283089,56.92722900944693,70.30512782658639,33.27959372982531,45.90825568803305,0.5693583140470281,0.012402089896773,0.0,,,1e-08,True,True,0,686,4.440892098500626e-16,0.0,0.0,0.0,1e-08,0.9475833333333334,0,0.0,554,3,-1.1102230246251563e-16,1.1102230246251563e-16,148.36305553555553,3.0441666666666665,2.8441458333333363,57.69585416666668
spatial_wue_coarse,1.0,0.7591444187293707,0.7591444187293707,1.0000000000000004,-3.3306690738754696e-16,0.0,0.0,-13.23512129906874,-1.0000007932831068e-08,38.354010220005065,1e-08,33.27781044433017,screened_water_cap_1.00,equal_site_portfolio,hub_policy_compliant,central,factorial_002,portfolio_mean,central,gentd26_hourly_service_demand.csv,gentd26_aligned_regional_hourly_cef.csv,capacity_scenarios.csv,energy_calibration_bounds.csv,trace_timestamp_anonymized,single_row_default,0.3,20.0,carbon,211.9472222222222,211.94722220222215,2e-08,0.9999999999056368,0.300000000028309,56.92722900944693,70.30512782658639,33.27781044433017,45.04367454448016,0.759144418729371,0.0168535188660002,0.0,,,1e-08,True,True,0,684,4.440892098500626e-16,0.0,2.9698465908722937e-15,0.0,1e-08,0.9475833333333334,0,-2.9698465908722937e-15,554,3,-3.3306690738754696e-16,3.3306690738754696e-16,148.36305553555553,3.853166666666669,3.997916666666667,55.73308333333334
spatial_wue_coarse,0.0,0.0,1.607451601388399,0.0,1.607451601388399,0.0582254091812473,0.1749676688574508,-13.083310813418723,-1.0000007932831068e-08,38.354010220005065,1e-08,33.27781044433017,screened_water_cap_0.00,equal_site_portfolio,hub_policy_compliant,central,factorial_003,portfolio_mean,central,gentd26_hourly_service_demand.csv,gentd26_aligned_regional_hourly_cef.csv,capacity_scenarios.csv,energy_calibration_bounds.csv,trace_timestamp_anonymized,single_row_default,0.3,20.0,carbon,211.9472222222222,211.94722220222215,2e-08,0.9999999999056368,0.3000000000283089,56.92722900944693,70.30512782658639,33.33603585351142,20.49380244340089,0.0,0.0,0.0,,,1e-08,True,True,0,0,4.440892098500626e-16,0.0,0.0,0.0,1e-08,0.9475833333333334,0,0.0,554,3,0.0,0.0,148.36305553555553,0.0,0.0,63.5841666666667
spatial_wue_coarse,0.25,0.4018629003470997,1.607451601388399,0.2500000000000001,1.2055887010412991,0.0239713630847262,0.0720340754534643,-13.172621020878218,-1.0000007932831068e-08,38.354010220005065,1e-08,33.27781044433017,screened_water_cap_0.25,equal_site_portfolio,hub_policy_compliant,central,factorial_003,portfolio_mean,central,gentd26_hourly_service_demand.csv,gentd26_aligned_regional_hourly_cef.csv,capacity_scenarios.csv,energy_calibration_bounds.csv,trace_timestamp_anonymized,single_row_default,0.3,20.0,carbon,211.9472222222222,211.94722220222215,2e-08,0.9999999999056368,0.3000000000283089,56.92722900944693,70.30512782658639,33.3017818074149,20.593205009854213,0.4018629003470999,0.0195143446663499,0.0,,,1e-08,True,True,0,685,4.440892098500626e-16,0.0,0.0,0.0,1e-08,0.9475833333333334,0,0.0,554,3,-1.6653345369377348e-16,1.6653345369377348e-16,148.36305553555553,2.659583333333333,0.4684661231884061,60.45611721014495
spatial_wue_coarse,0.5,0.8037258006941995,1.607451601388399,0.5,0.8037258006941995,0.0074468547581361,0.0223778387421047,-13.215705194428262,-1.0000007932831068e-08,38.354010220005065,1e-08,33.27781044433017,screened_water_cap_0.50,equal_site_portfolio,hub_policy_compliant,central,factorial_003,portfolio_mean,central,gentd26_hourly_service_demand.csv,gentd26_aligned_regional_hourly_cef.csv,capacity_scenarios.csv,energy_calibration_bounds.csv,trace_timestamp_anonymized,single_row_default,0.3,20.0,carbon,211.9472222222222,211.94722220222215,2e-08,0.9999999999056368,0.3000000000283089,56.92722900944693,70.30512782658639,33.28525729908831,20.853801662862335,0.8037258006941995,0.0385409727054957,0.0,,,1e-08,True,True,0,682,4.440892098500626e-16,0.0,0.0,0.0,1e-08,0.9475833333333334,0,0.0,554,3,0.0,0.0,148.36305553555553,2.892416666666666,1.6966105072463766,58.99513949275365
spatial_wue_coarse,0.75,1.2055887010412991,1.607451601388399,0.7499999999999999,0.4018629003470999,0.0013964803023469,0.0041964308459707,-13.231480270935482,-1.0000007932831068e-08,38.354010220005065,1e-08,33.27781044433017,screened_water_cap_0.75,equal_site_portfolio,hub_policy_compliant,central,factorial_003,portfolio_mean,central,gentd26_hourly_service_demand.csv,gentd26_aligned_regional_hourly_cef.csv,capacity_scenarios.csv,energy_calibration_bounds.csv,trace_timestamp_anonymized,single_row_default,0.3,20.0,carbon,211.9472222222222,211.94722220222215,2e-08,0.9999999999056368,0.3000000000283089,56.92722900944693,70.30512782658639,33.27920692463252,21.0885634730188,1.2055887010412991,0.0571678911455375,0.0,,,1e-08,True,True,0,687,4.440892098500626e-16,0.0,0.0,0.0,1e-08,0.9475833333333334,0,0.0,554,3,2.220446049250313e-16,0.0,148.36305553555553,3.5141892361111102,2.8030000000000004,57.26697743055557
spatial_wue_coarse,1.0,1.607451601388399,1.607451601388399,1.0,0.0,0.0,0.0,-13.23512129906874,-1.0000007932831068e-08,38.354010220005065,1e-08,33.27781044433017,screened_water_cap_1.00,equal_site_portfolio,hub_policy_compliant,central,factorial_003,portfolio_mean,central,gentd26_hourly_service_demand.csv,gentd26_aligned_regional_hourly_cef.csv,capacity_scenarios.csv,energy_calibration_bounds.csv,trace_timestamp_anonymized,single_row_default,0.3,20.0,carbon,211.9472222222222,211.94722220222215,2e-08,0.9999999999056368,0.300000000028309,56.92722900944693,70.30512782658639,33.27781044433017,21.342109626059926,1.607451601388399,0.07531830871235,0.0,,,1e-08,True,True,0,683,4.440892098500626e-16,0.0,5.551115123125783e-17,0.0,1e-08,0.9475833333333334,0,-5.551115123125783e-17,554,3,0.0,0.0,148.36305553555553,3.853166666666666,3.997916666666667,55.73308333333334
spatial_wue_coarse,0.0,0.0,1.607451601388399,0.0,1.607451601388399,0.0582254091812473,0.1749676688574508,-13.083310813418723,-1.0000007932831068e-08,38.354010220005065,1e-08,33.27781044433017,screened_water_cap_0.00,equal_site_portfolio,hub_policy_compliant,central,factorial_004,portfolio_mean,central,gentd26_hourly_service_demand.csv,gentd26_aligned_regional_hourly_cef.csv,capacity_scenarios.csv,energy_calibration_bounds.csv,trace_timestamp_anonymized,single_row_default,0.3,20.0,carbon,211.9472222222222,211.94722220222215,2e-08,0.9999999999056368,0.3000000000283089,56.92722900944693,70.30512782658639,33.33603585351142,33.98555571991294,0.0,0.0,0.0,,,1e-08,True,True,0,0,4.440892098500626e-16,0.0,0.0,0.0,1e-08,0.9475833333333334,0,0.0,554,3,0.0,0.0,148.36305553555553,0.0,0.0,63.5841666666667
spatial_wue_coarse,0.25,0.4018629003470997,1.607451601388399,0.2500000000000001,1.2055887010412991,0.0239713630847262,0.0720340754534643,-13.172621020878218,-1.0000007932831068e-08,38.354010220005065,1e-08,33.27781044433017,screened_water_cap_0.25,equal_site_portfolio,hub_policy_compliant,central,factorial_004,portfolio_mean,central,gentd26_hourly_service_demand.csv,gentd26_aligned_regional_hourly_cef.csv,capacity_scenarios.csv,energy_calibration_bounds.csv,trace_timestamp_anonymized,single_row_default,0.3,20.0,carbon,211.9472222222222,211.94722220222215,2e-08,0.9999999999056368,0.3000000000283089,56.92722900944693,70.30512782658639,33.3017818074149,33.42122588698823,0.4018629003470999,0.0120241819287531,0.0,,,1e-08,True,True,0,685,4.440892098500626e-16,0.0,0.0,0.0,1e-08,0.9475833333333334,0,0.0,554,3,-1.6653345369377348e-16,1.6653345369377348e-16,148.36305553555553,2.659583333333333,0.4684661231884061,60.45611721014495
spatial_wue_coarse,0.5,0.8037258006941995,1.607451601388399,0.5,0.8037258006941995,0.0074468547581361,0.0223778387421047,-13.215705194428262,-1.0000007932831068e-08,38.354010220005065,1e-08,33.27781044433017,screened_water_cap_0.50,equal_site_portfolio,hub_policy_compliant,central,factorial_004,portfolio_mean,central,gentd26_hourly_service_demand.csv,gentd26_aligned_regional_hourly_cef.csv,capacity_scenarios.csv,energy_calibration_bounds.csv,trace_timestamp_anonymized,single_row_default,0.3,20.0,carbon,211.9472222222222,211.94722220222215,2e-08,0.9999999999056368,0.3000000000283089,56.92722900944693,70.30512782658639,33.28525729908831,33.37182160833582,0.8037258006941995,0.0240839655121924,0.0,,,1e-08,True,True,0,682,4.440892098500626e-16,0.0,0.0,0.0,1e-08,0.9475833333333334,0,0.0,554,3,0.0,0.0,148.36305553555553,2.892416666666666,1.6966105072463766,58.99513949275365
spatial_wue_coarse,0.75,1.2055887010412991,1.607451601388399,0.7499999999999999,0.4018629003470999,0.0013964803023469,0.0041964308459707,-13.231480270935482,-1.0000007932831068e-08,38.354010220005065,1e-08,33.27781044433017,screened_water_cap_0.75,equal_site_portfolio,hub_policy_compliant,central,factorial_004,portfolio_mean,central,gentd26_hourly_service_demand.csv,gentd26_aligned_regional_hourly_cef.csv,capacity_scenarios.csv,energy_calibration_bounds.csv,trace_timestamp_anonymized,single_row_default,0.3,20.0,carbon,211.9472222222222,211.94722220222215,2e-08,0.9999999999056368,0.3000000000283089,56.92722900944693,70.30512782658639,33.27920692463252,33.23988935946285,1.2055887010412991,0.0362693355565603,0.0,,,1e-08,True,True,0,687,4.440892098500626e-16,0.0,0.0,0.0,1e-08,0.9475833333333334,0,0.0,554,3,2.220446049250313e-16,0.0,148.36305553555553,3.5141892361111102,2.8030000000000004,57.26697743055557
spatial_wue_coarse,1.0,1.607451601388399,1.607451601388399,1.0,0.0,0.0,0.0,-13.23512129906874,-1.0000007932831068e-08,38.354010220005065,1e-08,33.27781044433017,screened_water_cap_1.00,equal_site_portfolio,hub_policy_compliant,central,factorial_004,portfolio_mean,central,gentd26_hourly_service_demand.csv,gentd26_aligned_regional_hourly_cef.csv,capacity_scenarios.csv,energy_calibration_bounds.csv,trace_timestamp_anonymized,single_row_default,0.3,20.0,carbon,211.9472222222222,211.94722220222215,2e-08,0.9999999999056368,0.300000000028309,56.92722900944693,70.30512782658639,33.27781044433017,33.167962650360295,1.607451601388399,0.0484639837041946,0.0,,,1e-08,True,True,0,683,4.440892098500626e-16,0.0,5.551115123125783e-17,0.0,1e-08,0.9475833333333334,0,-5.551115123125783e-17,554,3,0.0,0.0,148.36305553555553,3.853166666666666,3.997916666666667,55.73308333333334
spatial_wue_coarse,0.0,0.0,1.607451601388399,0.0,1.607451601388399,0.0582254091812473,0.1749676688574508,-13.083310813418723,-1.0000007932831068e-08,38.354010220005065,1e-08,33.27781044433017,screened_water_cap_0.00,equal_site_portfolio,hub_policy_compliant,central,factorial_005,portfolio_mean,central,gentd26_hourly_service_demand.csv,gentd26_aligned_regional_hourly_cef.csv,capacity_scenarios.csv,energy_calibration_bounds.csv,trace_timestamp_anonymized,single_row_default,0.3,20.0,carbon,211.9472222222222,211.94722220222215,2e-08,0.9999999999056368,0.3000000000283089,56.92722900944693,70.30512782658639,33.33603585351142,48.50199911869173,0.0,0.0,0.0,,,1e-08,True,True,0,0,4.440892098500626e-16,0.0,0.0,0.0,1e-08,0.9475833333333334,0,0.0,554,3,0.0,0.0,148.36305553555553,0.0,0.0,63.5841666666667
spatial_wue_coarse,0.25,0.4018629003470997,1.607451601388399,0.2500000000000001,1.2055887010412991,0.0239713630847262,0.0720340754534643,-13.172621020878218,-1.0000007932831068e-08,38.354010220005065,1e-08,33.27781044433017,screened_water_cap_0.25,equal_site_portfolio,hub_policy_compliant,central,factorial_005,portfolio_mean,central,gentd26_hourly_service_demand.csv,gentd26_aligned_regional_hourly_cef.csv,capacity_scenarios.csv,energy_calibration_bounds.csv,trace_timestamp_anonymized,single_row_default,0.3,20.0,carbon,211.9472222222222,211.94722220222215,2e-08,0.9999999999056368,0.3000000000283089,56.92722900944693,70.30512782658639,33.3017818074149,47.22352683074003,0.4018629003470999,0.0085098027893483,0.0,,,1e-08,True,True,0,685,4.440892098500626e-16,0.0,0.0,0.0,1e-08,0.9475833333333334,0,0.0,554,3,-1.6653345369377348e-16,1.6653345369377348e-16,148.36305553555553,2.659583333333333,0.4684661231884061,60.45611721014495
spatial_wue_coarse,0.5,0.8037258006941995,1.607451601388399,0.5,0.8037258006941995,0.0074468547581361,0.0223778387421047,-13.215705194428262,-1.0000007932831068e-08,38.354010220005065,1e-08,33.27781044433017,screened_water_cap_0.50,equal_site_portfolio,hub_policy_compliant,central,factorial_005,portfolio_mean,central,gentd26_hourly_service_demand.csv,gentd26_aligned_regional_hourly_cef.csv,capacity_scenarios.csv,energy_calibration_bounds.csv,trace_timestamp_anonymized,single_row_default,0.3,20.0,carbon,211.9472222222222,211.94722220222215,2e-08,0.9999999999056368,0.3000000000283089,56.92722900944693,70.30512782658639,33.28525729908831,46.84057724587059,0.8037258006941995,0.0171587509794204,0.0,,,1e-08,True,True,0,682,4.440892098500626e-16,0.0,0.0,0.0,1e-08,0.9475833333333334,0,0.0,554,3,0.0,0.0,148.36305553555553,2.892416666666666,1.6966105072463766,58.99513949275365
spatial_wue_coarse,0.75,1.2055887010412991,1.607451601388399,0.7499999999999999,0.4018629003470999,0.0013964803023469,0.0041964308459707,-13.231480270935482,-1.0000007932831068e-08,38.354010220005065,1e-08,33.27781044433017,screened_water_cap_0.75,equal_site_portfolio,hub_policy_compliant,central,factorial_005,portfolio_mean,central,gentd26_hourly_service_demand.csv,gentd26_aligned_regional_hourly_cef.csv,capacity_scenarios.csv,energy_calibration_bounds.csv,trace_timestamp_anonymized,single_row_default,0.3,20.0,carbon,211.9472222222222,211.94722220222215,2e-08,0.9999999999056368,0.3000000000283089,56.92722900944693,70.30512782658639,33.27920692463252,46.31410075626974,1.2055887010412991,0.0260307051492971,0.0,,,1e-08,True,True,0,687,4.440892098500626e-16,0.0,0.0,0.0,1e-08,0.9475833333333334,0,0.0,554,3,2.220446049250313e-16,0.0,148.36305553555553,3.5141892361111102,2.8030000000000004,57.26697743055557
spatial_wue_coarse,1.0,1.607451601388399,1.607451601388399,1.0,0.0,0.0,0.0,-13.23512129906874,-1.0000007932831068e-08,38.354010220005065,1e-08,33.27781044433017,screened_water_cap_1.00,equal_site_portfolio,hub_policy_compliant,central,factorial_005,portfolio_mean,central,gentd26_hourly_service_demand.csv,gentd26_aligned_regional_hourly_cef.csv,capacity_scenarios.csv,energy_calibration_bounds.csv,trace_timestamp_anonymized,single_row_default,0.3,20.0,carbon,211.9472222222222,211.94722220222215,2e-08,0.9999999999056368,0.300000000028309,56.92722900944693,70.30512782658639,33.27781044433017,45.89198172713918,1.607451601388399,0.0350268508983955,0.0,,,1e-08,True,True,0,683,4.440892098500626e-16,0.0,5.551115123125783e-17,0.0,1e-08,0.9475833333333334,0,-5.551115123125783e-17,554,3,0.0,0.0,148.36305553555553,3.853166666666666,3.997916666666667,55.73308333333334
spatial_wue_coarse,0.0,0.0,2.5201871776671005,0.0,2.5201871776671005,0.0582254091812473,0.1749676688574508,-13.083310813418723,-1.0000007932831068e-08,38.354010220005065,1e-08,33.27781044433017,screened_water_cap_0.00,equal_site_portfolio,hub_policy_compliant,central,factorial_006,portfolio_mean,central,gentd26_hourly_service_demand.csv,gentd26_aligned_regional_hourly_cef.csv,capacity_scenarios.csv,energy_calibration_bounds.csv,trace_timestamp_anonymized,single_row_default,0.3,20.0,carbon,211.9472222222222,211.94722220222215,2e-08,0.9999999999056368,0.3000000000283089,56.92722900944693,70.30512782658639,33.33603585351142,20.49380244340089,0.0,0.0,0.0,,,1e-08,True,True,0,0,4.440892098500626e-16,0.0,0.0,0.0,1e-08,0.9475833333333334,0,0.0,554,3,0.0,0.0,148.36305553555553,0.0,0.0,63.5841666666667
spatial_wue_coarse,0.25,0.6300467944167751,2.5201871776671005,0.2500000000000001,1.8901403832503247,0.0204451872975539,0.061437898180694,-13.181814781235856,-1.0000007932831068e-08,38.354010220005065,1e-08,33.27781044433017,screened_water_cap_0.25,equal_site_portfolio,hub_policy_compliant,central,factorial_006,portfolio_mean,central,gentd26_hourly_service_demand.csv,gentd26_aligned_regional_hourly_cef.csv,capacity_scenarios.csv,energy_calibration_bounds.csv,trace_timestamp_anonymized,single_row_default,0.3,20.0,carbon,211.9472222222222,211.94722220222215,2e-08,0.9999999999056368,0.3000000000283089,56.92722900944693,70.30512782658639,33.298255631627725,20.7706864519431,0.6300467944167754,0.030333460373325,0.0,,,1e-08,True,True,0,678,4.440892098500626e-16,0.0,0.0,0.0,1e-08,0.9475833333333334,0,0.0,554,3,-2.220446049250313e-16,2.220446049250313e-16,148.36305553555553,3.023833333333333,0.6285816666666666,59.93175166666669
spatial_wue_coarse,0.5,1.2600935888335505,2.5201871776671005,0.5,1.2600935888335505,0.0058323095742167,0.0175261217500333,-13.219914780791353,-1.0000007932831068e-08,38.354010220005065,1e-08,33.27781044433017,screened_water_cap_0.50,equal_site_portfolio,hub_policy_compliant,central,factorial_006,portfolio_mean,central,gentd26_hourly_service_demand.csv,gentd26_aligned_regional_hourly_cef.csv,capacity_scenarios.csv,energy_calibration_bounds.csv,trace_timestamp_anonymized,single_row_default,0.3,20.0,carbon,211.9472222222222,211.94722220222215,2e-08,0.9999999999056368,0.3000000000283089,56.92722900944693,70.30512782658639,33.28364275390439,21.28571262955615,1.2600935888335505,0.0591990322693662,0.0,,,1e-08,True,True,0,689,4.440892098500626e-16,0.0,0.0,0.0,1e-08,0.9475833333333334,0,0.0,554,3,0.0,0.0,148.36305553555553,3.0441666666666665,1.797793333333333,58.74220666666668
spatial_wue_coarse,0.75,1.8901403832503252,2.5201871776671005,0.75,0.6300467944167751,0.0011942248641645,0.0035886521625672,-13.232007609372898,-1.0000007932831068e-08,38.354010220005065,1e-08,33.27781044433017,screened_water_cap_0.75,equal_site_portfolio,hub_policy_compliant,central,factorial_006,portfolio_mean,central,gentd26_hourly_service_demand.csv,gentd26_aligned_regional_hourly_cef.csv,capacity_scenarios.csv,energy_calibration_bounds.csv,trace_timestamp_anonymized,single_row_default,0.3,20.0,carbon,211.9472222222222,211.94722220222215,2e-08,0.9999999999056368,0.300000000028309,56.92722900944693,70.30512782658639,33.279004669194336,21.73820683091687,1.8901403832503252,0.086950151774345,0.0,,,1e-08,True,True,0,690,4.440892098500626e-16,0.0,0.0,0.0,1e-08,0.9475833333333334,0,0.0,554,3,0.0,0.0,148.36305553555553,3.853166666666666,2.8250450000000003,56.905955000000006
spatial_wue_coarse,1.0,2.5201871776671005,2.5201871776671005,1.0000000000000004,-8.881784197001252e-16,0.0,0.0,-13.23512129906874,-1.0000007932831068e-08,38.354010220005065,1e-08,33.27781044433017,screened_water_cap_1.00,equal_site_portfolio,hub_policy_compliant,central,factorial_006,portfolio_mean,central,gentd26_hourly_service_demand.csv,gentd26_aligned_regional_hourly_cef.csv,capacity_scenarios.csv,energy_calibration_bounds.csv,trace_timestamp_anonymized,single_row_default,0.3,20.0,carbon,211.9472222222222,211.94722220222215,2e-08,0.9999999999056368,0.300000000028309,56.92722900944693,70.30512782658639,33.27781044433017,22.25484520233863,2.520187177667101,0.1132421796131958,0.0,,,1e-08,True,True,0,682,4.440892098500626e-16,0.0,9.43689570931383e-16,0.0,1e-08,0.9475833333333334,0,-9.43689570931383e-16,554,3,-8.881784197001252e-16,8.881784197001252e-16,148.36305553555553,3.853166666666666,3.997916666666668,55.73308333333334
spatial_wue_coarse,0.0,0.0,2.5201871776671005,0.0,2.5201871776671005,0.0582254091812473,0.1749676688574508,-13.083310813418723,-1.0000007932831068e-08,38.354010220005065,1e-08,33.27781044433017,screened_water_cap_0.00,equal_site_portfolio,hub_policy_compliant,central,factorial_007,portfolio_mean,central,gentd26_hourly_service_demand.csv,gentd26_aligned_regional_hourly_cef.csv,capacity_scenarios.csv,energy_calibration_bounds.csv,trace_timestamp_anonymized,single_row_default,0.3,20.0,carbon,211.9472222222222,211.94722220222215,2e-08,0.9999999999056368,0.3000000000283089,56.92722900944693,70.30512782658639,33.33603585351142,33.98555571991294,0.0,0.0,0.0,,,1e-08,True,True,0,0,4.440892098500626e-16,0.0,0.0,0.0,1e-08,0.9475833333333334,0,0.0,554,3,0.0,0.0,148.36305553555553,0.0,0.0,63.5841666666667
spatial_wue_coarse,0.25,0.6300467944167751,2.5201871776671005,0.2500000000000001,1.8901403832503247,0.0204451872975539,0.061437898180694,-13.181814781235856,-1.0000007932831068e-08,38.354010220005065,1e-08,33.27781044433017,screened_water_cap_0.25,equal_site_portfolio,hub_policy_compliant,central,factorial_007,portfolio_mean,central,gentd26_hourly_service_demand.csv,gentd26_aligned_regional_hourly_cef.csv,capacity_scenarios.csv,energy_calibration_bounds.csv,trace_timestamp_anonymized,single_row_default,0.3,20.0,carbon,211.9472222222222,211.94722220222215,2e-08,0.9999999999056368,0.3000000000283089,56.92722900944693,70.30512782658639,33.298255631627725,33.48744361500816,0.6300467944167754,0.0188144189702914,0.0,,,1e-08,True,True,0,678,4.440892098500626e-16,0.0,0.0,0.0,1e-08,0.9475833333333334,0,0.0,554,3,-2.220446049250313e-16,2.220446049250313e-16,148.36305553555553,3.023833333333333,0.6285816666666666,59.93175166666669
spatial_wue_coarse,0.5,1.2600935888335505,2.5201871776671005,0.5,1.2600935888335505,0.0058323095742167,0.0175261217500333,-13.219914780791353,-1.0000007932831068e-08,38.354010220005065,1e-08,33.27781044433017,screened_water_cap_0.50,equal_site_portfolio,hub_policy_compliant,central,factorial_007,portfolio_mean,central,gentd26_hourly_service_demand.csv,gentd26_aligned_regional_hourly_cef.csv,capacity_scenarios.csv,energy_calibration_bounds.csv,trace_timestamp_anonymized,single_row_default,0.3,20.0,carbon,211.9472222222222,211.94722220222215,2e-08,0.9999999999056368,0.3000000000283089,56.92722900944693,70.30512782658639,33.28364275390439,33.75006343907971,1.2600935888335505,0.0373360361561415,0.0,,,1e-08,True,True,0,689,4.440892098500626e-16,0.0,0.0,0.0,1e-08,0.9475833333333334,0,0.0,554,3,0.0,0.0,148.36305553555553,3.0441666666666665,1.797793333333333,58.74220666666668
spatial_wue_coarse,0.75,1.8901403832503252,2.5201871776671005,0.75,0.6300467944167751,0.0011942248641645,0.0035886521625672,-13.232007609372898,-1.0000007932831068e-08,38.354010220005065,1e-08,33.27781044433017,screened_water_cap_0.75,equal_site_portfolio,hub_policy_compliant,central,factorial_007,portfolio_mean,central,gentd26_hourly_service_demand.csv,gentd26_aligned_regional_hourly_cef.csv,capacity_scenarios.csv,energy_calibration_bounds.csv,trace_timestamp_anonymized,single_row_default,0.3,20.0,carbon,211.9472222222222,211.94722220222215,2e-08,0.9999999999056368,0.300000000028309,56.92722900944693,70.30512782658639,33.279004669194336,33.81292833901187,1.8901403832503252,0.0558999316563056,0.0,,,1e-08,True,True,0,690,4.440892098500626e-16,0.0,0.0,0.0,1e-08,0.9475833333333334,0,0.0,554,3,0.0,0.0,148.36305553555553,3.853166666666666,2.8250450000000003,56.905955000000006
spatial_wue_coarse,1.0,2.5201871776671005,2.5201871776671005,1.0000000000000004,-8.881784197001252e-16,0.0,0.0,-13.23512129906874,-1.0000007932831068e-08,38.354010220005065,1e-08,33.27781044433017,screened_water_cap_1.00,equal_site_portfolio,hub_policy_compliant,central,factorial_007,portfolio_mean,central,gentd26_hourly_service_demand.csv,gentd26_aligned_regional_hourly_cef.csv,capacity_scenarios.csv,energy_calibration_bounds.csv,trace_timestamp_anonymized,single_row_default,0.3,20.0,carbon,211.9472222222222,211.94722220222215,2e-08,0.9999999999056368,0.300000000028309,56.92722900944693,70.30512782658639,33.27781044433017,34.080698226639,2.520187177667101,0.0739476392445859,0.0,,,1e-08,True,True,0,682,4.440892098500626e-16,0.0,9.43689570931383e-16,0.0,1e-08,0.9475833333333334,0,-9.43689570931383e-16,554,3,-8.881784197001252e-16,8.881784197001252e-16,148.36305553555553,3.853166666666666,3.997916666666668,55.73308333333334
spatial_wue_coarse,0.0,0.0,2.5201871776671005,0.0,2.5201871776671005,0.0582254091812473,0.1749676688574508,-13.083310813418723,-1.0000007932831068e-08,38.354010220005065,1e-08,33.27781044433017,screened_water_cap_0.00,equal_site_portfolio,hub_policy_compliant,central,factorial_008,portfolio_mean,central,gentd26_hourly_service_demand.csv,gentd26_aligned_regional_hourly_cef.csv,capacity_scenarios.csv,energy_calibration_bounds.csv,trace_timestamp_anonymized,single_row_default,0.3,20.0,carbon,211.9472222222222,211.94722220222215,2e-08,0.9999999999056368,0.3000000000283089,56.92722900944693,70.30512782658639,33.33603585351142,48.50199911869173,0.0,0.0,0.0,,,1e-08,True,True,0,0,4.440892098500626e-16,0.0,0.0,0.0,1e-08,0.9475833333333334,0,0.0,554,3,0.0,0.0,148.36305553555553,0.0,0.0,63.5841666666667
spatial_wue_coarse,0.25,0.6300467944167751,2.5201871776671005,0.2500000000000001,1.8901403832503247,0.0204451872975539,0.061437898180694,-13.181814781235856,-1.0000007932831068e-08,38.354010220005065,1e-08,33.27781044433017,screened_water_cap_0.25,equal_site_portfolio,hub_policy_compliant,central,factorial_008,portfolio_mean,central,gentd26_hourly_service_demand.csv,gentd26_aligned_regional_hourly_cef.csv,capacity_scenarios.csv,energy_calibration_bounds.csv,trace_timestamp_anonymized,single_row_default,0.3,20.0,carbon,211.9472222222222,211.94722220222215,2e-08,0.9999999999056368,0.3000000000283089,56.92722900944693,70.30512782658639,33.298255631627725,47.170030436027545,0.6300467944167754,0.0133569299954396,0.0,,,1e-08,True,True,0,678,4.440892098500626e-16,0.0,0.0,0.0,1e-08,0.9475833333333334,0,0.0,554,3,-2.220446049250313e-16,2.220446049250313e-16,148.36305553555553,3.023833333333333,0.6285816666666666,59.93175166666669
spatial_wue_coarse,0.5,1.2600935888335505,2.5201871776671005,0.5,1.2600935888335505,0.0058323095742167,0.0175261217500333,-13.219914780791353,-1.0000007932831068e-08,38.354010220005065,1e-08,33.27781044433017,screened_water_cap_0.50,equal_site_portfolio,hub_policy_compliant,central,factorial_008,portfolio_mean,central,gentd26_hourly_service_demand.csv,gentd26_aligned_regional_hourly_cef.csv,capacity_scenarios.csv,energy_calibration_bounds.csv,trace_timestamp_anonymized,single_row_default,0.3,20.0,carbon,211.9472222222222,211.94722220222215,2e-08,0.9999999999056368,0.3000000000283089,56.92722900944693,70.30512782658639,33.28364275390439,47.16107380375696,1.2600935888335505,0.0267189333745231,0.0,,,1e-08,True,True,0,689,4.440892098500626e-16,0.0,0.0,0.0,1e-08,0.9475833333333334,0,0.0,554,3,0.0,0.0,148.36305553555553,3.0441666666666665,1.797793333333333,58.74220666666668
spatial_wue_coarse,0.75,1.8901403832503252,2.5201871776671005,0.75,0.6300467944167751,0.0011942248641645,0.0035886521625672,-13.232007609372898,-1.0000007932831068e-08,38.354010220005065,1e-08,33.27781044433017,screened_water_cap_0.75,equal_site_portfolio,hub_policy_compliant,central,factorial_008,portfolio_mean,central,gentd26_hourly_service_demand.csv,gentd26_aligned_regional_hourly_cef.csv,capacity_scenarios.csv,energy_calibration_bounds.csv,trace_timestamp_anonymized,single_row_default,0.3,20.0,carbon,211.9472222222222,211.94722220222215,2e-08,0.9999999999056368,0.300000000028309,56.92722900944693,70.30512782658639,33.279004669194336,46.80471730341789,1.8901403832503252,0.0403835444832886,0.0,,,1e-08,True,True,0,690,4.440892098500626e-16,0.0,0.0,0.0,1e-08,0.9475833333333334,0,0.0,554,3,0.0,0.0,148.36305553555553,3.853166666666666,2.8250450000000003,56.905955000000006
spatial_wue_coarse,1.0,2.5201871776671005,2.5201871776671005,1.0000000000000004,-8.881784197001252e-16,0.0,0.0,-13.23512129906874,-1.0000007932831068e-08,38.354010220005065,1e-08,33.27781044433017,screened_water_cap_1.00,equal_site_portfolio,hub_policy_compliant,central,factorial_008,portfolio_mean,central,gentd26_hourly_service_demand.csv,gentd26_aligned_regional_hourly_cef.csv,capacity_scenarios.csv,energy_calibration_bounds.csv,trace_timestamp_anonymized,single_row_default,0.3,20.0,carbon,211.9472222222222,211.94722220222215,2e-08,0.9999999999056368,0.300000000028309,56.92722900944693,70.30512782658639,33.27781044433017,46.80471730341789,2.520187177667101,0.0538447259777181,0.0,,,1e-08,True,True,0,682,4.440892098500626e-16,0.0,9.43689570931383e-16,0.0,1e-08,0.9475833333333334,0,-9.43689570931383e-16,554,3,-8.881784197001252e-16,8.881784197001252e-16,148.36305553555553,3.853166666666666,3.997916666666668,55.73308333333334
spatial_wue_coarse,0.0,0.0,1.5767374882820158,0.0,1.5767374882820158,0.0582254091812473,0.1749676688574508,-13.083310813418723,-1.0000007932831068e-08,38.354010220005065,1e-08,33.27781044433017,screened_water_cap_0.00,equal_site_portfolio,hub_policy_compliant,central,factorial_009,portfolio_mean,central,gentd26_hourly_service_demand.csv,gentd26_aligned_regional_hourly_cef.csv,capacity_scenarios.csv,energy_calibration_bounds.csv,trace_timestamp_anonymized,single_row_default,0.3,20.0,carbon,211.9472222222222,211.94722220222215,2e-08,0.9999999999056368,0.3000000000283089,56.92722900944693,70.30512782658639,33.33603585351142,20.49380244340089,0.0,0.0,0.0,,,1e-08,True,True,0,0,4.440892098500626e-16,0.0,0.0,0.0,1e-08,0.9475833333333334,0,0.0,554,3,0.0,0.0,148.36305553555553,0.0,0.0,63.5841666666667
spatial_wue_coarse,0.25,0.3941843720705039,1.5767374882820158,0.2499999999999999,1.182553116211512,0.0217662157126738,0.065407595698308,-13.178370477999923,-1.0000007932831068e-08,38.354010220005065,1e-08,33.27781044433017,screened_water_cap_0.25,equal_site_portfolio,hub_policy_compliant,central,factorial_009,portfolio_mean,central,gentd26_hourly_service_demand.csv,gentd26_aligned_regional_hourly_cef.csv,capacity_scenarios.csv,energy_calibration_bounds.csv,trace_timestamp_anonymized,single_row_default,0.3,20.0,carbon,211.9472222222222,211.94722220222215,2e-08,0.9999999999056368,0.3000000000283089,56.92722900944693,70.30512782658639,33.299576660042845,20.629600092225296,0.3941843720705038,0.019107707871616,0.0,,,1e-08,True,True,0,678,4.440892098500626e-16,0.0,0.0,0.0,1e-08,0.9475833333333334,0,0.0,554,3,1.1102230246251563e-16,0.0,148.36305553555553,0.6399894927536229,2.03225,60.91192717391307
spatial_wue_coarse,0.5,0.7883687441410079,1.5767374882820158,0.5,0.7883687441410079,0.0085970239226114,0.0258341032893127,-13.2127063706863,-9.999979511121636e-09,38.354010220005065,1e-08,33.27781044433017,screened_water_cap_0.50,equal_site_portfolio,hub_policy_compliant,central,factorial_009,portfolio_mean,central,gentd26_hourly_service_demand.csv,gentd26_aligned_regional_hourly_cef.csv,capacity_scenarios.csv,energy_calibration_bounds.csv,trace_timestamp_anonymized,single_row_default,0.3,20.0,carbon,211.9472222222222,211.9472222022222,2e-08,0.9999999999056368,0.3000000000283089,56.92722900944693,70.30512782658639,33.28640746825278,20.85439709428085,0.7883687441410079,0.0378034781143211,0.0,,,1e-08,True,True,0,681,4.440892098500626e-16,0.0,0.0,0.0,1e-08,0.9475833333333334,0,0.0,554,3,0.0,0.0,148.36305553555553,1.699416666666667,2.7246296296296286,59.16012037037039
spatial_wue_coarse,0.75,1.182553116211512,1.5767374882820158,0.7500000000000001,0.3941843720705038,0.0020286516806464,0.0060961092498645,-13.229832017272637,-1.0000007932831068e-08,38.354010220005065,1e-08,33.27781044433017,screened_water_cap_0.75,equal_site_portfolio,hub_policy_compliant,central,factorial_009,portfolio_mean,central,gentd26_hourly_service_demand.csv,gentd26_aligned_regional_hourly_cef.csv,capacity_scenarios.csv,energy_calibration_bounds.csv,trace_timestamp_anonymized,single_row_default,0.3,20.0,carbon,211.9472222222222,211.94722220222215,2e-08,0.9999999999056368,0.3000000000283089,56.92722900944693,70.30512782658639,33.27983909601082,21.10753655497801,1.182553116211512,0.0560251601664343,0.0,,,1e-08,True,True,0,686,4.440892098500626e-16,0.0,0.0,0.0,1e-08,0.9475833333333334,0,0.0,554,3,0.0,0.0,148.36305553555553,2.892416666666666,2.9903182870370384,57.70143171296298
spatial_wue_coarse,1.0,1.5767374882820158,1.5767374882820158,1.0,0.0,0.0,0.0,-13.23512129906874,-1.0000007932831068e-08,38.354010220005065,1e-08,33.27781044433017,screened_water_cap_1.00,equal_site_portfolio,hub_policy_compliant,central,factorial_009,portfolio_mean,central,gentd26_hourly_service_demand.csv,gentd26_aligned_regional_hourly_cef.csv,capacity_scenarios.csv,energy_calibration_bounds.csv,trace_timestamp_anonymized,single_row_default,0.3,20.0,carbon,211.9472222222222,211.94722220222215,2e-08,0.9999999999056368,0.3000000000283089,56.92722900944693,70.30512782658639,33.27781044433017,21.311395512953546,1.5767374882820158,0.0739856518229244,0.0,,,1e-08,True,True,0,691,4.440892098500626e-16,0.0,0.0,0.0,1e-08,0.9475833333333334,0,0.0,554,3,0.0,0.0,148.36305553555553,3.8531666666666657,3.997916666666667,55.73308333333334
spatial_wue_coarse,0.0,0.0,1.5767374882820158,0.0,1.5767374882820158,0.0582254091812473,0.1749676688574508,-13.083310813418723,-1.0000007932831068e-08,38.354010220005065,1e-08,33.27781044433017,screened_water_cap_0.00,equal_site_portfolio,hub_policy_compliant,central,factorial_010,portfolio_mean,central,gentd26_hourly_service_demand.csv,gentd26_aligned_regional_hourly_cef.csv,capacity_scenarios.csv,energy_calibration_bounds.csv,trace_timestamp_anonymized,single_row_default,0.3,20.0,carbon,211.9472222222222,211.94722220222215,2e-08,0.9999999999056368,0.3000000000283089,56.92722900944693,70.30512782658639,33.33603585351142,33.98555571991294,0.0,0.0,0.0,,,1e-08,True,True,0,0,4.440892098500626e-16,0.0,0.0,0.0,1e-08,0.9475833333333334,0,0.0,554,3,0.0,0.0,148.36305553555553,0.0,0.0,63.5841666666667
spatial_wue_coarse,0.25,0.3941843720705039,1.5767374882820158,0.2499999999999999,1.182553116211512,0.0217662157126738,0.065407595698308,-13.178370477999923,-1.0000007932831068e-08,38.354010220005065,1e-08,33.27781044433017,screened_water_cap_0.25,equal_site_portfolio,hub_policy_compliant,central,factorial_010,portfolio_mean,central,gentd26_hourly_service_demand.csv,gentd26_aligned_regional_hourly_cef.csv,capacity_scenarios.csv,energy_calibration_bounds.csv,trace_timestamp_anonymized,single_row_default,0.3,20.0,carbon,211.9472222222222,211.94722220222215,2e-08,0.9999999999056368,0.3000000000283089,56.92722900944693,70.30512782658639,33.299576660042845,33.554338059391725,0.3941843720705038,0.011747642625904,0.0,,,1e-08,True,True,0,678,4.440892098500626e-16,0.0,0.0,0.0,1e-08,0.9475833333333334,0,0.0,554,3,1.1102230246251563e-16,0.0,148.36305553555553,0.6399894927536229,2.03225,60.91192717391307
spatial_wue_coarse,0.5,0.7883687441410079,1.5767374882820158,0.5,0.7883687441410079,0.0085970239226114,0.0258341032893127,-13.2127063706863,-9.999979511121636e-09,38.354010220005065,1e-08,33.27781044433017,screened_water_cap_0.50,equal_site_portfolio,hub_policy_compliant,central,factorial_010,portfolio_mean,central,gentd26_hourly_service_demand.csv,gentd26_aligned_regional_hourly_cef.csv,capacity_scenarios.csv,energy_calibration_bounds.csv,trace_timestamp_anonymized,single_row_default,0.3,20.0,carbon,211.9472222222222,211.9472222022222,2e-08,0.9999999999056368,0.3000000000283089,56.92722900944693,70.30512782658639,33.28640746825278,33.407423888358906,0.7883687441410079,0.0235986093023988,0.0,,,1e-08,True,True,0,681,4.440892098500626e-16,0.0,0.0,0.0,1e-08,0.9475833333333334,0,0.0,554,3,0.0,0.0,148.36305553555553,1.699416666666667,2.7246296296296286,59.16012037037039
spatial_wue_coarse,0.75,1.182553116211512,1.5767374882820158,0.7500000000000001,0.3941843720705038,0.0020286516806464,0.0060961092498645,-13.229832017272637,-1.0000007932831068e-08,38.354010220005065,1e-08,33.27781044433017,screened_water_cap_0.75,equal_site_portfolio,hub_policy_compliant,central,factorial_010,portfolio_mean,central,gentd26_hourly_service_demand.csv,gentd26_aligned_regional_hourly_cef.csv,capacity_scenarios.csv,energy_calibration_bounds.csv,trace_timestamp_anonymized,single_row_default,0.3,20.0,carbon,211.9472222222222,211.94722220222215,2e-08,0.9999999999056368,0.3000000000283089,56.92722900944693,70.30512782658639,33.27983909601082,33.351048126875696,1.182553116211512,0.035457749684891,0.0,,,1e-08,True,True,0,686,4.440892098500626e-16,0.0,0.0,0.0,1e-08,0.9475833333333334,0,0.0,554,3,0.0,0.0,148.36305553555553,2.892416666666666,2.9903182870370384,57.70143171296298
spatial_wue_coarse,1.0,1.5767374882820158,1.5767374882820158,1.0,0.0,0.0,0.0,-13.23512129906874,-1.0000007932831068e-08,38.354010220005065,1e-08,33.27781044433017,screened_water_cap_1.00,equal_site_portfolio,hub_policy_compliant,central,factorial_010,portfolio_mean,central,gentd26_hourly_service_demand.csv,gentd26_aligned_regional_hourly_cef.csv,capacity_scenarios.csv,energy_calibration_bounds.csv,trace_timestamp_anonymized,single_row_default,0.3,20.0,carbon,211.9472222222222,211.94722220222215,2e-08,0.9999999999056368,0.3000000000283089,56.92722900944693,70.30512782658639,33.27781044433017,33.13724853725391,1.5767374882820158,0.047582028016279,0.0,,,1e-08,True,True,0,691,4.440892098500626e-16,0.0,0.0,0.0,1e-08,0.9475833333333334,0,0.0,554,3,0.0,0.0,148.36305553555553,3.8531666666666657,3.997916666666667,55.73308333333334
spatial_wue_coarse,0.0,0.0,1.5767374882820158,0.0,1.5767374882820158,0.0582254091812473,0.1749676688574508,-13.083310813418723,-1.0000007932831068e-08,38.354010220005065,1e-08,33.27781044433017,screened_water_cap_0.00,equal_site_portfolio,hub_policy_compliant,central,factorial_011,portfolio_mean,central,gentd26_hourly_service_demand.csv,gentd26_aligned_regional_hourly_cef.csv,capacity_scenarios.csv,energy_calibration_bounds.csv,trace_timestamp_anonymized,single_row_default,0.3,20.0,carbon,211.9472222222222,211.94722220222215,2e-08,0.9999999999056368,0.3000000000283089,56.92722900944693,70.30512782658639,33.33603585351142,48.50199911869173,0.0,0.0,0.0,,,1e-08,True,True,0,0,4.440892098500626e-16,0.0,0.0,0.0,1e-08,0.9475833333333334,0,0.0,554,3,0.0,0.0,148.36305553555553,0.0,0.0,63.5841666666667
spatial_wue_coarse,0.25,0.3941843720705039,1.5767374882820158,0.2499999999999999,1.182553116211512,0.0217662157126738,0.065407595698308,-13.178370477999923,-1.0000007932831068e-08,38.354010220005065,1e-08,33.27781044433017,screened_water_cap_0.25,equal_site_portfolio,hub_policy_compliant,central,factorial_011,portfolio_mean,central,gentd26_hourly_service_demand.csv,gentd26_aligned_regional_hourly_cef.csv,capacity_scenarios.csv,energy_calibration_bounds.csv,trace_timestamp_anonymized,single_row_default,0.3,20.0,carbon,211.9472222222222,211.94722220222215,2e-08,0.9999999999056368,0.3000000000283089,56.92722900944693,70.30512782658639,33.299576660042845,47.460701694950544,0.3941843720705038,0.008305489762964,0.0,,,1e-08,True,True,0,678,4.440892098500626e-16,0.0,0.0,0.0,1e-08,0.9475833333333334,0,0.0,554,3,1.1102230246251563e-16,0.0,148.36305553555553,0.6399894927536229,2.03225,60.91192717391307
spatial_wue_coarse,0.5,0.7883687441410079,1.5767374882820158,0.5,0.7883687441410079,0.0085970239226114,0.0258341032893127,-13.2127063706863,-9.999979511121636e-09,38.354010220005065,1e-08,33.27781044433017,screened_water_cap_0.50,equal_site_portfolio,hub_policy_compliant,central,factorial_011,portfolio_mean,central,gentd26_hourly_service_demand.csv,gentd26_aligned_regional_hourly_cef.csv,capacity_scenarios.csv,energy_calibration_bounds.csv,trace_timestamp_anonymized,single_row_default,0.3,20.0,carbon,211.9472222222222,211.9472222022222,2e-08,0.9999999999056368,0.3000000000283089,56.92722900944693,70.30512782658639,33.28640746825278,46.91384512249353,0.7883687441410079,0.0168046072983903,0.0,,,1e-08,True,True,0,681,4.440892098500626e-16,0.0,0.0,0.0,1e-08,0.9475833333333334,0,0.0,554,3,0.0,0.0,148.36305553555553,1.699416666666667,2.7246296296296286,59.16012037037039
spatial_wue_coarse,0.75,1.182553116211512,1.5767374882820158,0.7500000000000001,0.3941843720705038,0.0020286516806464,0.0060961092498645,-13.229832017272637,-1.0000007932831068e-08,38.354010220005065,1e-08,33.27781044433017,screened_water_cap_0.75,equal_site_portfolio,hub_policy_compliant,central,factorial_011,portfolio_mean,central,gentd26_hourly_service_demand.csv,gentd26_aligned_regional_hourly_cef.csv,capacity_scenarios.csv,energy_calibration_bounds.csv,trace_timestamp_anonymized,single_row_default,0.3,20.0,carbon,211.9472222222222,211.94722220222215,2e-08,0.9999999999056368,0.3000000000283089,56.92722900944693,70.30512782658639,33.27983909601082,46.524446653601046,1.182553116211512,0.0254178867513726,0.0,,,1e-08,True,True,0,686,4.440892098500626e-16,0.0,0.0,0.0,1e-08,0.9475833333333334,0,0.0,554,3,0.0,0.0,148.36305553555553,2.892416666666666,2.9903182870370384,57.70143171296298
spatial_wue_coarse,1.0,1.5767374882820158,1.5767374882820158,1.0,0.0,0.0,0.0,-13.23512129906874,-1.0000007932831068e-08,38.354010220005065,1e-08,33.27781044433017,screened_water_cap_1.00,equal_site_portfolio,hub_policy_compliant,central,factorial_011,portfolio_mean,central,gentd26_hourly_service_demand.csv,gentd26_aligned_regional_hourly_cef.csv,capacity_scenarios.csv,energy_calibration_bounds.csv,trace_timestamp_anonymized,single_row_default,0.3,20.0,carbon,211.9472222222222,211.94722220222215,2e-08,0.9999999999056368,0.3000000000283089,56.92722900944693,70.30512782658639,33.27781044433017,45.8612676140328,1.5767374882820158,0.0343805910807306,0.0,,,1e-08,True,True,0,691,4.440892098500626e-16,0.0,0.0,0.0,1e-08,0.9475833333333334,0,0.0,554,3,0.0,0.0,148.36305553555553,3.8531666666666657,3.997916666666667,55.73308333333334
spatial_wue_coarse,0.0,0.0,2.4250446709410443,0.0,2.4250446709410443,0.0582254091812473,0.1749676688574508,-13.083310813418723,-1.0000007932831068e-08,38.354010220005065,1e-08,33.27781044433017,screened_water_cap_0.00,equal_site_portfolio,hub_policy_compliant,central,factorial_012,portfolio_mean,central,gentd26_hourly_service_demand.csv,gentd26_aligned_regional_hourly_cef.csv,capacity_scenarios.csv,energy_calibration_bounds.csv,trace_timestamp_anonymized,single_row_default,0.3,20.0,carbon,211.9472222222222,211.94722220222215,2e-08,0.9999999999056368,0.3000000000283089,56.92722900944693,70.30512782658639,33.33603585351142,20.49380244340089,0.0,0.0,0.0,,,1e-08,True,True,0,0,4.440892098500626e-16,0.0,0.0,0.0,1e-08,0.9475833333333334,0,0.0,554,3,0.0,0.0,148.36305553555553,0.0,0.0,63.5841666666667
spatial_wue_coarse,0.25,0.6062611677352611,2.4250446709410443,0.25,1.818783503205783,0.0284743202674135,0.0855654860918431,-13.160880508851292,-1.0000007932831068e-08,38.354010220005065,1e-08,33.27781044433017,screened_water_cap_0.25,equal_site_portfolio,hub_policy_compliant,central,factorial_012,portfolio_mean,central,gentd26_hourly_service_demand.csv,gentd26_aligned_regional_hourly_cef.csv,capacity_scenarios.csv,energy_calibration_bounds.csv,trace_timestamp_anonymized,single_row_default,0.3,20.0,carbon,211.9472222222222,211.94722220222215,2e-08,0.9999999999056368,0.3000000000283089,56.92722900944693,70.30512782658639,33.306284764597585,20.910277506453816,0.6062611677352611,0.0289934539390088,0.0,,,1e-08,True,True,0,674,4.440892098500626e-16,0.0,0.0,0.0,1e-08,0.9475833333333334,0,0.0,554,3,0.0,0.0,148.36305553555553,0.9091041666666666,1.0536666666666663,61.62139583333336
spatial_wue_coarse,0.5,1.212522335470522,2.4250446709410443,0.5,1.212522335470522,0.0096719532950189,0.0290642718552724,-13.209903718848215,-1.0000007932831068e-08,38.354010220005065,1e-08,33.27781044433017,screened_water_cap_0.50,equal_site_portfolio,hub_policy_compliant,central,factorial_012,portfolio_mean,central,gentd26_hourly_service_demand.csv,gentd26_aligned_regional_hourly_cef.csv,capacity_scenarios.csv,energy_calibration_bounds.csv,trace_timestamp_anonymized,single_row_default,0.3,20.0,carbon,211.9472222222222,211.94722220222215,2e-08,0.9999999999056368,0.3000000000283089,56.92722900944693,70.30512782658639,33.28748239762519,21.32675256950673,1.212522335470522,0.0568545225776287,0.0,,,1e-08,True,True,0,681,4.440892098500626e-16,0.0,0.0,0.0,1e-08,0.9475833333333334,0,0.0,554,3,0.0,0.0,148.36305553555553,2.003625,1.9219166666666665,59.65862500000002
spatial_wue_coarse,0.75,1.818783503205783,2.4250446709410443,0.7499999999999997,0.6062611677352618,0.0017832854951365,0.0053587825380452,-13.230471757899764,-1.0000007932831068e-08,38.354010220005065,1e-08,33.27781044433017,screened_water_cap_0.75,equal_site_portfolio,hub_policy_compliant,central,factorial_012,portfolio_mean,central,gentd26_hourly_service_demand.csv,gentd26_aligned_regional_hourly_cef.csv,capacity_scenarios.csv,energy_calibration_bounds.csv,trace_timestamp_anonymized,single_row_default,0.3,20.0,carbon,211.9472222222222,211.94722220222215,2e-08,0.9999999999056368,0.3000000000283089,56.92722900944693,70.30512782658639,33.27959372982531,21.74322763255965,1.8187835032057824,0.0836482758650893,0.0,,,1e-08,True,True,0,684,4.440892098500626e-16,0.0,0.0,0.0,1e-08,0.9475833333333334,0,0.0,554,3,6.661338147750939e-16,0.0,148.36305553555553,3.0441666666666665,2.844145833333332,57.695854166666685
spatial_wue_coarse,1.0,2.4250446709410443,2.4250446709410443,1.0,0.0,0.0,0.0,-13.23512129906874,-1.0000007932831068e-08,38.354010220005065,1e-08,33.27781044433017,screened_water_cap_1.00,equal_site_portfolio,hub_policy_compliant,central,factorial_012,portfolio_mean,central,gentd26_hourly_service_demand.csv,gentd26_aligned_regional_hourly_cef.csv,capacity_scenarios.csv,energy_calibration_bounds.csv,trace_timestamp_anonymized,single_row_default,0.3,20.0,carbon,211.9472222222222,211.94722220222215,2e-08,0.9999999999056368,0.3000000000283089,56.92722900944693,70.30512782658639,33.27781044433017,22.159702695612573,2.4250446709410443,0.109434891986217,0.0,,,1e-08,True,True,0,683,4.440892098500626e-16,0.0,0.0,0.0,1e-08,0.9475833333333334,0,0.0,554,3,0.0,0.0,148.36305553555553,3.8531666666666657,3.997916666666667,55.73308333333334
spatial_wue_coarse,0.0,0.0,2.4250446709410443,0.0,2.4250446709410443,0.0582254091812473,0.1749676688574508,-13.083310813418723,-1.0000007932831068e-08,38.354010220005065,1e-08,33.27781044433017,screened_water_cap_0.00,equal_site_portfolio,hub_policy_compliant,central,factorial_013,portfolio_mean,central,gentd26_hourly_service_demand.csv,gentd26_aligned_regional_hourly_cef.csv,capacity_scenarios.csv,energy_calibration_bounds.csv,trace_timestamp_anonymized,single_row_default,0.3,20.0,carbon,211.9472222222222,211.94722220222215,2e-08,0.9999999999056368,0.3000000000283089,56.92722900944693,70.30512782658639,33.33603585351142,33.98555571991294,0.0,0.0,0.0,,,1e-08,True,True,0,0,4.440892098500626e-16,0.0,0.0,0.0,1e-08,0.9475833333333334,0,0.0,554,3,0.0,0.0,148.36305553555553,0.0,0.0,63.5841666666667
spatial_wue_coarse,0.25,0.6062611677352611,2.4250446709410443,0.25,1.818783503205783,0.0284743202674135,0.0855654860918431,-13.160880508851292,-1.0000007932831068e-08,38.354010220005065,1e-08,33.27781044433017,screened_water_cap_0.25,equal_site_portfolio,hub_policy_compliant,central,factorial_013,portfolio_mean,central,gentd26_hourly_service_demand.csv,gentd26_aligned_regional_hourly_cef.csv,capacity_scenarios.csv,energy_calibration_bounds.csv,trace_timestamp_anonymized,single_row_default,0.3,20.0,carbon,211.9472222222222,211.94722220222215,2e-08,0.9999999999056368,0.3000000000283089,56.92722900944693,70.30512782658639,33.306284764597585,33.98555571991294,0.6062611677352611,0.0178387893001272,0.0,,,1e-08,True,True,0,674,4.440892098500626e-16,0.0,0.0,0.0,1e-08,0.9475833333333334,0,0.0,554,3,0.0,0.0,148.36305553555553,0.9091041666666666,1.0536666666666663,61.62139583333336
spatial_wue_coarse,0.5,1.212522335470522,2.4250446709410443,0.5,1.212522335470522,0.0096719532950189,0.0290642718552724,-13.209903718848215,-1.0000007932831068e-08,38.354010220005065,1e-08,33.27781044433017,screened_water_cap_0.50,equal_site_portfolio,hub_policy_compliant,central,factorial_013,portfolio_mean,central,gentd26_hourly_service_demand.csv,gentd26_aligned_regional_hourly_cef.csv,capacity_scenarios.csv,energy_calibration_bounds.csv,trace_timestamp_anonymized,single_row_default,0.3,20.0,carbon,211.9472222222222,211.94722220222215,2e-08,0.9999999999056368,0.3000000000283089,56.92722900944693,70.30512782658639,33.28748239762519,33.98555571991294,1.212522335470522,0.0356775786002544,0.0,,,1e-08,True,True,0,681,4.440892098500626e-16,0.0,0.0,0.0,1e-08,0.9475833333333334,0,0.0,554,3,0.0,0.0,148.36305553555553,2.003625,1.9219166666666665,59.65862500000002
spatial_wue_coarse,0.75,1.818783503205783,2.4250446709410443,0.7499999999999997,0.6062611677352618,0.0017832854951365,0.0053587825380452,-13.230471757899764,-1.0000007932831068e-08,38.354010220005065,1e-08,33.27781044433017,screened_water_cap_0.75,equal_site_portfolio,hub_policy_compliant,central,factorial_013,portfolio_mean,central,gentd26_hourly_service_demand.csv,gentd26_aligned_regional_hourly_cef.csv,capacity_scenarios.csv,energy_calibration_bounds.csv,trace_timestamp_anonymized,single_row_default,0.3,20.0,carbon,211.9472222222222,211.94722220222215,2e-08,0.9999999999056368,0.3000000000283089,56.92722900944693,70.30512782658639,33.27959372982531,33.98555571991294,1.8187835032057824,0.0535163679003817,0.0,,,1e-08,True,True,0,684,4.440892098500626e-16,0.0,0.0,0.0,1e-08,0.9475833333333334,0,0.0,554,3,6.661338147750939e-16,0.0,148.36305553555553,3.0441666666666665,2.844145833333332,57.695854166666685
spatial_wue_coarse,1.0,2.4250446709410443,2.4250446709410443,1.0,0.0,0.0,0.0,-13.23512129906874,-1.0000007932831068e-08,38.354010220005065,1e-08,33.27781044433017,screened_water_cap_1.00,equal_site_portfolio,hub_policy_compliant,central,factorial_013,portfolio_mean,central,gentd26_hourly_service_demand.csv,gentd26_aligned_regional_hourly_cef.csv,capacity_scenarios.csv,energy_calibration_bounds.csv,trace_timestamp_anonymized,single_row_default,0.3,20.0,carbon,211.9472222222222,211.94722220222215,2e-08,0.9999999999056368,0.3000000000283089,56.92722900944693,70.30512782658639,33.27781044433017,33.98555571991294,2.4250446709410443,0.0713551572005089,0.0,,,1e-08,True,True,0,683,4.440892098500626e-16,0.0,0.0,0.0,1e-08,0.9475833333333334,0,0.0,554,3,0.0,0.0,148.36305553555553,3.8531666666666657,3.997916666666667,55.73308333333334
spatial_wue_coarse,0.0,0.0,2.4250446709410443,0.0,2.4250446709410443,0.0582254091812473,0.1749676688574508,-13.083310813418723,-1.0000007932831068e-08,38.354010220005065,1e-08,33.27781044433017,screened_water_cap_0.00,equal_site_portfolio,hub_policy_compliant,central,factorial_014,portfolio_mean,central,gentd26_hourly_service_demand.csv,gentd26_aligned_regional_hourly_cef.csv,capacity_scenarios.csv,energy_calibration_bounds.csv,trace_timestamp_anonymized,single_row_default,0.3,20.0,carbon,211.9472222222222,211.94722220222215,2e-08,0.9999999999056368,0.3000000000283089,56.92722900944693,70.30512782658639,33.33603585351142,48.50199911869173,0.0,0.0,0.0,,,1e-08,True,True,0,0,4.440892098500626e-16,0.0,0.0,0.0,1e-08,0.9475833333333334,0,0.0,554,3,0.0,0.0,148.36305553555553,0.0,0.0,63.5841666666667
spatial_wue_coarse,0.25,0.6062611677352611,2.4250446709410443,0.25,1.818783503205783,0.0284743202674135,0.0855654860918431,-13.160880508851292,-1.0000007932831068e-08,38.354010220005065,1e-08,33.27781044433017,screened_water_cap_0.25,equal_site_portfolio,hub_policy_compliant,central,factorial_014,portfolio_mean,central,gentd26_hourly_service_demand.csv,gentd26_aligned_regional_hourly_cef.csv,capacity_scenarios.csv,energy_calibration_bounds.csv,trace_timestamp_anonymized,single_row_default,0.3,20.0,carbon,211.9472222222222,211.94722220222215,2e-08,0.9999999999056368,0.3000000000283089,56.92722900944693,70.30512782658639,33.306284764597585,48.05389303819175,0.6062611677352611,0.012616275797955,0.0,,,1e-08,True,True,0,674,4.440892098500626e-16,0.0,0.0,0.0,1e-08,0.9475833333333334,0,0.0,554,3,0.0,0.0,148.36305553555553,0.9091041666666666,1.0536666666666663,61.62139583333336
spatial_wue_coarse,0.5,1.212522335470522,2.4250446709410443,0.5,1.212522335470522,0.0096719532950189,0.0290642718552724,-13.209903718848215,-1.0000007932831068e-08,38.354010220005065,1e-08,33.27781044433017,screened_water_cap_0.50,equal_site_portfolio,hub_policy_compliant,central,factorial_014,portfolio_mean,central,gentd26_hourly_service_demand.csv,gentd26_aligned_regional_hourly_cef.csv,capacity_scenarios.csv,energy_calibration_bounds.csv,trace_timestamp_anonymized,single_row_default,0.3,20.0,carbon,211.9472222222222,211.94722220222215,2e-08,0.9999999999056368,0.3000000000283089,56.92722900944693,70.30512782658639,33.28748239762519,47.60578695769178,1.212522335470522,0.0254700617920278,0.0,,,1e-08,True,True,0,681,4.440892098500626e-16,0.0,0.0,0.0,1e-08,0.9475833333333334,0,0.0,554,3,0.0,0.0,148.36305553555553,2.003625,1.9219166666666665,59.65862500000002
spatial_wue_coarse,0.75,1.818783503205783,2.4250446709410443,0.7499999999999997,0.6062611677352618,0.0017832854951365,0.0053587825380452,-13.230471757899764,-1.0000007932831068e-08,38.354010220005065,1e-08,33.27781044433017,screened_water_cap_0.75,equal_site_portfolio,hub_policy_compliant,central,factorial_014,portfolio_mean,central,gentd26_hourly_service_demand.csv,gentd26_aligned_regional_hourly_cef.csv,capacity_scenarios.csv,energy_calibration_bounds.csv,trace_timestamp_anonymized,single_row_default,0.3,20.0,carbon,211.9472222222222,211.94722220222215,2e-08,0.9999999999056368,0.3000000000283089,56.92722900944693,70.30512782658639,33.27959372982531,47.1576808771918,1.8187835032057824,0.038568128656332,0.0,,,1e-08,True,True,0,684,4.440892098500626e-16,0.0,0.0,0.0,1e-08,0.9475833333333334,0,0.0,554,3,6.661338147750939e-16,0.0,148.36305553555553,3.0441666666666665,2.844145833333332,57.695854166666685
spatial_wue_coarse,1.0,2.4250446709410443,2.4250446709410443,1.0,0.0,0.0,0.0,-13.23512129906874,-1.0000007932831068e-08,38.354010220005065,1e-08,33.27781044433017,screened_water_cap_1.00,equal_site_portfolio,hub_policy_compliant,central,factorial_014,portfolio_mean,central,gentd26_hourly_service_demand.csv,gentd26_aligned_regional_hourly_cef.csv,capacity_scenarios.csv,energy_calibration_bounds.csv,trace_timestamp_anonymized,single_row_default,0.3,20.0,carbon,211.9472222222222,211.94722220222215,2e-08,0.9999999999056368,0.3000000000283089,56.92722900944693,70.30512782658639,33.27781044433017,46.70957479669183,2.4250446709410443,0.0519175068815397,0.0,,,1e-08,True,True,0,683,4.440892098500626e-16,0.0,0.0,0.0,1e-08,0.9475833333333334,0,0.0,554,3,0.0,0.0,148.36305553555553,3.8531666666666657,3.997916666666667,55.73308333333334
spatial_wue_coarse,0.0,0.0,3.337780247219746,0.0,3.337780247219746,0.0582254091812473,0.1749676688574508,-13.083310813418723,-1.0000007932831068e-08,38.354010220005065,1e-08,33.27781044433017,screened_water_cap_0.00,equal_site_portfolio,hub_policy_compliant,central,factorial_015,portfolio_mean,central,gentd26_hourly_service_demand.csv,gentd26_aligned_regional_hourly_cef.csv,capacity_scenarios.csv,energy_calibration_bounds.csv,trace_timestamp_anonymized,single_row_default,0.3,20.0,carbon,211.9472222222222,211.94722220222215,2e-08,0.9999999999056368,0.3000000000283089,56.92722900944693,70.30512782658639,33.33603585351142,20.49380244340089,0.0,0.0,0.0,,,1e-08,True,True,0,0,4.440892098500626e-16,0.0,0.0,0.0,1e-08,0.9475833333333334,0,0.0,554,3,0.0,0.0,148.36305553555553,0.0,0.0,63.5841666666667
spatial_wue_coarse,0.25,0.8344450618049365,3.337780247219746,0.25,2.503335185414809,0.0277068948416285,0.0832593685452298,-13.162881408943315,-1.0000007932831068e-08,38.354010220005065,1e-08,33.27781044433017,screened_water_cap_0.25,equal_site_portfolio,hub_policy_compliant,central,factorial_015,portfolio_mean,central,gentd26_hourly_service_demand.csv,gentd26_aligned_regional_hourly_cef.csv,capacity_scenarios.csv,energy_calibration_bounds.csv,trace_timestamp_anonymized,single_row_default,0.3,20.0,carbon,211.9472222222222,211.94722220222215,2e-08,0.9999999999056368,0.3000000000283089,56.92722900944693,70.30512782658639,33.3055173391718,21.108210708530777,0.8344450618049367,0.0395317762043989,0.0,,,1e-08,True,True,0,678,4.440892098500626e-16,0.0,0.0,0.0,1e-08,0.9475833333333334,0,0.0,554,3,-2.220446049250313e-16,2.220446049250313e-16,148.36305553555553,1.699416666666667,0.5762072916666667,61.30854270833336
spatial_wue_coarse,0.5,1.668890123609873,3.337780247219746,0.5,1.668890123609873,0.0090974188037051,0.0273377926078621,-13.211401696473036,-1.0000007932831068e-08,38.354010220005065,1e-08,33.27781044433017,screened_water_cap_0.50,equal_site_portfolio,hub_policy_compliant,central,factorial_015,portfolio_mean,central,gentd26_hourly_service_demand.csv,gentd26_aligned_regional_hourly_cef.csv,capacity_scenarios.csv,energy_calibration_bounds.csv,trace_timestamp_anonymized,single_row_default,0.3,20.0,carbon,211.9472222222222,211.94722220222215,2e-08,0.9999999999056368,0.3000000000283089,56.92722900944693,70.30512782658639,33.28690786313388,21.77106299184953,1.668890123609873,0.0766563453624041,0.0,,,1e-08,True,True,0,680,4.440892098500626e-16,0.0,0.0,0.0,1e-08,0.9475833333333334,0,0.0,554,3,0.0,0.0,148.36305553555553,2.2199891304347816,1.83025,59.53392753623191
spatial_wue_coarse,0.75,2.5033351854148096,3.337780247219746,0.75,0.8344450618049364,0.0016325002627155,0.0049056721007634,-13.230864898621045,-1.0000007932831068e-08,38.354010220005065,1e-08,33.27781044433017,screened_water_cap_0.75,equal_site_portfolio,hub_policy_compliant,central,factorial_015,portfolio_mean,central,gentd26_hourly_service_demand.csv,gentd26_aligned_regional_hourly_cef.csv,capacity_scenarios.csv,energy_calibration_bounds.csv,trace_timestamp_anonymized,single_row_default,0.3,20.0,carbon,211.9472222222222,211.94722220222215,2e-08,0.9999999999056368,0.3000000000283089,56.92722900944693,70.30512782658639,33.27944294459289,22.41381165009376,2.5033351854148096,0.1116871697012024,0.0,,,1e-08,True,True,0,685,4.440892098500626e-16,0.0,0.0,0.0,1e-08,0.9475833333333334,0,0.0,554,3,0.0,0.0,148.36305553555553,3.229766304347827,2.8030000000000004,57.55140036231886
spatial_wue_coarse,1.0,3.337780247219746,3.337780247219746,1.0000000000000002,-8.881784197001252e-16,0.0,0.0,-13.23512129906874,-1.0000007932831068e-08,38.354010220005065,1e-08,33.27781044433017,screened_water_cap_1.00,equal_site_portfolio,hub_policy_compliant,central,factorial_015,portfolio_mean,central,gentd26_hourly_service_demand.csv,gentd26_aligned_regional_hourly_cef.csv,capacity_scenarios.csv,energy_calibration_bounds.csv,trace_timestamp_anonymized,single_row_default,0.3,20.0,carbon,211.9472222222222,211.94722220222215,2e-08,0.9999999999056368,0.300000000028309,56.92722900944693,70.30512782658639,33.27781044433017,23.072438271891272,3.337780247219747,0.1446652585169597,0.0,,,1e-08,True,True,0,686,4.440892098500626e-16,0.0,2.7131075164277267e-15,0.0,1e-08,0.9475833333333334,0,-2.7131075164277267e-15,554,3,-8.881784197001252e-16,8.881784197001252e-16,148.36305553555553,3.853166666666669,3.997916666666667,55.73308333333334
spatial_wue_coarse,0.0,0.0,3.337780247219746,0.0,3.337780247219746,0.0582254091812473,0.1749676688574508,-13.083310813418723,-1.0000007932831068e-08,38.354010220005065,1e-08,33.27781044433017,screened_water_cap_0.00,equal_site_portfolio,hub_policy_compliant,central,factorial_016,portfolio_mean,central,gentd26_hourly_service_demand.csv,gentd26_aligned_regional_hourly_cef.csv,capacity_scenarios.csv,energy_calibration_bounds.csv,trace_timestamp_anonymized,single_row_default,0.3,20.0,carbon,211.9472222222222,211.94722220222215,2e-08,0.9999999999056368,0.3000000000283089,56.92722900944693,70.30512782658639,33.33603585351142,33.98555571991294,0.0,0.0,0.0,,,1e-08,True,True,0,0,4.440892098500626e-16,0.0,0.0,0.0,1e-08,0.9475833333333334,0,0.0,554,3,0.0,0.0,148.36305553555553,0.0,0.0,63.5841666666667
spatial_wue_coarse,0.25,0.8344450618049365,3.337780247219746,0.25,2.503335185414809,0.0277068948416285,0.0832593685452298,-13.162881408943315,-1.0000007932831068e-08,38.354010220005065,1e-08,33.27781044433017,screened_water_cap_0.25,equal_site_portfolio,hub_policy_compliant,central,factorial_016,portfolio_mean,central,gentd26_hourly_service_demand.csv,gentd26_aligned_regional_hourly_cef.csv,capacity_scenarios.csv,energy_calibration_bounds.csv,trace_timestamp_anonymized,single_row_default,0.3,20.0,carbon,211.9472222222222,211.94722220222215,2e-08,0.9999999999056368,0.3000000000283089,56.92722900944693,70.30512782658639,33.3055173391718,34.11710545900589,0.8344450618049367,0.0244582607632872,0.0,,,1e-08,True,True,0,678,4.440892098500626e-16,0.0,0.0,0.0,1e-08,0.9475833333333334,0,0.0,554,3,-2.220446049250313e-16,2.220446049250313e-16,148.36305553555553,1.699416666666667,0.5762072916666667,61.30854270833336
spatial_wue_coarse,0.5,1.668890123609873,3.337780247219746,0.5,1.668890123609873,0.0090974188037051,0.0273377926078621,-13.211401696473036,-1.0000007932831068e-08,38.354010220005065,1e-08,33.27781044433017,screened_water_cap_0.50,equal_site_portfolio,hub_policy_compliant,central,factorial_016,portfolio_mean,central,gentd26_hourly_service_demand.csv,gentd26_aligned_regional_hourly_cef.csv,capacity_scenarios.csv,energy_calibration_bounds.csv,trace_timestamp_anonymized,single_row_default,0.3,20.0,carbon,211.9472222222222,211.94722220222215,2e-08,0.9999999999056368,0.3000000000283089,56.92722900944693,70.30512782658639,33.28690786313388,34.40340692286884,1.668890123609873,0.0485094434789979,0.0,,,1e-08,True,True,0,680,4.440892098500626e-16,0.0,0.0,0.0,1e-08,0.9475833333333334,0,0.0,554,3,0.0,0.0,148.36305553555553,2.2199891304347816,1.83025,59.53392753623191
spatial_wue_coarse,0.75,2.5033351854148096,3.337780247219746,0.75,0.8344450618049364,0.0016325002627155,0.0049056721007634,-13.230864898621045,-1.0000007932831068e-08,38.354010220005065,1e-08,33.27781044433017,screened_water_cap_0.75,equal_site_portfolio,hub_policy_compliant,central,factorial_016,portfolio_mean,central,gentd26_hourly_service_demand.csv,gentd26_aligned_regional_hourly_cef.csv,capacity_scenarios.csv,energy_calibration_bounds.csv,trace_timestamp_anonymized,single_row_default,0.3,20.0,carbon,211.9472222222222,211.94722220222215,2e-08,0.9999999999056368,0.3000000000283089,56.92722900944693,70.30512782658639,33.27944294459289,34.6254884732993,2.5033351854148096,0.0722974691705852,0.0,,,1e-08,True,True,0,685,4.440892098500626e-16,0.0,0.0,0.0,1e-08,0.9475833333333334,0,0.0,554,3,0.0,0.0,148.36305553555553,3.229766304347827,2.8030000000000004,57.55140036231886
spatial_wue_coarse,1.0,3.337780247219746,3.337780247219746,1.0000000000000002,-8.881784197001252e-16,0.0,0.0,-13.23512129906874,-1.0000007932831068e-08,38.354010220005065,1e-08,33.27781044433017,screened_water_cap_1.00,equal_site_portfolio,hub_policy_compliant,central,factorial_016,portfolio_mean,central,gentd26_hourly_service_demand.csv,gentd26_aligned_regional_hourly_cef.csv,capacity_scenarios.csv,energy_calibration_bounds.csv,trace_timestamp_anonymized,single_row_default,0.3,20.0,carbon,211.9472222222222,211.94722220222215,2e-08,0.9999999999056368,0.300000000028309,56.92722900944693,70.30512782658639,33.27781044433017,34.898291296191644,3.337780247219747,0.0956430851840585,0.0,,,1e-08,True,True,0,686,4.440892098500626e-16,0.0,2.7131075164277267e-15,0.0,1e-08,0.9475833333333334,0,-2.7131075164277267e-15,554,3,-8.881784197001252e-16,8.881784197001252e-16,148.36305553555553,3.853166666666669,3.997916666666667,55.73308333333334
spatial_wue_coarse,0.0,0.0,3.337780247219746,0.0,3.337780247219746,0.0582254091812473,0.1749676688574508,-13.083310813418723,-1.0000007932831068e-08,38.354010220005065,1e-08,33.27781044433017,screened_water_cap_0.00,equal_site_portfolio,hub_policy_compliant,central,factorial_017,portfolio_mean,central,gentd26_hourly_service_demand.csv,gentd26_aligned_regional_hourly_cef.csv,capacity_scenarios.csv,energy_calibration_bounds.csv,trace_timestamp_anonymized,single_row_default,0.3,20.0,carbon,211.9472222222222,211.94722220222215,2e-08,0.9999999999056368,0.3000000000283089,56.92722900944693,70.30512782658639,33.33603585351142,48.50199911869173,0.0,0.0,0.0,,,1e-08,True,True,0,0,4.440892098500626e-16,0.0,0.0,0.0,1e-08,0.9475833333333334,0,0.0,554,3,0.0,0.0,148.36305553555553,0.0,0.0,63.5841666666667
spatial_wue_coarse,0.25,0.8344450618049365,3.337780247219746,0.25,2.503335185414809,0.0277068948416285,0.0832593685452298,-13.162881408943315,-1.0000007932831068e-08,38.354010220005065,1e-08,33.27781044433017,screened_water_cap_0.25,equal_site_portfolio,hub_policy_compliant,central,factorial_017,portfolio_mean,central,gentd26_hourly_service_demand.csv,gentd26_aligned_regional_hourly_cef.csv,capacity_scenarios.csv,energy_calibration_bounds.csv,trace_timestamp_anonymized,single_row_default,0.3,20.0,carbon,211.9472222222222,211.94722220222215,2e-08,0.9999999999056368,0.3000000000283089,56.92722900944693,70.30512782658639,33.3055173391718,48.11401753230192,0.8344450618049367,0.0173430759808141,0.0,,,1e-08,True,True,0,678,4.440892098500626e-16,0.0,0.0,0.0,1e-08,0.9475833333333334,0,0.0,554,3,-2.220446049250313e-16,2.220446049250313e-16,148.36305553555553,1.699416666666667,0.5762072916666667,61.30854270833336
spatial_wue_coarse,0.5,1.668890123609873,3.337780247219746,0.5,1.668890123609873,0.0090974188037051,0.0273377926078621,-13.211401696473036,-1.0000007932831068e-08,38.354010220005065,1e-08,33.27781044433017,screened_water_cap_0.50,equal_site_portfolio,hub_policy_compliant,central,factorial_017,portfolio_mean,central,gentd26_hourly_service_demand.csv,gentd26_aligned_regional_hourly_cef.csv,capacity_scenarios.csv,energy_calibration_bounds.csv,trace_timestamp_anonymized,single_row_default,0.3,20.0,carbon,211.9472222222222,211.94722220222215,2e-08,0.9999999999056368,0.3000000000283089,56.92722900944693,70.30512782658639,33.28690786313388,47.99516938029468,1.668890123609873,0.0347720436276878,0.0,,,1e-08,True,True,0,680,4.440892098500626e-16,0.0,0.0,0.0,1e-08,0.9475833333333334,0,0.0,554,3,0.0,0.0,148.36305553555553,2.2199891304347816,1.83025,59.53392753623191
spatial_wue_coarse,0.75,2.5033351854148096,3.337780247219746,0.75,0.8344450618049364,0.0016325002627155,0.0049056721007634,-13.230864898621045,-1.0000007932831068e-08,38.354010220005065,1e-08,33.27781044433017,screened_water_cap_0.75,equal_site_portfolio,hub_policy_compliant,central,factorial_017,portfolio_mean,central,gentd26_hourly_service_demand.csv,gentd26_aligned_regional_hourly_cef.csv,capacity_scenarios.csv,energy_calibration_bounds.csv,trace_timestamp_anonymized,single_row_default,0.3,20.0,carbon,211.9472222222222,211.94722220222215,2e-08,0.9999999999056368,0.3000000000283089,56.92722900944693,70.30512782658639,33.27944294459289,47.764634422317926,2.5033351854148096,0.052409805197737,0.0,,,1e-08,True,True,0,685,4.440892098500626e-16,0.0,0.0,0.0,1e-08,0.9475833333333334,0,0.0,554,3,0.0,0.0,148.36305553555553,3.229766304347827,2.8030000000000004,57.55140036231886
spatial_wue_coarse,1.0,3.337780247219746,3.337780247219746,1.0000000000000002,-8.881784197001252e-16,0.0,0.0,-13.23512129906874,-1.0000007932831068e-08,38.354010220005065,1e-08,33.27781044433017,screened_water_cap_1.00,equal_site_portfolio,hub_policy_compliant,central,factorial_017,portfolio_mean,central,gentd26_hourly_service_demand.csv,gentd26_aligned_regional_hourly_cef.csv,capacity_scenarios.csv,energy_calibration_bounds.csv,trace_timestamp_anonymized,single_row_default,0.3,20.0,carbon,211.9472222222222,211.94722220222215,2e-08,0.9999999999056368,0.300000000028309,56.92722900944693,70.30512782658639,33.27781044433017,47.62231037297053,3.337780247219747,0.0700885828738415,0.0,,,1e-08,True,True,0,686,4.440892098500626e-16,0.0,2.7131075164277267e-15,0.0,1e-08,0.9475833333333334,0,-2.7131075164277267e-15,554,3,-8.881784197001252e-16,8.881784197001252e-16,148.36305553555553,3.853166666666669,3.997916666666667,55.73308333333334
spatial_wue_coarse,0.0,0.0,2.456426234003217,0.0,2.456426234003217,0.0582254091812473,0.1749676688574508,-13.083310813418723,-1.0000007932831068e-08,38.354010220005065,1e-08,33.27781044433017,screened_water_cap_0.00,equal_site_portfolio,hub_policy_compliant,central,factorial_018,portfolio_mean,central,gentd26_hourly_service_demand.csv,gentd26_aligned_regional_hourly_cef.csv,capacity_scenarios.csv,energy_calibration_bounds.csv,trace_timestamp_anonymized,single_row_default,0.3,20.0,carbon,211.9472222222222,211.94722220222215,2e-08,0.9999999999056368,0.3000000000283089,56.92722900944693,70.30512782658639,33.33603585351142,20.49380244340089,0.0,0.0,0.0,,,1e-08,True,True,0,0,4.440892098500626e-16,0.0,0.0,0.0,1e-08,0.9475833333333334,0,0.0,554,3,0.0,0.0,148.36305553555553,0.0,0.0,63.5841666666667
spatial_wue_coarse,0.25,0.6141065585008042,2.456426234003217,0.25,1.8423196755024125,0.019204183413116,0.0577086748097199,-13.185050437370172,-1.0000007932831068e-08,38.354010220005065,1e-08,33.27781044433017,screened_water_cap_0.25,equal_site_portfolio,hub_policy_compliant,central,factorial_018,portfolio_mean,central,gentd26_hourly_service_demand.csv,gentd26_aligned_regional_hourly_cef.csv,capacity_scenarios.csv,energy_calibration_bounds.csv,trace_timestamp_anonymized,single_row_default,0.3,20.0,carbon,211.9472222222222,211.94722220222215,2e-08,0.9999999999056368,0.3000000000283089,56.92722900944693,70.30512782658639,33.29701462774329,20.78515490027346,0.6141065585008043,0.0295454405534752,0.0,,,1e-08,True,True,0,680,4.440892098500626e-16,0.0,0.0,0.0,1e-08,0.9475833333333334,0,0.0,554,3,-1.1102230246251563e-16,1.1102230246251563e-16,148.36305553555553,0.6614279166666668,2.6765000000000003,60.246238750000025
spatial_wue_coarse,0.5,1.2282131170016084,2.456426234003217,0.5000000000000001,1.2282131170016082,0.0077772975399454,0.0233708210849892,-13.214843634502948,-1.0000007932831068e-08,38.354010220005065,1e-08,33.27781044433017,screened_water_cap_0.50,equal_site_portfolio,hub_policy_compliant,central,factorial_018,portfolio_mean,central,gentd26_hourly_service_demand.csv,gentd26_aligned_regional_hourly_cef.csv,capacity_scenarios.csv,energy_calibration_bounds.csv,trace_timestamp_anonymized,single_row_default,0.3,20.0,carbon,211.9472222222222,211.94722220222215,2e-08,0.9999999999056368,0.3000000000283089,56.92722900944693,70.30512782658639,33.28558774187012,21.24237868067067,1.2282131170016086,0.0578190011328256,0.0,,,1e-08,True,True,0,682,4.440892098500626e-16,0.0,0.0,0.0,1e-08,0.9475833333333334,0,0.0,554,3,-2.220446049250313e-16,2.220446049250313e-16,148.36305553555553,1.699416666666667,3.2609953703703702,58.62375462962965
spatial_wue_coarse,0.75,1.8423196755024125,2.456426234003217,0.75,0.6141065585008043,0.0017008420766018,0.0051110396203757,-13.23068671174178,-1.0000007932831068e-08,38.354010220005065,1e-08,33.27781044433017,screened_water_cap_0.75,equal_site_portfolio,hub_policy_compliant,central,factorial_018,portfolio_mean,central,gentd26_hourly_service_demand.csv,gentd26_aligned_regional_hourly_cef.csv,capacity_scenarios.csv,energy_calibration_bounds.csv,trace_timestamp_anonymized,single_row_default,0.3,20.0,carbon,211.9472222222222,211.94722220222215,2e-08,0.9999999999056368,0.3000000000283089,56.92722900944693,70.30512782658639,33.27951128640677,21.718181599827822,1.8423196755024125,0.0848284497039576,0.0,,,1e-08,True,True,0,689,4.440892098500626e-16,0.0,0.0,0.0,1e-08,0.9475833333333334,0,0.0,554,3,0.0,0.0,148.36305553555553,2.779583749999999,3.611166666666667,57.19341625000002
spatial_wue_coarse,1.0,2.456426234003217,2.456426234003217,0.9999999999999996,8.881784197001252e-16,0.0,0.0,-13.23512129906874,-1.0000007932831068e-08,38.354010220005065,1e-08,33.27781044433017,screened_water_cap_1.00,equal_site_portfolio,hub_policy_compliant,central,factorial_018,portfolio_mean,central,gentd26_hourly_service_demand.csv,gentd26_aligned_regional_hourly_cef.csv,capacity_scenarios.csv,energy_calibration_bounds.csv,trace_timestamp_anonymized,single_row_default,0.3,20.0,carbon,211.9472222222222,211.94722220222215,2e-08,0.9999999999056368,0.3000000000283089,56.92722900944693,70.30512782658639,33.27781044433017,22.191084258674746,2.456426234003216,0.1106942862894575,0.0,,,1e-08,True,True,0,684,4.440892098500626e-16,0.0,0.0,0.0,1e-08,0.9475833333333334,0,0.0,554,3,8.881784197001252e-16,0.0,148.36305553555553,3.853166666666665,3.997916666666667,55.73308333333334
spatial_wue_coarse,0.0,0.0,2.456426234003217,0.0,2.456426234003217,0.0582254091812473,0.1749676688574508,-13.083310813418723,-1.0000007932831068e-08,38.354010220005065,1e-08,33.27781044433017,screened_water_cap_0.00,equal_site_portfolio,hub_policy_compliant,central,factorial_019,portfolio_mean,central,gentd26_hourly_service_demand.csv,gentd26_aligned_regional_hourly_cef.csv,capacity_scenarios.csv,energy_calibration_bounds.csv,trace_timestamp_anonymized,single_row_default,0.3,20.0,carbon,211.9472222222222,211.94722220222215,2e-08,0.9999999999056368,0.3000000000283089,56.92722900944693,70.30512782658639,33.33603585351142,33.98555571991294,0.0,0.0,0.0,,,1e-08,True,True,0,0,4.440892098500626e-16,0.0,0.0,0.0,1e-08,0.9475833333333334,0,0.0,554,3,0.0,0.0,148.36305553555553,0.0,0.0,63.5841666666667
spatial_wue_coarse,0.25,0.6141065585008042,2.456426234003217,0.25,1.8423196755024125,0.019204183413116,0.0577086748097199,-13.185050437370172,-1.0000007932831068e-08,38.354010220005065,1e-08,33.27781044433017,screened_water_cap_0.25,equal_site_portfolio,hub_policy_compliant,central,factorial_019,portfolio_mean,central,gentd26_hourly_service_demand.csv,gentd26_aligned_regional_hourly_cef.csv,capacity_scenarios.csv,energy_calibration_bounds.csv,trace_timestamp_anonymized,single_row_default,0.3,20.0,carbon,211.9472222222222,211.94722220222215,2e-08,0.9999999999056368,0.3000000000283089,56.92722900944693,70.30512782658639,33.29701462774329,33.56864223154575,0.6141065585008043,0.0182940541432952,0.0,,,1e-08,True,True,0,680,4.440892098500626e-16,0.0,0.0,0.0,1e-08,0.9475833333333334,0,0.0,554,3,-1.1102230246251563e-16,1.1102230246251563e-16,148.36305553555553,0.6614279166666668,2.6765000000000003,60.246238750000025
spatial_wue_coarse,0.5,1.2282131170016084,2.456426234003217,0.5000000000000001,1.2282131170016082,0.0077772975399454,0.0233708210849892,-13.214843634502948,-1.0000007932831068e-08,38.354010220005065,1e-08,33.27781044433017,screened_water_cap_0.50,equal_site_portfolio,hub_policy_compliant,central,factorial_019,portfolio_mean,central,gentd26_hourly_service_demand.csv,gentd26_aligned_regional_hourly_cef.csv,capacity_scenarios.csv,energy_calibration_bounds.csv,trace_timestamp_anonymized,single_row_default,0.3,20.0,carbon,211.9472222222222,211.94722220222215,2e-08,0.9999999999056368,0.3000000000283089,56.92722900944693,70.30512782658639,33.28558774187012,33.6815954711045,1.2282131170016086,0.036465407882928,0.0,,,1e-08,True,True,0,682,4.440892098500626e-16,0.0,0.0,0.0,1e-08,0.9475833333333334,0,0.0,554,3,-2.220446049250313e-16,2.220446049250313e-16,148.36305553555553,1.699416666666667,3.2609953703703702,58.62375462962965
spatial_wue_coarse,0.75,1.8423196755024125,2.456426234003217,0.75,0.6141065585008043,0.0017008420766018,0.0051110396203757,-13.23068671174178,-1.0000007932831068e-08,38.354010220005065,1e-08,33.27781044433017,screened_water_cap_0.75,equal_site_portfolio,hub_policy_compliant,central,factorial_019,portfolio_mean,central,gentd26_hourly_service_demand.csv,gentd26_aligned_regional_hourly_cef.csv,capacity_scenarios.csv,energy_calibration_bounds.csv,trace_timestamp_anonymized,single_row_default,0.3,20.0,carbon,211.9472222222222,211.94722220222215,2e-08,0.9999999999056368,0.3000000000283089,56.92722900944693,70.30512782658639,33.27951128640677,33.85389873725755,1.8423196755024125,0.0544197195661505,0.0,,,1e-08,True,True,0,689,4.440892098500626e-16,0.0,0.0,0.0,1e-08,0.9475833333333334,0,0.0,554,3,0.0,0.0,148.36305553555553,2.779583749999999,3.611166666666667,57.19341625000002
spatial_wue_coarse,1.0,2.456426234003217,2.456426234003217,0.9999999999999996,8.881784197001252e-16,0.0,0.0,-13.23512129906874,-1.0000007932831068e-08,38.354010220005065,1e-08,33.27781044433017,screened_water_cap_1.00,equal_site_portfolio,hub_policy_compliant,central,factorial_019,portfolio_mean,central,gentd26_hourly_service_demand.csv,gentd26_aligned_regional_hourly_cef.csv,capacity_scenarios.csv,energy_calibration_bounds.csv,trace_timestamp_anonymized,single_row_default,0.3,20.0,carbon,211.9472222222222,211.94722220222215,2e-08,0.9999999999056368,0.3000000000283089,56.92722900944693,70.30512782658639,33.27781044433017,34.01693728297511,2.456426234003216,0.072211857686336,0.0,,,1e-08,True,True,0,684,4.440892098500626e-16,0.0,0.0,0.0,1e-08,0.9475833333333334,0,0.0,554,3,8.881784197001252e-16,0.0,148.36305553555553,3.853166666666665,3.997916666666667,55.73308333333334
spatial_wue_coarse,0.0,0.0,2.456426234003217,0.0,2.456426234003217,0.0582254091812473,0.1749676688574508,-13.083310813418723,-1.0000007932831068e-08,38.354010220005065,1e-08,33.27781044433017,screened_water_cap_0.00,equal_site_portfolio,hub_policy_compliant,central,factorial_020,portfolio_mean,central,gentd26_hourly_service_demand.csv,gentd26_aligned_regional_hourly_cef.csv,capacity_scenarios.csv,energy_calibration_bounds.csv,trace_timestamp_anonymized,single_row_default,0.3,20.0,carbon,211.9472222222222,211.94722220222215,2e-08,0.9999999999056368,0.3000000000283089,56.92722900944693,70.30512782658639,33.33603585351142,48.50199911869173,0.0,0.0,0.0,,,1e-08,True,True,0,0,4.440892098500626e-16,0.0,0.0,0.0,1e-08,0.9475833333333334,0,0.0,554,3,0.0,0.0,148.36305553555553,0.0,0.0,63.5841666666667
spatial_wue_coarse,0.25,0.6141065585008042,2.456426234003217,0.25,1.8423196755024125,0.019204183413116,0.0577086748097199,-13.185050437370172,-1.0000007932831068e-08,38.354010220005065,1e-08,33.27781044433017,screened_water_cap_0.25,equal_site_portfolio,hub_policy_compliant,central,factorial_020,portfolio_mean,central,gentd26_hourly_service_demand.csv,gentd26_aligned_regional_hourly_cef.csv,capacity_scenarios.csv,energy_calibration_bounds.csv,trace_timestamp_anonymized,single_row_default,0.3,20.0,carbon,211.9472222222222,211.94722220222215,2e-08,0.9999999999056368,0.3000000000283089,56.92722900944693,70.30512782658639,33.29701462774329,47.32302733481343,0.6141065585008043,0.0129769077146303,0.0,,,1e-08,True,True,0,680,4.440892098500626e-16,0.0,0.0,0.0,1e-08,0.9475833333333334,0,0.0,554,3,-1.1102230246251563e-16,1.1102230246251563e-16,148.36305553555553,0.6614279166666668,2.6765000000000003,60.246238750000025
spatial_wue_coarse,0.5,1.2282131170016084,2.456426234003217,0.5000000000000001,1.2282131170016082,0.0077772975399454,0.0233708210849892,-13.214843634502948,-1.0000007932831068e-08,38.354010220005065,1e-08,33.27781044433017,screened_water_cap_0.50,equal_site_portfolio,hub_policy_compliant,central,factorial_020,portfolio_mean,central,gentd26_hourly_service_demand.csv,gentd26_aligned_regional_hourly_cef.csv,capacity_scenarios.csv,energy_calibration_bounds.csv,trace_timestamp_anonymized,single_row_default,0.3,20.0,carbon,211.9472222222222,211.94722220222215,2e-08,0.9999999999056368,0.3000000000283089,56.92722900944693,70.30512782658639,33.28558774187012,47.06556290384979,1.2282131170016086,0.026095791513441,0.0,,,1e-08,True,True,0,682,4.440892098500626e-16,0.0,0.0,0.0,1e-08,0.9475833333333334,0,0.0,554,3,-2.220446049250313e-16,2.220446049250313e-16,148.36305553555553,1.699416666666667,3.2609953703703702,58.62375462962965
spatial_wue_coarse,0.75,1.8423196755024125,2.456426234003217,0.75,0.6141065585008043,0.0017008420766018,0.0051110396203757,-13.23068671174178,-1.0000007932831068e-08,38.354010220005065,1e-08,33.27781044433017,screened_water_cap_0.75,equal_site_portfolio,hub_policy_compliant,central,factorial_020,portfolio_mean,central,gentd26_hourly_service_demand.csv,gentd26_aligned_regional_hourly_cef.csv,capacity_scenarios.csv,energy_calibration_bounds.csv,trace_timestamp_anonymized,single_row_default,0.3,20.0,carbon,211.9472222222222,211.94722220222215,2e-08,0.9999999999056368,0.3000000000283089,56.92722900944693,70.30512782658639,33.27951128640677,46.911315910441445,1.8423196755024125,0.0392723938722928,0.0,,,1e-08,True,True,0,689,4.440892098500626e-16,0.0,0.0,0.0,1e-08,0.9475833333333334,0,0.0,554,3,0.0,0.0,148.36305553555553,2.779583749999999,3.611166666666667,57.19341625000002
spatial_wue_coarse,1.0,2.456426234003217,2.456426234003217,0.9999999999999996,8.881784197001252e-16,0.0,0.0,-13.23512129906874,-1.0000007932831068e-08,38.354010220005065,1e-08,33.27781044433017,screened_water_cap_1.00,equal_site_portfolio,hub_policy_compliant,central,factorial_020,portfolio_mean,central,gentd26_hourly_service_demand.csv,gentd26_aligned_regional_hourly_cef.csv,capacity_scenarios.csv,energy_calibration_bounds.csv,trace_timestamp_anonymized,single_row_default,0.3,20.0,carbon,211.9472222222222,211.94722220222215,2e-08,0.9999999999056368,0.3000000000283089,56.92722900944693,70.30512782658639,33.27781044433017,46.74095635975401,2.456426234003216,0.052554043077268,0.0,,,1e-08,True,True,0,684,4.440892098500626e-16,0.0,0.0,0.0,1e-08,0.9475833333333334,0,0.0,554,3,8.881784197001252e-16,0.0,148.36305553555553,3.853166666666665,3.997916666666667,55.73308333333334
spatial_wue_coarse,0.0,0.0,3.304733416662245,0.0,3.304733416662245,0.0582254091812473,0.1749676688574508,-13.083310813418723,-1.0000007932831068e-08,38.354010220005065,1e-08,33.27781044433017,screened_water_cap_0.00,equal_site_portfolio,hub_policy_compliant,central,factorial_021,portfolio_mean,central,gentd26_hourly_service_demand.csv,gentd26_aligned_regional_hourly_cef.csv,capacity_scenarios.csv,energy_calibration_bounds.csv,trace_timestamp_anonymized,single_row_default,0.3,20.0,carbon,211.9472222222222,211.94722220222215,2e-08,0.9999999999056368,0.3000000000283089,56.92722900944693,70.30512782658639,33.33603585351142,20.49380244340089,0.0,0.0,0.0,,,1e-08,True,True,0,0,4.440892098500626e-16,0.0,0.0,0.0,1e-08,0.9475833333333334,0,0.0,554,3,0.0,0.0,148.36305553555553,0.0,0.0,63.5841666666667
spatial_wue_coarse,0.25,0.8261833541655612,3.304733416662245,0.25,2.478550062496684,0.024823792175205,0.0745956294712746,-13.1703984916418,-1.0000007932831068e-08,38.354010220005065,1e-08,33.27781044433017,screened_water_cap_0.25,equal_site_portfolio,hub_policy_compliant,central,factorial_021,portfolio_mean,central,gentd26_hourly_service_demand.csv,gentd26_aligned_regional_hourly_cef.csv,capacity_scenarios.csv,energy_calibration_bounds.csv,trace_timestamp_anonymized,single_row_default,0.3,20.0,carbon,211.9472222222222,211.94722220222215,2e-08,0.9999999999056368,0.3000000000283089,56.92722900944693,70.30512782658639,33.30263423650538,21.09531987620683,0.8261833541655612,0.0391642961099349,0.0,,,1e-08,True,True,0,677,4.440892098500626e-16,0.0,0.0,0.0,1e-08,0.9475833333333334,0,0.0,554,3,0.0,0.0,148.36305553555553,0.4752484375,1.84825,61.26066822916669
spatial_wue_coarse,0.5,1.6523667083311224,3.304733416662245,0.5,1.6523667083311224,0.0096620248479837,0.0290344368183426,-13.209929605181824,-1.0000007932831068e-08,38.354010220005065,1e-08,33.27781044433017,screened_water_cap_0.50,equal_site_portfolio,hub_policy_compliant,central,factorial_021,portfolio_mean,central,gentd26_hourly_service_demand.csv,gentd26_aligned_regional_hourly_cef.csv,capacity_scenarios.csv,energy_calibration_bounds.csv,trace_timestamp_anonymized,single_row_default,0.3,20.0,carbon,211.9472222222222,211.94722220222215,2e-08,0.9999999999056368,0.3000000000283089,56.92722900944693,70.30512782658639,33.287472469178155,21.757180940725267,1.6523667083311224,0.0759458090104958,0.0,,,1e-08,True,True,0,686,4.440892098500626e-16,0.0,0.0,0.0,1e-08,0.9475833333333334,0,0.0,554,3,0.0,0.0,148.36305553555553,1.7948333333333335,2.2280887681159407,59.561244565217415
spatial_wue_coarse,0.75,2.478550062496684,3.304733416662245,0.75,0.8261833541655612,0.0019433619071236,0.0058398130200698,-13.230054392385515,-1.0000007932831068e-08,38.354010220005065,1e-08,33.27781044433017,screened_water_cap_0.75,equal_site_portfolio,hub_policy_compliant,central,factorial_021,portfolio_mean,central,gentd26_hourly_service_demand.csv,gentd26_aligned_regional_hourly_cef.csv,capacity_scenarios.csv,energy_calibration_bounds.csv,trace_timestamp_anonymized,single_row_default,0.3,20.0,carbon,211.9472222222222,211.94722220222215,2e-08,0.9999999999056368,0.3000000000283089,56.92722900944693,70.30512782658639,33.279753806237295,22.41102559903863,2.478550062496684,0.1105951198682761,0.0,,,1e-08,True,True,0,688,4.440892098500626e-16,0.0,0.0,0.0,1e-08,0.9475833333333334,0,0.0,554,3,0.0,0.0,148.36305553555553,3.0022515624999992,2.8030000000000004,57.77891510416668
spatial_wue_coarse,1.0,3.304733416662245,3.304733416662245,1.0000000000000002,-4.440892098500626e-16,0.0,0.0,-13.23512129906874,-1.0000007932831068e-08,38.354010220005065,1e-08,33.27781044433017,screened_water_cap_1.00,equal_site_portfolio,hub_policy_compliant,central,factorial_021,portfolio_mean,central,gentd26_hourly_service_demand.csv,gentd26_aligned_regional_hourly_cef.csv,capacity_scenarios.csv,energy_calibration_bounds.csv,trace_timestamp_anonymized,single_row_default,0.3,20.0,carbon,211.9472222222222,211.94722220222215,2e-08,0.9999999999056368,0.300000000028309,56.92722900944693,70.30512782658639,33.27781044433017,23.039391441333773,3.3047334166622453,0.1434383987562013,0.0,,,1e-08,True,True,0,686,4.440892098500626e-16,0.0,8.118505867571457e-16,0.0,1e-08,0.9475833333333334,0,-8.118505867571457e-16,554,3,-4.440892098500626e-16,4.440892098500626e-16,148.36305553555553,3.853166666666668,3.997916666666667,55.73308333333334
spatial_wue_coarse,0.0,0.0,3.304733416662245,0.0,3.304733416662245,0.0582254091812473,0.1749676688574508,-13.083310813418723,-1.0000007932831068e-08,38.354010220005065,1e-08,33.27781044433017,screened_water_cap_0.00,equal_site_portfolio,hub_policy_compliant,central,factorial_022,portfolio_mean,central,gentd26_hourly_service_demand.csv,gentd26_aligned_regional_hourly_cef.csv,capacity_scenarios.csv,energy_calibration_bounds.csv,trace_timestamp_anonymized,single_row_default,0.3,20.0,carbon,211.9472222222222,211.94722220222215,2e-08,0.9999999999056368,0.3000000000283089,56.92722900944693,70.30512782658639,33.33603585351142,33.98555571991294,0.0,0.0,0.0,,,1e-08,True,True,0,0,4.440892098500626e-16,0.0,0.0,0.0,1e-08,0.9475833333333334,0,0.0,554,3,0.0,0.0,148.36305553555553,0.0,0.0,63.5841666666667
spatial_wue_coarse,0.25,0.8261833541655612,3.304733416662245,0.25,2.478550062496684,0.024823792175205,0.0745956294712746,-13.1703984916418,-1.0000007932831068e-08,38.354010220005065,1e-08,33.27781044433017,screened_water_cap_0.25,equal_site_portfolio,hub_policy_compliant,central,factorial_022,portfolio_mean,central,gentd26_hourly_service_demand.csv,gentd26_aligned_regional_hourly_cef.csv,capacity_scenarios.csv,energy_calibration_bounds.csv,trace_timestamp_anonymized,single_row_default,0.3,20.0,carbon,211.9472222222222,211.94722220222215,2e-08,0.9999999999056368,0.3000000000283089,56.92722900944693,70.30512782658639,33.30263423650538,34.09405626973525,0.8261833541655612,0.0242324746468771,0.0,,,1e-08,True,True,0,677,4.440892098500626e-16,0.0,0.0,0.0,1e-08,0.9475833333333334,0,0.0,554,3,0.0,0.0,148.36305553555553,0.4752484375,1.84825,61.26066822916669
spatial_wue_coarse,0.5,1.6523667083311224,3.304733416662245,0.5,1.6523667083311224,0.0096620248479837,0.0290344368183426,-13.209929605181824,-1.0000007932831068e-08,38.354010220005065,1e-08,33.27781044433017,screened_water_cap_0.50,equal_site_portfolio,hub_policy_compliant,central,factorial_022,portfolio_mean,central,gentd26_hourly_service_demand.csv,gentd26_aligned_regional_hourly_cef.csv,capacity_scenarios.csv,energy_calibration_bounds.csv,trace_timestamp_anonymized,single_row_default,0.3,20.0,carbon,211.9472222222222,211.94722220222215,2e-08,0.9999999999056368,0.3000000000283089,56.92722900944693,70.30512782658639,33.287472469178155,34.39532119863917,1.6523667083311224,0.0480404500015687,0.0,,,1e-08,True,True,0,686,4.440892098500626e-16,0.0,0.0,0.0,1e-08,0.9475833333333334,0,0.0,554,3,0.0,0.0,148.36305553555553,1.7948333333333335,2.2280887681159407,59.561244565217415
spatial_wue_coarse,0.75,2.478550062496684,3.304733416662245,0.75,0.8261833541655612,0.0019433619071236,0.0058398130200698,-13.230054392385515,-1.0000007932831068e-08,38.354010220005065,1e-08,33.27781044433017,screened_water_cap_0.75,equal_site_portfolio,hub_policy_compliant,central,factorial_022,portfolio_mean,central,gentd26_hourly_service_demand.csv,gentd26_aligned_regional_hourly_cef.csv,capacity_scenarios.csv,energy_calibration_bounds.csv,trace_timestamp_anonymized,single_row_default,0.3,20.0,carbon,211.9472222222222,211.94722220222215,2e-08,0.9999999999056368,0.3000000000283089,56.92722900944693,70.30512782658639,33.279753806237295,34.67097816327688,2.478550062496684,0.0714877454805107,0.0,,,1e-08,True,True,0,688,4.440892098500626e-16,0.0,0.0,0.0,1e-08,0.9475833333333334,0,0.0,554,3,0.0,0.0,148.36305553555553,3.0022515624999992,2.8030000000000004,57.77891510416668
spatial_wue_coarse,1.0,3.304733416662245,3.304733416662245,1.0000000000000002,-4.440892098500626e-16,0.0,0.0,-13.23512129906874,-1.0000007932831068e-08,38.354010220005065,1e-08,33.27781044433017,screened_water_cap_1.00,equal_site_portfolio,hub_policy_compliant,central,factorial_022,portfolio_mean,central,gentd26_hourly_service_demand.csv,gentd26_aligned_regional_hourly_cef.csv,capacity_scenarios.csv,energy_calibration_bounds.csv,trace_timestamp_anonymized,single_row_default,0.3,20.0,carbon,211.9472222222222,211.94722220222215,2e-08,0.9999999999056368,0.300000000028309,56.92722900944693,70.30512782658639,33.27781044433017,34.86524446563414,3.3047334166622453,0.0947858954472452,0.0,,,1e-08,True,True,0,686,4.440892098500626e-16,0.0,8.118505867571457e-16,0.0,1e-08,0.9475833333333334,0,-8.118505867571457e-16,554,3,-4.440892098500626e-16,4.440892098500626e-16,148.36305553555553,3.853166666666668,3.997916666666667,55.73308333333334
spatial_wue_coarse,0.0,0.0,3.304733416662245,0.0,3.304733416662245,0.0582254091812473,0.1749676688574508,-13.083310813418723,-1.0000007932831068e-08,38.354010220005065,1e-08,33.27781044433017,screened_water_cap_0.00,equal_site_portfolio,hub_policy_compliant,central,factorial_023,portfolio_mean,central,gentd26_hourly_service_demand.csv,gentd26_aligned_regional_hourly_cef.csv,capacity_scenarios.csv,energy_calibration_bounds.csv,trace_timestamp_anonymized,single_row_default,0.3,20.0,carbon,211.9472222222222,211.94722220222215,2e-08,0.9999999999056368,0.3000000000283089,56.92722900944693,70.30512782658639,33.33603585351142,48.50199911869173,0.0,0.0,0.0,,,1e-08,True,True,0,0,4.440892098500626e-16,0.0,0.0,0.0,1e-08,0.9475833333333334,0,0.0,554,3,0.0,0.0,148.36305553555553,0.0,0.0,63.5841666666667
spatial_wue_coarse,0.25,0.8261833541655612,3.304733416662245,0.25,2.478550062496684,0.024823792175205,0.0745956294712746,-13.1703984916418,-1.0000007932831068e-08,38.354010220005065,1e-08,33.27781044433017,screened_water_cap_0.25,equal_site_portfolio,hub_policy_compliant,central,factorial_023,portfolio_mean,central,gentd26_hourly_service_demand.csv,gentd26_aligned_regional_hourly_cef.csv,capacity_scenarios.csv,energy_calibration_bounds.csv,trace_timestamp_anonymized,single_row_default,0.3,20.0,carbon,211.9472222222222,211.94722220222215,2e-08,0.9999999999056368,0.3000000000283089,56.92722900944693,70.30512782658639,33.30263423650538,48.080038465303815,0.8261833541655612,0.01718350027448,0.0,,,1e-08,True,True,0,677,4.440892098500626e-16,0.0,0.0,0.0,1e-08,0.9475833333333334,0,0.0,554,3,0.0,0.0,148.36305553555553,0.4752484375,1.84825,61.26066822916669
spatial_wue_coarse,0.5,1.6523667083311224,3.304733416662245,0.5,1.6523667083311224,0.0096620248479837,0.0290344368183426,-13.209929605181824,-1.0000007932831068e-08,38.354010220005065,1e-08,33.27781044433017,screened_water_cap_0.50,equal_site_portfolio,hub_policy_compliant,central,factorial_023,portfolio_mean,central,gentd26_hourly_service_demand.csv,gentd26_aligned_regional_hourly_cef.csv,capacity_scenarios.csv,energy_calibration_bounds.csv,trace_timestamp_anonymized,single_row_default,0.3,20.0,carbon,211.9472222222222,211.94722220222215,2e-08,0.9999999999056368,0.3000000000283089,56.92722900944693,70.30512782658639,33.287472469178155,47.993320210318686,1.6523667083311224,0.0344290976554662,0.0,,,1e-08,True,True,0,686,4.440892098500626e-16,0.0,0.0,0.0,1e-08,0.9475833333333334,0,0.0,554,3,0.0,0.0,148.36305553555553,1.7948333333333335,2.2280887681159407,59.561244565217415
spatial_wue_coarse,0.75,2.478550062496684,3.304733416662245,0.75,0.8261833541655612,0.0019433619071236,0.0058398130200698,-13.230054392385515,-1.0000007932831068e-08,38.354010220005065,1e-08,33.27781044433017,screened_water_cap_0.75,equal_site_portfolio,hub_policy_compliant,central,factorial_023,portfolio_mean,central,gentd26_hourly_service_demand.csv,gentd26_aligned_regional_hourly_cef.csv,capacity_scenarios.csv,energy_calibration_bounds.csv,trace_timestamp_anonymized,single_row_default,0.3,20.0,carbon,211.9472222222222,211.94722220222215,2e-08,0.9999999999056368,0.3000000000283089,56.92722900944693,70.30512782658639,33.279753806237295,47.86206636530538,2.478550062496684,0.05178527068972,0.0,,,1e-08,True,True,0,688,4.440892098500626e-16,0.0,0.0,0.0,1e-08,0.9475833333333334,0,0.0,554,3,0.0,0.0,148.36305553555553,3.0022515624999992,2.8030000000000004,57.77891510416668
spatial_wue_coarse,1.0,3.304733416662245,3.304733416662245,1.0000000000000002,-4.440892098500626e-16,0.0,0.0,-13.23512129906874,-1.0000007932831068e-08,38.354010220005065,1e-08,33.27781044433017,screened_water_cap_1.00,equal_site_portfolio,hub_policy_compliant,central,factorial_023,portfolio_mean,central,gentd26_hourly_service_demand.csv,gentd26_aligned_regional_hourly_cef.csv,capacity_scenarios.csv,energy_calibration_bounds.csv,trace_timestamp_anonymized,single_row_default,0.3,20.0,carbon,211.9472222222222,211.94722220222215,2e-08,0.9999999999056368,0.300000000028309,56.92722900944693,70.30512782658639,33.27781044433017,47.58926354241304,3.3047334166622453,0.0694428358555488,0.0,,,1e-08,True,True,0,686,4.440892098500626e-16,0.0,8.118505867571457e-16,0.0,1e-08,0.9475833333333334,0,-8.118505867571457e-16,554,3,-4.440892098500626e-16,4.440892098500626e-16,148.36305553555553,3.853166666666668,3.997916666666667,55.73308333333334
spatial_wue_coarse,0.0,0.0,4.217468992940948,0.0,4.217468992940948,0.0582254091812473,0.1749676688574508,-13.083310813418723,-1.0000007932831068e-08,38.354010220005065,1e-08,33.27781044433017,screened_water_cap_0.00,equal_site_portfolio,hub_policy_compliant,central,factorial_024,portfolio_mean,central,gentd26_hourly_service_demand.csv,gentd26_aligned_regional_hourly_cef.csv,capacity_scenarios.csv,energy_calibration_bounds.csv,trace_timestamp_anonymized,single_row_default,0.3,20.0,carbon,211.9472222222222,211.94722220222215,2e-08,0.9999999999056368,0.3000000000283089,56.92722900944693,70.30512782658639,33.33603585351142,20.49380244340089,0.0,0.0,0.0,,,1e-08,True,True,0,0,4.440892098500626e-16,0.0,0.0,0.0,1e-08,0.9475833333333334,0,0.0,554,3,0.0,0.0,148.36305553555553,0.0,0.0,63.5841666666667
spatial_wue_coarse,0.25,1.0543672482352369,4.217468992940948,0.25,3.1631017447057106,0.0284743202674135,0.0855654860918431,-13.160880508851292,-1.0000007932831068e-08,38.354010220005065,1e-08,33.27781044433017,screened_water_cap_0.25,equal_site_portfolio,hub_policy_compliant,central,factorial_024,portfolio_mean,central,gentd26_hourly_service_demand.csv,gentd26_aligned_regional_hourly_cef.csv,capacity_scenarios.csv,energy_calibration_bounds.csv,trace_timestamp_anonymized,single_row_default,0.3,20.0,carbon,211.9472222222222,211.94722220222215,2e-08,0.9999999999056368,0.3000000000283089,56.92722900944693,70.30512782658639,33.306284764597585,21.358383586953792,1.0543672482352369,0.049365498280463,0.0,,,1e-08,True,True,0,678,4.440892098500626e-16,0.0,0.0,0.0,1e-08,0.9475833333333334,0,0.0,554,3,0.0,0.0,148.36305553555553,0.909104166666667,1.0536666666666663,61.62139583333336
spatial_wue_coarse,0.5,2.1087344964704737,4.217468992940948,0.5000000000000001,2.1087344964704733,0.0096719532950189,0.0290642718552724,-13.209903718848215,-1.0000007932831068e-08,38.354010220005065,1e-08,33.27781044433017,screened_water_cap_0.50,equal_site_portfolio,hub_policy_compliant,central,factorial_024,portfolio_mean,central,gentd26_hourly_service_demand.csv,gentd26_aligned_regional_hourly_cef.csv,capacity_scenarios.csv,energy_calibration_bounds.csv,trace_timestamp_anonymized,single_row_default,0.3,20.0,carbon,211.9472222222222,211.94722220222215,2e-08,0.9999999999056368,0.3000000000283089,56.92722900944693,70.30512782658639,33.28748239762519,22.22296473050669,2.108734496470474,0.0948898817976207,0.0,,,1e-08,True,True,0,683,4.440892098500626e-16,0.0,0.0,0.0,1e-08,0.9475833333333334,0,0.0,554,3,-4.440892098500626e-16,4.440892098500626e-16,148.36305553555553,2.003625000000001,1.9219166666666665,59.65862500000002
spatial_wue_coarse,0.75,3.1631017447057106,4.217468992940948,0.7500000000000002,1.054367248235236,0.0017832854951365,0.0053587825380452,-13.230471757899764,-1.0000007932831068e-08,38.354010220005065,1e-08,33.27781044433017,screened_water_cap_0.75,equal_site_portfolio,hub_policy_compliant,central,factorial_024,portfolio_mean,central,gentd26_hourly_service_demand.csv,gentd26_aligned_regional_hourly_cef.csv,capacity_scenarios.csv,energy_calibration_bounds.csv,trace_timestamp_anonymized,single_row_default,0.3,20.0,carbon,211.9472222222222,211.94722220222215,2e-08,0.9999999999056368,0.3000000000283089,56.92722900944693,70.30512782658639,33.27959372982531,23.08754587405958,3.1631017447057115,0.1370046761124,0.0,,,1e-08,True,True,0,688,4.440892098500626e-16,0.0,0.0,0.0,1e-08,0.9475833333333334,0,0.0,554,3,-8.881784197001252e-16,8.881784197001252e-16,148.36305553555553,3.0441666666666665,2.844145833333336,57.69585416666668
spatial_wue_coarse,1.0,4.217468992940948,4.217468992940948,1.0000000000000004,-1.7763568394002505e-15,0.0,0.0,-13.23512129906874,-1.0000007932831068e-08,38.354010220005065,1e-08,33.27781044433017,screened_water_cap_1.00,equal_site_portfolio,hub_policy_compliant,central,factorial_024,portfolio_mean,central,gentd26_hourly_service_demand.csv,gentd26_aligned_regional_hourly_cef.csv,capacity_scenarios.csv,energy_calibration_bounds.csv,trace_timestamp_anonymized,single_row_default,0.3,20.0,carbon,211.9472222222222,211.94722220222215,2e-08,0.9999999999056368,0.300000000028309,56.92722900944693,70.30512782658639,33.27781044433017,23.95212701761248,4.217468992940949,0.1760791010268007,0.0,,,1e-08,True,True,0,684,4.440892098500626e-16,0.0,2.9108659926890827e-15,0.0,1e-08,0.9475833333333334,0,-2.9108659926890827e-15,554,3,-1.7763568394002505e-15,1.7763568394002505e-15,148.36305553555553,3.853166666666669,3.997916666666667,55.73308333333334
spatial_wue_coarse,0.0,0.0,4.217468992940948,0.0,4.217468992940948,0.0582254091812473,0.1749676688574508,-13.083310813418723,-1.0000007932831068e-08,38.354010220005065,1e-08,33.27781044433017,screened_water_cap_0.00,equal_site_portfolio,hub_policy_compliant,central,factorial_025,portfolio_mean,central,gentd26_hourly_service_demand.csv,gentd26_aligned_regional_hourly_cef.csv,capacity_scenarios.csv,energy_calibration_bounds.csv,trace_timestamp_anonymized,single_row_default,0.3,20.0,carbon,211.9472222222222,211.94722220222215,2e-08,0.9999999999056368,0.3000000000283089,56.92722900944693,70.30512782658639,33.33603585351142,33.98555571991294,0.0,0.0,0.0,,,1e-08,True,True,0,0,4.440892098500626e-16,0.0,0.0,0.0,1e-08,0.9475833333333334,0,0.0,554,3,0.0,0.0,148.36305553555553,0.0,0.0,63.5841666666667
spatial_wue_coarse,0.25,1.0543672482352369,4.217468992940948,0.25,3.1631017447057106,0.0284743202674135,0.0855654860918431,-13.160880508851292,-1.0000007932831068e-08,38.354010220005065,1e-08,33.27781044433017,screened_water_cap_0.25,equal_site_portfolio,hub_policy_compliant,central,factorial_025,portfolio_mean,central,gentd26_hourly_service_demand.csv,gentd26_aligned_regional_hourly_cef.csv,capacity_scenarios.csv,energy_calibration_bounds.csv,trace_timestamp_anonymized,single_row_default,0.3,20.0,carbon,211.9472222222222,211.94722220222215,2e-08,0.9999999999056368,0.3000000000283089,56.92722900944693,70.30512782658639,33.306284764597585,34.433661800412914,1.0543672482352369,0.0306202475457487,0.0,,,1e-08,True,True,0,678,4.440892098500626e-16,0.0,0.0,0.0,1e-08,0.9475833333333334,0,0.0,554,3,0.0,0.0,148.36305553555553,0.909104166666667,1.0536666666666663,61.62139583333336
spatial_wue_coarse,0.5,2.1087344964704737,4.217468992940948,0.5000000000000001,2.1087344964704733,0.0096719532950189,0.0290642718552724,-13.209903718848215,-1.0000007932831068e-08,38.354010220005065,1e-08,33.27781044433017,screened_water_cap_0.50,equal_site_portfolio,hub_policy_compliant,central,factorial_025,portfolio_mean,central,gentd26_hourly_service_demand.csv,gentd26_aligned_regional_hourly_cef.csv,capacity_scenarios.csv,energy_calibration_bounds.csv,trace_timestamp_anonymized,single_row_default,0.3,20.0,carbon,211.9472222222222,211.94722220222215,2e-08,0.9999999999056368,0.3000000000283089,56.92722900944693,70.30512782658639,33.28748239762519,34.88176788091289,2.108734496470474,0.0604537735492575,0.0,,,1e-08,True,True,0,683,4.440892098500626e-16,0.0,0.0,0.0,1e-08,0.9475833333333334,0,0.0,554,3,-4.440892098500626e-16,4.440892098500626e-16,148.36305553555553,2.003625000000001,1.9219166666666665,59.65862500000002
spatial_wue_coarse,0.75,3.1631017447057106,4.217468992940948,0.7500000000000002,1.054367248235236,0.0017832854951365,0.0053587825380452,-13.230471757899764,-1.0000007932831068e-08,38.354010220005065,1e-08,33.27781044433017,screened_water_cap_0.75,equal_site_portfolio,hub_policy_compliant,central,factorial_025,portfolio_mean,central,gentd26_hourly_service_demand.csv,gentd26_aligned_regional_hourly_cef.csv,capacity_scenarios.csv,energy_calibration_bounds.csv,trace_timestamp_anonymized,single_row_default,0.3,20.0,carbon,211.9472222222222,211.94722220222215,2e-08,0.9999999999056368,0.3000000000283089,56.92722900944693,70.30512782658639,33.27959372982531,35.32987396141287,3.1631017447057115,0.0895305131334585,0.0,,,1e-08,True,True,0,688,4.440892098500626e-16,0.0,0.0,0.0,1e-08,0.9475833333333334,0,0.0,554,3,-8.881784197001252e-16,8.881784197001252e-16,148.36305553555553,3.0441666666666665,2.844145833333336,57.69585416666668
spatial_wue_coarse,1.0,4.217468992940948,4.217468992940948,1.0000000000000004,-1.7763568394002505e-15,0.0,0.0,-13.23512129906874,-1.0000007932831068e-08,38.354010220005065,1e-08,33.27781044433017,screened_water_cap_1.00,equal_site_portfolio,hub_policy_compliant,central,factorial_025,portfolio_mean,central,gentd26_hourly_service_demand.csv,gentd26_aligned_regional_hourly_cef.csv,capacity_scenarios.csv,energy_calibration_bounds.csv,trace_timestamp_anonymized,single_row_default,0.3,20.0,carbon,211.9472222222222,211.94722220222215,2e-08,0.9999999999056368,0.300000000028309,56.92722900944693,70.30512782658639,33.27781044433017,35.77798004191284,4.217468992940949,0.1178789017155331,0.0,,,1e-08,True,True,0,684,4.440892098500626e-16,0.0,2.9108659926890827e-15,0.0,1e-08,0.9475833333333334,0,-2.9108659926890827e-15,554,3,-1.7763568394002505e-15,1.7763568394002505e-15,148.36305553555553,3.853166666666669,3.997916666666667,55.73308333333334
spatial_wue_coarse,0.0,0.0,4.217468992940948,0.0,4.217468992940948,0.0582254091812473,0.1749676688574508,-13.083310813418723,-1.0000007932831068e-08,38.354010220005065,1e-08,33.27781044433017,screened_water_cap_0.00,equal_site_portfolio,hub_policy_compliant,central,factorial_026,portfolio_mean,central,gentd26_hourly_service_demand.csv,gentd26_aligned_regional_hourly_cef.csv,capacity_scenarios.csv,energy_calibration_bounds.csv,trace_timestamp_anonymized,single_row_default,0.3,20.0,carbon,211.9472222222222,211.94722220222215,2e-08,0.9999999999056368,0.3000000000283089,56.92722900944693,70.30512782658639,33.33603585351142,48.50199911869173,0.0,0.0,0.0,,,1e-08,True,True,0,0,4.440892098500626e-16,0.0,0.0,0.0,1e-08,0.9475833333333334,0,0.0,554,3,0.0,0.0,148.36305553555553,0.0,0.0,63.5841666666667
spatial_wue_coarse,0.25,1.0543672482352369,4.217468992940948,0.25,3.1631017447057106,0.0284743202674135,0.0855654860918431,-13.160880508851292,-1.0000007932831068e-08,38.354010220005065,1e-08,33.27781044433017,screened_water_cap_0.25,equal_site_portfolio,hub_policy_compliant,central,factorial_026,portfolio_mean,central,gentd26_hourly_service_demand.csv,gentd26_aligned_regional_hourly_cef.csv,capacity_scenarios.csv,energy_calibration_bounds.csv,trace_timestamp_anonymized,single_row_default,0.3,20.0,carbon,211.9472222222222,211.94722220222215,2e-08,0.9999999999056368,0.3000000000283089,56.92722900944693,70.30512782658639,33.306284764597585,48.50199911869173,1.0543672482352369,0.0217386348479171,0.0,,,1e-08,True,True,0,678,4.440892098500626e-16,0.0,0.0,0.0,1e-08,0.9475833333333334,0,0.0,554,3,0.0,0.0,148.36305553555553,0.909104166666667,1.0536666666666663,61.62139583333336
spatial_wue_coarse,0.5,2.1087344964704737,4.217468992940948,0.5000000000000001,2.1087344964704733,0.0096719532950189,0.0290642718552724,-13.209903718848215,-1.0000007932831068e-08,38.354010220005065,1e-08,33.27781044433017,screened_water_cap_0.50,equal_site_portfolio,hub_policy_compliant,central,factorial_026,portfolio_mean,central,gentd26_hourly_service_demand.csv,gentd26_aligned_regional_hourly_cef.csv,capacity_scenarios.csv,energy_calibration_bounds.csv,trace_timestamp_anonymized,single_row_default,0.3,20.0,carbon,211.9472222222222,211.94722220222215,2e-08,0.9999999999056368,0.3000000000283089,56.92722900944693,70.30512782658639,33.28748239762519,48.50199911869173,2.108734496470474,0.0434772696958342,0.0,,,1e-08,True,True,0,683,4.440892098500626e-16,0.0,0.0,0.0,1e-08,0.9475833333333334,0,0.0,554,3,-4.440892098500626e-16,4.440892098500626e-16,148.36305553555553,2.003625000000001,1.9219166666666665,59.65862500000002
spatial_wue_coarse,0.75,3.1631017447057106,4.217468992940948,0.7500000000000002,1.054367248235236,0.0017832854951365,0.0053587825380452,-13.230471757899764,-1.0000007932831068e-08,38.354010220005065,1e-08,33.27781044433017,screened_water_cap_0.75,equal_site_portfolio,hub_policy_compliant,central,factorial_026,portfolio_mean,central,gentd26_hourly_service_demand.csv,gentd26_aligned_regional_hourly_cef.csv,capacity_scenarios.csv,energy_calibration_bounds.csv,trace_timestamp_anonymized,single_row_default,0.3,20.0,carbon,211.9472222222222,211.94722220222215,2e-08,0.9999999999056368,0.3000000000283089,56.92722900944693,70.30512782658639,33.27959372982531,48.501999118691735,3.1631017447057115,0.0652159045437513,0.0,,,1e-08,True,True,0,688,4.440892098500626e-16,0.0,0.0,0.0,1e-08,0.9475833333333334,0,0.0,554,3,-8.881784197001252e-16,8.881784197001252e-16,148.36305553555553,3.0441666666666665,2.844145833333336,57.69585416666668
spatial_wue_coarse,1.0,4.217468992940948,4.217468992940948,1.0000000000000004,-1.7763568394002505e-15,0.0,0.0,-13.23512129906874,-1.0000007932831068e-08,38.354010220005065,1e-08,33.27781044433017,screened_water_cap_1.00,equal_site_portfolio,hub_policy_compliant,central,factorial_026,portfolio_mean,central,gentd26_hourly_service_demand.csv,gentd26_aligned_regional_hourly_cef.csv,capacity_scenarios.csv,energy_calibration_bounds.csv,trace_timestamp_anonymized,single_row_default,0.3,20.0,carbon,211.9472222222222,211.94722220222215,2e-08,0.9999999999056368,0.300000000028309,56.92722900944693,70.30512782658639,33.27781044433017,48.501999118691735,4.217468992940949,0.0869545393916684,0.0,,,1e-08,True,True,0,684,4.440892098500626e-16,0.0,2.9108659926890827e-15,0.0,1e-08,0.9475833333333334,0,-2.9108659926890827e-15,554,3,-1.7763568394002505e-15,1.7763568394002505e-15,148.36305553555553,3.853166666666669,3.997916666666667,55.73308333333334
spatial_wue_coarse,0.0,0.0,0.7591444187293707,0.0,0.7591444187293707,0.0582254091812473,0.1749676688574508,-13.083310813418723,-1.0000007932831068e-08,38.354010220005065,1e-08,33.27781044433017,screened_water_cap_0.00,equal_site_portfolio,hub_policy_compliant,central,factorial_027,portfolio_mean,central,gentd26_hourly_service_demand.csv,gentd26_aligned_regional_hourly_cef.csv,capacity_scenarios.csv,energy_calibration_bounds.csv,trace_timestamp_anonymized,single_row_default,0.3,20.0,carbon,211.9472222222222,211.94722220222215,2e-08,0.9999999999056368,0.3000000000283089,56.92722900944693,70.30512782658639,33.33603585351142,51.97456008435192,0.0,0.0,0.0,,,1e-08,True,True,0,0,4.440892098500626e-16,0.0,0.0,0.0,1e-08,0.9475833333333334,0,0.0,554,3,0.0,0.0,148.36305553555553,0.0,0.0,63.5841666666667
spatial_wue_coarse,0.25,0.1897861046823426,0.7591444187293707,0.25,0.569358314047028,0.0284743202674135,0.0855654860918431,-13.160880508851292,-1.0000007932831068e-08,38.354010220005065,1e-08,33.27781044433017,screened_water_cap_0.25,equal_site_portfolio,hub_policy_compliant,central,factorial_027,portfolio_mean,central,gentd26_hourly_service_demand.csv,gentd26_aligned_regional_hourly_cef.csv,capacity_scenarios.csv,energy_calibration_bounds.csv,trace_timestamp_anonymized,single_row_default,0.3,20.0,carbon,211.9472222222222,211.94722220222215,2e-08,0.9999999999056368,0.3000000000283089,56.92722900944693,70.30512782658639,33.306284764597585,51.97456008435192,0.1897861046823427,0.0036515192119823,0.0,,,1e-08,True,True,0,674,4.440892098500626e-16,0.0,0.0,0.0,1e-08,0.9475833333333334,0,0.0,554,3,-5.551115123125783e-17,5.551115123125783e-17,148.36305553555553,0.9091041666666676,1.0536666666666663,61.62139583333336
spatial_wue_coarse,0.5,0.3795722093646853,0.7591444187293707,0.5000000000000001,0.3795722093646853,0.0096719532950189,0.0290642718552724,-13.209903718848215,-1.0000007932831068e-08,38.354010220005065,1e-08,33.27781044433017,screened_water_cap_0.50,equal_site_portfolio,hub_policy_compliant,central,factorial_027,portfolio_mean,central,gentd26_hourly_service_demand.csv,gentd26_aligned_regional_hourly_cef.csv,capacity_scenarios.csv,energy_calibration_bounds.csv,trace_timestamp_anonymized,single_row_default,0.3,20.0,carbon,211.9472222222222,211.94722220222215,2e-08,0.9999999999056368,0.3000000000283089,56.92722900944693,70.30512782658639,33.28748239762519,51.97456008435192,0.3795722093646854,0.0073030384239647,0.0,,,1e-08,True,True,0,686,4.440892098500626e-16,0.0,0.0,0.0,1e-08,0.9475833333333334,0,0.0,554,3,-5.551115123125783e-17,5.551115123125783e-17,148.36305553555553,2.0036250000000013,1.9219166666666665,59.658625000000015
spatial_wue_coarse,0.75,0.569358314047028,0.7591444187293707,0.7500000000000001,0.1897861046823425,0.0017832854951365,0.0053587825380452,-13.230471757899764,-1.0000007932831068e-08,38.354010220005065,1e-08,33.27781044433017,screened_water_cap_0.75,equal_site_portfolio,hub_policy_compliant,central,factorial_027,portfolio_mean,central,gentd26_hourly_service_demand.csv,gentd26_aligned_regional_hourly_cef.csv,capacity_scenarios.csv,energy_calibration_bounds.csv,trace_timestamp_anonymized,single_row_default,0.3,20.0,carbon,211.9472222222222,211.94722220222215,2e-08,0.9999999999056368,0.3000000000283089,56.92722900944693,70.30512782658639,33.27959372982531,51.97456008435192,0.5693583140470281,0.010954557635947,0.0,,,1e-08,True,True,0,686,4.440892098500626e-16,0.0,0.0,0.0,1e-08,0.9475833333333334,0,0.0,554,3,-1.1102230246251563e-16,1.1102230246251563e-16,148.36305553555553,3.0441666666666665,2.8441458333333363,57.69585416666668
spatial_wue_coarse,1.0,0.7591444187293707,0.7591444187293707,1.0000000000000004,-3.3306690738754696e-16,0.0,0.0,-13.23512129906874,-1.0000007932831068e-08,38.354010220005065,1e-08,33.27781044433017,screened_water_cap_1.00,equal_site_portfolio,hub_policy_compliant,central,factorial_027,portfolio_mean,central,gentd26_hourly_service_demand.csv,gentd26_aligned_regional_hourly_cef.csv,capacity_scenarios.csv,energy_calibration_bounds.csv,trace_timestamp_anonymized,single_row_default,0.3,20.0,carbon,211.9472222222222,211.94722220222215,2e-08,0.9999999999056368,0.300000000028309,56.92722900944693,70.30512782658639,33.27781044433017,51.97456008435192,0.759144418729371,0.0146060768479294,0.0,,,1e-08,True,True,0,684,4.440892098500626e-16,0.0,2.9698465908722937e-15,0.0,1e-08,0.9475833333333334,0,-2.9698465908722937e-15,554,3,-3.3306690738754696e-16,3.3306690738754696e-16,148.36305553555553,3.853166666666669,3.997916666666667,55.73308333333334
spatial_wue_coarse,0.0,0.0,0.7591444187293707,0.0,0.7591444187293707,0.0582254091812473,0.1749676688574508,-13.083310813418723,-1.0000007932831068e-08,38.354010220005065,1e-08,33.27781044433017,screened_water_cap_0.00,equal_site_portfolio,hub_policy_compliant,central,factorial_028,portfolio_mean,central,gentd26_hourly_service_demand.csv,gentd26_aligned_regional_hourly_cef.csv,capacity_scenarios.csv,energy_calibration_bounds.csv,trace_timestamp_anonymized,single_row_default,0.3,20.0,carbon,211.9472222222222,211.94722220222215,2e-08,0.9999999999056368,0.3000000000283089,56.92722900944693,70.30512782658639,33.33603585351142,65.46631336086396,0.0,0.0,0.0,,,1e-08,True,True,0,0,4.440892098500626e-16,0.0,0.0,0.0,1e-08,0.9475833333333334,0,0.0,554,3,0.0,0.0,148.36305553555553,0.0,0.0,63.5841666666667
spatial_wue_coarse,0.25,0.1897861046823426,0.7591444187293707,0.25,0.569358314047028,0.0284743202674135,0.0855654860918431,-13.160880508851292,-1.0000007932831068e-08,38.354010220005065,1e-08,33.27781044433017,screened_water_cap_0.25,equal_site_portfolio,hub_policy_compliant,central,factorial_028,portfolio_mean,central,gentd26_hourly_service_demand.csv,gentd26_aligned_regional_hourly_cef.csv,capacity_scenarios.csv,energy_calibration_bounds.csv,trace_timestamp_anonymized,single_row_default,0.3,20.0,carbon,211.9472222222222,211.94722220222215,2e-08,0.9999999999056368,0.3000000000283089,56.92722900944693,70.30512782658639,33.306284764597585,65.04983829781105,0.1897861046823427,0.002917549215318,0.0,,,1e-08,True,True,0,674,4.440892098500626e-16,0.0,0.0,0.0,1e-08,0.9475833333333334,0,0.0,554,3,-5.551115123125783e-17,5.551115123125783e-17,148.36305553555553,0.9091041666666676,1.0536666666666663,61.62139583333336
spatial_wue_coarse,0.5,0.3795722093646853,0.7591444187293707,0.5000000000000001,0.3795722093646853,0.0096719532950189,0.0290642718552724,-13.209903718848215,-1.0000007932831068e-08,38.354010220005065,1e-08,33.27781044433017,screened_water_cap_0.50,equal_site_portfolio,hub_policy_compliant,central,factorial_028,portfolio_mean,central,gentd26_hourly_service_demand.csv,gentd26_aligned_regional_hourly_cef.csv,capacity_scenarios.csv,energy_calibration_bounds.csv,trace_timestamp_anonymized,single_row_default,0.3,20.0,carbon,211.9472222222222,211.94722220222215,2e-08,0.9999999999056368,0.3000000000283089,56.92722900944693,70.30512782658639,33.28748239762519,64.63336323475812,0.3795722093646854,0.0058726977890044,0.0,,,1e-08,True,True,0,686,4.440892098500626e-16,0.0,0.0,0.0,1e-08,0.9475833333333334,0,0.0,554,3,-5.551115123125783e-17,5.551115123125783e-17,148.36305553555553,2.0036250000000013,1.9219166666666665,59.658625000000015
spatial_wue_coarse,0.75,0.569358314047028,0.7591444187293707,0.7500000000000001,0.1897861046823425,0.0017832854951365,0.0053587825380452,-13.230471757899764,-1.0000007932831068e-08,38.354010220005065,1e-08,33.27781044433017,screened_water_cap_0.75,equal_site_portfolio,hub_policy_compliant,central,factorial_028,portfolio_mean,central,gentd26_hourly_service_demand.csv,gentd26_aligned_regional_hourly_cef.csv,capacity_scenarios.csv,energy_calibration_bounds.csv,trace_timestamp_anonymized,single_row_default,0.3,20.0,carbon,211.9472222222222,211.94722220222215,2e-08,0.9999999999056368,0.3000000000283089,56.92722900944693,70.30512782658639,33.27959372982531,64.21688817170522,0.5693583140470281,0.008866177266713,0.0,,,1e-08,True,True,0,686,4.440892098500626e-16,0.0,0.0,0.0,1e-08,0.9475833333333334,0,0.0,554,3,-1.1102230246251563e-16,1.1102230246251563e-16,148.36305553555553,3.0441666666666665,2.8441458333333363,57.69585416666668
spatial_wue_coarse,1.0,0.7591444187293707,0.7591444187293707,1.0000000000000004,-3.3306690738754696e-16,0.0,0.0,-13.23512129906874,-1.0000007932831068e-08,38.354010220005065,1e-08,33.27781044433017,screened_water_cap_1.00,equal_site_portfolio,hub_policy_compliant,central,factorial_028,portfolio_mean,central,gentd26_hourly_service_demand.csv,gentd26_aligned_regional_hourly_cef.csv,capacity_scenarios.csv,energy_calibration_bounds.csv,trace_timestamp_anonymized,single_row_default,0.3,20.0,carbon,211.9472222222222,211.94722220222215,2e-08,0.9999999999056368,0.300000000028309,56.92722900944693,70.30512782658639,33.27781044433017,63.800413108652286,0.759144418729371,0.0118987382955741,0.0,,,1e-08,True,True,0,684,4.440892098500626e-16,0.0,2.9698465908722937e-15,0.0,1e-08,0.9475833333333334,0,-2.9698465908722937e-15,554,3,-3.3306690738754696e-16,3.3306690738754696e-16,148.36305553555553,3.853166666666669,3.997916666666667,55.73308333333334
spatial_wue_coarse,0.0,0.0,0.7591444187293707,0.0,0.7591444187293707,0.0582254091812473,0.1749676688574508,-13.083310813418723,-1.0000007932831068e-08,38.354010220005065,1e-08,33.27781044433017,screened_water_cap_0.00,equal_site_portfolio,hub_policy_compliant,central,factorial_029,portfolio_mean,central,gentd26_hourly_service_demand.csv,gentd26_aligned_regional_hourly_cef.csv,capacity_scenarios.csv,energy_calibration_bounds.csv,trace_timestamp_anonymized,single_row_default,0.3,20.0,carbon,211.9472222222222,211.94722220222215,2e-08,0.9999999999056368,0.3000000000283089,56.92722900944693,70.30512782658639,33.33603585351142,79.98275675964275,0.0,0.0,0.0,,,1e-08,True,True,0,0,4.440892098500626e-16,0.0,0.0,0.0,1e-08,0.9475833333333334,0,0.0,554,3,0.0,0.0,148.36305553555553,0.0,0.0,63.5841666666667
spatial_wue_coarse,0.25,0.1897861046823426,0.7591444187293707,0.25,0.569358314047028,0.0284743202674135,0.0855654860918431,-13.160880508851292,-1.0000007932831068e-08,38.354010220005065,1e-08,33.27781044433017,screened_water_cap_0.25,equal_site_portfolio,hub_policy_compliant,central,factorial_029,portfolio_mean,central,gentd26_hourly_service_demand.csv,gentd26_aligned_regional_hourly_cef.csv,capacity_scenarios.csv,energy_calibration_bounds.csv,trace_timestamp_anonymized,single_row_default,0.3,20.0,carbon,211.9472222222222,211.94722220222215,2e-08,0.9999999999056368,0.3000000000283089,56.92722900944693,70.30512782658639,33.306284764597585,79.11817561608986,0.1897861046823427,0.0023987674539318,0.0,,,1e-08,True,True,0,674,4.440892098500626e-16,0.0,0.0,0.0,1e-08,0.9475833333333334,0,0.0,554,3,-5.551115123125783e-17,5.551115123125783e-17,148.36305553555553,0.9091041666666676,1.0536666666666663,61.62139583333336
spatial_wue_coarse,0.5,0.3795722093646853,0.7591444187293707,0.5000000000000001,0.3795722093646853,0.0096719532950189,0.0290642718552724,-13.209903718848215,-1.0000007932831068e-08,38.354010220005065,1e-08,33.27781044433017,screened_water_cap_0.50,equal_site_portfolio,hub_policy_compliant,central,factorial_029,portfolio_mean,central,gentd26_hourly_service_demand.csv,gentd26_aligned_regional_hourly_cef.csv,capacity_scenarios.csv,energy_calibration_bounds.csv,trace_timestamp_anonymized,single_row_default,0.3,20.0,carbon,211.9472222222222,211.94722220222215,2e-08,0.9999999999056368,0.3000000000283089,56.92722900944693,70.30512782658639,33.28748239762519,78.25359447253697,0.3795722093646854,0.0048505402457633,0.0,,,1e-08,True,True,0,686,4.440892098500626e-16,0.0,0.0,0.0,1e-08,0.9475833333333334,0,0.0,554,3,-5.551115123125783e-17,5.551115123125783e-17,148.36305553555553,2.0036250000000013,1.9219166666666665,59.658625000000015
spatial_wue_coarse,0.75,0.569358314047028,0.7591444187293707,0.7500000000000001,0.1897861046823425,0.0017832854951365,0.0053587825380452,-13.230471757899764,-1.0000007932831068e-08,38.354010220005065,1e-08,33.27781044433017,screened_water_cap_0.75,equal_site_portfolio,hub_policy_compliant,central,factorial_029,portfolio_mean,central,gentd26_hourly_service_demand.csv,gentd26_aligned_regional_hourly_cef.csv,capacity_scenarios.csv,energy_calibration_bounds.csv,trace_timestamp_anonymized,single_row_default,0.3,20.0,carbon,211.9472222222222,211.94722220222215,2e-08,0.9999999999056368,0.3000000000283089,56.92722900944693,70.30512782658639,33.27959372982531,77.38901332898408,0.5693583140470281,0.0073570948840846,0.0,,,1e-08,True,True,0,686,4.440892098500626e-16,0.0,0.0,0.0,1e-08,0.9475833333333334,0,0.0,554,3,-1.1102230246251563e-16,1.1102230246251563e-16,148.36305553555553,3.0441666666666665,2.8441458333333363,57.69585416666668
spatial_wue_coarse,1.0,0.7591444187293707,0.7591444187293707,1.0000000000000004,-3.3306690738754696e-16,0.0,0.0,-13.23512129906874,-1.0000007932831068e-08,38.354010220005065,1e-08,33.27781044433017,screened_water_cap_1.00,equal_site_portfolio,hub_policy_compliant,central,factorial_029,portfolio_mean,central,gentd26_hourly_service_demand.csv,gentd26_aligned_regional_hourly_cef.csv,capacity_scenarios.csv,energy_calibration_bounds.csv,trace_timestamp_anonymized,single_row_default,0.3,20.0,carbon,211.9472222222222,211.94722220222215,2e-08,0.9999999999056368,0.300000000028309,56.92722900944693,70.30512782658639,33.27781044433017,76.52443218543118,0.759144418729371,0.0099202881622151,0.0,,,1e-08,True,True,0,684,4.440892098500626e-16,0.0,2.9698465908722937e-15,0.0,1e-08,0.9475833333333334,0,-2.9698465908722937e-15,554,3,-3.3306690738754696e-16,3.3306690738754696e-16,148.36305553555553,3.853166666666669,3.997916666666667,55.73308333333334
spatial_wue_coarse,0.0,0.0,1.607451601388399,0.0,1.607451601388399,0.0582254091812473,0.1749676688574508,-13.083310813418723,-1.0000007932831068e-08,38.354010220005065,1e-08,33.27781044433017,screened_water_cap_0.00,equal_site_portfolio,hub_policy_compliant,central,factorial_030,portfolio_mean,central,gentd26_hourly_service_demand.csv,gentd26_aligned_regional_hourly_cef.csv,capacity_scenarios.csv,energy_calibration_bounds.csv,trace_timestamp_anonymized,single_row_default,0.3,20.0,carbon,211.9472222222222,211.94722220222215,2e-08,0.9999999999056368,0.3000000000283089,56.92722900944693,70.30512782658639,33.33603585351142,51.97456008435192,0.0,0.0,0.0,,,1e-08,True,True,0,0,4.440892098500626e-16,0.0,0.0,0.0,1e-08,0.9475833333333334,0,0.0,554,3,0.0,0.0,148.36305553555553,0.0,0.0,63.5841666666667
spatial_wue_coarse,0.25,0.4018629003470997,1.607451601388399,0.2500000000000001,1.2055887010412991,0.0239713630847262,0.0720340754534643,-13.172621020878218,-1.0000007932831068e-08,38.354010220005065,1e-08,33.27781044433017,screened_water_cap_0.25,equal_site_portfolio,hub_policy_compliant,central,factorial_030,portfolio_mean,central,gentd26_hourly_service_demand.csv,gentd26_aligned_regional_hourly_cef.csv,capacity_scenarios.csv,energy_calibration_bounds.csv,trace_timestamp_anonymized,single_row_default,0.3,20.0,carbon,211.9472222222222,211.94722220222215,2e-08,0.9999999999056368,0.3000000000283089,56.92722900944693,70.30512782658639,33.3017818074149,52.07396265080524,0.4018629003470999,0.0077171561350514,0.0,,,1e-08,True,True,0,685,4.440892098500626e-16,0.0,0.0,0.0,1e-08,0.9475833333333334,0,0.0,554,3,-1.6653345369377348e-16,1.6653345369377348e-16,148.36305553555553,2.659583333333333,0.4684661231884061,60.45611721014495
spatial_wue_coarse,0.5,0.8037258006941995,1.607451601388399,0.5,0.8037258006941995,0.0074468547581361,0.0223778387421047,-13.215705194428262,-1.0000007932831068e-08,38.354010220005065,1e-08,33.27781044433017,screened_water_cap_0.50,equal_site_portfolio,hub_policy_compliant,central,factorial_030,portfolio_mean,central,gentd26_hourly_service_demand.csv,gentd26_aligned_regional_hourly_cef.csv,capacity_scenarios.csv,energy_calibration_bounds.csv,trace_timestamp_anonymized,single_row_default,0.3,20.0,carbon,211.9472222222222,211.94722220222215,2e-08,0.9999999999056368,0.3000000000283089,56.92722900944693,70.30512782658639,33.28525729908831,52.33455930381336,0.8037258006941995,0.015357458080967,0.0,,,1e-08,True,True,0,682,4.440892098500626e-16,0.0,0.0,0.0,1e-08,0.9475833333333334,0,0.0,554,3,0.0,0.0,148.36305553555553,2.892416666666666,1.6966105072463766,58.99513949275365
spatial_wue_coarse,0.75,1.2055887010412991,1.607451601388399,0.7499999999999999,0.4018629003470999,0.0013964803023469,0.0041964308459707,-13.231480270935482,-1.0000007932831068e-08,38.354010220005065,1e-08,33.27781044433017,screened_water_cap_0.75,equal_site_portfolio,hub_policy_compliant,central,factorial_030,portfolio_mean,central,gentd26_hourly_service_demand.csv,gentd26_aligned_regional_hourly_cef.csv,capacity_scenarios.csv,energy_calibration_bounds.csv,trace_timestamp_anonymized,single_row_default,0.3,20.0,carbon,211.9472222222222,211.94722220222215,2e-08,0.9999999999056368,0.3000000000283089,56.92722900944693,70.30512782658639,33.27920692463252,52.56932111396983,1.2055887010412991,0.0229333131091343,0.0,,,1e-08,True,True,0,687,4.440892098500626e-16,0.0,0.0,0.0,1e-08,0.9475833333333334,0,0.0,554,3,2.220446049250313e-16,0.0,148.36305553555553,3.5141892361111102,2.8030000000000004,57.26697743055557
spatial_wue_coarse,1.0,1.607451601388399,1.607451601388399,1.0,0.0,0.0,0.0,-13.23512129906874,-1.0000007932831068e-08,38.354010220005065,1e-08,33.27781044433017,screened_water_cap_1.00,equal_site_portfolio,hub_policy_compliant,central,factorial_030,portfolio_mean,central,gentd26_hourly_service_demand.csv,gentd26_aligned_regional_hourly_cef.csv,capacity_scenarios.csv,energy_calibration_bounds.csv,trace_timestamp_anonymized,single_row_default,0.3,20.0,carbon,211.9472222222222,211.94722220222215,2e-08,0.9999999999056368,0.300000000028309,56.92722900944693,70.30512782658639,33.27781044433017,52.82286726701096,1.607451601388399,0.0304309796979212,0.0,,,1e-08,True,True,0,683,4.440892098500626e-16,0.0,5.551115123125783e-17,0.0,1e-08,0.9475833333333334,0,-5.551115123125783e-17,554,3,0.0,0.0,148.36305553555553,3.853166666666666,3.997916666666667,55.73308333333334
spatial_wue_coarse,0.0,0.0,1.607451601388399,0.0,1.607451601388399,0.0582254091812473,0.1749676688574508,-13.083310813418723,-1.0000007932831068e-08,38.354010220005065,1e-08,33.27781044433017,screened_water_cap_0.00,equal_site_portfolio,hub_policy_compliant,central,factorial_031,portfolio_mean,central,gentd26_hourly_service_demand.csv,gentd26_aligned_regional_hourly_cef.csv,capacity_scenarios.csv,energy_calibration_bounds.csv,trace_timestamp_anonymized,single_row_default,0.3,20.0,carbon,211.9472222222222,211.94722220222215,2e-08,0.9999999999056368,0.3000000000283089,56.92722900944693,70.30512782658639,33.33603585351142,65.46631336086396,0.0,0.0,0.0,,,1e-08,True,True,0,0,4.440892098500626e-16,0.0,0.0,0.0,1e-08,0.9475833333333334,0,0.0,554,3,0.0,0.0,148.36305553555553,0.0,0.0,63.5841666666667
spatial_wue_coarse,0.25,0.4018629003470997,1.607451601388399,0.2500000000000001,1.2055887010412991,0.0239713630847262,0.0720340754534643,-13.172621020878218,-1.0000007932831068e-08,38.354010220005065,1e-08,33.27781044433017,screened_water_cap_0.25,equal_site_portfolio,hub_policy_compliant,central,factorial_031,portfolio_mean,central,gentd26_hourly_service_demand.csv,gentd26_aligned_regional_hourly_cef.csv,capacity_scenarios.csv,energy_calibration_bounds.csv,trace_timestamp_anonymized,single_row_default,0.3,20.0,carbon,211.9472222222222,211.94722220222215,2e-08,0.9999999999056368,0.3000000000283089,56.92722900944693,70.30512782658639,33.3017818074149,64.90198352793925,0.4018629003470999,0.0061918431225465,0.0,,,1e-08,True,True,0,685,4.440892098500626e-16,0.0,0.0,0.0,1e-08,0.9475833333333334,0,0.0,554,3,-1.6653345369377348e-16,1.6653345369377348e-16,148.36305553555553,2.659583333333333,0.4684661231884061,60.45611721014495
spatial_wue_coarse,0.5,0.8037258006941995,1.607451601388399,0.5,0.8037258006941995,0.0074468547581361,0.0223778387421047,-13.215705194428262,-1.0000007932831068e-08,38.354010220005065,1e-08,33.27781044433017,screened_water_cap_0.50,equal_site_portfolio,hub_policy_compliant,central,factorial_031,portfolio_mean,central,gentd26_hourly_service_demand.csv,gentd26_aligned_regional_hourly_cef.csv,capacity_scenarios.csv,energy_calibration_bounds.csv,trace_timestamp_anonymized,single_row_default,0.3,20.0,carbon,211.9472222222222,211.94722220222215,2e-08,0.9999999999056368,0.3000000000283089,56.92722900944693,70.30512782658639,33.28525729908831,64.85257924928685,0.8037258006941995,0.0123931200577968,0.0,,,1e-08,True,True,0,682,4.440892098500626e-16,0.0,0.0,0.0,1e-08,0.9475833333333334,0,0.0,554,3,0.0,0.0,148.36305553555553,2.892416666666666,1.6966105072463766,58.99513949275365
spatial_wue_coarse,0.75,1.2055887010412991,1.607451601388399,0.7499999999999999,0.4018629003470999,0.0013964803023469,0.0041964308459707,-13.231480270935482,-1.0000007932831068e-08,38.354010220005065,1e-08,33.27781044433017,screened_water_cap_0.75,equal_site_portfolio,hub_policy_compliant,central,factorial_031,portfolio_mean,central,gentd26_hourly_service_demand.csv,gentd26_aligned_regional_hourly_cef.csv,capacity_scenarios.csv,energy_calibration_bounds.csv,trace_timestamp_anonymized,single_row_default,0.3,20.0,carbon,211.9472222222222,211.94722220222215,2e-08,0.9999999999056368,0.3000000000283089,56.92722900944693,70.30512782658639,33.27920692463252,64.72064700041388,1.2055887010412991,0.01862757492263,0.0,,,1e-08,True,True,0,687,4.440892098500626e-16,0.0,0.0,0.0,1e-08,0.9475833333333334,0,0.0,554,3,2.220446049250313e-16,0.0,148.36305553555553,3.5141892361111102,2.8030000000000004,57.26697743055557
spatial_wue_coarse,1.0,1.607451601388399,1.607451601388399,1.0,0.0,0.0,0.0,-13.23512129906874,-1.0000007932831068e-08,38.354010220005065,1e-08,33.27781044433017,screened_water_cap_1.00,equal_site_portfolio,hub_policy_compliant,central,factorial_031,portfolio_mean,central,gentd26_hourly_service_demand.csv,gentd26_aligned_regional_hourly_cef.csv,capacity_scenarios.csv,energy_calibration_bounds.csv,trace_timestamp_anonymized,single_row_default,0.3,20.0,carbon,211.9472222222222,211.94722220222215,2e-08,0.9999999999056368,0.300000000028309,56.92722900944693,70.30512782658639,33.27781044433017,64.64872029131132,1.607451601388399,0.0248643993901985,0.0,,,1e-08,True,True,0,683,4.440892098500626e-16,0.0,5.551115123125783e-17,0.0,1e-08,0.9475833333333334,0,-5.551115123125783e-17,554,3,0.0,0.0,148.36305553555553,3.853166666666666,3.997916666666667,55.73308333333334
spatial_wue_coarse,0.0,0.0,1.607451601388399,0.0,1.607451601388399,0.0582254091812473,0.1749676688574508,-13.083310813418723,-1.0000007932831068e-08,38.354010220005065,1e-08,33.27781044433017,screened_water_cap_0.00,equal_site_portfolio,hub_policy_compliant,central,factorial_032,portfolio_mean,central,gentd26_hourly_service_demand.csv,gentd26_aligned_regional_hourly_cef.csv,capacity_scenarios.csv,energy_calibration_bounds.csv,trace_timestamp_anonymized,single_row_default,0.3,20.0,carbon,211.9472222222222,211.94722220222215,2e-08,0.9999999999056368,0.3000000000283089,56.92722900944693,70.30512782658639,33.33603585351142,79.98275675964275,0.0,0.0,0.0,,,1e-08,True,True,0,0,4.440892098500626e-16,0.0,0.0,0.0,1e-08,0.9475833333333334,0,0.0,554,3,0.0,0.0,148.36305553555553,0.0,0.0,63.5841666666667
spatial_wue_coarse,0.25,0.4018629003470997,1.607451601388399,0.2500000000000001,1.2055887010412991,0.0239713630847262,0.0720340754534643,-13.172621020878218,-1.0000007932831068e-08,38.354010220005065,1e-08,33.27781044433017,screened_water_cap_0.25,equal_site_portfolio,hub_policy_compliant,central,factorial_032,portfolio_mean,central,gentd26_hourly_service_demand.csv,gentd26_aligned_regional_hourly_cef.csv,capacity_scenarios.csv,energy_calibration_bounds.csv,trace_timestamp_anonymized,single_row_default,0.3,20.0,carbon,211.9472222222222,211.94722220222215,2e-08,0.9999999999056368,0.3000000000283089,56.92722900944693,70.30512782658639,33.3017818074149,78.70428447169105,0.4018629003470999,0.0051059850558916,0.0,,,1e-08,True,True,0,685,4.440892098500626e-16,0.0,0.0,0.0,1e-08,0.9475833333333334,0,0.0,554,3,-1.6653345369377348e-16,1.6653345369377348e-16,148.36305553555553,2.659583333333333,0.4684661231884061,60.45611721014495
spatial_wue_coarse,0.5,0.8037258006941995,1.607451601388399,0.5,0.8037258006941995,0.0074468547581361,0.0223778387421047,-13.215705194428262,-1.0000007932831068e-08,38.354010220005065,1e-08,33.27781044433017,screened_water_cap_0.50,equal_site_portfolio,hub_policy_compliant,central,factorial_032,portfolio_mean,central,gentd26_hourly_service_demand.csv,gentd26_aligned_regional_hourly_cef.csv,capacity_scenarios.csv,energy_calibration_bounds.csv,trace_timestamp_anonymized,single_row_default,0.3,20.0,carbon,211.9472222222222,211.94722220222215,2e-08,0.9999999999056368,0.3000000000283089,56.92722900944693,70.30512782658639,33.28525729908831,78.32133488682162,0.8037258006941995,0.0102619012029816,0.0,,,1e-08,True,True,0,682,4.440892098500626e-16,0.0,0.0,0.0,1e-08,0.9475833333333334,0,0.0,554,3,0.0,0.0,148.36305553555553,2.892416666666666,1.6966105072463766,58.99513949275365
spatial_wue_coarse,0.75,1.2055887010412991,1.607451601388399,0.7499999999999999,0.4018629003470999,0.0013964803023469,0.0041964308459707,-13.231480270935482,-1.0000007932831068e-08,38.354010220005065,1e-08,33.27781044433017,screened_water_cap_0.75,equal_site_portfolio,hub_policy_compliant,central,factorial_032,portfolio_mean,central,gentd26_hourly_service_demand.csv,gentd26_aligned_regional_hourly_cef.csv,capacity_scenarios.csv,energy_calibration_bounds.csv,trace_timestamp_anonymized,single_row_default,0.3,20.0,carbon,211.9472222222222,211.94722220222215,2e-08,0.9999999999056368,0.3000000000283089,56.92722900944693,70.30512782658639,33.27920692463252,77.79485839722076,1.2055887010412991,0.0154970228865969,0.0,,,1e-08,True,True,0,687,4.440892098500626e-16,0.0,0.0,0.0,1e-08,0.9475833333333334,0,0.0,554,3,2.220446049250313e-16,0.0,148.36305553555553,3.5141892361111102,2.8030000000000004,57.26697743055557
spatial_wue_coarse,1.0,1.607451601388399,1.607451601388399,1.0,0.0,0.0,0.0,-13.23512129906874,-1.0000007932831068e-08,38.354010220005065,1e-08,33.27781044433017,screened_water_cap_1.00,equal_site_portfolio,hub_policy_compliant,central,factorial_032,portfolio_mean,central,gentd26_hourly_service_demand.csv,gentd26_aligned_regional_hourly_cef.csv,capacity_scenarios.csv,energy_calibration_bounds.csv,trace_timestamp_anonymized,single_row_default,0.3,20.0,carbon,211.9472222222222,211.94722220222215,2e-08,0.9999999999056368,0.300000000028309,56.92722900944693,70.30512782658639,33.27781044433017,77.37273936809021,1.607451601388399,0.0207754257444753,0.0,,,1e-08,True,True,0,683,4.440892098500626e-16,0.0,5.551115123125783e-17,0.0,1e-08,0.9475833333333334,0,-5.551115123125783e-17,554,3,0.0,0.0,148.36305553555553,3.853166666666666,3.997916666666667,55.73308333333334
spatial_wue_coarse,0.0,0.0,2.5201871776671005,0.0,2.5201871776671005,0.0582254091812473,0.1749676688574508,-13.083310813418723,-1.0000007932831068e-08,38.354010220005065,1e-08,33.27781044433017,screened_water_cap_0.00,equal_site_portfolio,hub_policy_compliant,central,factorial_033,portfolio_mean,central,gentd26_hourly_service_demand.csv,gentd26_aligned_regional_hourly_cef.csv,capacity_scenarios.csv,energy_calibration_bounds.csv,trace_timestamp_anonymized,single_row_default,0.3,20.0,carbon,211.9472222222222,211.94722220222215,2e-08,0.9999999999056368,0.3000000000283089,56.92722900944693,70.30512782658639,33.33603585351142,51.97456008435192,0.0,0.0,0.0,,,1e-08,True,True,0,0,4.440892098500626e-16,0.0,0.0,0.0,1e-08,0.9475833333333334,0,0.0,554,3,0.0,0.0,148.36305553555553,0.0,0.0,63.5841666666667
spatial_wue_coarse,0.25,0.6300467944167751,2.5201871776671005,0.2500000000000001,1.8901403832503247,0.0204451872975539,0.061437898180694,-13.181814781235856,-1.0000007932831068e-08,38.354010220005065,1e-08,33.27781044433017,screened_water_cap_0.25,equal_site_portfolio,hub_policy_compliant,central,factorial_033,portfolio_mean,central,gentd26_hourly_service_demand.csv,gentd26_aligned_regional_hourly_cef.csv,capacity_scenarios.csv,energy_calibration_bounds.csv,trace_timestamp_anonymized,single_row_default,0.3,20.0,carbon,211.9472222222222,211.94722220222215,2e-08,0.9999999999056368,0.3000000000283089,56.92722900944693,70.30512782658639,33.298255631627725,52.251444092894126,0.6300467944167754,0.0120579785947477,0.0,,,1e-08,True,True,0,678,4.440892098500626e-16,0.0,0.0,0.0,1e-08,0.9475833333333334,0,0.0,554,3,-2.220446049250313e-16,2.220446049250313e-16,148.36305553555553,3.023833333333333,0.6285816666666666,59.93175166666669
spatial_wue_coarse,0.5,1.2600935888335505,2.5201871776671005,0.5,1.2600935888335505,0.0058323095742167,0.0175261217500333,-13.219914780791353,-1.0000007932831068e-08,38.354010220005065,1e-08,33.27781044433017,screened_water_cap_0.50,equal_site_portfolio,hub_policy_compliant,central,factorial_033,portfolio_mean,central,gentd26_hourly_service_demand.csv,gentd26_aligned_regional_hourly_cef.csv,capacity_scenarios.csv,energy_calibration_bounds.csv,trace_timestamp_anonymized,single_row_default,0.3,20.0,carbon,211.9472222222222,211.94722220222215,2e-08,0.9999999999056368,0.3000000000283089,56.92722900944693,70.30512782658639,33.28364275390439,52.76647027050718,1.2600935888335505,0.023880573826024,0.0,,,1e-08,True,True,0,689,4.440892098500626e-16,0.0,0.0,0.0,1e-08,0.9475833333333334,0,0.0,554,3,0.0,0.0,148.36305553555553,3.0441666666666665,1.797793333333333,58.74220666666668
spatial_wue_coarse,0.75,1.8901403832503252,2.5201871776671005,0.75,0.6300467944167751,0.0011942248641645,0.0035886521625672,-13.232007609372898,-1.0000007932831068e-08,38.354010220005065,1e-08,33.27781044433017,screened_water_cap_0.75,equal_site_portfolio,hub_policy_compliant,central,factorial_033,portfolio_mean,central,gentd26_hourly_service_demand.csv,gentd26_aligned_regional_hourly_cef.csv,capacity_scenarios.csv,energy_calibration_bounds.csv,trace_timestamp_anonymized,single_row_default,0.3,20.0,carbon,211.9472222222222,211.94722220222215,2e-08,0.9999999999056368,0.300000000028309,56.92722900944693,70.30512782658639,33.279004669194336,53.21896447186789,1.8901403832503252,0.0355162939002594,0.0,,,1e-08,True,True,0,690,4.440892098500626e-16,0.0,0.0,0.0,1e-08,0.9475833333333334,0,0.0,554,3,0.0,0.0,148.36305553555553,3.853166666666666,2.8250450000000003,56.905955000000006
spatial_wue_coarse,1.0,2.5201871776671005,2.5201871776671005,1.0000000000000004,-8.881784197001252e-16,0.0,0.0,-13.23512129906874,-1.0000007932831068e-08,38.354010220005065,1e-08,33.27781044433017,screened_water_cap_1.00,equal_site_portfolio,hub_policy_compliant,central,factorial_033,portfolio_mean,central,gentd26_hourly_service_demand.csv,gentd26_aligned_regional_hourly_cef.csv,capacity_scenarios.csv,energy_calibration_bounds.csv,trace_timestamp_anonymized,single_row_default,0.3,20.0,carbon,211.9472222222222,211.94722220222215,2e-08,0.9999999999056368,0.300000000028309,56.92722900944693,70.30512782658639,33.27781044433017,53.73560284328965,2.520187177667101,0.0468997655989229,0.0,,,1e-08,True,True,0,682,4.440892098500626e-16,0.0,9.43689570931383e-16,0.0,1e-08,0.9475833333333334,0,-9.43689570931383e-16,554,3,-8.881784197001252e-16,8.881784197001252e-16,148.36305553555553,3.853166666666666,3.997916666666668,55.73308333333334
spatial_wue_coarse,0.0,0.0,2.5201871776671005,0.0,2.5201871776671005,0.0582254091812473,0.1749676688574508,-13.083310813418723,-1.0000007932831068e-08,38.354010220005065,1e-08,33.27781044433017,screened_water_cap_0.00,equal_site_portfolio,hub_policy_compliant,central,factorial_034,portfolio_mean,central,gentd26_hourly_service_demand.csv,gentd26_aligned_regional_hourly_cef.csv,capacity_scenarios.csv,energy_calibration_bounds.csv,trace_timestamp_anonymized,single_row_default,0.3,20.0,carbon,211.9472222222222,211.94722220222215,2e-08,0.9999999999056368,0.3000000000283089,56.92722900944693,70.30512782658639,33.33603585351142,65.46631336086396,0.0,0.0,0.0,,,1e-08,True,True,0,0,4.440892098500626e-16,0.0,0.0,0.0,1e-08,0.9475833333333334,0,0.0,554,3,0.0,0.0,148.36305553555553,0.0,0.0,63.5841666666667
spatial_wue_coarse,0.25,0.6300467944167751,2.5201871776671005,0.2500000000000001,1.8901403832503247,0.0204451872975539,0.061437898180694,-13.181814781235856,-1.0000007932831068e-08,38.354010220005065,1e-08,33.27781044433017,screened_water_cap_0.25,equal_site_portfolio,hub_policy_compliant,central,factorial_034,portfolio_mean,central,gentd26_hourly_service_demand.csv,gentd26_aligned_regional_hourly_cef.csv,capacity_scenarios.csv,energy_calibration_bounds.csv,trace_timestamp_anonymized,single_row_default,0.3,20.0,carbon,211.9472222222222,211.94722220222215,2e-08,0.9999999999056368,0.3000000000283089,56.92722900944693,70.30512782658639,33.298255631627725,64.96820125595919,0.6300467944167754,0.0096977718674177,0.0,,,1e-08,True,True,0,678,4.440892098500626e-16,0.0,0.0,0.0,1e-08,0.9475833333333334,0,0.0,554,3,-2.220446049250313e-16,2.220446049250313e-16,148.36305553555553,3.023833333333333,0.6285816666666666,59.93175166666669
spatial_wue_coarse,0.5,1.2600935888335505,2.5201871776671005,0.5,1.2600935888335505,0.0058323095742167,0.0175261217500333,-13.219914780791353,-1.0000007932831068e-08,38.354010220005065,1e-08,33.27781044433017,screened_water_cap_0.50,equal_site_portfolio,hub_policy_compliant,central,factorial_034,portfolio_mean,central,gentd26_hourly_service_demand.csv,gentd26_aligned_regional_hourly_cef.csv,capacity_scenarios.csv,energy_calibration_bounds.csv,trace_timestamp_anonymized,single_row_default,0.3,20.0,carbon,211.9472222222222,211.94722220222215,2e-08,0.9999999999056368,0.3000000000283089,56.92722900944693,70.30512782658639,33.28364275390439,65.23082108003074,1.2600935888335505,0.0193174571156717,0.0,,,1e-08,True,True,0,689,4.440892098500626e-16,0.0,0.0,0.0,1e-08,0.9475833333333334,0,0.0,554,3,0.0,0.0,148.36305553555553,3.0441666666666665,1.797793333333333,58.74220666666668
spatial_wue_coarse,0.75,1.8901403832503252,2.5201871776671005,0.75,0.6300467944167751,0.0011942248641645,0.0035886521625672,-13.232007609372898,-1.0000007932831068e-08,38.354010220005065,1e-08,33.27781044433017,screened_water_cap_0.75,equal_site_portfolio,hub_policy_compliant,central,factorial_034,portfolio_mean,central,gentd26_hourly_service_demand.csv,gentd26_aligned_regional_hourly_cef.csv,capacity_scenarios.csv,energy_calibration_bounds.csv,trace_timestamp_anonymized,single_row_default,0.3,20.0,carbon,211.9472222222222,211.94722220222215,2e-08,0.9999999999056368,0.300000000028309,56.92722900944693,70.30512782658639,33.279004669194336,65.2936859799629,1.8901403832503252,0.028948287340224,0.0,,,1e-08,True,True,0,690,4.440892098500626e-16,0.0,0.0,0.0,1e-08,0.9475833333333334,0,0.0,554,3,0.0,0.0,148.36305553555553,3.853166666666666,2.8250450000000003,56.905955000000006
spatial_wue_coarse,1.0,2.5201871776671005,2.5201871776671005,1.0000000000000004,-8.881784197001252e-16,0.0,0.0,-13.23512129906874,-1.0000007932831068e-08,38.354010220005065,1e-08,33.27781044433017,screened_water_cap_1.00,equal_site_portfolio,hub_policy_compliant,central,factorial_034,portfolio_mean,central,gentd26_hourly_service_demand.csv,gentd26_aligned_regional_hourly_cef.csv,capacity_scenarios.csv,energy_calibration_bounds.csv,trace_timestamp_anonymized,single_row_default,0.3,20.0,carbon,211.9472222222222,211.94722220222215,2e-08,0.9999999999056368,0.300000000028309,56.92722900944693,70.30512782658639,33.27781044433017,65.56145586759003,2.520187177667101,0.0384400734290731,0.0,,,1e-08,True,True,0,682,4.440892098500626e-16,0.0,9.43689570931383e-16,0.0,1e-08,0.9475833333333334,0,-9.43689570931383e-16,554,3,-8.881784197001252e-16,8.881784197001252e-16,148.36305553555553,3.853166666666666,3.997916666666668,55.73308333333334
spatial_wue_coarse,0.0,0.0,2.5201871776671005,0.0,2.5201871776671005,0.0582254091812473,0.1749676688574508,-13.083310813418723,-1.0000007932831068e-08,38.354010220005065,1e-08,33.27781044433017,screened_water_cap_0.00,equal_site_portfolio,hub_policy_compliant,central,factorial_035,portfolio_mean,central,gentd26_hourly_service_demand.csv,gentd26_aligned_regional_hourly_cef.csv,capacity_scenarios.csv,energy_calibration_bounds.csv,trace_timestamp_anonymized,single_row_default,0.3,20.0,carbon,211.9472222222222,211.94722220222215,2e-08,0.9999999999056368,0.3000000000283089,56.92722900944693,70.30512782658639,33.33603585351142,79.98275675964275,0.0,0.0,0.0,,,1e-08,True,True,0,0,4.440892098500626e-16,0.0,0.0,0.0,1e-08,0.9475833333333334,0,0.0,554,3,0.0,0.0,148.36305553555553,0.0,0.0,63.5841666666667
spatial_wue_coarse,0.25,0.6300467944167751,2.5201871776671005,0.2500000000000001,1.8901403832503247,0.0204451872975539,0.061437898180694,-13.181814781235856,-1.0000007932831068e-08,38.354010220005065,1e-08,33.27781044433017,screened_water_cap_0.25,equal_site_portfolio,hub_policy_compliant,central,factorial_035,portfolio_mean,central,gentd26_hourly_service_demand.csv,gentd26_aligned_regional_hourly_cef.csv,capacity_scenarios.csv,energy_calibration_bounds.csv,trace_timestamp_anonymized,single_row_default,0.3,20.0,carbon,211.9472222222222,211.94722220222215,2e-08,0.9999999999056368,0.3000000000283089,56.92722900944693,70.30512782658639,33.298255631627725,78.65078807697857,0.6300467944167754,0.0080106863493869,0.0,,,1e-08,True,True,0,678,4.440892098500626e-16,0.0,0.0,0.0,1e-08,0.9475833333333334,0,0.0,554,3,-2.220446049250313e-16,2.220446049250313e-16,148.36305553555553,3.023833333333333,0.6285816666666666,59.93175166666669
spatial_wue_coarse,0.5,1.2600935888335505,2.5201871776671005,0.5,1.2600935888335505,0.0058323095742167,0.0175261217500333,-13.219914780791353,-1.0000007932831068e-08,38.354010220005065,1e-08,33.27781044433017,screened_water_cap_0.50,equal_site_portfolio,hub_policy_compliant,central,factorial_035,portfolio_mean,central,gentd26_hourly_service_demand.csv,gentd26_aligned_regional_hourly_cef.csv,capacity_scenarios.csv,energy_calibration_bounds.csv,trace_timestamp_anonymized,single_row_default,0.3,20.0,carbon,211.9472222222222,211.94722220222215,2e-08,0.9999999999056368,0.3000000000283089,56.92722900944693,70.30512782658639,33.28364275390439,78.641831444708,1.2600935888335505,0.016023197396153,0.0,,,1e-08,True,True,0,689,4.440892098500626e-16,0.0,0.0,0.0,1e-08,0.9475833333333334,0,0.0,554,3,0.0,0.0,148.36305553555553,3.0441666666666665,1.797793333333333,58.74220666666668
spatial_wue_coarse,0.75,1.8901403832503252,2.5201871776671005,0.75,0.6300467944167751,0.0011942248641645,0.0035886521625672,-13.232007609372898,-1.0000007932831068e-08,38.354010220005065,1e-08,33.27781044433017,screened_water_cap_0.75,equal_site_portfolio,hub_policy_compliant,central,factorial_035,portfolio_mean,central,gentd26_hourly_service_demand.csv,gentd26_aligned_regional_hourly_cef.csv,capacity_scenarios.csv,energy_calibration_bounds.csv,trace_timestamp_anonymized,single_row_default,0.3,20.0,carbon,211.9472222222222,211.94722220222215,2e-08,0.9999999999056368,0.300000000028309,56.92722900944693,70.30512782658639,33.279004669194336,78.28547494436891,1.8901403832503252,0.0241442027987119,0.0,,,1e-08,True,True,0,690,4.440892098500626e-16,0.0,0.0,0.0,1e-08,0.9475833333333334,0,0.0,554,3,0.0,0.0,148.36305553555553,3.853166666666666,2.8250450000000003,56.905955000000006
spatial_wue_coarse,1.0,2.5201871776671005,2.5201871776671005,1.0000000000000004,-8.881784197001252e-16,0.0,0.0,-13.23512129906874,-1.0000007932831068e-08,38.354010220005065,1e-08,33.27781044433017,screened_water_cap_1.00,equal_site_portfolio,hub_policy_compliant,central,factorial_035,portfolio_mean,central,gentd26_hourly_service_demand.csv,gentd26_aligned_regional_hourly_cef.csv,capacity_scenarios.csv,energy_calibration_bounds.csv,trace_timestamp_anonymized,single_row_default,0.3,20.0,carbon,211.9472222222222,211.94722220222215,2e-08,0.9999999999056368,0.300000000028309,56.92722900944693,70.30512782658639,33.27781044433017,78.28547494436891,2.520187177667101,0.0321922703982825,0.0,,,1e-08,True,True,0,682,4.440892098500626e-16,0.0,9.43689570931383e-16,0.0,1e-08,0.9475833333333334,0,-9.43689570931383e-16,554,3,-8.881784197001252e-16,8.881784197001252e-16,148.36305553555553,3.853166666666666,3.997916666666668,55.73308333333334
spatial_wue_coarse,0.0,0.0,1.5767374882820158,0.0,1.5767374882820158,0.0582254091812473,0.1749676688574508,-13.083310813418723,-1.0000007932831068e-08,38.354010220005065,1e-08,33.27781044433017,screened_water_cap_0.00,equal_site_portfolio,hub_policy_compliant,central,factorial_036,portfolio_mean,central,gentd26_hourly_service_demand.csv,gentd26_aligned_regional_hourly_cef.csv,capacity_scenarios.csv,energy_calibration_bounds.csv,trace_timestamp_anonymized,single_row_default,0.3,20.0,carbon,211.9472222222222,211.94722220222215,2e-08,0.9999999999056368,0.3000000000283089,56.92722900944693,70.30512782658639,33.33603585351142,51.97456008435192,0.0,0.0,0.0,,,1e-08,True,True,0,0,4.440892098500626e-16,0.0,0.0,0.0,1e-08,0.9475833333333334,0,0.0,554,3,0.0,0.0,148.36305553555553,0.0,0.0,63.5841666666667
spatial_wue_coarse,0.25,0.3941843720705039,1.5767374882820158,0.2499999999999999,1.182553116211512,0.0217662157126738,0.065407595698308,-13.178370477999923,-1.0000007932831068e-08,38.354010220005065,1e-08,33.27781044433017,screened_water_cap_0.25,equal_site_portfolio,hub_policy_compliant,central,factorial_036,portfolio_mean,central,gentd26_hourly_service_demand.csv,gentd26_aligned_regional_hourly_cef.csv,capacity_scenarios.csv,energy_calibration_bounds.csv,trace_timestamp_anonymized,single_row_default,0.3,20.0,carbon,211.9472222222222,211.94722220222215,2e-08,0.9999999999056368,0.3000000000283089,56.92722900944693,70.30512782658639,33.299576660042845,52.11035773317632,0.3941843720705038,0.0075644150072595,0.0,,,1e-08,True,True,0,678,4.440892098500626e-16,0.0,0.0,0.0,1e-08,0.9475833333333334,0,0.0,554,3,1.1102230246251563e-16,0.0,148.36305553555553,0.6399894927536229,2.03225,60.91192717391307
spatial_wue_coarse,0.5,0.7883687441410079,1.5767374882820158,0.5,0.7883687441410079,0.0085970239226114,0.0258341032893127,-13.2127063706863,-9.999979511121636e-09,38.354010220005065,1e-08,33.27781044433017,screened_water_cap_0.50,equal_site_portfolio,hub_policy_compliant,central,factorial_036,portfolio_mean,central,gentd26_hourly_service_demand.csv,gentd26_aligned_regional_hourly_cef.csv,capacity_scenarios.csv,energy_calibration_bounds.csv,trace_timestamp_anonymized,single_row_default,0.3,20.0,carbon,211.9472222222222,211.9472222022222,2e-08,0.9999999999056368,0.3000000000283089,56.92722900944693,70.30512782658639,33.28640746825278,52.33515473523187,0.7883687441410079,0.015063846627175,0.0,,,1e-08,True,True,0,681,4.440892098500626e-16,0.0,0.0,0.0,1e-08,0.9475833333333334,0,0.0,554,3,0.0,0.0,148.36305553555553,1.699416666666667,2.7246296296296286,59.16012037037039
spatial_wue_coarse,0.75,1.182553116211512,1.5767374882820158,0.7500000000000001,0.3941843720705038,0.0020286516806464,0.0060961092498645,-13.229832017272637,-1.0000007932831068e-08,38.354010220005065,1e-08,33.27781044433017,screened_water_cap_0.75,equal_site_portfolio,hub_policy_compliant,central,factorial_036,portfolio_mean,central,gentd26_hourly_service_demand.csv,gentd26_aligned_regional_hourly_cef.csv,capacity_scenarios.csv,energy_calibration_bounds.csv,trace_timestamp_anonymized,single_row_default,0.3,20.0,carbon,211.9472222222222,211.94722220222215,2e-08,0.9999999999056368,0.3000000000283089,56.92722900944693,70.30512782658639,33.27983909601082,52.58829419592904,1.182553116211512,0.0224870027501872,0.0,,,1e-08,True,True,0,686,4.440892098500626e-16,0.0,0.0,0.0,1e-08,0.9475833333333334,0,0.0,554,3,0.0,0.0,148.36305553555553,2.892416666666666,2.9903182870370384,57.70143171296298
spatial_wue_coarse,1.0,1.5767374882820158,1.5767374882820158,1.0,0.0,0.0,0.0,-13.23512129906874,-1.0000007932831068e-08,38.354010220005065,1e-08,33.27781044433017,screened_water_cap_1.00,equal_site_portfolio,hub_policy_compliant,central,factorial_036,portfolio_mean,central,gentd26_hourly_service_demand.csv,gentd26_aligned_regional_hourly_cef.csv,capacity_scenarios.csv,energy_calibration_bounds.csv,trace_timestamp_anonymized,single_row_default,0.3,20.0,carbon,211.9472222222222,211.94722220222215,2e-08,0.9999999999056368,0.3000000000283089,56.92722900944693,70.30512782658639,33.27781044433017,52.79215315390457,1.5767374882820158,0.0298668910829487,0.0,,,1e-08,True,True,0,691,4.440892098500626e-16,0.0,0.0,0.0,1e-08,0.9475833333333334,0,0.0,554,3,0.0,0.0,148.36305553555553,3.8531666666666657,3.997916666666667,55.73308333333334
spatial_wue_coarse,0.0,0.0,1.5767374882820158,0.0,1.5767374882820158,0.0582254091812473,0.1749676688574508,-13.083310813418723,-1.0000007932831068e-08,38.354010220005065,1e-08,33.27781044433017,screened_water_cap_0.00,equal_site_portfolio,hub_policy_compliant,central,factorial_037,portfolio_mean,central,gentd26_hourly_service_demand.csv,gentd26_aligned_regional_hourly_cef.csv,capacity_scenarios.csv,energy_calibration_bounds.csv,trace_timestamp_anonymized,single_row_default,0.3,20.0,carbon,211.9472222222222,211.94722220222215,2e-08,0.9999999999056368,0.3000000000283089,56.92722900944693,70.30512782658639,33.33603585351142,65.46631336086396,0.0,0.0,0.0,,,1e-08,True,True,0,0,4.440892098500626e-16,0.0,0.0,0.0,1e-08,0.9475833333333334,0,0.0,554,3,0.0,0.0,148.36305553555553,0.0,0.0,63.5841666666667
spatial_wue_coarse,0.25,0.3941843720705039,1.5767374882820158,0.2499999999999999,1.182553116211512,0.0217662157126738,0.065407595698308,-13.178370477999923,-1.0000007932831068e-08,38.354010220005065,1e-08,33.27781044433017,screened_water_cap_0.25,equal_site_portfolio,hub_policy_compliant,central,factorial_037,portfolio_mean,central,gentd26_hourly_service_demand.csv,gentd26_aligned_regional_hourly_cef.csv,capacity_scenarios.csv,energy_calibration_bounds.csv,trace_timestamp_anonymized,single_row_default,0.3,20.0,carbon,211.9472222222222,211.94722220222215,2e-08,0.9999999999056368,0.3000000000283089,56.92722900944693,70.30512782658639,33.299576660042845,65.03509570034274,0.3941843720705038,0.0060611023605893,0.0,,,1e-08,True,True,0,678,4.440892098500626e-16,0.0,0.0,0.0,1e-08,0.9475833333333334,0,0.0,554,3,1.1102230246251563e-16,0.0,148.36305553555553,0.6399894927536229,2.03225,60.91192717391307
spatial_wue_coarse,0.5,0.7883687441410079,1.5767374882820158,0.5,0.7883687441410079,0.0085970239226114,0.0258341032893127,-13.2127063706863,-9.999979511121636e-09,38.354010220005065,1e-08,33.27781044433017,screened_water_cap_0.50,equal_site_portfolio,hub_policy_compliant,central,factorial_037,portfolio_mean,central,gentd26_hourly_service_demand.csv,gentd26_aligned_regional_hourly_cef.csv,capacity_scenarios.csv,energy_calibration_bounds.csv,trace_timestamp_anonymized,single_row_default,0.3,20.0,carbon,211.9472222222222,211.9472222022222,2e-08,0.9999999999056368,0.3000000000283089,56.92722900944693,70.30512782658639,33.28640746825278,64.88818152930992,0.7883687441410079,0.0121496507616707,0.0,,,1e-08,True,True,0,681,4.440892098500626e-16,0.0,0.0,0.0,1e-08,0.9475833333333334,0,0.0,554,3,0.0,0.0,148.36305553555553,1.699416666666667,2.7246296296296286,59.16012037037039
spatial_wue_coarse,0.75,1.182553116211512,1.5767374882820158,0.7500000000000001,0.3941843720705038,0.0020286516806464,0.0060961092498645,-13.229832017272637,-1.0000007932831068e-08,38.354010220005065,1e-08,33.27781044433017,screened_water_cap_0.75,equal_site_portfolio,hub_policy_compliant,central,factorial_037,portfolio_mean,central,gentd26_hourly_service_demand.csv,gentd26_aligned_regional_hourly_cef.csv,capacity_scenarios.csv,energy_calibration_bounds.csv,trace_timestamp_anonymized,single_row_default,0.3,20.0,carbon,211.9472222222222,211.94722220222215,2e-08,0.9999999999056368,0.3000000000283089,56.92722900944693,70.30512782658639,33.27983909601082,64.83180576782672,1.182553116211512,0.0182403235912698,0.0,,,1e-08,True,True,0,686,4.440892098500626e-16,0.0,0.0,0.0,1e-08,0.9475833333333334,0,0.0,554,3,0.0,0.0,148.36305553555553,2.892416666666666,2.9903182870370384,57.70143171296298
spatial_wue_coarse,1.0,1.5767374882820158,1.5767374882820158,1.0,0.0,0.0,0.0,-13.23512129906874,-1.0000007932831068e-08,38.354010220005065,1e-08,33.27781044433017,screened_water_cap_1.00,equal_site_portfolio,hub_policy_compliant,central,factorial_037,portfolio_mean,central,gentd26_hourly_service_demand.csv,gentd26_aligned_regional_hourly_cef.csv,capacity_scenarios.csv,energy_calibration_bounds.csv,trace_timestamp_anonymized,single_row_default,0.3,20.0,carbon,211.9472222222222,211.94722220222215,2e-08,0.9999999999056368,0.3000000000283089,56.92722900944693,70.30512782658639,33.27781044433017,64.61800617820494,1.5767374882820158,0.0244008997110442,0.0,,,1e-08,True,True,0,691,4.440892098500626e-16,0.0,0.0,0.0,1e-08,0.9475833333333334,0,0.0,554,3,0.0,0.0,148.36305553555553,3.8531666666666657,3.997916666666667,55.73308333333334
spatial_wue_coarse,0.0,0.0,1.5767374882820158,0.0,1.5767374882820158,0.0582254091812473,0.1749676688574508,-13.083310813418723,-1.0000007932831068e-08,38.354010220005065,1e-08,33.27781044433017,screened_water_cap_0.00,equal_site_portfolio,hub_policy_compliant,central,factorial_038,portfolio_mean,central,gentd26_hourly_service_demand.csv,gentd26_aligned_regional_hourly_cef.csv,capacity_scenarios.csv,energy_calibration_bounds.csv,trace_timestamp_anonymized,single_row_default,0.3,20.0,carbon,211.9472222222222,211.94722220222215,2e-08,0.9999999999056368,0.3000000000283089,56.92722900944693,70.30512782658639,33.33603585351142,79.98275675964275,0.0,0.0,0.0,,,1e-08,True,True,0,0,4.440892098500626e-16,0.0,0.0,0.0,1e-08,0.9475833333333334,0,0.0,554,3,0.0,0.0,148.36305553555553,0.0,0.0,63.5841666666667
spatial_wue_coarse,0.25,0.3941843720705039,1.5767374882820158,0.2499999999999999,1.182553116211512,0.0217662157126738,0.065407595698308,-13.178370477999923,-1.0000007932831068e-08,38.354010220005065,1e-08,33.27781044433017,screened_water_cap_0.25,equal_site_portfolio,hub_policy_compliant,central,factorial_038,portfolio_mean,central,gentd26_hourly_service_demand.csv,gentd26_aligned_regional_hourly_cef.csv,capacity_scenarios.csv,energy_calibration_bounds.csv,trace_timestamp_anonymized,single_row_default,0.3,20.0,carbon,211.9472222222222,211.94722220222215,2e-08,0.9999999999056368,0.3000000000283089,56.92722900944693,70.30512782658639,33.299576660042845,78.94145933590156,0.3941843720705038,0.0049933757924745,0.0,,,1e-08,True,True,0,678,4.440892098500626e-16,0.0,0.0,0.0,1e-08,0.9475833333333334,0,0.0,554,3,1.1102230246251563e-16,0.0,148.36305553555553,0.6399894927536229,2.03225,60.91192717391307
spatial_wue_coarse,0.5,0.7883687441410079,1.5767374882820158,0.5,0.7883687441410079,0.0085970239226114,0.0258341032893127,-13.2127063706863,-9.999979511121636e-09,38.354010220005065,1e-08,33.27781044433017,screened_water_cap_0.50,equal_site_portfolio,hub_policy_compliant,central,factorial_038,portfolio_mean,central,gentd26_hourly_service_demand.csv,gentd26_aligned_regional_hourly_cef.csv,capacity_scenarios.csv,energy_calibration_bounds.csv,trace_timestamp_anonymized,single_row_default,0.3,20.0,carbon,211.9472222222222,211.9472222022222,2e-08,0.9999999999056368,0.3000000000283089,56.92722900944693,70.30512782658639,33.28640746825278,78.39460276344454,0.7883687441410079,0.0100564160841519,0.0,,,1e-08,True,True,0,681,4.440892098500626e-16,0.0,0.0,0.0,1e-08,0.9475833333333334,0,0.0,554,3,0.0,0.0,148.36305553555553,1.699416666666667,2.7246296296296286,59.16012037037039
spatial_wue_coarse,0.75,1.182553116211512,1.5767374882820158,0.7500000000000001,0.3941843720705038,0.0020286516806464,0.0060961092498645,-13.229832017272637,-1.0000007932831068e-08,38.354010220005065,1e-08,33.27781044433017,screened_water_cap_0.75,equal_site_portfolio,hub_policy_compliant,central,factorial_038,portfolio_mean,central,gentd26_hourly_service_demand.csv,gentd26_aligned_regional_hourly_cef.csv,capacity_scenarios.csv,energy_calibration_bounds.csv,trace_timestamp_anonymized,single_row_default,0.3,20.0,carbon,211.9472222222222,211.94722220222215,2e-08,0.9999999999056368,0.3000000000283089,56.92722900944693,70.30512782658639,33.27983909601082,78.00520429455207,1.182553116211512,0.0151599258909203,0.0,,,1e-08,True,True,0,686,4.440892098500626e-16,0.0,0.0,0.0,1e-08,0.9475833333333334,0,0.0,554,3,0.0,0.0,148.36305553555553,2.892416666666666,2.9903182870370384,57.70143171296298
spatial_wue_coarse,1.0,1.5767374882820158,1.5767374882820158,1.0,0.0,0.0,0.0,-13.23512129906874,-1.0000007932831068e-08,38.354010220005065,1e-08,33.27781044433017,screened_water_cap_1.00,equal_site_portfolio,hub_policy_compliant,central,factorial_038,portfolio_mean,central,gentd26_hourly_service_demand.csv,gentd26_aligned_regional_hourly_cef.csv,capacity_scenarios.csv,energy_calibration_bounds.csv,trace_timestamp_anonymized,single_row_default,0.3,20.0,carbon,211.9472222222222,211.94722220222215,2e-08,0.9999999999056368,0.3000000000283089,56.92722900944693,70.30512782658639,33.27781044433017,77.34202525498382,1.5767374882820158,0.0203865554733506,0.0,,,1e-08,True,True,0,691,4.440892098500626e-16,0.0,0.0,0.0,1e-08,0.9475833333333334,0,0.0,554,3,0.0,0.0,148.36305553555553,3.8531666666666657,3.997916666666667,55.73308333333334
spatial_wue_coarse,0.0,0.0,2.4250446709410443,0.0,2.4250446709410443,0.0582254091812473,0.1749676688574508,-13.083310813418723,-1.0000007932831068e-08,38.354010220005065,1e-08,33.27781044433017,screened_water_cap_0.00,equal_site_portfolio,hub_policy_compliant,central,factorial_039,portfolio_mean,central,gentd26_hourly_service_demand.csv,gentd26_aligned_regional_hourly_cef.csv,capacity_scenarios.csv,energy_calibration_bounds.csv,trace_timestamp_anonymized,single_row_default,0.3,20.0,carbon,211.9472222222222,211.94722220222215,2e-08,0.9999999999056368,0.3000000000283089,56.92722900944693,70.30512782658639,33.33603585351142,51.97456008435192,0.0,0.0,0.0,,,1e-08,True,True,0,0,4.440892098500626e-16,0.0,0.0,0.0,1e-08,0.9475833333333334,0,0.0,554,3,0.0,0.0,148.36305553555553,0.0,0.0,63.5841666666667
spatial_wue_coarse,0.25,0.6062611677352611,2.4250446709410443,0.25,1.818783503205783,0.0284743202674135,0.0855654860918431,-13.160880508851292,-1.0000007932831068e-08,38.354010220005065,1e-08,33.27781044433017,screened_water_cap_0.25,equal_site_portfolio,hub_policy_compliant,central,factorial_039,portfolio_mean,central,gentd26_hourly_service_demand.csv,gentd26_aligned_regional_hourly_cef.csv,capacity_scenarios.csv,energy_calibration_bounds.csv,trace_timestamp_anonymized,single_row_default,0.3,20.0,carbon,211.9472222222222,211.94722220222215,2e-08,0.9999999999056368,0.3000000000283089,56.92722900944693,70.30512782658639,33.306284764597585,52.39103514740484,0.6062611677352611,0.0115718493828097,0.0,,,1e-08,True,True,0,674,4.440892098500626e-16,0.0,0.0,0.0,1e-08,0.9475833333333334,0,0.0,554,3,0.0,0.0,148.36305553555553,0.9091041666666666,1.0536666666666663,61.62139583333336
spatial_wue_coarse,0.5,1.212522335470522,2.4250446709410443,0.5,1.212522335470522,0.0096719532950189,0.0290642718552724,-13.209903718848215,-1.0000007932831068e-08,38.354010220005065,1e-08,33.27781044433017,screened_water_cap_0.50,equal_site_portfolio,hub_policy_compliant,central,factorial_039,portfolio_mean,central,gentd26_hourly_service_demand.csv,gentd26_aligned_regional_hourly_cef.csv,capacity_scenarios.csv,energy_calibration_bounds.csv,trace_timestamp_anonymized,single_row_default,0.3,20.0,carbon,211.9472222222222,211.94722220222215,2e-08,0.9999999999056368,0.3000000000283089,56.92722900944693,70.30512782658639,33.28748239762519,52.80751021045776,1.212522335470522,0.0229611722014191,0.0,,,1e-08,True,True,0,681,4.440892098500626e-16,0.0,0.0,0.0,1e-08,0.9475833333333334,0,0.0,554,3,0.0,0.0,148.36305553555553,2.003625,1.9219166666666665,59.65862500000002
spatial_wue_coarse,0.75,1.818783503205783,2.4250446709410443,0.7499999999999997,0.6062611677352618,0.0017832854951365,0.0053587825380452,-13.230471757899764,-1.0000007932831068e-08,38.354010220005065,1e-08,33.27781044433017,screened_water_cap_0.75,equal_site_portfolio,hub_policy_compliant,central,factorial_039,portfolio_mean,central,gentd26_hourly_service_demand.csv,gentd26_aligned_regional_hourly_cef.csv,capacity_scenarios.csv,energy_calibration_bounds.csv,trace_timestamp_anonymized,single_row_default,0.3,20.0,carbon,211.9472222222222,211.94722220222215,2e-08,0.9999999999056368,0.3000000000283089,56.92722900944693,70.30512782658639,33.27959372982531,53.22398527351068,1.8187835032057824,0.0341722532399501,0.0,,,1e-08,True,True,0,684,4.440892098500626e-16,0.0,0.0,0.0,1e-08,0.9475833333333334,0,0.0,554,3,6.661338147750939e-16,0.0,148.36305553555553,3.0441666666666665,2.844145833333332,57.695854166666685
spatial_wue_coarse,1.0,2.4250446709410443,2.4250446709410443,1.0,0.0,0.0,0.0,-13.23512129906874,-1.0000007932831068e-08,38.354010220005065,1e-08,33.27781044433017,screened_water_cap_1.00,equal_site_portfolio,hub_policy_compliant,central,factorial_039,portfolio_mean,central,gentd26_hourly_service_demand.csv,gentd26_aligned_regional_hourly_cef.csv,capacity_scenarios.csv,energy_calibration_bounds.csv,trace_timestamp_anonymized,single_row_default,0.3,20.0,carbon,211.9472222222222,211.94722220222215,2e-08,0.9999999999056368,0.3000000000283089,56.92722900944693,70.30512782658639,33.27781044433017,53.640460336563606,2.4250446709410443,0.0452092442109045,0.0,,,1e-08,True,True,0,683,4.440892098500626e-16,0.0,0.0,0.0,1e-08,0.9475833333333334,0,0.0,554,3,0.0,0.0,148.36305553555553,3.8531666666666657,3.997916666666667,55.73308333333334
spatial_wue_coarse,0.0,0.0,2.4250446709410443,0.0,2.4250446709410443,0.0582254091812473,0.1749676688574508,-13.083310813418723,-1.0000007932831068e-08,38.354010220005065,1e-08,33.27781044433017,screened_water_cap_0.00,equal_site_portfolio,hub_policy_compliant,central,factorial_040,portfolio_mean,central,gentd26_hourly_service_demand.csv,gentd26_aligned_regional_hourly_cef.csv,capacity_scenarios.csv,energy_calibration_bounds.csv,trace_timestamp_anonymized,single_row_default,0.3,20.0,carbon,211.9472222222222,211.94722220222215,2e-08,0.9999999999056368,0.3000000000283089,56.92722900944693,70.30512782658639,33.33603585351142,65.46631336086396,0.0,0.0,0.0,,,1e-08,True,True,0,0,4.440892098500626e-16,0.0,0.0,0.0,1e-08,0.9475833333333334,0,0.0,554,3,0.0,0.0,148.36305553555553,0.0,0.0,63.5841666666667
spatial_wue_coarse,0.25,0.6062611677352611,2.4250446709410443,0.25,1.818783503205783,0.0284743202674135,0.0855654860918431,-13.160880508851292,-1.0000007932831068e-08,38.354010220005065,1e-08,33.27781044433017,screened_water_cap_0.25,equal_site_portfolio,hub_policy_compliant,central,factorial_040,portfolio_mean,central,gentd26_hourly_service_demand.csv,gentd26_aligned_regional_hourly_cef.csv,capacity_scenarios.csv,energy_calibration_bounds.csv,trace_timestamp_anonymized,single_row_default,0.3,20.0,carbon,211.9472222222222,211.94722220222215,2e-08,0.9999999999056368,0.3000000000283089,56.92722900944693,70.30512782658639,33.306284764597585,65.46631336086396,0.6062611677352611,0.0092606584457173,0.0,,,1e-08,True,True,0,674,4.440892098500626e-16,0.0,0.0,0.0,1e-08,0.9475833333333334,0,0.0,554,3,0.0,0.0,148.36305553555553,0.9091041666666666,1.0536666666666663,61.62139583333336
spatial_wue_coarse,0.5,1.212522335470522,2.4250446709410443,0.5,1.212522335470522,0.0096719532950189,0.0290642718552724,-13.209903718848215,-1.0000007932831068e-08,38.354010220005065,1e-08,33.27781044433017,screened_water_cap_0.50,equal_site_portfolio,hub_policy_compliant,central,factorial_040,portfolio_mean,central,gentd26_hourly_service_demand.csv,gentd26_aligned_regional_hourly_cef.csv,capacity_scenarios.csv,energy_calibration_bounds.csv,trace_timestamp_anonymized,single_row_default,0.3,20.0,carbon,211.9472222222222,211.94722220222215,2e-08,0.9999999999056368,0.3000000000283089,56.92722900944693,70.30512782658639,33.28748239762519,65.46631336086396,1.212522335470522,0.0185213168914346,0.0,,,1e-08,True,True,0,681,4.440892098500626e-16,0.0,0.0,0.0,1e-08,0.9475833333333334,0,0.0,554,3,0.0,0.0,148.36305553555553,2.003625,1.9219166666666665,59.65862500000002
spatial_wue_coarse,0.75,1.818783503205783,2.4250446709410443,0.7499999999999997,0.6062611677352618,0.0017832854951365,0.0053587825380452,-13.230471757899764,-1.0000007932831068e-08,38.354010220005065,1e-08,33.27781044433017,screened_water_cap_0.75,equal_site_portfolio,hub_policy_compliant,central,factorial_040,portfolio_mean,central,gentd26_hourly_service_demand.csv,gentd26_aligned_regional_hourly_cef.csv,capacity_scenarios.csv,energy_calibration_bounds.csv,trace_timestamp_anonymized,single_row_default,0.3,20.0,carbon,211.9472222222222,211.94722220222215,2e-08,0.9999999999056368,0.3000000000283089,56.92722900944693,70.30512782658639,33.27959372982531,65.46631336086396,1.8187835032057824,0.0277819753371519,0.0,,,1e-08,True,True,0,684,4.440892098500626e-16,0.0,0.0,0.0,1e-08,0.9475833333333334,0,0.0,554,3,6.661338147750939e-16,0.0,148.36305553555553,3.0441666666666665,2.844145833333332,57.695854166666685
spatial_wue_coarse,1.0,2.4250446709410443,2.4250446709410443,1.0,0.0,0.0,0.0,-13.23512129906874,-1.0000007932831068e-08,38.354010220005065,1e-08,33.27781044433017,screened_water_cap_1.00,equal_site_portfolio,hub_policy_compliant,central,factorial_040,portfolio_mean,central,gentd26_hourly_service_demand.csv,gentd26_aligned_regional_hourly_cef.csv,capacity_scenarios.csv,energy_calibration_bounds.csv,trace_timestamp_anonymized,single_row_default,0.3,20.0,carbon,211.9472222222222,211.94722220222215,2e-08,0.9999999999056368,0.3000000000283089,56.92722900944693,70.30512782658639,33.27781044433017,65.46631336086396,2.4250446709410443,0.0370426337828692,0.0,,,1e-08,True,True,0,683,4.440892098500626e-16,0.0,0.0,0.0,1e-08,0.9475833333333334,0,0.0,554,3,0.0,0.0,148.36305553555553,3.8531666666666657,3.997916666666667,55.73308333333334
spatial_wue_coarse,0.0,0.0,2.4250446709410443,0.0,2.4250446709410443,0.0582254091812473,0.1749676688574508,-13.083310813418723,-1.0000007932831068e-08,38.354010220005065,1e-08,33.27781044433017,screened_water_cap_0.00,equal_site_portfolio,hub_policy_compliant,central,factorial_041,portfolio_mean,central,gentd26_hourly_service_demand.csv,gentd26_aligned_regional_hourly_cef.csv,capacity_scenarios.csv,energy_calibration_bounds.csv,trace_timestamp_anonymized,single_row_default,0.3,20.0,carbon,211.9472222222222,211.94722220222215,2e-08,0.9999999999056368,0.3000000000283089,56.92722900944693,70.30512782658639,33.33603585351142,79.98275675964275,0.0,0.0,0.0,,,1e-08,True,True,0,0,4.440892098500626e-16,0.0,0.0,0.0,1e-08,0.9475833333333334,0,0.0,554,3,0.0,0.0,148.36305553555553,0.0,0.0,63.5841666666667
spatial_wue_coarse,0.25,0.6062611677352611,2.4250446709410443,0.25,1.818783503205783,0.0284743202674135,0.0855654860918431,-13.160880508851292,-1.0000007932831068e-08,38.354010220005065,1e-08,33.27781044433017,screened_water_cap_0.25,equal_site_portfolio,hub_policy_compliant,central,factorial_041,portfolio_mean,central,gentd26_hourly_service_demand.csv,gentd26_aligned_regional_hourly_cef.csv,capacity_scenarios.csv,energy_calibration_bounds.csv,trace_timestamp_anonymized,single_row_default,0.3,20.0,carbon,211.9472222222222,211.94722220222215,2e-08,0.9999999999056368,0.3000000000283089,56.92722900944693,70.30512782658639,33.306284764597585,79.53465067914277,0.6062611677352611,0.0076226042681827,0.0,,,1e-08,True,True,0,674,4.440892098500626e-16,0.0,0.0,0.0,1e-08,0.9475833333333334,0,0.0,554,3,0.0,0.0,148.36305553555553,0.9091041666666666,1.0536666666666663,61.62139583333336
spatial_wue_coarse,0.5,1.212522335470522,2.4250446709410443,0.5,1.212522335470522,0.0096719532950189,0.0290642718552724,-13.209903718848215,-1.0000007932831068e-08,38.354010220005065,1e-08,33.27781044433017,screened_water_cap_0.50,equal_site_portfolio,hub_policy_compliant,central,factorial_041,portfolio_mean,central,gentd26_hourly_service_demand.csv,gentd26_aligned_regional_hourly_cef.csv,capacity_scenarios.csv,energy_calibration_bounds.csv,trace_timestamp_anonymized,single_row_default,0.3,20.0,carbon,211.9472222222222,211.94722220222215,2e-08,0.9999999999056368,0.3000000000283089,56.92722900944693,70.30512782658639,33.28748239762519,79.0865445986428,1.212522335470522,0.0153315882192598,0.0,,,1e-08,True,True,0,681,4.440892098500626e-16,0.0,0.0,0.0,1e-08,0.9475833333333334,0,0.0,554,3,0.0,0.0,148.36305553555553,2.003625,1.9219166666666665,59.65862500000002
spatial_wue_coarse,0.75,1.818783503205783,2.4250446709410443,0.7499999999999997,0.6062611677352618,0.0017832854951365,0.0053587825380452,-13.230471757899764,-1.0000007932831068e-08,38.354010220005065,1e-08,33.27781044433017,screened_water_cap_0.75,equal_site_portfolio,hub_policy_compliant,central,factorial_041,portfolio_mean,central,gentd26_hourly_service_demand.csv,gentd26_aligned_regional_hourly_cef.csv,capacity_scenarios.csv,energy_calibration_bounds.csv,trace_timestamp_anonymized,single_row_default,0.3,20.0,carbon,211.9472222222222,211.94722220222215,2e-08,0.9999999999056368,0.3000000000283089,56.92722900944693,70.30512782658639,33.27959372982531,78.63843851814283,1.8187835032057824,0.0231284285074679,0.0,,,1e-08,True,True,0,684,4.440892098500626e-16,0.0,0.0,0.0,1e-08,0.9475833333333334,0,0.0,554,3,6.661338147750939e-16,0.0,148.36305553555553,3.0441666666666665,2.844145833333332,57.695854166666685
spatial_wue_coarse,1.0,2.4250446709410443,2.4250446709410443,1.0,0.0,0.0,0.0,-13.23512129906874,-1.0000007932831068e-08,38.354010220005065,1e-08,33.27781044433017,screened_water_cap_1.00,equal_site_portfolio,hub_policy_compliant,central,factorial_041,portfolio_mean,central,gentd26_hourly_service_demand.csv,gentd26_aligned_regional_hourly_cef.csv,capacity_scenarios.csv,energy_calibration_bounds.csv,trace_timestamp_anonymized,single_row_default,0.3,20.0,carbon,211.9472222222222,211.94722220222215,2e-08,0.9999999999056368,0.3000000000283089,56.92722900944693,70.30512782658639,33.27781044433017,78.19033243764285,2.4250446709410443,0.0310146356376605,0.0,,,1e-08,True,True,0,683,4.440892098500626e-16,0.0,0.0,0.0,1e-08,0.9475833333333334,0,0.0,554,3,0.0,0.0,148.36305553555553,3.8531666666666657,3.997916666666667,55.73308333333334
spatial_wue_coarse,0.0,0.0,3.337780247219746,0.0,3.337780247219746,0.0582254091812473,0.1749676688574508,-13.083310813418723,-1.0000007932831068e-08,38.354010220005065,1e-08,33.27781044433017,screened_water_cap_0.00,equal_site_portfolio,hub_policy_compliant,central,factorial_042,portfolio_mean,central,gentd26_hourly_service_demand.csv,gentd26_aligned_regional_hourly_cef.csv,capacity_scenarios.csv,energy_calibration_bounds.csv,trace_timestamp_anonymized,single_row_default,0.3,20.0,carbon,211.9472222222222,211.94722220222215,2e-08,0.9999999999056368,0.3000000000283089,56.92722900944693,70.30512782658639,33.33603585351142,51.97456008435192,0.0,0.0,0.0,,,1e-08,True,True,0,0,4.440892098500626e-16,0.0,0.0,0.0,1e-08,0.9475833333333334,0,0.0,554,3,0.0,0.0,148.36305553555553,0.0,0.0,63.5841666666667
spatial_wue_coarse,0.25,0.8344450618049365,3.337780247219746,0.25,2.503335185414809,0.0277068948416285,0.0832593685452298,-13.162881408943315,-1.0000007932831068e-08,38.354010220005065,1e-08,33.27781044433017,screened_water_cap_0.25,equal_site_portfolio,hub_policy_compliant,central,factorial_042,portfolio_mean,central,gentd26_hourly_service_demand.csv,gentd26_aligned_regional_hourly_cef.csv,capacity_scenarios.csv,energy_calibration_bounds.csv,trace_timestamp_anonymized,single_row_default,0.3,20.0,carbon,211.9472222222222,211.94722220222215,2e-08,0.9999999999056368,0.3000000000283089,56.92722900944693,70.30512782658639,33.3055173391718,52.5889683494818,0.8344450618049367,0.0158673023638646,0.0,,,1e-08,True,True,0,678,4.440892098500626e-16,0.0,0.0,0.0,1e-08,0.9475833333333334,0,0.0,554,3,-2.220446049250313e-16,2.220446049250313e-16,148.36305553555553,1.699416666666667,0.5762072916666667,61.30854270833336
spatial_wue_coarse,0.5,1.668890123609873,3.337780247219746,0.5,1.668890123609873,0.0090974188037051,0.0273377926078621,-13.211401696473036,-1.0000007932831068e-08,38.354010220005065,1e-08,33.27781044433017,screened_water_cap_0.50,equal_site_portfolio,hub_policy_compliant,central,factorial_042,portfolio_mean,central,gentd26_hourly_service_demand.csv,gentd26_aligned_regional_hourly_cef.csv,capacity_scenarios.csv,energy_calibration_bounds.csv,trace_timestamp_anonymized,single_row_default,0.3,20.0,carbon,211.9472222222222,211.94722220222215,2e-08,0.9999999999056368,0.3000000000283089,56.92722900944693,70.30512782658639,33.28690786313388,53.25182063280055,1.668890123609873,0.0313395880887857,0.0,,,1e-08,True,True,0,680,4.440892098500626e-16,0.0,0.0,0.0,1e-08,0.9475833333333334,0,0.0,554,3,0.0,0.0,148.36305553555553,2.2199891304347816,1.83025,59.53392753623191
spatial_wue_coarse,0.75,2.5033351854148096,3.337780247219746,0.75,0.8344450618049364,0.0016325002627155,0.0049056721007634,-13.230864898621045,-1.0000007932831068e-08,38.354010220005065,1e-08,33.27781044433017,screened_water_cap_0.75,equal_site_portfolio,hub_policy_compliant,central,factorial_042,portfolio_mean,central,gentd26_hourly_service_demand.csv,gentd26_aligned_regional_hourly_cef.csv,capacity_scenarios.csv,energy_calibration_bounds.csv,trace_timestamp_anonymized,single_row_default,0.3,20.0,carbon,211.9472222222222,211.94722220222215,2e-08,0.9999999999056368,0.3000000000283089,56.92722900944693,70.30512782658639,33.27944294459289,53.89456929104478,2.5033351854148096,0.0464487464756633,0.0,,,1e-08,True,True,0,685,4.440892098500626e-16,0.0,0.0,0.0,1e-08,0.9475833333333334,0,0.0,554,3,0.0,0.0,148.36305553555553,3.229766304347827,2.8030000000000004,57.55140036231886
spatial_wue_coarse,1.0,3.337780247219746,3.337780247219746,1.0000000000000002,-8.881784197001252e-16,0.0,0.0,-13.23512129906874,-1.0000007932831068e-08,38.354010220005065,1e-08,33.27781044433017,screened_water_cap_1.00,equal_site_portfolio,hub_policy_compliant,central,factorial_042,portfolio_mean,central,gentd26_hourly_service_demand.csv,gentd26_aligned_regional_hourly_cef.csv,capacity_scenarios.csv,energy_calibration_bounds.csv,trace_timestamp_anonymized,single_row_default,0.3,20.0,carbon,211.9472222222222,211.94722220222215,2e-08,0.9999999999056368,0.300000000028309,56.92722900944693,70.30512782658639,33.27781044433017,54.5531959128423,3.337780247219747,0.0611839543287692,0.0,,,1e-08,True,True,0,686,4.440892098500626e-16,0.0,2.7131075164277267e-15,0.0,1e-08,0.9475833333333334,0,-2.7131075164277267e-15,554,3,-8.881784197001252e-16,8.881784197001252e-16,148.36305553555553,3.853166666666669,3.997916666666667,55.73308333333334
spatial_wue_coarse,0.0,0.0,3.337780247219746,0.0,3.337780247219746,0.0582254091812473,0.1749676688574508,-13.083310813418723,-1.0000007932831068e-08,38.354010220005065,1e-08,33.27781044433017,screened_water_cap_0.00,equal_site_portfolio,hub_policy_compliant,central,factorial_043,portfolio_mean,central,gentd26_hourly_service_demand.csv,gentd26_aligned_regional_hourly_cef.csv,capacity_scenarios.csv,energy_calibration_bounds.csv,trace_timestamp_anonymized,single_row_default,0.3,20.0,carbon,211.9472222222222,211.94722220222215,2e-08,0.9999999999056368,0.3000000000283089,56.92722900944693,70.30512782658639,33.33603585351142,65.46631336086396,0.0,0.0,0.0,,,1e-08,True,True,0,0,4.440892098500626e-16,0.0,0.0,0.0,1e-08,0.9475833333333334,0,0.0,554,3,0.0,0.0,148.36305553555553,0.0,0.0,63.5841666666667
spatial_wue_coarse,0.25,0.8344450618049365,3.337780247219746,0.25,2.503335185414809,0.0277068948416285,0.0832593685452298,-13.162881408943315,-1.0000007932831068e-08,38.354010220005065,1e-08,33.27781044433017,screened_water_cap_0.25,equal_site_portfolio,hub_policy_compliant,central,factorial_043,portfolio_mean,central,gentd26_hourly_service_demand.csv,gentd26_aligned_regional_hourly_cef.csv,capacity_scenarios.csv,energy_calibration_bounds.csv,trace_timestamp_anonymized,single_row_default,0.3,20.0,carbon,211.9472222222222,211.94722220222215,2e-08,0.9999999999056368,0.3000000000283089,56.92722900944693,70.30512782658639,33.3055173391718,65.59786309995692,0.8344450618049367,0.0127206134829944,0.0,,,1e-08,True,True,0,678,4.440892098500626e-16,0.0,0.0,0.0,1e-08,0.9475833333333334,0,0.0,554,3,-2.220446049250313e-16,2.220446049250313e-16,148.36305553555553,1.699416666666667,0.5762072916666667,61.30854270833336
spatial_wue_coarse,0.5,1.668890123609873,3.337780247219746,0.5,1.668890123609873,0.0090974188037051,0.0273377926078621,-13.211401696473036,-1.0000007932831068e-08,38.354010220005065,1e-08,33.27781044433017,screened_water_cap_0.50,equal_site_portfolio,hub_policy_compliant,central,factorial_043,portfolio_mean,central,gentd26_hourly_service_demand.csv,gentd26_aligned_regional_hourly_cef.csv,capacity_scenarios.csv,energy_calibration_bounds.csv,trace_timestamp_anonymized,single_row_default,0.3,20.0,carbon,211.9472222222222,211.94722220222215,2e-08,0.9999999999056368,0.3000000000283089,56.92722900944693,70.30512782658639,33.28690786313388,65.88416456381987,1.668890123609873,0.0253306714088067,0.0,,,1e-08,True,True,0,680,4.440892098500626e-16,0.0,0.0,0.0,1e-08,0.9475833333333334,0,0.0,554,3,0.0,0.0,148.36305553555553,2.2199891304347816,1.83025,59.53392753623191
spatial_wue_coarse,0.75,2.5033351854148096,3.337780247219746,0.75,0.8344450618049364,0.0016325002627155,0.0049056721007634,-13.230864898621045,-1.0000007932831068e-08,38.354010220005065,1e-08,33.27781044433017,screened_water_cap_0.75,equal_site_portfolio,hub_policy_compliant,central,factorial_043,portfolio_mean,central,gentd26_hourly_service_demand.csv,gentd26_aligned_regional_hourly_cef.csv,capacity_scenarios.csv,energy_calibration_bounds.csv,trace_timestamp_anonymized,single_row_default,0.3,20.0,carbon,211.9472222222222,211.94722220222215,2e-08,0.9999999999056368,0.3000000000283089,56.92722900944693,70.30512782658639,33.27944294459289,66.10624611425033,2.5033351854148096,0.0378683608972189,0.0,,,1e-08,True,True,0,685,4.440892098500626e-16,0.0,0.0,0.0,1e-08,0.9475833333333334,0,0.0,554,3,0.0,0.0,148.36305553555553,3.229766304347827,2.8030000000000004,57.55140036231886
spatial_wue_coarse,1.0,3.337780247219746,3.337780247219746,1.0000000000000002,-8.881784197001252e-16,0.0,0.0,-13.23512129906874,-1.0000007932831068e-08,38.354010220005065,1e-08,33.27781044433017,screened_water_cap_1.00,equal_site_portfolio,hub_policy_compliant,central,factorial_043,portfolio_mean,central,gentd26_hourly_service_demand.csv,gentd26_aligned_regional_hourly_cef.csv,capacity_scenarios.csv,energy_calibration_bounds.csv,trace_timestamp_anonymized,single_row_default,0.3,20.0,carbon,211.9472222222222,211.94722220222215,2e-08,0.9999999999056368,0.300000000028309,56.92722900944693,70.30512782658639,33.27781044433017,66.37904893714267,3.337780247219747,0.0502836407068809,0.0,,,1e-08,True,True,0,686,4.440892098500626e-16,0.0,2.7131075164277267e-15,0.0,1e-08,0.9475833333333334,0,-2.7131075164277267e-15,554,3,-8.881784197001252e-16,8.881784197001252e-16,148.36305553555553,3.853166666666669,3.997916666666667,55.73308333333334
spatial_wue_coarse,0.0,0.0,3.337780247219746,0.0,3.337780247219746,0.0582254091812473,0.1749676688574508,-13.083310813418723,-1.0000007932831068e-08,38.354010220005065,1e-08,33.27781044433017,screened_water_cap_0.00,equal_site_portfolio,hub_policy_compliant,central,factorial_044,portfolio_mean,central,gentd26_hourly_service_demand.csv,gentd26_aligned_regional_hourly_cef.csv,capacity_scenarios.csv,energy_calibration_bounds.csv,trace_timestamp_anonymized,single_row_default,0.3,20.0,carbon,211.9472222222222,211.94722220222215,2e-08,0.9999999999056368,0.3000000000283089,56.92722900944693,70.30512782658639,33.33603585351142,79.98275675964275,0.0,0.0,0.0,,,1e-08,True,True,0,0,4.440892098500626e-16,0.0,0.0,0.0,1e-08,0.9475833333333334,0,0.0,554,3,0.0,0.0,148.36305553555553,0.0,0.0,63.5841666666667
spatial_wue_coarse,0.25,0.8344450618049365,3.337780247219746,0.25,2.503335185414809,0.0277068948416285,0.0832593685452298,-13.162881408943315,-1.0000007932831068e-08,38.354010220005065,1e-08,33.27781044433017,screened_water_cap_0.25,equal_site_portfolio,hub_policy_compliant,central,factorial_044,portfolio_mean,central,gentd26_hourly_service_demand.csv,gentd26_aligned_regional_hourly_cef.csv,capacity_scenarios.csv,energy_calibration_bounds.csv,trace_timestamp_anonymized,single_row_default,0.3,20.0,carbon,211.9472222222222,211.94722220222215,2e-08,0.9999999999056368,0.3000000000283089,56.92722900944693,70.30512782658639,33.3055173391718,79.59477517325294,0.8344450618049367,0.0104836662957915,0.0,,,1e-08,True,True,0,678,4.440892098500626e-16,0.0,0.0,0.0,1e-08,0.9475833333333334,0,0.0,554,3,-2.220446049250313e-16,2.220446049250313e-16,148.36305553555553,1.699416666666667,0.5762072916666667,61.30854270833336
spatial_wue_coarse,0.5,1.668890123609873,3.337780247219746,0.5,1.668890123609873,0.0090974188037051,0.0273377926078621,-13.211401696473036,-1.0000007932831068e-08,38.354010220005065,1e-08,33.27781044433017,screened_water_cap_0.50,equal_site_portfolio,hub_policy_compliant,central,factorial_044,portfolio_mean,central,gentd26_hourly_service_demand.csv,gentd26_aligned_regional_hourly_cef.csv,capacity_scenarios.csv,energy_calibration_bounds.csv,trace_timestamp_anonymized,single_row_default,0.3,20.0,carbon,211.9472222222222,211.94722220222215,2e-08,0.9999999999056368,0.3000000000283089,56.92722900944693,70.30512782658639,33.28690786313388,79.47592702124572,1.668890123609873,0.0209986871013626,0.0,,,1e-08,True,True,0,680,4.440892098500626e-16,0.0,0.0,0.0,1e-08,0.9475833333333334,0,0.0,554,3,0.0,0.0,148.36305553555553,2.2199891304347816,1.83025,59.53392753623191
spatial_wue_coarse,0.75,2.5033351854148096,3.337780247219746,0.75,0.8344450618049364,0.0016325002627155,0.0049056721007634,-13.230864898621045,-1.0000007932831068e-08,38.354010220005065,1e-08,33.27781044433017,screened_water_cap_0.75,equal_site_portfolio,hub_policy_compliant,central,factorial_044,portfolio_mean,central,gentd26_hourly_service_demand.csv,gentd26_aligned_regional_hourly_cef.csv,capacity_scenarios.csv,energy_calibration_bounds.csv,trace_timestamp_anonymized,single_row_default,0.3,20.0,carbon,211.9472222222222,211.94722220222215,2e-08,0.9999999999056368,0.3000000000283089,56.92722900944693,70.30512782658639,33.27944294459289,79.24539206326895,2.5033351854148096,0.0315896624426586,0.0,,,1e-08,True,True,0,685,4.440892098500626e-16,0.0,0.0,0.0,1e-08,0.9475833333333334,0,0.0,554,3,0.0,0.0,148.36305553555553,3.229766304347827,2.8030000000000004,57.55140036231886
spatial_wue_coarse,1.0,3.337780247219746,3.337780247219746,1.0000000000000002,-8.881784197001252e-16,0.0,0.0,-13.23512129906874,-1.0000007932831068e-08,38.354010220005065,1e-08,33.27781044433017,screened_water_cap_1.00,equal_site_portfolio,hub_policy_compliant,central,factorial_044,portfolio_mean,central,gentd26_hourly_service_demand.csv,gentd26_aligned_regional_hourly_cef.csv,capacity_scenarios.csv,energy_calibration_bounds.csv,trace_timestamp_anonymized,single_row_default,0.3,20.0,carbon,211.9472222222222,211.94722220222215,2e-08,0.9999999999056368,0.300000000028309,56.92722900944693,70.30512782658639,33.27781044433017,79.10306801392156,3.337780247219747,0.0421953323811956,0.0,,,1e-08,True,True,0,686,4.440892098500626e-16,0.0,2.7131075164277267e-15,0.0,1e-08,0.9475833333333334,0,-2.7131075164277267e-15,554,3,-8.881784197001252e-16,8.881784197001252e-16,148.36305553555553,3.853166666666669,3.997916666666667,55.73308333333334
spatial_wue_coarse,0.0,0.0,2.456426234003217,0.0,2.456426234003217,0.0582254091812473,0.1749676688574508,-13.083310813418723,-1.0000007932831068e-08,38.354010220005065,1e-08,33.27781044433017,screened_water_cap_0.00,equal_site_portfolio,hub_policy_compliant,central,factorial_045,portfolio_mean,central,gentd26_hourly_service_demand.csv,gentd26_aligned_regional_hourly_cef.csv,capacity_scenarios.csv,energy_calibration_bounds.csv,trace_timestamp_anonymized,single_row_default,0.3,20.0,carbon,211.9472222222222,211.94722220222215,2e-08,0.9999999999056368,0.3000000000283089,56.92722900944693,70.30512782658639,33.33603585351142,51.97456008435192,0.0,0.0,0.0,,,1e-08,True,True,0,0,4.440892098500626e-16,0.0,0.0,0.0,1e-08,0.9475833333333334,0,0.0,554,3,0.0,0.0,148.36305553555553,0.0,0.0,63.5841666666667
spatial_wue_coarse,0.25,0.6141065585008042,2.456426234003217,0.25,1.8423196755024125,0.019204183413116,0.0577086748097199,-13.185050437370172,-1.0000007932831068e-08,38.354010220005065,1e-08,33.27781044433017,screened_water_cap_0.25,equal_site_portfolio,hub_policy_compliant,central,factorial_045,portfolio_mean,central,gentd26_hourly_service_demand.csv,gentd26_aligned_regional_hourly_cef.csv,capacity_scenarios.csv,energy_calibration_bounds.csv,trace_timestamp_anonymized,single_row_default,0.3,20.0,carbon,211.9472222222222,211.94722220222215,2e-08,0.9999999999056368,0.3000000000283089,56.92722900944693,70.30512782658639,33.29701462774329,52.26591254122449,0.6141065585008043,0.0117496572554134,0.0,,,1e-08,True,True,0,680,4.440892098500626e-16,0.0,0.0,0.0,1e-08,0.9475833333333334,0,0.0,554,3,-1.1102230246251563e-16,1.1102230246251563e-16,148.36305553555553,0.6614279166666668,2.6765000000000003,60.246238750000025
spatial_wue_coarse,0.5,1.2282131170016084,2.456426234003217,0.5000000000000001,1.2282131170016082,0.0077772975399454,0.0233708210849892,-13.214843634502948,-1.0000007932831068e-08,38.354010220005065,1e-08,33.27781044433017,screened_water_cap_0.50,equal_site_portfolio,hub_policy_compliant,central,factorial_045,portfolio_mean,central,gentd26_hourly_service_demand.csv,gentd26_aligned_regional_hourly_cef.csv,capacity_scenarios.csv,energy_calibration_bounds.csv,trace_timestamp_anonymized,single_row_default,0.3,20.0,carbon,211.9472222222222,211.94722220222215,2e-08,0.9999999999056368,0.3000000000283089,56.92722900944693,70.30512782658639,33.28558774187012,52.72313632162169,1.2282131170016086,0.0232955245588817,0.0,,,1e-08,True,True,0,682,4.440892098500626e-16,0.0,0.0,0.0,1e-08,0.9475833333333334,0,0.0,554,3,-2.220446049250313e-16,2.220446049250313e-16,148.36305553555553,1.699416666666667,3.2609953703703702,58.62375462962965
spatial_wue_coarse,0.75,1.8423196755024125,2.456426234003217,0.75,0.6141065585008043,0.0017008420766018,0.0051110396203757,-13.23068671174178,-1.0000007932831068e-08,38.354010220005065,1e-08,33.27781044433017,screened_water_cap_0.75,equal_site_portfolio,hub_policy_compliant,central,factorial_045,portfolio_mean,central,gentd26_hourly_service_demand.csv,gentd26_aligned_regional_hourly_cef.csv,capacity_scenarios.csv,energy_calibration_bounds.csv,trace_timestamp_anonymized,single_row_default,0.3,20.0,carbon,211.9472222222222,211.94722220222215,2e-08,0.9999999999056368,0.3000000000283089,56.92722900944693,70.30512782658639,33.27951128640677,53.198939240778856,1.8423196755024125,0.0346307595939847,0.0,,,1e-08,True,True,0,689,4.440892098500626e-16,0.0,0.0,0.0,1e-08,0.9475833333333334,0,0.0,554,3,0.0,0.0,148.36305553555553,2.779583749999999,3.611166666666667,57.19341625000002
spatial_wue_coarse,1.0,2.456426234003217,2.456426234003217,0.9999999999999996,8.881784197001252e-16,0.0,0.0,-13.23512129906874,-1.0000007932831068e-08,38.354010220005065,1e-08,33.27781044433017,screened_water_cap_1.00,equal_site_portfolio,hub_policy_compliant,central,factorial_045,portfolio_mean,central,gentd26_hourly_service_demand.csv,gentd26_aligned_regional_hourly_cef.csv,capacity_scenarios.csv,energy_calibration_bounds.csv,trace_timestamp_anonymized,single_row_default,0.3,20.0,carbon,211.9472222222222,211.94722220222215,2e-08,0.9999999999056368,0.3000000000283089,56.92722900944693,70.30512782658639,33.27781044433017,53.67184189962577,2.456426234003216,0.0457675039100967,0.0,,,1e-08,True,True,0,684,4.440892098500626e-16,0.0,0.0,0.0,1e-08,0.9475833333333334,0,0.0,554,3,8.881784197001252e-16,0.0,148.36305553555553,3.853166666666665,3.997916666666667,55.73308333333334
spatial_wue_coarse,0.0,0.0,2.456426234003217,0.0,2.456426234003217,0.0582254091812473,0.1749676688574508,-13.083310813418723,-1.0000007932831068e-08,38.354010220005065,1e-08,33.27781044433017,screened_water_cap_0.00,equal_site_portfolio,hub_policy_compliant,central,factorial_046,portfolio_mean,central,gentd26_hourly_service_demand.csv,gentd26_aligned_regional_hourly_cef.csv,capacity_scenarios.csv,energy_calibration_bounds.csv,trace_timestamp_anonymized,single_row_default,0.3,20.0,carbon,211.9472222222222,211.94722220222215,2e-08,0.9999999999056368,0.3000000000283089,56.92722900944693,70.30512782658639,33.33603585351142,65.46631336086396,0.0,0.0,0.0,,,1e-08,True,True,0,0,4.440892098500626e-16,0.0,0.0,0.0,1e-08,0.9475833333333334,0,0.0,554,3,0.0,0.0,148.36305553555553,0.0,0.0,63.5841666666667
spatial_wue_coarse,0.25,0.6141065585008042,2.456426234003217,0.25,1.8423196755024125,0.019204183413116,0.0577086748097199,-13.185050437370172,-1.0000007932831068e-08,38.354010220005065,1e-08,33.27781044433017,screened_water_cap_0.25,equal_site_portfolio,hub_policy_compliant,central,factorial_046,portfolio_mean,central,gentd26_hourly_service_demand.csv,gentd26_aligned_regional_hourly_cef.csv,capacity_scenarios.csv,energy_calibration_bounds.csv,trace_timestamp_anonymized,single_row_default,0.3,20.0,carbon,211.9472222222222,211.94722220222215,2e-08,0.9999999999056368,0.3000000000283089,56.92722900944693,70.30512782658639,33.29701462774329,65.04939987249678,0.6141065585008043,0.0094406183562725,0.0,,,1e-08,True,True,0,680,4.440892098500626e-16,0.0,0.0,0.0,1e-08,0.9475833333333334,0,0.0,554,3,-1.1102230246251563e-16,1.1102230246251563e-16,148.36305553555553,0.6614279166666668,2.6765000000000003,60.246238750000025
spatial_wue_coarse,0.5,1.2282131170016084,2.456426234003217,0.5000000000000001,1.2282131170016082,0.0077772975399454,0.0233708210849892,-13.214843634502948,-1.0000007932831068e-08,38.354010220005065,1e-08,33.27781044433017,screened_water_cap_0.50,equal_site_portfolio,hub_policy_compliant,central,factorial_046,portfolio_mean,central,gentd26_hourly_service_demand.csv,gentd26_aligned_regional_hourly_cef.csv,capacity_scenarios.csv,energy_calibration_bounds.csv,trace_timestamp_anonymized,single_row_default,0.3,20.0,carbon,211.9472222222222,211.94722220222215,2e-08,0.9999999999056368,0.3000000000283089,56.92722900944693,70.30512782658639,33.28558774187012,65.16235311205553,1.2282131170016086,0.0188485077401905,0.0,,,1e-08,True,True,0,682,4.440892098500626e-16,0.0,0.0,0.0,1e-08,0.9475833333333334,0,0.0,554,3,-2.220446049250313e-16,2.220446049250313e-16,148.36305553555553,1.699416666666667,3.2609953703703702,58.62375462962965
spatial_wue_coarse,0.75,1.8423196755024125,2.456426234003217,0.75,0.6141065585008043,0.0017008420766018,0.0051110396203757,-13.23068671174178,-1.0000007932831068e-08,38.354010220005065,1e-08,33.27781044433017,screened_water_cap_0.75,equal_site_portfolio,hub_policy_compliant,central,factorial_046,portfolio_mean,central,gentd26_hourly_service_demand.csv,gentd26_aligned_regional_hourly_cef.csv,capacity_scenarios.csv,energy_calibration_bounds.csv,trace_timestamp_anonymized,single_row_default,0.3,20.0,carbon,211.9472222222222,211.94722220222215,2e-08,0.9999999999056368,0.3000000000283089,56.92722900944693,70.30512782658639,33.27951128640677,65.33465637820856,1.8423196755024125,0.0281981995104958,0.0,,,1e-08,True,True,0,689,4.440892098500626e-16,0.0,0.0,0.0,1e-08,0.9475833333333334,0,0.0,554,3,0.0,0.0,148.36305553555553,2.779583749999999,3.611166666666667,57.19341625000002
spatial_wue_coarse,1.0,2.456426234003217,2.456426234003217,0.9999999999999996,8.881784197001252e-16,0.0,0.0,-13.23512129906874,-1.0000007932831068e-08,38.354010220005065,1e-08,33.27781044433017,screened_water_cap_1.00,equal_site_portfolio,hub_policy_compliant,central,factorial_046,portfolio_mean,central,gentd26_hourly_service_demand.csv,gentd26_aligned_regional_hourly_cef.csv,capacity_scenarios.csv,energy_calibration_bounds.csv,trace_timestamp_anonymized,single_row_default,0.3,20.0,carbon,211.9472222222222,211.94722220222215,2e-08,0.9999999999056368,0.3000000000283089,56.92722900944693,70.30512782658639,33.27781044433017,65.49769492392613,2.456426234003216,0.0375040104366465,0.0,,,1e-08,True,True,0,684,4.440892098500626e-16,0.0,0.0,0.0,1e-08,0.9475833333333334,0,0.0,554,3,8.881784197001252e-16,0.0,148.36305553555553,3.853166666666665,3.997916666666667,55.73308333333334
spatial_wue_coarse,0.0,0.0,2.456426234003217,0.0,2.456426234003217,0.0582254091812473,0.1749676688574508,-13.083310813418723,-1.0000007932831068e-08,38.354010220005065,1e-08,33.27781044433017,screened_water_cap_0.00,equal_site_portfolio,hub_policy_compliant,central,factorial_047,portfolio_mean,central,gentd26_hourly_service_demand.csv,gentd26_aligned_regional_hourly_cef.csv,capacity_scenarios.csv,energy_calibration_bounds.csv,trace_timestamp_anonymized,single_row_default,0.3,20.0,carbon,211.9472222222222,211.94722220222215,2e-08,0.9999999999056368,0.3000000000283089,56.92722900944693,70.30512782658639,33.33603585351142,79.98275675964275,0.0,0.0,0.0,,,1e-08,True,True,0,0,4.440892098500626e-16,0.0,0.0,0.0,1e-08,0.9475833333333334,0,0.0,554,3,0.0,0.0,148.36305553555553,0.0,0.0,63.5841666666667
spatial_wue_coarse,0.25,0.6141065585008042,2.456426234003217,0.25,1.8423196755024125,0.019204183413116,0.0577086748097199,-13.185050437370172,-1.0000007932831068e-08,38.354010220005065,1e-08,33.27781044433017,screened_water_cap_0.25,equal_site_portfolio,hub_policy_compliant,central,factorial_047,portfolio_mean,central,gentd26_hourly_service_demand.csv,gentd26_aligned_regional_hourly_cef.csv,capacity_scenarios.csv,energy_calibration_bounds.csv,trace_timestamp_anonymized,single_row_default,0.3,20.0,carbon,211.9472222222222,211.94722220222215,2e-08,0.9999999999056368,0.3000000000283089,56.92722900944693,70.30512782658639,33.29701462774329,78.80378497576444,0.6141065585008043,0.0077928561260054,0.0,,,1e-08,True,True,0,680,4.440892098500626e-16,0.0,0.0,0.0,1e-08,0.9475833333333334,0,0.0,554,3,-1.1102230246251563e-16,1.1102230246251563e-16,148.36305553555553,0.6614279166666668,2.6765000000000003,60.246238750000025
spatial_wue_coarse,0.5,1.2282131170016084,2.456426234003217,0.5000000000000001,1.2282131170016082,0.0077772975399454,0.0233708210849892,-13.214843634502948,-1.0000007932831068e-08,38.354010220005065,1e-08,33.27781044433017,screened_water_cap_0.50,equal_site_portfolio,hub_policy_compliant,central,factorial_047,portfolio_mean,central,gentd26_hourly_service_demand.csv,gentd26_aligned_regional_hourly_cef.csv,capacity_scenarios.csv,energy_calibration_bounds.csv,trace_timestamp_anonymized,single_row_default,0.3,20.0,carbon,211.9472222222222,211.94722220222215,2e-08,0.9999999999056368,0.3000000000283089,56.92722900944693,70.30512782658639,33.28558774187012,78.5463205448008,1.2282131170016086,0.0156368001515878,0.0,,,1e-08,True,True,0,682,4.440892098500626e-16,0.0,0.0,0.0,1e-08,0.9475833333333334,0,0.0,554,3,-2.220446049250313e-16,2.220446049250313e-16,148.36305553555553,1.699416666666667,3.2609953703703702,58.62375462962965
spatial_wue_coarse,0.75,1.8423196755024125,2.456426234003217,0.75,0.6141065585008043,0.0017008420766018,0.0051110396203757,-13.23068671174178,-1.0000007932831068e-08,38.354010220005065,1e-08,33.27781044433017,screened_water_cap_0.75,equal_site_portfolio,hub_policy_compliant,central,factorial_047,portfolio_mean,central,gentd26_hourly_service_demand.csv,gentd26_aligned_regional_hourly_cef.csv,capacity_scenarios.csv,energy_calibration_bounds.csv,trace_timestamp_anonymized,single_row_default,0.3,20.0,carbon,211.9472222222222,211.94722220222215,2e-08,0.9999999999056368,0.3000000000283089,56.92722900944693,70.30512782658639,33.27951128640677,78.39207355139246,1.8423196755024125,0.0235013515020063,0.0,,,1e-08,True,True,0,689,4.440892098500626e-16,0.0,0.0,0.0,1e-08,0.9475833333333334,0,0.0,554,3,0.0,0.0,148.36305553555553,2.779583749999999,3.611166666666667,57.19341625000002
spatial_wue_coarse,1.0,2.456426234003217,2.456426234003217,0.9999999999999996,8.881784197001252e-16,0.0,0.0,-13.23512129906874,-1.0000007932831068e-08,38.354010220005065,1e-08,33.27781044433017,screened_water_cap_1.00,equal_site_portfolio,hub_policy_compliant,central,factorial_047,portfolio_mean,central,gentd26_hourly_service_demand.csv,gentd26_aligned_regional_hourly_cef.csv,capacity_scenarios.csv,energy_calibration_bounds.csv,trace_timestamp_anonymized,single_row_default,0.3,20.0,carbon,211.9472222222222,211.94722220222215,2e-08,0.9999999999056368,0.3000000000283089,56.92722900944693,70.30512782658639,33.27781044433017,78.22171400070502,2.456426234003216,0.0314033803194478,0.0,,,1e-08,True,True,0,684,4.440892098500626e-16,0.0,0.0,0.0,1e-08,0.9475833333333334,0,0.0,554,3,8.881784197001252e-16,0.0,148.36305553555553,3.853166666666665,3.997916666666667,55.73308333333334
spatial_wue_coarse,0.0,0.0,3.304733416662245,0.0,3.304733416662245,0.0582254091812473,0.1749676688574508,-13.083310813418723,-1.0000007932831068e-08,38.354010220005065,1e-08,33.27781044433017,screened_water_cap_0.00,equal_site_portfolio,hub_policy_compliant,central,factorial_048,portfolio_mean,central,gentd26_hourly_service_demand.csv,gentd26_aligned_regional_hourly_cef.csv,capacity_scenarios.csv,energy_calibration_bounds.csv,trace_timestamp_anonymized,single_row_default,0.3,20.0,carbon,211.9472222222222,211.94722220222215,2e-08,0.9999999999056368,0.3000000000283089,56.92722900944693,70.30512782658639,33.33603585351142,51.97456008435192,0.0,0.0,0.0,,,1e-08,True,True,0,0,4.440892098500626e-16,0.0,0.0,0.0,1e-08,0.9475833333333334,0,0.0,554,3,0.0,0.0,148.36305553555553,0.0,0.0,63.5841666666667
spatial_wue_coarse,0.25,0.8261833541655612,3.304733416662245,0.25,2.478550062496684,0.024823792175205,0.0745956294712746,-13.1703984916418,-1.0000007932831068e-08,38.354010220005065,1e-08,33.27781044433017,screened_water_cap_0.25,equal_site_portfolio,hub_policy_compliant,central,factorial_048,portfolio_mean,central,gentd26_hourly_service_demand.csv,gentd26_aligned_regional_hourly_cef.csv,capacity_scenarios.csv,energy_calibration_bounds.csv,trace_timestamp_anonymized,single_row_default,0.3,20.0,carbon,211.9472222222222,211.94722220222215,2e-08,0.9999999999056368,0.3000000000283089,56.92722900944693,70.30512782658639,33.30263423650538,52.57607751715786,0.8261833541655612,0.0157140546267633,0.0,,,1e-08,True,True,0,677,4.440892098500626e-16,0.0,0.0,0.0,1e-08,0.9475833333333334,0,0.0,554,3,0.0,0.0,148.36305553555553,0.4752484375,1.84825,61.26066822916669
spatial_wue_coarse,0.5,1.6523667083311224,3.304733416662245,0.5,1.6523667083311224,0.0096620248479837,0.0290344368183426,-13.209929605181824,-1.0000007932831068e-08,38.354010220005065,1e-08,33.27781044433017,screened_water_cap_0.50,equal_site_portfolio,hub_policy_compliant,central,factorial_048,portfolio_mean,central,gentd26_hourly_service_demand.csv,gentd26_aligned_regional_hourly_cef.csv,capacity_scenarios.csv,energy_calibration_bounds.csv,trace_timestamp_anonymized,single_row_default,0.3,20.0,carbon,211.9472222222222,211.94722220222215,2e-08,0.9999999999056368,0.3000000000283089,56.92722900944693,70.30512782658639,33.287472469178155,53.237938581676296,1.6523667083311224,0.0310373908598302,0.0,,,1e-08,True,True,0,686,4.440892098500626e-16,0.0,0.0,0.0,1e-08,0.9475833333333334,0,0.0,554,3,0.0,0.0,148.36305553555553,1.7948333333333335,2.2280887681159407,59.561244565217415
spatial_wue_coarse,0.75,2.478550062496684,3.304733416662245,0.75,0.8261833541655612,0.0019433619071236,0.0058398130200698,-13.230054392385515,-1.0000007932831068e-08,38.354010220005065,1e-08,33.27781044433017,screened_water_cap_0.75,equal_site_portfolio,hub_policy_compliant,central,factorial_048,portfolio_mean,central,gentd26_hourly_service_demand.csv,gentd26_aligned_regional_hourly_cef.csv,capacity_scenarios.csv,energy_calibration_bounds.csv,trace_timestamp_anonymized,single_row_default,0.3,20.0,carbon,211.9472222222222,211.94722220222215,2e-08,0.9999999999056368,0.3000000000283089,56.92722900944693,70.30512782658639,33.279753806237295,53.891783239989664,2.478550062496684,0.045991242328339,0.0,,,1e-08,True,True,0,688,4.440892098500626e-16,0.0,0.0,0.0,1e-08,0.9475833333333334,0,0.0,554,3,0.0,0.0,148.36305553555553,3.0022515624999992,2.8030000000000004,57.77891510416668
spatial_wue_coarse,1.0,3.304733416662245,3.304733416662245,1.0000000000000002,-4.440892098500626e-16,0.0,0.0,-13.23512129906874,-1.0000007932831068e-08,38.354010220005065,1e-08,33.27781044433017,screened_water_cap_1.00,equal_site_portfolio,hub_policy_compliant,central,factorial_048,portfolio_mean,central,gentd26_hourly_service_demand.csv,gentd26_aligned_regional_hourly_cef.csv,capacity_scenarios.csv,energy_calibration_bounds.csv,trace_timestamp_anonymized,single_row_default,0.3,20.0,carbon,211.9472222222222,211.94722220222215,2e-08,0.9999999999056368,0.300000000028309,56.92722900944693,70.30512782658639,33.27781044433017,54.5201490822848,3.3047334166622453,0.0606149005879378,0.0,,,1e-08,True,True,0,686,4.440892098500626e-16,0.0,8.118505867571457e-16,0.0,1e-08,0.9475833333333334,0,-8.118505867571457e-16,554,3,-4.440892098500626e-16,4.440892098500626e-16,148.36305553555553,3.853166666666668,3.997916666666667,55.73308333333334
spatial_wue_coarse,0.0,0.0,3.304733416662245,0.0,3.304733416662245,0.0582254091812473,0.1749676688574508,-13.083310813418723,-1.0000007932831068e-08,38.354010220005065,1e-08,33.27781044433017,screened_water_cap_0.00,equal_site_portfolio,hub_policy_compliant,central,factorial_049,portfolio_mean,central,gentd26_hourly_service_demand.csv,gentd26_aligned_regional_hourly_cef.csv,capacity_scenarios.csv,energy_calibration_bounds.csv,trace_timestamp_anonymized,single_row_default,0.3,20.0,carbon,211.9472222222222,211.94722220222215,2e-08,0.9999999999056368,0.3000000000283089,56.92722900944693,70.30512782658639,33.33603585351142,65.46631336086396,0.0,0.0,0.0,,,1e-08,True,True,0,0,4.440892098500626e-16,0.0,0.0,0.0,1e-08,0.9475833333333334,0,0.0,554,3,0.0,0.0,148.36305553555553,0.0,0.0,63.5841666666667
spatial_wue_coarse,0.25,0.8261833541655612,3.304733416662245,0.25,2.478550062496684,0.024823792175205,0.0745956294712746,-13.1703984916418,-1.0000007932831068e-08,38.354010220005065,1e-08,33.27781044433017,screened_water_cap_0.25,equal_site_portfolio,hub_policy_compliant,central,factorial_049,portfolio_mean,central,gentd26_hourly_service_demand.csv,gentd26_aligned_regional_hourly_cef.csv,capacity_scenarios.csv,energy_calibration_bounds.csv,trace_timestamp_anonymized,single_row_default,0.3,20.0,carbon,211.9472222222222,211.94722220222215,2e-08,0.9999999999056368,0.3000000000283089,56.92722900944693,70.30512782658639,33.30263423650538,65.57481391068629,0.8261833541655612,0.0125990956724762,0.0,,,1e-08,True,True,0,677,4.440892098500626e-16,0.0,0.0,0.0,1e-08,0.9475833333333334,0,0.0,554,3,0.0,0.0,148.36305553555553,0.4752484375,1.84825,61.26066822916669
spatial_wue_coarse,0.5,1.6523667083311224,3.304733416662245,0.5,1.6523667083311224,0.0096620248479837,0.0290344368183426,-13.209929605181824,-1.0000007932831068e-08,38.354010220005065,1e-08,33.27781044433017,screened_water_cap_0.50,equal_site_portfolio,hub_policy_compliant,central,factorial_049,portfolio_mean,central,gentd26_hourly_service_demand.csv,gentd26_aligned_regional_hourly_cef.csv,capacity_scenarios.csv,energy_calibration_bounds.csv,trace_timestamp_anonymized,single_row_default,0.3,20.0,carbon,211.9472222222222,211.94722220222215,2e-08,0.9999999999056368,0.3000000000283089,56.92722900944693,70.30512782658639,33.287472469178155,65.87607883959019,1.6523667083311224,0.025082954806018,0.0,,,1e-08,True,True,0,686,4.440892098500626e-16,0.0,0.0,0.0,1e-08,0.9475833333333334,0,0.0,554,3,0.0,0.0,148.36305553555553,1.7948333333333335,2.2280887681159407,59.561244565217415
spatial_wue_coarse,0.75,2.478550062496684,3.304733416662245,0.75,0.8261833541655612,0.0019433619071236,0.0058398130200698,-13.230054392385515,-1.0000007932831068e-08,38.354010220005065,1e-08,33.27781044433017,screened_water_cap_0.75,equal_site_portfolio,hub_policy_compliant,central,factorial_049,portfolio_mean,central,gentd26_hourly_service_demand.csv,gentd26_aligned_regional_hourly_cef.csv,capacity_scenarios.csv,energy_calibration_bounds.csv,trace_timestamp_anonymized,single_row_default,0.3,20.0,carbon,211.9472222222222,211.94722220222215,2e-08,0.9999999999056368,0.3000000000283089,56.92722900944693,70.30512782658639,33.279753806237295,66.15173580422791,2.478550062496684,0.0374676496748596,0.0,,,1e-08,True,True,0,688,4.440892098500626e-16,0.0,0.0,0.0,1e-08,0.9475833333333334,0,0.0,554,3,0.0,0.0,148.36305553555553,3.0022515624999992,2.8030000000000004,57.77891510416668
spatial_wue_coarse,1.0,3.304733416662245,3.304733416662245,1.0000000000000002,-4.440892098500626e-16,0.0,0.0,-13.23512129906874,-1.0000007932831068e-08,38.354010220005065,1e-08,33.27781044433017,screened_water_cap_1.00,equal_site_portfolio,hub_policy_compliant,central,factorial_049,portfolio_mean,central,gentd26_hourly_service_demand.csv,gentd26_aligned_regional_hourly_cef.csv,capacity_scenarios.csv,energy_calibration_bounds.csv,trace_timestamp_anonymized,single_row_default,0.3,20.0,carbon,211.9472222222222,211.94722220222215,2e-08,0.9999999999056368,0.300000000028309,56.92722900944693,70.30512782658639,33.27781044433017,66.34600210658517,3.3047334166622453,0.0498105886071805,0.0,,,1e-08,True,True,0,686,4.440892098500626e-16,0.0,8.118505867571457e-16,0.0,1e-08,0.9475833333333334,0,-8.118505867571457e-16,554,3,-4.440892098500626e-16,4.440892098500626e-16,148.36305553555553,3.853166666666668,3.997916666666667,55.73308333333334
spatial_wue_coarse,0.0,0.0,3.304733416662245,0.0,3.304733416662245,0.0582254091812473,0.1749676688574508,-13.083310813418723,-1.0000007932831068e-08,38.354010220005065,1e-08,33.27781044433017,screened_water_cap_0.00,equal_site_portfolio,hub_policy_compliant,central,factorial_050,portfolio_mean,central,gentd26_hourly_service_demand.csv,gentd26_aligned_regional_hourly_cef.csv,capacity_scenarios.csv,energy_calibration_bounds.csv,trace_timestamp_anonymized,single_row_default,0.3,20.0,carbon,211.9472222222222,211.94722220222215,2e-08,0.9999999999056368,0.3000000000283089,56.92722900944693,70.30512782658639,33.33603585351142,79.98275675964275,0.0,0.0,0.0,,,1e-08,True,True,0,0,4.440892098500626e-16,0.0,0.0,0.0,1e-08,0.9475833333333334,0,0.0,554,3,0.0,0.0,148.36305553555553,0.0,0.0,63.5841666666667
spatial_wue_coarse,0.25,0.8261833541655612,3.304733416662245,0.25,2.478550062496684,0.024823792175205,0.0745956294712746,-13.1703984916418,-1.0000007932831068e-08,38.354010220005065,1e-08,33.27781044433017,screened_water_cap_0.25,equal_site_portfolio,hub_policy_compliant,central,factorial_050,portfolio_mean,central,gentd26_hourly_service_demand.csv,gentd26_aligned_regional_hourly_cef.csv,capacity_scenarios.csv,energy_calibration_bounds.csv,trace_timestamp_anonymized,single_row_default,0.3,20.0,carbon,211.9472222222222,211.94722220222215,2e-08,0.9999999999056368,0.3000000000283089,56.92722900944693,70.30512782658639,33.30263423650538,79.56079610625484,0.8261833541655612,0.010384302251855,0.0,,,1e-08,True,True,0,677,4.440892098500626e-16,0.0,0.0,0.0,1e-08,0.9475833333333334,0,0.0,554,3,0.0,0.0,148.36305553555553,0.4752484375,1.84825,61.26066822916669
spatial_wue_coarse,0.5,1.6523667083311224,3.304733416662245,0.5,1.6523667083311224,0.0096620248479837,0.0290344368183426,-13.209929605181824,-1.0000007932831068e-08,38.354010220005065,1e-08,33.27781044433017,screened_water_cap_0.50,equal_site_portfolio,hub_policy_compliant,central,factorial_050,portfolio_mean,central,gentd26_hourly_service_demand.csv,gentd26_aligned_regional_hourly_cef.csv,capacity_scenarios.csv,energy_calibration_bounds.csv,trace_timestamp_anonymized,single_row_default,0.3,20.0,carbon,211.9472222222222,211.94722220222215,2e-08,0.9999999999056368,0.3000000000283089,56.92722900944693,70.30512782658639,33.287472469178155,79.47407785126971,1.6523667083311224,0.0207912661965504,0.0,,,1e-08,True,True,0,686,4.440892098500626e-16,0.0,0.0,0.0,1e-08,0.9475833333333334,0,0.0,554,3,0.0,0.0,148.36305553555553,1.7948333333333335,2.2280887681159407,59.561244565217415
spatial_wue_coarse,0.75,2.478550062496684,3.304733416662245,0.75,0.8261833541655612,0.0019433619071236,0.0058398130200698,-13.230054392385515,-1.0000007932831068e-08,38.354010220005065,1e-08,33.27781044433017,screened_water_cap_0.75,equal_site_portfolio,hub_policy_compliant,central,factorial_050,portfolio_mean,central,gentd26_hourly_service_demand.csv,gentd26_aligned_regional_hourly_cef.csv,capacity_scenarios.csv,energy_calibration_bounds.csv,trace_timestamp_anonymized,single_row_default,0.3,20.0,carbon,211.9472222222222,211.94722220222215,2e-08,0.9999999999056368,0.3000000000283089,56.92722900944693,70.30512782658639,33.279753806237295,79.3428240062564,2.478550062496684,0.0312384906075594,0.0,,,1e-08,True,True,0,688,4.440892098500626e-16,0.0,0.0,0.0,1e-08,0.9475833333333334,0,0.0,554,3,0.0,0.0,148.36305553555553,3.0022515624999992,2.8030000000000004,57.77891510416668
spatial_wue_coarse,1.0,3.304733416662245,3.304733416662245,1.0000000000000002,-4.440892098500626e-16,0.0,0.0,-13.23512129906874,-1.0000007932831068e-08,38.354010220005065,1e-08,33.27781044433017,screened_water_cap_1.00,equal_site_portfolio,hub_policy_compliant,central,factorial_050,portfolio_mean,central,gentd26_hourly_service_demand.csv,gentd26_aligned_regional_hourly_cef.csv,capacity_scenarios.csv,energy_calibration_bounds.csv,trace_timestamp_anonymized,single_row_default,0.3,20.0,carbon,211.9472222222222,211.94722220222215,2e-08,0.9999999999056368,0.300000000028309,56.92722900944693,70.30512782658639,33.27781044433017,79.07002118336405,3.3047334166622453,0.0417950237928802,0.0,,,1e-08,True,True,0,686,4.440892098500626e-16,0.0,8.118505867571457e-16,0.0,1e-08,0.9475833333333334,0,-8.118505867571457e-16,554,3,-4.440892098500626e-16,4.440892098500626e-16,148.36305553555553,3.853166666666668,3.997916666666667,55.73308333333334
spatial_wue_coarse,0.0,0.0,4.217468992940948,0.0,4.217468992940948,0.0582254091812473,0.1749676688574508,-13.083310813418723,-1.0000007932831068e-08,38.354010220005065,1e-08,33.27781044433017,screened_water_cap_0.00,equal_site_portfolio,hub_policy_compliant,central,factorial_051,portfolio_mean,central,gentd26_hourly_service_demand.csv,gentd26_aligned_regional_hourly_cef.csv,capacity_scenarios.csv,energy_calibration_bounds.csv,trace_timestamp_anonymized,single_row_default,0.3,20.0,carbon,211.9472222222222,211.94722220222215,2e-08,0.9999999999056368,0.3000000000283089,56.92722900944693,70.30512782658639,33.33603585351142,51.97456008435192,0.0,0.0,0.0,,,1e-08,True,True,0,0,4.440892098500626e-16,0.0,0.0,0.0,1e-08,0.9475833333333334,0,0.0,554,3,0.0,0.0,148.36305553555553,0.0,0.0,63.5841666666667
spatial_wue_coarse,0.25,1.0543672482352369,4.217468992940948,0.25,3.1631017447057106,0.0284743202674135,0.0855654860918431,-13.160880508851292,-1.0000007932831068e-08,38.354010220005065,1e-08,33.27781044433017,screened_water_cap_0.25,equal_site_portfolio,hub_policy_compliant,central,factorial_051,portfolio_mean,central,gentd26_hourly_service_demand.csv,gentd26_aligned_regional_hourly_cef.csv,capacity_scenarios.csv,energy_calibration_bounds.csv,trace_timestamp_anonymized,single_row_default,0.3,20.0,carbon,211.9472222222222,211.94722220222215,2e-08,0.9999999999056368,0.3000000000283089,56.92722900944693,70.30512782658639,33.306284764597585,52.83914122790481,1.0543672482352369,0.0199542843379599,0.0,,,1e-08,True,True,0,678,4.440892098500626e-16,0.0,0.0,0.0,1e-08,0.9475833333333334,0,0.0,554,3,0.0,0.0,148.36305553555553,0.909104166666667,1.0536666666666663,61.62139583333336
spatial_wue_coarse,0.5,2.1087344964704737,4.217468992940948,0.5000000000000001,2.1087344964704733,0.0096719532950189,0.0290642718552724,-13.209903718848215,-1.0000007932831068e-08,38.354010220005065,1e-08,33.27781044433017,screened_water_cap_0.50,equal_site_portfolio,hub_policy_compliant,central,factorial_051,portfolio_mean,central,gentd26_hourly_service_demand.csv,gentd26_aligned_regional_hourly_cef.csv,capacity_scenarios.csv,energy_calibration_bounds.csv,trace_timestamp_anonymized,single_row_default,0.3,20.0,carbon,211.9472222222222,211.94722220222215,2e-08,0.9999999999056368,0.3000000000283089,56.92722900944693,70.30512782658639,33.28748239762519,53.70372237145772,2.108734496470474,0.0392660769747911,0.0,,,1e-08,True,True,0,683,4.440892098500626e-16,0.0,0.0,0.0,1e-08,0.9475833333333334,0,0.0,554,3,-4.440892098500626e-16,4.440892098500626e-16,148.36305553555553,2.003625000000001,1.9219166666666665,59.65862500000002
spatial_wue_coarse,0.75,3.1631017447057106,4.217468992940948,0.7500000000000002,1.054367248235236,0.0017832854951365,0.0053587825380452,-13.230471757899764,-1.0000007932831068e-08,38.354010220005065,1e-08,33.27781044433017,screened_water_cap_0.75,equal_site_portfolio,hub_policy_compliant,central,factorial_051,portfolio_mean,central,gentd26_hourly_service_demand.csv,gentd26_aligned_regional_hourly_cef.csv,capacity_scenarios.csv,energy_calibration_bounds.csv,trace_timestamp_anonymized,single_row_default,0.3,20.0,carbon,211.9472222222222,211.94722220222215,2e-08,0.9999999999056368,0.3000000000283089,56.92722900944693,70.30512782658639,33.27959372982531,54.568303515010605,3.1631017447057115,0.0579659168593285,0.0,,,1e-08,True,True,0,688,4.440892098500626e-16,0.0,0.0,0.0,1e-08,0.9475833333333334,0,0.0,554,3,-8.881784197001252e-16,8.881784197001252e-16,148.36305553555553,3.0441666666666665,2.844145833333336,57.69585416666668
spatial_wue_coarse,1.0,4.217468992940948,4.217468992940948,1.0000000000000004,-1.7763568394002505e-15,0.0,0.0,-13.23512129906874,-1.0000007932831068e-08,38.354010220005065,1e-08,33.27781044433017,screened_water_cap_1.00,equal_site_portfolio,hub_policy_compliant,central,factorial_051,portfolio_mean,central,gentd26_hourly_service_demand.csv,gentd26_aligned_regional_hourly_cef.csv,capacity_scenarios.csv,energy_calibration_bounds.csv,trace_timestamp_anonymized,single_row_default,0.3,20.0,carbon,211.9472222222222,211.94722220222215,2e-08,0.9999999999056368,0.300000000028309,56.92722900944693,70.30512782658639,33.27781044433017,55.432884658563495,4.217468992940949,0.0760824376887162,0.0,,,1e-08,True,True,0,684,4.440892098500626e-16,0.0,2.9108659926890827e-15,0.0,1e-08,0.9475833333333334,0,-2.9108659926890827e-15,554,3,-1.7763568394002505e-15,1.7763568394002505e-15,148.36305553555553,3.853166666666669,3.997916666666667,55.73308333333334
spatial_wue_coarse,0.0,0.0,4.217468992940948,0.0,4.217468992940948,0.0582254091812473,0.1749676688574508,-13.083310813418723,-1.0000007932831068e-08,38.354010220005065,1e-08,33.27781044433017,screened_water_cap_0.00,equal_site_portfolio,hub_policy_compliant,central,factorial_052,portfolio_mean,central,gentd26_hourly_service_demand.csv,gentd26_aligned_regional_hourly_cef.csv,capacity_scenarios.csv,energy_calibration_bounds.csv,trace_timestamp_anonymized,single_row_default,0.3,20.0,carbon,211.9472222222222,211.94722220222215,2e-08,0.9999999999056368,0.3000000000283089,56.92722900944693,70.30512782658639,33.33603585351142,65.46631336086396,0.0,0.0,0.0,,,1e-08,True,True,0,0,4.440892098500626e-16,0.0,0.0,0.0,1e-08,0.9475833333333334,0,0.0,554,3,0.0,0.0,148.36305553555553,0.0,0.0,63.5841666666667
spatial_wue_coarse,0.25,1.0543672482352369,4.217468992940948,0.25,3.1631017447057106,0.0284743202674135,0.0855654860918431,-13.160880508851292,-1.0000007932831068e-08,38.354010220005065,1e-08,33.27781044433017,screened_water_cap_0.25,equal_site_portfolio,hub_policy_compliant,central,factorial_052,portfolio_mean,central,gentd26_hourly_service_demand.csv,gentd26_aligned_regional_hourly_cef.csv,capacity_scenarios.csv,energy_calibration_bounds.csv,trace_timestamp_anonymized,single_row_default,0.3,20.0,carbon,211.9472222222222,211.94722220222215,2e-08,0.9999999999056368,0.3000000000283089,56.92722900944693,70.30512782658639,33.306284764597585,65.91441944136395,1.0543672482352369,0.0159960029561237,0.0,,,1e-08,True,True,0,678,4.440892098500626e-16,0.0,0.0,0.0,1e-08,0.9475833333333334,0,0.0,554,3,0.0,0.0,148.36305553555553,0.909104166666667,1.0536666666666663,61.62139583333336
spatial_wue_coarse,0.5,2.1087344964704737,4.217468992940948,0.5000000000000001,2.1087344964704733,0.0096719532950189,0.0290642718552724,-13.209903718848215,-1.0000007932831068e-08,38.354010220005065,1e-08,33.27781044433017,screened_water_cap_0.50,equal_site_portfolio,hub_policy_compliant,central,factorial_052,portfolio_mean,central,gentd26_hourly_service_demand.csv,gentd26_aligned_regional_hourly_cef.csv,capacity_scenarios.csv,energy_calibration_bounds.csv,trace_timestamp_anonymized,single_row_default,0.3,20.0,carbon,211.9472222222222,211.94722220222215,2e-08,0.9999999999056368,0.3000000000283089,56.92722900944693,70.30512782658639,33.28748239762519,66.36252552186392,2.108734496470474,0.0317759832056983,0.0,,,1e-08,True,True,0,683,4.440892098500626e-16,0.0,0.0,0.0,1e-08,0.9475833333333334,0,0.0,554,3,-4.440892098500626e-16,4.440892098500626e-16,148.36305553555553,2.003625000000001,1.9219166666666665,59.65862500000002
spatial_wue_coarse,0.75,3.1631017447057106,4.217468992940948,0.7500000000000002,1.054367248235236,0.0017832854951365,0.0053587825380452,-13.230471757899764,-1.0000007932831068e-08,38.354010220005065,1e-08,33.27781044433017,screened_water_cap_0.75,equal_site_portfolio,hub_policy_compliant,central,factorial_052,portfolio_mean,central,gentd26_hourly_service_demand.csv,gentd26_aligned_regional_hourly_cef.csv,capacity_scenarios.csv,energy_calibration_bounds.csv,trace_timestamp_anonymized,single_row_default,0.3,20.0,carbon,211.9472222222222,211.94722220222215,2e-08,0.9999999999056368,0.3000000000283089,56.92722900944693,70.30512782658639,33.27959372982531,66.8106316023639,3.1631017447057115,0.0473442874111939,0.0,,,1e-08,True,True,0,688,4.440892098500626e-16,0.0,0.0,0.0,1e-08,0.9475833333333334,0,0.0,554,3,-8.881784197001252e-16,8.881784197001252e-16,148.36305553555553,3.0441666666666665,2.844145833333336,57.69585416666668
spatial_wue_coarse,1.0,4.217468992940948,4.217468992940948,1.0000000000000004,-1.7763568394002505e-15,0.0,0.0,-13.23512129906874,-1.0000007932831068e-08,38.354010220005065,1e-08,33.27781044433017,screened_water_cap_1.00,equal_site_portfolio,hub_policy_compliant,central,factorial_052,portfolio_mean,central,gentd26_hourly_service_demand.csv,gentd26_aligned_regional_hourly_cef.csv,capacity_scenarios.csv,energy_calibration_bounds.csv,trace_timestamp_anonymized,single_row_default,0.3,20.0,carbon,211.9472222222222,211.94722220222215,2e-08,0.9999999999056368,0.300000000028309,56.92722900944693,70.30512782658639,33.27781044433017,67.25873768286387,4.217468992940949,0.0627051463978853,0.0,,,1e-08,True,True,0,684,4.440892098500626e-16,0.0,2.9108659926890827e-15,0.0,1e-08,0.9475833333333334,0,-2.9108659926890827e-15,554,3,-1.7763568394002505e-15,1.7763568394002505e-15,148.36305553555553,3.853166666666669,3.997916666666667,55.73308333333334
spatial_wue_coarse,0.0,0.0,4.217468992940948,0.0,4.217468992940948,0.0582254091812473,0.1749676688574508,-13.083310813418723,-1.0000007932831068e-08,38.354010220005065,1e-08,33.27781044433017,screened_water_cap_0.00,equal_site_portfolio,hub_policy_compliant,central,factorial_053,portfolio_mean,central,gentd26_hourly_service_demand.csv,gentd26_aligned_regional_hourly_cef.csv,capacity_scenarios.csv,energy_calibration_bounds.csv,trace_timestamp_anonymized,single_row_default,0.3,20.0,carbon,211.9472222222222,211.94722220222215,2e-08,0.9999999999056368,0.3000000000283089,56.92722900944693,70.30512782658639,33.33603585351142,79.98275675964275,0.0,0.0,0.0,,,1e-08,True,True,0,0,4.440892098500626e-16,0.0,0.0,0.0,1e-08,0.9475833333333334,0,0.0,554,3,0.0,0.0,148.36305553555553,0.0,0.0,63.5841666666667
spatial_wue_coarse,0.25,1.0543672482352369,4.217468992940948,0.25,3.1631017447057106,0.0284743202674135,0.0855654860918431,-13.160880508851292,-1.0000007932831068e-08,38.354010220005065,1e-08,33.27781044433017,screened_water_cap_0.25,equal_site_portfolio,hub_policy_compliant,central,factorial_053,portfolio_mean,central,gentd26_hourly_service_demand.csv,gentd26_aligned_regional_hourly_cef.csv,capacity_scenarios.csv,energy_calibration_bounds.csv,trace_timestamp_anonymized,single_row_default,0.3,20.0,carbon,211.9472222222222,211.94722220222215,2e-08,0.9999999999056368,0.3000000000283089,56.92722900944693,70.30512782658639,33.306284764597585,79.98275675964275,1.0543672482352369,0.0131824319509732,0.0,,,1e-08,True,True,0,678,4.440892098500626e-16,0.0,0.0,0.0,1e-08,0.9475833333333334,0,0.0,554,3,0.0,0.0,148.36305553555553,0.909104166666667,1.0536666666666663,61.62139583333336
spatial_wue_coarse,0.5,2.1087344964704737,4.217468992940948,0.5000000000000001,2.1087344964704733,0.0096719532950189,0.0290642718552724,-13.209903718848215,-1.0000007932831068e-08,38.354010220005065,1e-08,33.27781044433017,screened_water_cap_0.50,equal_site_portfolio,hub_policy_compliant,central,factorial_053,portfolio_mean,central,gentd26_hourly_service_demand.csv,gentd26_aligned_regional_hourly_cef.csv,capacity_scenarios.csv,energy_calibration_bounds.csv,trace_timestamp_anonymized,single_row_default,0.3,20.0,carbon,211.9472222222222,211.94722220222215,2e-08,0.9999999999056368,0.3000000000283089,56.92722900944693,70.30512782658639,33.28748239762519,79.98275675964275,2.108734496470474,0.0263648639019465,0.0,,,1e-08,True,True,0,683,4.440892098500626e-16,0.0,0.0,0.0,1e-08,0.9475833333333334,0,0.0,554,3,-4.440892098500626e-16,4.440892098500626e-16,148.36305553555553,2.003625000000001,1.9219166666666665,59.65862500000002
spatial_wue_coarse,0.75,3.1631017447057106,4.217468992940948,0.7500000000000002,1.054367248235236,0.0017832854951365,0.0053587825380452,-13.230471757899764,-1.0000007932831068e-08,38.354010220005065,1e-08,33.27781044433017,screened_water_cap_0.75,equal_site_portfolio,hub_policy_compliant,central,factorial_053,portfolio_mean,central,gentd26_hourly_service_demand.csv,gentd26_aligned_regional_hourly_cef.csv,capacity_scenarios.csv,energy_calibration_bounds.csv,trace_timestamp_anonymized,single_row_default,0.3,20.0,carbon,211.9472222222222,211.94722220222215,2e-08,0.9999999999056368,0.3000000000283089,56.92722900944693,70.30512782658639,33.27959372982531,79.98275675964275,3.1631017447057115,0.0395472958529197,0.0,,,1e-08,True,True,0,688,4.440892098500626e-16,0.0,0.0,0.0,1e-08,0.9475833333333334,0,0.0,554,3,-8.881784197001252e-16,8.881784197001252e-16,148.36305553555553,3.0441666666666665,2.844145833333336,57.69585416666668
spatial_wue_coarse,1.0,4.217468992940948,4.217468992940948,1.0000000000000004,-1.7763568394002505e-15,0.0,0.0,-13.23512129906874,-1.0000007932831068e-08,38.354010220005065,1e-08,33.27781044433017,screened_water_cap_1.00,equal_site_portfolio,hub_policy_compliant,central,factorial_053,portfolio_mean,central,gentd26_hourly_service_demand.csv,gentd26_aligned_regional_hourly_cef.csv,capacity_scenarios.csv,energy_calibration_bounds.csv,trace_timestamp_anonymized,single_row_default,0.3,20.0,carbon,211.9472222222222,211.94722220222215,2e-08,0.9999999999056368,0.300000000028309,56.92722900944693,70.30512782658639,33.27781044433017,79.98275675964275,4.217468992940949,0.052729727803893,0.0,,,1e-08,True,True,0,684,4.440892098500626e-16,0.0,2.9108659926890827e-15,0.0,1e-08,0.9475833333333334,0,-2.9108659926890827e-15,554,3,-1.7763568394002505e-15,1.7763568394002505e-15,148.36305553555553,3.853166666666669,3.997916666666667,55.73308333333334
spatial_wue_coarse,0.0,0.0,0.7591444187293707,0.0,0.7591444187293707,0.0582254091812473,0.1749676688574508,-13.083310813418723,-1.0000007932831068e-08,38.354010220005065,1e-08,33.27781044433017,screened_water_cap_0.00,equal_site_portfolio,hub_policy_compliant,central,factorial_054,portfolio_mean,central,gentd26_hourly_service_demand.csv,gentd26_aligned_regional_hourly_cef.csv,capacity_scenarios.csv,energy_calibration_bounds.csv,trace_timestamp_anonymized,single_row_default,0.3,20.0,carbon,211.9472222222222,211.94722220222215,2e-08,0.9999999999056368,0.3000000000283089,56.92722900944693,70.30512782658639,33.33603585351142,85.84626134360303,0.0,0.0,0.0,,,1e-08,True,True,0,0,4.440892098500626e-16,0.0,0.0,0.0,1e-08,0.9475833333333334,0,0.0,554,3,0.0,0.0,148.36305553555553,0.0,0.0,63.5841666666667
spatial_wue_coarse,0.25,0.1897861046823426,0.7591444187293707,0.25,0.569358314047028,0.0284743202674135,0.0855654860918431,-13.160880508851292,-1.0000007932831068e-08,38.354010220005065,1e-08,33.27781044433017,screened_water_cap_0.25,equal_site_portfolio,hub_policy_compliant,central,factorial_054,portfolio_mean,central,gentd26_hourly_service_demand.csv,gentd26_aligned_regional_hourly_cef.csv,capacity_scenarios.csv,energy_calibration_bounds.csv,trace_timestamp_anonymized,single_row_default,0.3,20.0,carbon,211.9472222222222,211.94722220222215,2e-08,0.9999999999056368,0.3000000000283089,56.92722900944693,70.30512782658639,33.306284764597585,85.84626134360303,0.1897861046823427,0.0022107672682764,0.0,,,1e-08,True,True,0,674,4.440892098500626e-16,0.0,0.0,0.0,1e-08,0.9475833333333334,0,0.0,554,3,-5.551115123125783e-17,5.551115123125783e-17,148.36305553555553,0.9091041666666676,1.0536666666666663,61.62139583333336
spatial_wue_coarse,0.5,0.3795722093646853,0.7591444187293707,0.5000000000000001,0.3795722093646853,0.0096719532950189,0.0290642718552724,-13.209903718848215,-1.0000007932831068e-08,38.354010220005065,1e-08,33.27781044433017,screened_water_cap_0.50,equal_site_portfolio,hub_policy_compliant,central,factorial_054,portfolio_mean,central,gentd26_hourly_service_demand.csv,gentd26_aligned_regional_hourly_cef.csv,capacity_scenarios.csv,energy_calibration_bounds.csv,trace_timestamp_anonymized,single_row_default,0.3,20.0,carbon,211.9472222222222,211.94722220222215,2e-08,0.9999999999056368,0.3000000000283089,56.92722900944693,70.30512782658639,33.28748239762519,85.84626134360303,0.3795722093646854,0.0044215345365528,0.0,,,1e-08,True,True,0,686,4.440892098500626e-16,0.0,0.0,0.0,1e-08,0.9475833333333334,0,0.0,554,3,-5.551115123125783e-17,5.551115123125783e-17,148.36305553555553,2.0036250000000013,1.9219166666666665,59.658625000000015
spatial_wue_coarse,0.75,0.569358314047028,0.7591444187293707,0.7500000000000001,0.1897861046823425,0.0017832854951365,0.0053587825380452,-13.230471757899764,-1.0000007932831068e-08,38.354010220005065,1e-08,33.27781044433017,screened_water_cap_0.75,equal_site_portfolio,hub_policy_compliant,central,factorial_054,portfolio_mean,central,gentd26_hourly_service_demand.csv,gentd26_aligned_regional_hourly_cef.csv,capacity_scenarios.csv,energy_calibration_bounds.csv,trace_timestamp_anonymized,single_row_default,0.3,20.0,carbon,211.9472222222222,211.94722220222215,2e-08,0.9999999999056368,0.3000000000283089,56.92722900944693,70.30512782658639,33.27959372982531,85.84626134360303,0.5693583140470281,0.0066323018048293,0.0,,,1e-08,True,True,0,686,4.440892098500626e-16,0.0,0.0,0.0,1e-08,0.9475833333333334,0,0.0,554,3,-1.1102230246251563e-16,1.1102230246251563e-16,148.36305553555553,3.0441666666666665,2.8441458333333363,57.69585416666668
spatial_wue_coarse,1.0,0.7591444187293707,0.7591444187293707,1.0000000000000004,-3.3306690738754696e-16,0.0,0.0,-13.23512129906874,-1.0000007932831068e-08,38.354010220005065,1e-08,33.27781044433017,screened_water_cap_1.00,equal_site_portfolio,hub_policy_compliant,central,factorial_054,portfolio_mean,central,gentd26_hourly_service_demand.csv,gentd26_aligned_regional_hourly_cef.csv,capacity_scenarios.csv,energy_calibration_bounds.csv,trace_timestamp_anonymized,single_row_default,0.3,20.0,carbon,211.9472222222222,211.94722220222215,2e-08,0.9999999999056368,0.300000000028309,56.92722900944693,70.30512782658639,33.27781044433017,85.84626134360303,0.759144418729371,0.0088430690731057,0.0,,,1e-08,True,True,0,684,4.440892098500626e-16,0.0,2.9698465908722937e-15,0.0,1e-08,0.9475833333333334,0,-2.9698465908722937e-15,554,3,-3.3306690738754696e-16,3.3306690738754696e-16,148.36305553555553,3.853166666666669,3.997916666666667,55.73308333333334
spatial_wue_coarse,0.0,0.0,0.7591444187293707,0.0,0.7591444187293707,0.0582254091812473,0.1749676688574508,-13.083310813418723,-1.0000007932831068e-08,38.354010220005065,1e-08,33.27781044433017,screened_water_cap_0.00,equal_site_portfolio,hub_policy_compliant,central,factorial_055,portfolio_mean,central,gentd26_hourly_service_demand.csv,gentd26_aligned_regional_hourly_cef.csv,capacity_scenarios.csv,energy_calibration_bounds.csv,trace_timestamp_anonymized,single_row_default,0.3,20.0,carbon,211.9472222222222,211.94722220222215,2e-08,0.9999999999056368,0.3000000000283089,56.92722900944693,70.30512782658639,33.33603585351142,99.33801462011508,0.0,0.0,0.0,,,1e-08,True,True,0,0,4.440892098500626e-16,0.0,0.0,0.0,1e-08,0.9475833333333334,0,0.0,554,3,0.0,0.0,148.36305553555553,0.0,0.0,63.5841666666667
spatial_wue_coarse,0.25,0.1897861046823426,0.7591444187293707,0.25,0.569358314047028,0.0284743202674135,0.0855654860918431,-13.160880508851292,-1.0000007932831068e-08,38.354010220005065,1e-08,33.27781044433017,screened_water_cap_0.25,equal_site_portfolio,hub_policy_compliant,central,factorial_055,portfolio_mean,central,gentd26_hourly_service_demand.csv,gentd26_aligned_regional_hourly_cef.csv,capacity_scenarios.csv,energy_calibration_bounds.csv,trace_timestamp_anonymized,single_row_default,0.3,20.0,carbon,211.9472222222222,211.94722220222215,2e-08,0.9999999999056368,0.3000000000283089,56.92722900944693,70.30512782658639,33.306284764597585,98.92153955706218,0.1897861046823427,0.0019185518698166,0.0,,,1e-08,True,True,0,674,4.440892098500626e-16,0.0,0.0,0.0,1e-08,0.9475833333333334,0,0.0,554,3,-5.551115123125783e-17,5.551115123125783e-17,148.36305553555553,0.9091041666666676,1.0536666666666663,61.62139583333336
spatial_wue_coarse,0.5,0.3795722093646853,0.7591444187293707,0.5000000000000001,0.3795722093646853,0.0096719532950189,0.0290642718552724,-13.209903718848215,-1.0000007932831068e-08,38.354010220005065,1e-08,33.27781044433017,screened_water_cap_0.50,equal_site_portfolio,hub_policy_compliant,central,factorial_055,portfolio_mean,central,gentd26_hourly_service_demand.csv,gentd26_aligned_regional_hourly_cef.csv,capacity_scenarios.csv,energy_calibration_bounds.csv,trace_timestamp_anonymized,single_row_default,0.3,20.0,carbon,211.9472222222222,211.94722220222215,2e-08,0.9999999999056368,0.3000000000283089,56.92722900944693,70.30512782658639,33.28748239762519,98.50506449400925,0.3795722093646854,0.0038533268448118,0.0,,,1e-08,True,True,0,686,4.440892098500626e-16,0.0,0.0,0.0,1e-08,0.9475833333333334,0,0.0,554,3,-5.551115123125783e-17,5.551115123125783e-17,148.36305553555553,2.0036250000000013,1.9219166666666665,59.658625000000015
spatial_wue_coarse,0.75,0.569358314047028,0.7591444187293707,0.7500000000000001,0.1897861046823425,0.0017832854951365,0.0053587825380452,-13.230471757899764,-1.0000007932831068e-08,38.354010220005065,1e-08,33.27781044433017,screened_water_cap_0.75,equal_site_portfolio,hub_policy_compliant,central,factorial_055,portfolio_mean,central,gentd26_hourly_service_demand.csv,gentd26_aligned_regional_hourly_cef.csv,capacity_scenarios.csv,energy_calibration_bounds.csv,trace_timestamp_anonymized,single_row_default,0.3,20.0,carbon,211.9472222222222,211.94722220222215,2e-08,0.9999999999056368,0.3000000000283089,56.92722900944693,70.30512782658639,33.27959372982531,98.08858943095632,0.5693583140470281,0.0058045315703901,0.0,,,1e-08,True,True,0,686,4.440892098500626e-16,0.0,0.0,0.0,1e-08,0.9475833333333334,0,0.0,554,3,-1.1102230246251563e-16,1.1102230246251563e-16,148.36305553555553,3.0441666666666665,2.8441458333333363,57.69585416666668
spatial_wue_coarse,1.0,0.7591444187293707,0.7591444187293707,1.0000000000000004,-3.3306690738754696e-16,0.0,0.0,-13.23512129906874,-1.0000007932831068e-08,38.354010220005065,1e-08,33.27781044433017,screened_water_cap_1.00,equal_site_portfolio,hub_policy_compliant,central,factorial_055,portfolio_mean,central,gentd26_hourly_service_demand.csv,gentd26_aligned_regional_hourly_cef.csv,capacity_scenarios.csv,energy_calibration_bounds.csv,trace_timestamp_anonymized,single_row_default,0.3,20.0,carbon,211.9472222222222,211.94722220222215,2e-08,0.9999999999056368,0.300000000028309,56.92722900944693,70.30512782658639,33.27781044433017,97.67211436790342,0.759144418729371,0.0077723762165103,0.0,,,1e-08,True,True,0,684,4.440892098500626e-16,0.0,2.9698465908722937e-15,0.0,1e-08,0.9475833333333334,0,-2.9698465908722937e-15,554,3,-3.3306690738754696e-16,3.3306690738754696e-16,148.36305553555553,3.853166666666669,3.997916666666667,55.73308333333334
spatial_wue_coarse,0.0,0.0,0.7591444187293707,0.0,0.7591444187293707,0.0582254091812473,0.1749676688574508,-13.083310813418723,-1.0000007932831068e-08,38.354010220005065,1e-08,33.27781044433017,screened_water_cap_0.00,equal_site_portfolio,hub_policy_compliant,central,factorial_056,portfolio_mean,central,gentd26_hourly_service_demand.csv,gentd26_aligned_regional_hourly_cef.csv,capacity_scenarios.csv,energy_calibration_bounds.csv,trace_timestamp_anonymized,single_row_default,0.3,20.0,carbon,211.9472222222222,211.94722220222215,2e-08,0.9999999999056368,0.3000000000283089,56.92722900944693,70.30512782658639,33.33603585351142,113.85445801889388,0.0,0.0,0.0,,,1e-08,True,True,0,0,4.440892098500626e-16,0.0,0.0,0.0,1e-08,0.9475833333333334,0,0.0,554,3,0.0,0.0,148.36305553555553,0.0,0.0,63.5841666666667
spatial_wue_coarse,0.25,0.1897861046823426,0.7591444187293707,0.25,0.569358314047028,0.0284743202674135,0.0855654860918431,-13.160880508851292,-1.0000007932831068e-08,38.354010220005065,1e-08,33.27781044433017,screened_water_cap_0.25,equal_site_portfolio,hub_policy_compliant,central,factorial_056,portfolio_mean,central,gentd26_hourly_service_demand.csv,gentd26_aligned_regional_hourly_cef.csv,capacity_scenarios.csv,energy_calibration_bounds.csv,trace_timestamp_anonymized,single_row_default,0.3,20.0,carbon,211.9472222222222,211.94722220222215,2e-08,0.9999999999056368,0.3000000000283089,56.92722900944693,70.30512782658639,33.306284764597585,112.98987687534098,0.1897861046823427,0.001679673524131,0.0,,,1e-08,True,True,0,674,4.440892098500626e-16,0.0,0.0,0.0,1e-08,0.9475833333333334,0,0.0,554,3,-5.551115123125783e-17,5.551115123125783e-17,148.36305553555553,0.9091041666666676,1.0536666666666663,61.62139583333336
spatial_wue_coarse,0.5,0.3795722093646853,0.7591444187293707,0.5000000000000001,0.3795722093646853,0.0096719532950189,0.0290642718552724,-13.209903718848215,-1.0000007932831068e-08,38.354010220005065,1e-08,33.27781044433017,screened_water_cap_0.50,equal_site_portfolio,hub_policy_compliant,central,factorial_056,portfolio_mean,central,gentd26_hourly_service_demand.csv,gentd26_aligned_regional_hourly_cef.csv,capacity_scenarios.csv,energy_calibration_bounds.csv,trace_timestamp_anonymized,single_row_default,0.3,20.0,carbon,211.9472222222222,211.94722220222215,2e-08,0.9999999999056368,0.3000000000283089,56.92722900944693,70.30512782658639,33.28748239762519,112.12529573178809,0.3795722093646854,0.0033852504636656,0.0,,,1e-08,True,True,0,686,4.440892098500626e-16,0.0,0.0,0.0,1e-08,0.9475833333333334,0,0.0,554,3,-5.551115123125783e-17,5.551115123125783e-17,148.36305553555553,2.0036250000000013,1.9219166666666665,59.658625000000015
spatial_wue_coarse,0.75,0.569358314047028,0.7591444187293707,0.7500000000000001,0.1897861046823425,0.0017832854951365,0.0053587825380452,-13.230471757899764,-1.0000007932831068e-08,38.354010220005065,1e-08,33.27781044433017,screened_water_cap_0.75,equal_site_portfolio,hub_policy_compliant,central,factorial_056,portfolio_mean,central,gentd26_hourly_service_demand.csv,gentd26_aligned_regional_hourly_cef.csv,capacity_scenarios.csv,energy_calibration_bounds.csv,trace_timestamp_anonymized,single_row_default,0.3,20.0,carbon,211.9472222222222,211.94722220222215,2e-08,0.9999999999056368,0.3000000000283089,56.92722900944693,70.30512782658639,33.27959372982531,111.2607145882352,0.5693583140470281,0.0051173346868583,0.0,,,1e-08,True,True,0,686,4.440892098500626e-16,0.0,0.0,0.0,1e-08,0.9475833333333334,0,0.0,554,3,-1.1102230246251563e-16,1.1102230246251563e-16,148.36305553555553,3.0441666666666665,2.8441458333333363,57.69585416666668
spatial_wue_coarse,1.0,0.7591444187293707,0.7591444187293707,1.0000000000000004,-3.3306690738754696e-16,0.0,0.0,-13.23512129906874,-1.0000007932831068e-08,38.354010220005065,1e-08,33.27781044433017,screened_water_cap_1.00,equal_site_portfolio,hub_policy_compliant,central,factorial_056,portfolio_mean,central,gentd26_hourly_service_demand.csv,gentd26_aligned_regional_hourly_cef.csv,capacity_scenarios.csv,energy_calibration_bounds.csv,trace_timestamp_anonymized,single_row_default,0.3,20.0,carbon,211.9472222222222,211.94722220222215,2e-08,0.9999999999056368,0.300000000028309,56.92722900944693,70.30512782658639,33.27781044433017,110.39613344468228,0.759144418729371,0.0068765489790434,0.0,,,1e-08,True,True,0,684,4.440892098500626e-16,0.0,2.9698465908722937e-15,0.0,1e-08,0.9475833333333334,0,-2.9698465908722937e-15,554,3,-3.3306690738754696e-16,3.3306690738754696e-16,148.36305553555553,3.853166666666669,3.997916666666667,55.73308333333334
spatial_wue_coarse,0.0,0.0,1.607451601388399,0.0,1.607451601388399,0.0582254091812473,0.1749676688574508,-13.083310813418723,-1.0000007932831068e-08,38.354010220005065,1e-08,33.27781044433017,screened_water_cap_0.00,equal_site_portfolio,hub_policy_compliant,central,factorial_057,portfolio_mean,central,gentd26_hourly_service_demand.csv,gentd26_aligned_regional_hourly_cef.csv,capacity_scenarios.csv,energy_calibration_bounds.csv,trace_timestamp_anonymized,single_row_default,0.3,20.0,carbon,211.9472222222222,211.94722220222215,2e-08,0.9999999999056368,0.3000000000283089,56.92722900944693,70.30512782658639,33.33603585351142,85.84626134360303,0.0,0.0,0.0,,,1e-08,True,True,0,0,4.440892098500626e-16,0.0,0.0,0.0,1e-08,0.9475833333333334,0,0.0,554,3,0.0,0.0,148.36305553555553,0.0,0.0,63.5841666666667
spatial_wue_coarse,0.25,0.4018629003470997,1.607451601388399,0.2500000000000001,1.2055887010412991,0.0239713630847262,0.0720340754534643,-13.172621020878218,-1.0000007932831068e-08,38.354010220005065,1e-08,33.27781044433017,screened_water_cap_0.25,equal_site_portfolio,hub_policy_compliant,central,factorial_057,portfolio_mean,central,gentd26_hourly_service_demand.csv,gentd26_aligned_regional_hourly_cef.csv,capacity_scenarios.csv,energy_calibration_bounds.csv,trace_timestamp_anonymized,single_row_default,0.3,20.0,carbon,211.9472222222222,211.94722220222215,2e-08,0.9999999999056368,0.3000000000283089,56.92722900944693,70.30512782658639,33.3017818074149,85.94566391005635,0.4018629003470999,0.0046757786497252,0.0,,,1e-08,True,True,0,685,4.440892098500626e-16,0.0,0.0,0.0,1e-08,0.9475833333333334,0,0.0,554,3,-1.6653345369377348e-16,1.6653345369377348e-16,148.36305553555553,2.659583333333333,0.4684661231884061,60.45611721014495
spatial_wue_coarse,0.5,0.8037258006941995,1.607451601388399,0.5,0.8037258006941995,0.0074468547581361,0.0223778387421047,-13.215705194428262,-1.0000007932831068e-08,38.354010220005065,1e-08,33.27781044433017,screened_water_cap_0.50,equal_site_portfolio,hub_policy_compliant,central,factorial_057,portfolio_mean,central,gentd26_hourly_service_demand.csv,gentd26_aligned_regional_hourly_cef.csv,capacity_scenarios.csv,energy_calibration_bounds.csv,trace_timestamp_anonymized,single_row_default,0.3,20.0,carbon,211.9472222222222,211.94722220222215,2e-08,0.9999999999056368,0.3000000000283089,56.92722900944693,70.30512782658639,33.28525729908831,86.20626056306448,0.8037258006941995,0.0093232880703163,0.0,,,1e-08,True,True,0,682,4.440892098500626e-16,0.0,0.0,0.0,1e-08,0.9475833333333334,0,0.0,554,3,0.0,0.0,148.36305553555553,2.892416666666666,1.6966105072463766,58.99513949275365
spatial_wue_coarse,0.75,1.2055887010412991,1.607451601388399,0.7499999999999999,0.4018629003470999,0.0013964803023469,0.0041964308459707,-13.231480270935482,-1.0000007932831068e-08,38.354010220005065,1e-08,33.27781044433017,screened_water_cap_0.75,equal_site_portfolio,hub_policy_compliant,central,factorial_057,portfolio_mean,central,gentd26_hourly_service_demand.csv,gentd26_aligned_regional_hourly_cef.csv,capacity_scenarios.csv,energy_calibration_bounds.csv,trace_timestamp_anonymized,single_row_default,0.3,20.0,carbon,211.9472222222222,211.94722220222215,2e-08,0.9999999999056368,0.3000000000283089,56.92722900944693,70.30512782658639,33.27920692463252,86.44102237322095,1.2055887010412991,0.0139469509723751,0.0,,,1e-08,True,True,0,687,4.440892098500626e-16,0.0,0.0,0.0,1e-08,0.9475833333333334,0,0.0,554,3,2.220446049250313e-16,0.0,148.36305553555553,3.5141892361111102,2.8030000000000004,57.26697743055557
spatial_wue_coarse,1.0,1.607451601388399,1.607451601388399,1.0,0.0,0.0,0.0,-13.23512129906874,-1.0000007932831068e-08,38.354010220005065,1e-08,33.27781044433017,screened_water_cap_1.00,equal_site_portfolio,hub_policy_compliant,central,factorial_057,portfolio_mean,central,gentd26_hourly_service_demand.csv,gentd26_aligned_regional_hourly_cef.csv,capacity_scenarios.csv,energy_calibration_bounds.csv,trace_timestamp_anonymized,single_row_default,0.3,20.0,carbon,211.9472222222222,211.94722220222215,2e-08,0.9999999999056368,0.300000000028309,56.92722900944693,70.30512782658639,33.27781044433017,86.69456852626206,1.607451601388399,0.0185415491271689,0.0,,,1e-08,True,True,0,683,4.440892098500626e-16,0.0,5.551115123125783e-17,0.0,1e-08,0.9475833333333334,0,-5.551115123125783e-17,554,3,0.0,0.0,148.36305553555553,3.853166666666666,3.997916666666667,55.73308333333334
spatial_wue_coarse,0.0,0.0,1.607451601388399,0.0,1.607451601388399,0.0582254091812473,0.1749676688574508,-13.083310813418723,-1.0000007932831068e-08,38.354010220005065,1e-08,33.27781044433017,screened_water_cap_0.00,equal_site_portfolio,hub_policy_compliant,central,factorial_058,portfolio_mean,central,gentd26_hourly_service_demand.csv,gentd26_aligned_regional_hourly_cef.csv,capacity_scenarios.csv,energy_calibration_bounds.csv,trace_timestamp_anonymized,single_row_default,0.3,20.0,carbon,211.9472222222222,211.94722220222215,2e-08,0.9999999999056368,0.3000000000283089,56.92722900944693,70.30512782658639,33.33603585351142,99.33801462011508,0.0,0.0,0.0,,,1e-08,True,True,0,0,4.440892098500626e-16,0.0,0.0,0.0,1e-08,0.9475833333333334,0,0.0,554,3,0.0,0.0,148.36305553555553,0.0,0.0,63.5841666666667
spatial_wue_coarse,0.25,0.4018629003470997,1.607451601388399,0.2500000000000001,1.2055887010412991,0.0239713630847262,0.0720340754534643,-13.172621020878218,-1.0000007932831068e-08,38.354010220005065,1e-08,33.27781044433017,screened_water_cap_0.25,equal_site_portfolio,hub_policy_compliant,central,factorial_058,portfolio_mean,central,gentd26_hourly_service_demand.csv,gentd26_aligned_regional_hourly_cef.csv,capacity_scenarios.csv,energy_calibration_bounds.csv,trace_timestamp_anonymized,single_row_default,0.3,20.0,carbon,211.9472222222222,211.94722220222215,2e-08,0.9999999999056368,0.3000000000283089,56.92722900944693,70.30512782658639,33.3017818074149,98.77368478719038,0.4018629003470999,0.0040685219065474,0.0,,,1e-08,True,True,0,685,4.440892098500626e-16,0.0,0.0,0.0,1e-08,0.9475833333333334,0,0.0,554,3,-1.6653345369377348e-16,1.6653345369377348e-16,148.36305553555553,2.659583333333333,0.4684661231884061,60.45611721014495
spatial_wue_coarse,0.5,0.8037258006941995,1.607451601388399,0.5,0.8037258006941995,0.0074468547581361,0.0223778387421047,-13.215705194428262,-1.0000007932831068e-08,38.354010220005065,1e-08,33.27781044433017,screened_water_cap_0.50,equal_site_portfolio,hub_policy_compliant,central,factorial_058,portfolio_mean,central,gentd26_hourly_service_demand.csv,gentd26_aligned_regional_hourly_cef.csv,capacity_scenarios.csv,energy_calibration_bounds.csv,trace_timestamp_anonymized,single_row_default,0.3,20.0,carbon,211.9472222222222,211.94722220222215,2e-08,0.9999999999056368,0.3000000000283089,56.92722900944693,70.30512782658639,33.28525729908831,98.72428050853796,0.8037258006941995,0.0081411158081287,0.0,,,1e-08,True,True,0,682,4.440892098500626e-16,0.0,0.0,0.0,1e-08,0.9475833333333334,0,0.0,554,3,0.0,0.0,148.36305553555553,2.892416666666666,1.6966105072463766,58.99513949275365
spatial_wue_coarse,0.75,1.2055887010412991,1.607451601388399,0.7499999999999999,0.4018629003470999,0.0013964803023469,0.0041964308459707,-13.231480270935482,-1.0000007932831068e-08,38.354010220005065,1e-08,33.27781044433017,screened_water_cap_0.75,equal_site_portfolio,hub_policy_compliant,central,factorial_058,portfolio_mean,central,gentd26_hourly_service_demand.csv,gentd26_aligned_regional_hourly_cef.csv,capacity_scenarios.csv,energy_calibration_bounds.csv,trace_timestamp_anonymized,single_row_default,0.3,20.0,carbon,211.9472222222222,211.94722220222215,2e-08,0.9999999999056368,0.3000000000283089,56.92722900944693,70.30512782658639,33.27920692463252,98.592348259665,1.2055887010412991,0.0122280148746037,0.0,,,1e-08,True,True,0,687,4.440892098500626e-16,0.0,0.0,0.0,1e-08,0.9475833333333334,0,0.0,554,3,2.220446049250313e-16,0.0,148.36305553555553,3.5141892361111102,2.8030000000000004,57.26697743055557
spatial_wue_coarse,1.0,1.607451601388399,1.607451601388399,1.0,0.0,0.0,0.0,-13.23512129906874,-1.0000007932831068e-08,38.354010220005065,1e-08,33.27781044433017,screened_water_cap_1.00,equal_site_portfolio,hub_policy_compliant,central,factorial_058,portfolio_mean,central,gentd26_hourly_service_demand.csv,gentd26_aligned_regional_hourly_cef.csv,capacity_scenarios.csv,energy_calibration_bounds.csv,trace_timestamp_anonymized,single_row_default,0.3,20.0,carbon,211.9472222222222,211.94722220222215,2e-08,0.9999999999056368,0.300000000028309,56.92722900944693,70.30512782658639,33.27781044433017,98.52042155056245,1.607451601388399,0.0163159228928332,0.0,,,1e-08,True,True,0,683,4.440892098500626e-16,0.0,5.551115123125783e-17,0.0,1e-08,0.9475833333333334,0,-5.551115123125783e-17,554,3,0.0,0.0,148.36305553555553,3.853166666666666,3.997916666666667,55.73308333333334
spatial_wue_coarse,0.0,0.0,1.607451601388399,0.0,1.607451601388399,0.0582254091812473,0.1749676688574508,-13.083310813418723,-1.0000007932831068e-08,38.354010220005065,1e-08,33.27781044433017,screened_water_cap_0.00,equal_site_portfolio,hub_policy_compliant,central,factorial_059,portfolio_mean,central,gentd26_hourly_service_demand.csv,gentd26_aligned_regional_hourly_cef.csv,capacity_scenarios.csv,energy_calibration_bounds.csv,trace_timestamp_anonymized,single_row_default,0.3,20.0,carbon,211.9472222222222,211.94722220222215,2e-08,0.9999999999056368,0.3000000000283089,56.92722900944693,70.30512782658639,33.33603585351142,113.85445801889388,0.0,0.0,0.0,,,1e-08,True,True,0,0,4.440892098500626e-16,0.0,0.0,0.0,1e-08,0.9475833333333334,0,0.0,554,3,0.0,0.0,148.36305553555553,0.0,0.0,63.5841666666667
spatial_wue_coarse,0.25,0.4018629003470997,1.607451601388399,0.2500000000000001,1.2055887010412991,0.0239713630847262,0.0720340754534643,-13.172621020878218,-1.0000007932831068e-08,38.354010220005065,1e-08,33.27781044433017,screened_water_cap_0.25,equal_site_portfolio,hub_policy_compliant,central,factorial_059,portfolio_mean,central,gentd26_hourly_service_demand.csv,gentd26_aligned_regional_hourly_cef.csv,capacity_scenarios.csv,energy_calibration_bounds.csv,trace_timestamp_anonymized,single_row_default,0.3,20.0,carbon,211.9472222222222,211.94722220222215,2e-08,0.9999999999056368,0.3000000000283089,56.92722900944693,70.30512782658639,33.3017818074149,112.57598573094216,0.4018629003470999,0.0035697035894276,0.0,,,1e-08,True,True,0,685,4.440892098500626e-16,0.0,0.0,0.0,1e-08,0.9475833333333334,0,0.0,554,3,-1.6653345369377348e-16,1.6653345369377348e-16,148.36305553555553,2.659583333333333,0.4684661231884061,60.45611721014495
spatial_wue_coarse,0.5,0.8037258006941995,1.607451601388399,0.5,0.8037258006941995,0.0074468547581361,0.0223778387421047,-13.215705194428262,-1.0000007932831068e-08,38.354010220005065,1e-08,33.27781044433017,screened_water_cap_0.50,equal_site_portfolio,hub_policy_compliant,central,factorial_059,portfolio_mean,central,gentd26_hourly_service_demand.csv,gentd26_aligned_regional_hourly_cef.csv,capacity_scenarios.csv,energy_calibration_bounds.csv,trace_timestamp_anonymized,single_row_default,0.3,20.0,carbon,211.9472222222222,211.94722220222215,2e-08,0.9999999999056368,0.3000000000283089,56.92722900944693,70.30512782658639,33.28525729908831,112.19303614607271,0.8037258006941995,0.0071637761870332,0.0,,,1e-08,True,True,0,682,4.440892098500626e-16,0.0,0.0,0.0,1e-08,0.9475833333333334,0,0.0,554,3,0.0,0.0,148.36305553555553,2.892416666666666,1.6966105072463766,58.99513949275365
spatial_wue_coarse,0.75,1.2055887010412991,1.607451601388399,0.7499999999999999,0.4018629003470999,0.0013964803023469,0.0041964308459707,-13.231480270935482,-1.0000007932831068e-08,38.354010220005065,1e-08,33.27781044433017,screened_water_cap_0.75,equal_site_portfolio,hub_policy_compliant,central,factorial_059,portfolio_mean,central,gentd26_hourly_service_demand.csv,gentd26_aligned_regional_hourly_cef.csv,capacity_scenarios.csv,energy_calibration_bounds.csv,trace_timestamp_anonymized,single_row_default,0.3,20.0,carbon,211.9472222222222,211.94722220222215,2e-08,0.9999999999056368,0.3000000000283089,56.92722900944693,70.30512782658639,33.27920692463252,111.66655965647186,1.2055887010412991,0.0107963270718659,0.0,,,1e-08,True,True,0,687,4.440892098500626e-16,0.0,0.0,0.0,1e-08,0.9475833333333334,0,0.0,554,3,2.220446049250313e-16,0.0,148.36305553555553,3.5141892361111102,2.8030000000000004,57.26697743055557
spatial_wue_coarse,1.0,1.607451601388399,1.607451601388399,1.0,0.0,0.0,0.0,-13.23512129906874,-1.0000007932831068e-08,38.354010220005065,1e-08,33.27781044433017,screened_water_cap_1.00,equal_site_portfolio,hub_policy_compliant,central,factorial_059,portfolio_mean,central,gentd26_hourly_service_demand.csv,gentd26_aligned_regional_hourly_cef.csv,capacity_scenarios.csv,energy_calibration_bounds.csv,trace_timestamp_anonymized,single_row_default,0.3,20.0,carbon,211.9472222222222,211.94722220222215,2e-08,0.9999999999056368,0.300000000028309,56.92722900944693,70.30512782658639,33.27781044433017,111.2444406273413,1.607451601388399,0.014449725238614,0.0,,,1e-08,True,True,0,683,4.440892098500626e-16,0.0,5.551115123125783e-17,0.0,1e-08,0.9475833333333334,0,-5.551115123125783e-17,554,3,0.0,0.0,148.36305553555553,3.853166666666666,3.997916666666667,55.73308333333334
spatial_wue_coarse,0.0,0.0,2.5201871776671005,0.0,2.5201871776671005,0.0582254091812473,0.1749676688574508,-13.083310813418723,-1.0000007932831068e-08,38.354010220005065,1e-08,33.27781044433017,screened_water_cap_0.00,equal_site_portfolio,hub_policy_compliant,central,factorial_060,portfolio_mean,central,gentd26_hourly_service_demand.csv,gentd26_aligned_regional_hourly_cef.csv,capacity_scenarios.csv,energy_calibration_bounds.csv,trace_timestamp_anonymized,single_row_default,0.3,20.0,carbon,211.9472222222222,211.94722220222215,2e-08,0.9999999999056368,0.3000000000283089,56.92722900944693,70.30512782658639,33.33603585351142,85.84626134360303,0.0,0.0,0.0,,,1e-08,True,True,0,0,4.440892098500626e-16,0.0,0.0,0.0,1e-08,0.9475833333333334,0,0.0,554,3,0.0,0.0,148.36305553555553,0.0,0.0,63.5841666666667
spatial_wue_coarse,0.25,0.6300467944167751,2.5201871776671005,0.2500000000000001,1.8901403832503247,0.0204451872975539,0.061437898180694,-13.181814781235856,-1.0000007932831068e-08,38.354010220005065,1e-08,33.27781044433017,screened_water_cap_0.25,equal_site_portfolio,hub_policy_compliant,central,factorial_060,portfolio_mean,central,gentd26_hourly_service_demand.csv,gentd26_aligned_regional_hourly_cef.csv,capacity_scenarios.csv,energy_calibration_bounds.csv,trace_timestamp_anonymized,single_row_default,0.3,20.0,carbon,211.9472222222222,211.94722220222215,2e-08,0.9999999999056368,0.3000000000283089,56.92722900944693,70.30512782658639,33.298255631627725,86.12314535214524,0.6300467944167754,0.0073156500710767,0.0,,,1e-08,True,True,0,678,4.440892098500626e-16,0.0,0.0,0.0,1e-08,0.9475833333333334,0,0.0,554,3,-2.220446049250313e-16,2.220446049250313e-16,148.36305553555553,3.023833333333333,0.6285816666666666,59.93175166666669
spatial_wue_coarse,0.5,1.2600935888335505,2.5201871776671005,0.5,1.2600935888335505,0.0058323095742167,0.0175261217500333,-13.219914780791353,-1.0000007932831068e-08,38.354010220005065,1e-08,33.27781044433017,screened_water_cap_0.50,equal_site_portfolio,hub_policy_compliant,central,factorial_060,portfolio_mean,central,gentd26_hourly_service_demand.csv,gentd26_aligned_regional_hourly_cef.csv,capacity_scenarios.csv,energy_calibration_bounds.csv,trace_timestamp_anonymized,single_row_default,0.3,20.0,carbon,211.9472222222222,211.94722220222215,2e-08,0.9999999999056368,0.3000000000283089,56.92722900944693,70.30512782658639,33.28364275390439,86.6381715297583,1.2600935888335505,0.0145443234383211,0.0,,,1e-08,True,True,0,689,4.440892098500626e-16,0.0,0.0,0.0,1e-08,0.9475833333333334,0,0.0,554,3,0.0,0.0,148.36305553555553,3.0441666666666665,1.797793333333333,58.74220666666668
spatial_wue_coarse,0.75,1.8901403832503252,2.5201871776671005,0.75,0.6300467944167751,0.0011942248641645,0.0035886521625672,-13.232007609372898,-1.0000007932831068e-08,38.354010220005065,1e-08,33.27781044433017,screened_water_cap_0.75,equal_site_portfolio,hub_policy_compliant,central,factorial_060,portfolio_mean,central,gentd26_hourly_service_demand.csv,gentd26_aligned_regional_hourly_cef.csv,capacity_scenarios.csv,energy_calibration_bounds.csv,trace_timestamp_anonymized,single_row_default,0.3,20.0,carbon,211.9472222222222,211.94722220222215,2e-08,0.9999999999056368,0.300000000028309,56.92722900944693,70.30512782658639,33.279004669194336,87.09066573111902,1.8901403832503252,0.0217031339395875,0.0,,,1e-08,True,True,0,690,4.440892098500626e-16,0.0,0.0,0.0,1e-08,0.9475833333333334,0,0.0,554,3,0.0,0.0,148.36305553555553,3.853166666666666,2.8250450000000003,56.905955000000006
spatial_wue_coarse,1.0,2.5201871776671005,2.5201871776671005,1.0000000000000004,-8.881784197001252e-16,0.0,0.0,-13.23512129906874,-1.0000007932831068e-08,38.354010220005065,1e-08,33.27781044433017,screened_water_cap_1.00,equal_site_portfolio,hub_policy_compliant,central,factorial_060,portfolio_mean,central,gentd26_hourly_service_demand.csv,gentd26_aligned_regional_hourly_cef.csv,capacity_scenarios.csv,energy_calibration_bounds.csv,trace_timestamp_anonymized,single_row_default,0.3,20.0,carbon,211.9472222222222,211.94722220222215,2e-08,0.9999999999056368,0.300000000028309,56.92722900944693,70.30512782658639,33.27781044433017,87.60730410254077,2.520187177667101,0.0287668614333495,0.0,,,1e-08,True,True,0,682,4.440892098500626e-16,0.0,9.43689570931383e-16,0.0,1e-08,0.9475833333333334,0,-9.43689570931383e-16,554,3,-8.881784197001252e-16,8.881784197001252e-16,148.36305553555553,3.853166666666666,3.997916666666668,55.73308333333334
spatial_wue_coarse,0.0,0.0,2.5201871776671005,0.0,2.5201871776671005,0.0582254091812473,0.1749676688574508,-13.083310813418723,-1.0000007932831068e-08,38.354010220005065,1e-08,33.27781044433017,screened_water_cap_0.00,equal_site_portfolio,hub_policy_compliant,central,factorial_061,portfolio_mean,central,gentd26_hourly_service_demand.csv,gentd26_aligned_regional_hourly_cef.csv,capacity_scenarios.csv,energy_calibration_bounds.csv,trace_timestamp_anonymized,single_row_default,0.3,20.0,carbon,211.9472222222222,211.94722220222215,2e-08,0.9999999999056368,0.3000000000283089,56.92722900944693,70.30512782658639,33.33603585351142,99.33801462011508,0.0,0.0,0.0,,,1e-08,True,True,0,0,4.440892098500626e-16,0.0,0.0,0.0,1e-08,0.9475833333333334,0,0.0,554,3,0.0,0.0,148.36305553555553,0.0,0.0,63.5841666666667
spatial_wue_coarse,0.25,0.6300467944167751,2.5201871776671005,0.2500000000000001,1.8901403832503247,0.0204451872975539,0.061437898180694,-13.181814781235856,-1.0000007932831068e-08,38.354010220005065,1e-08,33.27781044433017,screened_water_cap_0.25,equal_site_portfolio,hub_policy_compliant,central,factorial_061,portfolio_mean,central,gentd26_hourly_service_demand.csv,gentd26_aligned_regional_hourly_cef.csv,capacity_scenarios.csv,energy_calibration_bounds.csv,trace_timestamp_anonymized,single_row_default,0.3,20.0,carbon,211.9472222222222,211.94722220222215,2e-08,0.9999999999056368,0.3000000000283089,56.92722900944693,70.30512782658639,33.298255631627725,98.8399025152103,0.6300467944167754,0.0063744174000962,0.0,,,1e-08,True,True,0,678,4.440892098500626e-16,0.0,0.0,0.0,1e-08,0.9475833333333334,0,0.0,554,3,-2.220446049250313e-16,2.220446049250313e-16,148.36305553555553,3.023833333333333,0.6285816666666666,59.93175166666669
spatial_wue_coarse,0.5,1.2600935888335505,2.5201871776671005,0.5,1.2600935888335505,0.0058323095742167,0.0175261217500333,-13.219914780791353,-1.0000007932831068e-08,38.354010220005065,1e-08,33.27781044433017,screened_water_cap_0.50,equal_site_portfolio,hub_policy_compliant,central,factorial_061,portfolio_mean,central,gentd26_hourly_service_demand.csv,gentd26_aligned_regional_hourly_cef.csv,capacity_scenarios.csv,energy_calibration_bounds.csv,trace_timestamp_anonymized,single_row_default,0.3,20.0,carbon,211.9472222222222,211.94722220222215,2e-08,0.9999999999056368,0.3000000000283089,56.92722900944693,70.30512782658639,33.28364275390439,99.10252233928183,1.2600935888335505,0.0127150506272642,0.0,,,1e-08,True,True,0,689,4.440892098500626e-16,0.0,0.0,0.0,1e-08,0.9475833333333334,0,0.0,554,3,0.0,0.0,148.36305553555553,3.0441666666666665,1.797793333333333,58.74220666666668
spatial_wue_coarse,0.75,1.8901403832503252,2.5201871776671005,0.75,0.6300467944167751,0.0011942248641645,0.0035886521625672,-13.232007609372898,-1.0000007932831068e-08,38.354010220005065,1e-08,33.27781044433017,screened_water_cap_0.75,equal_site_portfolio,hub_policy_compliant,central,factorial_061,portfolio_mean,central,gentd26_hourly_service_demand.csv,gentd26_aligned_regional_hourly_cef.csv,capacity_scenarios.csv,energy_calibration_bounds.csv,trace_timestamp_anonymized,single_row_default,0.3,20.0,carbon,211.9472222222222,211.94722220222215,2e-08,0.9999999999056368,0.300000000028309,56.92722900944693,70.30512782658639,33.279004669194336,99.165387239214,1.8901403832503252,0.0190604850731918,0.0,,,1e-08,True,True,0,690,4.440892098500626e-16,0.0,0.0,0.0,1e-08,0.9475833333333334,0,0.0,554,3,0.0,0.0,148.36305553555553,3.853166666666666,2.8250450000000003,56.905955000000006
spatial_wue_coarse,1.0,2.5201871776671005,2.5201871776671005,1.0000000000000004,-8.881784197001252e-16,0.0,0.0,-13.23512129906874,-1.0000007932831068e-08,38.354010220005065,1e-08,33.27781044433017,screened_water_cap_1.00,equal_site_portfolio,hub_policy_compliant,central,factorial_061,portfolio_mean,central,gentd26_hourly_service_demand.csv,gentd26_aligned_regional_hourly_cef.csv,capacity_scenarios.csv,energy_calibration_bounds.csv,trace_timestamp_anonymized,single_row_default,0.3,20.0,carbon,211.9472222222222,211.94722220222215,2e-08,0.9999999999056368,0.300000000028309,56.92722900944693,70.30512782658639,33.27781044433017,99.43315712684114,2.520187177667101,0.0253455411704593,0.0,,,1e-08,True,True,0,682,4.440892098500626e-16,0.0,9.43689570931383e-16,0.0,1e-08,0.9475833333333334,0,-9.43689570931383e-16,554,3,-8.881784197001252e-16,8.881784197001252e-16,148.36305553555553,3.853166666666666,3.997916666666668,55.73308333333334
spatial_wue_coarse,0.0,0.0,2.5201871776671005,0.0,2.5201871776671005,0.0582254091812473,0.1749676688574508,-13.083310813418723,-1.0000007932831068e-08,38.354010220005065,1e-08,33.27781044433017,screened_water_cap_0.00,equal_site_portfolio,hub_policy_compliant,central,factorial_062,portfolio_mean,central,gentd26_hourly_service_demand.csv,gentd26_aligned_regional_hourly_cef.csv,capacity_scenarios.csv,energy_calibration_bounds.csv,trace_timestamp_anonymized,single_row_default,0.3,20.0,carbon,211.9472222222222,211.94722220222215,2e-08,0.9999999999056368,0.3000000000283089,56.92722900944693,70.30512782658639,33.33603585351142,113.85445801889388,0.0,0.0,0.0,,,1e-08,True,True,0,0,4.440892098500626e-16,0.0,0.0,0.0,1e-08,0.9475833333333334,0,0.0,554,3,0.0,0.0,148.36305553555553,0.0,0.0,63.5841666666667
spatial_wue_coarse,0.25,0.6300467944167751,2.5201871776671005,0.2500000000000001,1.8901403832503247,0.0204451872975539,0.061437898180694,-13.181814781235856,-1.0000007932831068e-08,38.354010220005065,1e-08,33.27781044433017,screened_water_cap_0.25,equal_site_portfolio,hub_policy_compliant,central,factorial_062,portfolio_mean,central,gentd26_hourly_service_demand.csv,gentd26_aligned_regional_hourly_cef.csv,capacity_scenarios.csv,energy_calibration_bounds.csv,trace_timestamp_anonymized,single_row_default,0.3,20.0,carbon,211.9472222222222,211.94722220222215,2e-08,0.9999999999056368,0.3000000000283089,56.92722900944693,70.30512782658639,33.298255631627725,112.52248933622968,0.6300467944167754,0.005599296621799,0.0,,,1e-08,True,True,0,678,4.440892098500626e-16,0.0,0.0,0.0,1e-08,0.9475833333333334,0,0.0,554,3,-2.220446049250313e-16,2.220446049250313e-16,148.36305553555553,3.023833333333333,0.6285816666666666,59.93175166666669
spatial_wue_coarse,0.5,1.2600935888335505,2.5201871776671005,0.5,1.2600935888335505,0.0058323095742167,0.0175261217500333,-13.219914780791353,-1.0000007932831068e-08,38.354010220005065,1e-08,33.27781044433017,screened_water_cap_0.50,equal_site_portfolio,hub_policy_compliant,central,factorial_062,portfolio_mean,central,gentd26_hourly_service_demand.csv,gentd26_aligned_regional_hourly_cef.csv,capacity_scenarios.csv,energy_calibration_bounds.csv,trace_timestamp_anonymized,single_row_default,0.3,20.0,carbon,211.9472222222222,211.94722220222215,2e-08,0.9999999999056368,0.3000000000283089,56.92722900944693,70.30512782658639,33.28364275390439,112.51353270395911,1.2600935888335505,0.0111994847068668,0.0,,,1e-08,True,True,0,689,4.440892098500626e-16,0.0,0.0,0.0,1e-08,0.9475833333333334,0,0.0,554,3,0.0,0.0,148.36305553555553,3.0441666666666665,1.797793333333333,58.74220666666668
spatial_wue_coarse,0.75,1.8901403832503252,2.5201871776671005,0.75,0.6300467944167751,0.0011942248641645,0.0035886521625672,-13.232007609372898,-1.0000007932831068e-08,38.354010220005065,1e-08,33.27781044433017,screened_water_cap_0.75,equal_site_portfolio,hub_policy_compliant,central,factorial_062,portfolio_mean,central,gentd26_hourly_service_demand.csv,gentd26_aligned_regional_hourly_cef.csv,capacity_scenarios.csv,energy_calibration_bounds.csv,trace_timestamp_anonymized,single_row_default,0.3,20.0,carbon,211.9472222222222,211.94722220222215,2e-08,0.9999999999056368,0.300000000028309,56.92722900944693,70.30512782658639,33.279004669194336,112.15717620362004,1.8901403832503252,0.0168526031702046,0.0,,,1e-08,True,True,0,690,4.440892098500626e-16,0.0,0.0,0.0,1e-08,0.9475833333333334,0,0.0,554,3,0.0,0.0,148.36305553555553,3.853166666666666,2.8250450000000003,56.905955000000006
spatial_wue_coarse,1.0,2.5201871776671005,2.5201871776671005,1.0000000000000004,-8.881784197001252e-16,0.0,0.0,-13.23512129906874,-1.0000007932831068e-08,38.354010220005065,1e-08,33.27781044433017,screened_water_cap_1.00,equal_site_portfolio,hub_policy_compliant,central,factorial_062,portfolio_mean,central,gentd26_hourly_service_demand.csv,gentd26_aligned_regional_hourly_cef.csv,capacity_scenarios.csv,energy_calibration_bounds.csv,trace_timestamp_anonymized,single_row_default,0.3,20.0,carbon,211.9472222222222,211.94722220222215,2e-08,0.9999999999056368,0.300000000028309,56.92722900944693,70.30512782658639,33.27781044433017,112.15717620362004,2.520187177667101,0.0224701375602728,0.0,,,1e-08,True,True,0,682,4.440892098500626e-16,0.0,9.43689570931383e-16,0.0,1e-08,0.9475833333333334,0,-9.43689570931383e-16,554,3,-8.881784197001252e-16,8.881784197001252e-16,148.36305553555553,3.853166666666666,3.997916666666668,55.73308333333334
spatial_wue_coarse,0.0,0.0,1.5767374882820158,0.0,1.5767374882820158,0.0582254091812473,0.1749676688574508,-13.083310813418723,-1.0000007932831068e-08,38.354010220005065,1e-08,33.27781044433017,screened_water_cap_0.00,equal_site_portfolio,hub_policy_compliant,central,factorial_063,portfolio_mean,central,gentd26_hourly_service_demand.csv,gentd26_aligned_regional_hourly_cef.csv,capacity_scenarios.csv,energy_calibration_bounds.csv,trace_timestamp_anonymized,single_row_default,0.3,20.0,carbon,211.9472222222222,211.94722220222215,2e-08,0.9999999999056368,0.3000000000283089,56.92722900944693,70.30512782658639,33.33603585351142,85.84626134360303,0.0,0.0,0.0,,,1e-08,True,True,0,0,4.440892098500626e-16,0.0,0.0,0.0,1e-08,0.9475833333333334,0,0.0,554,3,0.0,0.0,148.36305553555553,0.0,0.0,63.5841666666667
spatial_wue_coarse,0.25,0.3941843720705039,1.5767374882820158,0.2499999999999999,1.182553116211512,0.0217662157126738,0.065407595698308,-13.178370477999923,-1.0000007932831068e-08,38.354010220005065,1e-08,33.27781044433017,screened_water_cap_0.25,equal_site_portfolio,hub_policy_compliant,central,factorial_063,portfolio_mean,central,gentd26_hourly_service_demand.csv,gentd26_aligned_regional_hourly_cef.csv,capacity_scenarios.csv,energy_calibration_bounds.csv,trace_timestamp_anonymized,single_row_default,0.3,20.0,carbon,211.9472222222222,211.94722220222215,2e-08,0.9999999999056368,0.3000000000283089,56.92722900944693,70.30512782658639,33.299576660042845,85.98205899242744,0.3941843720705038,0.0045844956109415,0.0,,,1e-08,True,True,0,678,4.440892098500626e-16,0.0,0.0,0.0,1e-08,0.9475833333333334,0,0.0,554,3,1.1102230246251563e-16,0.0,148.36305553555553,0.6399894927536229,2.03225,60.91192717391307
spatial_wue_coarse,0.5,0.7883687441410079,1.5767374882820158,0.5,0.7883687441410079,0.0085970239226114,0.0258341032893127,-13.2127063706863,-9.999979511121636e-09,38.354010220005065,1e-08,33.27781044433017,screened_water_cap_0.50,equal_site_portfolio,hub_policy_compliant,central,factorial_063,portfolio_mean,central,gentd26_hourly_service_demand.csv,gentd26_aligned_regional_hourly_cef.csv,capacity_scenarios.csv,energy_calibration_bounds.csv,trace_timestamp_anonymized,single_row_default,0.3,20.0,carbon,211.9472222222222,211.9472222022222,2e-08,0.9999999999056368,0.3000000000283089,56.92722900944693,70.30512782658639,33.28640746825278,86.20685599448299,0.7883687441410079,0.0091450817344674,0.0,,,1e-08,True,True,0,681,4.440892098500626e-16,0.0,0.0,0.0,1e-08,0.9475833333333334,0,0.0,554,3,0.0,0.0,148.36305553555553,1.699416666666667,2.7246296296296286,59.16012037037039
spatial_wue_coarse,0.75,1.182553116211512,1.5767374882820158,0.7500000000000001,0.3941843720705038,0.0020286516806464,0.0060961092498645,-13.229832017272637,-1.0000007932831068e-08,38.354010220005065,1e-08,33.27781044433017,screened_water_cap_0.75,equal_site_portfolio,hub_policy_compliant,central,factorial_063,portfolio_mean,central,gentd26_hourly_service_demand.csv,gentd26_aligned_regional_hourly_cef.csv,capacity_scenarios.csv,energy_calibration_bounds.csv,trace_timestamp_anonymized,single_row_default,0.3,20.0,carbon,211.9472222222222,211.94722220222215,2e-08,0.9999999999056368,0.3000000000283089,56.92722900944693,70.30512782658639,33.27983909601082,86.45999545518015,1.182553116211512,0.0136774598470171,0.0,,,1e-08,True,True,0,686,4.440892098500626e-16,0.0,0.0,0.0,1e-08,0.9475833333333334,0,0.0,554,3,0.0,0.0,148.36305553555553,2.892416666666666,2.9903182870370384,57.70143171296298
spatial_wue_coarse,1.0,1.5767374882820158,1.5767374882820158,1.0,0.0,0.0,0.0,-13.23512129906874,-1.0000007932831068e-08,38.354010220005065,1e-08,33.27781044433017,screened_water_cap_1.00,equal_site_portfolio,hub_policy_compliant,central,factorial_063,portfolio_mean,central,gentd26_hourly_service_demand.csv,gentd26_aligned_regional_hourly_cef.csv,capacity_scenarios.csv,energy_calibration_bounds.csv,trace_timestamp_anonymized,single_row_default,0.3,20.0,carbon,211.9472222222222,211.94722220222215,2e-08,0.9999999999056368,0.3000000000283089,56.92722900944693,70.30512782658639,33.27781044433017,86.66385441315569,1.5767374882820158,0.0181937152340949,0.0,,,1e-08,True,True,0,691,4.440892098500626e-16,0.0,0.0,0.0,1e-08,0.9475833333333334,0,0.0,554,3,0.0,0.0,148.36305553555553,3.8531666666666657,3.997916666666667,55.73308333333334
spatial_wue_coarse,0.0,0.0,1.5767374882820158,0.0,1.5767374882820158,0.0582254091812473,0.1749676688574508,-13.083310813418723,-1.0000007932831068e-08,38.354010220005065,1e-08,33.27781044433017,screened_water_cap_0.00,equal_site_portfolio,hub_policy_compliant,central,factorial_064,portfolio_mean,central,gentd26_hourly_service_demand.csv,gentd26_aligned_regional_hourly_cef.csv,capacity_scenarios.csv,energy_calibration_bounds.csv,trace_timestamp_anonymized,single_row_default,0.3,20.0,carbon,211.9472222222222,211.94722220222215,2e-08,0.9999999999056368,0.3000000000283089,56.92722900944693,70.30512782658639,33.33603585351142,99.33801462011508,0.0,0.0,0.0,,,1e-08,True,True,0,0,4.440892098500626e-16,0.0,0.0,0.0,1e-08,0.9475833333333334,0,0.0,554,3,0.0,0.0,148.36305553555553,0.0,0.0,63.5841666666667
spatial_wue_coarse,0.25,0.3941843720705039,1.5767374882820158,0.2499999999999999,1.182553116211512,0.0217662157126738,0.065407595698308,-13.178370477999923,-1.0000007932831068e-08,38.354010220005065,1e-08,33.27781044433017,screened_water_cap_0.25,equal_site_portfolio,hub_policy_compliant,central,factorial_064,portfolio_mean,central,gentd26_hourly_service_demand.csv,gentd26_aligned_regional_hourly_cef.csv,capacity_scenarios.csv,energy_calibration_bounds.csv,trace_timestamp_anonymized,single_row_default,0.3,20.0,carbon,211.9472222222222,211.94722220222215,2e-08,0.9999999999056368,0.3000000000283089,56.92722900944693,70.30512782658639,33.299576660042845,98.90679695959386,0.3941843720705038,0.0039854123699055,0.0,,,1e-08,True,True,0,678,4.440892098500626e-16,0.0,0.0,0.0,1e-08,0.9475833333333334,0,0.0,554,3,1.1102230246251563e-16,0.0,148.36305553555553,0.6399894927536229,2.03225,60.91192717391307
spatial_wue_coarse,0.5,0.7883687441410079,1.5767374882820158,0.5,0.7883687441410079,0.0085970239226114,0.0258341032893127,-13.2127063706863,-9.999979511121636e-09,38.354010220005065,1e-08,33.27781044433017,screened_water_cap_0.50,equal_site_portfolio,hub_policy_compliant,central,factorial_064,portfolio_mean,central,gentd26_hourly_service_demand.csv,gentd26_aligned_regional_hourly_cef.csv,capacity_scenarios.csv,energy_calibration_bounds.csv,trace_timestamp_anonymized,single_row_default,0.3,20.0,carbon,211.9472222222222,211.9472222022222,2e-08,0.9999999999056368,0.3000000000283089,56.92722900944693,70.30512782658639,33.28640746825278,98.75988278856104,0.7883687441410079,0.0079826820555149,0.0,,,1e-08,True,True,0,681,4.440892098500626e-16,0.0,0.0,0.0,1e-08,0.9475833333333334,0,0.0,554,3,0.0,0.0,148.36305553555553,1.699416666666667,2.7246296296296286,59.16012037037039
spatial_wue_coarse,0.75,1.182553116211512,1.5767374882820158,0.7500000000000001,0.3941843720705038,0.0020286516806464,0.0060961092498645,-13.229832017272637,-1.0000007932831068e-08,38.354010220005065,1e-08,33.27781044433017,screened_water_cap_0.75,equal_site_portfolio,hub_policy_compliant,central,factorial_064,portfolio_mean,central,gentd26_hourly_service_demand.csv,gentd26_aligned_regional_hourly_cef.csv,capacity_scenarios.csv,energy_calibration_bounds.csv,trace_timestamp_anonymized,single_row_default,0.3,20.0,carbon,211.9472222222222,211.94722220222215,2e-08,0.9999999999056368,0.3000000000283089,56.92722900944693,70.30512782658639,33.27983909601082,98.70350702707783,1.182553116211512,0.0119808621986156,0.0,,,1e-08,True,True,0,686,4.440892098500626e-16,0.0,0.0,0.0,1e-08,0.9475833333333334,0,0.0,554,3,0.0,0.0,148.36305553555553,2.892416666666666,2.9903182870370384,57.70143171296298
spatial_wue_coarse,1.0,1.5767374882820158,1.5767374882820158,1.0,0.0,0.0,0.0,-13.23512129906874,-1.0000007932831068e-08,38.354010220005065,1e-08,33.27781044433017,screened_water_cap_1.00,equal_site_portfolio,hub_policy_compliant,central,factorial_064,portfolio_mean,central,gentd26_hourly_service_demand.csv,gentd26_aligned_regional_hourly_cef.csv,capacity_scenarios.csv,energy_calibration_bounds.csv,trace_timestamp_anonymized,single_row_default,0.3,20.0,carbon,211.9472222222222,211.94722220222215,2e-08,0.9999999999056368,0.3000000000283089,56.92722900944693,70.30512782658639,33.27781044433017,98.48970743745603,1.5767374882820158,0.0160091600361722,0.0,,,1e-08,True,True,0,691,4.440892098500626e-16,0.0,0.0,0.0,1e-08,0.9475833333333334,0,0.0,554,3,0.0,0.0,148.36305553555553,3.8531666666666657,3.997916666666667,55.73308333333334
spatial_wue_coarse,0.0,0.0,1.5767374882820158,0.0,1.5767374882820158,0.0582254091812473,0.1749676688574508,-13.083310813418723,-1.0000007932831068e-08,38.354010220005065,1e-08,33.27781044433017,screened_water_cap_0.00,equal_site_portfolio,hub_policy_compliant,central,factorial_065,portfolio_mean,central,gentd26_hourly_service_demand.csv,gentd26_aligned_regional_hourly_cef.csv,capacity_scenarios.csv,energy_calibration_bounds.csv,trace_timestamp_anonymized,single_row_default,0.3,20.0,carbon,211.9472222222222,211.94722220222215,2e-08,0.9999999999056368,0.3000000000283089,56.92722900944693,70.30512782658639,33.33603585351142,113.85445801889388,0.0,0.0,0.0,,,1e-08,True,True,0,0,4.440892098500626e-16,0.0,0.0,0.0,1e-08,0.9475833333333334,0,0.0,554,3,0.0,0.0,148.36305553555553,0.0,0.0,63.5841666666667
spatial_wue_coarse,0.25,0.3941843720705039,1.5767374882820158,0.2499999999999999,1.182553116211512,0.0217662157126738,0.065407595698308,-13.178370477999923,-1.0000007932831068e-08,38.354010220005065,1e-08,33.27781044433017,screened_water_cap_0.25,equal_site_portfolio,hub_policy_compliant,central,factorial_065,portfolio_mean,central,gentd26_hourly_service_demand.csv,gentd26_aligned_regional_hourly_cef.csv,capacity_scenarios.csv,energy_calibration_bounds.csv,trace_timestamp_anonymized,single_row_default,0.3,20.0,carbon,211.9472222222222,211.94722220222215,2e-08,0.9999999999056368,0.3000000000283089,56.92722900944693,70.30512782658639,33.299576660042845,112.81316059515268,0.3941843720705038,0.0034941346381127,0.0,,,1e-08,True,True,0,678,4.440892098500626e-16,0.0,0.0,0.0,1e-08,0.9475833333333334,0,0.0,554,3,1.1102230246251563e-16,0.0,148.36305553555553,0.6399894927536229,2.03225,60.91192717391307
spatial_wue_coarse,0.5,0.7883687441410079,1.5767374882820158,0.5,0.7883687441410079,0.0085970239226114,0.0258341032893127,-13.2127063706863,-9.999979511121636e-09,38.354010220005065,1e-08,33.27781044433017,screened_water_cap_0.50,equal_site_portfolio,hub_policy_compliant,central,factorial_065,portfolio_mean,central,gentd26_hourly_service_demand.csv,gentd26_aligned_regional_hourly_cef.csv,capacity_scenarios.csv,energy_calibration_bounds.csv,trace_timestamp_anonymized,single_row_default,0.3,20.0,carbon,211.9472222222222,211.9472222022222,2e-08,0.9999999999056368,0.3000000000283089,56.92722900944693,70.30512782658639,33.28640746825278,112.26630402269566,0.7883687441410079,0.007022309596846,0.0,,,1e-08,True,True,0,681,4.440892098500626e-16,0.0,0.0,0.0,1e-08,0.9475833333333334,0,0.0,554,3,0.0,0.0,148.36305553555553,1.699416666666667,2.7246296296296286,59.16012037037039
spatial_wue_coarse,0.75,1.182553116211512,1.5767374882820158,0.7500000000000001,0.3941843720705038,0.0020286516806464,0.0060961092498645,-13.229832017272637,-1.0000007932831068e-08,38.354010220005065,1e-08,33.27781044433017,screened_water_cap_0.75,equal_site_portfolio,hub_policy_compliant,central,factorial_065,portfolio_mean,central,gentd26_hourly_service_demand.csv,gentd26_aligned_regional_hourly_cef.csv,capacity_scenarios.csv,energy_calibration_bounds.csv,trace_timestamp_anonymized,single_row_default,0.3,20.0,carbon,211.9472222222222,211.94722220222215,2e-08,0.9999999999056368,0.3000000000283089,56.92722900944693,70.30512782658639,33.27983909601082,111.87690555380318,1.182553116211512,0.0105701271442729,0.0,,,1e-08,True,True,0,686,4.440892098500626e-16,0.0,0.0,0.0,1e-08,0.9475833333333334,0,0.0,554,3,0.0,0.0,148.36305553555553,2.892416666666666,2.9903182870370384,57.70143171296298
spatial_wue_coarse,1.0,1.5767374882820158,1.5767374882820158,1.0,0.0,0.0,0.0,-13.23512129906874,-1.0000007932831068e-08,38.354010220005065,1e-08,33.27781044433017,screened_water_cap_1.00,equal_site_portfolio,hub_policy_compliant,central,factorial_065,portfolio_mean,central,gentd26_hourly_service_demand.csv,gentd26_aligned_regional_hourly_cef.csv,capacity_scenarios.csv,energy_calibration_bounds.csv,trace_timestamp_anonymized,single_row_default,0.3,20.0,carbon,211.9472222222222,211.94722220222215,2e-08,0.9999999999056368,0.3000000000283089,56.92722900944693,70.30512782658639,33.27781044433017,111.21372651423492,1.5767374882820158,0.0141775438851084,0.0,,,1e-08,True,True,0,691,4.440892098500626e-16,0.0,0.0,0.0,1e-08,0.9475833333333334,0,0.0,554,3,0.0,0.0,148.36305553555553,3.8531666666666657,3.997916666666667,55.73308333333334
spatial_wue_coarse,0.0,0.0,2.4250446709410443,0.0,2.4250446709410443,0.0582254091812473,0.1749676688574508,-13.083310813418723,-1.0000007932831068e-08,38.354010220005065,1e-08,33.27781044433017,screened_water_cap_0.00,equal_site_portfolio,hub_policy_compliant,central,factorial_066,portfolio_mean,central,gentd26_hourly_service_demand.csv,gentd26_aligned_regional_hourly_cef.csv,capacity_scenarios.csv,energy_calibration_bounds.csv,trace_timestamp_anonymized,single_row_default,0.3,20.0,carbon,211.9472222222222,211.94722220222215,2e-08,0.9999999999056368,0.3000000000283089,56.92722900944693,70.30512782658639,33.33603585351142,85.84626134360303,0.0,0.0,0.0,,,1e-08,True,True,0,0,4.440892098500626e-16,0.0,0.0,0.0,1e-08,0.9475833333333334,0,0.0,554,3,0.0,0.0,148.36305553555553,0.0,0.0,63.5841666666667
spatial_wue_coarse,0.25,0.6062611677352611,2.4250446709410443,0.25,1.818783503205783,0.0284743202674135,0.0855654860918431,-13.160880508851292,-1.0000007932831068e-08,38.354010220005065,1e-08,33.27781044433017,screened_water_cap_0.25,equal_site_portfolio,hub_policy_compliant,central,factorial_066,portfolio_mean,central,gentd26_hourly_service_demand.csv,gentd26_aligned_regional_hourly_cef.csv,capacity_scenarios.csv,energy_calibration_bounds.csv,trace_timestamp_anonymized,single_row_default,0.3,20.0,carbon,211.9472222222222,211.94722220222215,2e-08,0.9999999999056368,0.3000000000283089,56.92722900944693,70.30512782658639,33.306284764597585,86.26273640665596,0.6062611677352611,0.0070280771627421,0.0,,,1e-08,True,True,0,674,4.440892098500626e-16,0.0,0.0,0.0,1e-08,0.9475833333333334,0,0.0,554,3,0.0,0.0,148.36305553555553,0.9091041666666666,1.0536666666666663,61.62139583333336
spatial_wue_coarse,0.5,1.212522335470522,2.4250446709410443,0.5,1.212522335470522,0.0096719532950189,0.0290642718552724,-13.209903718848215,-1.0000007932831068e-08,38.354010220005065,1e-08,33.27781044433017,screened_water_cap_0.50,equal_site_portfolio,hub_policy_compliant,central,factorial_066,portfolio_mean,central,gentd26_hourly_service_demand.csv,gentd26_aligned_regional_hourly_cef.csv,capacity_scenarios.csv,energy_calibration_bounds.csv,trace_timestamp_anonymized,single_row_default,0.3,20.0,carbon,211.9472222222222,211.94722220222215,2e-08,0.9999999999056368,0.3000000000283089,56.92722900944693,70.30512782658639,33.28748239762519,86.67921146970887,1.212522335470522,0.0139886175117577,0.0,,,1e-08,True,True,0,681,4.440892098500626e-16,0.0,0.0,0.0,1e-08,0.9475833333333334,0,0.0,554,3,0.0,0.0,148.36305553555553,2.003625,1.9219166666666665,59.65862500000002
spatial_wue_coarse,0.75,1.818783503205783,2.4250446709410443,0.7499999999999997,0.6062611677352618,0.0017832854951365,0.0053587825380452,-13.230471757899764,-1.0000007932831068e-08,38.354010220005065,1e-08,33.27781044433017,screened_water_cap_0.75,equal_site_portfolio,hub_policy_compliant,central,factorial_066,portfolio_mean,central,gentd26_hourly_service_demand.csv,gentd26_aligned_regional_hourly_cef.csv,capacity_scenarios.csv,energy_calibration_bounds.csv,trace_timestamp_anonymized,single_row_default,0.3,20.0,carbon,211.9472222222222,211.94722220222215,2e-08,0.9999999999056368,0.3000000000283089,56.92722900944693,70.30512782658639,33.27959372982531,87.0956865327618,1.8187835032057824,0.0208825898917695,0.0,,,1e-08,True,True,0,684,4.440892098500626e-16,0.0,0.0,0.0,1e-08,0.9475833333333334,0,0.0,554,3,6.661338147750939e-16,0.0,148.36305553555553,3.0441666666666665,2.844145833333332,57.695854166666685
spatial_wue_coarse,1.0,2.4250446709410443,2.4250446709410443,1.0,0.0,0.0,0.0,-13.23512129906874,-1.0000007932831068e-08,38.354010220005065,1e-08,33.27781044433017,screened_water_cap_1.00,equal_site_portfolio,hub_policy_compliant,central,factorial_066,portfolio_mean,central,gentd26_hourly_service_demand.csv,gentd26_aligned_regional_hourly_cef.csv,capacity_scenarios.csv,energy_calibration_bounds.csv,trace_timestamp_anonymized,single_row_default,0.3,20.0,carbon,211.9472222222222,211.94722220222215,2e-08,0.9999999999056368,0.3000000000283089,56.92722900944693,70.30512782658639,33.27781044433017,87.5121615958147,2.4250446709410443,0.0277109447043646,0.0,,,1e-08,True,True,0,683,4.440892098500626e-16,0.0,0.0,0.0,1e-08,0.9475833333333334,0,0.0,554,3,0.0,0.0,148.36305553555553,3.8531666666666657,3.997916666666667,55.73308333333334
spatial_wue_coarse,0.0,0.0,2.4250446709410443,0.0,2.4250446709410443,0.0582254091812473,0.1749676688574508,-13.083310813418723,-1.0000007932831068e-08,38.354010220005065,1e-08,33.27781044433017,screened_water_cap_0.00,equal_site_portfolio,hub_policy_compliant,central,factorial_067,portfolio_mean,central,gentd26_hourly_service_demand.csv,gentd26_aligned_regional_hourly_cef.csv,capacity_scenarios.csv,energy_calibration_bounds.csv,trace_timestamp_anonymized,single_row_default,0.3,20.0,carbon,211.9472222222222,211.94722220222215,2e-08,0.9999999999056368,0.3000000000283089,56.92722900944693,70.30512782658639,33.33603585351142,99.33801462011508,0.0,0.0,0.0,,,1e-08,True,True,0,0,4.440892098500626e-16,0.0,0.0,0.0,1e-08,0.9475833333333334,0,0.0,554,3,0.0,0.0,148.36305553555553,0.0,0.0,63.5841666666667
spatial_wue_coarse,0.25,0.6062611677352611,2.4250446709410443,0.25,1.818783503205783,0.0284743202674135,0.0855654860918431,-13.160880508851292,-1.0000007932831068e-08,38.354010220005065,1e-08,33.27781044433017,screened_water_cap_0.25,equal_site_portfolio,hub_policy_compliant,central,factorial_067,portfolio_mean,central,gentd26_hourly_service_demand.csv,gentd26_aligned_regional_hourly_cef.csv,capacity_scenarios.csv,energy_calibration_bounds.csv,trace_timestamp_anonymized,single_row_default,0.3,20.0,carbon,211.9472222222222,211.94722220222215,2e-08,0.9999999999056368,0.3000000000283089,56.92722900944693,70.30512782658639,33.306284764597585,99.33801462011508,0.6062611677352611,0.0061030127293534,0.0,,,1e-08,True,True,0,674,4.440892098500626e-16,0.0,0.0,0.0,1e-08,0.9475833333333334,0,0.0,554,3,0.0,0.0,148.36305553555553,0.9091041666666666,1.0536666666666663,61.62139583333336
spatial_wue_coarse,0.5,1.212522335470522,2.4250446709410443,0.5,1.212522335470522,0.0096719532950189,0.0290642718552724,-13.209903718848215,-1.0000007932831068e-08,38.354010220005065,1e-08,33.27781044433017,screened_water_cap_0.50,equal_site_portfolio,hub_policy_compliant,central,factorial_067,portfolio_mean,central,gentd26_hourly_service_demand.csv,gentd26_aligned_regional_hourly_cef.csv,capacity_scenarios.csv,energy_calibration_bounds.csv,trace_timestamp_anonymized,single_row_default,0.3,20.0,carbon,211.9472222222222,211.94722220222215,2e-08,0.9999999999056368,0.3000000000283089,56.92722900944693,70.30512782658639,33.28748239762519,99.33801462011508,1.212522335470522,0.0122060254587068,0.0,,,1e-08,True,True,0,681,4.440892098500626e-16,0.0,0.0,0.0,1e-08,0.9475833333333334,0,0.0,554,3,0.0,0.0,148.36305553555553,2.003625,1.9219166666666665,59.65862500000002
spatial_wue_coarse,0.75,1.818783503205783,2.4250446709410443,0.7499999999999997,0.6062611677352618,0.0017832854951365,0.0053587825380452,-13.230471757899764,-1.0000007932831068e-08,38.354010220005065,1e-08,33.27781044433017,screened_water_cap_0.75,equal_site_portfolio,hub_policy_compliant,central,factorial_067,portfolio_mean,central,gentd26_hourly_service_demand.csv,gentd26_aligned_regional_hourly_cef.csv,capacity_scenarios.csv,energy_calibration_bounds.csv,trace_timestamp_anonymized,single_row_default,0.3,20.0,carbon,211.9472222222222,211.94722220222215,2e-08,0.9999999999056368,0.3000000000283089,56.92722900944693,70.30512782658639,33.27959372982531,99.33801462011508,1.8187835032057824,0.0183090381880603,0.0,,,1e-08,True,True,0,684,4.440892098500626e-16,0.0,0.0,0.0,1e-08,0.9475833333333334,0,0.0,554,3,6.661338147750939e-16,0.0,148.36305553555553,3.0441666666666665,2.844145833333332,57.695854166666685
spatial_wue_coarse,1.0,2.4250446709410443,2.4250446709410443,1.0,0.0,0.0,0.0,-13.23512129906874,-1.0000007932831068e-08,38.354010220005065,1e-08,33.27781044433017,screened_water_cap_1.00,equal_site_portfolio,hub_policy_compliant,central,factorial_067,portfolio_mean,central,gentd26_hourly_service_demand.csv,gentd26_aligned_regional_hourly_cef.csv,capacity_scenarios.csv,energy_calibration_bounds.csv,trace_timestamp_anonymized,single_row_default,0.3,20.0,carbon,211.9472222222222,211.94722220222215,2e-08,0.9999999999056368,0.3000000000283089,56.92722900944693,70.30512782658639,33.27781044433017,99.33801462011508,2.4250446709410443,0.0244120509174137,0.0,,,1e-08,True,True,0,683,4.440892098500626e-16,0.0,0.0,0.0,1e-08,0.9475833333333334,0,0.0,554,3,0.0,0.0,148.36305553555553,3.8531666666666657,3.997916666666667,55.73308333333334
spatial_wue_coarse,0.0,0.0,2.4250446709410443,0.0,2.4250446709410443,0.0582254091812473,0.1749676688574508,-13.083310813418723,-1.0000007932831068e-08,38.354010220005065,1e-08,33.27781044433017,screened_water_cap_0.00,equal_site_portfolio,hub_policy_compliant,central,factorial_068,portfolio_mean,central,gentd26_hourly_service_demand.csv,gentd26_aligned_regional_hourly_cef.csv,capacity_scenarios.csv,energy_calibration_bounds.csv,trace_timestamp_anonymized,single_row_default,0.3,20.0,carbon,211.9472222222222,211.94722220222215,2e-08,0.9999999999056368,0.3000000000283089,56.92722900944693,70.30512782658639,33.33603585351142,113.85445801889388,0.0,0.0,0.0,,,1e-08,True,True,0,0,4.440892098500626e-16,0.0,0.0,0.0,1e-08,0.9475833333333334,0,0.0,554,3,0.0,0.0,148.36305553555553,0.0,0.0,63.5841666666667
spatial_wue_coarse,0.25,0.6062611677352611,2.4250446709410443,0.25,1.818783503205783,0.0284743202674135,0.0855654860918431,-13.160880508851292,-1.0000007932831068e-08,38.354010220005065,1e-08,33.27781044433017,screened_water_cap_0.25,equal_site_portfolio,hub_policy_compliant,central,factorial_068,portfolio_mean,central,gentd26_hourly_service_demand.csv,gentd26_aligned_regional_hourly_cef.csv,capacity_scenarios.csv,energy_calibration_bounds.csv,trace_timestamp_anonymized,single_row_default,0.3,20.0,carbon,211.9472222222222,211.94722220222215,2e-08,0.9999999999056368,0.3000000000283089,56.92722900944693,70.30512782658639,33.306284764597585,113.4063519383939,0.6062611677352611,0.0053459189663785,0.0,,,1e-08,True,True,0,674,4.440892098500626e-16,0.0,0.0,0.0,1e-08,0.9475833333333334,0,0.0,554,3,0.0,0.0,148.36305553555553,0.9091041666666666,1.0536666666666663,61.62139583333336
spatial_wue_coarse,0.5,1.212522335470522,2.4250446709410443,0.5,1.212522335470522,0.0096719532950189,0.0290642718552724,-13.209903718848215,-1.0000007932831068e-08,38.354010220005065,1e-08,33.27781044433017,screened_water_cap_0.50,equal_site_portfolio,hub_policy_compliant,central,factorial_068,portfolio_mean,central,gentd26_hourly_service_demand.csv,gentd26_aligned_regional_hourly_cef.csv,capacity_scenarios.csv,energy_calibration_bounds.csv,trace_timestamp_anonymized,single_row_default,0.3,20.0,carbon,211.9472222222222,211.94722220222215,2e-08,0.9999999999056368,0.3000000000283089,56.92722900944693,70.30512782658639,33.28748239762519,112.9582458578939,1.212522335470522,0.010734252521909,0.0,,,1e-08,True,True,0,681,4.440892098500626e-16,0.0,0.0,0.0,1e-08,0.9475833333333334,0,0.0,554,3,0.0,0.0,148.36305553555553,2.003625,1.9219166666666665,59.65862500000002
spatial_wue_coarse,0.75,1.818783503205783,2.4250446709410443,0.7499999999999997,0.6062611677352618,0.0017832854951365,0.0053587825380452,-13.230471757899764,-1.0000007932831068e-08,38.354010220005065,1e-08,33.27781044433017,screened_water_cap_0.75,equal_site_portfolio,hub_policy_compliant,central,factorial_068,portfolio_mean,central,gentd26_hourly_service_demand.csv,gentd26_aligned_regional_hourly_cef.csv,capacity_scenarios.csv,energy_calibration_bounds.csv,trace_timestamp_anonymized,single_row_default,0.3,20.0,carbon,211.9472222222222,211.94722220222215,2e-08,0.9999999999056368,0.3000000000283089,56.92722900944693,70.30512782658639,33.27959372982531,112.51013977739396,1.8187835032057824,0.0161655074538554,0.0,,,1e-08,True,True,0,684,4.440892098500626e-16,0.0,0.0,0.0,1e-08,0.9475833333333334,0,0.0,554,3,6.661338147750939e-16,0.0,148.36305553555553,3.0441666666666665,2.844145833333332,57.695854166666685
spatial_wue_coarse,1.0,2.4250446709410443,2.4250446709410443,1.0,0.0,0.0,0.0,-13.23512129906874,-1.0000007932831068e-08,38.354010220005065,1e-08,33.27781044433017,screened_water_cap_1.00,equal_site_portfolio,hub_policy_compliant,central,factorial_068,portfolio_mean,central,gentd26_hourly_service_demand.csv,gentd26_aligned_regional_hourly_cef.csv,capacity_scenarios.csv,energy_calibration_bounds.csv,trace_timestamp_anonymized,single_row_default,0.3,20.0,carbon,211.9472222222222,211.94722220222215,2e-08,0.9999999999056368,0.3000000000283089,56.92722900944693,70.30512782658639,33.27781044433017,112.06203369689396,2.4250446709410443,0.0216401986555082,0.0,,,1e-08,True,True,0,683,4.440892098500626e-16,0.0,0.0,0.0,1e-08,0.9475833333333334,0,0.0,554,3,0.0,0.0,148.36305553555553,3.8531666666666657,3.997916666666667,55.73308333333334
spatial_wue_coarse,0.0,0.0,3.337780247219746,0.0,3.337780247219746,0.0582254091812473,0.1749676688574508,-13.083310813418723,-1.0000007932831068e-08,38.354010220005065,1e-08,33.27781044433017,screened_water_cap_0.00,equal_site_portfolio,hub_policy_compliant,central,factorial_069,portfolio_mean,central,gentd26_hourly_service_demand.csv,gentd26_aligned_regional_hourly_cef.csv,capacity_scenarios.csv,energy_calibration_bounds.csv,trace_timestamp_anonymized,single_row_default,0.3,20.0,carbon,211.9472222222222,211.94722220222215,2e-08,0.9999999999056368,0.3000000000283089,56.92722900944693,70.30512782658639,33.33603585351142,85.84626134360303,0.0,0.0,0.0,,,1e-08,True,True,0,0,4.440892098500626e-16,0.0,0.0,0.0,1e-08,0.9475833333333334,0,0.0,554,3,0.0,0.0,148.36305553555553,0.0,0.0,63.5841666666667
spatial_wue_coarse,0.25,0.8344450618049365,3.337780247219746,0.25,2.503335185414809,0.0277068948416285,0.0832593685452298,-13.162881408943315,-1.0000007932831068e-08,38.354010220005065,1e-08,33.27781044433017,screened_water_cap_0.25,equal_site_portfolio,hub_policy_compliant,central,factorial_069,portfolio_mean,central,gentd26_hourly_service_demand.csv,gentd26_aligned_regional_hourly_cef.csv,capacity_scenarios.csv,energy_calibration_bounds.csv,trace_timestamp_anonymized,single_row_default,0.3,20.0,carbon,211.9472222222222,211.94722220222215,2e-08,0.9999999999056368,0.3000000000283089,56.92722900944693,70.30512782658639,33.3055173391718,86.46066960873291,0.8344450618049367,0.0096511519698044,0.0,,,1e-08,True,True,0,678,4.440892098500626e-16,0.0,0.0,0.0,1e-08,0.9475833333333334,0,0.0,554,3,-2.220446049250313e-16,2.220446049250313e-16,148.36305553555553,1.699416666666667,0.5762072916666667,61.30854270833336
spatial_wue_coarse,0.5,1.668890123609873,3.337780247219746,0.5,1.668890123609873,0.0090974188037051,0.0273377926078621,-13.211401696473036,-1.0000007932831068e-08,38.354010220005065,1e-08,33.27781044433017,screened_water_cap_0.50,equal_site_portfolio,hub_policy_compliant,central,factorial_069,portfolio_mean,central,gentd26_hourly_service_demand.csv,gentd26_aligned_regional_hourly_cef.csv,capacity_scenarios.csv,energy_calibration_bounds.csv,trace_timestamp_anonymized,single_row_default,0.3,20.0,carbon,211.9472222222222,211.94722220222215,2e-08,0.9999999999056368,0.3000000000283089,56.92722900944693,70.30512782658639,33.28690786313388,87.12352189205167,1.668890123609873,0.0191554483492721,0.0,,,1e-08,True,True,0,680,4.440892098500626e-16,0.0,0.0,0.0,1e-08,0.9475833333333334,0,0.0,554,3,0.0,0.0,148.36305553555553,2.2199891304347816,1.83025,59.53392753623191
spatial_wue_coarse,0.75,2.5033351854148096,3.337780247219746,0.75,0.8344450618049364,0.0016325002627155,0.0049056721007634,-13.230864898621045,-1.0000007932831068e-08,38.354010220005065,1e-08,33.27781044433017,screened_water_cap_0.75,equal_site_portfolio,hub_policy_compliant,central,factorial_069,portfolio_mean,central,gentd26_hourly_service_demand.csv,gentd26_aligned_regional_hourly_cef.csv,capacity_scenarios.csv,energy_calibration_bounds.csv,trace_timestamp_anonymized,single_row_default,0.3,20.0,carbon,211.9472222222222,211.94722220222215,2e-08,0.9999999999056368,0.3000000000283089,56.92722900944693,70.30512782658639,33.27944294459289,87.7662705502959,2.5033351854148096,0.028522747630939,0.0,,,1e-08,True,True,0,685,4.440892098500626e-16,0.0,0.0,0.0,1e-08,0.9475833333333334,0,0.0,554,3,0.0,0.0,148.36305553555553,3.229766304347827,2.8030000000000004,57.55140036231886
spatial_wue_coarse,1.0,3.337780247219746,3.337780247219746,1.0000000000000002,-8.881784197001252e-16,0.0,0.0,-13.23512129906874,-1.0000007932831068e-08,38.354010220005065,1e-08,33.27781044433017,screened_water_cap_1.00,equal_site_portfolio,hub_policy_compliant,central,factorial_069,portfolio_mean,central,gentd26_hourly_service_demand.csv,gentd26_aligned_regional_hourly_cef.csv,capacity_scenarios.csv,energy_calibration_bounds.csv,trace_timestamp_anonymized,single_row_default,0.3,20.0,carbon,211.9472222222222,211.94722220222215,2e-08,0.9999999999056368,0.300000000028309,56.92722900944693,70.30512782658639,33.27781044433017,88.42489717209341,3.337780247219747,0.0377470639374759,0.0,,,1e-08,True,True,0,686,4.440892098500626e-16,0.0,2.7131075164277267e-15,0.0,1e-08,0.9475833333333334,0,-2.7131075164277267e-15,554,3,-8.881784197001252e-16,8.881784197001252e-16,148.36305553555553,3.853166666666669,3.997916666666667,55.73308333333334
spatial_wue_coarse,0.0,0.0,3.337780247219746,0.0,3.337780247219746,0.0582254091812473,0.1749676688574508,-13.083310813418723,-1.0000007932831068e-08,38.354010220005065,1e-08,33.27781044433017,screened_water_cap_0.00,equal_site_portfolio,hub_policy_compliant,central,factorial_070,portfolio_mean,central,gentd26_hourly_service_demand.csv,gentd26_aligned_regional_hourly_cef.csv,capacity_scenarios.csv,energy_calibration_bounds.csv,trace_timestamp_anonymized,single_row_default,0.3,20.0,carbon,211.9472222222222,211.94722220222215,2e-08,0.9999999999056368,0.3000000000283089,56.92722900944693,70.30512782658639,33.33603585351142,99.33801462011508,0.0,0.0,0.0,,,1e-08,True,True,0,0,4.440892098500626e-16,0.0,0.0,0.0,1e-08,0.9475833333333334,0,0.0,554,3,0.0,0.0,148.36305553555553,0.0,0.0,63.5841666666667
spatial_wue_coarse,0.25,0.8344450618049365,3.337780247219746,0.25,2.503335185414809,0.0277068948416285,0.0832593685452298,-13.162881408943315,-1.0000007932831068e-08,38.354010220005065,1e-08,33.27781044433017,screened_water_cap_0.25,equal_site_portfolio,hub_policy_compliant,central,factorial_070,portfolio_mean,central,gentd26_hourly_service_demand.csv,gentd26_aligned_regional_hourly_cef.csv,capacity_scenarios.csv,energy_calibration_bounds.csv,trace_timestamp_anonymized,single_row_default,0.3,20.0,carbon,211.9472222222222,211.94722220222215,2e-08,0.9999999999056368,0.3000000000283089,56.92722900944693,70.30512782658639,33.3055173391718,99.46956435920804,0.8344450618049367,0.0083889485912651,0.0,,,1e-08,True,True,0,678,4.440892098500626e-16,0.0,0.0,0.0,1e-08,0.9475833333333334,0,0.0,554,3,-2.220446049250313e-16,2.220446049250313e-16,148.36305553555553,1.699416666666667,0.5762072916666667,61.30854270833336
spatial_wue_coarse,0.5,1.668890123609873,3.337780247219746,0.5,1.668890123609873,0.0090974188037051,0.0273377926078621,-13.211401696473036,-1.0000007932831068e-08,38.354010220005065,1e-08,33.27781044433017,screened_water_cap_0.50,equal_site_portfolio,hub_policy_compliant,central,factorial_070,portfolio_mean,central,gentd26_hourly_service_demand.csv,gentd26_aligned_regional_hourly_cef.csv,capacity_scenarios.csv,energy_calibration_bounds.csv,trace_timestamp_anonymized,single_row_default,0.3,20.0,carbon,211.9472222222222,211.94722220222215,2e-08,0.9999999999056368,0.3000000000283089,56.92722900944693,70.30512782658639,33.28690786313388,99.75586582307096,1.668890123609873,0.0167297442595491,0.0,,,1e-08,True,True,0,680,4.440892098500626e-16,0.0,0.0,0.0,1e-08,0.9475833333333334,0,0.0,554,3,0.0,0.0,148.36305553555553,2.2199891304347816,1.83025,59.53392753623191
spatial_wue_coarse,0.75,2.5033351854148096,3.337780247219746,0.75,0.8344450618049364,0.0016325002627155,0.0049056721007634,-13.230864898621045,-1.0000007932831068e-08,38.354010220005065,1e-08,33.27781044433017,screened_water_cap_0.75,equal_site_portfolio,hub_policy_compliant,central,factorial_070,portfolio_mean,central,gentd26_hourly_service_demand.csv,gentd26_aligned_regional_hourly_cef.csv,capacity_scenarios.csv,energy_calibration_bounds.csv,trace_timestamp_anonymized,single_row_default,0.3,20.0,carbon,211.9472222222222,211.94722220222215,2e-08,0.9999999999056368,0.3000000000283089,56.92722900944693,70.30512782658639,33.27944294459289,99.97794737350144,2.5033351854148096,0.0250388735834188,0.0,,,1e-08,True,True,0,685,4.440892098500626e-16,0.0,0.0,0.0,1e-08,0.9475833333333334,0,0.0,554,3,0.0,0.0,148.36305553555553,3.229766304347827,2.8030000000000004,57.55140036231886
spatial_wue_coarse,1.0,3.337780247219746,3.337780247219746,1.0000000000000002,-8.881784197001252e-16,0.0,0.0,-13.23512129906874,-1.0000007932831068e-08,38.354010220005065,1e-08,33.27781044433017,screened_water_cap_1.00,equal_site_portfolio,hub_policy_compliant,central,factorial_070,portfolio_mean,central,gentd26_hourly_service_demand.csv,gentd26_aligned_regional_hourly_cef.csv,capacity_scenarios.csv,energy_calibration_bounds.csv,trace_timestamp_anonymized,single_row_default,0.3,20.0,carbon,211.9472222222222,211.94722220222215,2e-08,0.9999999999056368,0.300000000028309,56.92722900944693,70.30512782658639,33.27781044433017,100.25075019639378,3.337780247219747,0.0332943169071647,0.0,,,1e-08,True,True,0,686,4.440892098500626e-16,0.0,2.7131075164277267e-15,0.0,1e-08,0.9475833333333334,0,-2.7131075164277267e-15,554,3,-8.881784197001252e-16,8.881784197001252e-16,148.36305553555553,3.853166666666669,3.997916666666667,55.73308333333334
spatial_wue_coarse,0.0,0.0,3.337780247219746,0.0,3.337780247219746,0.0582254091812473,0.1749676688574508,-13.083310813418723,-1.0000007932831068e-08,38.354010220005065,1e-08,33.27781044433017,screened_water_cap_0.00,equal_site_portfolio,hub_policy_compliant,central,factorial_071,portfolio_mean,central,gentd26_hourly_service_demand.csv,gentd26_aligned_regional_hourly_cef.csv,capacity_scenarios.csv,energy_calibration_bounds.csv,trace_timestamp_anonymized,single_row_default,0.3,20.0,carbon,211.9472222222222,211.94722220222215,2e-08,0.9999999999056368,0.3000000000283089,56.92722900944693,70.30512782658639,33.33603585351142,113.85445801889388,0.0,0.0,0.0,,,1e-08,True,True,0,0,4.440892098500626e-16,0.0,0.0,0.0,1e-08,0.9475833333333334,0,0.0,554,3,0.0,0.0,148.36305553555553,0.0,0.0,63.5841666666667
spatial_wue_coarse,0.25,0.8344450618049365,3.337780247219746,0.25,2.503335185414809,0.0277068948416285,0.0832593685452298,-13.162881408943315,-1.0000007932831068e-08,38.354010220005065,1e-08,33.27781044433017,screened_water_cap_0.25,equal_site_portfolio,hub_policy_compliant,central,factorial_071,portfolio_mean,central,gentd26_hourly_service_demand.csv,gentd26_aligned_regional_hourly_cef.csv,capacity_scenarios.csv,energy_calibration_bounds.csv,trace_timestamp_anonymized,single_row_default,0.3,20.0,carbon,211.9472222222222,211.94722220222215,2e-08,0.9999999999056368,0.3000000000283089,56.92722900944693,70.30512782658639,33.3055173391718,113.46647643250404,0.8344450618049367,0.0073541109941958,0.0,,,1e-08,True,True,0,678,4.440892098500626e-16,0.0,0.0,0.0,1e-08,0.9475833333333334,0,0.0,554,3,-2.220446049250313e-16,2.220446049250313e-16,148.36305553555553,1.699416666666667,0.5762072916666667,61.30854270833336
spatial_wue_coarse,0.5,1.668890123609873,3.337780247219746,0.5,1.668890123609873,0.0090974188037051,0.0273377926078621,-13.211401696473036,-1.0000007932831068e-08,38.354010220005065,1e-08,33.27781044433017,screened_water_cap_0.50,equal_site_portfolio,hub_policy_compliant,central,factorial_071,portfolio_mean,central,gentd26_hourly_service_demand.csv,gentd26_aligned_regional_hourly_cef.csv,capacity_scenarios.csv,energy_calibration_bounds.csv,trace_timestamp_anonymized,single_row_default,0.3,20.0,carbon,211.9472222222222,211.94722220222215,2e-08,0.9999999999056368,0.3000000000283089,56.92722900944693,70.30512782658639,33.28690786313388,113.34762828049683,1.668890123609873,0.0147236439696818,0.0,,,1e-08,True,True,0,680,4.440892098500626e-16,0.0,0.0,0.0,1e-08,0.9475833333333334,0,0.0,554,3,0.0,0.0,148.36305553555553,2.2199891304347816,1.83025,59.53392753623191
spatial_wue_coarse,0.75,2.5033351854148096,3.337780247219746,0.75,0.8344450618049364,0.0016325002627155,0.0049056721007634,-13.230864898621045,-1.0000007932831068e-08,38.354010220005065,1e-08,33.27781044433017,screened_water_cap_0.75,equal_site_portfolio,hub_policy_compliant,central,factorial_071,portfolio_mean,central,gentd26_hourly_service_demand.csv,gentd26_aligned_regional_hourly_cef.csv,capacity_scenarios.csv,energy_calibration_bounds.csv,trace_timestamp_anonymized,single_row_default,0.3,20.0,carbon,211.9472222222222,211.94722220222215,2e-08,0.9999999999056368,0.3000000000283089,56.92722900944693,70.30512782658639,33.27944294459289,113.11709332252008,2.5033351854148096,0.0221304765874533,0.0,,,1e-08,True,True,0,685,4.440892098500626e-16,0.0,0.0,0.0,1e-08,0.9475833333333334,0,0.0,554,3,0.0,0.0,148.36305553555553,3.229766304347827,2.8030000000000004,57.55140036231886
spatial_wue_coarse,1.0,3.337780247219746,3.337780247219746,1.0000000000000002,-8.881784197001252e-16,0.0,0.0,-13.23512129906874,-1.0000007932831068e-08,38.354010220005065,1e-08,33.27781044433017,screened_water_cap_1.00,equal_site_portfolio,hub_policy_compliant,central,factorial_071,portfolio_mean,central,gentd26_hourly_service_demand.csv,gentd26_aligned_regional_hourly_cef.csv,capacity_scenarios.csv,energy_calibration_bounds.csv,trace_timestamp_anonymized,single_row_default,0.3,20.0,carbon,211.9472222222222,211.94722220222215,2e-08,0.9999999999056368,0.300000000028309,56.92722900944693,70.30512782658639,33.27781044433017,112.97476927317268,3.337780247219747,0.0295444750070611,0.0,,,1e-08,True,True,0,686,4.440892098500626e-16,0.0,2.7131075164277267e-15,0.0,1e-08,0.9475833333333334,0,-2.7131075164277267e-15,554,3,-8.881784197001252e-16,8.881784197001252e-16,148.36305553555553,3.853166666666669,3.997916666666667,55.73308333333334
spatial_wue_coarse,0.0,0.0,2.456426234003217,0.0,2.456426234003217,0.0582254091812473,0.1749676688574508,-13.083310813418723,-1.0000007932831068e-08,38.354010220005065,1e-08,33.27781044433017,screened_water_cap_0.00,equal_site_portfolio,hub_policy_compliant,central,factorial_072,portfolio_mean,central,gentd26_hourly_service_demand.csv,gentd26_aligned_regional_hourly_cef.csv,capacity_scenarios.csv,energy_calibration_bounds.csv,trace_timestamp_anonymized,single_row_default,0.3,20.0,carbon,211.9472222222222,211.94722220222215,2e-08,0.9999999999056368,0.3000000000283089,56.92722900944693,70.30512782658639,33.33603585351142,85.84626134360303,0.0,0.0,0.0,,,1e-08,True,True,0,0,4.440892098500626e-16,0.0,0.0,0.0,1e-08,0.9475833333333334,0,0.0,554,3,0.0,0.0,148.36305553555553,0.0,0.0,63.5841666666667
spatial_wue_coarse,0.25,0.6141065585008042,2.456426234003217,0.25,1.8423196755024125,0.019204183413116,0.0577086748097199,-13.185050437370172,-1.0000007932831068e-08,38.354010220005065,1e-08,33.27781044433017,screened_water_cap_0.25,equal_site_portfolio,hub_policy_compliant,central,factorial_072,portfolio_mean,central,gentd26_hourly_service_demand.csv,gentd26_aligned_regional_hourly_cef.csv,capacity_scenarios.csv,energy_calibration_bounds.csv,trace_timestamp_anonymized,single_row_default,0.3,20.0,carbon,211.9472222222222,211.94722220222215,2e-08,0.9999999999056368,0.3000000000283089,56.92722900944693,70.30512782658639,33.29701462774329,86.1376138004756,0.6141065585008043,0.0071293658067111,0.0,,,1e-08,True,True,0,680,4.440892098500626e-16,0.0,0.0,0.0,1e-08,0.9475833333333334,0,0.0,554,3,-1.1102230246251563e-16,1.1102230246251563e-16,148.36305553555553,0.6614279166666668,2.6765000000000003,60.246238750000025
spatial_wue_coarse,0.5,1.2282131170016084,2.456426234003217,0.5000000000000001,1.2282131170016082,0.0077772975399454,0.0233708210849892,-13.214843634502948,-1.0000007932831068e-08,38.354010220005065,1e-08,33.27781044433017,screened_water_cap_0.50,equal_site_portfolio,hub_policy_compliant,central,factorial_072,portfolio_mean,central,gentd26_hourly_service_demand.csv,gentd26_aligned_regional_hourly_cef.csv,capacity_scenarios.csv,energy_calibration_bounds.csv,trace_timestamp_anonymized,single_row_default,0.3,20.0,carbon,211.9472222222222,211.94722220222215,2e-08,0.9999999999056368,0.3000000000283089,56.92722900944693,70.30512782658639,33.28558774187012,86.5948375808728,1.2282131170016086,0.0141834450102704,0.0,,,1e-08,True,True,0,682,4.440892098500626e-16,0.0,0.0,0.0,1e-08,0.9475833333333334,0,0.0,554,3,-2.220446049250313e-16,2.220446049250313e-16,148.36305553555553,1.699416666666667,3.2609953703703702,58.62375462962965
spatial_wue_coarse,0.75,1.8423196755024125,2.456426234003217,0.75,0.6141065585008043,0.0017008420766018,0.0051110396203757,-13.23068671174178,-1.0000007932831068e-08,38.354010220005065,1e-08,33.27781044433017,screened_water_cap_0.75,equal_site_portfolio,hub_policy_compliant,central,factorial_072,portfolio_mean,central,gentd26_hourly_service_demand.csv,gentd26_aligned_regional_hourly_cef.csv,capacity_scenarios.csv,energy_calibration_bounds.csv,trace_timestamp_anonymized,single_row_default,0.3,20.0,carbon,211.9472222222222,211.94722220222215,2e-08,0.9999999999056368,0.3000000000283089,56.92722900944693,70.30512782658639,33.27951128640677,87.07064050002997,1.8423196755024125,0.0211589080420486,0.0,,,1e-08,True,True,0,689,4.440892098500626e-16,0.0,0.0,0.0,1e-08,0.9475833333333334,0,0.0,554,3,0.0,0.0,148.36305553555553,2.779583749999999,3.611166666666667,57.19341625000002
spatial_wue_coarse,1.0,2.456426234003217,2.456426234003217,0.9999999999999996,8.881784197001252e-16,0.0,0.0,-13.23512129906874,-1.0000007932831068e-08,38.354010220005065,1e-08,33.27781044433017,screened_water_cap_1.00,equal_site_portfolio,hub_policy_compliant,central,factorial_072,portfolio_mean,central,gentd26_hourly_service_demand.csv,gentd26_aligned_regional_hourly_cef.csv,capacity_scenarios.csv,energy_calibration_bounds.csv,trace_timestamp_anonymized,single_row_default,0.3,20.0,carbon,211.9472222222222,211.94722220222215,2e-08,0.9999999999056368,0.3000000000283089,56.92722900944693,70.30512782658639,33.27781044433017,87.54354315887689,2.456426234003216,0.0280594792644525,0.0,,,1e-08,True,True,0,684,4.440892098500626e-16,0.0,0.0,0.0,1e-08,0.9475833333333334,0,0.0,554,3,8.881784197001252e-16,0.0,148.36305553555553,3.853166666666665,3.997916666666667,55.73308333333334
spatial_wue_coarse,0.0,0.0,2.456426234003217,0.0,2.456426234003217,0.0582254091812473,0.1749676688574508,-13.083310813418723,-1.0000007932831068e-08,38.354010220005065,1e-08,33.27781044433017,screened_water_cap_0.00,equal_site_portfolio,hub_policy_compliant,central,factorial_073,portfolio_mean,central,gentd26_hourly_service_demand.csv,gentd26_aligned_regional_hourly_cef.csv,capacity_scenarios.csv,energy_calibration_bounds.csv,trace_timestamp_anonymized,single_row_default,0.3,20.0,carbon,211.9472222222222,211.94722220222215,2e-08,0.9999999999056368,0.3000000000283089,56.92722900944693,70.30512782658639,33.33603585351142,99.33801462011508,0.0,0.0,0.0,,,1e-08,True,True,0,0,4.440892098500626e-16,0.0,0.0,0.0,1e-08,0.9475833333333334,0,0.0,554,3,0.0,0.0,148.36305553555553,0.0,0.0,63.5841666666667
spatial_wue_coarse,0.25,0.6141065585008042,2.456426234003217,0.25,1.8423196755024125,0.019204183413116,0.0577086748097199,-13.185050437370172,-1.0000007932831068e-08,38.354010220005065,1e-08,33.27781044433017,screened_water_cap_0.25,equal_site_portfolio,hub_policy_compliant,central,factorial_073,portfolio_mean,central,gentd26_hourly_service_demand.csv,gentd26_aligned_regional_hourly_cef.csv,capacity_scenarios.csv,energy_calibration_bounds.csv,trace_timestamp_anonymized,single_row_default,0.3,20.0,carbon,211.9472222222222,211.94722220222215,2e-08,0.9999999999056368,0.3000000000283089,56.92722900944693,70.30512782658639,33.29701462774329,98.9211011317479,0.6141065585008043,0.0062080441025712,0.0,,,1e-08,True,True,0,680,4.440892098500626e-16,0.0,0.0,0.0,1e-08,0.9475833333333334,0,0.0,554,3,-1.1102230246251563e-16,1.1102230246251563e-16,148.36305553555553,0.6614279166666668,2.6765000000000003,60.246238750000025
spatial_wue_coarse,0.5,1.2282131170016084,2.456426234003217,0.5000000000000001,1.2282131170016082,0.0077772975399454,0.0233708210849892,-13.214843634502948,-1.0000007932831068e-08,38.354010220005065,1e-08,33.27781044433017,screened_water_cap_0.50,equal_site_portfolio,hub_policy_compliant,central,factorial_073,portfolio_mean,central,gentd26_hourly_service_demand.csv,gentd26_aligned_regional_hourly_cef.csv,capacity_scenarios.csv,energy_calibration_bounds.csv,trace_timestamp_anonymized,single_row_default,0.3,20.0,carbon,211.9472222222222,211.94722220222215,2e-08,0.9999999999056368,0.3000000000283089,56.92722900944693,70.30512782658639,33.28558774187012,99.03405437130664,1.2282131170016086,0.0124019270421535,0.0,,,1e-08,True,True,0,682,4.440892098500626e-16,0.0,0.0,0.0,1e-08,0.9475833333333334,0,0.0,554,3,-2.220446049250313e-16,2.220446049250313e-16,148.36305553555553,1.699416666666667,3.2609953703703702,58.62375462962965
spatial_wue_coarse,0.75,1.8423196755024125,2.456426234003217,0.75,0.6141065585008043,0.0017008420766018,0.0051110396203757,-13.23068671174178,-1.0000007932831068e-08,38.354010220005065,1e-08,33.27781044433017,screened_water_cap_0.75,equal_site_portfolio,hub_policy_compliant,central,factorial_073,portfolio_mean,central,gentd26_hourly_service_demand.csv,gentd26_aligned_regional_hourly_cef.csv,capacity_scenarios.csv,energy_calibration_bounds.csv,trace_timestamp_anonymized,single_row_default,0.3,20.0,carbon,211.9472222222222,211.94722220222215,2e-08,0.9999999999056368,0.3000000000283089,56.92722900944693,70.30512782658639,33.27951128640677,99.20635763745967,1.8423196755024125,0.0185705807508324,0.0,,,1e-08,True,True,0,689,4.440892098500626e-16,0.0,0.0,0.0,1e-08,0.9475833333333334,0,0.0,554,3,0.0,0.0,148.36305553555553,2.779583749999999,3.611166666666667,57.19341625000002
spatial_wue_coarse,1.0,2.456426234003217,2.456426234003217,0.9999999999999996,8.881784197001252e-16,0.0,0.0,-13.23512129906874,-1.0000007932831068e-08,38.354010220005065,1e-08,33.27781044433017,screened_water_cap_1.00,equal_site_portfolio,hub_policy_compliant,central,factorial_073,portfolio_mean,central,gentd26_hourly_service_demand.csv,gentd26_aligned_regional_hourly_cef.csv,capacity_scenarios.csv,energy_calibration_bounds.csv,trace_timestamp_anonymized,single_row_default,0.3,20.0,carbon,211.9472222222222,211.94722220222215,2e-08,0.9999999999056368,0.3000000000283089,56.92722900944693,70.30512782658639,33.27781044433017,99.36939618317726,2.456426234003216,0.0247201485402512,0.0,,,1e-08,True,True,0,684,4.440892098500626e-16,0.0,0.0,0.0,1e-08,0.9475833333333334,0,0.0,554,3,8.881784197001252e-16,0.0,148.36305553555553,3.853166666666665,3.997916666666667,55.73308333333334
spatial_wue_coarse,0.0,0.0,2.456426234003217,0.0,2.456426234003217,0.0582254091812473,0.1749676688574508,-13.083310813418723,-1.0000007932831068e-08,38.354010220005065,1e-08,33.27781044433017,screened_water_cap_0.00,equal_site_portfolio,hub_policy_compliant,central,factorial_074,portfolio_mean,central,gentd26_hourly_service_demand.csv,gentd26_aligned_regional_hourly_cef.csv,capacity_scenarios.csv,energy_calibration_bounds.csv,trace_timestamp_anonymized,single_row_default,0.3,20.0,carbon,211.9472222222222,211.94722220222215,2e-08,0.9999999999056368,0.3000000000283089,56.92722900944693,70.30512782658639,33.33603585351142,113.85445801889388,0.0,0.0,0.0,,,1e-08,True,True,0,0,4.440892098500626e-16,0.0,0.0,0.0,1e-08,0.9475833333333334,0,0.0,554,3,0.0,0.0,148.36305553555553,0.0,0.0,63.5841666666667
spatial_wue_coarse,0.25,0.6141065585008042,2.456426234003217,0.25,1.8423196755024125,0.019204183413116,0.0577086748097199,-13.185050437370172,-1.0000007932831068e-08,38.354010220005065,1e-08,33.27781044433017,screened_water_cap_0.25,equal_site_portfolio,hub_policy_compliant,central,factorial_074,portfolio_mean,central,gentd26_hourly_service_demand.csv,gentd26_aligned_regional_hourly_cef.csv,capacity_scenarios.csv,energy_calibration_bounds.csv,trace_timestamp_anonymized,single_row_default,0.3,20.0,carbon,211.9472222222222,211.94722220222215,2e-08,0.9999999999056368,0.3000000000283089,56.92722900944693,70.30512782658639,33.29701462774329,112.67548623501555,0.6141065585008043,0.0054502232829944,0.0,,,1e-08,True,True,0,680,4.440892098500626e-16,0.0,0.0,0.0,1e-08,0.9475833333333334,0,0.0,554,3,-1.1102230246251563e-16,1.1102230246251563e-16,148.36305553555553,0.6614279166666668,2.6765000000000003,60.246238750000025
spatial_wue_coarse,0.5,1.2282131170016084,2.456426234003217,0.5000000000000001,1.2282131170016082,0.0077772975399454,0.0233708210849892,-13.214843634502948,-1.0000007932831068e-08,38.354010220005065,1e-08,33.27781044433017,screened_water_cap_0.50,equal_site_portfolio,hub_policy_compliant,central,factorial_074,portfolio_mean,central,gentd26_hourly_service_demand.csv,gentd26_aligned_regional_hourly_cef.csv,capacity_scenarios.csv,energy_calibration_bounds.csv,trace_timestamp_anonymized,single_row_default,0.3,20.0,carbon,211.9472222222222,211.94722220222215,2e-08,0.9999999999056368,0.3000000000283089,56.92722900944693,70.30512782658639,33.28558774187012,112.41802180405192,1.2282131170016086,0.0109254112222542,0.0,,,1e-08,True,True,0,682,4.440892098500626e-16,0.0,0.0,0.0,1e-08,0.9475833333333334,0,0.0,554,3,-2.220446049250313e-16,2.220446049250313e-16,148.36305553555553,1.699416666666667,3.2609953703703702,58.62375462962965
spatial_wue_coarse,0.75,1.8423196755024125,2.456426234003217,0.75,0.6141065585008043,0.0017008420766018,0.0051110396203757,-13.23068671174178,-1.0000007932831068e-08,38.354010220005065,1e-08,33.27781044433017,screened_water_cap_0.75,equal_site_portfolio,hub_policy_compliant,central,factorial_074,portfolio_mean,central,gentd26_hourly_service_demand.csv,gentd26_aligned_regional_hourly_cef.csv,capacity_scenarios.csv,energy_calibration_bounds.csv,trace_timestamp_anonymized,single_row_default,0.3,20.0,carbon,211.9472222222222,211.94722220222215,2e-08,0.9999999999056368,0.3000000000283089,56.92722900944693,70.30512782658639,33.27951128640677,112.26377481064358,1.8423196755024125,0.0164106336047391,0.0,,,1e-08,True,True,0,689,4.440892098500626e-16,0.0,0.0,0.0,1e-08,0.9475833333333334,0,0.0,554,3,0.0,0.0,148.36305553555553,2.779583749999999,3.611166666666667,57.19341625000002
spatial_wue_coarse,1.0,2.456426234003217,2.456426234003217,0.9999999999999996,8.881784197001252e-16,0.0,0.0,-13.23512129906874,-1.0000007932831068e-08,38.354010220005065,1e-08,33.27781044433017,screened_water_cap_1.00,equal_site_portfolio,hub_policy_compliant,central,factorial_074,portfolio_mean,central,gentd26_hourly_service_demand.csv,gentd26_aligned_regional_hourly_cef.csv,capacity_scenarios.csv,energy_calibration_bounds.csv,trace_timestamp_anonymized,single_row_default,0.3,20.0,carbon,211.9472222222222,211.94722220222215,2e-08,0.9999999999056368,0.3000000000283089,56.92722900944693,70.30512782658639,33.27781044433017,112.09341525995612,2.456426234003216,0.0219140993099952,0.0,,,1e-08,True,True,0,684,4.440892098500626e-16,0.0,0.0,0.0,1e-08,0.9475833333333334,0,0.0,554,3,8.881784197001252e-16,0.0,148.36305553555553,3.853166666666665,3.997916666666667,55.73308333333334
spatial_wue_coarse,0.0,0.0,3.304733416662245,0.0,3.304733416662245,0.0582254091812473,0.1749676688574508,-13.083310813418723,-1.0000007932831068e-08,38.354010220005065,1e-08,33.27781044433017,screened_water_cap_0.00,equal_site_portfolio,hub_policy_compliant,central,factorial_075,portfolio_mean,central,gentd26_hourly_service_demand.csv,gentd26_aligned_regional_hourly_cef.csv,capacity_scenarios.csv,energy_calibration_bounds.csv,trace_timestamp_anonymized,single_row_default,0.3,20.0,carbon,211.9472222222222,211.94722220222215,2e-08,0.9999999999056368,0.3000000000283089,56.92722900944693,70.30512782658639,33.33603585351142,85.84626134360303,0.0,0.0,0.0,,,1e-08,True,True,0,0,4.440892098500626e-16,0.0,0.0,0.0,1e-08,0.9475833333333334,0,0.0,554,3,0.0,0.0,148.36305553555553,0.0,0.0,63.5841666666667
spatial_wue_coarse,0.25,0.8261833541655612,3.304733416662245,0.25,2.478550062496684,0.024823792175205,0.0745956294712746,-13.1703984916418,-1.0000007932831068e-08,38.354010220005065,1e-08,33.27781044433017,screened_water_cap_0.25,equal_site_portfolio,hub_policy_compliant,central,factorial_075,portfolio_mean,central,gentd26_hourly_service_demand.csv,gentd26_aligned_regional_hourly_cef.csv,capacity_scenarios.csv,energy_calibration_bounds.csv,trace_timestamp_anonymized,single_row_default,0.3,20.0,carbon,211.9472222222222,211.94722220222215,2e-08,0.9999999999056368,0.3000000000283089,56.92722900944693,70.30512782658639,33.30263423650538,86.44777877640898,0.8261833541655612,0.0095570223533727,0.0,,,1e-08,True,True,0,677,4.440892098500626e-16,0.0,0.0,0.0,1e-08,0.9475833333333334,0,0.0,554,3,0.0,0.0,148.36305553555553,0.4752484375,1.84825,61.26066822916669
spatial_wue_coarse,0.5,1.6523667083311224,3.304733416662245,0.5,1.6523667083311224,0.0096620248479837,0.0290344368183426,-13.209929605181824,-1.0000007932831068e-08,38.354010220005065,1e-08,33.27781044433017,screened_water_cap_0.50,equal_site_portfolio,hub_policy_compliant,central,factorial_075,portfolio_mean,central,gentd26_hourly_service_demand.csv,gentd26_aligned_regional_hourly_cef.csv,capacity_scenarios.csv,energy_calibration_bounds.csv,trace_timestamp_anonymized,single_row_default,0.3,20.0,carbon,211.9472222222222,211.94722220222215,2e-08,0.9999999999056368,0.3000000000283089,56.92722900944693,70.30512782658639,33.287472469178155,87.1096398409274,1.6523667083311224,0.0189688157516038,0.0,,,1e-08,True,True,0,686,4.440892098500626e-16,0.0,0.0,0.0,1e-08,0.9475833333333334,0,0.0,554,3,0.0,0.0,148.36305553555553,1.7948333333333335,2.2280887681159407,59.561244565217415
spatial_wue_coarse,0.75,2.478550062496684,3.304733416662245,0.75,0.8261833541655612,0.0019433619071236,0.0058398130200698,-13.230054392385515,-1.0000007932831068e-08,38.354010220005065,1e-08,33.27781044433017,screened_water_cap_0.75,equal_site_portfolio,hub_policy_compliant,central,factorial_075,portfolio_mean,central,gentd26_hourly_service_demand.csv,gentd26_aligned_regional_hourly_cef.csv,capacity_scenarios.csv,energy_calibration_bounds.csv,trace_timestamp_anonymized,single_row_default,0.3,20.0,carbon,211.9472222222222,211.94722220222215,2e-08,0.9999999999056368,0.3000000000283089,56.92722900944693,70.30512782658639,33.279753806237295,87.76348449924077,2.478550062496684,0.0282412449396095,0.0,,,1e-08,True,True,0,688,4.440892098500626e-16,0.0,0.0,0.0,1e-08,0.9475833333333334,0,0.0,554,3,0.0,0.0,148.36305553555553,3.0022515624999992,2.8030000000000004,57.77891510416668
spatial_wue_coarse,1.0,3.304733416662245,3.304733416662245,1.0000000000000002,-4.440892098500626e-16,0.0,0.0,-13.23512129906874,-1.0000007932831068e-08,38.354010220005065,1e-08,33.27781044433017,screened_water_cap_1.00,equal_site_portfolio,hub_policy_compliant,central,factorial_075,portfolio_mean,central,gentd26_hourly_service_demand.csv,gentd26_aligned_regional_hourly_cef.csv,capacity_scenarios.csv,energy_calibration_bounds.csv,trace_timestamp_anonymized,single_row_default,0.3,20.0,carbon,211.9472222222222,211.94722220222215,2e-08,0.9999999999056368,0.300000000028309,56.92722900944693,70.30512782658639,33.27781044433017,88.39185034153591,3.3047334166622453,0.0373873089418666,0.0,,,1e-08,True,True,0,686,4.440892098500626e-16,0.0,8.118505867571457e-16,0.0,1e-08,0.9475833333333334,0,-8.118505867571457e-16,554,3,-4.440892098500626e-16,4.440892098500626e-16,148.36305553555553,3.853166666666668,3.997916666666667,55.73308333333334
spatial_wue_coarse,0.0,0.0,3.304733416662245,0.0,3.304733416662245,0.0582254091812473,0.1749676688574508,-13.083310813418723,-1.0000007932831068e-08,38.354010220005065,1e-08,33.27781044433017,screened_water_cap_0.00,equal_site_portfolio,hub_policy_compliant,central,factorial_076,portfolio_mean,central,gentd26_hourly_service_demand.csv,gentd26_aligned_regional_hourly_cef.csv,capacity_scenarios.csv,energy_calibration_bounds.csv,trace_timestamp_anonymized,single_row_default,0.3,20.0,carbon,211.9472222222222,211.94722220222215,2e-08,0.9999999999056368,0.3000000000283089,56.92722900944693,70.30512782658639,33.33603585351142,99.33801462011508,0.0,0.0,0.0,,,1e-08,True,True,0,0,4.440892098500626e-16,0.0,0.0,0.0,1e-08,0.9475833333333334,0,0.0,554,3,0.0,0.0,148.36305553555553,0.0,0.0,63.5841666666667
spatial_wue_coarse,0.25,0.8261833541655612,3.304733416662245,0.25,2.478550062496684,0.024823792175205,0.0745956294712746,-13.1703984916418,-1.0000007932831068e-08,38.354010220005065,1e-08,33.27781044433017,screened_water_cap_0.25,equal_site_portfolio,hub_policy_compliant,central,factorial_076,portfolio_mean,central,gentd26_hourly_service_demand.csv,gentd26_aligned_regional_hourly_cef.csv,capacity_scenarios.csv,energy_calibration_bounds.csv,trace_timestamp_anonymized,single_row_default,0.3,20.0,carbon,211.9472222222222,211.94722220222215,2e-08,0.9999999999056368,0.3000000000283089,56.92722900944693,70.30512782658639,33.30263423650538,99.44651516993738,0.8261833541655612,0.008307816043164,0.0,,,1e-08,True,True,0,677,4.440892098500626e-16,0.0,0.0,0.0,1e-08,0.9475833333333334,0,0.0,554,3,0.0,0.0,148.36305553555553,0.4752484375,1.84825,61.26066822916669
spatial_wue_coarse,0.5,1.6523667083311224,3.304733416662245,0.5,1.6523667083311224,0.0096620248479837,0.0290344368183426,-13.209929605181824,-1.0000007932831068e-08,38.354010220005065,1e-08,33.27781044433017,screened_water_cap_0.50,equal_site_portfolio,hub_policy_compliant,central,factorial_076,portfolio_mean,central,gentd26_hourly_service_demand.csv,gentd26_aligned_regional_hourly_cef.csv,capacity_scenarios.csv,energy_calibration_bounds.csv,trace_timestamp_anonymized,single_row_default,0.3,20.0,carbon,211.9472222222222,211.94722220222215,2e-08,0.9999999999056368,0.3000000000283089,56.92722900944693,70.30512782658639,33.287472469178155,99.74778009884132,1.6523667083311224,0.0165654484409955,0.0,,,1e-08,True,True,0,686,4.440892098500626e-16,0.0,0.0,0.0,1e-08,0.9475833333333334,0,0.0,554,3,0.0,0.0,148.36305553555553,1.7948333333333335,2.2280887681159407,59.561244565217415
spatial_wue_coarse,0.75,2.478550062496684,3.304733416662245,0.75,0.8261833541655612,0.0019433619071236,0.0058398130200698,-13.230054392385515,-1.0000007932831068e-08,38.354010220005065,1e-08,33.27781044433017,screened_water_cap_0.75,equal_site_portfolio,hub_policy_compliant,central,factorial_076,portfolio_mean,central,gentd26_hourly_service_demand.csv,gentd26_aligned_regional_hourly_cef.csv,capacity_scenarios.csv,energy_calibration_bounds.csv,trace_timestamp_anonymized,single_row_default,0.3,20.0,carbon,211.9472222222222,211.94722220222215,2e-08,0.9999999999056368,0.3000000000283089,56.92722900944693,70.30512782658639,33.279753806237295,100.023437063479,2.478550062496684,0.0247796929925902,0.0,,,1e-08,True,True,0,688,4.440892098500626e-16,0.0,0.0,0.0,1e-08,0.9475833333333334,0,0.0,554,3,0.0,0.0,148.36305553555553,3.0022515624999992,2.8030000000000004,57.77891510416668
spatial_wue_coarse,1.0,3.304733416662245,3.304733416662245,1.0000000000000002,-4.440892098500626e-16,0.0,0.0,-13.23512129906874,-1.0000007932831068e-08,38.354010220005065,1e-08,33.27781044433017,screened_water_cap_1.00,equal_site_portfolio,hub_policy_compliant,central,factorial_076,portfolio_mean,central,gentd26_hourly_service_demand.csv,gentd26_aligned_regional_hourly_cef.csv,capacity_scenarios.csv,energy_calibration_bounds.csv,trace_timestamp_anonymized,single_row_default,0.3,20.0,carbon,211.9472222222222,211.94722220222215,2e-08,0.9999999999056368,0.300000000028309,56.92722900944693,70.30512782658639,33.27781044433017,100.21770336583629,3.3047334166622453,0.0329755452946132,0.0,,,1e-08,True,True,0,686,4.440892098500626e-16,0.0,8.118505867571457e-16,0.0,1e-08,0.9475833333333334,0,-8.118505867571457e-16,554,3,-4.440892098500626e-16,4.440892098500626e-16,148.36305553555553,3.853166666666668,3.997916666666667,55.73308333333334
spatial_wue_coarse,0.0,0.0,3.304733416662245,0.0,3.304733416662245,0.0582254091812473,0.1749676688574508,-13.083310813418723,-1.0000007932831068e-08,38.354010220005065,1e-08,33.27781044433017,screened_water_cap_0.00,equal_site_portfolio,hub_policy_compliant,central,factorial_077,portfolio_mean,central,gentd26_hourly_service_demand.csv,gentd26_aligned_regional_hourly_cef.csv,capacity_scenarios.csv,energy_calibration_bounds.csv,trace_timestamp_anonymized,single_row_default,0.3,20.0,carbon,211.9472222222222,211.94722220222215,2e-08,0.9999999999056368,0.3000000000283089,56.92722900944693,70.30512782658639,33.33603585351142,113.85445801889388,0.0,0.0,0.0,,,1e-08,True,True,0,0,4.440892098500626e-16,0.0,0.0,0.0,1e-08,0.9475833333333334,0,0.0,554,3,0.0,0.0,148.36305553555553,0.0,0.0,63.5841666666667
spatial_wue_coarse,0.25,0.8261833541655612,3.304733416662245,0.25,2.478550062496684,0.024823792175205,0.0745956294712746,-13.1703984916418,-1.0000007932831068e-08,38.354010220005065,1e-08,33.27781044433017,screened_water_cap_0.25,equal_site_portfolio,hub_policy_compliant,central,factorial_077,portfolio_mean,central,gentd26_hourly_service_demand.csv,gentd26_aligned_regional_hourly_cef.csv,capacity_scenarios.csv,energy_calibration_bounds.csv,trace_timestamp_anonymized,single_row_default,0.3,20.0,carbon,211.9472222222222,211.94722220222215,2e-08,0.9999999999056368,0.3000000000283089,56.92722900944693,70.30512782658639,33.30263423650538,113.43249736550597,0.8261833541655612,0.0072834802490807,0.0,,,1e-08,True,True,0,677,4.440892098500626e-16,0.0,0.0,0.0,1e-08,0.9475833333333334,0,0.0,554,3,0.0,0.0,148.36305553555553,0.4752484375,1.84825,61.26066822916669
spatial_wue_coarse,0.5,1.6523667083311224,3.304733416662245,0.5,1.6523667083311224,0.0096620248479837,0.0290344368183426,-13.209929605181824,-1.0000007932831068e-08,38.354010220005065,1e-08,33.27781044433017,screened_water_cap_0.50,equal_site_portfolio,hub_policy_compliant,central,factorial_077,portfolio_mean,central,gentd26_hourly_service_demand.csv,gentd26_aligned_regional_hourly_cef.csv,capacity_scenarios.csv,energy_calibration_bounds.csv,trace_timestamp_anonymized,single_row_default,0.3,20.0,carbon,211.9472222222222,211.94722220222215,2e-08,0.9999999999056368,0.3000000000283089,56.92722900944693,70.30512782658639,33.287472469178155,113.34577911052082,1.6523667083311224,0.0145781053454133,0.0,,,1e-08,True,True,0,686,4.440892098500626e-16,0.0,0.0,0.0,1e-08,0.9475833333333334,0,0.0,554,3,0.0,0.0,148.36305553555553,1.7948333333333335,2.2280887681159407,59.561244565217415
spatial_wue_coarse,0.75,2.478550062496684,3.304733416662245,0.75,0.8261833541655612,0.0019433619071236,0.0058398130200698,-13.230054392385515,-1.0000007932831068e-08,38.354010220005065,1e-08,33.27781044433017,screened_water_cap_0.75,equal_site_portfolio,hub_policy_compliant,central,factorial_077,portfolio_mean,central,gentd26_hourly_service_demand.csv,gentd26_aligned_regional_hourly_cef.csv,capacity_scenarios.csv,energy_calibration_bounds.csv,trace_timestamp_anonymized,single_row_default,0.3,20.0,carbon,211.9472222222222,211.94722220222215,2e-08,0.9999999999056368,0.3000000000283089,56.92722900944693,70.30512782658639,33.279753806237295,113.21452526550752,2.478550062496684,0.0218925094344922,0.0,,,1e-08,True,True,0,688,4.440892098500626e-16,0.0,0.0,0.0,1e-08,0.9475833333333334,0,0.0,554,3,0.0,0.0,148.36305553555553,3.0022515624999992,2.8030000000000004,57.77891510416668
spatial_wue_coarse,1.0,3.304733416662245,3.304733416662245,1.0000000000000002,-4.440892098500626e-16,0.0,0.0,-13.23512129906874,-1.0000007932831068e-08,38.354010220005065,1e-08,33.27781044433017,screened_water_cap_1.00,equal_site_portfolio,hub_policy_compliant,central,factorial_077,portfolio_mean,central,gentd26_hourly_service_demand.csv,gentd26_aligned_regional_hourly_cef.csv,capacity_scenarios.csv,energy_calibration_bounds.csv,trace_timestamp_anonymized,single_row_default,0.3,20.0,carbon,211.9472222222222,211.94722220222215,2e-08,0.9999999999056368,0.300000000028309,56.92722900944693,70.30512782658639,33.27781044433017,112.94172244261516,3.3047334166622453,0.0292605190109558,0.0,,,1e-08,True,True,0,686,4.440892098500626e-16,0.0,8.118505867571457e-16,0.0,1e-08,0.9475833333333334,0,-8.118505867571457e-16,554,3,-4.440892098500626e-16,4.440892098500626e-16,148.36305553555553,3.853166666666668,3.997916666666667,55.73308333333334
spatial_wue_coarse,0.0,0.0,4.217468992940948,0.0,4.217468992940948,0.0582254091812473,0.1749676688574508,-13.083310813418723,-1.0000007932831068e-08,38.354010220005065,1e-08,33.27781044433017,screened_water_cap_0.00,equal_site_portfolio,hub_policy_compliant,central,factorial_078,portfolio_mean,central,gentd26_hourly_service_demand.csv,gentd26_aligned_regional_hourly_cef.csv,capacity_scenarios.csv,energy_calibration_bounds.csv,trace_timestamp_anonymized,single_row_default,0.3,20.0,carbon,211.9472222222222,211.94722220222215,2e-08,0.9999999999056368,0.3000000000283089,56.92722900944693,70.30512782658639,33.33603585351142,85.84626134360303,0.0,0.0,0.0,,,1e-08,True,True,0,0,4.440892098500626e-16,0.0,0.0,0.0,1e-08,0.9475833333333334,0,0.0,554,3,0.0,0.0,148.36305553555553,0.0,0.0,63.5841666666667
spatial_wue_coarse,0.25,1.0543672482352369,4.217468992940948,0.25,3.1631017447057106,0.0284743202674135,0.0855654860918431,-13.160880508851292,-1.0000007932831068e-08,38.354010220005065,1e-08,33.27781044433017,screened_water_cap_0.25,equal_site_portfolio,hub_policy_compliant,central,factorial_078,portfolio_mean,central,gentd26_hourly_service_demand.csv,gentd26_aligned_regional_hourly_cef.csv,capacity_scenarios.csv,energy_calibration_bounds.csv,trace_timestamp_anonymized,single_row_default,0.3,20.0,carbon,211.9472222222222,211.94722220222215,2e-08,0.9999999999056368,0.3000000000283089,56.92722900944693,70.30512782658639,33.306284764597585,86.71084248715593,1.0543672482352369,0.0121595779488754,0.0,,,1e-08,True,True,0,678,4.440892098500626e-16,0.0,0.0,0.0,1e-08,0.9475833333333334,0,0.0,554,3,0.0,0.0,148.36305553555553,0.909104166666667,1.0536666666666663,61.62139583333336
spatial_wue_coarse,0.5,2.1087344964704737,4.217468992940948,0.5000000000000001,2.1087344964704733,0.0096719532950189,0.0290642718552724,-13.209903718848215,-1.0000007932831068e-08,38.354010220005065,1e-08,33.27781044433017,screened_water_cap_0.50,equal_site_portfolio,hub_policy_compliant,central,factorial_078,portfolio_mean,central,gentd26_hourly_service_demand.csv,gentd26_aligned_regional_hourly_cef.csv,capacity_scenarios.csv,energy_calibration_bounds.csv,trace_timestamp_anonymized,single_row_default,0.3,20.0,carbon,211.9472222222222,211.94722220222215,2e-08,0.9999999999056368,0.3000000000283089,56.92722900944693,70.30512782658639,33.28748239762519,87.57542363070883,2.108734496470474,0.0240790670378331,0.0,,,1e-08,True,True,0,683,4.440892098500626e-16,0.0,0.0,0.0,1e-08,0.9475833333333334,0,0.0,554,3,-4.440892098500626e-16,4.440892098500626e-16,148.36305553555553,2.003625000000001,1.9219166666666665,59.65862500000002
spatial_wue_coarse,0.75,3.1631017447057106,4.217468992940948,0.7500000000000002,1.054367248235236,0.0017832854951365,0.0053587825380452,-13.230471757899764,-1.0000007932831068e-08,38.354010220005065,1e-08,33.27781044433017,screened_water_cap_0.75,equal_site_portfolio,hub_policy_compliant,central,factorial_078,portfolio_mean,central,gentd26_hourly_service_demand.csv,gentd26_aligned_regional_hourly_cef.csv,capacity_scenarios.csv,energy_calibration_bounds.csv,trace_timestamp_anonymized,single_row_default,0.3,20.0,carbon,211.9472222222222,211.94722220222215,2e-08,0.9999999999056368,0.3000000000283089,56.92722900944693,70.30512782658639,33.27959372982531,88.44000477426172,3.1631017447057115,0.0357655085250092,0.0,,,1e-08,True,True,0,688,4.440892098500626e-16,0.0,0.0,0.0,1e-08,0.9475833333333334,0,0.0,554,3,-8.881784197001252e-16,8.881784197001252e-16,148.36305553555553,3.0441666666666665,2.844145833333336,57.69585416666668
spatial_wue_coarse,1.0,4.217468992940948,4.217468992940948,1.0000000000000004,-1.7763568394002505e-15,0.0,0.0,-13.23512129906874,-1.0000007932831068e-08,38.354010220005065,1e-08,33.27781044433017,screened_water_cap_1.00,equal_site_portfolio,hub_policy_compliant,central,factorial_078,portfolio_mean,central,gentd26_hourly_service_demand.csv,gentd26_aligned_regional_hourly_cef.csv,capacity_scenarios.csv,energy_calibration_bounds.csv,trace_timestamp_anonymized,single_row_default,0.3,20.0,carbon,211.9472222222222,211.94722220222215,2e-08,0.9999999999056368,0.300000000028309,56.92722900944693,70.30512782658639,33.27781044433017,89.30458591781462,4.217468992940949,0.0472256709954649,0.0,,,1e-08,True,True,0,684,4.440892098500626e-16,0.0,2.9108659926890827e-15,0.0,1e-08,0.9475833333333334,0,-2.9108659926890827e-15,554,3,-1.7763568394002505e-15,1.7763568394002505e-15,148.36305553555553,3.853166666666669,3.997916666666667,55.73308333333334
spatial_wue_coarse,0.0,0.0,4.217468992940948,0.0,4.217468992940948,0.0582254091812473,0.1749676688574508,-13.083310813418723,-1.0000007932831068e-08,38.354010220005065,1e-08,33.27781044433017,screened_water_cap_0.00,equal_site_portfolio,hub_policy_compliant,central,factorial_079,portfolio_mean,central,gentd26_hourly_service_demand.csv,gentd26_aligned_regional_hourly_cef.csv,capacity_scenarios.csv,energy_calibration_bounds.csv,trace_timestamp_anonymized,single_row_default,0.3,20.0,carbon,211.9472222222222,211.94722220222215,2e-08,0.9999999999056368,0.3000000000283089,56.92722900944693,70.30512782658639,33.33603585351142,99.33801462011508,0.0,0.0,0.0,,,1e-08,True,True,0,0,4.440892098500626e-16,0.0,0.0,0.0,1e-08,0.9475833333333334,0,0.0,554,3,0.0,0.0,148.36305553555553,0.0,0.0,63.5841666666667
spatial_wue_coarse,0.25,1.0543672482352369,4.217468992940948,0.25,3.1631017447057106,0.0284743202674135,0.0855654860918431,-13.160880508851292,-1.0000007932831068e-08,38.354010220005065,1e-08,33.27781044433017,screened_water_cap_0.25,equal_site_portfolio,hub_policy_compliant,central,factorial_079,portfolio_mean,central,gentd26_hourly_service_demand.csv,gentd26_aligned_regional_hourly_cef.csv,capacity_scenarios.csv,energy_calibration_bounds.csv,trace_timestamp_anonymized,single_row_default,0.3,20.0,carbon,211.9472222222222,211.94722220222215,2e-08,0.9999999999056368,0.3000000000283089,56.92722900944693,70.30512782658639,33.306284764597585,99.78612070061506,1.0543672482352369,0.0105662715499144,0.0,,,1e-08,True,True,0,678,4.440892098500626e-16,0.0,0.0,0.0,1e-08,0.9475833333333334,0,0.0,554,3,0.0,0.0,148.36305553555553,0.909104166666667,1.0536666666666663,61.62139583333336
spatial_wue_coarse,0.5,2.1087344964704737,4.217468992940948,0.5000000000000001,2.1087344964704733,0.0096719532950189,0.0290642718552724,-13.209903718848215,-1.0000007932831068e-08,38.354010220005065,1e-08,33.27781044433017,screened_water_cap_0.50,equal_site_portfolio,hub_policy_compliant,central,factorial_079,portfolio_mean,central,gentd26_hourly_service_demand.csv,gentd26_aligned_regional_hourly_cef.csv,capacity_scenarios.csv,energy_calibration_bounds.csv,trace_timestamp_anonymized,single_row_default,0.3,20.0,carbon,211.9472222222222,211.94722220222215,2e-08,0.9999999999056368,0.3000000000283089,56.92722900944693,70.30512782658639,33.28748239762519,100.23422678111504,2.108734496470474,0.02103806817481,0.0,,,1e-08,True,True,0,683,4.440892098500626e-16,0.0,0.0,0.0,1e-08,0.9475833333333334,0,0.0,554,3,-4.440892098500626e-16,4.440892098500626e-16,148.36305553555553,2.003625000000001,1.9219166666666665,59.65862500000002
spatial_wue_coarse,0.75,3.1631017447057106,4.217468992940948,0.7500000000000002,1.054367248235236,0.0017832854951365,0.0053587825380452,-13.230471757899764,-1.0000007932831068e-08,38.354010220005065,1e-08,33.27781044433017,screened_water_cap_0.75,equal_site_portfolio,hub_policy_compliant,central,factorial_079,portfolio_mean,central,gentd26_hourly_service_demand.csv,gentd26_aligned_regional_hourly_cef.csv,capacity_scenarios.csv,energy_calibration_bounds.csv,trace_timestamp_anonymized,single_row_default,0.3,20.0,carbon,211.9472222222222,211.94722220222215,2e-08,0.9999999999056368,0.3000000000283089,56.92722900944693,70.30512782658639,33.27959372982531,100.682332861615,3.1631017447057115,0.0314166513111421,0.0,,,1e-08,True,True,0,688,4.440892098500626e-16,0.0,0.0,0.0,1e-08,0.9475833333333334,0,0.0,554,3,-8.881784197001252e-16,8.881784197001252e-16,148.36305553555553,3.0441666666666665,2.844145833333336,57.69585416666668
spatial_wue_coarse,1.0,4.217468992940948,4.217468992940948,1.0000000000000004,-1.7763568394002505e-15,0.0,0.0,-13.23512129906874,-1.0000007932831068e-08,38.354010220005065,1e-08,33.27781044433017,screened_water_cap_1.00,equal_site_portfolio,hub_policy_compliant,central,factorial_079,portfolio_mean,central,gentd26_hourly_service_demand.csv,gentd26_aligned_regional_hourly_cef.csv,capacity_scenarios.csv,energy_calibration_bounds.csv,trace_timestamp_anonymized,single_row_default,0.3,20.0,carbon,211.9472222222222,211.94722220222215,2e-08,0.9999999999056368,0.300000000028309,56.92722900944693,70.30512782658639,33.27781044433017,101.13043894211498,4.217468992940949,0.0417032600378106,0.0,,,1e-08,True,True,0,684,4.440892098500626e-16,0.0,2.9108659926890827e-15,0.0,1e-08,0.9475833333333334,0,-2.9108659926890827e-15,554,3,-1.7763568394002505e-15,1.7763568394002505e-15,148.36305553555553,3.853166666666669,3.997916666666667,55.73308333333334
spatial_wue_coarse,0.0,0.0,4.217468992940948,0.0,4.217468992940948,0.0582254091812473,0.1749676688574508,-13.083310813418723,-1.0000007932831068e-08,38.354010220005065,1e-08,33.27781044433017,screened_water_cap_0.00,equal_site_portfolio,hub_policy_compliant,central,factorial_080,portfolio_mean,central,gentd26_hourly_service_demand.csv,gentd26_aligned_regional_hourly_cef.csv,capacity_scenarios.csv,energy_calibration_bounds.csv,trace_timestamp_anonymized,single_row_default,0.3,20.0,carbon,211.9472222222222,211.94722220222215,2e-08,0.9999999999056368,0.3000000000283089,56.92722900944693,70.30512782658639,33.33603585351142,113.85445801889388,0.0,0.0,0.0,,,1e-08,True,True,0,0,4.440892098500626e-16,0.0,0.0,0.0,1e-08,0.9475833333333334,0,0.0,554,3,0.0,0.0,148.36305553555553,0.0,0.0,63.5841666666667
spatial_wue_coarse,0.25,1.0543672482352369,4.217468992940948,0.25,3.1631017447057106,0.0284743202674135,0.0855654860918431,-13.160880508851292,-1.0000007932831068e-08,38.354010220005065,1e-08,33.27781044433017,screened_water_cap_0.25,equal_site_portfolio,hub_policy_compliant,central,factorial_080,portfolio_mean,central,gentd26_hourly_service_demand.csv,gentd26_aligned_regional_hourly_cef.csv,capacity_scenarios.csv,energy_calibration_bounds.csv,trace_timestamp_anonymized,single_row_default,0.3,20.0,carbon,211.9472222222222,211.94722220222215,2e-08,0.9999999999056368,0.3000000000283089,56.92722900944693,70.30512782658639,33.306284764597585,113.85445801889388,1.0543672482352369,0.0092606584457173,0.0,,,1e-08,True,True,0,678,4.440892098500626e-16,0.0,0.0,0.0,1e-08,0.9475833333333334,0,0.0,554,3,0.0,0.0,148.36305553555553,0.909104166666667,1.0536666666666663,61.62139583333336
spatial_wue_coarse,0.5,2.1087344964704737,4.217468992940948,0.5000000000000001,2.1087344964704733,0.0096719532950189,0.0290642718552724,-13.209903718848215,-1.0000007932831068e-08,38.354010220005065,1e-08,33.27781044433017,screened_water_cap_0.50,equal_site_portfolio,hub_policy_compliant,central,factorial_080,portfolio_mean,central,gentd26_hourly_service_demand.csv,gentd26_aligned_regional_hourly_cef.csv,capacity_scenarios.csv,energy_calibration_bounds.csv,trace_timestamp_anonymized,single_row_default,0.3,20.0,carbon,211.9472222222222,211.94722220222215,2e-08,0.9999999999056368,0.3000000000283089,56.92722900944693,70.30512782658639,33.28748239762519,113.85445801889388,2.108734496470474,0.0185213168914346,0.0,,,1e-08,True,True,0,683,4.440892098500626e-16,0.0,0.0,0.0,1e-08,0.9475833333333334,0,0.0,554,3,-4.440892098500626e-16,4.440892098500626e-16,148.36305553555553,2.003625000000001,1.9219166666666665,59.65862500000002
spatial_wue_coarse,0.75,3.1631017447057106,4.217468992940948,0.7500000000000002,1.054367248235236,0.0017832854951365,0.0053587825380452,-13.230471757899764,-1.0000007932831068e-08,38.354010220005065,1e-08,33.27781044433017,screened_water_cap_0.75,equal_site_portfolio,hub_policy_compliant,central,factorial_080,portfolio_mean,central,gentd26_hourly_service_demand.csv,gentd26_aligned_regional_hourly_cef.csv,capacity_scenarios.csv,energy_calibration_bounds.csv,trace_timestamp_anonymized,single_row_default,0.3,20.0,carbon,211.9472222222222,211.94722220222215,2e-08,0.9999999999056368,0.3000000000283089,56.92722900944693,70.30512782658639,33.27959372982531,113.85445801889388,3.1631017447057115,0.0277819753371519,0.0,,,1e-08,True,True,0,688,4.440892098500626e-16,0.0,0.0,0.0,1e-08,0.9475833333333334,0,0.0,554,3,-8.881784197001252e-16,8.881784197001252e-16,148.36305553555553,3.0441666666666665,2.844145833333336,57.69585416666668
spatial_wue_coarse,1.0,4.217468992940948,4.217468992940948,1.0000000000000004,-1.7763568394002505e-15,0.0,0.0,-13.23512129906874,-1.0000007932831068e-08,38.354010220005065,1e-08,33.27781044433017,screened_water_cap_1.00,equal_site_portfolio,hub_policy_compliant,central,factorial_080,portfolio_mean,central,gentd26_hourly_service_demand.csv,gentd26_aligned_regional_hourly_cef.csv,capacity_scenarios.csv,energy_calibration_bounds.csv,trace_timestamp_anonymized,single_row_default,0.3,20.0,carbon,211.9472222222222,211.94722220222215,2e-08,0.9999999999056368,0.300000000028309,56.92722900944693,70.30512782658639,33.27781044433017,113.85445801889388,4.217468992940949,0.0370426337828692,0.0,,,1e-08,True,True,0,684,4.440892098500626e-16,0.0,2.9108659926890827e-15,0.0,1e-08,0.9475833333333334,0,-2.9108659926890827e-15,554,3,-1.7763568394002505e-15,1.7763568394002505e-15,148.36305553555553,3.853166666666669,3.997916666666667,55.73308333333334
