run_family,cap_fraction_of_carbon_first,high_stress_water_cap_l,carbon_first_high_stress_water_l,achieved_fraction_of_carbon_first_high_stress_water,screened_direct_water_avoided_l_vs_carbon_first,additional_carbon_kgco2e_vs_carbon_first,additional_carbon_pct_vs_carbon_first,carbon_change_pct_vs_status_quo,service_difference_vs_status_quo_accelerator_hours,status_quo_carbon_kgco2e,status_quo_unserved_accelerator_hours,carbon_first_carbon_kgco2e,policy,carbon_mapping,pue_scenario,capacity_scenario,wue_profile,water_risk_mapping,energy_level,demand_filename,carbon_filename,capacity_filename,energy_filename,timestamp_column,energy_workload_class,migration_limit,max_latency_ms,second_stage_objective,demand_accelerator_hours,served_accelerator_hours,unserved_accelerator_hours,service_rate,migration_share,it_energy_kwh,facility_energy_kwh,carbon_kgco2e,direct_water_l,high_stress_direct_water_l,high_stress_water_share,stage_one_optimal_unserved_accelerator_hours,direct_water_cap_l,carbon_cap_kgco2e,fixed_total_unserved_accelerator_hours,solver_stage_one_optimal,solver_stage_two_optimal,solver_stage_one_iterations,solver_stage_two_iterations,max_abs_demand_balance_error,max_capacity_violation,max_migration_violation,ineligible_latency_assignment,service_gap_vs_status_quo_unserved,minimum_capacity_slack,binding_capacity_region_hours,minimum_migration_slack,binding_migration_hours,eligible_destination_count,high_stress_water_cap_slack_l,high_stress_water_cap_violation_l,assigned_east_accelerator_hours,assigned_north_accelerator_hours,assigned_northwest_accelerator_hours,assigned_southwest_accelerator_hours
scenario_coarse,0.0,0.0,9.806523583703601,0.0,9.806523583703601,2.9021222457433495,5.490383331856541,-5.1085913277404416e-09,-1.0000007932831068e-08,55.760403179624994,3.7516666766666673,52.85828093103307,screened_water_cap_0.00,conservative_site_selection,legacy_stress,tight,uniform_google_ai_2024,portfolio_mean,central,gentd26_hourly_service_demand.csv,gentd26_aligned_regional_hourly_cef.csv,capacity_scenarios.csv,energy_calibration_bounds.csv,trace_timestamp_anonymized,single_row_default,0.15,15.0,carbon,211.9472222222222,208.19555553555554,3.7516666866666672,0.9822990523426954,0.0,55.91956311375206,75.49141020356531,55.76040317677642,64.30749758081487,0.0,0.0,0.8814722222222227,,,3.7516666766666673,True,True,0,0,0.0,0.0,0.0,0.0,9.99999993922529e-09,0.0,11,0.0,184,1,0.0,0.0,208.1955555355556,0.0,0.0,0.0
scenario_coarse,0.25,2.4516308959259003,9.806523583703601,0.25,7.354892687777701,1.7695280187108509,3.3476836316709724,-2.0311801301589716,-1.0000007932831068e-08,55.760403179624994,3.7516666766666673,52.85828093103307,screened_water_cap_0.25,conservative_site_selection,legacy_stress,tight,uniform_google_ai_2024,portfolio_mean,central,gentd26_hourly_service_demand.csv,gentd26_aligned_regional_hourly_cef.csv,capacity_scenarios.csv,energy_calibration_bounds.csv,trace_timestamp_anonymized,single_row_default,0.15,15.0,carbon,211.9472222222222,208.19555553555554,3.7516666866666672,0.9822990523426954,0.0381235623862513,55.91956311375206,75.27822490826739,54.62780894974392,64.30749758081485,2.4516308959259003,0.03812356238625131,0.8814722222222227,,,3.7516666766666673,True,True,0,387,2.220446049250313e-16,0.0,0.0,0.0,9.99999993922529e-09,0.0,11,0.0,290,1,0.0,0.0,200.25839928555556,7.937156249999999,0.0,0.0
scenario_coarse,0.5,4.903261791851801,9.806523583703601,0.5,4.903261791851801,0.9156986723960259,1.7323655939374571,-3.562426852971068,-9.999979511121637e-09,55.760403179624994,3.7516666766666673,52.85828093103307,screened_water_cap_0.50,conservative_site_selection,legacy_stress,tight,uniform_google_ai_2024,portfolio_mean,central,gentd26_hourly_service_demand.csv,gentd26_aligned_regional_hourly_cef.csv,capacity_scenarios.csv,energy_calibration_bounds.csv,trace_timestamp_anonymized,single_row_default,0.15,15.0,carbon,211.9472222222222,208.19555553555557,3.7516666866666672,0.9822990523426955,0.07624712477250259,55.919563113752076,75.0650396129695,53.7739796034291,64.30749758081487,4.903261791851801,0.0762471247725026,0.8814722222222227,,,3.7516666766666673,True,True,0,388,2.220446049250313e-16,0.0,0.0,0.0,9.99999993922529e-09,0.0,11,0.0,359,1,0.0,0.0,192.3212430355556,15.874312500000002,0.0,0.0
scenario_coarse,0.75,7.354892687777701,9.806523583703601,0.75,2.4516308959259003,0.31205084852692977,0.5903537592039321,-4.645001205822363,-9.999979511121637e-09,55.760403179624994,3.7516666766666673,52.85828093103307,screened_water_cap_0.75,conservative_site_selection,legacy_stress,tight,uniform_google_ai_2024,portfolio_mean,central,gentd26_hourly_service_demand.csv,gentd26_aligned_regional_hourly_cef.csv,capacity_scenarios.csv,energy_calibration_bounds.csv,trace_timestamp_anonymized,single_row_default,0.15,15.0,carbon,211.9472222222222,208.19555553555557,3.7516666866666677,0.9822990523426955,0.11437068715875388,55.91956311375207,74.85185431767158,53.17033177956,64.30749758081487,7.354892687777701,0.11437068715875391,0.8814722222222227,,,3.7516666766666673,True,True,0,391,2.220446049250313e-16,0.0,0.0,0.0,1.00000003833145e-08,0.0,7,0.0,445,1,0.0,0.0,184.38408678555555,23.811468750000017,0.0,0.0
scenario_coarse,1.0,9.806523583703601,9.806523583703601,1.0,0.0,0.0,0.0,-5.204629240651482,-9.999979511121637e-09,55.760403179624994,3.7516666766666673,52.85828093103307,screened_water_cap_1.00,conservative_site_selection,legacy_stress,tight,uniform_google_ai_2024,portfolio_mean,central,gentd26_hourly_service_demand.csv,gentd26_aligned_regional_hourly_cef.csv,capacity_scenarios.csv,energy_calibration_bounds.csv,trace_timestamp_anonymized,single_row_default,0.15,15.0,carbon,211.9472222222222,208.19555553555557,3.7516666866666672,0.9822990523426955,0.15249424954500518,55.91956311375206,74.63866902237368,52.85828093103307,64.30749758081487,9.806523583703601,0.1524942495450052,0.8814722222222227,,,3.7516666766666673,True,True,0,397,4.440892098500626e-16,0.0,0.0,0.0,9.99999993922529e-09,0.0,3,0.0,552,1,0.0,0.0,176.4469305355556,31.748625000000015,0.0,0.0
scenario_coarse,0.0,0.0,7.496240799820507,0.0,7.496240799820507,1.6175408402773783,3.087497307358822,-3.1435029516767132,-9.999979511121637e-09,55.760403179624994,3.7516666766666673,52.39003241952927,screened_water_cap_0.00,conservative_site_selection,legacy_stress,tight,uniform_google_ai_2024,portfolio_mean,central,gentd26_hourly_service_demand.csv,gentd26_aligned_regional_hourly_cef.csv,capacity_scenarios.csv,energy_calibration_bounds.csv,trace_timestamp_anonymized,single_row_default,0.15,20.0,carbon,211.9472222222222,208.19555553555557,3.7516666866666672,0.9822990523426955,0.1523345439263407,55.91956311375206,74.63956208921593,54.00757325980665,64.30749758081487,0.0,0.0,0.8814722222222227,,,3.7516666766666673,True,True,0,397,4.440892098500626e-16,0.0,0.0,0.0,9.99999993922529e-09,0.0,3,0.0,552,3,0.0,0.0,176.48018053555558,0.0,0.0,31.715375000000012
scenario_coarse,0.25,1.8740601999551267,7.496240799820507,0.24999999999999997,5.622180599865381,0.9494897220832144,1.8123480330759945,-4.341577355913218,-1.0000036354540498e-08,55.760403179624994,3.7516666766666673,52.39003241952927,screened_water_cap_0.25,conservative_site_selection,legacy_stress,tight,uniform_google_ai_2024,portfolio_mean,central,gentd26_hourly_service_demand.csv,gentd26_aligned_regional_hourly_cef.csv,capacity_scenarios.csv,energy_calibration_bounds.csv,trace_timestamp_anonymized,single_row_default,0.15,20.0,carbon,211.9472222222222,208.1955555355555,3.7516666866666672,0.9822990523426953,0.15233454392634074,55.91956311375206,74.63956208921593,53.339522141612484,64.30749758081487,1.8740601999551265,0.029142172693005286,0.8814722222222227,,,3.7516666766666673,True,True,0,821,4.440892098500626e-16,0.0,0.0,0.0,9.99999993922529e-09,0.0,3,0.0,552,3,2.220446049250313e-16,0.0,176.48018053555558,6.0127291666666665,0.05454166666666663,25.64810416666667
scenario_coarse,0.5,3.7481203999102535,7.496240799820507,0.5,3.7481203999102535,0.4650130626715949,0.8875983487619532,-5.210431653560487,-9.999979511121637e-09,55.760403179624994,3.7516666766666673,52.39003241952927,screened_water_cap_0.50,conservative_site_selection,legacy_stress,tight,uniform_google_ai_2024,portfolio_mean,central,gentd26_hourly_service_demand.csv,gentd26_aligned_regional_hourly_cef.csv,capacity_scenarios.csv,energy_calibration_bounds.csv,trace_timestamp_anonymized,single_row_default,0.15,20.0,carbon,211.9472222222222,208.19555553555557,3.7516666866666672,0.9822990523426955,0.15270298759045262,55.91956311375206,74.63750176834301,52.855045482200865,64.30749758081487,3.7481203999102535,0.05828434538601058,0.8814722222222227,,,3.7516666766666673,True,True,0,834,4.440892098500626e-16,0.0,0.0,0.0,9.99999993922529e-09,0.0,3,0.0,554,3,0.0,0.0,176.40347220222225,10.769708333333329,1.3648333333333333,19.65754166666666
scenario_coarse,0.75,5.622180599865381,7.496240799820507,0.7499999999999998,1.874060199955128,0.13856548279270697,0.2644882554816874,-5.7958786038403876,-1.0000036354540498e-08,55.760403179624994,3.7516666766666673,52.39003241952927,screened_water_cap_0.75,conservative_site_selection,legacy_stress,tight,uniform_google_ai_2024,portfolio_mean,central,gentd26_hourly_service_demand.csv,gentd26_aligned_regional_hourly_cef.csv,capacity_scenarios.csv,energy_calibration_bounds.csv,trace_timestamp_anonymized,single_row_default,0.15,20.0,carbon,211.9472222222222,208.1955555355555,3.7516666866666672,0.9822990523426953,0.15270298759045264,55.91956311375206,74.63750176834301,52.52859790232198,64.30749758081487,5.622180599865379,0.08742651807901584,0.8814722222222227,,,3.7516666766666673,True,True,0,862,4.440892098500626e-16,0.0,0.0,0.0,9.99999993922529e-09,0.0,3,0.0,554,3,1.7763568394002505e-15,0.0,176.40347220222225,15.609437499999995,2.5923750000000005,13.590270833333326
scenario_coarse,1.0,7.496240799820507,7.496240799820507,0.9999999999999998,1.7763568394002505e-15,0.0,0.0,-6.044380183619735,-9.999979511121637e-09,55.760403179624994,3.7516666766666673,52.39003241952927,screened_water_cap_1.00,conservative_site_selection,legacy_stress,tight,uniform_google_ai_2024,portfolio_mean,central,gentd26_hourly_service_demand.csv,gentd26_aligned_regional_hourly_cef.csv,capacity_scenarios.csv,energy_calibration_bounds.csv,trace_timestamp_anonymized,single_row_default,0.15,20.0,carbon,211.9472222222222,208.19555553555557,3.7516666866666672,0.9822990523426955,0.1527029875904526,55.91956311375206,74.63750176834301,52.39003241952927,64.30749758081487,7.496240799820505,0.11656869077202113,0.8814722222222227,,,3.7516666766666673,True,True,0,875,4.440892098500626e-16,0.0,0.0,0.0,9.99999993922529e-09,0.0,3,0.0,554,3,1.7763568394002505e-15,0.0,176.40347220222225,19.913791666666672,4.355291666666667,7.523
scenario_coarse,0.0,0.0,7.496240799820507,0.0,7.496240799820507,1.6175408402773783,3.087497307358822,-3.1435029516767132,-9.999979511121637e-09,55.760403179624994,3.7516666766666673,52.39003241952927,screened_water_cap_0.00,conservative_site_selection,legacy_stress,tight,uniform_google_ai_2024,portfolio_mean,central,gentd26_hourly_service_demand.csv,gentd26_aligned_regional_hourly_cef.csv,capacity_scenarios.csv,energy_calibration_bounds.csv,trace_timestamp_anonymized,single_row_default,0.15,35.0,carbon,211.9472222222222,208.19555553555557,3.7516666866666672,0.9822990523426955,0.1523345439263407,55.91956311375206,74.63956208921593,54.00757325980665,64.30749758081487,0.0,0.0,0.8814722222222227,,,3.7516666766666673,True,True,0,397,4.440892098500626e-16,0.0,0.0,0.0,9.99999993922529e-09,0.0,3,0.0,552,3,0.0,0.0,176.48018053555558,0.0,0.0,31.715375000000012
scenario_coarse,0.25,1.8740601999551267,7.496240799820507,0.24999999999999997,5.622180599865381,0.9494897220832144,1.8123480330759945,-4.341577355913218,-1.0000036354540498e-08,55.760403179624994,3.7516666766666673,52.39003241952927,screened_water_cap_0.25,conservative_site_selection,legacy_stress,tight,uniform_google_ai_2024,portfolio_mean,central,gentd26_hourly_service_demand.csv,gentd26_aligned_regional_hourly_cef.csv,capacity_scenarios.csv,energy_calibration_bounds.csv,trace_timestamp_anonymized,single_row_default,0.15,35.0,carbon,211.9472222222222,208.1955555355555,3.7516666866666672,0.9822990523426953,0.15233454392634074,55.91956311375206,74.63956208921593,53.339522141612484,64.30749758081487,1.8740601999551265,0.029142172693005286,0.8814722222222227,,,3.7516666766666673,True,True,0,821,4.440892098500626e-16,0.0,0.0,0.0,9.99999993922529e-09,0.0,3,0.0,552,3,2.220446049250313e-16,0.0,176.48018053555558,6.0127291666666665,0.05454166666666663,25.64810416666667
scenario_coarse,0.5,3.7481203999102535,7.496240799820507,0.5,3.7481203999102535,0.4650130626715949,0.8875983487619532,-5.210431653560487,-9.999979511121637e-09,55.760403179624994,3.7516666766666673,52.39003241952927,screened_water_cap_0.50,conservative_site_selection,legacy_stress,tight,uniform_google_ai_2024,portfolio_mean,central,gentd26_hourly_service_demand.csv,gentd26_aligned_regional_hourly_cef.csv,capacity_scenarios.csv,energy_calibration_bounds.csv,trace_timestamp_anonymized,single_row_default,0.15,35.0,carbon,211.9472222222222,208.19555553555557,3.7516666866666672,0.9822990523426955,0.15270298759045262,55.91956311375206,74.63750176834301,52.855045482200865,64.30749758081487,3.7481203999102535,0.05828434538601058,0.8814722222222227,,,3.7516666766666673,True,True,0,834,4.440892098500626e-16,0.0,0.0,0.0,9.99999993922529e-09,0.0,3,0.0,554,3,0.0,0.0,176.40347220222225,10.769708333333329,1.3648333333333333,19.65754166666666
scenario_coarse,0.75,5.622180599865381,7.496240799820507,0.7499999999999998,1.874060199955128,0.13856548279270697,0.2644882554816874,-5.7958786038403876,-1.0000036354540498e-08,55.760403179624994,3.7516666766666673,52.39003241952927,screened_water_cap_0.75,conservative_site_selection,legacy_stress,tight,uniform_google_ai_2024,portfolio_mean,central,gentd26_hourly_service_demand.csv,gentd26_aligned_regional_hourly_cef.csv,capacity_scenarios.csv,energy_calibration_bounds.csv,trace_timestamp_anonymized,single_row_default,0.15,35.0,carbon,211.9472222222222,208.1955555355555,3.7516666866666672,0.9822990523426953,0.15270298759045264,55.91956311375206,74.63750176834301,52.52859790232198,64.30749758081487,5.622180599865379,0.08742651807901584,0.8814722222222227,,,3.7516666766666673,True,True,0,862,4.440892098500626e-16,0.0,0.0,0.0,9.99999993922529e-09,0.0,3,0.0,554,3,1.7763568394002505e-15,0.0,176.40347220222225,15.609437499999995,2.5923750000000005,13.590270833333326
scenario_coarse,1.0,7.496240799820507,7.496240799820507,0.9999999999999998,1.7763568394002505e-15,0.0,0.0,-6.044380183619735,-9.999979511121637e-09,55.760403179624994,3.7516666766666673,52.39003241952927,screened_water_cap_1.00,conservative_site_selection,legacy_stress,tight,uniform_google_ai_2024,portfolio_mean,central,gentd26_hourly_service_demand.csv,gentd26_aligned_regional_hourly_cef.csv,capacity_scenarios.csv,energy_calibration_bounds.csv,trace_timestamp_anonymized,single_row_default,0.15,35.0,carbon,211.9472222222222,208.19555553555557,3.7516666866666672,0.9822990523426955,0.1527029875904526,55.91956311375206,74.63750176834301,52.39003241952927,64.30749758081487,7.496240799820505,0.11656869077202113,0.8814722222222227,,,3.7516666766666673,True,True,0,875,4.440892098500626e-16,0.0,0.0,0.0,9.99999993922529e-09,0.0,3,0.0,554,3,1.7763568394002505e-15,0.0,176.40347220222225,19.913791666666672,4.355291666666667,7.523
scenario_coarse,0.0,0.0,19.613047167407203,0.0,19.613047167407203,5.782675626000085,11.570505321845626,-5.1085913277404416e-09,-1.0000007932831068e-08,55.760403179624994,3.7516666766666673,49.977727550776336,screened_water_cap_0.00,conservative_site_selection,legacy_stress,tight,uniform_google_ai_2024,portfolio_mean,central,gentd26_hourly_service_demand.csv,gentd26_aligned_regional_hourly_cef.csv,capacity_scenarios.csv,energy_calibration_bounds.csv,trace_timestamp_anonymized,single_row_default,0.3,15.0,carbon,211.9472222222222,208.19555553555554,3.7516666866666672,0.9822990523426954,0.0,55.91956311375206,75.49141020356531,55.76040317677642,64.30749758081487,0.0,0.0,0.0,,,3.7516666766666673,True,True,0,0,0.0,0.0,0.0,0.0,9.99999993922529e-09,0.0,11,0.0,184,1,0.0,0.0,208.1955555355556,0.0,0.0,0.0
scenario_coarse,0.25,4.903261791851801,19.613047167407203,0.25,14.709785375555402,3.5174871719350875,7.038109462582898,-4.062360255209341,-1.0000007932831068e-08,55.760403179624994,3.7516666766666673,49.977727550776336,screened_water_cap_0.25,conservative_site_selection,legacy_stress,tight,uniform_google_ai_2024,portfolio_mean,central,gentd26_hourly_service_demand.csv,gentd26_aligned_regional_hourly_cef.csv,capacity_scenarios.csv,energy_calibration_bounds.csv,trace_timestamp_anonymized,single_row_default,0.3,15.0,carbon,211.9472222222222,208.19555553555554,3.7516666866666672,0.9822990523426954,0.0762471247725026,55.91956311375206,75.06503961296949,53.495214722711424,64.30749758081487,4.903261791851801,0.0762471247725026,0.0,,,3.7516666766666673,True,True,0,398,2.220446049250313e-16,0.0,0.0,0.0,9.99999993922529e-09,0.0,11,0.0,290,1,0.0,0.0,192.3212430355556,15.874312499999998,0.0,0.0
scenario_coarse,0.5,9.806523583703601,19.613047167407203,0.5,9.806523583703601,1.811914263355007,3.62544347682503,-7.121113082167563,-1.0000036354540498e-08,55.760403179624994,3.7516666766666673,49.977727550776336,screened_water_cap_0.50,conservative_site_selection,legacy_stress,tight,uniform_google_ai_2024,portfolio_mean,central,gentd26_hourly_service_demand.csv,gentd26_aligned_regional_hourly_cef.csv,capacity_scenarios.csv,energy_calibration_bounds.csv,trace_timestamp_anonymized,single_row_default,0.3,15.0,carbon,211.9472222222222,208.1955555355555,3.7516666866666672,0.9822990523426953,0.15249424954500523,55.919563113752076,74.63866902237368,51.78964181413134,64.30749758081487,9.806523583703601,0.1524942495450052,0.0,,,3.7516666766666673,True,True,0,402,2.220446049250313e-16,0.0,0.0,0.0,9.99999993922529e-09,0.0,10,0.0,360,1,0.0,0.0,176.44693053555557,31.748625000000008,0.0,0.0
scenario_coarse,0.75,14.709785375555402,19.613047167407203,0.75,4.903261791851801,0.6162090512084077,1.232967326460277,-9.265475647651144,-9.999979511121637e-09,55.760403179624994,3.7516666766666673,49.977727550776336,screened_water_cap_0.75,conservative_site_selection,legacy_stress,tight,uniform_google_ai_2024,portfolio_mean,central,gentd26_hourly_service_demand.csv,gentd26_aligned_regional_hourly_cef.csv,capacity_scenarios.csv,energy_calibration_bounds.csv,trace_timestamp_anonymized,single_row_default,0.3,15.0,carbon,211.9472222222222,208.19555553555557,3.751666686666667,0.9822990523426955,0.22874137431750777,55.91956311375206,74.21229843177787,50.593936601984744,64.30749758081487,14.709785375555402,0.22874137431750782,0.0,,,3.7516666766666673,True,True,0,402,2.220446049250313e-16,0.0,0.0,0.0,9.99999949513608e-09,0.0,6,0.0,446,1,0.0,0.0,160.5726180355555,47.622937500000035,0.0,0.0
scenario_coarse,1.0,19.613047167407203,19.613047167407203,1.0,0.0,0.0,0.0,-10.370577146331794,-1.0000036354540498e-08,55.760403179624994,3.7516666766666673,49.977727550776336,screened_water_cap_1.00,conservative_site_selection,legacy_stress,tight,uniform_google_ai_2024,portfolio_mean,central,gentd26_hourly_service_demand.csv,gentd26_aligned_regional_hourly_cef.csv,capacity_scenarios.csv,energy_calibration_bounds.csv,trace_timestamp_anonymized,single_row_default,0.3,15.0,carbon,211.9472222222222,208.1955555355555,3.7516666866666672,0.9822990523426953,0.30498849909001047,55.91956311375206,73.78592784118206,49.977727550776336,64.30749758081487,19.613047167407203,0.3049884990900104,0.0,,,3.7516666766666673,True,True,0,415,4.440892098500626e-16,0.0,0.0,0.0,9.99999993922529e-09,0.04436111111111085,0,0.0,552,1,0.0,0.0,144.69830553555553,63.49725000000003,0.0,0.0
scenario_coarse,0.0,0.0,14.992481599641014,0.0,14.992481599641014,3.2350816805547566,6.596656824756764,-6.248324568382236,-1.0000036354540498e-08,55.760403179624994,3.7516666766666673,49.04123052776874,screened_water_cap_0.00,conservative_site_selection,legacy_stress,tight,uniform_google_ai_2024,portfolio_mean,central,gentd26_hourly_service_demand.csv,gentd26_aligned_regional_hourly_cef.csv,capacity_scenarios.csv,energy_calibration_bounds.csv,trace_timestamp_anonymized,single_row_default,0.3,20.0,carbon,211.9472222222222,208.1955555355555,3.7516666866666672,0.9822990523426953,0.3046690878526815,55.91956311375206,73.78771397486656,52.276312208323496,64.30749758081487,0.0,0.0,0.0,,,3.7516666766666673,True,True,0,415,4.440892098500626e-16,0.0,0.0,0.0,9.99999993922529e-09,0.04436111111111085,0,0.0,552,3,0.0,0.0,144.76480553555552,0.0,0.0,63.430750000000025
scenario_coarse,0.25,3.7481203999102535,14.992481599641014,0.24999999999999997,11.244361199730761,1.8989794441664216,3.872210023545719,-8.644473376855256,-1.0000007932831068e-08,55.760403179624994,3.7516666766666673,49.04123052776874,screened_water_cap_0.25,conservative_site_selection,legacy_stress,tight,uniform_google_ai_2024,portfolio_mean,central,gentd26_hourly_service_demand.csv,gentd26_aligned_regional_hourly_cef.csv,capacity_scenarios.csv,energy_calibration_bounds.csv,trace_timestamp_anonymized,single_row_default,0.3,20.0,carbon,211.9472222222222,208.19555553555554,3.7516666866666672,0.9822990523426954,0.30466908785268143,55.91956311375206,73.78771397486656,50.94020997193516,64.30749758081487,3.748120399910253,0.05828434538601057,0.0,,,3.7516666766666673,True,True,0,810,4.440892098500626e-16,0.0,0.0,0.0,9.99999993922529e-09,0.04436111111111085,0,0.0,552,3,4.440892098500626e-16,0.0,144.76480553555552,12.025458333333333,0.10908333333333325,51.29620833333334
scenario_coarse,0.5,7.496240799820507,14.992481599641014,0.5,7.496240799820507,0.930026125343197,1.8964167810116228,-10.382181972149773,-1.0000007932831068e-08,55.760403179624994,3.7516666766666673,49.04123052776874,screened_water_cap_0.50,conservative_site_selection,legacy_stress,tight,uniform_google_ai_2024,portfolio_mean,central,gentd26_hourly_service_demand.csv,gentd26_aligned_regional_hourly_cef.csv,capacity_scenarios.csv,energy_calibration_bounds.csv,trace_timestamp_anonymized,single_row_default,0.3,20.0,carbon,211.9472222222222,208.19555553555554,3.7516666866666672,0.9822990523426954,0.3054059751809053,55.91956311375206,73.78359333312073,49.971256653111936,64.30749758081487,7.496240799820507,0.11656869077202116,0.0,,,3.7516666766666673,True,True,0,813,4.440892098500626e-16,0.0,0.0,0.0,9.99999993922529e-09,0.04436111111111085,0,0.0,554,3,0.0,0.0,144.61138886888887,21.539416666666657,2.7296666666666667,39.31508333333332
scenario_coarse,0.75,11.244361199730761,14.992481599641014,0.7499999999999998,3.748120399910256,0.27713096558540684,0.5650979035456416,-11.553075872709595,-1.0000007932831068e-08,55.760403179624994,3.7516666766666673,49.04123052776874,screened_water_cap_0.75,conservative_site_selection,legacy_stress,tight,uniform_google_ai_2024,portfolio_mean,central,gentd26_hourly_service_demand.csv,gentd26_aligned_regional_hourly_cef.csv,capacity_scenarios.csv,energy_calibration_bounds.csv,trace_timestamp_anonymized,single_row_default,0.3,20.0,carbon,211.9472222222222,208.19555553555554,3.7516666866666672,0.9822990523426954,0.3054059751809053,55.91956311375206,73.78359333312073,49.318361493354146,64.30749758081487,11.244361199730758,0.1748530361580317,0.0,,,3.7516666766666673,True,True,0,824,4.440892098500626e-16,0.0,0.0,0.0,9.99999993922529e-09,0.04436111111111085,0,0.0,554,3,3.552713678800501e-15,0.0,144.61138886888887,31.21887499999999,5.184750000000001,27.180541666666652
scenario_coarse,1.0,14.992481599641014,14.992481599641014,0.9999999999999998,3.552713678800501e-15,0.0,0.0,-12.05007903226829,-1.0000036354540498e-08,55.760403179624994,3.7516666766666673,49.04123052776874,screened_water_cap_1.00,conservative_site_selection,legacy_stress,tight,uniform_google_ai_2024,portfolio_mean,central,gentd26_hourly_service_demand.csv,gentd26_aligned_regional_hourly_cef.csv,capacity_scenarios.csv,energy_calibration_bounds.csv,trace_timestamp_anonymized,single_row_default,0.3,20.0,carbon,211.9472222222222,208.1955555355555,3.7516666866666672,0.9822990523426953,0.3054059751809053,55.91956311375206,73.78359333312073,49.04123052776874,64.30749758081487,14.99248159964101,0.23313738154404226,0.0,,,3.7516666766666673,True,True,0,840,4.440892098500626e-16,0.0,0.0,0.0,9.99999993922529e-09,0.04436111111111085,0,0.0,554,3,3.552713678800501e-15,0.0,144.61138886888887,39.827583333333344,8.710583333333334,15.046
scenario_coarse,0.0,0.0,14.992481599641014,0.0,14.992481599641014,3.2350816805547566,6.596656824756764,-6.248324568382236,-1.0000036354540498e-08,55.760403179624994,3.7516666766666673,49.04123052776874,screened_water_cap_0.00,conservative_site_selection,legacy_stress,tight,uniform_google_ai_2024,portfolio_mean,central,gentd26_hourly_service_demand.csv,gentd26_aligned_regional_hourly_cef.csv,capacity_scenarios.csv,energy_calibration_bounds.csv,trace_timestamp_anonymized,single_row_default,0.3,35.0,carbon,211.9472222222222,208.1955555355555,3.7516666866666672,0.9822990523426953,0.3046690878526815,55.91956311375206,73.78771397486656,52.276312208323496,64.30749758081487,0.0,0.0,0.0,,,3.7516666766666673,True,True,0,415,4.440892098500626e-16,0.0,0.0,0.0,9.99999993922529e-09,0.04436111111111085,0,0.0,552,3,0.0,0.0,144.76480553555552,0.0,0.0,63.430750000000025
scenario_coarse,0.25,3.7481203999102535,14.992481599641014,0.24999999999999997,11.244361199730761,1.8989794441664216,3.872210023545719,-8.644473376855256,-1.0000007932831068e-08,55.760403179624994,3.7516666766666673,49.04123052776874,screened_water_cap_0.25,conservative_site_selection,legacy_stress,tight,uniform_google_ai_2024,portfolio_mean,central,gentd26_hourly_service_demand.csv,gentd26_aligned_regional_hourly_cef.csv,capacity_scenarios.csv,energy_calibration_bounds.csv,trace_timestamp_anonymized,single_row_default,0.3,35.0,carbon,211.9472222222222,208.19555553555554,3.7516666866666672,0.9822990523426954,0.30466908785268143,55.91956311375206,73.78771397486656,50.94020997193516,64.30749758081487,3.748120399910253,0.05828434538601057,0.0,,,3.7516666766666673,True,True,0,810,4.440892098500626e-16,0.0,0.0,0.0,9.99999993922529e-09,0.04436111111111085,0,0.0,552,3,4.440892098500626e-16,0.0,144.76480553555552,12.025458333333333,0.10908333333333325,51.29620833333334
scenario_coarse,0.5,7.496240799820507,14.992481599641014,0.5,7.496240799820507,0.930026125343197,1.8964167810116228,-10.382181972149773,-1.0000007932831068e-08,55.760403179624994,3.7516666766666673,49.04123052776874,screened_water_cap_0.50,conservative_site_selection,legacy_stress,tight,uniform_google_ai_2024,portfolio_mean,central,gentd26_hourly_service_demand.csv,gentd26_aligned_regional_hourly_cef.csv,capacity_scenarios.csv,energy_calibration_bounds.csv,trace_timestamp_anonymized,single_row_default,0.3,35.0,carbon,211.9472222222222,208.19555553555554,3.7516666866666672,0.9822990523426954,0.3054059751809053,55.91956311375206,73.78359333312073,49.971256653111936,64.30749758081487,7.496240799820507,0.11656869077202116,0.0,,,3.7516666766666673,True,True,0,813,4.440892098500626e-16,0.0,0.0,0.0,9.99999993922529e-09,0.04436111111111085,0,0.0,554,3,0.0,0.0,144.61138886888887,21.539416666666657,2.7296666666666667,39.31508333333332
scenario_coarse,0.75,11.244361199730761,14.992481599641014,0.7499999999999998,3.748120399910256,0.27713096558540684,0.5650979035456416,-11.553075872709595,-1.0000007932831068e-08,55.760403179624994,3.7516666766666673,49.04123052776874,screened_water_cap_0.75,conservative_site_selection,legacy_stress,tight,uniform_google_ai_2024,portfolio_mean,central,gentd26_hourly_service_demand.csv,gentd26_aligned_regional_hourly_cef.csv,capacity_scenarios.csv,energy_calibration_bounds.csv,trace_timestamp_anonymized,single_row_default,0.3,35.0,carbon,211.9472222222222,208.19555553555554,3.7516666866666672,0.9822990523426954,0.3054059751809053,55.91956311375206,73.78359333312073,49.318361493354146,64.30749758081487,11.244361199730758,0.1748530361580317,0.0,,,3.7516666766666673,True,True,0,824,4.440892098500626e-16,0.0,0.0,0.0,9.99999993922529e-09,0.04436111111111085,0,0.0,554,3,3.552713678800501e-15,0.0,144.61138886888887,31.21887499999999,5.184750000000001,27.180541666666652
scenario_coarse,1.0,14.992481599641014,14.992481599641014,0.9999999999999998,3.552713678800501e-15,0.0,0.0,-12.05007903226829,-1.0000036354540498e-08,55.760403179624994,3.7516666766666673,49.04123052776874,screened_water_cap_1.00,conservative_site_selection,legacy_stress,tight,uniform_google_ai_2024,portfolio_mean,central,gentd26_hourly_service_demand.csv,gentd26_aligned_regional_hourly_cef.csv,capacity_scenarios.csv,energy_calibration_bounds.csv,trace_timestamp_anonymized,single_row_default,0.3,35.0,carbon,211.9472222222222,208.1955555355555,3.7516666866666672,0.9822990523426953,0.3054059751809053,55.91956311375206,73.78359333312073,49.04123052776874,64.30749758081487,14.99248159964101,0.23313738154404226,0.0,,,3.7516666766666673,True,True,0,840,4.440892098500626e-16,0.0,0.0,0.0,9.99999993922529e-09,0.04436111111111085,0,0.0,554,3,3.552713678800501e-15,0.0,144.61138886888887,39.827583333333344,8.710583333333334,15.046
scenario_coarse,0.0,0.0,32.55550763327706,0.0,32.55550763327706,9.586981932635652,20.762988044452534,-5.1085913277404416e-09,-1.0000007932831068e-08,55.760403179624994,3.7516666766666673,46.17342124414077,screened_water_cap_0.00,conservative_site_selection,legacy_stress,tight,uniform_google_ai_2024,portfolio_mean,central,gentd26_hourly_service_demand.csv,gentd26_aligned_regional_hourly_cef.csv,capacity_scenarios.csv,energy_calibration_bounds.csv,trace_timestamp_anonymized,single_row_default,0.5,15.0,carbon,211.9472222222222,208.19555553555554,3.7516666866666672,0.9822990523426954,0.0,55.91956311375206,75.49141020356531,55.76040317677642,64.30749758081487,0.0,0.0,0.0,,,3.7516666766666673,True,True,0,0,0.0,0.0,0.0,0.0,9.99999993922529e-09,0.0,11,0.0,184,1,0.0,0.0,208.1955555355556,0.0,0.0,0.0
scenario_coarse,0.25,8.138876908319265,32.55550763327706,0.24999999999999983,24.4166307249578,5.824598420895541,12.614613047835732,-6.747410886662076,-1.0000007932831068e-08,55.760403179624994,3.7516666766666673,46.17342124414077,screened_water_cap_0.25,conservative_site_selection,legacy_stress,tight,uniform_google_ai_2024,portfolio_mean,central,gentd26_hourly_service_demand.csv,gentd26_aligned_regional_hourly_cef.csv,capacity_scenarios.csv,energy_calibration_bounds.csv,trace_timestamp_anonymized,single_row_default,0.5,15.0,carbon,211.9472222222222,208.19555553555554,3.7516666866666672,0.9822990523426954,0.12656186625970292,55.91956311375206,74.78368177675493,51.99801966503631,64.30749758081487,8.13887690831926,0.12656186625970292,0.0,,,3.7516666766666673,True,True,0,415,0.0,0.0,0.0,0.0,9.99999993922529e-09,0.0,11,0.0,290,1,5.329070518200751e-15,0.0,181.84593748000006,26.34961805555553,0.0,0.0
scenario_coarse,0.5,16.27775381663853,32.55550763327706,0.4999999999999999,16.277753816638533,2.99193164612376,6.4797703213370195,-11.82747956128537,-1.0000007932831068e-08,55.760403179624994,3.7516666766666673,46.17342124414077,screened_water_cap_0.50,conservative_site_selection,legacy_stress,tight,uniform_google_ai_2024,portfolio_mean,central,gentd26_hourly_service_demand.csv,gentd26_aligned_regional_hourly_cef.csv,capacity_scenarios.csv,energy_calibration_bounds.csv,trace_timestamp_anonymized,single_row_default,0.5,15.0,carbon,211.9472222222222,208.19555553555554,3.7516666866666672,0.9822990523426954,0.25312373251940595,55.91956311375207,74.07595334994456,49.16535289026453,64.30749758081487,16.277753816638526,0.25312373251940595,0.0,,,3.7516666766666673,True,True,0,427,0.0,0.0,0.0,0.0,9.99999993922529e-09,0.0,10,0.0,360,1,3.552713678800501e-15,0.0,155.49631942444458,52.699236111111105,0.0,0.0
scenario_coarse,0.75,24.416630724957795,32.55550763327706,0.7500000000000003,8.138876908319254,1.0105906014250223,2.188684689578335,-15.380791466717803,-1.0000007932831068e-08,55.760403179624994,3.7516666766666673,46.17342124414077,screened_water_cap_0.75,conservative_site_selection,legacy_stress,tight,uniform_google_ai_2024,portfolio_mean,central,gentd26_hourly_service_demand.csv,gentd26_aligned_regional_hourly_cef.csv,capacity_scenarios.csv,energy_calibration_bounds.csv,trace_timestamp_anonymized,single_row_default,0.5,15.0,carbon,211.9472222222222,208.19555553555554,3.7516666866666677,0.9822990523426954,0.37968559877910923,55.91956311375206,73.36822492313419,47.18401184556579,64.30749758081487,24.416630724957805,0.3796855987791091,0.0,,,3.7516666766666673,True,True,0,421,0.0,0.0,0.0,0.0,1.00000003833145e-08,0.0,6,0.0,445,1,-1.0658141036401503e-14,1.0658141036401503e-14,129.14670136888884,79.04885416666674,0.0,0.0
scenario_coarse,1.0,32.55550763327706,32.55550763327706,1.0,0.0,0.0,0.0,-17.193171836654397,-1.0000007932831068e-08,55.760403179624994,3.7516666766666673,46.17342124414077,screened_water_cap_1.00,conservative_site_selection,legacy_stress,tight,uniform_google_ai_2024,portfolio_mean,central,gentd26_hourly_service_demand.csv,gentd26_aligned_regional_hourly_cef.csv,capacity_scenarios.csv,energy_calibration_bounds.csv,trace_timestamp_anonymized,single_row_default,0.5,15.0,carbon,211.9472222222222,208.19555553555554,3.7516666866666677,0.9822990523426954,0.506247465038812,55.91956311375206,72.66049649632382,46.17342124414077,64.30749758081487,32.55550763327706,0.506247465038812,0.0,,,3.7516666766666673,True,True,0,432,0.0,0.0,0.0,0.0,1.00000003833145e-08,0.0,3,0.0,549,1,0.0,0.0,102.79708331333336,105.39847222222222,0.0,0.0
scenario_coarse,0.0,0.0,25.09695022532666,0.0,25.09695022532666,5.407224660966946,12.123337591485539,-10.31448073928598,-1.0000007932831068e-08,55.760403179624994,3.7516666766666673,44.60178247254742,screened_water_cap_0.00,conservative_site_selection,legacy_stress,tight,uniform_google_ai_2024,portfolio_mean,central,gentd26_hourly_service_demand.csv,gentd26_aligned_regional_hourly_cef.csv,capacity_scenarios.csv,energy_calibration_bounds.csv,trace_timestamp_anonymized,single_row_default,0.5,20.0,carbon,211.9472222222222,208.19555553555554,3.7516666866666677,0.9822990523426954,0.5057151129765972,55.91956311375206,72.66347338579799,50.009007133514366,64.30749758081487,0.0,0.0,0.0,,,3.7516666766666673,True,True,0,432,0.0,0.0,0.0,0.0,1.00000003833145e-08,0.0,3,0.0,549,3,0.0,0.0,102.90791664666669,0.0,0.0,105.28763888888889
scenario_coarse,0.25,6.274237556331665,25.09695022532666,0.24999999999999992,18.822712668994996,3.172464113955094,7.112863966608862,-14.322271966714627,-9.999979511121637e-09,55.760403179624994,3.7516666766666673,44.60178247254742,screened_water_cap_0.25,conservative_site_selection,legacy_stress,tight,uniform_google_ai_2024,portfolio_mean,central,gentd26_hourly_service_demand.csv,gentd26_aligned_regional_hourly_cef.csv,capacity_scenarios.csv,energy_calibration_bounds.csv,trace_timestamp_anonymized,single_row_default,0.5,20.0,carbon,211.9472222222222,208.19555553555557,3.7516666866666677,0.9822990523426955,0.5060793538612706,55.91956311375206,72.66143656668407,47.774246586502514,64.30749758081487,6.274237556331663,0.09756619044998391,0.0,,,3.7516666766666673,True,True,0,807,1.1102230246251565e-16,0.0,0.0,0.0,1.00000003833145e-08,0.0,3,0.0,550,3,1.7763568394002505e-15,0.0,102.83208331333336,20.131041666666654,0.1818055555555554,85.05062500000003
scenario_coarse,0.5,12.54847511266333,25.09695022532666,0.5000000000000001,12.548475112663327,1.5517665498254374,3.479158149745598,-17.228810427185913,-9.999979511121637e-09,55.760403179624994,3.7516666766666673,44.60178247254742,screened_water_cap_0.50,conservative_site_selection,legacy_stress,tight,uniform_google_ai_2024,portfolio_mean,central,gentd26_hourly_service_demand.csv,gentd26_aligned_regional_hourly_cef.csv,capacity_scenarios.csv,energy_calibration_bounds.csv,trace_timestamp_anonymized,single_row_default,0.5,20.0,carbon,211.9472222222222,208.19555553555557,3.7516666866666677,0.9822990523426955,0.5073074994083102,55.91956311375206,72.65456883044101,46.15354902237286,64.30749758081487,12.548475112663331,0.1951323808999679,0.0,,,3.7516666766666673,True,True,0,813,5.551115123125783e-17,0.0,0.0,0.0,1.00000003833145e-08,0.0,3,0.0,552,3,-1.7763568394002505e-15,1.7763568394002505e-15,102.57638886888891,36.07625,4.549444444444444,64.99347222222221
scenario_coarse,0.75,18.822712668994996,25.09695022532666,0.7499999999999999,6.274237556331666,0.4651753194686137,1.0429523074664715,-19.177489361332977,-9.999979511121637e-09,55.760403179624994,3.7516666766666673,44.60178247254742,screened_water_cap_0.75,conservative_site_selection,legacy_stress,tight,uniform_google_ai_2024,portfolio_mean,central,gentd26_hourly_service_demand.csv,gentd26_aligned_regional_hourly_cef.csv,capacity_scenarios.csv,energy_calibration_bounds.csv,trace_timestamp_anonymized,single_row_default,0.5,20.0,carbon,211.9472222222222,208.19555553555557,3.7516666866666677,0.9822990523426955,0.509009958634842,55.91956311375206,72.64504875282435,45.066957792016034,64.30749758081487,18.822712668994992,0.29269857134995175,0.0,,,3.7516666766666673,True,True,0,821,4.440892098500626e-16,0.0,0.0,0.0,1.00000003833145e-08,0.0,3,0.0,554,3,3.552713678800501e-15,0.0,102.22194442444446,52.22145833333334,8.717083333333331,45.035069444444424
scenario_coarse,1.0,25.09695022532666,25.09695022532666,1.0000000000000007,-1.4210854715202004e-14,0.0,0.0,-20.01172888067453,-9.999979511121637e-09,55.760403179624994,3.7516666766666673,44.60178247254742,screened_water_cap_1.00,conservative_site_selection,legacy_stress,tight,uniform_google_ai_2024,portfolio_mean,central,gentd26_hourly_service_demand.csv,gentd26_aligned_regional_hourly_cef.csv,capacity_scenarios.csv,energy_calibration_bounds.csv,trace_timestamp_anonymized,single_row_default,0.5,20.0,carbon,211.9472222222222,208.19555553555557,3.7516666866666677,0.9822990523426955,0.509009958634842,55.91956311375206,72.64504875282435,44.60178247254742,64.30749758081487,25.096950225326673,0.39026476179993597,0.0,,,3.7516666766666673,True,True,0,824,4.440892098500626e-16,0.0,0.0,0.0,1.00000003833145e-08,0.0,3,0.0,554,3,-1.4210854715202004e-14,1.4210854715202004e-14,102.22194442444446,66.65791666666676,14.593472222222225,24.72222222222218
scenario_coarse,0.0,0.0,25.09695022532666,0.0,25.09695022532666,5.407224660966946,12.123337591485539,-10.31448073928598,-1.0000007932831068e-08,55.760403179624994,3.7516666766666673,44.60178247254742,screened_water_cap_0.00,conservative_site_selection,legacy_stress,tight,uniform_google_ai_2024,portfolio_mean,central,gentd26_hourly_service_demand.csv,gentd26_aligned_regional_hourly_cef.csv,capacity_scenarios.csv,energy_calibration_bounds.csv,trace_timestamp_anonymized,single_row_default,0.5,35.0,carbon,211.9472222222222,208.19555553555554,3.7516666866666677,0.9822990523426954,0.5057151129765972,55.91956311375206,72.66347338579799,50.009007133514366,64.30749758081487,0.0,0.0,0.0,,,3.7516666766666673,True,True,0,432,0.0,0.0,0.0,0.0,1.00000003833145e-08,0.0,3,0.0,549,3,0.0,0.0,102.90791664666669,0.0,0.0,105.28763888888889
scenario_coarse,0.25,6.274237556331665,25.09695022532666,0.24999999999999992,18.822712668994996,3.172464113955094,7.112863966608862,-14.322271966714627,-9.999979511121637e-09,55.760403179624994,3.7516666766666673,44.60178247254742,screened_water_cap_0.25,conservative_site_selection,legacy_stress,tight,uniform_google_ai_2024,portfolio_mean,central,gentd26_hourly_service_demand.csv,gentd26_aligned_regional_hourly_cef.csv,capacity_scenarios.csv,energy_calibration_bounds.csv,trace_timestamp_anonymized,single_row_default,0.5,35.0,carbon,211.9472222222222,208.19555553555557,3.7516666866666677,0.9822990523426955,0.5060793538612706,55.91956311375206,72.66143656668407,47.774246586502514,64.30749758081487,6.274237556331663,0.09756619044998391,0.0,,,3.7516666766666673,True,True,0,807,1.1102230246251565e-16,0.0,0.0,0.0,1.00000003833145e-08,0.0,3,0.0,550,3,1.7763568394002505e-15,0.0,102.83208331333336,20.131041666666654,0.1818055555555554,85.05062500000003
scenario_coarse,0.5,12.54847511266333,25.09695022532666,0.5000000000000001,12.548475112663327,1.5517665498254374,3.479158149745598,-17.228810427185913,-9.999979511121637e-09,55.760403179624994,3.7516666766666673,44.60178247254742,screened_water_cap_0.50,conservative_site_selection,legacy_stress,tight,uniform_google_ai_2024,portfolio_mean,central,gentd26_hourly_service_demand.csv,gentd26_aligned_regional_hourly_cef.csv,capacity_scenarios.csv,energy_calibration_bounds.csv,trace_timestamp_anonymized,single_row_default,0.5,35.0,carbon,211.9472222222222,208.19555553555557,3.7516666866666677,0.9822990523426955,0.5073074994083102,55.91956311375206,72.65456883044101,46.15354902237286,64.30749758081487,12.548475112663331,0.1951323808999679,0.0,,,3.7516666766666673,True,True,0,813,5.551115123125783e-17,0.0,0.0,0.0,1.00000003833145e-08,0.0,3,0.0,552,3,-1.7763568394002505e-15,1.7763568394002505e-15,102.57638886888891,36.07625,4.549444444444444,64.99347222222221
scenario_coarse,0.75,18.822712668994996,25.09695022532666,0.7499999999999999,6.274237556331666,0.4651753194686137,1.0429523074664715,-19.177489361332977,-9.999979511121637e-09,55.760403179624994,3.7516666766666673,44.60178247254742,screened_water_cap_0.75,conservative_site_selection,legacy_stress,tight,uniform_google_ai_2024,portfolio_mean,central,gentd26_hourly_service_demand.csv,gentd26_aligned_regional_hourly_cef.csv,capacity_scenarios.csv,energy_calibration_bounds.csv,trace_timestamp_anonymized,single_row_default,0.5,35.0,carbon,211.9472222222222,208.19555553555557,3.7516666866666677,0.9822990523426955,0.509009958634842,55.91956311375206,72.64504875282435,45.066957792016034,64.30749758081487,18.822712668994992,0.29269857134995175,0.0,,,3.7516666766666673,True,True,0,821,4.440892098500626e-16,0.0,0.0,0.0,1.00000003833145e-08,0.0,3,0.0,554,3,3.552713678800501e-15,0.0,102.22194442444446,52.22145833333334,8.717083333333331,45.035069444444424
scenario_coarse,1.0,25.09695022532666,25.09695022532666,1.0000000000000007,-1.4210854715202004e-14,0.0,0.0,-20.01172888067453,-9.999979511121637e-09,55.760403179624994,3.7516666766666673,44.60178247254742,screened_water_cap_1.00,conservative_site_selection,legacy_stress,tight,uniform_google_ai_2024,portfolio_mean,central,gentd26_hourly_service_demand.csv,gentd26_aligned_regional_hourly_cef.csv,capacity_scenarios.csv,energy_calibration_bounds.csv,trace_timestamp_anonymized,single_row_default,0.5,35.0,carbon,211.9472222222222,208.19555553555557,3.7516666866666677,0.9822990523426955,0.509009958634842,55.91956311375206,72.64504875282435,44.60178247254742,64.30749758081487,25.096950225326673,0.39026476179993597,0.0,,,3.7516666766666673,True,True,0,824,4.440892098500626e-16,0.0,0.0,0.0,1.00000003833145e-08,0.0,3,0.0,554,3,-1.4210854715202004e-14,1.4210854715202004e-14,102.22194442444446,66.65791666666676,14.593472222222225,24.72222222222218
scenario_coarse,0.0,0.0,9.806523583703601,0.0,9.806523583703601,2.8700578312645746,5.324482140886544,-5.017486426339701e-09,-1.0000007932831068e-08,56.77309958206999,1e-08,53.903041747956834,screened_water_cap_0.00,conservative_site_selection,legacy_stress,central,uniform_google_ai_2024,portfolio_mean,central,gentd26_hourly_service_demand.csv,gentd26_aligned_regional_hourly_cef.csv,capacity_scenarios.csv,energy_calibration_bounds.csv,trace_timestamp_anonymized,single_row_default,0.15,15.0,carbon,211.9472222222222,211.94722220222218,2e-08,0.9999999999056368,0.0,56.92722900944693,76.85175916275338,56.77309957922141,65.46631336086396,0.0,0.0,0.0,,,1e-08,True,True,0,0,0.0,0.0,0.0,0.0,1e-08,0.4919444444444445,0,0.0,184,1,0.0,0.0,211.94722220222224,0.0,0.0,0.0
scenario_coarse,0.25,2.4516308959259003,9.806523583703601,0.25,7.354892687777701,1.737463604232083,3.2233127257571548,-1.9949487313861036,-9.999979511121637e-09,56.77309958206999,1e-08,53.903041747956834,screened_water_cap_0.25,conservative_site_selection,legacy_stress,central,uniform_google_ai_2024,portfolio_mean,central,gentd26_hourly_service_demand.csv,gentd26_aligned_regional_hourly_cef.csv,capacity_scenarios.csv,energy_calibration_bounds.csv,trace_timestamp_anonymized,single_row_default,0.15,15.0,carbon,211.9472222222222,211.9472222022222,2e-08,0.9999999999056369,0.03744873920747606,56.92722900944694,76.63857386745546,55.64050535218892,65.46631336086396,2.4516308959259003,0.037448739207476066,0.0,,,1e-08,True,True,0,1,2.220446049250313e-16,0.0,0.0,0.0,1e-08,0.4919444444444445,0,0.0,290,1,0.0,0.0,204.01006595222222,7.937156249999999,0.0,0.0
scenario_coarse,0.5,4.903261791851801,9.806523583703601,0.5000000000000001,4.9032617918518,0.8875445817595917,1.6465575095179652,-3.491994037577051,-9.999979511121637e-09,56.77309958206999,1e-08,53.903041747956834,screened_water_cap_0.50,conservative_site_selection,legacy_stress,central,uniform_google_ai_2024,portfolio_mean,central,gentd26_hourly_service_demand.csv,gentd26_aligned_regional_hourly_cef.csv,capacity_scenarios.csv,energy_calibration_bounds.csv,trace_timestamp_anonymized,single_row_default,0.15,15.0,carbon,211.9472222222222,211.9472222022222,2e-08,0.9999999999056369,0.07489747841495213,56.92722900944693,76.42538857215757,54.790586329716426,65.46631336086396,4.9032617918518016,0.07489747841495215,0.0,,,1e-08,True,True,0,1,2.220446049250313e-16,0.0,0.0,0.0,1e-08,0.4919444444444445,0,0.0,370,1,-8.881784197001252e-16,8.881784197001252e-16,196.07290970222223,15.874312500000007,0.0,0.0
scenario_coarse,0.75,7.354892687777701,9.806523583703601,0.7500000000000001,2.4516308959258994,0.2990954479280816,0.5548767532018051,-4.528486915653684,-9.999979511121637e-09,56.77309958206999,1e-08,53.903041747956834,screened_water_cap_0.75,conservative_site_selection,legacy_stress,central,uniform_google_ai_2024,portfolio_mean,central,gentd26_hourly_service_demand.csv,gentd26_aligned_regional_hourly_cef.csv,capacity_scenarios.csv,energy_calibration_bounds.csv,trace_timestamp_anonymized,single_row_default,0.15,15.0,carbon,211.9472222222222,211.9472222022222,2e-08,0.9999999999056369,0.1123462176224282,56.92722900944694,76.21220327685965,54.202137195884916,65.46631336086396,7.354892687777702,0.1123462176224282,0.0,,,1e-08,True,True,0,1,2.220446049250313e-16,0.0,0.0,0.0,1e-08,0.4919444444444445,0,0.0,453,1,-8.881784197001252e-16,8.881784197001252e-16,188.13575345222225,23.81146875000001,0.0,0.0
scenario_coarse,1.0,9.806523583703601,9.806523583703601,1.0,0.0,0.0,0.0,-5.055312912701304,-9.999979511121637e-09,56.77309958206999,1e-08,53.903041747956834,screened_water_cap_1.00,conservative_site_selection,legacy_stress,central,uniform_google_ai_2024,portfolio_mean,central,gentd26_hourly_service_demand.csv,gentd26_aligned_regional_hourly_cef.csv,capacity_scenarios.csv,energy_calibration_bounds.csv,trace_timestamp_anonymized,single_row_default,0.15,15.0,carbon,211.9472222222222,211.9472222022222,2e-08,0.9999999999056369,0.14979495682990424,56.92722900944694,75.99901798156175,53.903041747956834,65.46631336086396,9.806523583703601,0.14979495682990426,0.0,,,1e-08,True,True,0,0,4.440892098500626e-16,0.0,0.0,0.0,1e-08,1.018152777777778,0,0.0,552,1,0.0,0.0,180.19859720222226,31.748625000000015,0.0,0.0
scenario_coarse,0.0,0.0,7.496240799820507,0.0,7.496240799820507,1.6175408402773783,3.0271303439308506,-3.030952190397984,-9.999979511121637e-09,56.77309958206999,1e-08,53.43479323645303,screened_water_cap_0.00,conservative_site_selection,legacy_stress,central,uniform_google_ai_2024,portfolio_mean,central,gentd26_hourly_service_demand.csv,gentd26_aligned_regional_hourly_cef.csv,capacity_scenarios.csv,energy_calibration_bounds.csv,trace_timestamp_anonymized,single_row_default,0.15,20.0,carbon,211.9472222222222,211.9472222022222,2e-08,0.9999999999056369,0.14963807815202151,56.92722900944694,75.99991104840402,55.05233407673041,65.46631336086396,0.0,0.0,0.0,,,1e-08,True,True,0,0,4.440892098500626e-16,0.0,0.0,0.0,1e-08,1.018152777777778,0,0.0,552,3,0.0,0.0,180.23184720222224,0.0,0.0,31.715375000000012
scenario_coarse,0.25,1.8740601999551267,7.496240799820507,0.24999999999999997,5.622180599865381,0.9494897220832001,1.7769128774984377,-4.20765581079563,-9.999979511121637e-09,56.77309958206999,1e-08,53.43479323645303,screened_water_cap_0.25,conservative_site_selection,legacy_stress,central,uniform_google_ai_2024,portfolio_mean,central,gentd26_hourly_service_demand.csv,gentd26_aligned_regional_hourly_cef.csv,capacity_scenarios.csv,energy_calibration_bounds.csv,trace_timestamp_anonymized,single_row_default,0.15,20.0,carbon,211.9472222222222,211.9472222022222,2e-08,0.9999999999056369,0.14963807815202151,56.92722900944694,75.99991104840402,54.38428295853623,65.46631336086396,1.8740601999551265,0.028626328622247538,0.0,,,1e-08,True,True,0,787,4.440892098500626e-16,0.0,0.0,0.0,1e-08,1.018152777777778,0,0.0,552,3,2.220446049250313e-16,0.0,180.23184720222224,6.0127291666666665,0.05454166666666663,25.64810416666667
scenario_coarse,0.5,3.7481203999102535,7.496240799820507,0.5,3.7481203999102535,0.4650130626715949,0.8702439637295445,-5.061011824432427,-9.999979511121637e-09,56.77309958206999,1e-08,53.43479323645303,screened_water_cap_0.50,conservative_site_selection,legacy_stress,central,uniform_google_ai_2024,portfolio_mean,central,gentd26_hourly_service_demand.csv,gentd26_aligned_regional_hourly_cef.csv,capacity_scenarios.csv,energy_calibration_bounds.csv,trace_timestamp_anonymized,single_row_default,0.15,20.0,carbon,211.9472222222222,211.9472222022222,2e-08,0.9999999999056369,0.15000000001415448,56.92722900944695,75.99785072753109,53.89980629912463,65.46631336086396,3.7481203999102535,0.05725265724449508,0.0,,,1e-08,True,True,0,809,4.440892098500626e-16,0.0,0.0,0.0,1e-08,1.018152777777778,0,0.0,554,3,0.0,0.0,180.1551388688889,10.769708333333329,1.3648333333333333,19.65754166666666
scenario_coarse,0.75,5.622180599865381,7.496240799820507,0.7499999999999998,1.874060199955128,0.13856548279269987,0.25931696260064196,-5.6360158004034595,-9.999979511121637e-09,56.77309958206999,1e-08,53.43479323645303,screened_water_cap_0.75,conservative_site_selection,legacy_stress,central,uniform_google_ai_2024,portfolio_mean,central,gentd26_hourly_service_demand.csv,gentd26_aligned_regional_hourly_cef.csv,capacity_scenarios.csv,energy_calibration_bounds.csv,trace_timestamp_anonymized,single_row_default,0.15,20.0,carbon,211.9472222222222,211.9472222022222,2e-08,0.9999999999056369,0.15000000001415448,56.92722900944695,75.99785072753109,53.57335871924573,65.46631336086396,5.622180599865379,0.0858789858667426,0.0,,,1e-08,True,True,0,838,4.440892098500626e-16,0.0,0.0,0.0,1e-08,1.018152777777778,0,0.0,554,3,1.7763568394002505e-15,0.0,180.1551388688889,15.609437499999995,2.5923750000000005,13.590270833333326
scenario_coarse,1.0,7.496240799820507,7.496240799820507,0.9999999999999998,1.7763568394002505e-15,0.0,0.0,-5.880084705946298,-9.999979511121637e-09,56.77309958206999,1e-08,53.43479323645303,screened_water_cap_1.00,conservative_site_selection,legacy_stress,central,uniform_google_ai_2024,portfolio_mean,central,gentd26_hourly_service_demand.csv,gentd26_aligned_regional_hourly_cef.csv,capacity_scenarios.csv,energy_calibration_bounds.csv,trace_timestamp_anonymized,single_row_default,0.15,20.0,carbon,211.9472222222222,211.9472222022222,2e-08,0.9999999999056369,0.15000000001415445,56.92722900944694,75.9978507275311,53.43479323645303,65.46631336086396,7.496240799820505,0.11450531448899014,0.0,,,1e-08,True,True,0,852,4.440892098500626e-16,0.0,0.0,0.0,1e-08,1.018152777777778,0,0.0,554,3,1.7763568394002505e-15,0.0,180.15513886888897,19.913791666666672,4.355291666666667,7.523
scenario_coarse,0.0,0.0,7.496240799820507,0.0,7.496240799820507,1.6175408402773783,3.0271303439308506,-3.030952190397984,-9.999979511121637e-09,56.77309958206999,1e-08,53.43479323645303,screened_water_cap_0.00,conservative_site_selection,legacy_stress,central,uniform_google_ai_2024,portfolio_mean,central,gentd26_hourly_service_demand.csv,gentd26_aligned_regional_hourly_cef.csv,capacity_scenarios.csv,energy_calibration_bounds.csv,trace_timestamp_anonymized,single_row_default,0.15,35.0,carbon,211.9472222222222,211.9472222022222,2e-08,0.9999999999056369,0.14963807815202151,56.92722900944694,75.99991104840402,55.05233407673041,65.46631336086396,0.0,0.0,0.0,,,1e-08,True,True,0,0,4.440892098500626e-16,0.0,0.0,0.0,1e-08,1.018152777777778,0,0.0,552,3,0.0,0.0,180.23184720222224,0.0,0.0,31.715375000000012
scenario_coarse,0.25,1.8740601999551267,7.496240799820507,0.24999999999999997,5.622180599865381,0.9494897220832001,1.7769128774984377,-4.20765581079563,-9.999979511121637e-09,56.77309958206999,1e-08,53.43479323645303,screened_water_cap_0.25,conservative_site_selection,legacy_stress,central,uniform_google_ai_2024,portfolio_mean,central,gentd26_hourly_service_demand.csv,gentd26_aligned_regional_hourly_cef.csv,capacity_scenarios.csv,energy_calibration_bounds.csv,trace_timestamp_anonymized,single_row_default,0.15,35.0,carbon,211.9472222222222,211.9472222022222,2e-08,0.9999999999056369,0.14963807815202151,56.92722900944694,75.99991104840402,54.38428295853623,65.46631336086396,1.8740601999551265,0.028626328622247538,0.0,,,1e-08,True,True,0,787,4.440892098500626e-16,0.0,0.0,0.0,1e-08,1.018152777777778,0,0.0,552,3,2.220446049250313e-16,0.0,180.23184720222224,6.0127291666666665,0.05454166666666663,25.64810416666667
scenario_coarse,0.5,3.7481203999102535,7.496240799820507,0.5,3.7481203999102535,0.4650130626715949,0.8702439637295445,-5.061011824432427,-9.999979511121637e-09,56.77309958206999,1e-08,53.43479323645303,screened_water_cap_0.50,conservative_site_selection,legacy_stress,central,uniform_google_ai_2024,portfolio_mean,central,gentd26_hourly_service_demand.csv,gentd26_aligned_regional_hourly_cef.csv,capacity_scenarios.csv,energy_calibration_bounds.csv,trace_timestamp_anonymized,single_row_default,0.15,35.0,carbon,211.9472222222222,211.9472222022222,2e-08,0.9999999999056369,0.15000000001415448,56.92722900944695,75.99785072753109,53.89980629912463,65.46631336086396,3.7481203999102535,0.05725265724449508,0.0,,,1e-08,True,True,0,809,4.440892098500626e-16,0.0,0.0,0.0,1e-08,1.018152777777778,0,0.0,554,3,0.0,0.0,180.1551388688889,10.769708333333329,1.3648333333333333,19.65754166666666
scenario_coarse,0.75,5.622180599865381,7.496240799820507,0.7499999999999998,1.874060199955128,0.13856548279269987,0.25931696260064196,-5.6360158004034595,-9.999979511121637e-09,56.77309958206999,1e-08,53.43479323645303,screened_water_cap_0.75,conservative_site_selection,legacy_stress,central,uniform_google_ai_2024,portfolio_mean,central,gentd26_hourly_service_demand.csv,gentd26_aligned_regional_hourly_cef.csv,capacity_scenarios.csv,energy_calibration_bounds.csv,trace_timestamp_anonymized,single_row_default,0.15,35.0,carbon,211.9472222222222,211.9472222022222,2e-08,0.9999999999056369,0.15000000001415448,56.92722900944695,75.99785072753109,53.57335871924573,65.46631336086396,5.622180599865379,0.0858789858667426,0.0,,,1e-08,True,True,0,838,4.440892098500626e-16,0.0,0.0,0.0,1e-08,1.018152777777778,0,0.0,554,3,1.7763568394002505e-15,0.0,180.1551388688889,15.609437499999995,2.5923750000000005,13.590270833333326
scenario_coarse,1.0,7.496240799820507,7.496240799820507,0.9999999999999998,1.7763568394002505e-15,0.0,0.0,-5.880084705946298,-9.999979511121637e-09,56.77309958206999,1e-08,53.43479323645303,screened_water_cap_1.00,conservative_site_selection,legacy_stress,central,uniform_google_ai_2024,portfolio_mean,central,gentd26_hourly_service_demand.csv,gentd26_aligned_regional_hourly_cef.csv,capacity_scenarios.csv,energy_calibration_bounds.csv,trace_timestamp_anonymized,single_row_default,0.15,35.0,carbon,211.9472222222222,211.9472222022222,2e-08,0.9999999999056369,0.15000000001415445,56.92722900944694,75.9978507275311,53.43479323645303,65.46631336086396,7.496240799820505,0.11450531448899014,0.0,,,1e-08,True,True,0,852,4.440892098500626e-16,0.0,0.0,0.0,1e-08,1.018152777777778,0,0.0,554,3,1.7763568394002505e-15,0.0,180.15513886888897,19.913791666666672,4.355291666666667,7.523
scenario_coarse,0.0,0.0,19.613047167407203,0.0,19.613047167407203,5.740115662529163,11.247854273815339,-5.017486426339701e-09,-1.0000007932831068e-08,56.77309958206999,1e-08,51.032983916692245,screened_water_cap_0.00,conservative_site_selection,legacy_stress,central,uniform_google_ai_2024,portfolio_mean,central,gentd26_hourly_service_demand.csv,gentd26_aligned_regional_hourly_cef.csv,capacity_scenarios.csv,energy_calibration_bounds.csv,trace_timestamp_anonymized,single_row_default,0.3,15.0,carbon,211.9472222222222,211.94722220222218,2e-08,0.9999999999056368,0.0,56.92722900944693,76.85175916275338,56.77309957922141,65.46631336086396,0.0,0.0,0.0,,,1e-08,True,True,0,0,0.0,0.0,0.0,0.0,1e-08,0.4919444444444445,0,0.0,184,1,0.0,0.0,211.94722220222224,0.0,0.0,0.0
scenario_coarse,0.25,4.903261791851801,19.613047167407203,0.25,14.709785375555402,3.474927208464173,6.809178969696839,-3.989897457754732,-9.999979511121637e-09,56.77309958206999,1e-08,51.032983916692245,screened_water_cap_0.25,conservative_site_selection,legacy_stress,central,uniform_google_ai_2024,portfolio_mean,central,gentd26_hourly_service_demand.csv,gentd26_aligned_regional_hourly_cef.csv,capacity_scenarios.csv,energy_calibration_bounds.csv,trace_timestamp_anonymized,single_row_default,0.3,15.0,carbon,211.9472222222222,211.9472222022222,2e-08,0.9999999999056369,0.07489747841495212,56.92722900944693,76.42538857215757,54.50791112515642,65.46631336086396,4.903261791851801,0.07489747841495213,0.0,,,1e-08,True,True,0,1,2.220446049250313e-16,0.0,0.0,0.0,1e-08,0.4919444444444445,0,0.0,290,1,0.0,0.0,196.07290970222226,15.874312499999998,0.0,0.0
scenario_coarse,0.5,9.806523583703601,19.613047167407203,0.5000000000000001,9.8065235837036,1.7750891635191834,3.478317408241094,-6.983988070136638,-9.999979511121637e-09,56.77309958206999,1e-08,51.032983916692245,screened_water_cap_0.50,conservative_site_selection,legacy_stress,central,uniform_google_ai_2024,portfolio_mean,central,gentd26_hourly_service_demand.csv,gentd26_aligned_regional_hourly_cef.csv,capacity_scenarios.csv,energy_calibration_bounds.csv,trace_timestamp_anonymized,single_row_default,0.3,15.0,carbon,211.9472222222222,211.9472222022222,2e-08,0.9999999999056369,0.14979495682990426,56.92722900944693,75.99901798156176,52.80807308021143,65.46631336086396,9.806523583703603,0.1497949568299043,0.0,,,1e-08,True,True,0,1,2.220446049250313e-16,0.0,0.0,0.0,1e-08,0.4919444444444445,0,0.0,370,1,-1.7763568394002505e-15,1.7763568394002505e-15,180.1985972022222,31.748625000000015,0.0,0.0
scenario_coarse,0.75,14.709785375555402,19.613047167407203,0.7500000000000001,4.903261791851799,0.5981908958561775,1.1721652350030753,-9.056973826289871,-1.0000007932831068e-08,56.77309958206999,1e-08,51.032983916692245,screened_water_cap_0.75,conservative_site_selection,legacy_stress,central,uniform_google_ai_2024,portfolio_mean,central,gentd26_hourly_service_demand.csv,gentd26_aligned_regional_hourly_cef.csv,capacity_scenarios.csv,energy_calibration_bounds.csv,trace_timestamp_anonymized,single_row_default,0.3,15.0,carbon,211.9472222222222,211.94722220222218,2e-08,0.9999999999056368,0.22469243524485644,56.92722900944693,75.57264739096595,51.63117481254842,65.46631336086396,14.709785375555404,0.2246924352448564,0.0,,,1e-08,True,True,0,1,2.220446049250313e-16,0.0,0.0,0.0,1e-08,0.4919444444444445,0,0.0,453,1,-1.7763568394002505e-15,1.7763568394002505e-15,164.32428470222217,47.62293750000002,0.0,0.0
scenario_coarse,1.0,19.613047167407203,19.613047167407203,1.0,0.0,0.0,0.0,-10.110625820385156,-1.0000007932831068e-08,56.77309958206999,1e-08,51.032983916692245,screened_water_cap_1.00,conservative_site_selection,legacy_stress,central,uniform_google_ai_2024,portfolio_mean,central,gentd26_hourly_service_demand.csv,gentd26_aligned_regional_hourly_cef.csv,capacity_scenarios.csv,energy_calibration_bounds.csv,trace_timestamp_anonymized,single_row_default,0.3,15.0,carbon,211.9472222222222,211.94722220222218,2e-08,0.9999999999056368,0.2995899136598085,56.92722900944693,75.14627680037013,51.032983916692245,65.46631336086396,19.613047167407203,0.2995899136598085,0.0,,,1e-08,True,True,0,0,4.440892098500626e-16,0.0,0.0,0.0,1e-08,0.9475833333333334,0,0.0,552,1,0.0,0.0,148.4499722022222,63.49725000000003,0.0,0.0
scenario_coarse,0.0,0.0,14.992481599641014,0.0,14.992481599641014,3.2350816805547495,6.457701689582107,-6.061904375778493,-1.0000007932831068e-08,56.77309958206999,1e-08,50.096486893684656,screened_water_cap_0.00,conservative_site_selection,legacy_stress,central,uniform_google_ai_2024,portfolio_mean,central,gentd26_hourly_service_demand.csv,gentd26_aligned_regional_hourly_cef.csv,capacity_scenarios.csv,energy_calibration_bounds.csv,trace_timestamp_anonymized,single_row_default,0.3,20.0,carbon,211.9472222222222,211.94722220222218,2e-08,0.9999999999056368,0.29927615630404303,56.92722900944693,75.14806293405464,53.331568574239405,65.46631336086396,0.0,0.0,0.0,,,1e-08,True,True,0,0,4.440892098500626e-16,0.0,0.0,0.0,1e-08,0.9475833333333334,0,0.0,552,3,0.0,0.0,148.5164722022222,0.0,0.0,63.430750000000025
scenario_coarse,0.25,3.7481203999102535,14.992481599641014,0.24999999999999997,11.244361199730761,1.8989794441664145,3.790643939157756,-8.415311616573751,-9.999979511121637e-09,56.77309958206999,1e-08,50.096486893684656,screened_water_cap_0.25,conservative_site_selection,legacy_stress,central,uniform_google_ai_2024,portfolio_mean,central,gentd26_hourly_service_demand.csv,gentd26_aligned_regional_hourly_cef.csv,capacity_scenarios.csv,energy_calibration_bounds.csv,trace_timestamp_anonymized,single_row_default,0.3,20.0,carbon,211.9472222222222,211.9472222022222,2e-08,0.9999999999056369,0.29927615630404303,56.92722900944694,75.14806293405464,51.99546633785107,65.46631336086396,3.748120399910253,0.057252657244495075,0.0,,,1e-08,True,True,0,773,4.440892098500626e-16,0.0,0.0,0.0,1e-08,0.9475833333333334,0,0.0,552,3,4.440892098500626e-16,0.0,148.5164722022222,12.025458333333333,0.10908333333333325,51.29620833333334
scenario_coarse,0.5,7.496240799820507,14.992481599641014,0.5,7.496240799820507,0.9300261253431898,1.8564697506970873,-10.122023643847378,-9.999979511121637e-09,56.77309958206999,1e-08,50.096486893684656,screened_water_cap_0.50,conservative_site_selection,legacy_stress,central,uniform_google_ai_2024,portfolio_mean,central,gentd26_hourly_service_demand.csv,gentd26_aligned_regional_hourly_cef.csv,capacity_scenarios.csv,energy_calibration_bounds.csv,trace_timestamp_anonymized,single_row_default,0.3,20.0,carbon,211.9472222222222,211.9472222022222,2e-08,0.9999999999056369,0.30000000002830896,56.92722900944693,75.14394229230881,51.026513019027846,65.46631336086396,7.496240799820507,0.11450531448899016,0.0,,,1e-08,True,True,0,788,4.440892098500626e-16,0.0,0.0,0.0,1e-08,0.9475833333333334,0,0.0,554,3,0.0,0.0,148.36305553555553,21.539416666666657,2.7296666666666667,39.31508333333332
scenario_coarse,0.75,11.244361199730761,14.992481599641014,0.7499999999999998,3.748120399910256,0.27713096558540684,0.5531944109644638,-11.272031595789434,-1.0000007932831068e-08,56.77309958206999,1e-08,50.096486893684656,screened_water_cap_0.75,conservative_site_selection,legacy_stress,central,uniform_google_ai_2024,portfolio_mean,central,gentd26_hourly_service_demand.csv,gentd26_aligned_regional_hourly_cef.csv,capacity_scenarios.csv,energy_calibration_bounds.csv,trace_timestamp_anonymized,single_row_default,0.3,20.0,carbon,211.9472222222222,211.94722220222218,2e-08,0.9999999999056368,0.30000000002830896,56.92722900944693,75.14394229230881,50.37361785927006,65.46631336086396,11.244361199730758,0.1717579717334852,0.0,,,1e-08,True,True,0,808,4.440892098500626e-16,0.0,0.0,0.0,1e-08,0.9475833333333334,0,0.0,554,3,3.552713678800501e-15,0.0,148.36305553555553,31.21887499999999,5.184750000000001,27.180541666666652
scenario_coarse,1.0,14.992481599641014,14.992481599641014,0.9999999999999998,3.552713678800501e-15,0.0,0.0,-11.760169406875109,-1.0000007932831068e-08,56.77309958206999,1e-08,50.096486893684656,screened_water_cap_1.00,conservative_site_selection,legacy_stress,central,uniform_google_ai_2024,portfolio_mean,central,gentd26_hourly_service_demand.csv,gentd26_aligned_regional_hourly_cef.csv,capacity_scenarios.csv,energy_calibration_bounds.csv,trace_timestamp_anonymized,single_row_default,0.3,20.0,carbon,211.9472222222222,211.94722220222218,2e-08,0.9999999999056368,0.30000000002830896,56.92722900944693,75.14394229230881,50.096486893684656,65.46631336086396,14.99248159964101,0.22901062897798027,0.0,,,1e-08,True,True,0,819,4.440892098500626e-16,0.0,0.0,0.0,1e-08,0.9475833333333334,0,0.0,554,3,3.552713678800501e-15,0.0,148.36305553555553,39.827583333333344,8.710583333333334,15.046
scenario_coarse,0.0,0.0,14.992481599641014,0.0,14.992481599641014,3.2350816805547495,6.457701689582107,-6.061904375778493,-1.0000007932831068e-08,56.77309958206999,1e-08,50.096486893684656,screened_water_cap_0.00,conservative_site_selection,legacy_stress,central,uniform_google_ai_2024,portfolio_mean,central,gentd26_hourly_service_demand.csv,gentd26_aligned_regional_hourly_cef.csv,capacity_scenarios.csv,energy_calibration_bounds.csv,trace_timestamp_anonymized,single_row_default,0.3,35.0,carbon,211.9472222222222,211.94722220222218,2e-08,0.9999999999056368,0.29927615630404303,56.92722900944693,75.14806293405464,53.331568574239405,65.46631336086396,0.0,0.0,0.0,,,1e-08,True,True,0,0,4.440892098500626e-16,0.0,0.0,0.0,1e-08,0.9475833333333334,0,0.0,552,3,0.0,0.0,148.5164722022222,0.0,0.0,63.430750000000025
scenario_coarse,0.25,3.7481203999102535,14.992481599641014,0.24999999999999997,11.244361199730761,1.8989794441664145,3.790643939157756,-8.415311616573751,-9.999979511121637e-09,56.77309958206999,1e-08,50.096486893684656,screened_water_cap_0.25,conservative_site_selection,legacy_stress,central,uniform_google_ai_2024,portfolio_mean,central,gentd26_hourly_service_demand.csv,gentd26_aligned_regional_hourly_cef.csv,capacity_scenarios.csv,energy_calibration_bounds.csv,trace_timestamp_anonymized,single_row_default,0.3,35.0,carbon,211.9472222222222,211.9472222022222,2e-08,0.9999999999056369,0.29927615630404303,56.92722900944694,75.14806293405464,51.99546633785107,65.46631336086396,3.748120399910253,0.057252657244495075,0.0,,,1e-08,True,True,0,773,4.440892098500626e-16,0.0,0.0,0.0,1e-08,0.9475833333333334,0,0.0,552,3,4.440892098500626e-16,0.0,148.5164722022222,12.025458333333333,0.10908333333333325,51.29620833333334
scenario_coarse,0.5,7.496240799820507,14.992481599641014,0.5,7.496240799820507,0.9300261253431898,1.8564697506970873,-10.122023643847378,-9.999979511121637e-09,56.77309958206999,1e-08,50.096486893684656,screened_water_cap_0.50,conservative_site_selection,legacy_stress,central,uniform_google_ai_2024,portfolio_mean,central,gentd26_hourly_service_demand.csv,gentd26_aligned_regional_hourly_cef.csv,capacity_scenarios.csv,energy_calibration_bounds.csv,trace_timestamp_anonymized,single_row_default,0.3,35.0,carbon,211.9472222222222,211.9472222022222,2e-08,0.9999999999056369,0.30000000002830896,56.92722900944693,75.14394229230881,51.026513019027846,65.46631336086396,7.496240799820507,0.11450531448899016,0.0,,,1e-08,True,True,0,788,4.440892098500626e-16,0.0,0.0,0.0,1e-08,0.9475833333333334,0,0.0,554,3,0.0,0.0,148.36305553555553,21.539416666666657,2.7296666666666667,39.31508333333332
scenario_coarse,0.75,11.244361199730761,14.992481599641014,0.7499999999999998,3.748120399910256,0.27713096558540684,0.5531944109644638,-11.272031595789434,-1.0000007932831068e-08,56.77309958206999,1e-08,50.096486893684656,screened_water_cap_0.75,conservative_site_selection,legacy_stress,central,uniform_google_ai_2024,portfolio_mean,central,gentd26_hourly_service_demand.csv,gentd26_aligned_regional_hourly_cef.csv,capacity_scenarios.csv,energy_calibration_bounds.csv,trace_timestamp_anonymized,single_row_default,0.3,35.0,carbon,211.9472222222222,211.94722220222218,2e-08,0.9999999999056368,0.30000000002830896,56.92722900944693,75.14394229230881,50.37361785927006,65.46631336086396,11.244361199730758,0.1717579717334852,0.0,,,1e-08,True,True,0,808,4.440892098500626e-16,0.0,0.0,0.0,1e-08,0.9475833333333334,0,0.0,554,3,3.552713678800501e-15,0.0,148.36305553555553,31.21887499999999,5.184750000000001,27.180541666666652
scenario_coarse,1.0,14.992481599641014,14.992481599641014,0.9999999999999998,3.552713678800501e-15,0.0,0.0,-11.760169406875109,-1.0000007932831068e-08,56.77309958206999,1e-08,50.096486893684656,screened_water_cap_1.00,conservative_site_selection,legacy_stress,central,uniform_google_ai_2024,portfolio_mean,central,gentd26_hourly_service_demand.csv,gentd26_aligned_regional_hourly_cef.csv,capacity_scenarios.csv,energy_calibration_bounds.csv,trace_timestamp_anonymized,single_row_default,0.3,35.0,carbon,211.9472222222222,211.94722220222218,2e-08,0.9999999999056368,0.30000000002830896,56.92722900944693,75.14394229230881,50.096486893684656,65.46631336086396,14.99248159964101,0.22901062897798027,0.0,,,1e-08,True,True,0,819,4.440892098500626e-16,0.0,0.0,0.0,1e-08,0.9475833333333334,0,0.0,554,3,3.552713678800501e-15,0.0,148.36305553555553,39.827583333333344,8.710583333333334,15.046
scenario_coarse,0.0,0.0,32.688411945678666,0.0,32.688411945678666,9.566859437548615,20.26609068808929,-5.017486426339701e-09,-1.0000007932831068e-08,56.77309958206999,1e-08,47.206240141672794,screened_water_cap_0.00,conservative_site_selection,legacy_stress,central,uniform_google_ai_2024,portfolio_mean,central,gentd26_hourly_service_demand.csv,gentd26_aligned_regional_hourly_cef.csv,capacity_scenarios.csv,energy_calibration_bounds.csv,trace_timestamp_anonymized,single_row_default,0.5,15.0,carbon,211.9472222222222,211.94722220222218,2e-08,0.9999999999056368,0.0,56.92722900944693,76.85175916275338,56.77309957922141,65.46631336086396,0.0,0.0,0.0,,,1e-08,True,True,0,0,0.0,0.0,0.0,0.0,1e-08,0.4919444444444445,0,0.0,184,1,0.0,0.0,211.94722220222224,0.0,0.0,0.0
scenario_coarse,0.25,8.172102986419667,32.688411945678666,0.24999999999999983,24.516308959259007,5.791545347440298,12.268601206236784,-6.649829092912896,-9.999979511121637e-09,56.77309958206999,1e-08,47.206240141672794,screened_water_cap_0.25,conservative_site_selection,legacy_stress,central,uniform_google_ai_2024,portfolio_mean,central,gentd26_hourly_service_demand.csv,gentd26_aligned_regional_hourly_cef.csv,capacity_scenarios.csv,energy_calibration_bounds.csv,trace_timestamp_anonymized,single_row_default,0.5,15.0,carbon,211.9472222222222,211.9472222022222,2e-08,0.9999999999056369,0.1248291306915868,56.92722900944694,76.14114151176037,52.99778548911309,65.46631336086396,8.172102986419661,0.12482913069158677,0.0,,,1e-08,True,True,0,1,0.0,0.0,0.0,0.0,1e-08,0.4919444444444445,0,0.0,290,1,5.329070518200751e-15,0.0,185.49003470222223,26.45718749999998,0.0,0.0
scenario_coarse,0.5,16.344205972839333,32.688411945678666,0.5,16.344205972839333,2.95848193919867,6.267141653984387,-11.639980113549363,-1.0000007932831068e-08,56.77309958206999,1e-08,47.206240141672794,screened_water_cap_0.50,conservative_site_selection,legacy_stress,central,uniform_google_ai_2024,portfolio_mean,central,gentd26_hourly_service_demand.csv,gentd26_aligned_regional_hourly_cef.csv,capacity_scenarios.csv,energy_calibration_bounds.csv,trace_timestamp_anonymized,single_row_default,0.5,15.0,carbon,211.9472222222222,211.94722220222218,2e-08,0.9999999999056368,0.24965826138317374,56.92722900944693,75.43052386076735,50.164722080871464,65.46631336086396,16.344205972839333,0.2496582613831737,0.0,,,1e-08,True,True,0,1,0.0,0.0,0.0,0.0,1e-08,0.4919444444444445,0,0.0,370,1,0.0,0.0,159.03284720222229,52.914375000000014,0.0,0.0
scenario_coarse,0.75,24.516308959259,32.688411945678666,0.7500000000000004,8.172102986419652,0.9969848264269743,2.1119767713651427,-15.094956373804802,-1.0000007932831068e-08,56.77309958206999,1e-08,47.206240141672794,screened_water_cap_0.75,conservative_site_selection,legacy_stress,central,uniform_google_ai_2024,portfolio_mean,central,gentd26_hourly_service_demand.csv,gentd26_aligned_regional_hourly_cef.csv,capacity_scenarios.csv,energy_calibration_bounds.csv,trace_timestamp_anonymized,single_row_default,0.5,15.0,carbon,211.9472222222222,211.94722220222218,2e-08,0.9999999999056368,0.3744873920747609,56.92722900944693,74.71990620977432,48.20322496809977,65.46631336086396,24.516308959259014,0.3744873920747608,0.0,,,1e-08,True,True,0,1,0.0,0.0,0.0,0.0,1e-08,0.4241666666666666,0,0.0,453,1,-1.4210854715202004e-14,1.4210854715202004e-14,132.57565970222223,79.37156250000007,0.0,0.0
scenario_coarse,1.0,32.688411945678666,32.688411945678666,1.0,0.0,0.0,0.0,-16.851043030630287,-1.0000007932831068e-08,56.77309958206999,1e-08,47.206240141672794,screened_water_cap_1.00,conservative_site_selection,legacy_stress,central,uniform_google_ai_2024,portfolio_mean,central,gentd26_hourly_service_demand.csv,gentd26_aligned_regional_hourly_cef.csv,capacity_scenarios.csv,energy_calibration_bounds.csv,trace_timestamp_anonymized,single_row_default,0.5,15.0,carbon,211.9472222222222,211.94722220222218,2e-08,0.9999999999056368,0.4993165227663475,56.92722900944693,74.00928855878132,47.206240141672794,65.46631336086396,32.688411945678666,0.4993165227663474,0.0,,,1e-08,True,True,0,0,0.0,0.0,0.0,0.0,1e-08,0.24597222222222226,0,0.0,552,1,0.0,0.0,106.11847220222222,105.82875,0.0,0.0
scenario_coarse,0.0,0.0,24.98746933273502,0.0,24.98746933273502,5.3918028009246015,11.812365343736664,-10.103173956285827,-1.0000007932831068e-08,56.77309958206999,1e-08,45.64541176999347,screened_water_cap_0.00,conservative_site_selection,legacy_stress,central,uniform_google_ai_2024,portfolio_mean,central,gentd26_hourly_service_demand.csv,gentd26_aligned_regional_hourly_cef.csv,capacity_scenarios.csv,energy_calibration_bounds.csv,trace_timestamp_anonymized,single_row_default,0.5,20.0,carbon,211.9472222222222,211.94722220222218,2e-08,0.9999999999056368,0.4987935938400718,56.92722900944693,74.01226544825549,51.037214570918074,65.46631336086396,0.0,0.0,0.0,,,1e-08,True,True,0,0,0.0,0.0,0.0,0.0,1e-08,0.24597222222222226,0,0.0,552,3,0.0,0.0,106.22930553555555,0.0,0.0,105.71791666666667
scenario_coarse,0.25,6.246867333183755,24.98746933273502,0.24999999999999997,18.740601999551266,3.164965740277381,6.933809155289472,-14.025519357611248,-9.999979511121637e-09,56.77309958206999,1e-08,45.64541176999347,screened_water_cap_0.25,conservative_site_selection,legacy_stress,central,uniform_google_ai_2024,portfolio_mean,central,gentd26_hourly_service_demand.csv,gentd26_aligned_regional_hourly_cef.csv,capacity_scenarios.csv,energy_calibration_bounds.csv,trace_timestamp_anonymized,single_row_default,0.5,20.0,carbon,211.9472222222222,211.9472222022222,2e-08,0.9999999999056369,0.49879359384007177,56.92722900944693,74.01226544825549,48.810377510270854,65.46631336086396,6.246867333183754,0.09542109540749179,0.0,,,1e-08,True,True,0,775,0.0,0.0,0.0,0.0,1e-08,0.24597222222222226,0,0.0,552,3,8.881784197001252e-16,0.0,106.22930553555555,20.042430555555548,0.1818055555555554,85.49368055555558
scenario_coarse,0.5,12.49373466636751,24.98746933273502,0.5,12.49373466636751,1.5500435422386687,3.395836475414682,-16.870039403067306,-9.999979511121637e-09,56.77309958206999,1e-08,45.64541176999347,screened_water_cap_0.50,conservative_site_selection,legacy_stress,central,uniform_google_ai_2024,portfolio_mean,central,gentd26_hourly_service_demand.csv,gentd26_aligned_regional_hourly_cef.csv,capacity_scenarios.csv,energy_calibration_bounds.csv,trace_timestamp_anonymized,single_row_default,0.5,20.0,carbon,211.9472222222222,211.9472222022222,2e-08,0.9999999999056369,0.5000000000471816,56.92722900944693,74.00539771201244,47.19545531223214,65.46631336086396,12.49373466636751,0.1908421908149836,0.0,,,1e-08,True,True,0,775,0.0,0.0,0.0,0.0,1e-08,0.24597222222222226,0,0.0,554,3,0.0,0.0,105.97361109111111,35.899027777777775,4.549444444444444,65.52513888888889
scenario_coarse,0.75,18.740601999551266,24.98746933273502,0.75,6.246867333183754,0.4618849426423566,1.0118978550786029,-18.786719322970736,-9.999979511121637e-09,56.77309958206999,1e-08,45.64541176999347,screened_water_cap_0.75,conservative_site_selection,legacy_stress,central,uniform_google_ai_2024,portfolio_mean,central,gentd26_hourly_service_demand.csv,gentd26_aligned_regional_hourly_cef.csv,capacity_scenarios.csv,energy_calibration_bounds.csv,trace_timestamp_anonymized,single_row_default,0.5,20.0,carbon,211.9472222222222,211.9472222022222,2e-08,0.9999999999056369,0.5000000000471816,56.92722900944693,74.00539771201244,46.10729671263583,65.46631336086396,18.740601999551266,0.2862632862224754,0.0,,,1e-08,True,True,0,789,0.0,0.0,0.0,0.0,1e-08,0.24597222222222226,0,0.0,554,3,0.0,0.0,105.97361109111111,52.03145833333334,8.64125,45.30090277777776
scenario_coarse,1.0,24.98746933273502,24.98746933273502,1.0000000000000007,-1.7763568394002505e-14,0.0,0.0,-19.600282341446885,-9.999979511121637e-09,56.77309958206999,1e-08,45.64541176999347,screened_water_cap_1.00,conservative_site_selection,legacy_stress,central,uniform_google_ai_2024,portfolio_mean,central,gentd26_hourly_service_demand.csv,gentd26_aligned_regional_hourly_cef.csv,capacity_scenarios.csv,energy_calibration_bounds.csv,trace_timestamp_anonymized,single_row_default,0.5,20.0,carbon,211.9472222222222,211.9472222022222,2e-08,0.9999999999056369,0.5000000000471815,56.92722900944693,74.00539771201244,45.64541176999347,65.46631336086396,24.98746933273504,0.38168438162996743,0.0,,,1e-08,True,True,0,795,0.0,0.0,0.0,0.0,1e-08,0.24597222222222226,0,0.0,554,3,-1.7763568394002505e-14,1.7763568394002505e-14,105.97361109111111,66.37930555555566,14.51763888888889,25.076666666666615
scenario_coarse,0.0,0.0,24.98746933273502,0.0,24.98746933273502,5.3918028009246015,11.812365343736664,-10.103173956285827,-1.0000007932831068e-08,56.77309958206999,1e-08,45.64541176999347,screened_water_cap_0.00,conservative_site_selection,legacy_stress,central,uniform_google_ai_2024,portfolio_mean,central,gentd26_hourly_service_demand.csv,gentd26_aligned_regional_hourly_cef.csv,capacity_scenarios.csv,energy_calibration_bounds.csv,trace_timestamp_anonymized,single_row_default,0.5,35.0,carbon,211.9472222222222,211.94722220222218,2e-08,0.9999999999056368,0.4987935938400718,56.92722900944693,74.01226544825549,51.037214570918074,65.46631336086396,0.0,0.0,0.0,,,1e-08,True,True,0,0,0.0,0.0,0.0,0.0,1e-08,0.24597222222222226,0,0.0,552,3,0.0,0.0,106.22930553555555,0.0,0.0,105.71791666666667
scenario_coarse,0.25,6.246867333183755,24.98746933273502,0.24999999999999997,18.740601999551266,3.164965740277381,6.933809155289472,-14.025519357611248,-9.999979511121637e-09,56.77309958206999,1e-08,45.64541176999347,screened_water_cap_0.25,conservative_site_selection,legacy_stress,central,uniform_google_ai_2024,portfolio_mean,central,gentd26_hourly_service_demand.csv,gentd26_aligned_regional_hourly_cef.csv,capacity_scenarios.csv,energy_calibration_bounds.csv,trace_timestamp_anonymized,single_row_default,0.5,35.0,carbon,211.9472222222222,211.9472222022222,2e-08,0.9999999999056369,0.49879359384007177,56.92722900944693,74.01226544825549,48.810377510270854,65.46631336086396,6.246867333183754,0.09542109540749179,0.0,,,1e-08,True,True,0,775,0.0,0.0,0.0,0.0,1e-08,0.24597222222222226,0,0.0,552,3,8.881784197001252e-16,0.0,106.22930553555555,20.042430555555548,0.1818055555555554,85.49368055555558
scenario_coarse,0.5,12.49373466636751,24.98746933273502,0.5,12.49373466636751,1.5500435422386687,3.395836475414682,-16.870039403067306,-9.999979511121637e-09,56.77309958206999,1e-08,45.64541176999347,screened_water_cap_0.50,conservative_site_selection,legacy_stress,central,uniform_google_ai_2024,portfolio_mean,central,gentd26_hourly_service_demand.csv,gentd26_aligned_regional_hourly_cef.csv,capacity_scenarios.csv,energy_calibration_bounds.csv,trace_timestamp_anonymized,single_row_default,0.5,35.0,carbon,211.9472222222222,211.9472222022222,2e-08,0.9999999999056369,0.5000000000471816,56.92722900944693,74.00539771201244,47.19545531223214,65.46631336086396,12.49373466636751,0.1908421908149836,0.0,,,1e-08,True,True,0,775,0.0,0.0,0.0,0.0,1e-08,0.24597222222222226,0,0.0,554,3,0.0,0.0,105.97361109111111,35.899027777777775,4.549444444444444,65.52513888888889
scenario_coarse,0.75,18.740601999551266,24.98746933273502,0.75,6.246867333183754,0.4618849426423566,1.0118978550786029,-18.786719322970736,-9.999979511121637e-09,56.77309958206999,1e-08,45.64541176999347,screened_water_cap_0.75,conservative_site_selection,legacy_stress,central,uniform_google_ai_2024,portfolio_mean,central,gentd26_hourly_service_demand.csv,gentd26_aligned_regional_hourly_cef.csv,capacity_scenarios.csv,energy_calibration_bounds.csv,trace_timestamp_anonymized,single_row_default,0.5,35.0,carbon,211.9472222222222,211.9472222022222,2e-08,0.9999999999056369,0.5000000000471816,56.92722900944693,74.00539771201244,46.10729671263583,65.46631336086396,18.740601999551266,0.2862632862224754,0.0,,,1e-08,True,True,0,789,0.0,0.0,0.0,0.0,1e-08,0.24597222222222226,0,0.0,554,3,0.0,0.0,105.97361109111111,52.03145833333334,8.64125,45.30090277777776
scenario_coarse,1.0,24.98746933273502,24.98746933273502,1.0000000000000007,-1.7763568394002505e-14,0.0,0.0,-19.600282341446885,-9.999979511121637e-09,56.77309958206999,1e-08,45.64541176999347,screened_water_cap_1.00,conservative_site_selection,legacy_stress,central,uniform_google_ai_2024,portfolio_mean,central,gentd26_hourly_service_demand.csv,gentd26_aligned_regional_hourly_cef.csv,capacity_scenarios.csv,energy_calibration_bounds.csv,trace_timestamp_anonymized,single_row_default,0.5,35.0,carbon,211.9472222222222,211.9472222022222,2e-08,0.9999999999056369,0.5000000000471815,56.92722900944693,74.00539771201244,45.64541176999347,65.46631336086396,24.98746933273504,0.38168438162996743,0.0,,,1e-08,True,True,0,795,0.0,0.0,0.0,0.0,1e-08,0.24597222222222226,0,0.0,554,3,-1.7763568394002505e-14,1.7763568394002505e-14,105.97361109111111,66.37930555555566,14.51763888888889,25.076666666666615
scenario_coarse,0.0,0.0,9.806523583703601,0.0,9.806523583703601,2.8700578312645746,5.324482140886544,-5.017486426339701e-09,-1.0000007932831068e-08,56.77309958206999,1e-08,53.903041747956834,screened_water_cap_0.00,conservative_site_selection,legacy_stress,ample,uniform_google_ai_2024,portfolio_mean,central,gentd26_hourly_service_demand.csv,gentd26_aligned_regional_hourly_cef.csv,capacity_scenarios.csv,energy_calibration_bounds.csv,trace_timestamp_anonymized,single_row_default,0.15,15.0,carbon,211.9472222222222,211.94722220222218,2e-08,0.9999999999056368,0.0,56.92722900944693,76.85175916275338,56.77309957922141,65.46631336086396,0.0,0.0,0.0,,,1e-08,True,True,0,0,0.0,0.0,0.0,0.0,1e-08,1.4919444444444445,0,0.0,184,1,0.0,0.0,211.94722220222224,0.0,0.0,0.0
scenario_coarse,0.25,2.4516308959259003,9.806523583703601,0.25,7.354892687777701,1.737463604232083,3.2233127257571548,-1.9949487313861036,-9.999979511121637e-09,56.77309958206999,1e-08,53.903041747956834,screened_water_cap_0.25,conservative_site_selection,legacy_stress,ample,uniform_google_ai_2024,portfolio_mean,central,gentd26_hourly_service_demand.csv,gentd26_aligned_regional_hourly_cef.csv,capacity_scenarios.csv,energy_calibration_bounds.csv,trace_timestamp_anonymized,single_row_default,0.15,15.0,carbon,211.9472222222222,211.9472222022222,2e-08,0.9999999999056369,0.03744873920747606,56.92722900944694,76.63857386745546,55.64050535218892,65.46631336086396,2.4516308959259003,0.037448739207476066,0.0,,,1e-08,True,True,0,1,2.220446049250313e-16,0.0,0.0,0.0,1e-08,1.4919444444444445,0,0.0,290,1,0.0,0.0,204.01006595222222,7.937156249999999,0.0,0.0
scenario_coarse,0.5,4.903261791851801,9.806523583703601,0.5000000000000001,4.9032617918518,0.8875445817595917,1.6465575095179652,-3.491994037577051,-9.999979511121637e-09,56.77309958206999,1e-08,53.903041747956834,screened_water_cap_0.50,conservative_site_selection,legacy_stress,ample,uniform_google_ai_2024,portfolio_mean,central,gentd26_hourly_service_demand.csv,gentd26_aligned_regional_hourly_cef.csv,capacity_scenarios.csv,energy_calibration_bounds.csv,trace_timestamp_anonymized,single_row_default,0.15,15.0,carbon,211.9472222222222,211.9472222022222,2e-08,0.9999999999056369,0.07489747841495213,56.92722900944693,76.42538857215757,54.790586329716426,65.46631336086396,4.9032617918518016,0.07489747841495215,0.0,,,1e-08,True,True,0,1,2.220446049250313e-16,0.0,0.0,0.0,1e-08,1.4919444444444445,0,0.0,370,1,-8.881784197001252e-16,8.881784197001252e-16,196.07290970222223,15.874312500000007,0.0,0.0
scenario_coarse,0.75,7.354892687777701,9.806523583703601,0.7500000000000001,2.4516308959258994,0.2990954479280816,0.5548767532018051,-4.528486915653684,-9.999979511121637e-09,56.77309958206999,1e-08,53.903041747956834,screened_water_cap_0.75,conservative_site_selection,legacy_stress,ample,uniform_google_ai_2024,portfolio_mean,central,gentd26_hourly_service_demand.csv,gentd26_aligned_regional_hourly_cef.csv,capacity_scenarios.csv,energy_calibration_bounds.csv,trace_timestamp_anonymized,single_row_default,0.15,15.0,carbon,211.9472222222222,211.9472222022222,2e-08,0.9999999999056369,0.1123462176224282,56.92722900944694,76.21220327685965,54.202137195884916,65.46631336086396,7.354892687777702,0.1123462176224282,0.0,,,1e-08,True,True,0,1,2.220446049250313e-16,0.0,0.0,0.0,1e-08,1.4919444444444445,0,0.0,453,1,-8.881784197001252e-16,8.881784197001252e-16,188.13575345222225,23.81146875000001,0.0,0.0
scenario_coarse,1.0,9.806523583703601,9.806523583703601,1.0,0.0,0.0,0.0,-5.055312912701304,-9.999979511121637e-09,56.77309958206999,1e-08,53.903041747956834,screened_water_cap_1.00,conservative_site_selection,legacy_stress,ample,uniform_google_ai_2024,portfolio_mean,central,gentd26_hourly_service_demand.csv,gentd26_aligned_regional_hourly_cef.csv,capacity_scenarios.csv,energy_calibration_bounds.csv,trace_timestamp_anonymized,single_row_default,0.15,15.0,carbon,211.9472222222222,211.9472222022222,2e-08,0.9999999999056369,0.14979495682990424,56.92722900944694,75.99901798156175,53.903041747956834,65.46631336086396,9.806523583703601,0.14979495682990426,0.0,,,1e-08,True,True,0,0,4.440892098500626e-16,0.0,0.0,0.0,1e-08,2.018152777777778,0,0.0,552,1,0.0,0.0,180.19859720222226,31.748625000000015,0.0,0.0
scenario_coarse,0.0,0.0,7.496240799820507,0.0,7.496240799820507,1.6175408402773783,3.0271303439308506,-3.030952190397984,-9.999979511121637e-09,56.77309958206999,1e-08,53.43479323645303,screened_water_cap_0.00,conservative_site_selection,legacy_stress,ample,uniform_google_ai_2024,portfolio_mean,central,gentd26_hourly_service_demand.csv,gentd26_aligned_regional_hourly_cef.csv,capacity_scenarios.csv,energy_calibration_bounds.csv,trace_timestamp_anonymized,single_row_default,0.15,20.0,carbon,211.9472222222222,211.9472222022222,2e-08,0.9999999999056369,0.14963807815202151,56.92722900944694,75.99991104840402,55.05233407673041,65.46631336086396,0.0,0.0,0.0,,,1e-08,True,True,0,0,4.440892098500626e-16,0.0,0.0,0.0,1e-08,2.018152777777778,0,0.0,552,3,0.0,0.0,180.23184720222224,0.0,0.0,31.715375000000012
scenario_coarse,0.25,1.8740601999551267,7.496240799820507,0.24999999999999997,5.622180599865381,0.9494897220832001,1.7769128774984377,-4.20765581079563,-9.999979511121637e-09,56.77309958206999,1e-08,53.43479323645303,screened_water_cap_0.25,conservative_site_selection,legacy_stress,ample,uniform_google_ai_2024,portfolio_mean,central,gentd26_hourly_service_demand.csv,gentd26_aligned_regional_hourly_cef.csv,capacity_scenarios.csv,energy_calibration_bounds.csv,trace_timestamp_anonymized,single_row_default,0.15,20.0,carbon,211.9472222222222,211.9472222022222,2e-08,0.9999999999056369,0.14963807815202151,56.92722900944694,75.99991104840402,54.38428295853623,65.46631336086396,1.8740601999551265,0.028626328622247538,0.0,,,1e-08,True,True,0,777,4.440892098500626e-16,0.0,0.0,0.0,1e-08,2.018152777777778,0,0.0,552,3,2.220446049250313e-16,0.0,180.23184720222224,6.0127291666666665,0.05454166666666663,25.64810416666667
scenario_coarse,0.5,3.7481203999102535,7.496240799820507,0.5,3.7481203999102535,0.4650130626715949,0.8702439637295445,-5.061011824432427,-9.999979511121637e-09,56.77309958206999,1e-08,53.43479323645303,screened_water_cap_0.50,conservative_site_selection,legacy_stress,ample,uniform_google_ai_2024,portfolio_mean,central,gentd26_hourly_service_demand.csv,gentd26_aligned_regional_hourly_cef.csv,capacity_scenarios.csv,energy_calibration_bounds.csv,trace_timestamp_anonymized,single_row_default,0.15,20.0,carbon,211.9472222222222,211.9472222022222,2e-08,0.9999999999056369,0.15000000001415448,56.92722900944695,75.99785072753109,53.89980629912463,65.46631336086396,3.7481203999102535,0.05725265724449508,0.0,,,1e-08,True,True,0,803,4.440892098500626e-16,0.0,0.0,0.0,1e-08,2.018152777777778,0,0.0,554,3,0.0,0.0,180.1551388688889,10.769708333333329,1.3648333333333333,19.65754166666666
scenario_coarse,0.75,5.622180599865381,7.496240799820507,0.7499999999999998,1.874060199955128,0.13856548279269987,0.25931696260064196,-5.6360158004034595,-9.999979511121637e-09,56.77309958206999,1e-08,53.43479323645303,screened_water_cap_0.75,conservative_site_selection,legacy_stress,ample,uniform_google_ai_2024,portfolio_mean,central,gentd26_hourly_service_demand.csv,gentd26_aligned_regional_hourly_cef.csv,capacity_scenarios.csv,energy_calibration_bounds.csv,trace_timestamp_anonymized,single_row_default,0.15,20.0,carbon,211.9472222222222,211.9472222022222,2e-08,0.9999999999056369,0.15000000001415448,56.92722900944695,75.99785072753109,53.57335871924573,65.46631336086396,5.622180599865379,0.0858789858667426,0.0,,,1e-08,True,True,0,830,4.440892098500626e-16,0.0,0.0,0.0,1e-08,2.018152777777778,0,0.0,554,3,1.7763568394002505e-15,0.0,180.1551388688889,15.609437499999995,2.5923750000000005,13.590270833333326
scenario_coarse,1.0,7.496240799820507,7.496240799820507,0.9999999999999998,1.7763568394002505e-15,0.0,0.0,-5.880084705946298,-9.999979511121637e-09,56.77309958206999,1e-08,53.43479323645303,screened_water_cap_1.00,conservative_site_selection,legacy_stress,ample,uniform_google_ai_2024,portfolio_mean,central,gentd26_hourly_service_demand.csv,gentd26_aligned_regional_hourly_cef.csv,capacity_scenarios.csv,energy_calibration_bounds.csv,trace_timestamp_anonymized,single_row_default,0.15,20.0,carbon,211.9472222222222,211.9472222022222,2e-08,0.9999999999056369,0.15000000001415445,56.92722900944694,75.9978507275311,53.43479323645303,65.46631336086396,7.496240799820505,0.11450531448899014,0.0,,,1e-08,True,True,0,846,4.440892098500626e-16,0.0,0.0,0.0,1e-08,2.018152777777778,0,0.0,554,3,1.7763568394002505e-15,0.0,180.15513886888897,19.913791666666672,4.355291666666667,7.523
scenario_coarse,0.0,0.0,7.496240799820507,0.0,7.496240799820507,1.6175408402773783,3.0271303439308506,-3.030952190397984,-9.999979511121637e-09,56.77309958206999,1e-08,53.43479323645303,screened_water_cap_0.00,conservative_site_selection,legacy_stress,ample,uniform_google_ai_2024,portfolio_mean,central,gentd26_hourly_service_demand.csv,gentd26_aligned_regional_hourly_cef.csv,capacity_scenarios.csv,energy_calibration_bounds.csv,trace_timestamp_anonymized,single_row_default,0.15,35.0,carbon,211.9472222222222,211.9472222022222,2e-08,0.9999999999056369,0.14963807815202151,56.92722900944694,75.99991104840402,55.05233407673041,65.46631336086396,0.0,0.0,0.0,,,1e-08,True,True,0,0,4.440892098500626e-16,0.0,0.0,0.0,1e-08,2.018152777777778,0,0.0,552,3,0.0,0.0,180.23184720222224,0.0,0.0,31.715375000000012
scenario_coarse,0.25,1.8740601999551267,7.496240799820507,0.24999999999999997,5.622180599865381,0.9494897220832001,1.7769128774984377,-4.20765581079563,-9.999979511121637e-09,56.77309958206999,1e-08,53.43479323645303,screened_water_cap_0.25,conservative_site_selection,legacy_stress,ample,uniform_google_ai_2024,portfolio_mean,central,gentd26_hourly_service_demand.csv,gentd26_aligned_regional_hourly_cef.csv,capacity_scenarios.csv,energy_calibration_bounds.csv,trace_timestamp_anonymized,single_row_default,0.15,35.0,carbon,211.9472222222222,211.9472222022222,2e-08,0.9999999999056369,0.14963807815202151,56.92722900944694,75.99991104840402,54.38428295853623,65.46631336086396,1.8740601999551265,0.028626328622247538,0.0,,,1e-08,True,True,0,777,4.440892098500626e-16,0.0,0.0,0.0,1e-08,2.018152777777778,0,0.0,552,3,2.220446049250313e-16,0.0,180.23184720222224,6.0127291666666665,0.05454166666666663,25.64810416666667
scenario_coarse,0.5,3.7481203999102535,7.496240799820507,0.5,3.7481203999102535,0.4650130626715949,0.8702439637295445,-5.061011824432427,-9.999979511121637e-09,56.77309958206999,1e-08,53.43479323645303,screened_water_cap_0.50,conservative_site_selection,legacy_stress,ample,uniform_google_ai_2024,portfolio_mean,central,gentd26_hourly_service_demand.csv,gentd26_aligned_regional_hourly_cef.csv,capacity_scenarios.csv,energy_calibration_bounds.csv,trace_timestamp_anonymized,single_row_default,0.15,35.0,carbon,211.9472222222222,211.9472222022222,2e-08,0.9999999999056369,0.15000000001415448,56.92722900944695,75.99785072753109,53.89980629912463,65.46631336086396,3.7481203999102535,0.05725265724449508,0.0,,,1e-08,True,True,0,803,4.440892098500626e-16,0.0,0.0,0.0,1e-08,2.018152777777778,0,0.0,554,3,0.0,0.0,180.1551388688889,10.769708333333329,1.3648333333333333,19.65754166666666
scenario_coarse,0.75,5.622180599865381,7.496240799820507,0.7499999999999998,1.874060199955128,0.13856548279269987,0.25931696260064196,-5.6360158004034595,-9.999979511121637e-09,56.77309958206999,1e-08,53.43479323645303,screened_water_cap_0.75,conservative_site_selection,legacy_stress,ample,uniform_google_ai_2024,portfolio_mean,central,gentd26_hourly_service_demand.csv,gentd26_aligned_regional_hourly_cef.csv,capacity_scenarios.csv,energy_calibration_bounds.csv,trace_timestamp_anonymized,single_row_default,0.15,35.0,carbon,211.9472222222222,211.9472222022222,2e-08,0.9999999999056369,0.15000000001415448,56.92722900944695,75.99785072753109,53.57335871924573,65.46631336086396,5.622180599865379,0.0858789858667426,0.0,,,1e-08,True,True,0,830,4.440892098500626e-16,0.0,0.0,0.0,1e-08,2.018152777777778,0,0.0,554,3,1.7763568394002505e-15,0.0,180.1551388688889,15.609437499999995,2.5923750000000005,13.590270833333326
scenario_coarse,1.0,7.496240799820507,7.496240799820507,0.9999999999999998,1.7763568394002505e-15,0.0,0.0,-5.880084705946298,-9.999979511121637e-09,56.77309958206999,1e-08,53.43479323645303,screened_water_cap_1.00,conservative_site_selection,legacy_stress,ample,uniform_google_ai_2024,portfolio_mean,central,gentd26_hourly_service_demand.csv,gentd26_aligned_regional_hourly_cef.csv,capacity_scenarios.csv,energy_calibration_bounds.csv,trace_timestamp_anonymized,single_row_default,0.15,35.0,carbon,211.9472222222222,211.9472222022222,2e-08,0.9999999999056369,0.15000000001415445,56.92722900944694,75.9978507275311,53.43479323645303,65.46631336086396,7.496240799820505,0.11450531448899014,0.0,,,1e-08,True,True,0,846,4.440892098500626e-16,0.0,0.0,0.0,1e-08,2.018152777777778,0,0.0,554,3,1.7763568394002505e-15,0.0,180.15513886888897,19.913791666666672,4.355291666666667,7.523
scenario_coarse,0.0,0.0,19.613047167407203,0.0,19.613047167407203,5.740115662529163,11.247854273815339,-5.017486426339701e-09,-1.0000007932831068e-08,56.77309958206999,1e-08,51.032983916692245,screened_water_cap_0.00,conservative_site_selection,legacy_stress,ample,uniform_google_ai_2024,portfolio_mean,central,gentd26_hourly_service_demand.csv,gentd26_aligned_regional_hourly_cef.csv,capacity_scenarios.csv,energy_calibration_bounds.csv,trace_timestamp_anonymized,single_row_default,0.3,15.0,carbon,211.9472222222222,211.94722220222218,2e-08,0.9999999999056368,0.0,56.92722900944693,76.85175916275338,56.77309957922141,65.46631336086396,0.0,0.0,0.0,,,1e-08,True,True,0,0,0.0,0.0,0.0,0.0,1e-08,1.4919444444444445,0,0.0,184,1,0.0,0.0,211.94722220222224,0.0,0.0,0.0
scenario_coarse,0.25,4.903261791851801,19.613047167407203,0.25,14.709785375555402,3.474927208464173,6.809178969696839,-3.989897457754732,-9.999979511121637e-09,56.77309958206999,1e-08,51.032983916692245,screened_water_cap_0.25,conservative_site_selection,legacy_stress,ample,uniform_google_ai_2024,portfolio_mean,central,gentd26_hourly_service_demand.csv,gentd26_aligned_regional_hourly_cef.csv,capacity_scenarios.csv,energy_calibration_bounds.csv,trace_timestamp_anonymized,single_row_default,0.3,15.0,carbon,211.9472222222222,211.9472222022222,2e-08,0.9999999999056369,0.07489747841495212,56.92722900944693,76.42538857215757,54.50791112515642,65.46631336086396,4.903261791851801,0.07489747841495213,0.0,,,1e-08,True,True,0,1,2.220446049250313e-16,0.0,0.0,0.0,1e-08,1.4919444444444445,0,0.0,290,1,0.0,0.0,196.07290970222226,15.874312499999998,0.0,0.0
scenario_coarse,0.5,9.806523583703601,19.613047167407203,0.5000000000000001,9.8065235837036,1.7750891635191834,3.478317408241094,-6.983988070136638,-9.999979511121637e-09,56.77309958206999,1e-08,51.032983916692245,screened_water_cap_0.50,conservative_site_selection,legacy_stress,ample,uniform_google_ai_2024,portfolio_mean,central,gentd26_hourly_service_demand.csv,gentd26_aligned_regional_hourly_cef.csv,capacity_scenarios.csv,energy_calibration_bounds.csv,trace_timestamp_anonymized,single_row_default,0.3,15.0,carbon,211.9472222222222,211.9472222022222,2e-08,0.9999999999056369,0.14979495682990426,56.92722900944693,75.99901798156176,52.80807308021143,65.46631336086396,9.806523583703603,0.1497949568299043,0.0,,,1e-08,True,True,0,1,2.220446049250313e-16,0.0,0.0,0.0,1e-08,1.4919444444444445,0,0.0,370,1,-1.7763568394002505e-15,1.7763568394002505e-15,180.1985972022222,31.748625000000015,0.0,0.0
scenario_coarse,0.75,14.709785375555402,19.613047167407203,0.7500000000000001,4.903261791851799,0.5981908958561775,1.1721652350030753,-9.056973826289871,-1.0000007932831068e-08,56.77309958206999,1e-08,51.032983916692245,screened_water_cap_0.75,conservative_site_selection,legacy_stress,ample,uniform_google_ai_2024,portfolio_mean,central,gentd26_hourly_service_demand.csv,gentd26_aligned_regional_hourly_cef.csv,capacity_scenarios.csv,energy_calibration_bounds.csv,trace_timestamp_anonymized,single_row_default,0.3,15.0,carbon,211.9472222222222,211.94722220222218,2e-08,0.9999999999056368,0.22469243524485644,56.92722900944693,75.57264739096595,51.63117481254842,65.46631336086396,14.709785375555404,0.2246924352448564,0.0,,,1e-08,True,True,0,1,2.220446049250313e-16,0.0,0.0,0.0,1e-08,1.4919444444444445,0,0.0,453,1,-1.7763568394002505e-15,1.7763568394002505e-15,164.32428470222217,47.62293750000002,0.0,0.0
scenario_coarse,1.0,19.613047167407203,19.613047167407203,1.0,0.0,0.0,0.0,-10.110625820385156,-1.0000007932831068e-08,56.77309958206999,1e-08,51.032983916692245,screened_water_cap_1.00,conservative_site_selection,legacy_stress,ample,uniform_google_ai_2024,portfolio_mean,central,gentd26_hourly_service_demand.csv,gentd26_aligned_regional_hourly_cef.csv,capacity_scenarios.csv,energy_calibration_bounds.csv,trace_timestamp_anonymized,single_row_default,0.3,15.0,carbon,211.9472222222222,211.94722220222218,2e-08,0.9999999999056368,0.2995899136598085,56.92722900944693,75.14627680037013,51.032983916692245,65.46631336086396,19.613047167407203,0.2995899136598085,0.0,,,1e-08,True,True,0,0,4.440892098500626e-16,0.0,0.0,0.0,1e-08,1.9475833333333334,0,0.0,552,1,0.0,0.0,148.4499722022222,63.49725000000003,0.0,0.0
scenario_coarse,0.0,0.0,14.992481599641014,0.0,14.992481599641014,3.2350816805547495,6.457701689582107,-6.061904375778493,-1.0000007932831068e-08,56.77309958206999,1e-08,50.096486893684656,screened_water_cap_0.00,conservative_site_selection,legacy_stress,ample,uniform_google_ai_2024,portfolio_mean,central,gentd26_hourly_service_demand.csv,gentd26_aligned_regional_hourly_cef.csv,capacity_scenarios.csv,energy_calibration_bounds.csv,trace_timestamp_anonymized,single_row_default,0.3,20.0,carbon,211.9472222222222,211.94722220222218,2e-08,0.9999999999056368,0.29927615630404303,56.92722900944693,75.14806293405464,53.331568574239405,65.46631336086396,0.0,0.0,0.0,,,1e-08,True,True,0,0,4.440892098500626e-16,0.0,0.0,0.0,1e-08,1.9475833333333334,0,0.0,552,3,0.0,0.0,148.5164722022222,0.0,0.0,63.430750000000025
scenario_coarse,0.25,3.7481203999102535,14.992481599641014,0.24999999999999997,11.244361199730761,1.8989794441664145,3.790643939157756,-8.415311616573751,-9.999979511121637e-09,56.77309958206999,1e-08,50.096486893684656,screened_water_cap_0.25,conservative_site_selection,legacy_stress,ample,uniform_google_ai_2024,portfolio_mean,central,gentd26_hourly_service_demand.csv,gentd26_aligned_regional_hourly_cef.csv,capacity_scenarios.csv,energy_calibration_bounds.csv,trace_timestamp_anonymized,single_row_default,0.3,20.0,carbon,211.9472222222222,211.9472222022222,2e-08,0.9999999999056369,0.29927615630404303,56.92722900944694,75.14806293405464,51.99546633785107,65.46631336086396,3.748120399910253,0.057252657244495075,0.0,,,1e-08,True,True,0,772,4.440892098500626e-16,0.0,0.0,0.0,1e-08,1.9475833333333334,0,0.0,552,3,4.440892098500626e-16,0.0,148.5164722022222,12.025458333333333,0.10908333333333325,51.29620833333334
scenario_coarse,0.5,7.496240799820507,14.992481599641014,0.5,7.496240799820507,0.9300261253431898,1.8564697506970873,-10.122023643847378,-9.999979511121637e-09,56.77309958206999,1e-08,50.096486893684656,screened_water_cap_0.50,conservative_site_selection,legacy_stress,ample,uniform_google_ai_2024,portfolio_mean,central,gentd26_hourly_service_demand.csv,gentd26_aligned_regional_hourly_cef.csv,capacity_scenarios.csv,energy_calibration_bounds.csv,trace_timestamp_anonymized,single_row_default,0.3,20.0,carbon,211.9472222222222,211.9472222022222,2e-08,0.9999999999056369,0.30000000002830896,56.92722900944693,75.14394229230881,51.026513019027846,65.46631336086396,7.496240799820507,0.11450531448899016,0.0,,,1e-08,True,True,0,792,4.440892098500626e-16,0.0,0.0,0.0,1e-08,1.9475833333333334,0,0.0,554,3,0.0,0.0,148.36305553555553,21.539416666666657,2.7296666666666667,39.31508333333332
scenario_coarse,0.75,11.244361199730761,14.992481599641014,0.7499999999999998,3.748120399910256,0.27713096558540684,0.5531944109644638,-11.272031595789434,-1.0000007932831068e-08,56.77309958206999,1e-08,50.096486893684656,screened_water_cap_0.75,conservative_site_selection,legacy_stress,ample,uniform_google_ai_2024,portfolio_mean,central,gentd26_hourly_service_demand.csv,gentd26_aligned_regional_hourly_cef.csv,capacity_scenarios.csv,energy_calibration_bounds.csv,trace_timestamp_anonymized,single_row_default,0.3,20.0,carbon,211.9472222222222,211.94722220222218,2e-08,0.9999999999056368,0.30000000002830896,56.92722900944693,75.14394229230881,50.37361785927006,65.46631336086396,11.244361199730758,0.1717579717334852,0.0,,,1e-08,True,True,0,803,4.440892098500626e-16,0.0,0.0,0.0,1e-08,1.9475833333333334,0,0.0,554,3,3.552713678800501e-15,0.0,148.36305553555553,31.21887499999999,5.184750000000001,27.180541666666652
scenario_coarse,1.0,14.992481599641014,14.992481599641014,0.9999999999999998,3.552713678800501e-15,0.0,0.0,-11.760169406875109,-1.0000007932831068e-08,56.77309958206999,1e-08,50.096486893684656,screened_water_cap_1.00,conservative_site_selection,legacy_stress,ample,uniform_google_ai_2024,portfolio_mean,central,gentd26_hourly_service_demand.csv,gentd26_aligned_regional_hourly_cef.csv,capacity_scenarios.csv,energy_calibration_bounds.csv,trace_timestamp_anonymized,single_row_default,0.3,20.0,carbon,211.9472222222222,211.94722220222218,2e-08,0.9999999999056368,0.30000000002830896,56.92722900944693,75.14394229230881,50.096486893684656,65.46631336086396,14.99248159964101,0.22901062897798027,0.0,,,1e-08,True,True,0,808,4.440892098500626e-16,0.0,0.0,0.0,1e-08,1.9475833333333334,0,0.0,554,3,3.552713678800501e-15,0.0,148.36305553555553,39.827583333333344,8.710583333333334,15.046
scenario_coarse,0.0,0.0,14.992481599641014,0.0,14.992481599641014,3.2350816805547495,6.457701689582107,-6.061904375778493,-1.0000007932831068e-08,56.77309958206999,1e-08,50.096486893684656,screened_water_cap_0.00,conservative_site_selection,legacy_stress,ample,uniform_google_ai_2024,portfolio_mean,central,gentd26_hourly_service_demand.csv,gentd26_aligned_regional_hourly_cef.csv,capacity_scenarios.csv,energy_calibration_bounds.csv,trace_timestamp_anonymized,single_row_default,0.3,35.0,carbon,211.9472222222222,211.94722220222218,2e-08,0.9999999999056368,0.29927615630404303,56.92722900944693,75.14806293405464,53.331568574239405,65.46631336086396,0.0,0.0,0.0,,,1e-08,True,True,0,0,4.440892098500626e-16,0.0,0.0,0.0,1e-08,1.9475833333333334,0,0.0,552,3,0.0,0.0,148.5164722022222,0.0,0.0,63.430750000000025
scenario_coarse,0.25,3.7481203999102535,14.992481599641014,0.24999999999999997,11.244361199730761,1.8989794441664145,3.790643939157756,-8.415311616573751,-9.999979511121637e-09,56.77309958206999,1e-08,50.096486893684656,screened_water_cap_0.25,conservative_site_selection,legacy_stress,ample,uniform_google_ai_2024,portfolio_mean,central,gentd26_hourly_service_demand.csv,gentd26_aligned_regional_hourly_cef.csv,capacity_scenarios.csv,energy_calibration_bounds.csv,trace_timestamp_anonymized,single_row_default,0.3,35.0,carbon,211.9472222222222,211.9472222022222,2e-08,0.9999999999056369,0.29927615630404303,56.92722900944694,75.14806293405464,51.99546633785107,65.46631336086396,3.748120399910253,0.057252657244495075,0.0,,,1e-08,True,True,0,772,4.440892098500626e-16,0.0,0.0,0.0,1e-08,1.9475833333333334,0,0.0,552,3,4.440892098500626e-16,0.0,148.5164722022222,12.025458333333333,0.10908333333333325,51.29620833333334
scenario_coarse,0.5,7.496240799820507,14.992481599641014,0.5,7.496240799820507,0.9300261253431898,1.8564697506970873,-10.122023643847378,-9.999979511121637e-09,56.77309958206999,1e-08,50.096486893684656,screened_water_cap_0.50,conservative_site_selection,legacy_stress,ample,uniform_google_ai_2024,portfolio_mean,central,gentd26_hourly_service_demand.csv,gentd26_aligned_regional_hourly_cef.csv,capacity_scenarios.csv,energy_calibration_bounds.csv,trace_timestamp_anonymized,single_row_default,0.3,35.0,carbon,211.9472222222222,211.9472222022222,2e-08,0.9999999999056369,0.30000000002830896,56.92722900944693,75.14394229230881,51.026513019027846,65.46631336086396,7.496240799820507,0.11450531448899016,0.0,,,1e-08,True,True,0,792,4.440892098500626e-16,0.0,0.0,0.0,1e-08,1.9475833333333334,0,0.0,554,3,0.0,0.0,148.36305553555553,21.539416666666657,2.7296666666666667,39.31508333333332
scenario_coarse,0.75,11.244361199730761,14.992481599641014,0.7499999999999998,3.748120399910256,0.27713096558540684,0.5531944109644638,-11.272031595789434,-1.0000007932831068e-08,56.77309958206999,1e-08,50.096486893684656,screened_water_cap_0.75,conservative_site_selection,legacy_stress,ample,uniform_google_ai_2024,portfolio_mean,central,gentd26_hourly_service_demand.csv,gentd26_aligned_regional_hourly_cef.csv,capacity_scenarios.csv,energy_calibration_bounds.csv,trace_timestamp_anonymized,single_row_default,0.3,35.0,carbon,211.9472222222222,211.94722220222218,2e-08,0.9999999999056368,0.30000000002830896,56.92722900944693,75.14394229230881,50.37361785927006,65.46631336086396,11.244361199730758,0.1717579717334852,0.0,,,1e-08,True,True,0,803,4.440892098500626e-16,0.0,0.0,0.0,1e-08,1.9475833333333334,0,0.0,554,3,3.552713678800501e-15,0.0,148.36305553555553,31.21887499999999,5.184750000000001,27.180541666666652
scenario_coarse,1.0,14.992481599641014,14.992481599641014,0.9999999999999998,3.552713678800501e-15,0.0,0.0,-11.760169406875109,-1.0000007932831068e-08,56.77309958206999,1e-08,50.096486893684656,screened_water_cap_1.00,conservative_site_selection,legacy_stress,ample,uniform_google_ai_2024,portfolio_mean,central,gentd26_hourly_service_demand.csv,gentd26_aligned_regional_hourly_cef.csv,capacity_scenarios.csv,energy_calibration_bounds.csv,trace_timestamp_anonymized,single_row_default,0.3,35.0,carbon,211.9472222222222,211.94722220222218,2e-08,0.9999999999056368,0.30000000002830896,56.92722900944693,75.14394229230881,50.096486893684656,65.46631336086396,14.99248159964101,0.22901062897798027,0.0,,,1e-08,True,True,0,808,4.440892098500626e-16,0.0,0.0,0.0,1e-08,1.9475833333333334,0,0.0,554,3,3.552713678800501e-15,0.0,148.36305553555553,39.827583333333344,8.710583333333334,15.046
scenario_coarse,0.0,0.0,32.688411945678666,0.0,32.688411945678666,9.566859437548615,20.26609068808929,-5.017486426339701e-09,-1.0000007932831068e-08,56.77309958206999,1e-08,47.206240141672794,screened_water_cap_0.00,conservative_site_selection,legacy_stress,ample,uniform_google_ai_2024,portfolio_mean,central,gentd26_hourly_service_demand.csv,gentd26_aligned_regional_hourly_cef.csv,capacity_scenarios.csv,energy_calibration_bounds.csv,trace_timestamp_anonymized,single_row_default,0.5,15.0,carbon,211.9472222222222,211.94722220222218,2e-08,0.9999999999056368,0.0,56.92722900944693,76.85175916275338,56.77309957922141,65.46631336086396,0.0,0.0,0.0,,,1e-08,True,True,0,0,0.0,0.0,0.0,0.0,1e-08,1.4919444444444445,0,0.0,184,1,0.0,0.0,211.94722220222224,0.0,0.0,0.0
scenario_coarse,0.25,8.172102986419667,32.688411945678666,0.24999999999999983,24.516308959259007,5.791545347440298,12.268601206236784,-6.649829092912896,-9.999979511121637e-09,56.77309958206999,1e-08,47.206240141672794,screened_water_cap_0.25,conservative_site_selection,legacy_stress,ample,uniform_google_ai_2024,portfolio_mean,central,gentd26_hourly_service_demand.csv,gentd26_aligned_regional_hourly_cef.csv,capacity_scenarios.csv,energy_calibration_bounds.csv,trace_timestamp_anonymized,single_row_default,0.5,15.0,carbon,211.9472222222222,211.9472222022222,2e-08,0.9999999999056369,0.1248291306915868,56.92722900944694,76.14114151176037,52.99778548911309,65.46631336086396,8.172102986419661,0.12482913069158677,0.0,,,1e-08,True,True,0,1,0.0,0.0,0.0,0.0,1e-08,1.4919444444444445,0,0.0,290,1,5.329070518200751e-15,0.0,185.49003470222223,26.45718749999998,0.0,0.0
scenario_coarse,0.5,16.344205972839333,32.688411945678666,0.5,16.344205972839333,2.95848193919867,6.267141653984387,-11.639980113549363,-1.0000007932831068e-08,56.77309958206999,1e-08,47.206240141672794,screened_water_cap_0.50,conservative_site_selection,legacy_stress,ample,uniform_google_ai_2024,portfolio_mean,central,gentd26_hourly_service_demand.csv,gentd26_aligned_regional_hourly_cef.csv,capacity_scenarios.csv,energy_calibration_bounds.csv,trace_timestamp_anonymized,single_row_default,0.5,15.0,carbon,211.9472222222222,211.94722220222218,2e-08,0.9999999999056368,0.24965826138317374,56.92722900944693,75.43052386076735,50.164722080871464,65.46631336086396,16.344205972839333,0.2496582613831737,0.0,,,1e-08,True,True,0,1,0.0,0.0,0.0,0.0,1e-08,1.4919444444444445,0,0.0,370,1,0.0,0.0,159.03284720222229,52.914375000000014,0.0,0.0
scenario_coarse,0.75,24.516308959259,32.688411945678666,0.7500000000000004,8.172102986419652,0.9969848264269743,2.1119767713651427,-15.094956373804802,-1.0000007932831068e-08,56.77309958206999,1e-08,47.206240141672794,screened_water_cap_0.75,conservative_site_selection,legacy_stress,ample,uniform_google_ai_2024,portfolio_mean,central,gentd26_hourly_service_demand.csv,gentd26_aligned_regional_hourly_cef.csv,capacity_scenarios.csv,energy_calibration_bounds.csv,trace_timestamp_anonymized,single_row_default,0.5,15.0,carbon,211.9472222222222,211.94722220222218,2e-08,0.9999999999056368,0.3744873920747609,56.92722900944693,74.71990620977432,48.20322496809977,65.46631336086396,24.516308959259014,0.3744873920747608,0.0,,,1e-08,True,True,0,1,0.0,0.0,0.0,0.0,1e-08,1.4241666666666666,0,0.0,453,1,-1.4210854715202004e-14,1.4210854715202004e-14,132.57565970222223,79.37156250000007,0.0,0.0
scenario_coarse,1.0,32.688411945678666,32.688411945678666,1.0,0.0,0.0,0.0,-16.851043030630287,-1.0000007932831068e-08,56.77309958206999,1e-08,47.206240141672794,screened_water_cap_1.00,conservative_site_selection,legacy_stress,ample,uniform_google_ai_2024,portfolio_mean,central,gentd26_hourly_service_demand.csv,gentd26_aligned_regional_hourly_cef.csv,capacity_scenarios.csv,energy_calibration_bounds.csv,trace_timestamp_anonymized,single_row_default,0.5,15.0,carbon,211.9472222222222,211.94722220222218,2e-08,0.9999999999056368,0.4993165227663475,56.92722900944693,74.00928855878132,47.206240141672794,65.46631336086396,32.688411945678666,0.4993165227663474,0.0,,,1e-08,True,True,0,0,0.0,0.0,0.0,0.0,1e-08,1.2459722222222223,0,0.0,552,1,0.0,0.0,106.11847220222222,105.82875,0.0,0.0
scenario_coarse,0.0,0.0,24.98746933273502,0.0,24.98746933273502,5.3918028009246015,11.812365343736664,-10.103173956285827,-1.0000007932831068e-08,56.77309958206999,1e-08,45.64541176999347,screened_water_cap_0.00,conservative_site_selection,legacy_stress,ample,uniform_google_ai_2024,portfolio_mean,central,gentd26_hourly_service_demand.csv,gentd26_aligned_regional_hourly_cef.csv,capacity_scenarios.csv,energy_calibration_bounds.csv,trace_timestamp_anonymized,single_row_default,0.5,20.0,carbon,211.9472222222222,211.94722220222218,2e-08,0.9999999999056368,0.4987935938400718,56.92722900944693,74.01226544825549,51.037214570918074,65.46631336086396,0.0,0.0,0.0,,,1e-08,True,True,0,0,0.0,0.0,0.0,0.0,1e-08,1.2459722222222223,0,0.0,552,3,0.0,0.0,106.22930553555555,0.0,0.0,105.71791666666667
scenario_coarse,0.25,6.246867333183755,24.98746933273502,0.24999999999999997,18.740601999551266,3.164965740277381,6.933809155289472,-14.025519357611248,-9.999979511121637e-09,56.77309958206999,1e-08,45.64541176999347,screened_water_cap_0.25,conservative_site_selection,legacy_stress,ample,uniform_google_ai_2024,portfolio_mean,central,gentd26_hourly_service_demand.csv,gentd26_aligned_regional_hourly_cef.csv,capacity_scenarios.csv,energy_calibration_bounds.csv,trace_timestamp_anonymized,single_row_default,0.5,20.0,carbon,211.9472222222222,211.9472222022222,2e-08,0.9999999999056369,0.49879359384007177,56.92722900944693,74.01226544825549,48.810377510270854,65.46631336086396,6.246867333183754,0.09542109540749179,0.0,,,1e-08,True,True,0,780,0.0,0.0,0.0,0.0,1e-08,1.2459722222222223,0,0.0,552,3,8.881784197001252e-16,0.0,106.22930553555555,20.042430555555548,0.1818055555555554,85.49368055555558
scenario_coarse,0.5,12.49373466636751,24.98746933273502,0.5,12.49373466636751,1.5500435422386687,3.395836475414682,-16.870039403067306,-9.999979511121637e-09,56.77309958206999,1e-08,45.64541176999347,screened_water_cap_0.50,conservative_site_selection,legacy_stress,ample,uniform_google_ai_2024,portfolio_mean,central,gentd26_hourly_service_demand.csv,gentd26_aligned_regional_hourly_cef.csv,capacity_scenarios.csv,energy_calibration_bounds.csv,trace_timestamp_anonymized,single_row_default,0.5,20.0,carbon,211.9472222222222,211.9472222022222,2e-08,0.9999999999056369,0.5000000000471816,56.92722900944693,74.00539771201244,47.19545531223214,65.46631336086396,12.49373466636751,0.1908421908149836,0.0,,,1e-08,True,True,0,780,0.0,0.0,0.0,0.0,1e-08,1.2459722222222223,0,0.0,554,3,0.0,0.0,105.97361109111111,35.899027777777775,4.549444444444444,65.52513888888889
scenario_coarse,0.75,18.740601999551266,24.98746933273502,0.75,6.246867333183754,0.4618849426423566,1.0118978550786029,-18.786719322970736,-9.999979511121637e-09,56.77309958206999,1e-08,45.64541176999347,screened_water_cap_0.75,conservative_site_selection,legacy_stress,ample,uniform_google_ai_2024,portfolio_mean,central,gentd26_hourly_service_demand.csv,gentd26_aligned_regional_hourly_cef.csv,capacity_scenarios.csv,energy_calibration_bounds.csv,trace_timestamp_anonymized,single_row_default,0.5,20.0,carbon,211.9472222222222,211.9472222022222,2e-08,0.9999999999056369,0.5000000000471816,56.92722900944693,74.00539771201244,46.10729671263583,65.46631336086396,18.740601999551266,0.2862632862224754,0.0,,,1e-08,True,True,0,786,0.0,0.0,0.0,0.0,1e-08,1.2459722222222223,0,0.0,554,3,0.0,0.0,105.97361109111111,52.03145833333334,8.64125,45.30090277777776
scenario_coarse,1.0,24.98746933273502,24.98746933273502,1.0000000000000007,-1.7763568394002505e-14,0.0,0.0,-19.600282341446885,-9.999979511121637e-09,56.77309958206999,1e-08,45.64541176999347,screened_water_cap_1.00,conservative_site_selection,legacy_stress,ample,uniform_google_ai_2024,portfolio_mean,central,gentd26_hourly_service_demand.csv,gentd26_aligned_regional_hourly_cef.csv,capacity_scenarios.csv,energy_calibration_bounds.csv,trace_timestamp_anonymized,single_row_default,0.5,20.0,carbon,211.9472222222222,211.9472222022222,2e-08,0.9999999999056369,0.5000000000471815,56.92722900944693,74.00539771201244,45.64541176999347,65.46631336086396,24.98746933273504,0.38168438162996743,0.0,,,1e-08,True,True,0,783,0.0,0.0,0.0,0.0,1e-08,1.2459722222222223,0,0.0,554,3,-1.7763568394002505e-14,1.7763568394002505e-14,105.97361109111111,66.37930555555566,14.51763888888889,25.076666666666615
scenario_coarse,0.0,0.0,24.98746933273502,0.0,24.98746933273502,5.3918028009246015,11.812365343736664,-10.103173956285827,-1.0000007932831068e-08,56.77309958206999,1e-08,45.64541176999347,screened_water_cap_0.00,conservative_site_selection,legacy_stress,ample,uniform_google_ai_2024,portfolio_mean,central,gentd26_hourly_service_demand.csv,gentd26_aligned_regional_hourly_cef.csv,capacity_scenarios.csv,energy_calibration_bounds.csv,trace_timestamp_anonymized,single_row_default,0.5,35.0,carbon,211.9472222222222,211.94722220222218,2e-08,0.9999999999056368,0.4987935938400718,56.92722900944693,74.01226544825549,51.037214570918074,65.46631336086396,0.0,0.0,0.0,,,1e-08,True,True,0,0,0.0,0.0,0.0,0.0,1e-08,1.2459722222222223,0,0.0,552,3,0.0,0.0,106.22930553555555,0.0,0.0,105.71791666666667
scenario_coarse,0.25,6.246867333183755,24.98746933273502,0.24999999999999997,18.740601999551266,3.164965740277381,6.933809155289472,-14.025519357611248,-9.999979511121637e-09,56.77309958206999,1e-08,45.64541176999347,screened_water_cap_0.25,conservative_site_selection,legacy_stress,ample,uniform_google_ai_2024,portfolio_mean,central,gentd26_hourly_service_demand.csv,gentd26_aligned_regional_hourly_cef.csv,capacity_scenarios.csv,energy_calibration_bounds.csv,trace_timestamp_anonymized,single_row_default,0.5,35.0,carbon,211.9472222222222,211.9472222022222,2e-08,0.9999999999056369,0.49879359384007177,56.92722900944693,74.01226544825549,48.810377510270854,65.46631336086396,6.246867333183754,0.09542109540749179,0.0,,,1e-08,True,True,0,780,0.0,0.0,0.0,0.0,1e-08,1.2459722222222223,0,0.0,552,3,8.881784197001252e-16,0.0,106.22930553555555,20.042430555555548,0.1818055555555554,85.49368055555558
scenario_coarse,0.5,12.49373466636751,24.98746933273502,0.5,12.49373466636751,1.5500435422386687,3.395836475414682,-16.870039403067306,-9.999979511121637e-09,56.77309958206999,1e-08,45.64541176999347,screened_water_cap_0.50,conservative_site_selection,legacy_stress,ample,uniform_google_ai_2024,portfolio_mean,central,gentd26_hourly_service_demand.csv,gentd26_aligned_regional_hourly_cef.csv,capacity_scenarios.csv,energy_calibration_bounds.csv,trace_timestamp_anonymized,single_row_default,0.5,35.0,carbon,211.9472222222222,211.9472222022222,2e-08,0.9999999999056369,0.5000000000471816,56.92722900944693,74.00539771201244,47.19545531223214,65.46631336086396,12.49373466636751,0.1908421908149836,0.0,,,1e-08,True,True,0,780,0.0,0.0,0.0,0.0,1e-08,1.2459722222222223,0,0.0,554,3,0.0,0.0,105.97361109111111,35.899027777777775,4.549444444444444,65.52513888888889
scenario_coarse,0.75,18.740601999551266,24.98746933273502,0.75,6.246867333183754,0.4618849426423566,1.0118978550786029,-18.786719322970736,-9.999979511121637e-09,56.77309958206999,1e-08,45.64541176999347,screened_water_cap_0.75,conservative_site_selection,legacy_stress,ample,uniform_google_ai_2024,portfolio_mean,central,gentd26_hourly_service_demand.csv,gentd26_aligned_regional_hourly_cef.csv,capacity_scenarios.csv,energy_calibration_bounds.csv,trace_timestamp_anonymized,single_row_default,0.5,35.0,carbon,211.9472222222222,211.9472222022222,2e-08,0.9999999999056369,0.5000000000471816,56.92722900944693,74.00539771201244,46.10729671263583,65.46631336086396,18.740601999551266,0.2862632862224754,0.0,,,1e-08,True,True,0,786,0.0,0.0,0.0,0.0,1e-08,1.2459722222222223,0,0.0,554,3,0.0,0.0,105.97361109111111,52.03145833333334,8.64125,45.30090277777776
scenario_coarse,1.0,24.98746933273502,24.98746933273502,1.0000000000000007,-1.7763568394002505e-14,0.0,0.0,-19.600282341446885,-9.999979511121637e-09,56.77309958206999,1e-08,45.64541176999347,screened_water_cap_1.00,conservative_site_selection,legacy_stress,ample,uniform_google_ai_2024,portfolio_mean,central,gentd26_hourly_service_demand.csv,gentd26_aligned_regional_hourly_cef.csv,capacity_scenarios.csv,energy_calibration_bounds.csv,trace_timestamp_anonymized,single_row_default,0.5,35.0,carbon,211.9472222222222,211.9472222022222,2e-08,0.9999999999056369,0.5000000000471815,56.92722900944693,74.00539771201244,45.64541176999347,65.46631336086396,24.98746933273504,0.38168438162996743,0.0,,,1e-08,True,True,0,783,0.0,0.0,0.0,0.0,1e-08,1.2459722222222223,0,0.0,554,3,-1.7763568394002505e-14,1.7763568394002505e-14,105.97361109111111,66.37930555555566,14.51763888888889,25.076666666666615
scenario_coarse,0.0,0.0,6.460024743458076,0.0,6.460024743458076,0.9111503166893442,2.2928124060376254,-5.45240519400636e-09,-9.999979511121637e-09,40.65056878550282,3.7516666766666673,39.739418466597044,screened_water_cap_0.00,equal_site_portfolio,legacy_stress,tight,uniform_google_ai_2024,portfolio_mean,central,gentd26_hourly_service_demand.csv,gentd26_aligned_regional_hourly_cef.csv,capacity_scenarios.csv,energy_calibration_bounds.csv,trace_timestamp_anonymized,single_row_default,0.15,15.0,carbon,211.9472222222222,208.19555553555554,3.7516666866666672,0.9822990523426954,0.0,55.91956311375206,75.49141020356531,40.65056878328639,64.30749758081487,0.0,0.0,0.8814722222222227,,,3.7516666766666673,True,True,0,0,0.0,0.0,0.0,0.0,9.99999993922529e-09,0.0,11,0.0,184,1,0.0,0.0,208.1955555355556,0.0,0.0,0.0
scenario_coarse,0.25,1.615006185864519,6.460024743458076,0.25000000000000006,4.845018557593557,0.5382916396530959,1.3545533891130113,-0.9172286892715098,-9.999979511121637e-09,40.65056878550282,3.7516666766666673,39.739418466597044,screened_water_cap_0.25,equal_site_portfolio,legacy_stress,tight,uniform_google_ai_2024,portfolio_mean,central,gentd26_hourly_service_demand.csv,gentd26_aligned_regional_hourly_cef.csv,capacity_scenarios.csv,energy_calibration_bounds.csv,trace_timestamp_anonymized,single_row_default,0.15,15.0,carbon,211.9472222222222,208.19555553555554,3.7516666866666672,0.9822990523426954,0.025113808601165834,55.91956311375206,75.35097488305534,40.27771010625014,64.30749758081487,1.6150061858645195,0.025113808601165834,0.8814722222222227,,,3.7516666766666673,True,True,0,246,2.220446049250313e-16,0.0,0.0,0.0,9.99999993922529e-09,0.0,11,0.0,246,1,-4.440892098500626e-16,4.440892098500626e-16,202.96697220222222,5.228583333333335,0.0,0.0
scenario_coarse,0.5,3.230012371729038,6.460024743458076,0.5,3.230012371729038,0.2883215547385021,0.7255303823352488,-1.5321526433091148,-9.999979511121637e-09,40.65056878550282,3.7516666766666673,39.739418466597044,screened_water_cap_0.50,equal_site_portfolio,legacy_stress,tight,uniform_google_ai_2024,portfolio_mean,central,gentd26_hourly_service_demand.csv,gentd26_aligned_regional_hourly_cef.csv,capacity_scenarios.csv,energy_calibration_bounds.csv,trace_timestamp_anonymized,single_row_default,0.15,15.0,carbon,211.9472222222222,208.19555553555554,3.7516666866666672,0.9822990523426954,0.050227617202331654,55.91956311375207,75.21053956254539,40.027740021335546,64.30749758081485,3.230012371729038,0.05022761720233167,0.8814722222222227,,,3.7516666766666673,True,True,0,245,2.220446049250313e-16,0.0,0.0,0.0,9.99999993922529e-09,0.0,11,0.0,292,1,0.0,0.0,197.7383888688889,10.457166666666662,0.0,0.0
scenario_coarse,0.75,4.845018557593557,6.460024743458076,0.7499999999999999,1.6150061858645195,0.09012464122937303,0.22678902889614605,-2.0197151041320804,-9.999979511121637e-09,40.65056878550282,3.7516666766666673,39.739418466597044,screened_water_cap_0.75,equal_site_portfolio,legacy_stress,tight,uniform_google_ai_2024,portfolio_mean,central,gentd26_hourly_service_demand.csv,gentd26_aligned_regional_hourly_cef.csv,capacity_scenarios.csv,energy_calibration_bounds.csv,trace_timestamp_anonymized,single_row_default,0.15,15.0,carbon,211.9472222222222,208.19555553555554,3.7516666866666677,0.9822990523426954,0.07534142580349748,55.91956311375207,75.07010424203543,39.82954310782642,64.30749758081487,4.845018557593557,0.07534142580349748,0.8814722222222227,,,3.7516666766666673,True,True,0,241,2.220446049250313e-16,0.0,0.0,0.0,1.00000003833145e-08,0.0,10,0.0,335,1,0.0,0.0,192.5098055355556,15.685749999999997,0.0,0.0
scenario_coarse,1.0,6.460024743458076,6.460024743458076,1.0,0.0,0.0,0.0,-2.2414208364797017,-9.999979511121637e-09,40.65056878550282,3.7516666766666673,39.739418466597044,screened_water_cap_1.00,equal_site_portfolio,legacy_stress,tight,uniform_google_ai_2024,portfolio_mean,central,gentd26_hourly_service_demand.csv,gentd26_aligned_regional_hourly_cef.csv,capacity_scenarios.csv,energy_calibration_bounds.csv,trace_timestamp_anonymized,single_row_default,0.15,15.0,carbon,211.9472222222222,208.19555553555554,3.7516666866666677,0.9822990523426954,0.10045523440466332,55.91956311375206,74.92966892152546,39.739418466597044,64.30749758081487,6.460024743458076,0.10045523440466331,0.8814722222222227,,,3.7516666766666673,True,True,0,233,2.220446049250313e-16,0.0,0.0,0.0,1.00000003833145e-08,0.0,7,0.0,412,1,0.0,0.0,187.28122220222224,20.914333333333346,0.0,0.0
scenario_coarse,0.0,0.0,1.2125223354705221,0.0,1.2125223354705221,0.03032573394857252,0.08032844925234262,-7.055427778609724,-9.999979511121637e-09,40.65056878550282,3.7516666766666673,37.75217152929903,screened_water_cap_0.00,equal_site_portfolio,legacy_stress,tight,uniform_google_ai_2024,portfolio_mean,central,gentd26_hourly_service_demand.csv,gentd26_aligned_regional_hourly_cef.csv,capacity_scenarios.csv,energy_calibration_bounds.csv,trace_timestamp_anonymized,single_row_default,0.15,20.0,carbon,211.9472222222222,208.19555553555554,3.7516666866666677,0.9822990523426954,0.15270298759045264,55.919563113752076,74.63750176834301,37.7824972632476,64.30749758081487,0.0,0.0,0.8814722222222227,,,3.7516666766666673,True,True,0,395,4.440892098500626e-16,0.0,0.0,0.0,1.00000003833145e-08,0.0,3,0.0,554,3,0.0,0.0,176.40347220222225,0.0,0.0,31.79208333333335
scenario_coarse,0.25,0.30313058386763053,1.2125223354705221,0.25,0.9093917516028915,0.014830375139283092,0.03928350221595878,-7.093546209107105,-9.999979511121637e-09,40.65056878550282,3.7516666766666673,37.75217152929903,screened_water_cap_0.25,equal_site_portfolio,legacy_stress,tight,uniform_google_ai_2024,portfolio_mean,central,gentd26_hourly_service_demand.csv,gentd26_aligned_regional_hourly_cef.csv,capacity_scenarios.csv,energy_calibration_bounds.csv,trace_timestamp_anonymized,single_row_default,0.15,20.0,carbon,211.9472222222222,208.19555553555554,3.7516666866666677,0.9822990523426954,0.15270298759045264,55.919563113752076,74.63750176834301,37.76700190443831,64.30749758081487,0.30313058386763053,0.004713767371941165,0.8814722222222227,,,3.7516666766666673,True,True,0,776,4.440892098500626e-16,0.0,0.0,0.0,1.00000003833145e-08,0.0,3,0.0,554,3,0.0,0.0,176.40347220222225,0.4545520833333333,0.5268333333333332,30.81069791666668
scenario_coarse,0.5,0.6062611677352611,1.2125223354705221,0.5,0.6062611677352611,0.005037475674491532,0.013343538849364123,-7.1176366456184965,-9.999979511121637e-09,40.65056878550282,3.7516666766666673,37.75217152929903,screened_water_cap_0.50,equal_site_portfolio,legacy_stress,tight,uniform_google_ai_2024,portfolio_mean,central,gentd26_hourly_service_demand.csv,gentd26_aligned_regional_hourly_cef.csv,capacity_scenarios.csv,energy_calibration_bounds.csv,trace_timestamp_anonymized,single_row_default,0.15,20.0,carbon,211.9472222222222,208.19555553555554,3.7516666866666677,0.9822990523426954,0.15270298759045264,55.919563113752076,74.63750176834301,37.75720900497352,64.30749758081487,0.6062611677352611,0.00942753474388233,0.8814722222222227,,,3.7516666766666673,True,True,0,779,4.440892098500626e-16,0.0,0.0,0.0,1.00000003833145e-08,0.0,3,0.0,554,3,0.0,0.0,176.40347220222225,1.0018125,0.9609583333333331,29.82931250000001
scenario_coarse,0.75,0.9093917516028915,1.2125223354705221,0.7499999999999997,0.3031305838676309,0.0009287945287255184,0.0024602413347452057,-7.127743960887434,-9.999979511121637e-09,40.65056878550282,3.7516666766666673,37.75217152929903,screened_water_cap_0.75,equal_site_portfolio,legacy_stress,tight,uniform_google_ai_2024,portfolio_mean,central,gentd26_hourly_service_demand.csv,gentd26_aligned_regional_hourly_cef.csv,capacity_scenarios.csv,energy_calibration_bounds.csv,trace_timestamp_anonymized,single_row_default,0.15,20.0,carbon,211.9472222222222,208.19555553555554,3.7516666866666677,0.9822990523426954,0.15270298759045264,55.919563113752076,74.63750176834301,37.75310032382775,64.30749758081487,0.9093917516028912,0.01414130211582349,0.8814722222222227,,,3.7516666766666673,True,True,0,778,4.440892098500626e-16,0.0,0.0,0.0,1.00000003833145e-08,0.0,3,0.0,554,3,3.3306690738754696e-16,0.0,176.40347220222225,1.5220833333333332,1.422072916666666,28.847927083333342
scenario_coarse,1.0,1.2125223354705221,1.2125223354705221,1.0,0.0,0.0,0.0,-7.130028786306786,-9.999979511121637e-09,40.65056878550282,3.7516666766666673,37.75217152929903,screened_water_cap_1.00,equal_site_portfolio,legacy_stress,tight,uniform_google_ai_2024,portfolio_mean,central,gentd26_hourly_service_demand.csv,gentd26_aligned_regional_hourly_cef.csv,capacity_scenarios.csv,energy_calibration_bounds.csv,trace_timestamp_anonymized,single_row_default,0.15,20.0,carbon,211.9472222222222,208.19555553555554,3.7516666866666677,0.9822990523426954,0.15270298759045264,55.919563113752076,74.63750176834303,37.75217152929903,64.30749758081487,1.2125223354705221,0.01885506948776466,0.8814722222222227,,,3.7516666766666673,True,True,0,770,4.440892098500626e-16,0.0,0.0,0.0,1.00000003833145e-08,0.0,3,0.0,554,3,0.0,0.0,176.40347220222225,1.9265833333333329,1.9989583333333334,27.86654166666667
scenario_coarse,0.0,0.0,1.2125223354705221,0.0,1.2125223354705221,0.03032573394857252,0.08032844925234262,-7.055427778609724,-9.999979511121637e-09,40.65056878550282,3.7516666766666673,37.75217152929903,screened_water_cap_0.00,equal_site_portfolio,legacy_stress,tight,uniform_google_ai_2024,portfolio_mean,central,gentd26_hourly_service_demand.csv,gentd26_aligned_regional_hourly_cef.csv,capacity_scenarios.csv,energy_calibration_bounds.csv,trace_timestamp_anonymized,single_row_default,0.15,35.0,carbon,211.9472222222222,208.19555553555554,3.7516666866666677,0.9822990523426954,0.15270298759045264,55.919563113752076,74.63750176834301,37.7824972632476,64.30749758081487,0.0,0.0,0.8814722222222227,,,3.7516666766666673,True,True,0,395,4.440892098500626e-16,0.0,0.0,0.0,1.00000003833145e-08,0.0,3,0.0,554,3,0.0,0.0,176.40347220222225,0.0,0.0,31.79208333333335
scenario_coarse,0.25,0.30313058386763053,1.2125223354705221,0.25,0.9093917516028915,0.014830375139283092,0.03928350221595878,-7.093546209107105,-9.999979511121637e-09,40.65056878550282,3.7516666766666673,37.75217152929903,screened_water_cap_0.25,equal_site_portfolio,legacy_stress,tight,uniform_google_ai_2024,portfolio_mean,central,gentd26_hourly_service_demand.csv,gentd26_aligned_regional_hourly_cef.csv,capacity_scenarios.csv,energy_calibration_bounds.csv,trace_timestamp_anonymized,single_row_default,0.15,35.0,carbon,211.9472222222222,208.19555553555554,3.7516666866666677,0.9822990523426954,0.15270298759045264,55.919563113752076,74.63750176834301,37.76700190443831,64.30749758081487,0.30313058386763053,0.004713767371941165,0.8814722222222227,,,3.7516666766666673,True,True,0,776,4.440892098500626e-16,0.0,0.0,0.0,1.00000003833145e-08,0.0,3,0.0,554,3,0.0,0.0,176.40347220222225,0.4545520833333333,0.5268333333333332,30.81069791666668
scenario_coarse,0.5,0.6062611677352611,1.2125223354705221,0.5,0.6062611677352611,0.005037475674491532,0.013343538849364123,-7.1176366456184965,-9.999979511121637e-09,40.65056878550282,3.7516666766666673,37.75217152929903,screened_water_cap_0.50,equal_site_portfolio,legacy_stress,tight,uniform_google_ai_2024,portfolio_mean,central,gentd26_hourly_service_demand.csv,gentd26_aligned_regional_hourly_cef.csv,capacity_scenarios.csv,energy_calibration_bounds.csv,trace_timestamp_anonymized,single_row_default,0.15,35.0,carbon,211.9472222222222,208.19555553555554,3.7516666866666677,0.9822990523426954,0.15270298759045264,55.919563113752076,74.63750176834301,37.75720900497352,64.30749758081487,0.6062611677352611,0.00942753474388233,0.8814722222222227,,,3.7516666766666673,True,True,0,779,4.440892098500626e-16,0.0,0.0,0.0,1.00000003833145e-08,0.0,3,0.0,554,3,0.0,0.0,176.40347220222225,1.0018125,0.9609583333333331,29.82931250000001
scenario_coarse,0.75,0.9093917516028915,1.2125223354705221,0.7499999999999997,0.3031305838676309,0.0009287945287255184,0.0024602413347452057,-7.127743960887434,-9.999979511121637e-09,40.65056878550282,3.7516666766666673,37.75217152929903,screened_water_cap_0.75,equal_site_portfolio,legacy_stress,tight,uniform_google_ai_2024,portfolio_mean,central,gentd26_hourly_service_demand.csv,gentd26_aligned_regional_hourly_cef.csv,capacity_scenarios.csv,energy_calibration_bounds.csv,trace_timestamp_anonymized,single_row_default,0.15,35.0,carbon,211.9472222222222,208.19555553555554,3.7516666866666677,0.9822990523426954,0.15270298759045264,55.919563113752076,74.63750176834301,37.75310032382775,64.30749758081487,0.9093917516028912,0.01414130211582349,0.8814722222222227,,,3.7516666766666673,True,True,0,778,4.440892098500626e-16,0.0,0.0,0.0,1.00000003833145e-08,0.0,3,0.0,554,3,3.3306690738754696e-16,0.0,176.40347220222225,1.5220833333333332,1.422072916666666,28.847927083333342
scenario_coarse,1.0,1.2125223354705221,1.2125223354705221,1.0,0.0,0.0,0.0,-7.130028786306786,-9.999979511121637e-09,40.65056878550282,3.7516666766666673,37.75217152929903,screened_water_cap_1.00,equal_site_portfolio,legacy_stress,tight,uniform_google_ai_2024,portfolio_mean,central,gentd26_hourly_service_demand.csv,gentd26_aligned_regional_hourly_cef.csv,capacity_scenarios.csv,energy_calibration_bounds.csv,trace_timestamp_anonymized,single_row_default,0.15,35.0,carbon,211.9472222222222,208.19555553555554,3.7516666866666677,0.9822990523426954,0.15270298759045264,55.919563113752076,74.63750176834303,37.75217152929903,64.30749758081487,1.2125223354705221,0.01885506948776466,0.8814722222222227,,,3.7516666766666673,True,True,0,770,4.440892098500626e-16,0.0,0.0,0.0,1.00000003833145e-08,0.0,3,0.0,554,3,0.0,0.0,176.40347220222225,1.9265833333333329,1.9989583333333334,27.86654166666667
scenario_coarse,0.0,0.0,12.920049486916152,0.0,12.920049486916152,1.8061292432326255,4.649646808188002,-5.45240519400636e-09,-9.999979511121637e-09,40.65056878550282,3.7516666766666673,38.84443954005376,screened_water_cap_0.00,equal_site_portfolio,legacy_stress,tight,uniform_google_ai_2024,portfolio_mean,central,gentd26_hourly_service_demand.csv,gentd26_aligned_regional_hourly_cef.csv,capacity_scenarios.csv,energy_calibration_bounds.csv,trace_timestamp_anonymized,single_row_default,0.3,15.0,carbon,211.9472222222222,208.19555553555554,3.7516666866666672,0.9822990523426954,0.0,55.91956311375206,75.49141020356531,40.65056878328639,64.30749758081487,0.0,0.0,0.0,,,3.7516666766666673,True,True,0,0,0.0,0.0,0.0,0.0,9.99999993922529e-09,0.0,11,0.0,184,1,0.0,0.0,208.1955555355556,0.0,0.0,0.0
scenario_coarse,0.25,3.230012371729038,12.920049486916152,0.25000000000000006,9.690037115187113,1.0604118891601289,2.729893652003157,-1.8344573730906144,-9.999979511121637e-09,40.65056878550282,3.7516666766666673,38.84443954005376,screened_water_cap_0.25,equal_site_portfolio,legacy_stress,tight,uniform_google_ai_2024,portfolio_mean,central,gentd26_hourly_service_demand.csv,gentd26_aligned_regional_hourly_cef.csv,capacity_scenarios.csv,energy_calibration_bounds.csv,trace_timestamp_anonymized,single_row_default,0.3,15.0,carbon,211.9472222222222,208.19555553555554,3.7516666866666672,0.9822990523426954,0.05022761720233167,55.91956311375206,75.21053956254538,39.90485142921389,64.30749758081487,3.230012371729039,0.05022761720233167,0.0,,,3.7516666766666673,True,True,0,252,2.220446049250313e-16,0.0,0.0,0.0,9.99999993922529e-09,0.0,11,0.0,246,1,-8.881784197001252e-16,8.881784197001252e-16,197.73838886888885,10.45716666666667,0.0,0.0
scenario_coarse,0.5,6.460024743458076,12.920049486916152,0.49999999999999994,6.460024743458077,0.5606714389312017,1.4433763122082777,-3.0638139729105673,-9.999979511121637e-09,40.65056878550282,3.7516666766666673,38.84443954005376,screened_water_cap_0.50,equal_site_portfolio,legacy_stress,tight,uniform_google_ai_2024,portfolio_mean,central,gentd26_hourly_service_demand.csv,gentd26_aligned_regional_hourly_cef.csv,capacity_scenarios.csv,energy_calibration_bounds.csv,trace_timestamp_anonymized,single_row_default,0.3,15.0,carbon,211.9472222222222,208.19555553555554,3.7516666866666672,0.9822990523426954,0.10045523440466328,55.91956311375207,74.92966892152546,39.405110978984965,64.30749758081487,6.460024743458075,0.1004552344046633,0.0,,,3.7516666766666673,True,True,0,252,2.220446049250313e-16,0.0,0.0,0.0,9.99999993922529e-09,0.0,11,0.0,292,1,8.881784197001252e-16,0.0,187.28122220222227,20.91433333333332,0.0,0.0
scenario_coarse,0.75,9.690037115187113,12.920049486916152,0.7500000000000002,3.2300123717290354,0.1663560308855594,0.4282621473120418,-4.033826004295149,-1.0000007932831068e-08,40.65056878550282,3.7516666766666673,38.84443954005376,screened_water_cap_0.75,equal_site_portfolio,legacy_stress,tight,uniform_google_ai_2024,portfolio_mean,central,gentd26_hourly_service_demand.csv,gentd26_aligned_regional_hourly_cef.csv,capacity_scenarios.csv,energy_calibration_bounds.csv,trace_timestamp_anonymized,single_row_default,0.3,15.0,carbon,211.9472222222222,208.1955555355555,3.7516666866666677,0.9822990523426953,0.150682851606995,55.91956311375206,74.64879828050556,39.01079557093932,64.30749758081487,9.690037115187117,0.15068285160699502,0.0,,,3.7516666766666673,True,True,0,247,2.220446049250313e-16,0.0,0.0,0.0,1.00000003833145e-08,0.0,10,0.0,344,1,-3.552713678800501e-15,3.552713678800501e-15,176.82405553555554,31.371500000000005,0.0,0.0
scenario_coarse,1.0,12.920049486916152,12.920049486916152,1.0,0.0,0.0,0.0,-4.443060206560201,-9.999951089412207e-09,40.65056878550282,3.7516666766666673,38.84443954005376,screened_water_cap_1.00,equal_site_portfolio,legacy_stress,tight,uniform_google_ai_2024,portfolio_mean,central,gentd26_hourly_service_demand.csv,gentd26_aligned_regional_hourly_cef.csv,capacity_scenarios.csv,energy_calibration_bounds.csv,trace_timestamp_anonymized,single_row_default,0.3,15.0,carbon,211.9472222222222,208.19555553555557,3.7516666866666672,0.9822990523426955,0.20091046880932661,55.91956311375206,74.36792763948563,38.84443954005376,64.30749758081487,12.920049486916152,0.20091046880932661,0.0,,,3.7516666766666673,True,True,0,236,2.220446049250313e-16,0.0,0.0,0.0,9.99999993922529e-09,0.0,6,0.0,412,1,0.0,0.0,166.36688886888888,41.82866666666669,0.0,0.0
scenario_coarse,0.0,0.0,2.4250446709410443,0.0,2.4250446709410443,0.06065146789714504,0.17387574710223674,-14.0412369154573,-9.999951089412207e-09,40.65056878550282,3.7516666766666673,34.88207464695229,screened_water_cap_0.00,equal_site_portfolio,legacy_stress,tight,uniform_google_ai_2024,portfolio_mean,central,gentd26_hourly_service_demand.csv,gentd26_aligned_regional_hourly_cef.csv,capacity_scenarios.csv,energy_calibration_bounds.csv,trace_timestamp_anonymized,single_row_default,0.3,20.0,carbon,211.9472222222222,208.19555553555557,3.7516666866666677,0.9822990523426955,0.30540597518090523,55.91956311375207,73.78359333312073,34.942726114849435,64.30749758081487,0.0,0.0,0.0,,,3.7516666766666673,True,True,0,407,4.440892098500626e-16,0.0,0.0,0.0,1.00000003833145e-08,0.04436111111111085,0,0.0,554,3,0.0,0.0,144.61138886888887,0.0,0.0,63.5841666666667
scenario_coarse,0.25,0.6062611677352611,2.4250446709410443,0.25,1.818783503205783,0.029660750278566184,0.08503149706193813,-14.11747377645205,-9.999951089412207e-09,40.65056878550282,3.7516666766666673,34.88207464695229,screened_water_cap_0.25,equal_site_portfolio,legacy_stress,tight,uniform_google_ai_2024,portfolio_mean,central,gentd26_hourly_service_demand.csv,gentd26_aligned_regional_hourly_cef.csv,capacity_scenarios.csv,energy_calibration_bounds.csv,trace_timestamp_anonymized,single_row_default,0.3,20.0,carbon,211.9472222222222,208.19555553555557,3.7516666866666677,0.9822990523426955,0.30540597518090523,55.91956311375207,73.78359333312073,34.911735397230856,64.30749758081487,0.6062611677352611,0.00942753474388233,0.0,,,3.7516666766666673,True,True,0,776,4.440892098500626e-16,0.0,0.0,0.0,1.00000003833145e-08,0.04436111111111085,0,0.0,554,3,0.0,0.0,144.61138886888887,0.9091041666666666,1.0536666666666663,61.62139583333336
scenario_coarse,0.5,1.2125223354705221,2.4250446709410443,0.5,1.2125223354705221,0.010074951348983063,0.028882890283776774,-14.165654649474835,-9.999951089412207e-09,40.65056878550282,3.7516666766666673,34.88207464695229,screened_water_cap_0.50,equal_site_portfolio,legacy_stress,tight,uniform_google_ai_2024,portfolio_mean,central,gentd26_hourly_service_demand.csv,gentd26_aligned_regional_hourly_cef.csv,capacity_scenarios.csv,energy_calibration_bounds.csv,trace_timestamp_anonymized,single_row_default,0.3,20.0,carbon,211.9472222222222,208.19555553555557,3.7516666866666677,0.9822990523426955,0.30540597518090523,55.91956311375207,73.78359333312073,34.89214959830127,64.30749758081487,1.2125223354705221,0.01885506948776466,0.0,,,3.7516666766666673,True,True,0,779,4.440892098500626e-16,0.0,0.0,0.0,1.00000003833145e-08,0.04436111111111085,0,0.0,554,3,0.0,0.0,144.61138886888887,2.003625,1.9219166666666663,59.65862500000002
scenario_coarse,0.75,1.818783503205783,2.4250446709410443,0.7499999999999997,0.6062611677352618,0.001857589057436826,0.005325339952499952,-14.185869280012742,-9.999951089412207e-09,40.65056878550282,3.7516666766666673,34.88207464695229,screened_water_cap_0.75,equal_site_portfolio,legacy_stress,tight,uniform_google_ai_2024,portfolio_mean,central,gentd26_hourly_service_demand.csv,gentd26_aligned_regional_hourly_cef.csv,capacity_scenarios.csv,energy_calibration_bounds.csv,trace_timestamp_anonymized,single_row_default,0.3,20.0,carbon,211.9472222222222,208.19555553555557,3.7516666866666677,0.9822990523426955,0.30540597518090523,55.91956311375207,73.78359333312073,34.88393223600973,64.30749758081487,1.8187835032057824,0.02828260423164698,0.0,,,3.7516666766666673,True,True,0,781,4.440892098500626e-16,0.0,0.0,0.0,1.00000003833145e-08,0.04436111111111085,0,0.0,554,3,6.661338147750939e-16,0.0,144.61138886888887,3.0441666666666665,2.844145833333332,57.695854166666685
scenario_coarse,1.0,2.4250446709410443,2.4250446709410443,1.0,0.0,0.0,0.0,-14.190438930851423,-9.999951089412207e-09,40.65056878550282,3.7516666766666673,34.88207464695229,screened_water_cap_1.00,equal_site_portfolio,legacy_stress,tight,uniform_google_ai_2024,portfolio_mean,central,gentd26_hourly_service_demand.csv,gentd26_aligned_regional_hourly_cef.csv,capacity_scenarios.csv,energy_calibration_bounds.csv,trace_timestamp_anonymized,single_row_default,0.3,20.0,carbon,211.9472222222222,208.19555553555557,3.7516666866666677,0.9822990523426955,0.30540597518090523,55.91956311375207,73.78359333312073,34.88207464695229,64.30749758081487,2.4250446709410443,0.03771013897552932,0.0,,,3.7516666766666673,True,True,0,770,4.440892098500626e-16,0.0,0.0,0.0,1.00000003833145e-08,0.04436111111111085,0,0.0,554,3,0.0,0.0,144.61138886888887,3.8531666666666657,3.997916666666667,55.73308333333334
scenario_coarse,0.0,0.0,2.4250446709410443,0.0,2.4250446709410443,0.06065146789714504,0.17387574710223674,-14.0412369154573,-9.999951089412207e-09,40.65056878550282,3.7516666766666673,34.88207464695229,screened_water_cap_0.00,equal_site_portfolio,legacy_stress,tight,uniform_google_ai_2024,portfolio_mean,central,gentd26_hourly_service_demand.csv,gentd26_aligned_regional_hourly_cef.csv,capacity_scenarios.csv,energy_calibration_bounds.csv,trace_timestamp_anonymized,single_row_default,0.3,35.0,carbon,211.9472222222222,208.19555553555557,3.7516666866666677,0.9822990523426955,0.30540597518090523,55.91956311375207,73.78359333312073,34.942726114849435,64.30749758081487,0.0,0.0,0.0,,,3.7516666766666673,True,True,0,407,4.440892098500626e-16,0.0,0.0,0.0,1.00000003833145e-08,0.04436111111111085,0,0.0,554,3,0.0,0.0,144.61138886888887,0.0,0.0,63.5841666666667
scenario_coarse,0.25,0.6062611677352611,2.4250446709410443,0.25,1.818783503205783,0.029660750278566184,0.08503149706193813,-14.11747377645205,-9.999951089412207e-09,40.65056878550282,3.7516666766666673,34.88207464695229,screened_water_cap_0.25,equal_site_portfolio,legacy_stress,tight,uniform_google_ai_2024,portfolio_mean,central,gentd26_hourly_service_demand.csv,gentd26_aligned_regional_hourly_cef.csv,capacity_scenarios.csv,energy_calibration_bounds.csv,trace_timestamp_anonymized,single_row_default,0.3,35.0,carbon,211.9472222222222,208.19555553555557,3.7516666866666677,0.9822990523426955,0.30540597518090523,55.91956311375207,73.78359333312073,34.911735397230856,64.30749758081487,0.6062611677352611,0.00942753474388233,0.0,,,3.7516666766666673,True,True,0,776,4.440892098500626e-16,0.0,0.0,0.0,1.00000003833145e-08,0.04436111111111085,0,0.0,554,3,0.0,0.0,144.61138886888887,0.9091041666666666,1.0536666666666663,61.62139583333336
scenario_coarse,0.5,1.2125223354705221,2.4250446709410443,0.5,1.2125223354705221,0.010074951348983063,0.028882890283776774,-14.165654649474835,-9.999951089412207e-09,40.65056878550282,3.7516666766666673,34.88207464695229,screened_water_cap_0.50,equal_site_portfolio,legacy_stress,tight,uniform_google_ai_2024,portfolio_mean,central,gentd26_hourly_service_demand.csv,gentd26_aligned_regional_hourly_cef.csv,capacity_scenarios.csv,energy_calibration_bounds.csv,trace_timestamp_anonymized,single_row_default,0.3,35.0,carbon,211.9472222222222,208.19555553555557,3.7516666866666677,0.9822990523426955,0.30540597518090523,55.91956311375207,73.78359333312073,34.89214959830127,64.30749758081487,1.2125223354705221,0.01885506948776466,0.0,,,3.7516666766666673,True,True,0,779,4.440892098500626e-16,0.0,0.0,0.0,1.00000003833145e-08,0.04436111111111085,0,0.0,554,3,0.0,0.0,144.61138886888887,2.003625,1.9219166666666663,59.65862500000002
scenario_coarse,0.75,1.818783503205783,2.4250446709410443,0.7499999999999997,0.6062611677352618,0.001857589057436826,0.005325339952499952,-14.185869280012742,-9.999951089412207e-09,40.65056878550282,3.7516666766666673,34.88207464695229,screened_water_cap_0.75,equal_site_portfolio,legacy_stress,tight,uniform_google_ai_2024,portfolio_mean,central,gentd26_hourly_service_demand.csv,gentd26_aligned_regional_hourly_cef.csv,capacity_scenarios.csv,energy_calibration_bounds.csv,trace_timestamp_anonymized,single_row_default,0.3,35.0,carbon,211.9472222222222,208.19555553555557,3.7516666866666677,0.9822990523426955,0.30540597518090523,55.91956311375207,73.78359333312073,34.88393223600973,64.30749758081487,1.8187835032057824,0.02828260423164698,0.0,,,3.7516666766666673,True,True,0,781,4.440892098500626e-16,0.0,0.0,0.0,1.00000003833145e-08,0.04436111111111085,0,0.0,554,3,6.661338147750939e-16,0.0,144.61138886888887,3.0441666666666665,2.844145833333332,57.695854166666685
scenario_coarse,1.0,2.4250446709410443,2.4250446709410443,1.0,0.0,0.0,0.0,-14.190438930851423,-9.999951089412207e-09,40.65056878550282,3.7516666766666673,34.88207464695229,screened_water_cap_1.00,equal_site_portfolio,legacy_stress,tight,uniform_google_ai_2024,portfolio_mean,central,gentd26_hourly_service_demand.csv,gentd26_aligned_regional_hourly_cef.csv,capacity_scenarios.csv,energy_calibration_bounds.csv,trace_timestamp_anonymized,single_row_default,0.3,35.0,carbon,211.9472222222222,208.19555553555557,3.7516666866666677,0.9822990523426955,0.30540597518090523,55.91956311375207,73.78359333312073,34.88207464695229,64.30749758081487,2.4250446709410443,0.03771013897552932,0.0,,,3.7516666766666673,True,True,0,770,4.440892098500626e-16,0.0,0.0,0.0,1.00000003833145e-08,0.04436111111111085,0,0.0,554,3,0.0,0.0,144.61138886888887,3.8531666666666657,3.997916666666667,55.73308333333334
scenario_coarse,0.0,0.0,21.509992391716956,0.0,21.509992391716956,2.9943366821687505,7.951769242679685,-5.45240519400636e-09,-9.999979511121637e-09,40.65056878550282,3.7516666766666673,37.65623210111764,screened_water_cap_0.00,equal_site_portfolio,legacy_stress,tight,uniform_google_ai_2024,portfolio_mean,central,gentd26_hourly_service_demand.csv,gentd26_aligned_regional_hourly_cef.csv,capacity_scenarios.csv,energy_calibration_bounds.csv,trace_timestamp_anonymized,single_row_default,0.5,15.0,carbon,211.9472222222222,208.19555553555554,3.7516666866666672,0.9822990523426954,0.0,55.91956311375206,75.49141020356531,40.65056878328639,64.30749758081487,0.0,0.0,0.0,,,3.7516666766666673,True,True,0,0,0.0,0.0,0.0,0.0,9.99999993922529e-09,0.0,11,0.0,184,1,0.0,0.0,208.1955555355556,0.0,0.0,0.0
scenario_coarse,0.25,5.377498097929239,21.509992391716956,0.24999999999999992,16.13249429378772,1.7524761934895423,4.653880900201712,-3.0549646118076534,-9.999979511121637e-09,40.65056878550282,3.7516666766666673,37.65623210111764,screened_water_cap_0.25,equal_site_portfolio,legacy_stress,tight,uniform_google_ai_2024,portfolio_mean,central,gentd26_hourly_service_demand.csv,gentd26_aligned_regional_hourly_cef.csv,capacity_scenarios.csv,energy_calibration_bounds.csv,trace_timestamp_anonymized,single_row_default,0.5,15.0,carbon,211.9472222222222,208.19555553555554,3.7516666866666672,0.9822990523426954,0.08362163511605107,55.91956311375206,75.02380167331059,39.40870829460718,64.30749758081487,5.377498097929237,0.08362163511605106,0.0,,,3.7516666766666673,True,True,0,255,0.0,0.0,0.0,0.0,9.99999993922529e-09,0.0,11,0.0,246,1,1.7763568394002505e-15,0.0,190.7859027577778,17.409652777777765,0.0,0.0
scenario_coarse,0.5,10.754996195858478,21.509992391716956,0.5,10.754996195858478,0.920347173673278,2.4440766436798267,-5.10199382856249,-9.999979511121637e-09,40.65056878550282,3.7516666766666673,37.65623210111764,screened_water_cap_0.50,equal_site_portfolio,legacy_stress,tight,uniform_google_ai_2024,portfolio_mean,central,gentd26_hourly_service_demand.csv,gentd26_aligned_regional_hourly_cef.csv,capacity_scenarios.csv,energy_calibration_bounds.csv,trace_timestamp_anonymized,single_row_default,0.5,15.0,carbon,211.9472222222222,208.19555553555554,3.7516666866666672,0.9822990523426954,0.1672432702321022,55.91956311375207,74.55619314305586,38.576579274790916,64.30749758081487,10.754996195858478,0.16724327023210217,0.0,,,3.7516666766666673,True,True,0,257,0.0,0.0,0.0,0.0,9.99999993922529e-09,0.0,11,0.0,292,1,0.0,0.0,173.37624998000004,34.81930555555556,0.0,0.0
scenario_coarse,0.75,16.132494293787715,21.509992391716956,0.7499999999999999,5.377498097929241,0.2666164929544621,0.7080275377486567,-6.710164883113534,-1.0000007932831068e-08,40.65056878550282,3.7516666766666673,37.65623210111764,screened_water_cap_0.75,equal_site_portfolio,legacy_stress,tight,uniform_google_ai_2024,portfolio_mean,central,gentd26_hourly_service_demand.csv,gentd26_aligned_regional_hourly_cef.csv,capacity_scenarios.csv,energy_calibration_bounds.csv,trace_timestamp_anonymized,single_row_default,0.5,15.0,carbon,211.9472222222222,208.1955555355555,3.7516666866666677,0.9822990523426953,0.25086490534815326,55.91956311375206,74.08858461280116,37.9228485940721,64.30749758081487,16.132494293787715,0.25086490534815326,0.0,,,3.7516666766666673,True,True,0,249,0.0,0.0,0.0,0.0,1.00000003833145e-08,0.0,10,0.0,348,1,0.0,0.0,155.9665972022223,52.228958333333345,0.0,0.0
scenario_coarse,1.0,21.509992391716956,21.509992391716956,1.0,0.0,0.0,0.0,-7.366038837451761,-1.0000007932831068e-08,40.65056878550282,3.7516666766666673,37.65623210111764,screened_water_cap_1.00,equal_site_portfolio,legacy_stress,tight,uniform_google_ai_2024,portfolio_mean,central,gentd26_hourly_service_demand.csv,gentd26_aligned_regional_hourly_cef.csv,capacity_scenarios.csv,energy_calibration_bounds.csv,trace_timestamp_anonymized,single_row_default,0.5,15.0,carbon,211.9472222222222,208.1955555355555,3.751666686666667,0.9822990523426953,0.33448654046420445,55.91956311375206,73.62097608254643,37.65623210111764,64.30749758081487,21.509992391716956,0.33448654046420434,0.0,,,3.7516666766666673,True,True,0,239,0.0,0.0,0.0,0.0,9.99999949513608e-09,0.0,7,0.0,411,1,0.0,0.0,138.55694442444445,69.63861111111113,0.0,0.0
scenario_coarse,0.0,0.0,4.174645430636677,0.0,4.174645430636677,0.11091537444558952,0.35656899808234055,-23.205989731032027,-9.999979511121637e-09,40.65056878550282,3.7516666766666673,31.106286593087333,screened_water_cap_0.00,equal_site_portfolio,legacy_stress,tight,uniform_google_ai_2024,portfolio_mean,central,gentd26_hourly_service_demand.csv,gentd26_aligned_regional_hourly_cef.csv,capacity_scenarios.csv,energy_calibration_bounds.csv,trace_timestamp_anonymized,single_row_default,0.5,20.0,carbon,211.9472222222222,208.19555553555554,3.751666686666667,0.9822990523426954,0.5069432585236369,55.91956311375207,72.65660564955493,31.217201967532922,64.30749758081487,0.0,0.0,0.0,,,3.7516666766666673,True,True,0,420,0.0,0.0,0.0,0.0,9.99999949513608e-09,0.0,3,0.0,551,3,0.0,0.0,102.65222220222225,0.0,0.0,105.54333333333334
scenario_coarse,0.25,1.0436613576591693,4.174645430636677,0.25,3.1309840729775082,0.05379731231339946,0.17294675194483577,-23.346499602944483,-9.999979511121637e-09,40.65056878550282,3.7516666766666673,31.106286593087333,screened_water_cap_0.25,equal_site_portfolio,legacy_stress,tight,uniform_google_ai_2024,portfolio_mean,central,gentd26_hourly_service_demand.csv,gentd26_aligned_regional_hourly_cef.csv,capacity_scenarios.csv,energy_calibration_bounds.csv,trace_timestamp_anonymized,single_row_default,0.5,20.0,carbon,211.9472222222222,208.19555553555554,3.751666686666667,0.9822990523426954,0.5090099586348422,55.91956311375207,72.64504875282437,31.160083905400732,64.30749758081487,1.0436613576591693,0.01622923293427187,0.0,,,3.7516666766666673,True,True,0,782,0.0,0.0,0.0,0.0,9.99999949513608e-09,0.0,3,0.0,554,3,0.0,0.0,102.22194442444446,1.2682986111111112,2.1105555555555555,102.59475694444444
scenario_coarse,0.5,2.0873227153183387,4.174645430636677,0.5,2.0873227153183387,0.018024321232907425,0.05794430389165495,-23.434500809690817,-9.999979511121637e-09,40.65056878550282,3.7516666766666673,31.106286593087333,screened_water_cap_0.50,equal_site_portfolio,legacy_stress,tight,uniform_google_ai_2024,portfolio_mean,central,gentd26_hourly_service_demand.csv,gentd26_aligned_regional_hourly_cef.csv,capacity_scenarios.csv,energy_calibration_bounds.csv,trace_timestamp_anonymized,single_row_default,0.5,20.0,carbon,211.9472222222222,208.19555553555554,3.751666686666667,0.9822990523426954,0.5090099586348422,55.91956311375207,72.64504875282437,31.12431091432024,64.30749758081487,2.0873227153183387,0.03245846586854374,0.0,,,3.7516666766666673,True,True,0,779,0.0,0.0,0.0,0.0,9.99999949513608e-09,0.0,3,0.0,554,3,0.0,0.0,102.22194442444447,3.200069444444445,3.5576388888888886,99.21590277777779
scenario_coarse,0.75,3.1309840729775082,4.174645430636677,0.7499999999999999,1.04366135765917,0.0032756771521462724,0.010530595294122591,-23.470782329289186,-9.999979511121637e-09,40.65056878550282,3.7516666766666673,31.106286593087333,screened_water_cap_0.75,equal_site_portfolio,legacy_stress,tight,uniform_google_ai_2024,portfolio_mean,central,gentd26_hourly_service_demand.csv,gentd26_aligned_regional_hourly_cef.csv,capacity_scenarios.csv,energy_calibration_bounds.csv,trace_timestamp_anonymized,single_row_default,0.5,20.0,carbon,211.9472222222222,208.19555553555554,3.751666686666667,0.9822990523426954,0.5090099586348422,55.91956311375207,72.64504875282437,31.10956227023948,64.30749758081487,3.1309840729775074,0.0486876988028156,0.0,,,3.7516666766666673,True,True,0,780,0.0,0.0,0.0,0.0,9.99999949513608e-09,0.0,3,0.0,554,3,8.881784197001252e-16,0.0,102.22194442444446,5.149444444444445,4.9871180555555545,95.83704861111111
scenario_coarse,1.0,4.174645430636677,4.174645430636677,1.0,0.0,0.0,0.0,-23.4788404629144,-9.999979511121637e-09,40.65056878550282,3.7516666766666673,31.106286593087333,screened_water_cap_1.00,equal_site_portfolio,legacy_stress,tight,uniform_google_ai_2024,portfolio_mean,central,gentd26_hourly_service_demand.csv,gentd26_aligned_regional_hourly_cef.csv,capacity_scenarios.csv,energy_calibration_bounds.csv,trace_timestamp_anonymized,single_row_default,0.5,20.0,carbon,211.9472222222222,208.19555553555554,3.751666686666667,0.9822990523426954,0.5090099586348422,55.91956311375207,72.64504875282437,31.106286593087333,64.30749758081487,4.174645430636677,0.06491693173708749,0.0,,,3.7516666766666673,True,True,0,779,0.0,0.0,1.457167719820518e-16,0.0,9.99999949513608e-09,0.0,3,-1.457167719820518e-16,554,3,0.0,0.0,102.22194442444446,6.497777777777777,7.017638888888889,92.45819444444446
scenario_coarse,0.0,0.0,4.174645430636677,0.0,4.174645430636677,0.11091537444558952,0.35656899808234055,-23.205989731032027,-9.999979511121637e-09,40.65056878550282,3.7516666766666673,31.106286593087333,screened_water_cap_0.00,equal_site_portfolio,legacy_stress,tight,uniform_google_ai_2024,portfolio_mean,central,gentd26_hourly_service_demand.csv,gentd26_aligned_regional_hourly_cef.csv,capacity_scenarios.csv,energy_calibration_bounds.csv,trace_timestamp_anonymized,single_row_default,0.5,35.0,carbon,211.9472222222222,208.19555553555554,3.751666686666667,0.9822990523426954,0.5069432585236369,55.91956311375207,72.65660564955493,31.217201967532922,64.30749758081487,0.0,0.0,0.0,,,3.7516666766666673,True,True,0,420,0.0,0.0,0.0,0.0,9.99999949513608e-09,0.0,3,0.0,551,3,0.0,0.0,102.65222220222225,0.0,0.0,105.54333333333334
scenario_coarse,0.25,1.0436613576591693,4.174645430636677,0.25,3.1309840729775082,0.05379731231339946,0.17294675194483577,-23.346499602944483,-9.999979511121637e-09,40.65056878550282,3.7516666766666673,31.106286593087333,screened_water_cap_0.25,equal_site_portfolio,legacy_stress,tight,uniform_google_ai_2024,portfolio_mean,central,gentd26_hourly_service_demand.csv,gentd26_aligned_regional_hourly_cef.csv,capacity_scenarios.csv,energy_calibration_bounds.csv,trace_timestamp_anonymized,single_row_default,0.5,35.0,carbon,211.9472222222222,208.19555553555554,3.751666686666667,0.9822990523426954,0.5090099586348422,55.91956311375207,72.64504875282437,31.160083905400732,64.30749758081487,1.0436613576591693,0.01622923293427187,0.0,,,3.7516666766666673,True,True,0,782,0.0,0.0,0.0,0.0,9.99999949513608e-09,0.0,3,0.0,554,3,0.0,0.0,102.22194442444446,1.2682986111111112,2.1105555555555555,102.59475694444444
scenario_coarse,0.5,2.0873227153183387,4.174645430636677,0.5,2.0873227153183387,0.018024321232907425,0.05794430389165495,-23.434500809690817,-9.999979511121637e-09,40.65056878550282,3.7516666766666673,31.106286593087333,screened_water_cap_0.50,equal_site_portfolio,legacy_stress,tight,uniform_google_ai_2024,portfolio_mean,central,gentd26_hourly_service_demand.csv,gentd26_aligned_regional_hourly_cef.csv,capacity_scenarios.csv,energy_calibration_bounds.csv,trace_timestamp_anonymized,single_row_default,0.5,35.0,carbon,211.9472222222222,208.19555553555554,3.751666686666667,0.9822990523426954,0.5090099586348422,55.91956311375207,72.64504875282437,31.12431091432024,64.30749758081487,2.0873227153183387,0.03245846586854374,0.0,,,3.7516666766666673,True,True,0,779,0.0,0.0,0.0,0.0,9.99999949513608e-09,0.0,3,0.0,554,3,0.0,0.0,102.22194442444447,3.200069444444445,3.5576388888888886,99.21590277777779
scenario_coarse,0.75,3.1309840729775082,4.174645430636677,0.7499999999999999,1.04366135765917,0.0032756771521462724,0.010530595294122591,-23.470782329289186,-9.999979511121637e-09,40.65056878550282,3.7516666766666673,31.106286593087333,screened_water_cap_0.75,equal_site_portfolio,legacy_stress,tight,uniform_google_ai_2024,portfolio_mean,central,gentd26_hourly_service_demand.csv,gentd26_aligned_regional_hourly_cef.csv,capacity_scenarios.csv,energy_calibration_bounds.csv,trace_timestamp_anonymized,single_row_default,0.5,35.0,carbon,211.9472222222222,208.19555553555554,3.751666686666667,0.9822990523426954,0.5090099586348422,55.91956311375207,72.64504875282437,31.10956227023948,64.30749758081487,3.1309840729775074,0.0486876988028156,0.0,,,3.7516666766666673,True,True,0,780,0.0,0.0,0.0,0.0,9.99999949513608e-09,0.0,3,0.0,554,3,8.881784197001252e-16,0.0,102.22194442444446,5.149444444444445,4.9871180555555545,95.83704861111111
scenario_coarse,1.0,4.174645430636677,4.174645430636677,1.0,0.0,0.0,0.0,-23.4788404629144,-9.999979511121637e-09,40.65056878550282,3.7516666766666673,31.106286593087333,screened_water_cap_1.00,equal_site_portfolio,legacy_stress,tight,uniform_google_ai_2024,portfolio_mean,central,gentd26_hourly_service_demand.csv,gentd26_aligned_regional_hourly_cef.csv,capacity_scenarios.csv,energy_calibration_bounds.csv,trace_timestamp_anonymized,single_row_default,0.5,35.0,carbon,211.9472222222222,208.19555553555554,3.751666686666667,0.9822990523426954,0.5090099586348422,55.91956311375207,72.64504875282437,31.106286593087333,64.30749758081487,4.174645430636677,0.06491693173708749,0.0,,,3.7516666766666673,True,True,0,779,0.0,0.0,1.457167719820518e-16,0.0,9.99999949513608e-09,0.0,3,-1.457167719820518e-16,554,3,0.0,0.0,102.22194442444446,6.497777777777777,7.017638888888889,92.45819444444446
scenario_coarse,0.0,0.0,6.460024743458076,0.0,6.460024743458076,0.8922701645387932,2.201502157576396,-5.350808685022912e-09,-1.0000007932831068e-08,41.422331037605474,1e-08,40.53006087085025,screened_water_cap_0.00,equal_site_portfolio,legacy_stress,central,uniform_google_ai_2024,portfolio_mean,central,gentd26_hourly_service_demand.csv,gentd26_aligned_regional_hourly_cef.csv,capacity_scenarios.csv,energy_calibration_bounds.csv,trace_timestamp_anonymized,single_row_default,0.15,15.0,carbon,211.9472222222222,211.94722220222218,2e-08,0.9999999999056368,0.0,56.92722900944693,76.85175916275338,41.42233103538904,65.46631336086396,0.0,0.0,0.0,,,1e-08,True,True,0,0,0.0,0.0,0.0,0.0,1e-08,0.4919444444444445,0,0.0,184,1,0.0,0.0,211.94722220222224,0.0,0.0,0.0
scenario_coarse,0.25,1.615006185864519,6.460024743458076,0.25000000000000006,4.845018557593557,0.5194114875025448,1.2815462803217992,-0.9001392966373145,-1.0000007932831068e-08,41.422331037605474,1e-08,40.53006087085025,screened_water_cap_0.25,equal_site_portfolio,legacy_stress,central,uniform_google_ai_2024,portfolio_mean,central,gentd26_hourly_service_demand.csv,gentd26_aligned_regional_hourly_cef.csv,capacity_scenarios.csv,energy_calibration_bounds.csv,trace_timestamp_anonymized,single_row_default,0.15,15.0,carbon,211.9472222222222,211.94722220222218,2e-08,0.9999999999056368,0.024669270391968902,56.92722900944694,76.71132384224342,41.049472358352794,65.46631336086396,1.6150061858645195,0.024669270391968902,0.0,,,1e-08,True,True,0,1,2.220446049250313e-16,0.0,0.0,0.0,1e-08,0.4919444444444445,0,0.0,246,1,-4.440892098500626e-16,4.440892098500626e-16,206.7186388688889,5.228583333333335,0.0,0.0
scenario_coarse,0.5,3.230012371729038,6.460024743458076,0.5,3.230012371729038,0.2696411221882187,0.6652867437022536,-1.5031241095575965,-9.999979511121637e-09,41.422331037605474,1e-08,40.53006087085025,screened_water_cap_0.50,equal_site_portfolio,legacy_stress,central,uniform_google_ai_2024,portfolio_mean,central,gentd26_hourly_service_demand.csv,gentd26_aligned_regional_hourly_cef.csv,capacity_scenarios.csv,energy_calibration_bounds.csv,trace_timestamp_anonymized,single_row_default,0.15,15.0,carbon,211.9472222222222,211.9472222022222,2e-08,0.9999999999056369,0.049338540783937776,56.92722900944694,76.57088852173347,40.79970199303847,65.46631336086396,3.230012371729038,0.04933854078393779,0.0,,,1e-08,True,True,0,1,2.220446049250313e-16,0.0,0.0,0.0,1e-08,0.4919444444444445,0,0.0,292,1,0.0,0.0,201.49005553555557,10.45716666666666,0.0,0.0
scenario_coarse,0.75,4.845018557593557,6.460024743458076,0.7500000000000002,1.6150061858645177,0.07551339370023413,0.1863145331581384,-1.971778875296737,-9.999979511121637e-09,41.422331037605474,1e-08,40.53006087085025,screened_water_cap_0.75,equal_site_portfolio,legacy_stress,central,uniform_google_ai_2024,portfolio_mean,central,gentd26_hourly_service_demand.csv,gentd26_aligned_regional_hourly_cef.csv,capacity_scenarios.csv,energy_calibration_bounds.csv,trace_timestamp_anonymized,single_row_default,0.15,15.0,carbon,211.9472222222222,211.9472222022222,2e-08,0.9999999999056369,0.0740078111759067,56.92722900944693,76.43045320122349,40.605574264550484,65.46631336086396,4.8450185575935585,0.0740078111759067,0.0,,,1e-08,True,True,0,1,2.220446049250313e-16,0.0,0.0,0.0,1e-08,0.4919444444444445,0,0.0,350,1,-1.7763568394002505e-15,1.7763568394002505e-15,196.26147220222222,15.685750000000004,0.0,0.0
scenario_coarse,1.0,6.460024743458076,6.460024743458076,1.0,0.0,0.0,0.0,-2.1540800442765295,-9.999979511121637e-09,41.422331037605474,1e-08,40.53006087085025,screened_water_cap_1.00,equal_site_portfolio,legacy_stress,central,uniform_google_ai_2024,portfolio_mean,central,gentd26_hourly_service_demand.csv,gentd26_aligned_regional_hourly_cef.csv,capacity_scenarios.csv,energy_calibration_bounds.csv,trace_timestamp_anonymized,single_row_default,0.15,15.0,carbon,211.9472222222222,211.9472222022222,2e-08,0.9999999999056369,0.09867708156787558,56.92722900944694,76.29001788071355,40.53006087085025,65.46631336086396,6.460024743458076,0.09867708156787558,0.0,,,1e-08,True,True,0,0,2.220446049250313e-16,0.0,0.0,0.0,1e-08,0.4919444444444445,0,0.0,412,1,0.0,0.0,191.0328888688889,20.914333333333346,0.0,0.0
scenario_coarse,0.0,0.0,1.2125223354705221,0.0,1.2125223354705221,0.03032573394857252,0.07864977440592558,-6.841874430566364,-9.999979511121637e-09,41.422331037605474,1e-08,38.557941427850416,screened_water_cap_0.00,equal_site_portfolio,legacy_stress,central,uniform_google_ai_2024,portfolio_mean,central,gentd26_hourly_service_demand.csv,gentd26_aligned_regional_hourly_cef.csv,capacity_scenarios.csv,energy_calibration_bounds.csv,trace_timestamp_anonymized,single_row_default,0.15,20.0,carbon,211.9472222222222,211.9472222022222,2e-08,0.9999999999056369,0.15000000001415448,56.92722900944694,75.9978507275311,38.58826716179899,65.46631336086396,0.0,0.0,0.0,,,1e-08,True,True,0,0,4.440892098500626e-16,0.0,0.0,0.0,1e-08,1.018152777777778,0,0.0,554,3,0.0,0.0,180.1551388688889,0.0,0.0,31.79208333333335
scenario_coarse,0.25,0.30313058386763053,1.2125223354705221,0.25,0.9093917516028915,0.014830375139283092,0.03846256981077101,-6.87928265560137,-9.999979511121637e-09,41.422331037605474,1e-08,38.557941427850416,screened_water_cap_0.25,equal_site_portfolio,legacy_stress,central,uniform_google_ai_2024,portfolio_mean,central,gentd26_hourly_service_demand.csv,gentd26_aligned_regional_hourly_cef.csv,capacity_scenarios.csv,energy_calibration_bounds.csv,trace_timestamp_anonymized,single_row_default,0.15,20.0,carbon,211.9472222222222,211.9472222022222,2e-08,0.9999999999056369,0.15000000001415448,56.92722900944693,75.9978507275311,38.5727718029897,65.46631336086396,0.30313058386763053,0.004630329222858657,0.0,,,1e-08,True,True,0,695,4.440892098500626e-16,0.0,0.0,0.0,1e-08,1.018152777777778,0,0.0,554,3,0.0,0.0,180.1551388688889,0.4545520833333333,0.5268333333333332,30.81069791666668
scenario_coarse,0.5,0.6062611677352611,1.2125223354705221,0.5,0.6062611677352611,0.005037475674491532,0.013064690406050516,-6.9029242499285886,-9.999979511121637e-09,41.422331037605474,1e-08,38.557941427850416,screened_water_cap_0.50,equal_site_portfolio,legacy_stress,central,uniform_google_ai_2024,portfolio_mean,central,gentd26_hourly_service_demand.csv,gentd26_aligned_regional_hourly_cef.csv,capacity_scenarios.csv,energy_calibration_bounds.csv,trace_timestamp_anonymized,single_row_default,0.15,20.0,carbon,211.9472222222222,211.9472222022222,2e-08,0.9999999999056369,0.15000000001415448,56.92722900944694,75.9978507275311,38.56297890352491,65.46631336086396,0.6062611677352611,0.009260658445717313,0.0,,,1e-08,True,True,0,705,4.440892098500626e-16,0.0,0.0,0.0,1e-08,1.018152777777778,0,0.0,554,3,0.0,0.0,180.1551388688889,1.0018125,0.9609583333333331,29.82931250000001
scenario_coarse,0.75,0.9093917516028915,1.2125223354705221,0.7499999999999997,0.3031305838676309,0.0009287945287255184,0.0024088281021628077,-6.9128432502427835,-9.999979511121637e-09,41.422331037605474,1e-08,38.557941427850416,screened_water_cap_0.75,equal_site_portfolio,legacy_stress,central,uniform_google_ai_2024,portfolio_mean,central,gentd26_hourly_service_demand.csv,gentd26_aligned_regional_hourly_cef.csv,capacity_scenarios.csv,energy_calibration_bounds.csv,trace_timestamp_anonymized,single_row_default,0.15,20.0,carbon,211.9472222222222,211.9472222022222,2e-08,0.9999999999056369,0.15000000001415448,56.92722900944694,75.9978507275311,38.55887022237914,65.46631336086396,0.9093917516028912,0.013890987668575964,0.0,,,1e-08,True,True,0,710,4.440892098500626e-16,0.0,0.0,0.0,1e-08,1.018152777777778,0,0.0,554,3,3.3306690738754696e-16,0.0,180.1551388688889,1.5220833333333332,1.422072916666666,28.847927083333342
scenario_coarse,1.0,1.2125223354705221,1.2125223354705221,1.0,0.0,0.0,0.0,-6.915085505821983,-9.999979511121637e-09,41.422331037605474,1e-08,38.557941427850416,screened_water_cap_1.00,equal_site_portfolio,legacy_stress,central,uniform_google_ai_2024,portfolio_mean,central,gentd26_hourly_service_demand.csv,gentd26_aligned_regional_hourly_cef.csv,capacity_scenarios.csv,energy_calibration_bounds.csv,trace_timestamp_anonymized,single_row_default,0.15,20.0,carbon,211.9472222222222,211.9472222022222,2e-08,0.9999999999056369,0.15000000001415448,56.92722900944694,75.9978507275311,38.557941427850416,65.46631336086396,1.2125223354705221,0.018521316891434627,0.0,,,1e-08,True,True,0,708,4.440892098500626e-16,0.0,0.0,0.0,1e-08,1.018152777777778,0,0.0,554,3,0.0,0.0,180.1551388688889,1.9265833333333329,1.9989583333333334,27.86654166666667
scenario_coarse,0.0,0.0,1.2125223354705221,0.0,1.2125223354705221,0.03032573394857252,0.07864977440592558,-6.841874430566364,-9.999979511121637e-09,41.422331037605474,1e-08,38.557941427850416,screened_water_cap_0.00,equal_site_portfolio,legacy_stress,central,uniform_google_ai_2024,portfolio_mean,central,gentd26_hourly_service_demand.csv,gentd26_aligned_regional_hourly_cef.csv,capacity_scenarios.csv,energy_calibration_bounds.csv,trace_timestamp_anonymized,single_row_default,0.15,35.0,carbon,211.9472222222222,211.9472222022222,2e-08,0.9999999999056369,0.15000000001415448,56.92722900944694,75.9978507275311,38.58826716179899,65.46631336086396,0.0,0.0,0.0,,,1e-08,True,True,0,0,4.440892098500626e-16,0.0,0.0,0.0,1e-08,1.018152777777778,0,0.0,554,3,0.0,0.0,180.1551388688889,0.0,0.0,31.79208333333335
scenario_coarse,0.25,0.30313058386763053,1.2125223354705221,0.25,0.9093917516028915,0.014830375139283092,0.03846256981077101,-6.87928265560137,-9.999979511121637e-09,41.422331037605474,1e-08,38.557941427850416,screened_water_cap_0.25,equal_site_portfolio,legacy_stress,central,uniform_google_ai_2024,portfolio_mean,central,gentd26_hourly_service_demand.csv,gentd26_aligned_regional_hourly_cef.csv,capacity_scenarios.csv,energy_calibration_bounds.csv,trace_timestamp_anonymized,single_row_default,0.15,35.0,carbon,211.9472222222222,211.9472222022222,2e-08,0.9999999999056369,0.15000000001415448,56.92722900944693,75.9978507275311,38.5727718029897,65.46631336086396,0.30313058386763053,0.004630329222858657,0.0,,,1e-08,True,True,0,695,4.440892098500626e-16,0.0,0.0,0.0,1e-08,1.018152777777778,0,0.0,554,3,0.0,0.0,180.1551388688889,0.4545520833333333,0.5268333333333332,30.81069791666668
scenario_coarse,0.5,0.6062611677352611,1.2125223354705221,0.5,0.6062611677352611,0.005037475674491532,0.013064690406050516,-6.9029242499285886,-9.999979511121637e-09,41.422331037605474,1e-08,38.557941427850416,screened_water_cap_0.50,equal_site_portfolio,legacy_stress,central,uniform_google_ai_2024,portfolio_mean,central,gentd26_hourly_service_demand.csv,gentd26_aligned_regional_hourly_cef.csv,capacity_scenarios.csv,energy_calibration_bounds.csv,trace_timestamp_anonymized,single_row_default,0.15,35.0,carbon,211.9472222222222,211.9472222022222,2e-08,0.9999999999056369,0.15000000001415448,56.92722900944694,75.9978507275311,38.56297890352491,65.46631336086396,0.6062611677352611,0.009260658445717313,0.0,,,1e-08,True,True,0,705,4.440892098500626e-16,0.0,0.0,0.0,1e-08,1.018152777777778,0,0.0,554,3,0.0,0.0,180.1551388688889,1.0018125,0.9609583333333331,29.82931250000001
scenario_coarse,0.75,0.9093917516028915,1.2125223354705221,0.7499999999999997,0.3031305838676309,0.0009287945287255184,0.0024088281021628077,-6.9128432502427835,-9.999979511121637e-09,41.422331037605474,1e-08,38.557941427850416,screened_water_cap_0.75,equal_site_portfolio,legacy_stress,central,uniform_google_ai_2024,portfolio_mean,central,gentd26_hourly_service_demand.csv,gentd26_aligned_regional_hourly_cef.csv,capacity_scenarios.csv,energy_calibration_bounds.csv,trace_timestamp_anonymized,single_row_default,0.15,35.0,carbon,211.9472222222222,211.9472222022222,2e-08,0.9999999999056369,0.15000000001415448,56.92722900944694,75.9978507275311,38.55887022237914,65.46631336086396,0.9093917516028912,0.013890987668575964,0.0,,,1e-08,True,True,0,710,4.440892098500626e-16,0.0,0.0,0.0,1e-08,1.018152777777778,0,0.0,554,3,3.3306690738754696e-16,0.0,180.1551388688889,1.5220833333333332,1.422072916666666,28.847927083333342
scenario_coarse,1.0,1.2125223354705221,1.2125223354705221,1.0,0.0,0.0,0.0,-6.915085505821983,-9.999979511121637e-09,41.422331037605474,1e-08,38.557941427850416,screened_water_cap_1.00,equal_site_portfolio,legacy_stress,central,uniform_google_ai_2024,portfolio_mean,central,gentd26_hourly_service_demand.csv,gentd26_aligned_regional_hourly_cef.csv,capacity_scenarios.csv,energy_calibration_bounds.csv,trace_timestamp_anonymized,single_row_default,0.15,35.0,carbon,211.9472222222222,211.9472222022222,2e-08,0.9999999999056369,0.15000000001415448,56.92722900944694,75.9978507275311,38.557941427850416,65.46631336086396,1.2125223354705221,0.018521316891434627,0.0,,,1e-08,True,True,0,708,4.440892098500626e-16,0.0,0.0,0.0,1e-08,1.018152777777778,0,0.0,554,3,0.0,0.0,180.1551388688889,1.9265833333333329,1.9989583333333334,27.86654166666667
scenario_coarse,0.0,0.0,12.920049486916152,0.0,12.920049486916152,1.7845403290775934,4.502118552216494,-5.350808685022912e-09,-1.0000007932831068e-08,41.422331037605474,1e-08,39.63779070631145,screened_water_cap_0.00,equal_site_portfolio,legacy_stress,central,uniform_google_ai_2024,portfolio_mean,central,gentd26_hourly_service_demand.csv,gentd26_aligned_regional_hourly_cef.csv,capacity_scenarios.csv,energy_calibration_bounds.csv,trace_timestamp_anonymized,single_row_default,0.3,15.0,carbon,211.9472222222222,211.94722220222218,2e-08,0.9999999999056368,0.0,56.92722900944693,76.85175916275338,41.42233103538904,65.46631336086396,0.0,0.0,0.0,,,1e-08,True,True,0,0,0.0,0.0,0.0,0.0,1e-08,0.4919444444444445,0,0.0,184,1,0.0,0.0,211.94722220222224,0.0,0.0,0.0
scenario_coarse,0.25,3.230012371729038,12.920049486916152,0.25000000000000006,9.690037115187113,1.0388229750050897,2.620789293485215,-1.8002785879238203,-9.999979511121637e-09,41.422331037605474,1e-08,39.63779070631145,screened_water_cap_0.25,equal_site_portfolio,legacy_stress,central,uniform_google_ai_2024,portfolio_mean,central,gentd26_hourly_service_demand.csv,gentd26_aligned_regional_hourly_cef.csv,capacity_scenarios.csv,energy_calibration_bounds.csv,trace_timestamp_anonymized,single_row_default,0.3,15.0,carbon,211.9472222222222,211.9472222022222,2e-08,0.9999999999056369,0.049338540783937804,56.92722900944693,76.57088852173345,40.67661368131654,65.46631336086396,3.230012371729039,0.049338540783937804,0.0,,,1e-08,True,True,0,1,2.220446049250313e-16,0.0,0.0,0.0,1e-08,0.4919444444444445,0,0.0,246,1,-8.881784197001252e-16,8.881784197001252e-16,201.4900555355555,10.45716666666667,0.0,0.0
scenario_coarse,0.5,6.460024743458076,12.920049486916152,0.5,6.460024743458076,0.5392822443764373,1.3605254853181536,-3.0062482137643953,-9.999979511121637e-09,41.422331037605474,1e-08,39.63779070631145,screened_water_cap_0.50,equal_site_portfolio,legacy_stress,central,uniform_google_ai_2024,portfolio_mean,central,gentd26_hourly_service_demand.csv,gentd26_aligned_regional_hourly_cef.csv,capacity_scenarios.csv,energy_calibration_bounds.csv,trace_timestamp_anonymized,single_row_default,0.3,15.0,carbon,211.9472222222222,211.9472222022222,2e-08,0.9999999999056369,0.09867708156787555,56.92722900944693,76.29001788071355,40.17707295068789,65.46631336086396,6.460024743458076,0.09867708156787558,0.0,,,1e-08,True,True,0,1,2.220446049250313e-16,0.0,0.0,0.0,1e-08,0.4919444444444445,0,0.0,292,1,0.0,0.0,191.0328888688889,20.91433333333332,0.0,0.0
scenario_coarse,0.75,9.690037115187113,12.920049486916152,0.7500000000000002,3.2300123717290354,0.15102678740047537,0.38101716747909187,-3.943557745242676,-9.999979511121637e-09,41.422331037605474,1e-08,39.63779070631145,screened_water_cap_0.75,equal_site_portfolio,legacy_stress,central,uniform_google_ai_2024,portfolio_mean,central,gentd26_hourly_service_demand.csv,gentd26_aligned_regional_hourly_cef.csv,capacity_scenarios.csv,energy_calibration_bounds.csv,trace_timestamp_anonymized,single_row_default,0.3,15.0,carbon,211.9472222222222,211.9472222022222,2e-08,0.9999999999056369,0.1480156223518134,56.92722900944693,76.00914723969362,39.788817493711925,65.46631336086396,9.690037115187117,0.1480156223518134,0.0,,,1e-08,True,True,0,1,2.220446049250313e-16,0.0,0.0,0.0,1e-08,0.4919444444444445,0,0.0,350,1,-3.552713678800501e-15,3.552713678800501e-15,180.57572220222218,31.371500000000008,0.0,0.0
scenario_coarse,1.0,12.920049486916152,12.920049486916152,1.0,0.0,0.0,0.0,-4.308160083202273,-1.0000007932831068e-08,41.422331037605474,1e-08,39.63779070631145,screened_water_cap_1.00,equal_site_portfolio,legacy_stress,central,uniform_google_ai_2024,portfolio_mean,central,gentd26_hourly_service_demand.csv,gentd26_aligned_regional_hourly_cef.csv,capacity_scenarios.csv,energy_calibration_bounds.csv,trace_timestamp_anonymized,single_row_default,0.3,15.0,carbon,211.9472222222222,211.94722220222218,2e-08,0.9999999999056368,0.1973541631357512,56.92722900944693,75.7282765986737,39.63779070631145,65.46631336086396,12.920049486916152,0.19735416313575116,0.0,,,1e-08,True,True,0,0,2.220446049250313e-16,0.0,0.0,0.0,1e-08,0.4919444444444445,0,0.0,412,1,0.0,0.0,170.11855553555554,41.82866666666669,0.0,0.0
scenario_coarse,0.0,0.0,2.4250446709410443,0.0,2.4250446709410443,0.06065146789713083,0.16992275860485684,-13.683748855781941,-1.0000007932831068e-08,41.422331037605474,1e-08,35.6935518203118,screened_water_cap_0.00,equal_site_portfolio,legacy_stress,central,uniform_google_ai_2024,portfolio_mean,central,gentd26_hourly_service_demand.csv,gentd26_aligned_regional_hourly_cef.csv,capacity_scenarios.csv,energy_calibration_bounds.csv,trace_timestamp_anonymized,single_row_default,0.3,20.0,carbon,211.9472222222222,211.94722220222218,2e-08,0.9999999999056368,0.30000000002830896,56.92722900944693,75.14394229230881,35.75420328820893,65.46631336086396,0.0,0.0,0.0,,,1e-08,True,True,0,0,4.440892098500626e-16,0.0,0.0,0.0,1e-08,0.9475833333333334,0,0.0,554,3,0.0,0.0,148.36305553555553,0.0,0.0,63.5841666666667
scenario_coarse,0.25,0.6062611677352611,2.4250446709410443,0.25,1.818783503205783,0.029660750278559078,0.08309834344275568,-13.758565305851922,-1.0000007932831068e-08,41.422331037605474,1e-08,35.6935518203118,screened_water_cap_0.25,equal_site_portfolio,legacy_stress,central,uniform_google_ai_2024,portfolio_mean,central,gentd26_hourly_service_demand.csv,gentd26_aligned_regional_hourly_cef.csv,capacity_scenarios.csv,energy_calibration_bounds.csv,trace_timestamp_anonymized,single_row_default,0.3,20.0,carbon,211.9472222222222,211.94722220222218,2e-08,0.9999999999056368,0.30000000002830896,56.92722900944693,75.14394229230881,35.723212570590356,65.46631336086396,0.6062611677352611,0.009260658445717313,0.0,,,1e-08,True,True,0,696,4.440892098500626e-16,0.0,0.0,0.0,1e-08,0.9475833333333334,0,0.0,554,3,0.0,0.0,148.36305553555553,0.9091041666666666,1.0536666666666663,61.62139583333336
scenario_coarse,0.5,1.2125223354705221,2.4250446709410443,0.5,1.2125223354705221,0.010074951348975958,0.02822625049951899,-13.805848494506378,-1.0000007932831068e-08,41.422331037605474,1e-08,35.6935518203118,screened_water_cap_0.50,equal_site_portfolio,legacy_stress,central,uniform_google_ai_2024,portfolio_mean,central,gentd26_hourly_service_demand.csv,gentd26_aligned_regional_hourly_cef.csv,capacity_scenarios.csv,energy_calibration_bounds.csv,trace_timestamp_anonymized,single_row_default,0.3,20.0,carbon,211.9472222222222,211.94722220222218,2e-08,0.9999999999056368,0.30000000002830896,56.92722900944693,75.14394229230881,35.70362677166077,65.46631336086396,1.2125223354705221,0.018521316891434627,0.0,,,1e-08,True,True,0,699,4.440892098500626e-16,0.0,0.0,0.0,1e-08,0.9475833333333334,0,0.0,554,3,0.0,0.0,148.36305553555553,2.003625,1.9219166666666663,59.65862500000002
scenario_coarse,0.75,1.818783503205783,2.4250446709410443,0.7499999999999997,0.6062611677352618,0.001857589057436826,0.005204270695124968,-13.825686495134782,-1.0000007932831068e-08,41.422331037605474,1e-08,35.6935518203118,screened_water_cap_0.75,equal_site_portfolio,legacy_stress,central,uniform_google_ai_2024,portfolio_mean,central,gentd26_hourly_service_demand.csv,gentd26_aligned_regional_hourly_cef.csv,capacity_scenarios.csv,energy_calibration_bounds.csv,trace_timestamp_anonymized,single_row_default,0.3,20.0,carbon,211.9472222222222,211.94722220222218,2e-08,0.9999999999056368,0.30000000002830896,56.92722900944693,75.14394229230881,35.69540940936923,65.46631336086396,1.8187835032057824,0.02778197533715193,0.0,,,1e-08,True,True,0,706,4.440892098500626e-16,0.0,0.0,0.0,1e-08,0.9475833333333334,0,0.0,554,3,6.661338147750939e-16,0.0,148.36305553555553,3.0441666666666665,2.844145833333332,57.695854166666685
scenario_coarse,1.0,2.4250446709410443,2.4250446709410443,1.0,0.0,0.0,0.0,-13.830171006293146,-1.0000007932831068e-08,41.422331037605474,1e-08,35.6935518203118,screened_water_cap_1.00,equal_site_portfolio,legacy_stress,central,uniform_google_ai_2024,portfolio_mean,central,gentd26_hourly_service_demand.csv,gentd26_aligned_regional_hourly_cef.csv,capacity_scenarios.csv,energy_calibration_bounds.csv,trace_timestamp_anonymized,single_row_default,0.3,20.0,carbon,211.9472222222222,211.94722220222218,2e-08,0.9999999999056368,0.30000000002830896,56.92722900944693,75.14394229230881,35.6935518203118,65.46631336086396,2.4250446709410443,0.037042633782869254,0.0,,,1e-08,True,True,0,702,4.440892098500626e-16,0.0,0.0,0.0,1e-08,0.9475833333333334,0,0.0,554,3,0.0,0.0,148.36305553555553,3.8531666666666657,3.997916666666667,55.73308333333334
scenario_coarse,0.0,0.0,2.4250446709410443,0.0,2.4250446709410443,0.06065146789713083,0.16992275860485684,-13.683748855781941,-1.0000007932831068e-08,41.422331037605474,1e-08,35.6935518203118,screened_water_cap_0.00,equal_site_portfolio,legacy_stress,central,uniform_google_ai_2024,portfolio_mean,central,gentd26_hourly_service_demand.csv,gentd26_aligned_regional_hourly_cef.csv,capacity_scenarios.csv,energy_calibration_bounds.csv,trace_timestamp_anonymized,single_row_default,0.3,35.0,carbon,211.9472222222222,211.94722220222218,2e-08,0.9999999999056368,0.30000000002830896,56.92722900944693,75.14394229230881,35.75420328820893,65.46631336086396,0.0,0.0,0.0,,,1e-08,True,True,0,0,4.440892098500626e-16,0.0,0.0,0.0,1e-08,0.9475833333333334,0,0.0,554,3,0.0,0.0,148.36305553555553,0.0,0.0,63.5841666666667
scenario_coarse,0.25,0.6062611677352611,2.4250446709410443,0.25,1.818783503205783,0.029660750278559078,0.08309834344275568,-13.758565305851922,-1.0000007932831068e-08,41.422331037605474,1e-08,35.6935518203118,screened_water_cap_0.25,equal_site_portfolio,legacy_stress,central,uniform_google_ai_2024,portfolio_mean,central,gentd26_hourly_service_demand.csv,gentd26_aligned_regional_hourly_cef.csv,capacity_scenarios.csv,energy_calibration_bounds.csv,trace_timestamp_anonymized,single_row_default,0.3,35.0,carbon,211.9472222222222,211.94722220222218,2e-08,0.9999999999056368,0.30000000002830896,56.92722900944693,75.14394229230881,35.723212570590356,65.46631336086396,0.6062611677352611,0.009260658445717313,0.0,,,1e-08,True,True,0,696,4.440892098500626e-16,0.0,0.0,0.0,1e-08,0.9475833333333334,0,0.0,554,3,0.0,0.0,148.36305553555553,0.9091041666666666,1.0536666666666663,61.62139583333336
scenario_coarse,0.5,1.2125223354705221,2.4250446709410443,0.5,1.2125223354705221,0.010074951348975958,0.02822625049951899,-13.805848494506378,-1.0000007932831068e-08,41.422331037605474,1e-08,35.6935518203118,screened_water_cap_0.50,equal_site_portfolio,legacy_stress,central,uniform_google_ai_2024,portfolio_mean,central,gentd26_hourly_service_demand.csv,gentd26_aligned_regional_hourly_cef.csv,capacity_scenarios.csv,energy_calibration_bounds.csv,trace_timestamp_anonymized,single_row_default,0.3,35.0,carbon,211.9472222222222,211.94722220222218,2e-08,0.9999999999056368,0.30000000002830896,56.92722900944693,75.14394229230881,35.70362677166077,65.46631336086396,1.2125223354705221,0.018521316891434627,0.0,,,1e-08,True,True,0,699,4.440892098500626e-16,0.0,0.0,0.0,1e-08,0.9475833333333334,0,0.0,554,3,0.0,0.0,148.36305553555553,2.003625,1.9219166666666663,59.65862500000002
scenario_coarse,0.75,1.818783503205783,2.4250446709410443,0.7499999999999997,0.6062611677352618,0.001857589057436826,0.005204270695124968,-13.825686495134782,-1.0000007932831068e-08,41.422331037605474,1e-08,35.6935518203118,screened_water_cap_0.75,equal_site_portfolio,legacy_stress,central,uniform_google_ai_2024,portfolio_mean,central,gentd26_hourly_service_demand.csv,gentd26_aligned_regional_hourly_cef.csv,capacity_scenarios.csv,energy_calibration_bounds.csv,trace_timestamp_anonymized,single_row_default,0.3,35.0,carbon,211.9472222222222,211.94722220222218,2e-08,0.9999999999056368,0.30000000002830896,56.92722900944693,75.14394229230881,35.69540940936923,65.46631336086396,1.8187835032057824,0.02778197533715193,0.0,,,1e-08,True,True,0,706,4.440892098500626e-16,0.0,0.0,0.0,1e-08,0.9475833333333334,0,0.0,554,3,6.661338147750939e-16,0.0,148.36305553555553,3.0441666666666665,2.844145833333332,57.695854166666685
scenario_coarse,1.0,2.4250446709410443,2.4250446709410443,1.0,0.0,0.0,0.0,-13.830171006293146,-1.0000007932831068e-08,41.422331037605474,1e-08,35.6935518203118,screened_water_cap_1.00,equal_site_portfolio,legacy_stress,central,uniform_google_ai_2024,portfolio_mean,central,gentd26_hourly_service_demand.csv,gentd26_aligned_regional_hourly_cef.csv,capacity_scenarios.csv,energy_calibration_bounds.csv,trace_timestamp_anonymized,single_row_default,0.3,35.0,carbon,211.9472222222222,211.94722220222218,2e-08,0.9999999999056368,0.30000000002830896,56.92722900944693,75.14394229230881,35.6935518203118,65.46631336086396,2.4250446709410443,0.037042633782869254,0.0,,,1e-08,True,True,0,702,4.440892098500626e-16,0.0,0.0,0.0,1e-08,0.9475833333333334,0,0.0,554,3,0.0,0.0,148.36305553555553,3.8531666666666657,3.997916666666667,55.73308333333334
scenario_coarse,0.0,0.0,21.533415811526922,0.0,21.533415811526922,2.974233881795989,7.735711522769195,-5.350808685022912e-09,-1.0000007932831068e-08,41.422331037605474,1e-08,38.448097153593054,screened_water_cap_0.00,equal_site_portfolio,legacy_stress,central,uniform_google_ai_2024,portfolio_mean,central,gentd26_hourly_service_demand.csv,gentd26_aligned_regional_hourly_cef.csv,capacity_scenarios.csv,energy_calibration_bounds.csv,trace_timestamp_anonymized,single_row_default,0.5,15.0,carbon,211.9472222222222,211.94722220222218,2e-08,0.9999999999056368,0.0,56.92722900944693,76.85175916275338,41.42233103538904,65.46631336086396,0.0,0.0,0.0,,,1e-08,True,True,0,0,0.0,0.0,0.0,0.0,1e-08,0.4919444444444445,0,0.0,184,1,0.0,0.0,211.94722220222224,0.0,0.0,0.0
scenario_coarse,0.25,5.3833539528817305,21.533415811526922,0.24999999999999992,16.150061858645195,1.7313716250084923,4.503139955384472,-3.0004643096391392,-9.999979511121637e-09,41.422331037605474,1e-08,38.448097153593054,screened_water_cap_0.25,equal_site_portfolio,legacy_stress,central,uniform_google_ai_2024,portfolio_mean,central,gentd26_hourly_service_demand.csv,gentd26_aligned_regional_hourly_cef.csv,capacity_scenarios.csv,energy_calibration_bounds.csv,trace_timestamp_anonymized,single_row_default,0.5,15.0,carbon,211.9472222222222,211.9472222022222,2e-08,0.9999999999056369,0.08223090130656296,56.92722900944694,76.38364142772018,40.179468778601546,65.46631336086396,5.383353952881729,0.08223090130656296,0.0,,,1e-08,True,True,0,1,0.0,0.0,0.0,0.0,1e-08,0.4919444444444445,0,0.0,246,1,1.7763568394002505e-15,0.0,194.51861109111113,17.4286111111111,0.0,0.0
scenario_coarse,0.5,10.766707905763461,21.533415811526922,0.5,10.766707905763461,0.8988037406273932,2.337706693355557,-5.010413686040116,-9.999979511121637e-09,41.422331037605474,1e-08,38.448097153593054,screened_water_cap_0.50,equal_site_portfolio,legacy_stress,central,uniform_google_ai_2024,portfolio_mean,central,gentd26_hourly_service_demand.csv,gentd26_aligned_regional_hourly_cef.csv,capacity_scenarios.csv,energy_calibration_bounds.csv,trace_timestamp_anonymized,single_row_default,0.5,15.0,carbon,211.9472222222222,211.9472222022222,2e-08,0.9999999999056369,0.16446180261312598,56.92722900944693,75.91552369268699,39.34690089422045,65.46631336086396,10.766707905763461,0.16446180261312598,0.0,,,1e-08,True,True,0,1,0.0,0.0,0.0,0.0,1e-08,0.4919444444444445,0,0.0,292,1,0.0,0.0,177.08999998000002,34.857222222222234,0.0,0.0
scenario_coarse,0.75,16.15006185864519,21.533415811526922,0.7500000000000001,5.383353952881727,0.25171131233412325,0.6546782050840694,-6.572596238503914,-1.0000007932831068e-08,41.422331037605474,1e-08,38.448097153593054,screened_water_cap_0.75,equal_site_portfolio,legacy_stress,central,uniform_google_ai_2024,portfolio_mean,central,gentd26_hourly_service_demand.csv,gentd26_aligned_regional_hourly_cef.csv,capacity_scenarios.csv,energy_calibration_bounds.csv,trace_timestamp_anonymized,single_row_default,0.5,15.0,carbon,211.9472222222222,211.94722220222218,2e-08,0.9999999999056368,0.246692703919689,56.92722900944693,75.44740595765379,38.69980846592718,65.46631336086396,16.150061858645195,0.246692703919689,0.0,,,1e-08,True,True,0,1,0.0,0.0,0.0,0.0,1e-08,0.4919444444444445,0,0.0,350,1,-3.552713678800501e-15,3.552713678800501e-15,159.66138886888893,52.28583333333334,0.0,0.0
scenario_coarse,1.0,21.533415811526922,21.533415811526922,1.0,0.0,0.0,0.0,-7.180266801769908,-1.0000007932831068e-08,41.422331037605474,1e-08,38.448097153593054,screened_water_cap_1.00,equal_site_portfolio,legacy_stress,central,uniform_google_ai_2024,portfolio_mean,central,gentd26_hourly_service_demand.csv,gentd26_aligned_regional_hourly_cef.csv,capacity_scenarios.csv,energy_calibration_bounds.csv,trace_timestamp_anonymized,single_row_default,0.5,15.0,carbon,211.9472222222222,211.94722220222218,2e-08,0.9999999999056368,0.32892360522625197,56.92722900944693,74.9792882226206,38.448097153593054,65.46631336086396,21.533415811526922,0.32892360522625197,0.0,,,1e-08,True,True,0,0,0.0,0.0,0.0,0.0,1e-08,0.4241666666666666,0,0.0,412,1,0.0,0.0,142.2327777577778,69.71444444444447,0.0,0.0
scenario_coarse,0.0,0.0,4.041741118235074,0.0,4.041741118235074,0.10108577982856559,0.31713816944045625,-22.80624808940268,-1.0000007932831068e-08,41.422331037605474,1e-08,31.874365676926956,screened_water_cap_0.00,equal_site_portfolio,legacy_stress,central,uniform_google_ai_2024,portfolio_mean,central,gentd26_hourly_service_demand.csv,gentd26_aligned_regional_hourly_cef.csv,capacity_scenarios.csv,energy_calibration_bounds.csv,trace_timestamp_anonymized,single_row_default,0.5,20.0,carbon,211.9472222222222,211.94722220222218,2e-08,0.9999999999056368,0.5000000000471817,56.92722900944693,74.00539771201244,31.975451456755522,65.46631336086396,0.0,0.0,0.0,,,1e-08,True,True,0,0,0.0,0.0,0.0,0.0,1e-08,0.24597222222222226,0,0.0,554,3,0.0,0.0,105.97361109111111,0.0,0.0,105.97361111111111
scenario_coarse,0.25,1.0104352795587686,4.041741118235074,0.25,3.031305838676306,0.04943458379760557,0.15509197672720632,-22.930942172852664,-1.0000007932831068e-08,41.422331037605474,1e-08,31.874365676926956,screened_water_cap_0.25,equal_site_portfolio,legacy_stress,central,uniform_google_ai_2024,portfolio_mean,central,gentd26_hourly_service_demand.csv,gentd26_aligned_regional_hourly_cef.csv,capacity_scenarios.csv,energy_calibration_bounds.csv,trace_timestamp_anonymized,single_row_default,0.5,20.0,carbon,211.9472222222222,211.94722220222218,2e-08,0.9999999999056368,0.5000000000471816,56.92722900944693,74.00539771201244,31.923800260724562,65.46631336086396,1.0104352795587686,0.015434430742862191,0.0,,,1e-08,True,True,0,698,0.0,0.0,0.0,0.0,1e-08,0.24597222222222226,0,0.0,554,3,0.0,0.0,105.97361109111111,1.5151736111111118,1.7561111111111107,102.70232638888888
scenario_coarse,0.5,2.020870559117537,4.041741118235074,0.5,2.020870559117537,0.016791585581639623,0.05268053253777438,-23.009747487276744,-1.0000007932831068e-08,41.422331037605474,1e-08,31.874365676926956,screened_water_cap_0.50,equal_site_portfolio,legacy_stress,central,uniform_google_ai_2024,portfolio_mean,central,gentd26_hourly_service_demand.csv,gentd26_aligned_regional_hourly_cef.csv,capacity_scenarios.csv,energy_calibration_bounds.csv,trace_timestamp_anonymized,single_row_default,0.5,20.0,carbon,211.9472222222222,211.94722220222218,2e-08,0.9999999999056368,0.5000000000471817,56.92722900944693,74.00539771201244,31.891157262508596,65.46631336086396,2.020870559117537,0.030868861485724382,0.0,,,1e-08,True,True,0,702,0.0,0.0,0.0,0.0,1e-08,0.24597222222222226,0,0.0,554,3,0.0,0.0,105.97361109111112,3.3393750000000004,3.203194444444444,99.43104166666666
scenario_coarse,0.75,3.031305838676306,4.041741118235074,0.7499999999999999,1.0104352795587692,0.003095981762395894,0.009713077253925562,-23.042810821657433,-9.999979511121637e-09,41.422331037605474,1e-08,31.874365676926956,screened_water_cap_0.75,equal_site_portfolio,legacy_stress,central,uniform_google_ai_2024,portfolio_mean,central,gentd26_hourly_service_demand.csv,gentd26_aligned_regional_hourly_cef.csv,capacity_scenarios.csv,energy_calibration_bounds.csv,trace_timestamp_anonymized,single_row_default,0.5,20.0,carbon,211.9472222222222,211.9472222022222,2e-08,0.9999999999056369,0.5000000000471816,56.92722900944693,74.00539771201244,31.877461658689352,65.46631336086396,3.031305838676305,0.04630329222858656,0.0,,,1e-08,True,True,0,704,4.440892098500626e-16,0.0,0.0,0.0,1e-08,0.24597222222222226,0,0.0,554,3,8.881784197001252e-16,0.0,105.97361109111111,5.073611111111111,4.740243055555555,96.15975694444447
scenario_coarse,1.0,4.041741118235074,4.041741118235074,0.9999999999999998,8.881784197001252e-16,0.0,0.0,-23.05028500692139,-9.999979511121637e-09,41.422331037605474,1e-08,31.874365676926956,screened_water_cap_1.00,equal_site_portfolio,legacy_stress,central,uniform_google_ai_2024,portfolio_mean,central,gentd26_hourly_service_demand.csv,gentd26_aligned_regional_hourly_cef.csv,capacity_scenarios.csv,energy_calibration_bounds.csv,trace_timestamp_anonymized,single_row_default,0.5,20.0,carbon,211.9472222222222,211.9472222022222,2e-08,0.9999999999056369,0.5000000000471816,56.92722900944693,74.00539771201244,31.874365676926956,65.46631336086396,4.041741118235073,0.06173772297144875,0.0,,,1e-08,True,True,0,704,0.0,0.0,0.0,0.0,1e-08,0.24597222222222226,0,0.0,554,3,8.881784197001252e-16,0.0,105.97361109111111,6.421944444444444,6.663194444444444,92.88847222222223
scenario_coarse,0.0,0.0,4.041741118235074,0.0,4.041741118235074,0.10108577982856559,0.31713816944045625,-22.80624808940268,-1.0000007932831068e-08,41.422331037605474,1e-08,31.874365676926956,screened_water_cap_0.00,equal_site_portfolio,legacy_stress,central,uniform_google_ai_2024,portfolio_mean,central,gentd26_hourly_service_demand.csv,gentd26_aligned_regional_hourly_cef.csv,capacity_scenarios.csv,energy_calibration_bounds.csv,trace_timestamp_anonymized,single_row_default,0.5,35.0,carbon,211.9472222222222,211.94722220222218,2e-08,0.9999999999056368,0.5000000000471817,56.92722900944693,74.00539771201244,31.975451456755522,65.46631336086396,0.0,0.0,0.0,,,1e-08,True,True,0,0,0.0,0.0,0.0,0.0,1e-08,0.24597222222222226,0,0.0,554,3,0.0,0.0,105.97361109111111,0.0,0.0,105.97361111111111
scenario_coarse,0.25,1.0104352795587686,4.041741118235074,0.25,3.031305838676306,0.04943458379760557,0.15509197672720632,-22.930942172852664,-1.0000007932831068e-08,41.422331037605474,1e-08,31.874365676926956,screened_water_cap_0.25,equal_site_portfolio,legacy_stress,central,uniform_google_ai_2024,portfolio_mean,central,gentd26_hourly_service_demand.csv,gentd26_aligned_regional_hourly_cef.csv,capacity_scenarios.csv,energy_calibration_bounds.csv,trace_timestamp_anonymized,single_row_default,0.5,35.0,carbon,211.9472222222222,211.94722220222218,2e-08,0.9999999999056368,0.5000000000471816,56.92722900944693,74.00539771201244,31.923800260724562,65.46631336086396,1.0104352795587686,0.015434430742862191,0.0,,,1e-08,True,True,0,698,0.0,0.0,0.0,0.0,1e-08,0.24597222222222226,0,0.0,554,3,0.0,0.0,105.97361109111111,1.5151736111111118,1.7561111111111107,102.70232638888888
scenario_coarse,0.5,2.020870559117537,4.041741118235074,0.5,2.020870559117537,0.016791585581639623,0.05268053253777438,-23.009747487276744,-1.0000007932831068e-08,41.422331037605474,1e-08,31.874365676926956,screened_water_cap_0.50,equal_site_portfolio,legacy_stress,central,uniform_google_ai_2024,portfolio_mean,central,gentd26_hourly_service_demand.csv,gentd26_aligned_regional_hourly_cef.csv,capacity_scenarios.csv,energy_calibration_bounds.csv,trace_timestamp_anonymized,single_row_default,0.5,35.0,carbon,211.9472222222222,211.94722220222218,2e-08,0.9999999999056368,0.5000000000471817,56.92722900944693,74.00539771201244,31.891157262508596,65.46631336086396,2.020870559117537,0.030868861485724382,0.0,,,1e-08,True,True,0,702,0.0,0.0,0.0,0.0,1e-08,0.24597222222222226,0,0.0,554,3,0.0,0.0,105.97361109111112,3.3393750000000004,3.203194444444444,99.43104166666666
scenario_coarse,0.75,3.031305838676306,4.041741118235074,0.7499999999999999,1.0104352795587692,0.003095981762395894,0.009713077253925562,-23.042810821657433,-9.999979511121637e-09,41.422331037605474,1e-08,31.874365676926956,screened_water_cap_0.75,equal_site_portfolio,legacy_stress,central,uniform_google_ai_2024,portfolio_mean,central,gentd26_hourly_service_demand.csv,gentd26_aligned_regional_hourly_cef.csv,capacity_scenarios.csv,energy_calibration_bounds.csv,trace_timestamp_anonymized,single_row_default,0.5,35.0,carbon,211.9472222222222,211.9472222022222,2e-08,0.9999999999056369,0.5000000000471816,56.92722900944693,74.00539771201244,31.877461658689352,65.46631336086396,3.031305838676305,0.04630329222858656,0.0,,,1e-08,True,True,0,704,4.440892098500626e-16,0.0,0.0,0.0,1e-08,0.24597222222222226,0,0.0,554,3,8.881784197001252e-16,0.0,105.97361109111111,5.073611111111111,4.740243055555555,96.15975694444447
scenario_coarse,1.0,4.041741118235074,4.041741118235074,0.9999999999999998,8.881784197001252e-16,0.0,0.0,-23.05028500692139,-9.999979511121637e-09,41.422331037605474,1e-08,31.874365676926956,screened_water_cap_1.00,equal_site_portfolio,legacy_stress,central,uniform_google_ai_2024,portfolio_mean,central,gentd26_hourly_service_demand.csv,gentd26_aligned_regional_hourly_cef.csv,capacity_scenarios.csv,energy_calibration_bounds.csv,trace_timestamp_anonymized,single_row_default,0.5,35.0,carbon,211.9472222222222,211.9472222022222,2e-08,0.9999999999056369,0.5000000000471816,56.92722900944693,74.00539771201244,31.874365676926956,65.46631336086396,4.041741118235073,0.06173772297144875,0.0,,,1e-08,True,True,0,704,0.0,0.0,0.0,0.0,1e-08,0.24597222222222226,0,0.0,554,3,8.881784197001252e-16,0.0,105.97361109111111,6.421944444444444,6.663194444444444,92.88847222222223
scenario_coarse,0.0,0.0,6.460024743458076,0.0,6.460024743458076,0.8922701645387932,2.201502157576396,-5.350808685022912e-09,-1.0000007932831068e-08,41.422331037605474,1e-08,40.53006087085025,screened_water_cap_0.00,equal_site_portfolio,legacy_stress,ample,uniform_google_ai_2024,portfolio_mean,central,gentd26_hourly_service_demand.csv,gentd26_aligned_regional_hourly_cef.csv,capacity_scenarios.csv,energy_calibration_bounds.csv,trace_timestamp_anonymized,single_row_default,0.15,15.0,carbon,211.9472222222222,211.94722220222218,2e-08,0.9999999999056368,0.0,56.92722900944693,76.85175916275338,41.42233103538904,65.46631336086396,0.0,0.0,0.0,,,1e-08,True,True,0,0,0.0,0.0,0.0,0.0,1e-08,1.4919444444444445,0,0.0,184,1,0.0,0.0,211.94722220222224,0.0,0.0,0.0
scenario_coarse,0.25,1.615006185864519,6.460024743458076,0.25000000000000006,4.845018557593557,0.5194114875025448,1.2815462803217992,-0.9001392966373145,-1.0000007932831068e-08,41.422331037605474,1e-08,40.53006087085025,screened_water_cap_0.25,equal_site_portfolio,legacy_stress,ample,uniform_google_ai_2024,portfolio_mean,central,gentd26_hourly_service_demand.csv,gentd26_aligned_regional_hourly_cef.csv,capacity_scenarios.csv,energy_calibration_bounds.csv,trace_timestamp_anonymized,single_row_default,0.15,15.0,carbon,211.9472222222222,211.94722220222218,2e-08,0.9999999999056368,0.024669270391968902,56.92722900944694,76.71132384224342,41.049472358352794,65.46631336086396,1.6150061858645195,0.024669270391968902,0.0,,,1e-08,True,True,0,1,2.220446049250313e-16,0.0,0.0,0.0,1e-08,1.4919444444444445,0,0.0,246,1,-4.440892098500626e-16,4.440892098500626e-16,206.7186388688889,5.228583333333335,0.0,0.0
scenario_coarse,0.5,3.230012371729038,6.460024743458076,0.5,3.230012371729038,0.2696411221882187,0.6652867437022536,-1.5031241095575965,-9.999979511121637e-09,41.422331037605474,1e-08,40.53006087085025,screened_water_cap_0.50,equal_site_portfolio,legacy_stress,ample,uniform_google_ai_2024,portfolio_mean,central,gentd26_hourly_service_demand.csv,gentd26_aligned_regional_hourly_cef.csv,capacity_scenarios.csv,energy_calibration_bounds.csv,trace_timestamp_anonymized,single_row_default,0.15,15.0,carbon,211.9472222222222,211.9472222022222,2e-08,0.9999999999056369,0.049338540783937776,56.92722900944694,76.57088852173347,40.79970199303847,65.46631336086396,3.230012371729038,0.04933854078393779,0.0,,,1e-08,True,True,0,1,2.220446049250313e-16,0.0,0.0,0.0,1e-08,1.4919444444444445,0,0.0,292,1,0.0,0.0,201.49005553555557,10.45716666666666,0.0,0.0
scenario_coarse,0.75,4.845018557593557,6.460024743458076,0.7500000000000002,1.6150061858645177,0.07551339370023413,0.1863145331581384,-1.971778875296737,-9.999979511121637e-09,41.422331037605474,1e-08,40.53006087085025,screened_water_cap_0.75,equal_site_portfolio,legacy_stress,ample,uniform_google_ai_2024,portfolio_mean,central,gentd26_hourly_service_demand.csv,gentd26_aligned_regional_hourly_cef.csv,capacity_scenarios.csv,energy_calibration_bounds.csv,trace_timestamp_anonymized,single_row_default,0.15,15.0,carbon,211.9472222222222,211.9472222022222,2e-08,0.9999999999056369,0.0740078111759067,56.92722900944693,76.43045320122349,40.605574264550484,65.46631336086396,4.8450185575935585,0.0740078111759067,0.0,,,1e-08,True,True,0,1,2.220446049250313e-16,0.0,0.0,0.0,1e-08,1.4919444444444445,0,0.0,350,1,-1.7763568394002505e-15,1.7763568394002505e-15,196.26147220222222,15.685750000000004,0.0,0.0
scenario_coarse,1.0,6.460024743458076,6.460024743458076,1.0,0.0,0.0,0.0,-2.1540800442765295,-9.999979511121637e-09,41.422331037605474,1e-08,40.53006087085025,screened_water_cap_1.00,equal_site_portfolio,legacy_stress,ample,uniform_google_ai_2024,portfolio_mean,central,gentd26_hourly_service_demand.csv,gentd26_aligned_regional_hourly_cef.csv,capacity_scenarios.csv,energy_calibration_bounds.csv,trace_timestamp_anonymized,single_row_default,0.15,15.0,carbon,211.9472222222222,211.9472222022222,2e-08,0.9999999999056369,0.09867708156787558,56.92722900944694,76.29001788071355,40.53006087085025,65.46631336086396,6.460024743458076,0.09867708156787558,0.0,,,1e-08,True,True,0,0,2.220446049250313e-16,0.0,0.0,0.0,1e-08,1.4919444444444445,0,0.0,412,1,0.0,0.0,191.0328888688889,20.914333333333346,0.0,0.0
scenario_coarse,0.0,0.0,1.2125223354705221,0.0,1.2125223354705221,0.03032573394857252,0.07864977440592558,-6.841874430566364,-9.999979511121637e-09,41.422331037605474,1e-08,38.557941427850416,screened_water_cap_0.00,equal_site_portfolio,legacy_stress,ample,uniform_google_ai_2024,portfolio_mean,central,gentd26_hourly_service_demand.csv,gentd26_aligned_regional_hourly_cef.csv,capacity_scenarios.csv,energy_calibration_bounds.csv,trace_timestamp_anonymized,single_row_default,0.15,20.0,carbon,211.9472222222222,211.9472222022222,2e-08,0.9999999999056369,0.15000000001415448,56.92722900944694,75.9978507275311,38.58826716179899,65.46631336086396,0.0,0.0,0.0,,,1e-08,True,True,0,0,4.440892098500626e-16,0.0,0.0,0.0,1e-08,2.018152777777778,0,0.0,554,3,0.0,0.0,180.1551388688889,0.0,0.0,31.79208333333335
scenario_coarse,0.25,0.30313058386763053,1.2125223354705221,0.25,0.9093917516028915,0.014830375139283092,0.03846256981077101,-6.87928265560137,-9.999979511121637e-09,41.422331037605474,1e-08,38.557941427850416,screened_water_cap_0.25,equal_site_portfolio,legacy_stress,ample,uniform_google_ai_2024,portfolio_mean,central,gentd26_hourly_service_demand.csv,gentd26_aligned_regional_hourly_cef.csv,capacity_scenarios.csv,energy_calibration_bounds.csv,trace_timestamp_anonymized,single_row_default,0.15,20.0,carbon,211.9472222222222,211.9472222022222,2e-08,0.9999999999056369,0.15000000001415448,56.92722900944693,75.9978507275311,38.5727718029897,65.46631336086396,0.30313058386763053,0.004630329222858657,0.0,,,1e-08,True,True,0,675,4.440892098500626e-16,0.0,0.0,0.0,1e-08,2.018152777777778,0,0.0,554,3,0.0,0.0,180.1551388688889,0.4545520833333333,0.5268333333333332,30.81069791666668
scenario_coarse,0.5,0.6062611677352611,1.2125223354705221,0.5,0.6062611677352611,0.005037475674491532,0.013064690406050516,-6.9029242499285886,-9.999979511121637e-09,41.422331037605474,1e-08,38.557941427850416,screened_water_cap_0.50,equal_site_portfolio,legacy_stress,ample,uniform_google_ai_2024,portfolio_mean,central,gentd26_hourly_service_demand.csv,gentd26_aligned_regional_hourly_cef.csv,capacity_scenarios.csv,energy_calibration_bounds.csv,trace_timestamp_anonymized,single_row_default,0.15,20.0,carbon,211.9472222222222,211.9472222022222,2e-08,0.9999999999056369,0.15000000001415448,56.92722900944694,75.9978507275311,38.56297890352491,65.46631336086396,0.6062611677352611,0.009260658445717313,0.0,,,1e-08,True,True,0,683,4.440892098500626e-16,0.0,0.0,0.0,1e-08,2.018152777777778,0,0.0,554,3,0.0,0.0,180.1551388688889,1.0018125,0.9609583333333331,29.82931250000001
scenario_coarse,0.75,0.9093917516028915,1.2125223354705221,0.7499999999999997,0.3031305838676309,0.0009287945287255184,0.0024088281021628077,-6.9128432502427835,-9.999979511121637e-09,41.422331037605474,1e-08,38.557941427850416,screened_water_cap_0.75,equal_site_portfolio,legacy_stress,ample,uniform_google_ai_2024,portfolio_mean,central,gentd26_hourly_service_demand.csv,gentd26_aligned_regional_hourly_cef.csv,capacity_scenarios.csv,energy_calibration_bounds.csv,trace_timestamp_anonymized,single_row_default,0.15,20.0,carbon,211.9472222222222,211.9472222022222,2e-08,0.9999999999056369,0.15000000001415448,56.92722900944694,75.9978507275311,38.55887022237914,65.46631336086396,0.9093917516028912,0.013890987668575964,0.0,,,1e-08,True,True,0,686,4.440892098500626e-16,0.0,0.0,0.0,1e-08,2.018152777777778,0,0.0,554,3,3.3306690738754696e-16,0.0,180.1551388688889,1.5220833333333332,1.422072916666666,28.847927083333342
scenario_coarse,1.0,1.2125223354705221,1.2125223354705221,1.0,0.0,0.0,0.0,-6.915085505821983,-9.999979511121637e-09,41.422331037605474,1e-08,38.557941427850416,screened_water_cap_1.00,equal_site_portfolio,legacy_stress,ample,uniform_google_ai_2024,portfolio_mean,central,gentd26_hourly_service_demand.csv,gentd26_aligned_regional_hourly_cef.csv,capacity_scenarios.csv,energy_calibration_bounds.csv,trace_timestamp_anonymized,single_row_default,0.15,20.0,carbon,211.9472222222222,211.9472222022222,2e-08,0.9999999999056369,0.15000000001415448,56.92722900944694,75.9978507275311,38.557941427850416,65.46631336086396,1.2125223354705221,0.018521316891434627,0.0,,,1e-08,True,True,0,687,4.440892098500626e-16,0.0,0.0,0.0,1e-08,2.018152777777778,0,0.0,554,3,0.0,0.0,180.1551388688889,1.9265833333333329,1.9989583333333334,27.86654166666667
scenario_coarse,0.0,0.0,1.2125223354705221,0.0,1.2125223354705221,0.03032573394857252,0.07864977440592558,-6.841874430566364,-9.999979511121637e-09,41.422331037605474,1e-08,38.557941427850416,screened_water_cap_0.00,equal_site_portfolio,legacy_stress,ample,uniform_google_ai_2024,portfolio_mean,central,gentd26_hourly_service_demand.csv,gentd26_aligned_regional_hourly_cef.csv,capacity_scenarios.csv,energy_calibration_bounds.csv,trace_timestamp_anonymized,single_row_default,0.15,35.0,carbon,211.9472222222222,211.9472222022222,2e-08,0.9999999999056369,0.15000000001415448,56.92722900944694,75.9978507275311,38.58826716179899,65.46631336086396,0.0,0.0,0.0,,,1e-08,True,True,0,0,4.440892098500626e-16,0.0,0.0,0.0,1e-08,2.018152777777778,0,0.0,554,3,0.0,0.0,180.1551388688889,0.0,0.0,31.79208333333335
scenario_coarse,0.25,0.30313058386763053,1.2125223354705221,0.25,0.9093917516028915,0.014830375139283092,0.03846256981077101,-6.87928265560137,-9.999979511121637e-09,41.422331037605474,1e-08,38.557941427850416,screened_water_cap_0.25,equal_site_portfolio,legacy_stress,ample,uniform_google_ai_2024,portfolio_mean,central,gentd26_hourly_service_demand.csv,gentd26_aligned_regional_hourly_cef.csv,capacity_scenarios.csv,energy_calibration_bounds.csv,trace_timestamp_anonymized,single_row_default,0.15,35.0,carbon,211.9472222222222,211.9472222022222,2e-08,0.9999999999056369,0.15000000001415448,56.92722900944693,75.9978507275311,38.5727718029897,65.46631336086396,0.30313058386763053,0.004630329222858657,0.0,,,1e-08,True,True,0,675,4.440892098500626e-16,0.0,0.0,0.0,1e-08,2.018152777777778,0,0.0,554,3,0.0,0.0,180.1551388688889,0.4545520833333333,0.5268333333333332,30.81069791666668
scenario_coarse,0.5,0.6062611677352611,1.2125223354705221,0.5,0.6062611677352611,0.005037475674491532,0.013064690406050516,-6.9029242499285886,-9.999979511121637e-09,41.422331037605474,1e-08,38.557941427850416,screened_water_cap_0.50,equal_site_portfolio,legacy_stress,ample,uniform_google_ai_2024,portfolio_mean,central,gentd26_hourly_service_demand.csv,gentd26_aligned_regional_hourly_cef.csv,capacity_scenarios.csv,energy_calibration_bounds.csv,trace_timestamp_anonymized,single_row_default,0.15,35.0,carbon,211.9472222222222,211.9472222022222,2e-08,0.9999999999056369,0.15000000001415448,56.92722900944694,75.9978507275311,38.56297890352491,65.46631336086396,0.6062611677352611,0.009260658445717313,0.0,,,1e-08,True,True,0,683,4.440892098500626e-16,0.0,0.0,0.0,1e-08,2.018152777777778,0,0.0,554,3,0.0,0.0,180.1551388688889,1.0018125,0.9609583333333331,29.82931250000001
scenario_coarse,0.75,0.9093917516028915,1.2125223354705221,0.7499999999999997,0.3031305838676309,0.0009287945287255184,0.0024088281021628077,-6.9128432502427835,-9.999979511121637e-09,41.422331037605474,1e-08,38.557941427850416,screened_water_cap_0.75,equal_site_portfolio,legacy_stress,ample,uniform_google_ai_2024,portfolio_mean,central,gentd26_hourly_service_demand.csv,gentd26_aligned_regional_hourly_cef.csv,capacity_scenarios.csv,energy_calibration_bounds.csv,trace_timestamp_anonymized,single_row_default,0.15,35.0,carbon,211.9472222222222,211.9472222022222,2e-08,0.9999999999056369,0.15000000001415448,56.92722900944694,75.9978507275311,38.55887022237914,65.46631336086396,0.9093917516028912,0.013890987668575964,0.0,,,1e-08,True,True,0,686,4.440892098500626e-16,0.0,0.0,0.0,1e-08,2.018152777777778,0,0.0,554,3,3.3306690738754696e-16,0.0,180.1551388688889,1.5220833333333332,1.422072916666666,28.847927083333342
scenario_coarse,1.0,1.2125223354705221,1.2125223354705221,1.0,0.0,0.0,0.0,-6.915085505821983,-9.999979511121637e-09,41.422331037605474,1e-08,38.557941427850416,screened_water_cap_1.00,equal_site_portfolio,legacy_stress,ample,uniform_google_ai_2024,portfolio_mean,central,gentd26_hourly_service_demand.csv,gentd26_aligned_regional_hourly_cef.csv,capacity_scenarios.csv,energy_calibration_bounds.csv,trace_timestamp_anonymized,single_row_default,0.15,35.0,carbon,211.9472222222222,211.9472222022222,2e-08,0.9999999999056369,0.15000000001415448,56.92722900944694,75.9978507275311,38.557941427850416,65.46631336086396,1.2125223354705221,0.018521316891434627,0.0,,,1e-08,True,True,0,687,4.440892098500626e-16,0.0,0.0,0.0,1e-08,2.018152777777778,0,0.0,554,3,0.0,0.0,180.1551388688889,1.9265833333333329,1.9989583333333334,27.86654166666667
scenario_coarse,0.0,0.0,12.920049486916152,0.0,12.920049486916152,1.7845403290775934,4.502118552216494,-5.350808685022912e-09,-1.0000007932831068e-08,41.422331037605474,1e-08,39.63779070631145,screened_water_cap_0.00,equal_site_portfolio,legacy_stress,ample,uniform_google_ai_2024,portfolio_mean,central,gentd26_hourly_service_demand.csv,gentd26_aligned_regional_hourly_cef.csv,capacity_scenarios.csv,energy_calibration_bounds.csv,trace_timestamp_anonymized,single_row_default,0.3,15.0,carbon,211.9472222222222,211.94722220222218,2e-08,0.9999999999056368,0.0,56.92722900944693,76.85175916275338,41.42233103538904,65.46631336086396,0.0,0.0,0.0,,,1e-08,True,True,0,0,0.0,0.0,0.0,0.0,1e-08,1.4919444444444445,0,0.0,184,1,0.0,0.0,211.94722220222224,0.0,0.0,0.0
scenario_coarse,0.25,3.230012371729038,12.920049486916152,0.25000000000000006,9.690037115187113,1.0388229750050897,2.620789293485215,-1.8002785879238203,-9.999979511121637e-09,41.422331037605474,1e-08,39.63779070631145,screened_water_cap_0.25,equal_site_portfolio,legacy_stress,ample,uniform_google_ai_2024,portfolio_mean,central,gentd26_hourly_service_demand.csv,gentd26_aligned_regional_hourly_cef.csv,capacity_scenarios.csv,energy_calibration_bounds.csv,trace_timestamp_anonymized,single_row_default,0.3,15.0,carbon,211.9472222222222,211.9472222022222,2e-08,0.9999999999056369,0.049338540783937804,56.92722900944693,76.57088852173345,40.67661368131654,65.46631336086396,3.230012371729039,0.049338540783937804,0.0,,,1e-08,True,True,0,1,2.220446049250313e-16,0.0,0.0,0.0,1e-08,1.4919444444444445,0,0.0,246,1,-8.881784197001252e-16,8.881784197001252e-16,201.4900555355555,10.45716666666667,0.0,0.0
scenario_coarse,0.5,6.460024743458076,12.920049486916152,0.5,6.460024743458076,0.5392822443764373,1.3605254853181536,-3.0062482137643953,-9.999979511121637e-09,41.422331037605474,1e-08,39.63779070631145,screened_water_cap_0.50,equal_site_portfolio,legacy_stress,ample,uniform_google_ai_2024,portfolio_mean,central,gentd26_hourly_service_demand.csv,gentd26_aligned_regional_hourly_cef.csv,capacity_scenarios.csv,energy_calibration_bounds.csv,trace_timestamp_anonymized,single_row_default,0.3,15.0,carbon,211.9472222222222,211.9472222022222,2e-08,0.9999999999056369,0.09867708156787555,56.92722900944693,76.29001788071355,40.17707295068789,65.46631336086396,6.460024743458076,0.09867708156787558,0.0,,,1e-08,True,True,0,1,2.220446049250313e-16,0.0,0.0,0.0,1e-08,1.4919444444444445,0,0.0,292,1,0.0,0.0,191.0328888688889,20.91433333333332,0.0,0.0
scenario_coarse,0.75,9.690037115187113,12.920049486916152,0.7500000000000002,3.2300123717290354,0.15102678740047537,0.38101716747909187,-3.943557745242676,-9.999979511121637e-09,41.422331037605474,1e-08,39.63779070631145,screened_water_cap_0.75,equal_site_portfolio,legacy_stress,ample,uniform_google_ai_2024,portfolio_mean,central,gentd26_hourly_service_demand.csv,gentd26_aligned_regional_hourly_cef.csv,capacity_scenarios.csv,energy_calibration_bounds.csv,trace_timestamp_anonymized,single_row_default,0.3,15.0,carbon,211.9472222222222,211.9472222022222,2e-08,0.9999999999056369,0.1480156223518134,56.92722900944693,76.00914723969362,39.788817493711925,65.46631336086396,9.690037115187117,0.1480156223518134,0.0,,,1e-08,True,True,0,1,2.220446049250313e-16,0.0,0.0,0.0,1e-08,1.4919444444444445,0,0.0,350,1,-3.552713678800501e-15,3.552713678800501e-15,180.57572220222218,31.371500000000008,0.0,0.0
scenario_coarse,1.0,12.920049486916152,12.920049486916152,1.0,0.0,0.0,0.0,-4.308160083202273,-1.0000007932831068e-08,41.422331037605474,1e-08,39.63779070631145,screened_water_cap_1.00,equal_site_portfolio,legacy_stress,ample,uniform_google_ai_2024,portfolio_mean,central,gentd26_hourly_service_demand.csv,gentd26_aligned_regional_hourly_cef.csv,capacity_scenarios.csv,energy_calibration_bounds.csv,trace_timestamp_anonymized,single_row_default,0.3,15.0,carbon,211.9472222222222,211.94722220222218,2e-08,0.9999999999056368,0.1973541631357512,56.92722900944693,75.7282765986737,39.63779070631145,65.46631336086396,12.920049486916152,0.19735416313575116,0.0,,,1e-08,True,True,0,0,2.220446049250313e-16,0.0,0.0,0.0,1e-08,1.4919444444444445,0,0.0,412,1,0.0,0.0,170.11855553555554,41.82866666666669,0.0,0.0
scenario_coarse,0.0,0.0,2.4250446709410443,0.0,2.4250446709410443,0.06065146789713083,0.16992275860485684,-13.683748855781941,-1.0000007932831068e-08,41.422331037605474,1e-08,35.6935518203118,screened_water_cap_0.00,equal_site_portfolio,legacy_stress,ample,uniform_google_ai_2024,portfolio_mean,central,gentd26_hourly_service_demand.csv,gentd26_aligned_regional_hourly_cef.csv,capacity_scenarios.csv,energy_calibration_bounds.csv,trace_timestamp_anonymized,single_row_default,0.3,20.0,carbon,211.9472222222222,211.94722220222218,2e-08,0.9999999999056368,0.30000000002830896,56.92722900944693,75.14394229230881,35.75420328820893,65.46631336086396,0.0,0.0,0.0,,,1e-08,True,True,0,0,4.440892098500626e-16,0.0,0.0,0.0,1e-08,1.9475833333333334,0,0.0,554,3,0.0,0.0,148.36305553555553,0.0,0.0,63.5841666666667
scenario_coarse,0.25,0.6062611677352611,2.4250446709410443,0.25,1.818783503205783,0.029660750278559078,0.08309834344275568,-13.758565305851922,-1.0000007932831068e-08,41.422331037605474,1e-08,35.6935518203118,screened_water_cap_0.25,equal_site_portfolio,legacy_stress,ample,uniform_google_ai_2024,portfolio_mean,central,gentd26_hourly_service_demand.csv,gentd26_aligned_regional_hourly_cef.csv,capacity_scenarios.csv,energy_calibration_bounds.csv,trace_timestamp_anonymized,single_row_default,0.3,20.0,carbon,211.9472222222222,211.94722220222218,2e-08,0.9999999999056368,0.30000000002830896,56.92722900944693,75.14394229230881,35.723212570590356,65.46631336086396,0.6062611677352611,0.009260658445717313,0.0,,,1e-08,True,True,0,673,4.440892098500626e-16,0.0,0.0,0.0,1e-08,1.9475833333333334,0,0.0,554,3,0.0,0.0,148.36305553555553,0.9091041666666666,1.0536666666666663,61.62139583333336
scenario_coarse,0.5,1.2125223354705221,2.4250446709410443,0.5,1.2125223354705221,0.010074951348975958,0.02822625049951899,-13.805848494506378,-1.0000007932831068e-08,41.422331037605474,1e-08,35.6935518203118,screened_water_cap_0.50,equal_site_portfolio,legacy_stress,ample,uniform_google_ai_2024,portfolio_mean,central,gentd26_hourly_service_demand.csv,gentd26_aligned_regional_hourly_cef.csv,capacity_scenarios.csv,energy_calibration_bounds.csv,trace_timestamp_anonymized,single_row_default,0.3,20.0,carbon,211.9472222222222,211.94722220222218,2e-08,0.9999999999056368,0.30000000002830896,56.92722900944693,75.14394229230881,35.70362677166077,65.46631336086396,1.2125223354705221,0.018521316891434627,0.0,,,1e-08,True,True,0,680,4.440892098500626e-16,0.0,0.0,0.0,1e-08,1.9475833333333334,0,0.0,554,3,0.0,0.0,148.36305553555553,2.003625,1.9219166666666663,59.65862500000002
scenario_coarse,0.75,1.818783503205783,2.4250446709410443,0.7499999999999997,0.6062611677352618,0.001857589057436826,0.005204270695124968,-13.825686495134782,-1.0000007932831068e-08,41.422331037605474,1e-08,35.6935518203118,screened_water_cap_0.75,equal_site_portfolio,legacy_stress,ample,uniform_google_ai_2024,portfolio_mean,central,gentd26_hourly_service_demand.csv,gentd26_aligned_regional_hourly_cef.csv,capacity_scenarios.csv,energy_calibration_bounds.csv,trace_timestamp_anonymized,single_row_default,0.3,20.0,carbon,211.9472222222222,211.94722220222218,2e-08,0.9999999999056368,0.30000000002830896,56.92722900944693,75.14394229230881,35.69540940936923,65.46631336086396,1.8187835032057824,0.02778197533715193,0.0,,,1e-08,True,True,0,682,4.440892098500626e-16,0.0,0.0,0.0,1e-08,1.9475833333333334,0,0.0,554,3,6.661338147750939e-16,0.0,148.36305553555553,3.0441666666666665,2.844145833333332,57.695854166666685
scenario_coarse,1.0,2.4250446709410443,2.4250446709410443,1.0,0.0,0.0,0.0,-13.830171006293146,-1.0000007932831068e-08,41.422331037605474,1e-08,35.6935518203118,screened_water_cap_1.00,equal_site_portfolio,legacy_stress,ample,uniform_google_ai_2024,portfolio_mean,central,gentd26_hourly_service_demand.csv,gentd26_aligned_regional_hourly_cef.csv,capacity_scenarios.csv,energy_calibration_bounds.csv,trace_timestamp_anonymized,single_row_default,0.3,20.0,carbon,211.9472222222222,211.94722220222218,2e-08,0.9999999999056368,0.30000000002830896,56.92722900944693,75.14394229230881,35.6935518203118,65.46631336086396,2.4250446709410443,0.037042633782869254,0.0,,,1e-08,True,True,0,677,4.440892098500626e-16,0.0,0.0,0.0,1e-08,1.9475833333333334,0,0.0,554,3,0.0,0.0,148.36305553555553,3.8531666666666657,3.997916666666667,55.73308333333334
scenario_coarse,0.0,0.0,2.4250446709410443,0.0,2.4250446709410443,0.06065146789713083,0.16992275860485684,-13.683748855781941,-1.0000007932831068e-08,41.422331037605474,1e-08,35.6935518203118,screened_water_cap_0.00,equal_site_portfolio,legacy_stress,ample,uniform_google_ai_2024,portfolio_mean,central,gentd26_hourly_service_demand.csv,gentd26_aligned_regional_hourly_cef.csv,capacity_scenarios.csv,energy_calibration_bounds.csv,trace_timestamp_anonymized,single_row_default,0.3,35.0,carbon,211.9472222222222,211.94722220222218,2e-08,0.9999999999056368,0.30000000002830896,56.92722900944693,75.14394229230881,35.75420328820893,65.46631336086396,0.0,0.0,0.0,,,1e-08,True,True,0,0,4.440892098500626e-16,0.0,0.0,0.0,1e-08,1.9475833333333334,0,0.0,554,3,0.0,0.0,148.36305553555553,0.0,0.0,63.5841666666667
scenario_coarse,0.25,0.6062611677352611,2.4250446709410443,0.25,1.818783503205783,0.029660750278559078,0.08309834344275568,-13.758565305851922,-1.0000007932831068e-08,41.422331037605474,1e-08,35.6935518203118,screened_water_cap_0.25,equal_site_portfolio,legacy_stress,ample,uniform_google_ai_2024,portfolio_mean,central,gentd26_hourly_service_demand.csv,gentd26_aligned_regional_hourly_cef.csv,capacity_scenarios.csv,energy_calibration_bounds.csv,trace_timestamp_anonymized,single_row_default,0.3,35.0,carbon,211.9472222222222,211.94722220222218,2e-08,0.9999999999056368,0.30000000002830896,56.92722900944693,75.14394229230881,35.723212570590356,65.46631336086396,0.6062611677352611,0.009260658445717313,0.0,,,1e-08,True,True,0,673,4.440892098500626e-16,0.0,0.0,0.0,1e-08,1.9475833333333334,0,0.0,554,3,0.0,0.0,148.36305553555553,0.9091041666666666,1.0536666666666663,61.62139583333336
scenario_coarse,0.5,1.2125223354705221,2.4250446709410443,0.5,1.2125223354705221,0.010074951348975958,0.02822625049951899,-13.805848494506378,-1.0000007932831068e-08,41.422331037605474,1e-08,35.6935518203118,screened_water_cap_0.50,equal_site_portfolio,legacy_stress,ample,uniform_google_ai_2024,portfolio_mean,central,gentd26_hourly_service_demand.csv,gentd26_aligned_regional_hourly_cef.csv,capacity_scenarios.csv,energy_calibration_bounds.csv,trace_timestamp_anonymized,single_row_default,0.3,35.0,carbon,211.9472222222222,211.94722220222218,2e-08,0.9999999999056368,0.30000000002830896,56.92722900944693,75.14394229230881,35.70362677166077,65.46631336086396,1.2125223354705221,0.018521316891434627,0.0,,,1e-08,True,True,0,680,4.440892098500626e-16,0.0,0.0,0.0,1e-08,1.9475833333333334,0,0.0,554,3,0.0,0.0,148.36305553555553,2.003625,1.9219166666666663,59.65862500000002
scenario_coarse,0.75,1.818783503205783,2.4250446709410443,0.7499999999999997,0.6062611677352618,0.001857589057436826,0.005204270695124968,-13.825686495134782,-1.0000007932831068e-08,41.422331037605474,1e-08,35.6935518203118,screened_water_cap_0.75,equal_site_portfolio,legacy_stress,ample,uniform_google_ai_2024,portfolio_mean,central,gentd26_hourly_service_demand.csv,gentd26_aligned_regional_hourly_cef.csv,capacity_scenarios.csv,energy_calibration_bounds.csv,trace_timestamp_anonymized,single_row_default,0.3,35.0,carbon,211.9472222222222,211.94722220222218,2e-08,0.9999999999056368,0.30000000002830896,56.92722900944693,75.14394229230881,35.69540940936923,65.46631336086396,1.8187835032057824,0.02778197533715193,0.0,,,1e-08,True,True,0,682,4.440892098500626e-16,0.0,0.0,0.0,1e-08,1.9475833333333334,0,0.0,554,3,6.661338147750939e-16,0.0,148.36305553555553,3.0441666666666665,2.844145833333332,57.695854166666685
scenario_coarse,1.0,2.4250446709410443,2.4250446709410443,1.0,0.0,0.0,0.0,-13.830171006293146,-1.0000007932831068e-08,41.422331037605474,1e-08,35.6935518203118,screened_water_cap_1.00,equal_site_portfolio,legacy_stress,ample,uniform_google_ai_2024,portfolio_mean,central,gentd26_hourly_service_demand.csv,gentd26_aligned_regional_hourly_cef.csv,capacity_scenarios.csv,energy_calibration_bounds.csv,trace_timestamp_anonymized,single_row_default,0.3,35.0,carbon,211.9472222222222,211.94722220222218,2e-08,0.9999999999056368,0.30000000002830896,56.92722900944693,75.14394229230881,35.6935518203118,65.46631336086396,2.4250446709410443,0.037042633782869254,0.0,,,1e-08,True,True,0,677,4.440892098500626e-16,0.0,0.0,0.0,1e-08,1.9475833333333334,0,0.0,554,3,0.0,0.0,148.36305553555553,3.8531666666666657,3.997916666666667,55.73308333333334
scenario_coarse,0.0,0.0,21.533415811526922,0.0,21.533415811526922,2.974233881795989,7.735711522769195,-5.350808685022912e-09,-1.0000007932831068e-08,41.422331037605474,1e-08,38.448097153593054,screened_water_cap_0.00,equal_site_portfolio,legacy_stress,ample,uniform_google_ai_2024,portfolio_mean,central,gentd26_hourly_service_demand.csv,gentd26_aligned_regional_hourly_cef.csv,capacity_scenarios.csv,energy_calibration_bounds.csv,trace_timestamp_anonymized,single_row_default,0.5,15.0,carbon,211.9472222222222,211.94722220222218,2e-08,0.9999999999056368,0.0,56.92722900944693,76.85175916275338,41.42233103538904,65.46631336086396,0.0,0.0,0.0,,,1e-08,True,True,0,0,0.0,0.0,0.0,0.0,1e-08,1.4919444444444445,0,0.0,184,1,0.0,0.0,211.94722220222224,0.0,0.0,0.0
scenario_coarse,0.25,5.3833539528817305,21.533415811526922,0.24999999999999992,16.150061858645195,1.7313716250084923,4.503139955384472,-3.0004643096391392,-9.999979511121637e-09,41.422331037605474,1e-08,38.448097153593054,screened_water_cap_0.25,equal_site_portfolio,legacy_stress,ample,uniform_google_ai_2024,portfolio_mean,central,gentd26_hourly_service_demand.csv,gentd26_aligned_regional_hourly_cef.csv,capacity_scenarios.csv,energy_calibration_bounds.csv,trace_timestamp_anonymized,single_row_default,0.5,15.0,carbon,211.9472222222222,211.9472222022222,2e-08,0.9999999999056369,0.08223090130656296,56.92722900944694,76.38364142772018,40.179468778601546,65.46631336086396,5.383353952881729,0.08223090130656296,0.0,,,1e-08,True,True,0,1,0.0,0.0,0.0,0.0,1e-08,1.4919444444444445,0,0.0,246,1,1.7763568394002505e-15,0.0,194.51861109111113,17.4286111111111,0.0,0.0
scenario_coarse,0.5,10.766707905763461,21.533415811526922,0.5,10.766707905763461,0.8988037406273932,2.337706693355557,-5.010413686040116,-9.999979511121637e-09,41.422331037605474,1e-08,38.448097153593054,screened_water_cap_0.50,equal_site_portfolio,legacy_stress,ample,uniform_google_ai_2024,portfolio_mean,central,gentd26_hourly_service_demand.csv,gentd26_aligned_regional_hourly_cef.csv,capacity_scenarios.csv,energy_calibration_bounds.csv,trace_timestamp_anonymized,single_row_default,0.5,15.0,carbon,211.9472222222222,211.9472222022222,2e-08,0.9999999999056369,0.16446180261312598,56.92722900944693,75.91552369268699,39.34690089422045,65.46631336086396,10.766707905763461,0.16446180261312598,0.0,,,1e-08,True,True,0,1,0.0,0.0,0.0,0.0,1e-08,1.4919444444444445,0,0.0,292,1,0.0,0.0,177.08999998000002,34.857222222222234,0.0,0.0
scenario_coarse,0.75,16.15006185864519,21.533415811526922,0.7500000000000001,5.383353952881727,0.25171131233412325,0.6546782050840694,-6.572596238503914,-1.0000007932831068e-08,41.422331037605474,1e-08,38.448097153593054,screened_water_cap_0.75,equal_site_portfolio,legacy_stress,ample,uniform_google_ai_2024,portfolio_mean,central,gentd26_hourly_service_demand.csv,gentd26_aligned_regional_hourly_cef.csv,capacity_scenarios.csv,energy_calibration_bounds.csv,trace_timestamp_anonymized,single_row_default,0.5,15.0,carbon,211.9472222222222,211.94722220222218,2e-08,0.9999999999056368,0.246692703919689,56.92722900944693,75.44740595765379,38.69980846592718,65.46631336086396,16.150061858645195,0.246692703919689,0.0,,,1e-08,True,True,0,1,0.0,0.0,0.0,0.0,1e-08,1.4919444444444445,0,0.0,350,1,-3.552713678800501e-15,3.552713678800501e-15,159.66138886888893,52.28583333333334,0.0,0.0
scenario_coarse,1.0,21.533415811526922,21.533415811526922,1.0,0.0,0.0,0.0,-7.180266801769908,-1.0000007932831068e-08,41.422331037605474,1e-08,38.448097153593054,screened_water_cap_1.00,equal_site_portfolio,legacy_stress,ample,uniform_google_ai_2024,portfolio_mean,central,gentd26_hourly_service_demand.csv,gentd26_aligned_regional_hourly_cef.csv,capacity_scenarios.csv,energy_calibration_bounds.csv,trace_timestamp_anonymized,single_row_default,0.5,15.0,carbon,211.9472222222222,211.94722220222218,2e-08,0.9999999999056368,0.32892360522625197,56.92722900944693,74.9792882226206,38.448097153593054,65.46631336086396,21.533415811526922,0.32892360522625197,0.0,,,1e-08,True,True,0,0,0.0,0.0,0.0,0.0,1e-08,1.4241666666666666,0,0.0,412,1,0.0,0.0,142.2327777577778,69.71444444444447,0.0,0.0
scenario_coarse,0.0,0.0,4.041741118235074,0.0,4.041741118235074,0.10108577982856559,0.31713816944045625,-22.80624808940268,-1.0000007932831068e-08,41.422331037605474,1e-08,31.874365676926956,screened_water_cap_0.00,equal_site_portfolio,legacy_stress,ample,uniform_google_ai_2024,portfolio_mean,central,gentd26_hourly_service_demand.csv,gentd26_aligned_regional_hourly_cef.csv,capacity_scenarios.csv,energy_calibration_bounds.csv,trace_timestamp_anonymized,single_row_default,0.5,20.0,carbon,211.9472222222222,211.94722220222218,2e-08,0.9999999999056368,0.5000000000471817,56.92722900944693,74.00539771201244,31.975451456755522,65.46631336086396,0.0,0.0,0.0,,,1e-08,True,True,0,0,0.0,0.0,0.0,0.0,1e-08,1.2459722222222223,0,0.0,554,3,0.0,0.0,105.97361109111111,0.0,0.0,105.97361111111111
scenario_coarse,0.25,1.0104352795587686,4.041741118235074,0.25,3.031305838676306,0.04943458379760557,0.15509197672720632,-22.930942172852664,-1.0000007932831068e-08,41.422331037605474,1e-08,31.874365676926956,screened_water_cap_0.25,equal_site_portfolio,legacy_stress,ample,uniform_google_ai_2024,portfolio_mean,central,gentd26_hourly_service_demand.csv,gentd26_aligned_regional_hourly_cef.csv,capacity_scenarios.csv,energy_calibration_bounds.csv,trace_timestamp_anonymized,single_row_default,0.5,20.0,carbon,211.9472222222222,211.94722220222218,2e-08,0.9999999999056368,0.5000000000471816,56.92722900944693,74.00539771201244,31.923800260724562,65.46631336086396,1.0104352795587686,0.015434430742862191,0.0,,,1e-08,True,True,0,673,0.0,0.0,0.0,0.0,1e-08,1.2459722222222223,0,0.0,554,3,0.0,0.0,105.97361109111111,1.5151736111111118,1.7561111111111107,102.70232638888888
scenario_coarse,0.5,2.020870559117537,4.041741118235074,0.5,2.020870559117537,0.016791585581639623,0.05268053253777438,-23.009747487276744,-1.0000007932831068e-08,41.422331037605474,1e-08,31.874365676926956,screened_water_cap_0.50,equal_site_portfolio,legacy_stress,ample,uniform_google_ai_2024,portfolio_mean,central,gentd26_hourly_service_demand.csv,gentd26_aligned_regional_hourly_cef.csv,capacity_scenarios.csv,energy_calibration_bounds.csv,trace_timestamp_anonymized,single_row_default,0.5,20.0,carbon,211.9472222222222,211.94722220222218,2e-08,0.9999999999056368,0.5000000000471817,56.92722900944693,74.00539771201244,31.891157262508596,65.46631336086396,2.020870559117537,0.030868861485724382,0.0,,,1e-08,True,True,0,672,0.0,0.0,0.0,0.0,1e-08,1.2459722222222223,0,0.0,554,3,0.0,0.0,105.97361109111112,3.3393750000000004,3.203194444444444,99.43104166666666
scenario_coarse,0.75,3.031305838676306,4.041741118235074,0.7499999999999999,1.0104352795587692,0.003095981762395894,0.009713077253925562,-23.042810821657433,-9.999979511121637e-09,41.422331037605474,1e-08,31.874365676926956,screened_water_cap_0.75,equal_site_portfolio,legacy_stress,ample,uniform_google_ai_2024,portfolio_mean,central,gentd26_hourly_service_demand.csv,gentd26_aligned_regional_hourly_cef.csv,capacity_scenarios.csv,energy_calibration_bounds.csv,trace_timestamp_anonymized,single_row_default,0.5,20.0,carbon,211.9472222222222,211.9472222022222,2e-08,0.9999999999056369,0.5000000000471816,56.92722900944693,74.00539771201244,31.877461658689352,65.46631336086396,3.031305838676305,0.04630329222858656,0.0,,,1e-08,True,True,0,673,4.440892098500626e-16,0.0,0.0,0.0,1e-08,1.2459722222222223,0,0.0,554,3,8.881784197001252e-16,0.0,105.97361109111111,5.073611111111111,4.740243055555555,96.15975694444447
scenario_coarse,1.0,4.041741118235074,4.041741118235074,0.9999999999999998,8.881784197001252e-16,0.0,0.0,-23.05028500692139,-9.999979511121637e-09,41.422331037605474,1e-08,31.874365676926956,screened_water_cap_1.00,equal_site_portfolio,legacy_stress,ample,uniform_google_ai_2024,portfolio_mean,central,gentd26_hourly_service_demand.csv,gentd26_aligned_regional_hourly_cef.csv,capacity_scenarios.csv,energy_calibration_bounds.csv,trace_timestamp_anonymized,single_row_default,0.5,20.0,carbon,211.9472222222222,211.9472222022222,2e-08,0.9999999999056369,0.5000000000471816,56.92722900944693,74.00539771201244,31.874365676926956,65.46631336086396,4.041741118235073,0.06173772297144875,0.0,,,1e-08,True,True,0,673,0.0,0.0,0.0,0.0,1e-08,1.2459722222222223,0,0.0,554,3,8.881784197001252e-16,0.0,105.97361109111111,6.421944444444444,6.663194444444444,92.88847222222223
scenario_coarse,0.0,0.0,4.041741118235074,0.0,4.041741118235074,0.10108577982856559,0.31713816944045625,-22.80624808940268,-1.0000007932831068e-08,41.422331037605474,1e-08,31.874365676926956,screened_water_cap_0.00,equal_site_portfolio,legacy_stress,ample,uniform_google_ai_2024,portfolio_mean,central,gentd26_hourly_service_demand.csv,gentd26_aligned_regional_hourly_cef.csv,capacity_scenarios.csv,energy_calibration_bounds.csv,trace_timestamp_anonymized,single_row_default,0.5,35.0,carbon,211.9472222222222,211.94722220222218,2e-08,0.9999999999056368,0.5000000000471817,56.92722900944693,74.00539771201244,31.975451456755522,65.46631336086396,0.0,0.0,0.0,,,1e-08,True,True,0,0,0.0,0.0,0.0,0.0,1e-08,1.2459722222222223,0,0.0,554,3,0.0,0.0,105.97361109111111,0.0,0.0,105.97361111111111
scenario_coarse,0.25,1.0104352795587686,4.041741118235074,0.25,3.031305838676306,0.04943458379760557,0.15509197672720632,-22.930942172852664,-1.0000007932831068e-08,41.422331037605474,1e-08,31.874365676926956,screened_water_cap_0.25,equal_site_portfolio,legacy_stress,ample,uniform_google_ai_2024,portfolio_mean,central,gentd26_hourly_service_demand.csv,gentd26_aligned_regional_hourly_cef.csv,capacity_scenarios.csv,energy_calibration_bounds.csv,trace_timestamp_anonymized,single_row_default,0.5,35.0,carbon,211.9472222222222,211.94722220222218,2e-08,0.9999999999056368,0.5000000000471816,56.92722900944693,74.00539771201244,31.923800260724562,65.46631336086396,1.0104352795587686,0.015434430742862191,0.0,,,1e-08,True,True,0,673,0.0,0.0,0.0,0.0,1e-08,1.2459722222222223,0,0.0,554,3,0.0,0.0,105.97361109111111,1.5151736111111118,1.7561111111111107,102.70232638888888
scenario_coarse,0.5,2.020870559117537,4.041741118235074,0.5,2.020870559117537,0.016791585581639623,0.05268053253777438,-23.009747487276744,-1.0000007932831068e-08,41.422331037605474,1e-08,31.874365676926956,screened_water_cap_0.50,equal_site_portfolio,legacy_stress,ample,uniform_google_ai_2024,portfolio_mean,central,gentd26_hourly_service_demand.csv,gentd26_aligned_regional_hourly_cef.csv,capacity_scenarios.csv,energy_calibration_bounds.csv,trace_timestamp_anonymized,single_row_default,0.5,35.0,carbon,211.9472222222222,211.94722220222218,2e-08,0.9999999999056368,0.5000000000471817,56.92722900944693,74.00539771201244,31.891157262508596,65.46631336086396,2.020870559117537,0.030868861485724382,0.0,,,1e-08,True,True,0,672,0.0,0.0,0.0,0.0,1e-08,1.2459722222222223,0,0.0,554,3,0.0,0.0,105.97361109111112,3.3393750000000004,3.203194444444444,99.43104166666666
scenario_coarse,0.75,3.031305838676306,4.041741118235074,0.7499999999999999,1.0104352795587692,0.003095981762395894,0.009713077253925562,-23.042810821657433,-9.999979511121637e-09,41.422331037605474,1e-08,31.874365676926956,screened_water_cap_0.75,equal_site_portfolio,legacy_stress,ample,uniform_google_ai_2024,portfolio_mean,central,gentd26_hourly_service_demand.csv,gentd26_aligned_regional_hourly_cef.csv,capacity_scenarios.csv,energy_calibration_bounds.csv,trace_timestamp_anonymized,single_row_default,0.5,35.0,carbon,211.9472222222222,211.9472222022222,2e-08,0.9999999999056369,0.5000000000471816,56.92722900944693,74.00539771201244,31.877461658689352,65.46631336086396,3.031305838676305,0.04630329222858656,0.0,,,1e-08,True,True,0,673,4.440892098500626e-16,0.0,0.0,0.0,1e-08,1.2459722222222223,0,0.0,554,3,8.881784197001252e-16,0.0,105.97361109111111,5.073611111111111,4.740243055555555,96.15975694444447
scenario_coarse,1.0,4.041741118235074,4.041741118235074,0.9999999999999998,8.881784197001252e-16,0.0,0.0,-23.05028500692139,-9.999979511121637e-09,41.422331037605474,1e-08,31.874365676926956,screened_water_cap_1.00,equal_site_portfolio,legacy_stress,ample,uniform_google_ai_2024,portfolio_mean,central,gentd26_hourly_service_demand.csv,gentd26_aligned_regional_hourly_cef.csv,capacity_scenarios.csv,energy_calibration_bounds.csv,trace_timestamp_anonymized,single_row_default,0.5,35.0,carbon,211.9472222222222,211.9472222022222,2e-08,0.9999999999056369,0.5000000000471816,56.92722900944693,74.00539771201244,31.874365676926956,65.46631336086396,4.041741118235073,0.06173772297144875,0.0,,,1e-08,True,True,0,673,0.0,0.0,0.0,0.0,1e-08,1.2459722222222223,0,0.0,554,3,8.881784197001252e-16,0.0,105.97361109111111,6.421944444444444,6.663194444444444,92.88847222222223
scenario_coarse,0.0,0.0,2.422341962477674,0.0,2.422341962477674,0.14679714319309056,0.5198436017544328,-6.486688963747156e-09,-9.999979511121637e-09,28.385510230597077,3.7516666766666673,28.238713085562708,screened_water_cap_0.00,optimistic_site_selection,legacy_stress,tight,uniform_google_ai_2024,portfolio_mean,central,gentd26_hourly_service_demand.csv,gentd26_aligned_regional_hourly_cef.csv,capacity_scenarios.csv,energy_calibration_bounds.csv,trace_timestamp_anonymized,single_row_default,0.15,15.0,carbon,211.9472222222222,208.19555553555554,3.7516666866666672,0.9822990523426954,0.0,55.91956311375206,75.49141020356531,28.3855102287558,64.30749758081487,0.0,0.0,0.8814722222222227,,,3.7516666766666673,True,True,0,0,0.0,0.0,0.0,0.0,9.99999993922529e-09,0.0,11,0.0,184,1,0.0,0.0,208.1955555355556,0.0,0.0,0.0
scenario_coarse,0.25,0.6055854906194185,2.422341962477674,0.25,1.8167564718582554,0.06127959031704222,0.21700560550108605,-0.30127186026462915,-9.999979511121637e-09,28.385510230597077,3.7516666766666673,28.238713085562708,screened_water_cap_0.25,optimistic_site_selection,legacy_stress,tight,uniform_google_ai_2024,portfolio_mean,central,gentd26_hourly_service_demand.csv,gentd26_aligned_regional_hourly_cef.csv,capacity_scenarios.csv,energy_calibration_bounds.csv,trace_timestamp_anonymized,single_row_default,0.15,15.0,carbon,211.9472222222222,208.19555553555554,3.7516666866666672,0.9822990523426954,0.009417027771270101,55.91956311375206,75.43875059568535,28.29999267587975,64.30749758081487,0.6055854906194185,0.009417027771270101,0.8814722222222227,,,3.7516666766666673,True,True,0,42,2.220446049250313e-16,0.0,0.0,0.0,9.99999993922529e-09,0.0,11,0.0,196,1,0.0,0.0,206.23497220722226,1.9605833283333332,0.0,0.0
scenario_coarse,0.5,1.211170981238837,2.422341962477674,0.5,1.211170981238837,0.02162333190746324,0.07657336168949147,-0.4409778514108953,-9.999979511121637e-09,28.385510230597077,3.7516666766666673,28.238713085562708,screened_water_cap_0.50,optimistic_site_selection,legacy_stress,tight,uniform_google_ai_2024,portfolio_mean,central,gentd26_hourly_service_demand.csv,gentd26_aligned_regional_hourly_cef.csv,capacity_scenarios.csv,energy_calibration_bounds.csv,trace_timestamp_anonymized,single_row_default,0.15,15.0,carbon,211.9472222222222,208.19555553555554,3.7516666866666672,0.9822990523426954,0.018834055542540203,55.91956311375206,75.3860909878054,28.26033641747017,64.30749758081487,1.211170981238837,0.018834055542540203,0.8814722222222227,,,3.7516666766666673,True,True,0,43,2.220446049250313e-16,0.0,0.0,0.0,9.99999993922529e-09,0.0,11,0.0,224,1,0.0,0.0,204.27438887888889,3.9211666566666663,0.0,0.0
scenario_coarse,0.75,1.8167564718582554,2.422341962477674,0.7499999999999999,0.6055854906194187,0.005661454465869298,0.02004855691799534,-0.4972103352095747,-9.999979511121637e-09,28.385510230597077,3.7516666766666673,28.238713085562708,screened_water_cap_0.75,optimistic_site_selection,legacy_stress,tight,uniform_google_ai_2024,portfolio_mean,central,gentd26_hourly_service_demand.csv,gentd26_aligned_regional_hourly_cef.csv,capacity_scenarios.csv,energy_calibration_bounds.csv,trace_timestamp_anonymized,single_row_default,0.15,15.0,carbon,211.9472222222222,208.19555553555554,3.7516666866666677,0.9822990523426954,0.028251083313810304,55.91956311375207,75.33343137992546,28.244374540028577,64.30749758081487,1.8167564718582552,0.0282510833138103,0.8814722222222227,,,3.7516666766666673,True,True,0,43,2.220446049250313e-16,0.0,0.0,0.0,1.00000003833145e-08,0.0,11,0.0,241,1,2.220446049250313e-16,0.0,202.31380555055557,5.881749984999997,0.0,0.0
scenario_coarse,1.0,2.422341962477674,2.422341962477674,1.0,0.0,0.0,0.0,-0.5171552099709542,-9.999979511121637e-09,28.385510230597077,3.7516666766666673,28.238713085562708,screened_water_cap_1.00,optimistic_site_selection,legacy_stress,tight,uniform_google_ai_2024,portfolio_mean,central,gentd26_hourly_service_demand.csv,gentd26_aligned_regional_hourly_cef.csv,capacity_scenarios.csv,energy_calibration_bounds.csv,trace_timestamp_anonymized,single_row_default,0.15,15.0,carbon,211.9472222222222,208.19555553555554,3.7516666866666672,0.9822990523426954,0.037668111085080405,55.91956311375206,75.28077177204551,28.238713085562708,64.30749758081487,2.422341962477674,0.037668111085080405,0.8814722222222227,,,3.7516666766666673,True,True,0,41,2.220446049250313e-16,0.0,0.0,0.0,9.99999993922529e-09,0.0,11,0.0,255,1,0.0,0.0,200.3532222222222,7.842333313333331,0.0,0.0
scenario_coarse,0.0,0.0,0.0,,0.0,0.0,0.0,-14.69533045801631,-9.999979511121637e-09,28.385510230597077,3.7516666766666673,24.21416570001681,screened_water_cap_0.00,optimistic_site_selection,legacy_stress,tight,uniform_google_ai_2024,portfolio_mean,central,gentd26_hourly_service_demand.csv,gentd26_aligned_regional_hourly_cef.csv,capacity_scenarios.csv,energy_calibration_bounds.csv,trace_timestamp_anonymized,single_row_default,0.15,20.0,carbon,211.9472222222222,208.19555553555554,3.7516666866666672,0.9822990523426954,0.15270298759045264,55.919563113752076,74.63750176834301,24.21416570001681,64.30749758081487,0.0,0.0,0.8814722222222227,,,3.7516666766666673,True,True,0,400,4.440892098500626e-16,0.0,0.0,0.0,9.99999993922529e-09,0.0,3,0.0,554,3,0.0,0.0,176.40347220222225,0.0,0.0,31.79208333333335
scenario_coarse,0.25,0.0,0.0,,0.0,0.0,0.0,-14.69533045801631,-9.999979511121637e-09,28.385510230597077,3.7516666766666673,24.21416570001681,screened_water_cap_0.25,optimistic_site_selection,legacy_stress,tight,uniform_google_ai_2024,portfolio_mean,central,gentd26_hourly_service_demand.csv,gentd26_aligned_regional_hourly_cef.csv,capacity_scenarios.csv,energy_calibration_bounds.csv,trace_timestamp_anonymized,single_row_default,0.15,20.0,carbon,211.9472222222222,208.19555553555554,3.7516666866666672,0.9822990523426954,0.15270298759045264,55.919563113752076,74.63750176834301,24.21416570001681,64.30749758081487,0.0,0.0,0.8814722222222227,,,3.7516666766666673,True,True,0,400,4.440892098500626e-16,0.0,0.0,0.0,9.99999993922529e-09,0.0,3,0.0,554,3,0.0,0.0,176.40347220222225,0.0,0.0,31.79208333333335
scenario_coarse,0.5,0.0,0.0,,0.0,0.0,0.0,-14.69533045801631,-9.999979511121637e-09,28.385510230597077,3.7516666766666673,24.21416570001681,screened_water_cap_0.50,optimistic_site_selection,legacy_stress,tight,uniform_google_ai_2024,portfolio_mean,central,gentd26_hourly_service_demand.csv,gentd26_aligned_regional_hourly_cef.csv,capacity_scenarios.csv,energy_calibration_bounds.csv,trace_timestamp_anonymized,single_row_default,0.15,20.0,carbon,211.9472222222222,208.19555553555554,3.7516666866666672,0.9822990523426954,0.15270298759045264,55.919563113752076,74.63750176834301,24.21416570001681,64.30749758081487,0.0,0.0,0.8814722222222227,,,3.7516666766666673,True,True,0,400,4.440892098500626e-16,0.0,0.0,0.0,9.99999993922529e-09,0.0,3,0.0,554,3,0.0,0.0,176.40347220222225,0.0,0.0,31.79208333333335
scenario_coarse,0.75,0.0,0.0,,0.0,0.0,0.0,-14.69533045801631,-9.999979511121637e-09,28.385510230597077,3.7516666766666673,24.21416570001681,screened_water_cap_0.75,optimistic_site_selection,legacy_stress,tight,uniform_google_ai_2024,portfolio_mean,central,gentd26_hourly_service_demand.csv,gentd26_aligned_regional_hourly_cef.csv,capacity_scenarios.csv,energy_calibration_bounds.csv,trace_timestamp_anonymized,single_row_default,0.15,20.0,carbon,211.9472222222222,208.19555553555554,3.7516666866666672,0.9822990523426954,0.15270298759045264,55.919563113752076,74.63750176834301,24.21416570001681,64.30749758081487,0.0,0.0,0.8814722222222227,,,3.7516666766666673,True,True,0,400,4.440892098500626e-16,0.0,0.0,0.0,9.99999993922529e-09,0.0,3,0.0,554,3,0.0,0.0,176.40347220222225,0.0,0.0,31.79208333333335
scenario_coarse,1.0,0.0,0.0,,0.0,0.0,0.0,-14.69533045801631,-9.999979511121637e-09,28.385510230597077,3.7516666766666673,24.21416570001681,screened_water_cap_1.00,optimistic_site_selection,legacy_stress,tight,uniform_google_ai_2024,portfolio_mean,central,gentd26_hourly_service_demand.csv,gentd26_aligned_regional_hourly_cef.csv,capacity_scenarios.csv,energy_calibration_bounds.csv,trace_timestamp_anonymized,single_row_default,0.15,20.0,carbon,211.9472222222222,208.19555553555554,3.7516666866666672,0.9822990523426954,0.15270298759045264,55.919563113752076,74.63750176834301,24.21416570001681,64.30749758081487,0.0,0.0,0.8814722222222227,,,3.7516666766666673,True,True,0,400,4.440892098500626e-16,0.0,0.0,0.0,9.99999993922529e-09,0.0,3,0.0,554,3,0.0,0.0,176.40347220222225,0.0,0.0,31.79208333333335
scenario_coarse,0.0,0.0,0.0,,0.0,0.0,0.0,-14.69533045801631,-9.999979511121637e-09,28.385510230597077,3.7516666766666673,24.21416570001681,screened_water_cap_0.00,optimistic_site_selection,legacy_stress,tight,uniform_google_ai_2024,portfolio_mean,central,gentd26_hourly_service_demand.csv,gentd26_aligned_regional_hourly_cef.csv,capacity_scenarios.csv,energy_calibration_bounds.csv,trace_timestamp_anonymized,single_row_default,0.15,35.0,carbon,211.9472222222222,208.19555553555554,3.7516666866666672,0.9822990523426954,0.15270298759045264,55.919563113752076,74.63750176834301,24.21416570001681,64.30749758081487,0.0,0.0,0.8814722222222227,,,3.7516666766666673,True,True,0,400,4.440892098500626e-16,0.0,0.0,0.0,9.99999993922529e-09,0.0,3,0.0,554,3,0.0,0.0,176.40347220222225,0.0,0.0,31.79208333333335
scenario_coarse,0.25,0.0,0.0,,0.0,0.0,0.0,-14.69533045801631,-9.999979511121637e-09,28.385510230597077,3.7516666766666673,24.21416570001681,screened_water_cap_0.25,optimistic_site_selection,legacy_stress,tight,uniform_google_ai_2024,portfolio_mean,central,gentd26_hourly_service_demand.csv,gentd26_aligned_regional_hourly_cef.csv,capacity_scenarios.csv,energy_calibration_bounds.csv,trace_timestamp_anonymized,single_row_default,0.15,35.0,carbon,211.9472222222222,208.19555553555554,3.7516666866666672,0.9822990523426954,0.15270298759045264,55.919563113752076,74.63750176834301,24.21416570001681,64.30749758081487,0.0,0.0,0.8814722222222227,,,3.7516666766666673,True,True,0,400,4.440892098500626e-16,0.0,0.0,0.0,9.99999993922529e-09,0.0,3,0.0,554,3,0.0,0.0,176.40347220222225,0.0,0.0,31.79208333333335
scenario_coarse,0.5,0.0,0.0,,0.0,0.0,0.0,-14.69533045801631,-9.999979511121637e-09,28.385510230597077,3.7516666766666673,24.21416570001681,screened_water_cap_0.50,optimistic_site_selection,legacy_stress,tight,uniform_google_ai_2024,portfolio_mean,central,gentd26_hourly_service_demand.csv,gentd26_aligned_regional_hourly_cef.csv,capacity_scenarios.csv,energy_calibration_bounds.csv,trace_timestamp_anonymized,single_row_default,0.15,35.0,carbon,211.9472222222222,208.19555553555554,3.7516666866666672,0.9822990523426954,0.15270298759045264,55.919563113752076,74.63750176834301,24.21416570001681,64.30749758081487,0.0,0.0,0.8814722222222227,,,3.7516666766666673,True,True,0,400,4.440892098500626e-16,0.0,0.0,0.0,9.99999993922529e-09,0.0,3,0.0,554,3,0.0,0.0,176.40347220222225,0.0,0.0,31.79208333333335
scenario_coarse,0.75,0.0,0.0,,0.0,0.0,0.0,-14.69533045801631,-9.999979511121637e-09,28.385510230597077,3.7516666766666673,24.21416570001681,screened_water_cap_0.75,optimistic_site_selection,legacy_stress,tight,uniform_google_ai_2024,portfolio_mean,central,gentd26_hourly_service_demand.csv,gentd26_aligned_regional_hourly_cef.csv,capacity_scenarios.csv,energy_calibration_bounds.csv,trace_timestamp_anonymized,single_row_default,0.15,35.0,carbon,211.9472222222222,208.19555553555554,3.7516666866666672,0.9822990523426954,0.15270298759045264,55.919563113752076,74.63750176834301,24.21416570001681,64.30749758081487,0.0,0.0,0.8814722222222227,,,3.7516666766666673,True,True,0,400,4.440892098500626e-16,0.0,0.0,0.0,9.99999993922529e-09,0.0,3,0.0,554,3,0.0,0.0,176.40347220222225,0.0,0.0,31.79208333333335
scenario_coarse,1.0,0.0,0.0,,0.0,0.0,0.0,-14.69533045801631,-9.999979511121637e-09,28.385510230597077,3.7516666766666673,24.21416570001681,screened_water_cap_1.00,optimistic_site_selection,legacy_stress,tight,uniform_google_ai_2024,portfolio_mean,central,gentd26_hourly_service_demand.csv,gentd26_aligned_regional_hourly_cef.csv,capacity_scenarios.csv,energy_calibration_bounds.csv,trace_timestamp_anonymized,single_row_default,0.15,35.0,carbon,211.9472222222222,208.19555553555554,3.7516666866666672,0.9822990523426954,0.15270298759045264,55.919563113752076,74.63750176834301,24.21416570001681,64.30749758081487,0.0,0.0,0.8814722222222227,,,3.7516666766666673,True,True,0,400,4.440892098500626e-16,0.0,0.0,0.0,9.99999993922529e-09,0.0,3,0.0,554,3,0.0,0.0,176.40347220222225,0.0,0.0,31.79208333333335
scenario_coarse,0.0,0.0,4.770037868002291,0.0,4.770037868002291,0.29294912282898977,1.0427996284297025,-6.486688963747156e-09,-9.999979511121637e-09,28.385510230597077,3.7516666766666673,28.09256110592681,screened_water_cap_0.00,optimistic_site_selection,legacy_stress,tight,uniform_google_ai_2024,portfolio_mean,central,gentd26_hourly_service_demand.csv,gentd26_aligned_regional_hourly_cef.csv,capacity_scenarios.csv,energy_calibration_bounds.csv,trace_timestamp_anonymized,single_row_default,0.3,15.0,carbon,211.9472222222222,208.19555553555554,3.7516666866666672,0.9822990523426954,0.0,55.91956311375206,75.49141020356531,28.3855102287558,64.30749758081487,0.0,0.0,0.0,,,3.7516666766666673,True,True,0,0,0.0,0.0,0.0,0.0,9.99999993922529e-09,0.0,11,0.0,184,1,0.0,0.0,208.1955555355556,0.0,0.0,0.0
scenario_coarse,0.25,1.1925094670005727,4.770037868002291,0.25,3.577528401001718,0.12379947911110634,0.4406842033529923,-0.5959013742752206,-9.999979511121637e-09,28.385510230597077,3.7516666766666673,28.09256110592681,screened_water_cap_0.25,optimistic_site_selection,legacy_stress,tight,uniform_google_ai_2024,portfolio_mean,central,gentd26_hourly_service_demand.csv,gentd26_aligned_regional_hourly_cef.csv,capacity_scenarios.csv,energy_calibration_bounds.csv,trace_timestamp_anonymized,single_row_default,0.3,15.0,carbon,211.9472222222222,208.19555553555554,3.7516666866666672,0.9822990523426954,0.018543863652942687,55.91956311375206,75.38771372817394,28.216360585037915,64.30749758081487,1.1925094670005727,0.01854386365294269,0.0,,,3.7516666766666673,True,True,0,87,1.1102230246251565e-16,0.0,0.0,0.0,9.99999993922529e-09,0.0,11,0.0,196,1,0.0,0.0,204.33480554055558,3.8607499949999995,0.0,0.0
scenario_coarse,0.5,2.3850189340011454,4.770037868002291,0.49999999999999983,2.3850189340011463,0.04424744483588583,0.1575059129320655,-0.8761571584022687,-9.999951089412207e-09,28.385510230597077,3.7516666766666673,28.09256110592681,screened_water_cap_0.50,optimistic_site_selection,legacy_stress,tight,uniform_google_ai_2024,portfolio_mean,central,gentd26_hourly_service_demand.csv,gentd26_aligned_regional_hourly_cef.csv,capacity_scenarios.csv,energy_calibration_bounds.csv,trace_timestamp_anonymized,single_row_default,0.3,15.0,carbon,211.9472222222222,208.19555553555557,3.7516666866666672,0.9822990523426955,0.03708772730588536,55.91956311375206,75.28401725278259,28.136808550762694,64.30749758081487,2.3850189340011445,0.03708772730588537,0.0,,,3.7516666766666673,True,True,0,88,2.220446049250313e-16,0.0,0.0,0.0,9.99999993922529e-09,0.0,11,0.0,222,1,8.881784197001252e-16,0.0,200.47405554555556,7.721499989999996,0.0,0.0
scenario_coarse,0.75,3.577528401001718,4.770037868002291,0.75,1.1925094670005727,0.01190311412634415,0.04237105360904714,-0.9901037827425796,-9.999979511121637e-09,28.385510230597077,3.7516666766666673,28.09256110592681,screened_water_cap_0.75,optimistic_site_selection,legacy_stress,tight,uniform_google_ai_2024,portfolio_mean,central,gentd26_hourly_service_demand.csv,gentd26_aligned_regional_hourly_cef.csv,capacity_scenarios.csv,energy_calibration_bounds.csv,trace_timestamp_anonymized,single_row_default,0.3,15.0,carbon,211.9472222222222,208.19555553555554,3.7516666866666677,0.9822990523426954,0.05563159095882807,55.91956311375207,75.18032077739124,28.104464220053153,64.30749758081485,3.577528401001718,0.05563159095882808,0.0,,,3.7516666766666673,True,True,0,88,2.220446049250313e-16,0.0,0.0,0.0,1.00000003833145e-08,0.0,11,0.0,241,1,0.0,0.0,196.6133055505556,11.582249984999995,0.0,0.0
scenario_coarse,1.0,4.770037868002291,4.770037868002291,1.0,0.0,0.0,0.0,-1.0320375511675528,-9.999979511121637e-09,28.385510230597077,3.7516666766666673,28.09256110592681,screened_water_cap_1.00,optimistic_site_selection,legacy_stress,tight,uniform_google_ai_2024,portfolio_mean,central,gentd26_hourly_service_demand.csv,gentd26_aligned_regional_hourly_cef.csv,capacity_scenarios.csv,energy_calibration_bounds.csv,trace_timestamp_anonymized,single_row_default,0.3,15.0,carbon,211.9472222222222,208.19555553555554,3.7516666866666672,0.9822990523426954,0.07417545461177076,55.91956311375206,75.07662430199989,28.09256110592681,64.30749758081487,4.770037868002291,0.07417545461177076,0.0,,,3.7516666766666673,True,True,0,86,2.220446049250313e-16,0.0,0.0,0.0,9.99999993922529e-09,0.0,11,0.0,255,1,0.0,0.0,192.75255555555557,15.442999979999996,0.0,0.0
scenario_coarse,0.0,0.0,0.0,,0.0,0.0,0.0,-29.168942446920234,-9.999951089412207e-09,28.385510230597077,3.7516666766666673,20.10575708816956,screened_water_cap_0.00,optimistic_site_selection,legacy_stress,tight,uniform_google_ai_2024,portfolio_mean,central,gentd26_hourly_service_demand.csv,gentd26_aligned_regional_hourly_cef.csv,capacity_scenarios.csv,energy_calibration_bounds.csv,trace_timestamp_anonymized,single_row_default,0.3,20.0,carbon,211.9472222222222,208.19555553555557,3.7516666866666677,0.9822990523426955,0.30540597518090523,55.91956311375206,73.78359333312073,20.10575708816956,64.30749758081487,0.0,0.0,0.0,,,3.7516666766666673,True,True,0,433,4.440892098500626e-16,0.0,0.0,0.0,1.00000003833145e-08,0.04436111111111085,0,0.0,554,3,0.0,0.0,144.61138886888887,0.0,0.0,63.5841666666667
scenario_coarse,0.25,0.0,0.0,,0.0,0.0,0.0,-29.168942446920234,-9.999951089412207e-09,28.385510230597077,3.7516666766666673,20.10575708816956,screened_water_cap_0.25,optimistic_site_selection,legacy_stress,tight,uniform_google_ai_2024,portfolio_mean,central,gentd26_hourly_service_demand.csv,gentd26_aligned_regional_hourly_cef.csv,capacity_scenarios.csv,energy_calibration_bounds.csv,trace_timestamp_anonymized,single_row_default,0.3,20.0,carbon,211.9472222222222,208.19555553555557,3.7516666866666677,0.9822990523426955,0.30540597518090523,55.91956311375206,73.78359333312073,20.10575708816956,64.30749758081487,0.0,0.0,0.0,,,3.7516666766666673,True,True,0,433,4.440892098500626e-16,0.0,0.0,0.0,1.00000003833145e-08,0.04436111111111085,0,0.0,554,3,0.0,0.0,144.61138886888887,0.0,0.0,63.5841666666667
scenario_coarse,0.5,0.0,0.0,,0.0,0.0,0.0,-29.168942446920234,-9.999951089412207e-09,28.385510230597077,3.7516666766666673,20.10575708816956,screened_water_cap_0.50,optimistic_site_selection,legacy_stress,tight,uniform_google_ai_2024,portfolio_mean,central,gentd26_hourly_service_demand.csv,gentd26_aligned_regional_hourly_cef.csv,capacity_scenarios.csv,energy_calibration_bounds.csv,trace_timestamp_anonymized,single_row_default,0.3,20.0,carbon,211.9472222222222,208.19555553555557,3.7516666866666677,0.9822990523426955,0.30540597518090523,55.91956311375206,73.78359333312073,20.10575708816956,64.30749758081487,0.0,0.0,0.0,,,3.7516666766666673,True,True,0,433,4.440892098500626e-16,0.0,0.0,0.0,1.00000003833145e-08,0.04436111111111085,0,0.0,554,3,0.0,0.0,144.61138886888887,0.0,0.0,63.5841666666667
scenario_coarse,0.75,0.0,0.0,,0.0,0.0,0.0,-29.168942446920234,-9.999951089412207e-09,28.385510230597077,3.7516666766666673,20.10575708816956,screened_water_cap_0.75,optimistic_site_selection,legacy_stress,tight,uniform_google_ai_2024,portfolio_mean,central,gentd26_hourly_service_demand.csv,gentd26_aligned_regional_hourly_cef.csv,capacity_scenarios.csv,energy_calibration_bounds.csv,trace_timestamp_anonymized,single_row_default,0.3,20.0,carbon,211.9472222222222,208.19555553555557,3.7516666866666677,0.9822990523426955,0.30540597518090523,55.91956311375206,73.78359333312073,20.10575708816956,64.30749758081487,0.0,0.0,0.0,,,3.7516666766666673,True,True,0,433,4.440892098500626e-16,0.0,0.0,0.0,1.00000003833145e-08,0.04436111111111085,0,0.0,554,3,0.0,0.0,144.61138886888887,0.0,0.0,63.5841666666667
scenario_coarse,1.0,0.0,0.0,,0.0,0.0,0.0,-29.168942446920234,-9.999951089412207e-09,28.385510230597077,3.7516666766666673,20.10575708816956,screened_water_cap_1.00,optimistic_site_selection,legacy_stress,tight,uniform_google_ai_2024,portfolio_mean,central,gentd26_hourly_service_demand.csv,gentd26_aligned_regional_hourly_cef.csv,capacity_scenarios.csv,energy_calibration_bounds.csv,trace_timestamp_anonymized,single_row_default,0.3,20.0,carbon,211.9472222222222,208.19555553555557,3.7516666866666677,0.9822990523426955,0.30540597518090523,55.91956311375206,73.78359333312073,20.10575708816956,64.30749758081487,0.0,0.0,0.0,,,3.7516666766666673,True,True,0,433,4.440892098500626e-16,0.0,0.0,0.0,1.00000003833145e-08,0.04436111111111085,0,0.0,554,3,0.0,0.0,144.61138886888887,0.0,0.0,63.5841666666667
scenario_coarse,0.0,0.0,0.0,,0.0,0.0,0.0,-29.168942446920234,-9.999951089412207e-09,28.385510230597077,3.7516666766666673,20.10575708816956,screened_water_cap_0.00,optimistic_site_selection,legacy_stress,tight,uniform_google_ai_2024,portfolio_mean,central,gentd26_hourly_service_demand.csv,gentd26_aligned_regional_hourly_cef.csv,capacity_scenarios.csv,energy_calibration_bounds.csv,trace_timestamp_anonymized,single_row_default,0.3,35.0,carbon,211.9472222222222,208.19555553555557,3.7516666866666677,0.9822990523426955,0.30540597518090523,55.91956311375206,73.78359333312073,20.10575708816956,64.30749758081487,0.0,0.0,0.0,,,3.7516666766666673,True,True,0,433,4.440892098500626e-16,0.0,0.0,0.0,1.00000003833145e-08,0.04436111111111085,0,0.0,554,3,0.0,0.0,144.61138886888887,0.0,0.0,63.5841666666667
scenario_coarse,0.25,0.0,0.0,,0.0,0.0,0.0,-29.168942446920234,-9.999951089412207e-09,28.385510230597077,3.7516666766666673,20.10575708816956,screened_water_cap_0.25,optimistic_site_selection,legacy_stress,tight,uniform_google_ai_2024,portfolio_mean,central,gentd26_hourly_service_demand.csv,gentd26_aligned_regional_hourly_cef.csv,capacity_scenarios.csv,energy_calibration_bounds.csv,trace_timestamp_anonymized,single_row_default,0.3,35.0,carbon,211.9472222222222,208.19555553555557,3.7516666866666677,0.9822990523426955,0.30540597518090523,55.91956311375206,73.78359333312073,20.10575708816956,64.30749758081487,0.0,0.0,0.0,,,3.7516666766666673,True,True,0,433,4.440892098500626e-16,0.0,0.0,0.0,1.00000003833145e-08,0.04436111111111085,0,0.0,554,3,0.0,0.0,144.61138886888887,0.0,0.0,63.5841666666667
scenario_coarse,0.5,0.0,0.0,,0.0,0.0,0.0,-29.168942446920234,-9.999951089412207e-09,28.385510230597077,3.7516666766666673,20.10575708816956,screened_water_cap_0.50,optimistic_site_selection,legacy_stress,tight,uniform_google_ai_2024,portfolio_mean,central,gentd26_hourly_service_demand.csv,gentd26_aligned_regional_hourly_cef.csv,capacity_scenarios.csv,energy_calibration_bounds.csv,trace_timestamp_anonymized,single_row_default,0.3,35.0,carbon,211.9472222222222,208.19555553555557,3.7516666866666677,0.9822990523426955,0.30540597518090523,55.91956311375206,73.78359333312073,20.10575708816956,64.30749758081487,0.0,0.0,0.0,,,3.7516666766666673,True,True,0,433,4.440892098500626e-16,0.0,0.0,0.0,1.00000003833145e-08,0.04436111111111085,0,0.0,554,3,0.0,0.0,144.61138886888887,0.0,0.0,63.5841666666667
scenario_coarse,0.75,0.0,0.0,,0.0,0.0,0.0,-29.168942446920234,-9.999951089412207e-09,28.385510230597077,3.7516666766666673,20.10575708816956,screened_water_cap_0.75,optimistic_site_selection,legacy_stress,tight,uniform_google_ai_2024,portfolio_mean,central,gentd26_hourly_service_demand.csv,gentd26_aligned_regional_hourly_cef.csv,capacity_scenarios.csv,energy_calibration_bounds.csv,trace_timestamp_anonymized,single_row_default,0.3,35.0,carbon,211.9472222222222,208.19555553555557,3.7516666866666677,0.9822990523426955,0.30540597518090523,55.91956311375206,73.78359333312073,20.10575708816956,64.30749758081487,0.0,0.0,0.0,,,3.7516666766666673,True,True,0,433,4.440892098500626e-16,0.0,0.0,0.0,1.00000003833145e-08,0.04436111111111085,0,0.0,554,3,0.0,0.0,144.61138886888887,0.0,0.0,63.5841666666667
scenario_coarse,1.0,0.0,0.0,,0.0,0.0,0.0,-29.168942446920234,-9.999951089412207e-09,28.385510230597077,3.7516666766666673,20.10575708816956,screened_water_cap_1.00,optimistic_site_selection,legacy_stress,tight,uniform_google_ai_2024,portfolio_mean,central,gentd26_hourly_service_demand.csv,gentd26_aligned_regional_hourly_cef.csv,capacity_scenarios.csv,energy_calibration_bounds.csv,trace_timestamp_anonymized,single_row_default,0.3,35.0,carbon,211.9472222222222,208.19555553555557,3.7516666866666677,0.9822990523426955,0.30540597518090523,55.91956311375206,73.78359333312073,20.10575708816956,64.30749758081487,0.0,0.0,0.0,,,3.7516666766666673,True,True,0,433,4.440892098500626e-16,0.0,0.0,0.0,1.00000003833145e-08,0.04436111111111085,0,0.0,554,3,0.0,0.0,144.61138886888887,0.0,0.0,63.5841666666667
scenario_coarse,0.0,0.0,7.900299075368447,0.0,7.900299075368447,0.48781842901019346,1.7485978141555059,-6.486688963747156e-09,-9.999979511121637e-09,28.385510230597077,3.7516666766666673,27.897691799745605,screened_water_cap_0.00,optimistic_site_selection,legacy_stress,tight,uniform_google_ai_2024,portfolio_mean,central,gentd26_hourly_service_demand.csv,gentd26_aligned_regional_hourly_cef.csv,capacity_scenarios.csv,energy_calibration_bounds.csv,trace_timestamp_anonymized,single_row_default,0.5,15.0,carbon,211.9472222222222,208.19555553555554,3.7516666866666672,0.9822990523426954,0.0,55.91956311375206,75.49141020356531,28.3855102287558,64.30749758081487,0.0,0.0,0.0,,,3.7516666766666673,True,True,0,0,0.0,0.0,0.0,0.0,9.99999993922529e-09,0.0,11,0.0,184,1,0.0,0.0,208.1955555355556,0.0,0.0,0.0
scenario_coarse,0.25,1.9750747688421117,7.900299075368447,0.25000000000000006,5.925224306526335,0.2071593308365287,0.7425679956734488,-0.98874072628935,-9.999979511121637e-09,28.385510230597077,3.7516666766666673,27.897691799745605,screened_water_cap_0.25,optimistic_site_selection,legacy_stress,tight,uniform_google_ai_2024,portfolio_mean,central,gentd26_hourly_service_demand.csv,gentd26_aligned_regional_hourly_cef.csv,capacity_scenarios.csv,energy_calibration_bounds.csv,trace_timestamp_anonymized,single_row_default,0.5,15.0,carbon,211.9472222222222,208.19555553555554,3.7516666866666672,0.9822990523426954,0.03071297816183948,55.91956311375206,75.31966457149207,28.104851130582134,64.30749758081487,1.975074768842112,0.030712978161839478,0.0,,,3.7516666766666673,True,True,0,87,0.0,0.0,0.0,0.0,9.99999993922529e-09,0.0,11,0.0,196,1,-2.220446049250313e-16,2.220446049250313e-16,201.80124998500003,6.394305550555556,0.0,0.0
scenario_coarse,0.5,3.9501495376842235,7.900299075368447,0.5,3.9501495376842235,0.07441909586193063,0.26675717975566116,-1.4563745080894641,-9.999951089412207e-09,28.385510230597077,3.7516666766666673,27.897691799745605,screened_water_cap_0.50,optimistic_site_selection,legacy_stress,tight,uniform_google_ai_2024,portfolio_mean,central,gentd26_hourly_service_demand.csv,gentd26_aligned_regional_hourly_cef.csv,capacity_scenarios.csv,energy_calibration_bounds.csv,trace_timestamp_anonymized,single_row_default,0.5,15.0,carbon,211.9472222222222,208.19555553555557,3.7516666866666672,0.9822990523426955,0.061425956323678935,55.91956311375206,75.14791893941884,27.972110895607535,64.30749758081487,3.9501495376842235,0.06142595632367895,0.0,,,3.7516666766666673,True,True,0,89,0.0,0.0,0.0,0.0,9.99999993922529e-09,0.0,11,0.0,222,1,0.0,0.0,195.40694443444445,12.788611101111107,0.0,0.0
scenario_coarse,0.75,5.925224306526335,7.900299075368447,0.7499999999999998,1.9750747688421137,0.020225327006979654,0.07249820935781859,-1.6472950461199343,-9.999979511121637e-09,28.385510230597077,3.7516666766666673,27.897691799745605,screened_water_cap_0.75,optimistic_site_selection,legacy_stress,tight,uniform_google_ai_2024,portfolio_mean,central,gentd26_hourly_service_demand.csv,gentd26_aligned_regional_hourly_cef.csv,capacity_scenarios.csv,energy_calibration_bounds.csv,trace_timestamp_anonymized,single_row_default,0.5,15.0,carbon,211.9472222222222,208.19555553555554,3.7516666866666677,0.9822990523426954,0.0921389344855184,55.91956311375207,74.97617330734562,27.917917126752585,64.30749758081485,5.925224306526333,0.09213893448551841,0.0,,,3.7516666766666673,True,True,0,89,0.0,0.0,0.0,0.0,1.00000003833145e-08,0.0,11,0.0,241,1,1.7763568394002505e-15,0.0,189.01263888388894,19.182916651666662,0.0,0.0
scenario_coarse,1.0,7.900299075368447,7.900299075368447,1.0,0.0,0.0,0.0,-1.718547339429699,-9.999979511121637e-09,28.385510230597077,3.7516666766666673,27.897691799745605,screened_water_cap_1.00,optimistic_site_selection,legacy_stress,tight,uniform_google_ai_2024,portfolio_mean,central,gentd26_hourly_service_demand.csv,gentd26_aligned_regional_hourly_cef.csv,capacity_scenarios.csv,energy_calibration_bounds.csv,trace_timestamp_anonymized,single_row_default,0.5,15.0,carbon,211.9472222222222,208.19555553555554,3.7516666866666672,0.9822990523426954,0.12285191264735792,55.91956311375207,74.8044276752724,27.897691799745605,64.30749758081487,7.900299075368447,0.1228519126473579,0.0,,,3.7516666766666673,True,True,0,86,0.0,0.0,0.0,0.0,9.99999993922529e-09,0.0,11,0.0,255,1,0.0,0.0,182.61833333333334,25.57722220222223,0.0,0.0
scenario_coarse,0.0,0.0,0.10948089259163718,0.0,0.10948089259163718,0.012119232457898477,0.08241276047553647,-48.15084106804337,-9.999979511121637e-09,28.385510230597077,3.7516666766666673,14.70552908065119,screened_water_cap_0.00,optimistic_site_selection,legacy_stress,tight,uniform_google_ai_2024,portfolio_mean,central,gentd26_hourly_service_demand.csv,gentd26_aligned_regional_hourly_cef.csv,capacity_scenarios.csv,energy_calibration_bounds.csv,trace_timestamp_anonymized,single_row_default,0.5,20.0,carbon,211.9472222222222,208.19555553555554,3.7516666866666672,0.9822990523426954,0.5069432585236369,55.91956311375206,72.65660564955493,14.717648313109088,64.30749758081487,0.0,0.0,0.0,,,3.7516666766666673,True,True,0,451,0.0,0.0,0.0,0.0,9.99999993922529e-09,0.0,3,0.0,551,3,0.0,0.0,102.65222220222222,0.0,0.0,105.54333333333334
scenario_coarse,0.25,0.027370223147909295,0.10948089259163718,0.25,0.08211066944372789,0.008812195495810471,0.05992436890560615,-48.16249150848013,-9.999979511121637e-09,28.385510230597077,3.7516666766666673,14.70552908065119,screened_water_cap_0.25,optimistic_site_selection,legacy_stress,tight,uniform_google_ai_2024,portfolio_mean,central,gentd26_hourly_service_demand.csv,gentd26_aligned_regional_hourly_cef.csv,capacity_scenarios.csv,energy_calibration_bounds.csv,trace_timestamp_anonymized,single_row_default,0.5,20.0,carbon,211.9472222222222,208.19555553555554,3.7516666866666672,0.9822990523426954,0.5073688733302698,55.91956311375206,72.65422563015076,14.714341276147,64.30749758081487,0.027370223147909295,0.00042561480663297916,0.0,,,3.7516666766666673,True,True,0,640,0.0,0.0,0.0,0.0,9.99999993922529e-09,0.0,3,0.0,551,3,0.0,0.0,102.5636110911111,0.0,0.08861111111111115,105.54333333333334
scenario_coarse,0.5,0.05474044629581859,0.10948089259163718,0.5,0.05474044629581859,0.005505158533722465,0.03743597733567583,-48.174141948916905,-9.999979511121637e-09,28.385510230597077,3.7516666766666673,14.70552908065119,screened_water_cap_0.50,optimistic_site_selection,legacy_stress,tight,uniform_google_ai_2024,portfolio_mean,central,gentd26_hourly_service_demand.csv,gentd26_aligned_regional_hourly_cef.csv,capacity_scenarios.csv,energy_calibration_bounds.csv,trace_timestamp_anonymized,single_row_default,0.5,20.0,carbon,211.9472222222222,208.19555553555554,3.7516666866666672,0.9822990523426954,0.5077944881369029,55.91956311375206,72.6518456107466,14.711034239184912,64.30749758081487,0.05474044629581859,0.0008512296132659583,0.0,,,3.7516666766666673,True,True,0,640,0.0,0.0,0.0,0.0,9.99999993922529e-09,0.0,3,0.0,551,3,0.0,0.0,102.47499997999999,0.0,0.1772222222222223,105.54333333333334
scenario_coarse,0.75,0.08211066944372789,0.10948089259163718,0.75,0.027370223147909295,0.002328491984066261,0.0158341258671868,-48.185333104276985,-9.999979511121637e-09,28.385510230597077,3.7516666766666673,14.70552908065119,screened_water_cap_0.75,optimistic_site_selection,legacy_stress,tight,uniform_google_ai_2024,portfolio_mean,central,gentd26_hourly_service_demand.csv,gentd26_aligned_regional_hourly_cef.csv,capacity_scenarios.csv,energy_calibration_bounds.csv,trace_timestamp_anonymized,single_row_default,0.5,20.0,carbon,211.9472222222222,208.19555553555554,3.7516666866666672,0.9822990523426954,0.5082201029435358,55.91956311375206,72.64946559134245,14.707857572635255,64.30749758081487,0.08211066944372789,0.0012768444198989375,0.0,,,3.7516666766666673,True,True,0,641,0.0,0.0,0.0,0.0,9.99999993922529e-09,0.0,3,0.0,552,3,0.0,0.0,102.38638886888889,0.0,0.2658333333333334,105.54333333333334
scenario_coarse,1.0,0.10948089259163718,0.10948089259163718,1.0,0.0,0.0,0.0,-48.19353620496163,-9.999979511121637e-09,28.385510230597077,3.7516666766666673,14.70552908065119,screened_water_cap_1.00,optimistic_site_selection,legacy_stress,tight,uniform_google_ai_2024,portfolio_mean,central,gentd26_hourly_service_demand.csv,gentd26_aligned_regional_hourly_cef.csv,capacity_scenarios.csv,energy_calibration_bounds.csv,trace_timestamp_anonymized,single_row_default,0.5,20.0,carbon,211.9472222222222,208.19555553555554,3.7516666866666672,0.9822990523426954,0.5086457177501688,55.91956311375206,72.64708557193828,14.70552908065119,64.30749758081487,0.10948089259163718,0.0017024592265319166,0.0,,,3.7516666766666673,True,True,0,648,0.0,0.0,0.0,0.0,9.99999993922529e-09,0.0,3,0.0,553,3,0.0,0.0,102.29777775777777,0.0,0.35444444444444456,105.54333333333334
scenario_coarse,0.0,0.0,0.10948089259163718,0.0,0.10948089259163718,0.012119232457898477,0.08241276047553647,-48.15084106804337,-9.999979511121637e-09,28.385510230597077,3.7516666766666673,14.70552908065119,screened_water_cap_0.00,optimistic_site_selection,legacy_stress,tight,uniform_google_ai_2024,portfolio_mean,central,gentd26_hourly_service_demand.csv,gentd26_aligned_regional_hourly_cef.csv,capacity_scenarios.csv,energy_calibration_bounds.csv,trace_timestamp_anonymized,single_row_default,0.5,35.0,carbon,211.9472222222222,208.19555553555554,3.7516666866666672,0.9822990523426954,0.5069432585236369,55.91956311375206,72.65660564955493,14.717648313109088,64.30749758081487,0.0,0.0,0.0,,,3.7516666766666673,True,True,0,451,0.0,0.0,0.0,0.0,9.99999993922529e-09,0.0,3,0.0,551,3,0.0,0.0,102.65222220222222,0.0,0.0,105.54333333333334
scenario_coarse,0.25,0.027370223147909295,0.10948089259163718,0.25,0.08211066944372789,0.008812195495810471,0.05992436890560615,-48.16249150848013,-9.999979511121637e-09,28.385510230597077,3.7516666766666673,14.70552908065119,screened_water_cap_0.25,optimistic_site_selection,legacy_stress,tight,uniform_google_ai_2024,portfolio_mean,central,gentd26_hourly_service_demand.csv,gentd26_aligned_regional_hourly_cef.csv,capacity_scenarios.csv,energy_calibration_bounds.csv,trace_timestamp_anonymized,single_row_default,0.5,35.0,carbon,211.9472222222222,208.19555553555554,3.7516666866666672,0.9822990523426954,0.5073688733302698,55.91956311375206,72.65422563015076,14.714341276147,64.30749758081487,0.027370223147909295,0.00042561480663297916,0.0,,,3.7516666766666673,True,True,0,640,0.0,0.0,0.0,0.0,9.99999993922529e-09,0.0,3,0.0,551,3,0.0,0.0,102.5636110911111,0.0,0.08861111111111115,105.54333333333334
scenario_coarse,0.5,0.05474044629581859,0.10948089259163718,0.5,0.05474044629581859,0.005505158533722465,0.03743597733567583,-48.174141948916905,-9.999979511121637e-09,28.385510230597077,3.7516666766666673,14.70552908065119,screened_water_cap_0.50,optimistic_site_selection,legacy_stress,tight,uniform_google_ai_2024,portfolio_mean,central,gentd26_hourly_service_demand.csv,gentd26_aligned_regional_hourly_cef.csv,capacity_scenarios.csv,energy_calibration_bounds.csv,trace_timestamp_anonymized,single_row_default,0.5,35.0,carbon,211.9472222222222,208.19555553555554,3.7516666866666672,0.9822990523426954,0.5077944881369029,55.91956311375206,72.6518456107466,14.711034239184912,64.30749758081487,0.05474044629581859,0.0008512296132659583,0.0,,,3.7516666766666673,True,True,0,640,0.0,0.0,0.0,0.0,9.99999993922529e-09,0.0,3,0.0,551,3,0.0,0.0,102.47499997999999,0.0,0.1772222222222223,105.54333333333334
scenario_coarse,0.75,0.08211066944372789,0.10948089259163718,0.75,0.027370223147909295,0.002328491984066261,0.0158341258671868,-48.185333104276985,-9.999979511121637e-09,28.385510230597077,3.7516666766666673,14.70552908065119,screened_water_cap_0.75,optimistic_site_selection,legacy_stress,tight,uniform_google_ai_2024,portfolio_mean,central,gentd26_hourly_service_demand.csv,gentd26_aligned_regional_hourly_cef.csv,capacity_scenarios.csv,energy_calibration_bounds.csv,trace_timestamp_anonymized,single_row_default,0.5,35.0,carbon,211.9472222222222,208.19555553555554,3.7516666866666672,0.9822990523426954,0.5082201029435358,55.91956311375206,72.64946559134245,14.707857572635255,64.30749758081487,0.08211066944372789,0.0012768444198989375,0.0,,,3.7516666766666673,True,True,0,641,0.0,0.0,0.0,0.0,9.99999993922529e-09,0.0,3,0.0,552,3,0.0,0.0,102.38638886888889,0.0,0.2658333333333334,105.54333333333334
scenario_coarse,1.0,0.10948089259163718,0.10948089259163718,1.0,0.0,0.0,0.0,-48.19353620496163,-9.999979511121637e-09,28.385510230597077,3.7516666766666673,14.70552908065119,screened_water_cap_1.00,optimistic_site_selection,legacy_stress,tight,uniform_google_ai_2024,portfolio_mean,central,gentd26_hourly_service_demand.csv,gentd26_aligned_regional_hourly_cef.csv,capacity_scenarios.csv,energy_calibration_bounds.csv,trace_timestamp_anonymized,single_row_default,0.5,35.0,carbon,211.9472222222222,208.19555553555554,3.7516666866666672,0.9822990523426954,0.5086457177501688,55.91956311375206,72.64708557193828,14.70552908065119,64.30749758081487,0.10948089259163718,0.0017024592265319166,0.0,,,3.7516666766666673,True,True,0,648,0.0,0.0,0.0,0.0,9.99999993922529e-09,0.0,3,0.0,553,3,0.0,0.0,102.29777775777777,0.0,0.35444444444444456,105.54333333333334
scenario_coarse,0.0,0.0,2.3478889556878864,0.0,2.3478889556878864,0.14615235230665036,0.5076281663770388,-6.3629657098829284e-09,-1.0000007932831068e-08,28.937374352278244,1e-08,28.791221998130318,screened_water_cap_0.00,optimistic_site_selection,legacy_stress,central,uniform_google_ai_2024,portfolio_mean,central,gentd26_hourly_service_demand.csv,gentd26_aligned_regional_hourly_cef.csv,capacity_scenarios.csv,energy_calibration_bounds.csv,trace_timestamp_anonymized,single_row_default,0.15,15.0,carbon,211.9472222222222,211.94722220222218,2e-08,0.9999999999056368,0.0,56.92722900944693,76.85175916275338,28.93737435043697,65.46631336086396,0.0,0.0,0.0,,,1e-08,True,True,0,0,0.0,0.0,0.0,0.0,1e-08,0.4919444444444445,0,0.0,184,1,0.0,0.0,211.94722220222224,0.0,0.0,0.0
scenario_coarse,0.25,0.5869722389219716,2.3478889556878864,0.25,1.7609167167659148,0.06251538526949929,0.21713349045608954,-0.2890274973127993,-1.0000007932831068e-08,28.937374352278244,1e-08,28.791221998130318,screened_water_cap_0.25,optimistic_site_selection,legacy_stress,central,uniform_google_ai_2024,portfolio_mean,central,gentd26_hourly_service_demand.csv,gentd26_aligned_regional_hourly_cef.csv,capacity_scenarios.csv,energy_calibration_bounds.csv,trace_timestamp_anonymized,single_row_default,0.15,15.0,carbon,211.9472222222222,211.94722220222218,2e-08,0.9999999999056368,0.008966019450132442,56.92722900944693,76.80071809849929,28.853737383399817,65.46631336086396,0.5869722389219716,0.00896601945013244,0.0,,,1e-08,True,True,0,1,2.220446049250313e-16,0.0,0.0,0.0,1e-08,0.4919444444444445,0,0.0,196,1,0.0,0.0,210.04689928555555,1.9003229166666666,0.0,0.0
scenario_coarse,0.5,1.1739444778439432,2.3478889556878864,0.5,1.1739444778439432,0.02266364039608959,0.07871718816785389,-0.4267447082396236,-1.0000007932831068e-08,28.937374352278244,1e-08,28.791221998130318,screened_water_cap_0.50,optimistic_site_selection,legacy_stress,central,uniform_google_ai_2024,portfolio_mean,central,gentd26_hourly_service_demand.csv,gentd26_aligned_regional_hourly_cef.csv,capacity_scenarios.csv,energy_calibration_bounds.csv,trace_timestamp_anonymized,single_row_default,0.15,15.0,carbon,211.9472222222222,211.94722220222218,2e-08,0.9999999999056368,0.017932038900264884,56.92722900944693,76.7496770342452,28.813885638526408,65.46631336086396,1.1739444778439432,0.01793203890026488,0.0,,,1e-08,True,True,0,1,2.220446049250313e-16,0.0,0.0,0.0,1e-08,0.4919444444444445,0,0.0,221,1,0.0,0.0,208.14657636888887,3.8006458333333333,0.0,0.0
scenario_coarse,0.75,1.7609167167659148,2.3478889556878864,0.7499999999999999,0.5869722389219718,0.006239268146661203,0.021670730568734697,-0.4835030445333066,-9.999979511121637e-09,28.937374352278244,1e-08,28.791221998130318,screened_water_cap_0.75,optimistic_site_selection,legacy_stress,central,uniform_google_ai_2024,portfolio_mean,central,gentd26_hourly_service_demand.csv,gentd26_aligned_regional_hourly_cef.csv,capacity_scenarios.csv,energy_calibration_bounds.csv,trace_timestamp_anonymized,single_row_default,0.15,15.0,carbon,211.9472222222222,211.9472222022222,2e-08,0.9999999999056369,0.02689805835039732,56.92722900944693,76.69863596999112,28.79746126627698,65.46631336086396,1.7609167167659145,0.026898058350397318,0.0,,,1e-08,True,True,0,1,2.220446049250313e-16,0.0,0.0,0.0,1e-08,0.4919444444444445,0,0.0,241,1,2.220446049250313e-16,0.0,206.24625345222222,5.700968749999998,0.0,0.0
scenario_coarse,1.0,2.3478889556878864,2.3478889556878864,1.0,0.0,0.0,0.0,-0.5050643239731922,-9.999979511121637e-09,28.937374352278244,1e-08,28.791221998130318,screened_water_cap_1.00,optimistic_site_selection,legacy_stress,central,uniform_google_ai_2024,portfolio_mean,central,gentd26_hourly_service_demand.csv,gentd26_aligned_regional_hourly_cef.csv,capacity_scenarios.csv,energy_calibration_bounds.csv,trace_timestamp_anonymized,single_row_default,0.15,15.0,carbon,211.9472222222222,211.9472222022222,2e-08,0.9999999999056369,0.03586407780052976,56.92722900944693,76.64759490573704,28.791221998130318,65.46631336086396,2.3478889556878864,0.03586407780052976,0.0,,,1e-08,True,True,0,0,2.220446049250313e-16,0.0,0.0,0.0,1e-08,0.4919444444444445,0,0.0,255,1,0.0,0.0,204.34593053555554,7.601291666666665,0.0,0.0
scenario_coarse,0.0,0.0,0.0,,0.0,0.0,0.0,-14.129876288840403,-9.999979511121637e-09,28.937374352278244,1e-08,24.848559155062695,screened_water_cap_0.00,optimistic_site_selection,legacy_stress,central,uniform_google_ai_2024,portfolio_mean,central,gentd26_hourly_service_demand.csv,gentd26_aligned_regional_hourly_cef.csv,capacity_scenarios.csv,energy_calibration_bounds.csv,trace_timestamp_anonymized,single_row_default,0.15,20.0,carbon,211.9472222222222,211.9472222022222,2e-08,0.9999999999056369,0.15000000001415448,56.92722900944694,75.9978507275311,24.848559155062695,65.46631336086396,0.0,0.0,0.0,,,1e-08,True,True,0,0,4.440892098500626e-16,0.0,0.0,0.0,1e-08,1.018152777777778,0,0.0,554,3,0.0,0.0,180.1551388688889,0.0,0.0,31.79208333333335
scenario_coarse,0.25,0.0,0.0,,0.0,0.0,0.0,-14.129876288840403,-9.999979511121637e-09,28.937374352278244,1e-08,24.848559155062695,screened_water_cap_0.25,optimistic_site_selection,legacy_stress,central,uniform_google_ai_2024,portfolio_mean,central,gentd26_hourly_service_demand.csv,gentd26_aligned_regional_hourly_cef.csv,capacity_scenarios.csv,energy_calibration_bounds.csv,trace_timestamp_anonymized,single_row_default,0.15,20.0,carbon,211.9472222222222,211.9472222022222,2e-08,0.9999999999056369,0.15000000001415448,56.92722900944694,75.9978507275311,24.848559155062695,65.46631336086396,0.0,0.0,0.0,,,1e-08,True,True,0,0,4.440892098500626e-16,0.0,0.0,0.0,1e-08,1.018152777777778,0,0.0,554,3,0.0,0.0,180.1551388688889,0.0,0.0,31.79208333333335
scenario_coarse,0.5,0.0,0.0,,0.0,0.0,0.0,-14.129876288840403,-9.999979511121637e-09,28.937374352278244,1e-08,24.848559155062695,screened_water_cap_0.50,optimistic_site_selection,legacy_stress,central,uniform_google_ai_2024,portfolio_mean,central,gentd26_hourly_service_demand.csv,gentd26_aligned_regional_hourly_cef.csv,capacity_scenarios.csv,energy_calibration_bounds.csv,trace_timestamp_anonymized,single_row_default,0.15,20.0,carbon,211.9472222222222,211.9472222022222,2e-08,0.9999999999056369,0.15000000001415448,56.92722900944694,75.9978507275311,24.848559155062695,65.46631336086396,0.0,0.0,0.0,,,1e-08,True,True,0,0,4.440892098500626e-16,0.0,0.0,0.0,1e-08,1.018152777777778,0,0.0,554,3,0.0,0.0,180.1551388688889,0.0,0.0,31.79208333333335
scenario_coarse,0.75,0.0,0.0,,0.0,0.0,0.0,-14.129876288840403,-9.999979511121637e-09,28.937374352278244,1e-08,24.848559155062695,screened_water_cap_0.75,optimistic_site_selection,legacy_stress,central,uniform_google_ai_2024,portfolio_mean,central,gentd26_hourly_service_demand.csv,gentd26_aligned_regional_hourly_cef.csv,capacity_scenarios.csv,energy_calibration_bounds.csv,trace_timestamp_anonymized,single_row_default,0.15,20.0,carbon,211.9472222222222,211.9472222022222,2e-08,0.9999999999056369,0.15000000001415448,56.92722900944694,75.9978507275311,24.848559155062695,65.46631336086396,0.0,0.0,0.0,,,1e-08,True,True,0,0,4.440892098500626e-16,0.0,0.0,0.0,1e-08,1.018152777777778,0,0.0,554,3,0.0,0.0,180.1551388688889,0.0,0.0,31.79208333333335
scenario_coarse,1.0,0.0,0.0,,0.0,0.0,0.0,-14.129876288840403,-9.999979511121637e-09,28.937374352278244,1e-08,24.848559155062695,screened_water_cap_1.00,optimistic_site_selection,legacy_stress,central,uniform_google_ai_2024,portfolio_mean,central,gentd26_hourly_service_demand.csv,gentd26_aligned_regional_hourly_cef.csv,capacity_scenarios.csv,energy_calibration_bounds.csv,trace_timestamp_anonymized,single_row_default,0.15,20.0,carbon,211.9472222222222,211.9472222022222,2e-08,0.9999999999056369,0.15000000001415448,56.92722900944694,75.9978507275311,24.848559155062695,65.46631336086396,0.0,0.0,0.0,,,1e-08,True,True,0,0,4.440892098500626e-16,0.0,0.0,0.0,1e-08,1.018152777777778,0,0.0,554,3,0.0,0.0,180.1551388688889,0.0,0.0,31.79208333333335
scenario_coarse,0.0,0.0,0.0,,0.0,0.0,0.0,-14.129876288840403,-9.999979511121637e-09,28.937374352278244,1e-08,24.848559155062695,screened_water_cap_0.00,optimistic_site_selection,legacy_stress,central,uniform_google_ai_2024,portfolio_mean,central,gentd26_hourly_service_demand.csv,gentd26_aligned_regional_hourly_cef.csv,capacity_scenarios.csv,energy_calibration_bounds.csv,trace_timestamp_anonymized,single_row_default,0.15,35.0,carbon,211.9472222222222,211.9472222022222,2e-08,0.9999999999056369,0.15000000001415448,56.92722900944694,75.9978507275311,24.848559155062695,65.46631336086396,0.0,0.0,0.0,,,1e-08,True,True,0,0,4.440892098500626e-16,0.0,0.0,0.0,1e-08,1.018152777777778,0,0.0,554,3,0.0,0.0,180.1551388688889,0.0,0.0,31.79208333333335
scenario_coarse,0.25,0.0,0.0,,0.0,0.0,0.0,-14.129876288840403,-9.999979511121637e-09,28.937374352278244,1e-08,24.848559155062695,screened_water_cap_0.25,optimistic_site_selection,legacy_stress,central,uniform_google_ai_2024,portfolio_mean,central,gentd26_hourly_service_demand.csv,gentd26_aligned_regional_hourly_cef.csv,capacity_scenarios.csv,energy_calibration_bounds.csv,trace_timestamp_anonymized,single_row_default,0.15,35.0,carbon,211.9472222222222,211.9472222022222,2e-08,0.9999999999056369,0.15000000001415448,56.92722900944694,75.9978507275311,24.848559155062695,65.46631336086396,0.0,0.0,0.0,,,1e-08,True,True,0,0,4.440892098500626e-16,0.0,0.0,0.0,1e-08,1.018152777777778,0,0.0,554,3,0.0,0.0,180.1551388688889,0.0,0.0,31.79208333333335
scenario_coarse,0.5,0.0,0.0,,0.0,0.0,0.0,-14.129876288840403,-9.999979511121637e-09,28.937374352278244,1e-08,24.848559155062695,screened_water_cap_0.50,optimistic_site_selection,legacy_stress,central,uniform_google_ai_2024,portfolio_mean,central,gentd26_hourly_service_demand.csv,gentd26_aligned_regional_hourly_cef.csv,capacity_scenarios.csv,energy_calibration_bounds.csv,trace_timestamp_anonymized,single_row_default,0.15,35.0,carbon,211.9472222222222,211.9472222022222,2e-08,0.9999999999056369,0.15000000001415448,56.92722900944694,75.9978507275311,24.848559155062695,65.46631336086396,0.0,0.0,0.0,,,1e-08,True,True,0,0,4.440892098500626e-16,0.0,0.0,0.0,1e-08,1.018152777777778,0,0.0,554,3,0.0,0.0,180.1551388688889,0.0,0.0,31.79208333333335
scenario_coarse,0.75,0.0,0.0,,0.0,0.0,0.0,-14.129876288840403,-9.999979511121637e-09,28.937374352278244,1e-08,24.848559155062695,screened_water_cap_0.75,optimistic_site_selection,legacy_stress,central,uniform_google_ai_2024,portfolio_mean,central,gentd26_hourly_service_demand.csv,gentd26_aligned_regional_hourly_cef.csv,capacity_scenarios.csv,energy_calibration_bounds.csv,trace_timestamp_anonymized,single_row_default,0.15,35.0,carbon,211.9472222222222,211.9472222022222,2e-08,0.9999999999056369,0.15000000001415448,56.92722900944694,75.9978507275311,24.848559155062695,65.46631336086396,0.0,0.0,0.0,,,1e-08,True,True,0,0,4.440892098500626e-16,0.0,0.0,0.0,1e-08,1.018152777777778,0,0.0,554,3,0.0,0.0,180.1551388688889,0.0,0.0,31.79208333333335
scenario_coarse,1.0,0.0,0.0,,0.0,0.0,0.0,-14.129876288840403,-9.999979511121637e-09,28.937374352278244,1e-08,24.848559155062695,screened_water_cap_1.00,optimistic_site_selection,legacy_stress,central,uniform_google_ai_2024,portfolio_mean,central,gentd26_hourly_service_demand.csv,gentd26_aligned_regional_hourly_cef.csv,capacity_scenarios.csv,energy_calibration_bounds.csv,trace_timestamp_anonymized,single_row_default,0.15,35.0,carbon,211.9472222222222,211.9472222022222,2e-08,0.9999999999056369,0.15000000001415448,56.92722900944694,75.9978507275311,24.848559155062695,65.46631336086396,0.0,0.0,0.0,,,1e-08,True,True,0,0,4.440892098500626e-16,0.0,0.0,0.0,1e-08,1.018152777777778,0,0.0,554,3,0.0,0.0,180.1551388688889,0.0,0.0,31.79208333333335
scenario_coarse,0.0,0.0,4.695777911375773,0.0,4.695777911375773,0.2923047046133007,1.020436355112575,-6.3629657098829284e-09,-1.0000007932831068e-08,28.937374352278244,1e-08,28.645069645823668,screened_water_cap_0.00,optimistic_site_selection,legacy_stress,central,uniform_google_ai_2024,portfolio_mean,central,gentd26_hourly_service_demand.csv,gentd26_aligned_regional_hourly_cef.csv,capacity_scenarios.csv,energy_calibration_bounds.csv,trace_timestamp_anonymized,single_row_default,0.3,15.0,carbon,211.9472222222222,211.94722220222218,2e-08,0.9999999999056368,0.0,56.92722900944693,76.85175916275338,28.93737435043697,65.46631336086396,0.0,0.0,0.0,,,1e-08,True,True,0,0,0.0,0.0,0.0,0.0,1e-08,0.4919444444444445,0,0.0,184,1,0.0,0.0,211.94722220222224,0.0,0.0,0.0
scenario_coarse,0.25,1.1739444778439432,4.695777911375773,0.25,3.5218334335318295,0.12503077053899148,0.43648268998788264,-0.5780549882626662,-1.0000007932831068e-08,28.937374352278244,1e-08,28.645069645823668,screened_water_cap_0.25,optimistic_site_selection,legacy_stress,central,uniform_google_ai_2024,portfolio_mean,central,gentd26_hourly_service_demand.csv,gentd26_aligned_regional_hourly_cef.csv,capacity_scenarios.csv,energy_calibration_bounds.csv,trace_timestamp_anonymized,single_row_default,0.3,15.0,carbon,211.9472222222222,211.94722220222218,2e-08,0.9999999999056368,0.017932038900264884,56.92722900944693,76.74967703424521,28.77010041636266,65.46631336086396,1.1739444778439432,0.01793203890026488,0.0,,,1e-08,True,True,0,1,1.1102230246251565e-16,0.0,0.0,0.0,1e-08,0.4919444444444445,0,0.0,196,1,0.0,0.0,208.14657636888887,3.8006458333333333,0.0,0.0
scenario_coarse,0.5,2.3478889556878864,4.695777911375773,0.5,2.3478889556878864,0.04532728079217918,0.15823763514146716,-0.8534894101162704,-9.999979511121637e-09,28.937374352278244,1e-08,28.645069645823668,screened_water_cap_0.50,optimistic_site_selection,legacy_stress,central,uniform_google_ai_2024,portfolio_mean,central,gentd26_hourly_service_demand.csv,gentd26_aligned_regional_hourly_cef.csv,capacity_scenarios.csv,energy_calibration_bounds.csv,trace_timestamp_anonymized,single_row_default,0.3,15.0,carbon,211.9472222222222,211.9472222022222,2e-08,0.9999999999056369,0.03586407780052976,56.92722900944694,76.64759490573704,28.690396926615847,65.46631336086396,2.3478889556878864,0.03586407780052976,0.0,,,1e-08,True,True,0,1,2.220446049250313e-16,0.0,0.0,0.0,1e-08,0.4919444444444445,0,0.0,221,1,0.0,0.0,204.34593053555554,7.601291666666667,0.0,0.0
scenario_coarse,0.75,3.5218334335318295,4.695777911375773,0.7499999999999999,1.1739444778439436,0.012478536293315301,0.04356259715059263,-0.9670060827036697,-9.999979511121637e-09,28.937374352278244,1e-08,28.645069645823668,screened_water_cap_0.75,optimistic_site_selection,legacy_stress,central,uniform_google_ai_2024,portfolio_mean,central,gentd26_hourly_service_demand.csv,gentd26_aligned_regional_hourly_cef.csv,capacity_scenarios.csv,energy_calibration_bounds.csv,trace_timestamp_anonymized,single_row_default,0.3,15.0,carbon,211.9472222222222,211.9472222022222,2e-08,0.9999999999056369,0.05379611670079464,56.92722900944694,76.54551277722886,28.657548182116983,65.46631336086396,3.521833433531829,0.053796116700794636,0.0,,,1e-08,True,True,0,1,2.220446049250313e-16,0.0,0.0,0.0,1e-08,0.4919444444444445,0,0.0,241,1,4.440892098500626e-16,0.0,200.5452847022222,11.401937499999995,0.0,0.0
scenario_coarse,1.0,4.695777911375773,4.695777911375773,1.0,0.0,0.0,0.0,-1.0101286415834188,-9.999979511121637e-09,28.937374352278244,1e-08,28.645069645823668,screened_water_cap_1.00,optimistic_site_selection,legacy_stress,central,uniform_google_ai_2024,portfolio_mean,central,gentd26_hourly_service_demand.csv,gentd26_aligned_regional_hourly_cef.csv,capacity_scenarios.csv,energy_calibration_bounds.csv,trace_timestamp_anonymized,single_row_default,0.3,15.0,carbon,211.9472222222222,211.9472222022222,2e-08,0.9999999999056369,0.07172815560105952,56.92722900944694,76.44343064872069,28.645069645823668,65.46631336086396,4.695777911375773,0.07172815560105952,0.0,,,1e-08,True,True,0,0,2.220446049250313e-16,0.0,0.0,0.0,1e-08,0.4919444444444445,0,0.0,255,1,0.0,0.0,196.7446388688889,15.20258333333333,0.0,0.0
scenario_coarse,0.0,0.0,0.0,,0.0,0.0,0.0,-28.259752571317875,-1.0000007932831068e-08,28.937374352278244,1e-08,20.759743959688414,screened_water_cap_0.00,optimistic_site_selection,legacy_stress,central,uniform_google_ai_2024,portfolio_mean,central,gentd26_hourly_service_demand.csv,gentd26_aligned_regional_hourly_cef.csv,capacity_scenarios.csv,energy_calibration_bounds.csv,trace_timestamp_anonymized,single_row_default,0.3,20.0,carbon,211.9472222222222,211.94722220222218,2e-08,0.9999999999056368,0.30000000002830896,56.92722900944693,75.14394229230881,20.759743959688414,65.46631336086396,0.0,0.0,0.0,,,1e-08,True,True,0,0,4.440892098500626e-16,0.0,0.0,0.0,1e-08,0.9475833333333334,0,0.0,554,3,0.0,0.0,148.36305553555553,0.0,0.0,63.5841666666667
scenario_coarse,0.25,0.0,0.0,,0.0,0.0,0.0,-28.259752571317875,-1.0000007932831068e-08,28.937374352278244,1e-08,20.759743959688414,screened_water_cap_0.25,optimistic_site_selection,legacy_stress,central,uniform_google_ai_2024,portfolio_mean,central,gentd26_hourly_service_demand.csv,gentd26_aligned_regional_hourly_cef.csv,capacity_scenarios.csv,energy_calibration_bounds.csv,trace_timestamp_anonymized,single_row_default,0.3,20.0,carbon,211.9472222222222,211.94722220222218,2e-08,0.9999999999056368,0.30000000002830896,56.92722900944693,75.14394229230881,20.759743959688414,65.46631336086396,0.0,0.0,0.0,,,1e-08,True,True,0,0,4.440892098500626e-16,0.0,0.0,0.0,1e-08,0.9475833333333334,0,0.0,554,3,0.0,0.0,148.36305553555553,0.0,0.0,63.5841666666667
scenario_coarse,0.5,0.0,0.0,,0.0,0.0,0.0,-28.259752571317875,-1.0000007932831068e-08,28.937374352278244,1e-08,20.759743959688414,screened_water_cap_0.50,optimistic_site_selection,legacy_stress,central,uniform_google_ai_2024,portfolio_mean,central,gentd26_hourly_service_demand.csv,gentd26_aligned_regional_hourly_cef.csv,capacity_scenarios.csv,energy_calibration_bounds.csv,trace_timestamp_anonymized,single_row_default,0.3,20.0,carbon,211.9472222222222,211.94722220222218,2e-08,0.9999999999056368,0.30000000002830896,56.92722900944693,75.14394229230881,20.759743959688414,65.46631336086396,0.0,0.0,0.0,,,1e-08,True,True,0,0,4.440892098500626e-16,0.0,0.0,0.0,1e-08,0.9475833333333334,0,0.0,554,3,0.0,0.0,148.36305553555553,0.0,0.0,63.5841666666667
scenario_coarse,0.75,0.0,0.0,,0.0,0.0,0.0,-28.259752571317875,-1.0000007932831068e-08,28.937374352278244,1e-08,20.759743959688414,screened_water_cap_0.75,optimistic_site_selection,legacy_stress,central,uniform_google_ai_2024,portfolio_mean,central,gentd26_hourly_service_demand.csv,gentd26_aligned_regional_hourly_cef.csv,capacity_scenarios.csv,energy_calibration_bounds.csv,trace_timestamp_anonymized,single_row_default,0.3,20.0,carbon,211.9472222222222,211.94722220222218,2e-08,0.9999999999056368,0.30000000002830896,56.92722900944693,75.14394229230881,20.759743959688414,65.46631336086396,0.0,0.0,0.0,,,1e-08,True,True,0,0,4.440892098500626e-16,0.0,0.0,0.0,1e-08,0.9475833333333334,0,0.0,554,3,0.0,0.0,148.36305553555553,0.0,0.0,63.5841666666667
scenario_coarse,1.0,0.0,0.0,,0.0,0.0,0.0,-28.259752571317875,-1.0000007932831068e-08,28.937374352278244,1e-08,20.759743959688414,screened_water_cap_1.00,optimistic_site_selection,legacy_stress,central,uniform_google_ai_2024,portfolio_mean,central,gentd26_hourly_service_demand.csv,gentd26_aligned_regional_hourly_cef.csv,capacity_scenarios.csv,energy_calibration_bounds.csv,trace_timestamp_anonymized,single_row_default,0.3,20.0,carbon,211.9472222222222,211.94722220222218,2e-08,0.9999999999056368,0.30000000002830896,56.92722900944693,75.14394229230881,20.759743959688414,65.46631336086396,0.0,0.0,0.0,,,1e-08,True,True,0,0,4.440892098500626e-16,0.0,0.0,0.0,1e-08,0.9475833333333334,0,0.0,554,3,0.0,0.0,148.36305553555553,0.0,0.0,63.5841666666667
scenario_coarse,0.0,0.0,0.0,,0.0,0.0,0.0,-28.259752571317875,-1.0000007932831068e-08,28.937374352278244,1e-08,20.759743959688414,screened_water_cap_0.00,optimistic_site_selection,legacy_stress,central,uniform_google_ai_2024,portfolio_mean,central,gentd26_hourly_service_demand.csv,gentd26_aligned_regional_hourly_cef.csv,capacity_scenarios.csv,energy_calibration_bounds.csv,trace_timestamp_anonymized,single_row_default,0.3,35.0,carbon,211.9472222222222,211.94722220222218,2e-08,0.9999999999056368,0.30000000002830896,56.92722900944693,75.14394229230881,20.759743959688414,65.46631336086396,0.0,0.0,0.0,,,1e-08,True,True,0,0,4.440892098500626e-16,0.0,0.0,0.0,1e-08,0.9475833333333334,0,0.0,554,3,0.0,0.0,148.36305553555553,0.0,0.0,63.5841666666667
scenario_coarse,0.25,0.0,0.0,,0.0,0.0,0.0,-28.259752571317875,-1.0000007932831068e-08,28.937374352278244,1e-08,20.759743959688414,screened_water_cap_0.25,optimistic_site_selection,legacy_stress,central,uniform_google_ai_2024,portfolio_mean,central,gentd26_hourly_service_demand.csv,gentd26_aligned_regional_hourly_cef.csv,capacity_scenarios.csv,energy_calibration_bounds.csv,trace_timestamp_anonymized,single_row_default,0.3,35.0,carbon,211.9472222222222,211.94722220222218,2e-08,0.9999999999056368,0.30000000002830896,56.92722900944693,75.14394229230881,20.759743959688414,65.46631336086396,0.0,0.0,0.0,,,1e-08,True,True,0,0,4.440892098500626e-16,0.0,0.0,0.0,1e-08,0.9475833333333334,0,0.0,554,3,0.0,0.0,148.36305553555553,0.0,0.0,63.5841666666667
scenario_coarse,0.5,0.0,0.0,,0.0,0.0,0.0,-28.259752571317875,-1.0000007932831068e-08,28.937374352278244,1e-08,20.759743959688414,screened_water_cap_0.50,optimistic_site_selection,legacy_stress,central,uniform_google_ai_2024,portfolio_mean,central,gentd26_hourly_service_demand.csv,gentd26_aligned_regional_hourly_cef.csv,capacity_scenarios.csv,energy_calibration_bounds.csv,trace_timestamp_anonymized,single_row_default,0.3,35.0,carbon,211.9472222222222,211.94722220222218,2e-08,0.9999999999056368,0.30000000002830896,56.92722900944693,75.14394229230881,20.759743959688414,65.46631336086396,0.0,0.0,0.0,,,1e-08,True,True,0,0,4.440892098500626e-16,0.0,0.0,0.0,1e-08,0.9475833333333334,0,0.0,554,3,0.0,0.0,148.36305553555553,0.0,0.0,63.5841666666667
scenario_coarse,0.75,0.0,0.0,,0.0,0.0,0.0,-28.259752571317875,-1.0000007932831068e-08,28.937374352278244,1e-08,20.759743959688414,screened_water_cap_0.75,optimistic_site_selection,legacy_stress,central,uniform_google_ai_2024,portfolio_mean,central,gentd26_hourly_service_demand.csv,gentd26_aligned_regional_hourly_cef.csv,capacity_scenarios.csv,energy_calibration_bounds.csv,trace_timestamp_anonymized,single_row_default,0.3,35.0,carbon,211.9472222222222,211.94722220222218,2e-08,0.9999999999056368,0.30000000002830896,56.92722900944693,75.14394229230881,20.759743959688414,65.46631336086396,0.0,0.0,0.0,,,1e-08,True,True,0,0,4.440892098500626e-16,0.0,0.0,0.0,1e-08,0.9475833333333334,0,0.0,554,3,0.0,0.0,148.36305553555553,0.0,0.0,63.5841666666667
scenario_coarse,1.0,0.0,0.0,,0.0,0.0,0.0,-28.259752571317875,-1.0000007932831068e-08,28.937374352278244,1e-08,20.759743959688414,screened_water_cap_1.00,optimistic_site_selection,legacy_stress,central,uniform_google_ai_2024,portfolio_mean,central,gentd26_hourly_service_demand.csv,gentd26_aligned_regional_hourly_cef.csv,capacity_scenarios.csv,energy_calibration_bounds.csv,trace_timestamp_anonymized,single_row_default,0.3,35.0,carbon,211.9472222222222,211.94722220222218,2e-08,0.9999999999056368,0.30000000002830896,56.92722900944693,75.14394229230881,20.759743959688414,65.46631336086396,0.0,0.0,0.0,,,1e-08,True,True,0,0,4.440892098500626e-16,0.0,0.0,0.0,1e-08,0.9475833333333334,0,0.0,554,3,0.0,0.0,148.36305553555553,0.0,0.0,63.5841666666667
scenario_coarse,0.0,0.0,7.82629651895962,0.0,7.82629651895962,0.4871745076888381,1.7123763993981855,-6.3629657098829284e-09,-1.0000007932831068e-08,28.937374352278244,1e-08,28.45019984274813,screened_water_cap_0.00,optimistic_site_selection,legacy_stress,central,uniform_google_ai_2024,portfolio_mean,central,gentd26_hourly_service_demand.csv,gentd26_aligned_regional_hourly_cef.csv,capacity_scenarios.csv,energy_calibration_bounds.csv,trace_timestamp_anonymized,single_row_default,0.5,15.0,carbon,211.9472222222222,211.94722220222218,2e-08,0.9999999999056368,0.0,56.92722900944693,76.85175916275338,28.93737435043697,65.46631336086396,0.0,0.0,0.0,,,1e-08,True,True,0,0,0.0,0.0,0.0,0.0,1e-08,0.4919444444444445,0,0.0,184,1,0.0,0.0,211.94722220222224,0.0,0.0,0.0
scenario_coarse,0.25,1.956574129739905,7.82629651895962,0.25000000000000006,5.8697223892197155,0.20838461756498816,0.7324539676936803,-0.9634249761957925,-1.0000007932831068e-08,28.937374352278244,1e-08,28.45019984274813,screened_water_cap_0.25,optimistic_site_selection,legacy_stress,central,uniform_google_ai_2024,portfolio_mean,central,gentd26_hourly_service_demand.csv,gentd26_aligned_regional_hourly_cef.csv,capacity_scenarios.csv,energy_calibration_bounds.csv,trace_timestamp_anonymized,single_row_default,0.5,15.0,carbon,211.9472222222222,211.94722220222218,2e-08,0.9999999999056368,0.029886731500441476,56.92722900944693,76.68162228190644,28.65858446031312,65.46631336086396,1.9565741297399053,0.02988673150044147,0.0,,,1e-08,True,True,0,1,0.0,0.0,0.0,0.0,1e-08,0.4919444444444445,0,0.0,196,1,-2.220446049250313e-16,2.220446049250313e-16,205.61281248,6.334409722222222,0.0,0.0
scenario_coarse,0.5,3.91314825947981,7.82629651895962,0.5000000000000001,3.9131482594798097,0.07554546798697359,0.26553580784856035,-1.4224823459517921,-9.999979511121637e-09,28.937374352278244,1e-08,28.45019984274813,screened_water_cap_0.50,optimistic_site_selection,legacy_stress,central,uniform_google_ai_2024,portfolio_mean,central,gentd26_hourly_service_demand.csv,gentd26_aligned_regional_hourly_cef.csv,capacity_scenarios.csv,energy_calibration_bounds.csv,trace_timestamp_anonymized,single_row_default,0.5,15.0,carbon,211.9472222222222,211.9472222022222,2e-08,0.9999999999056369,0.059773463000882945,56.92722900944693,76.51148540105947,28.525745310735104,65.46631336086396,3.9131482594798106,0.05977346300088294,0.0,,,1e-08,True,True,0,1,0.0,0.0,0.0,0.0,1e-08,0.4919444444444445,0,0.0,221,1,-4.440892098500626e-16,4.440892098500626e-16,199.2784027577777,12.668819444444441,0.0,0.0
scenario_coarse,0.75,5.8697223892197155,7.82629651895962,0.7499999999999998,1.9565741297399066,0.02079756048886594,0.0731016323393785,-1.6116768002641169,-9.999979511121637e-09,28.937374352278244,1e-08,28.45019984274813,screened_water_cap_0.75,optimistic_site_selection,legacy_stress,central,uniform_google_ai_2024,portfolio_mean,central,gentd26_hourly_service_demand.csv,gentd26_aligned_regional_hourly_cef.csv,capacity_scenarios.csv,energy_calibration_bounds.csv,trace_timestamp_anonymized,single_row_default,0.5,15.0,carbon,211.9472222222222,211.9472222022222,2e-08,0.9999999999056369,0.08966019450132437,56.92722900944693,76.34134852021253,28.470997403236996,65.46631336086396,5.869722389219714,0.08966019450132437,0.0,,,1e-08,True,True,0,1,0.0,0.0,0.0,0.0,1e-08,0.4919444444444445,0,0.0,241,1,1.7763568394002505e-15,0.0,192.9439930355556,19.00322916666666,0.0,0.0
scenario_coarse,1.0,7.82629651895962,7.82629651895962,1.0,0.0,0.0,0.0,-1.6835477317303948,-9.999979511121637e-09,28.937374352278244,1e-08,28.45019984274813,screened_water_cap_1.00,optimistic_site_selection,legacy_stress,central,uniform_google_ai_2024,portfolio_mean,central,gentd26_hourly_service_demand.csv,gentd26_aligned_regional_hourly_cef.csv,capacity_scenarios.csv,energy_calibration_bounds.csv,trace_timestamp_anonymized,single_row_default,0.5,15.0,carbon,211.9472222222222,211.9472222022222,2e-08,0.9999999999056369,0.11954692600176589,56.92722900944693,76.17121163936558,28.45019984274813,65.46631336086396,7.82629651895962,0.11954692600176586,0.0,,,1e-08,True,True,0,0,0.0,0.0,0.0,0.0,1e-08,0.4919444444444445,0,0.0,255,1,0.0,0.0,186.6095833133333,25.337638888888897,0.0,0.0
scenario_coarse,0.0,0.0,0.0,,0.0,0.0,0.0,-47.09958761462114,-1.0000007932831068e-08,28.937374352278244,1e-08,15.307990365856046,screened_water_cap_0.00,optimistic_site_selection,legacy_stress,central,uniform_google_ai_2024,portfolio_mean,central,gentd26_hourly_service_demand.csv,gentd26_aligned_regional_hourly_cef.csv,capacity_scenarios.csv,energy_calibration_bounds.csv,trace_timestamp_anonymized,single_row_default,0.5,20.0,carbon,211.9472222222222,211.94722220222218,2e-08,0.9999999999056368,0.5000000000471817,56.92722900944693,74.00539771201244,15.307990365856046,65.46631336086396,0.0,0.0,0.0,,,1e-08,True,True,0,0,0.0,0.0,0.0,0.0,1e-08,0.24597222222222226,0,0.0,554,3,0.0,0.0,105.97361109111111,0.0,0.0,105.97361111111111
scenario_coarse,0.25,0.0,0.0,,0.0,0.0,0.0,-47.09958761462114,-1.0000007932831068e-08,28.937374352278244,1e-08,15.307990365856046,screened_water_cap_0.25,optimistic_site_selection,legacy_stress,central,uniform_google_ai_2024,portfolio_mean,central,gentd26_hourly_service_demand.csv,gentd26_aligned_regional_hourly_cef.csv,capacity_scenarios.csv,energy_calibration_bounds.csv,trace_timestamp_anonymized,single_row_default,0.5,20.0,carbon,211.9472222222222,211.94722220222218,2e-08,0.9999999999056368,0.5000000000471817,56.92722900944693,74.00539771201244,15.307990365856046,65.46631336086396,0.0,0.0,0.0,,,1e-08,True,True,0,0,0.0,0.0,0.0,0.0,1e-08,0.24597222222222226,0,0.0,554,3,0.0,0.0,105.97361109111111,0.0,0.0,105.97361111111111
scenario_coarse,0.5,0.0,0.0,,0.0,0.0,0.0,-47.09958761462114,-1.0000007932831068e-08,28.937374352278244,1e-08,15.307990365856046,screened_water_cap_0.50,optimistic_site_selection,legacy_stress,central,uniform_google_ai_2024,portfolio_mean,central,gentd26_hourly_service_demand.csv,gentd26_aligned_regional_hourly_cef.csv,capacity_scenarios.csv,energy_calibration_bounds.csv,trace_timestamp_anonymized,single_row_default,0.5,20.0,carbon,211.9472222222222,211.94722220222218,2e-08,0.9999999999056368,0.5000000000471817,56.92722900944693,74.00539771201244,15.307990365856046,65.46631336086396,0.0,0.0,0.0,,,1e-08,True,True,0,0,0.0,0.0,0.0,0.0,1e-08,0.24597222222222226,0,0.0,554,3,0.0,0.0,105.97361109111111,0.0,0.0,105.97361111111111
scenario_coarse,0.75,0.0,0.0,,0.0,0.0,0.0,-47.09958761462114,-1.0000007932831068e-08,28.937374352278244,1e-08,15.307990365856046,screened_water_cap_0.75,optimistic_site_selection,legacy_stress,central,uniform_google_ai_2024,portfolio_mean,central,gentd26_hourly_service_demand.csv,gentd26_aligned_regional_hourly_cef.csv,capacity_scenarios.csv,energy_calibration_bounds.csv,trace_timestamp_anonymized,single_row_default,0.5,20.0,carbon,211.9472222222222,211.94722220222218,2e-08,0.9999999999056368,0.5000000000471817,56.92722900944693,74.00539771201244,15.307990365856046,65.46631336086396,0.0,0.0,0.0,,,1e-08,True,True,0,0,0.0,0.0,0.0,0.0,1e-08,0.24597222222222226,0,0.0,554,3,0.0,0.0,105.97361109111111,0.0,0.0,105.97361111111111
scenario_coarse,1.0,0.0,0.0,,0.0,0.0,0.0,-47.09958761462114,-1.0000007932831068e-08,28.937374352278244,1e-08,15.307990365856046,screened_water_cap_1.00,optimistic_site_selection,legacy_stress,central,uniform_google_ai_2024,portfolio_mean,central,gentd26_hourly_service_demand.csv,gentd26_aligned_regional_hourly_cef.csv,capacity_scenarios.csv,energy_calibration_bounds.csv,trace_timestamp_anonymized,single_row_default,0.5,20.0,carbon,211.9472222222222,211.94722220222218,2e-08,0.9999999999056368,0.5000000000471817,56.92722900944693,74.00539771201244,15.307990365856046,65.46631336086396,0.0,0.0,0.0,,,1e-08,True,True,0,0,0.0,0.0,0.0,0.0,1e-08,0.24597222222222226,0,0.0,554,3,0.0,0.0,105.97361109111111,0.0,0.0,105.97361111111111
scenario_coarse,0.0,0.0,0.0,,0.0,0.0,0.0,-47.09958761462114,-1.0000007932831068e-08,28.937374352278244,1e-08,15.307990365856046,screened_water_cap_0.00,optimistic_site_selection,legacy_stress,central,uniform_google_ai_2024,portfolio_mean,central,gentd26_hourly_service_demand.csv,gentd26_aligned_regional_hourly_cef.csv,capacity_scenarios.csv,energy_calibration_bounds.csv,trace_timestamp_anonymized,single_row_default,0.5,35.0,carbon,211.9472222222222,211.94722220222218,2e-08,0.9999999999056368,0.5000000000471817,56.92722900944693,74.00539771201244,15.307990365856046,65.46631336086396,0.0,0.0,0.0,,,1e-08,True,True,0,0,0.0,0.0,0.0,0.0,1e-08,0.24597222222222226,0,0.0,554,3,0.0,0.0,105.97361109111111,0.0,0.0,105.97361111111111
scenario_coarse,0.25,0.0,0.0,,0.0,0.0,0.0,-47.09958761462114,-1.0000007932831068e-08,28.937374352278244,1e-08,15.307990365856046,screened_water_cap_0.25,optimistic_site_selection,legacy_stress,central,uniform_google_ai_2024,portfolio_mean,central,gentd26_hourly_service_demand.csv,gentd26_aligned_regional_hourly_cef.csv,capacity_scenarios.csv,energy_calibration_bounds.csv,trace_timestamp_anonymized,single_row_default,0.5,35.0,carbon,211.9472222222222,211.94722220222218,2e-08,0.9999999999056368,0.5000000000471817,56.92722900944693,74.00539771201244,15.307990365856046,65.46631336086396,0.0,0.0,0.0,,,1e-08,True,True,0,0,0.0,0.0,0.0,0.0,1e-08,0.24597222222222226,0,0.0,554,3,0.0,0.0,105.97361109111111,0.0,0.0,105.97361111111111
scenario_coarse,0.5,0.0,0.0,,0.0,0.0,0.0,-47.09958761462114,-1.0000007932831068e-08,28.937374352278244,1e-08,15.307990365856046,screened_water_cap_0.50,optimistic_site_selection,legacy_stress,central,uniform_google_ai_2024,portfolio_mean,central,gentd26_hourly_service_demand.csv,gentd26_aligned_regional_hourly_cef.csv,capacity_scenarios.csv,energy_calibration_bounds.csv,trace_timestamp_anonymized,single_row_default,0.5,35.0,carbon,211.9472222222222,211.94722220222218,2e-08,0.9999999999056368,0.5000000000471817,56.92722900944693,74.00539771201244,15.307990365856046,65.46631336086396,0.0,0.0,0.0,,,1e-08,True,True,0,0,0.0,0.0,0.0,0.0,1e-08,0.24597222222222226,0,0.0,554,3,0.0,0.0,105.97361109111111,0.0,0.0,105.97361111111111
scenario_coarse,0.75,0.0,0.0,,0.0,0.0,0.0,-47.09958761462114,-1.0000007932831068e-08,28.937374352278244,1e-08,15.307990365856046,screened_water_cap_0.75,optimistic_site_selection,legacy_stress,central,uniform_google_ai_2024,portfolio_mean,central,gentd26_hourly_service_demand.csv,gentd26_aligned_regional_hourly_cef.csv,capacity_scenarios.csv,energy_calibration_bounds.csv,trace_timestamp_anonymized,single_row_default,0.5,35.0,carbon,211.9472222222222,211.94722220222218,2e-08,0.9999999999056368,0.5000000000471817,56.92722900944693,74.00539771201244,15.307990365856046,65.46631336086396,0.0,0.0,0.0,,,1e-08,True,True,0,0,0.0,0.0,0.0,0.0,1e-08,0.24597222222222226,0,0.0,554,3,0.0,0.0,105.97361109111111,0.0,0.0,105.97361111111111
scenario_coarse,1.0,0.0,0.0,,0.0,0.0,0.0,-47.09958761462114,-1.0000007932831068e-08,28.937374352278244,1e-08,15.307990365856046,screened_water_cap_1.00,optimistic_site_selection,legacy_stress,central,uniform_google_ai_2024,portfolio_mean,central,gentd26_hourly_service_demand.csv,gentd26_aligned_regional_hourly_cef.csv,capacity_scenarios.csv,energy_calibration_bounds.csv,trace_timestamp_anonymized,single_row_default,0.5,35.0,carbon,211.9472222222222,211.94722220222218,2e-08,0.9999999999056368,0.5000000000471817,56.92722900944693,74.00539771201244,15.307990365856046,65.46631336086396,0.0,0.0,0.0,,,1e-08,True,True,0,0,0.0,0.0,0.0,0.0,1e-08,0.24597222222222226,0,0.0,554,3,0.0,0.0,105.97361109111111,0.0,0.0,105.97361111111111
scenario_coarse,0.0,0.0,2.3478889556878864,0.0,2.3478889556878864,0.14615235230665036,0.5076281663770388,-6.3629657098829284e-09,-1.0000007932831068e-08,28.937374352278244,1e-08,28.791221998130318,screened_water_cap_0.00,optimistic_site_selection,legacy_stress,ample,uniform_google_ai_2024,portfolio_mean,central,gentd26_hourly_service_demand.csv,gentd26_aligned_regional_hourly_cef.csv,capacity_scenarios.csv,energy_calibration_bounds.csv,trace_timestamp_anonymized,single_row_default,0.15,15.0,carbon,211.9472222222222,211.94722220222218,2e-08,0.9999999999056368,0.0,56.92722900944693,76.85175916275338,28.93737435043697,65.46631336086396,0.0,0.0,0.0,,,1e-08,True,True,0,0,0.0,0.0,0.0,0.0,1e-08,1.4919444444444445,0,0.0,184,1,0.0,0.0,211.94722220222224,0.0,0.0,0.0
scenario_coarse,0.25,0.5869722389219716,2.3478889556878864,0.25,1.7609167167659148,0.06251538526949929,0.21713349045608954,-0.2890274973127993,-1.0000007932831068e-08,28.937374352278244,1e-08,28.791221998130318,screened_water_cap_0.25,optimistic_site_selection,legacy_stress,ample,uniform_google_ai_2024,portfolio_mean,central,gentd26_hourly_service_demand.csv,gentd26_aligned_regional_hourly_cef.csv,capacity_scenarios.csv,energy_calibration_bounds.csv,trace_timestamp_anonymized,single_row_default,0.15,15.0,carbon,211.9472222222222,211.94722220222218,2e-08,0.9999999999056368,0.008966019450132442,56.92722900944693,76.80071809849929,28.853737383399817,65.46631336086396,0.5869722389219716,0.00896601945013244,0.0,,,1e-08,True,True,0,1,2.220446049250313e-16,0.0,0.0,0.0,1e-08,1.4919444444444445,0,0.0,196,1,0.0,0.0,210.04689928555555,1.9003229166666666,0.0,0.0
scenario_coarse,0.5,1.1739444778439432,2.3478889556878864,0.5,1.1739444778439432,0.02266364039608959,0.07871718816785389,-0.4267447082396236,-1.0000007932831068e-08,28.937374352278244,1e-08,28.791221998130318,screened_water_cap_0.50,optimistic_site_selection,legacy_stress,ample,uniform_google_ai_2024,portfolio_mean,central,gentd26_hourly_service_demand.csv,gentd26_aligned_regional_hourly_cef.csv,capacity_scenarios.csv,energy_calibration_bounds.csv,trace_timestamp_anonymized,single_row_default,0.15,15.0,carbon,211.9472222222222,211.94722220222218,2e-08,0.9999999999056368,0.017932038900264884,56.92722900944693,76.7496770342452,28.813885638526408,65.46631336086396,1.1739444778439432,0.01793203890026488,0.0,,,1e-08,True,True,0,1,2.220446049250313e-16,0.0,0.0,0.0,1e-08,1.4919444444444445,0,0.0,221,1,0.0,0.0,208.14657636888887,3.8006458333333333,0.0,0.0
scenario_coarse,0.75,1.7609167167659148,2.3478889556878864,0.7499999999999999,0.5869722389219718,0.006239268146661203,0.021670730568734697,-0.4835030445333066,-9.999979511121637e-09,28.937374352278244,1e-08,28.791221998130318,screened_water_cap_0.75,optimistic_site_selection,legacy_stress,ample,uniform_google_ai_2024,portfolio_mean,central,gentd26_hourly_service_demand.csv,gentd26_aligned_regional_hourly_cef.csv,capacity_scenarios.csv,energy_calibration_bounds.csv,trace_timestamp_anonymized,single_row_default,0.15,15.0,carbon,211.9472222222222,211.9472222022222,2e-08,0.9999999999056369,0.02689805835039732,56.92722900944693,76.69863596999112,28.79746126627698,65.46631336086396,1.7609167167659145,0.026898058350397318,0.0,,,1e-08,True,True,0,1,2.220446049250313e-16,0.0,0.0,0.0,1e-08,1.4919444444444445,0,0.0,241,1,2.220446049250313e-16,0.0,206.24625345222222,5.700968749999998,0.0,0.0
scenario_coarse,1.0,2.3478889556878864,2.3478889556878864,1.0,0.0,0.0,0.0,-0.5050643239731922,-9.999979511121637e-09,28.937374352278244,1e-08,28.791221998130318,screened_water_cap_1.00,optimistic_site_selection,legacy_stress,ample,uniform_google_ai_2024,portfolio_mean,central,gentd26_hourly_service_demand.csv,gentd26_aligned_regional_hourly_cef.csv,capacity_scenarios.csv,energy_calibration_bounds.csv,trace_timestamp_anonymized,single_row_default,0.15,15.0,carbon,211.9472222222222,211.9472222022222,2e-08,0.9999999999056369,0.03586407780052976,56.92722900944693,76.64759490573704,28.791221998130318,65.46631336086396,2.3478889556878864,0.03586407780052976,0.0,,,1e-08,True,True,0,0,2.220446049250313e-16,0.0,0.0,0.0,1e-08,1.4919444444444445,0,0.0,255,1,0.0,0.0,204.34593053555554,7.601291666666665,0.0,0.0
scenario_coarse,0.0,0.0,0.0,,0.0,0.0,0.0,-14.129876288840403,-9.999979511121637e-09,28.937374352278244,1e-08,24.848559155062695,screened_water_cap_0.00,optimistic_site_selection,legacy_stress,ample,uniform_google_ai_2024,portfolio_mean,central,gentd26_hourly_service_demand.csv,gentd26_aligned_regional_hourly_cef.csv,capacity_scenarios.csv,energy_calibration_bounds.csv,trace_timestamp_anonymized,single_row_default,0.15,20.0,carbon,211.9472222222222,211.9472222022222,2e-08,0.9999999999056369,0.15000000001415448,56.92722900944694,75.9978507275311,24.848559155062695,65.46631336086396,0.0,0.0,0.0,,,1e-08,True,True,0,0,4.440892098500626e-16,0.0,0.0,0.0,1e-08,2.018152777777778,0,0.0,554,3,0.0,0.0,180.1551388688889,0.0,0.0,31.79208333333335
scenario_coarse,0.25,0.0,0.0,,0.0,0.0,0.0,-14.129876288840403,-9.999979511121637e-09,28.937374352278244,1e-08,24.848559155062695,screened_water_cap_0.25,optimistic_site_selection,legacy_stress,ample,uniform_google_ai_2024,portfolio_mean,central,gentd26_hourly_service_demand.csv,gentd26_aligned_regional_hourly_cef.csv,capacity_scenarios.csv,energy_calibration_bounds.csv,trace_timestamp_anonymized,single_row_default,0.15,20.0,carbon,211.9472222222222,211.9472222022222,2e-08,0.9999999999056369,0.15000000001415448,56.92722900944694,75.9978507275311,24.848559155062695,65.46631336086396,0.0,0.0,0.0,,,1e-08,True,True,0,0,4.440892098500626e-16,0.0,0.0,0.0,1e-08,2.018152777777778,0,0.0,554,3,0.0,0.0,180.1551388688889,0.0,0.0,31.79208333333335
scenario_coarse,0.5,0.0,0.0,,0.0,0.0,0.0,-14.129876288840403,-9.999979511121637e-09,28.937374352278244,1e-08,24.848559155062695,screened_water_cap_0.50,optimistic_site_selection,legacy_stress,ample,uniform_google_ai_2024,portfolio_mean,central,gentd26_hourly_service_demand.csv,gentd26_aligned_regional_hourly_cef.csv,capacity_scenarios.csv,energy_calibration_bounds.csv,trace_timestamp_anonymized,single_row_default,0.15,20.0,carbon,211.9472222222222,211.9472222022222,2e-08,0.9999999999056369,0.15000000001415448,56.92722900944694,75.9978507275311,24.848559155062695,65.46631336086396,0.0,0.0,0.0,,,1e-08,True,True,0,0,4.440892098500626e-16,0.0,0.0,0.0,1e-08,2.018152777777778,0,0.0,554,3,0.0,0.0,180.1551388688889,0.0,0.0,31.79208333333335
scenario_coarse,0.75,0.0,0.0,,0.0,0.0,0.0,-14.129876288840403,-9.999979511121637e-09,28.937374352278244,1e-08,24.848559155062695,screened_water_cap_0.75,optimistic_site_selection,legacy_stress,ample,uniform_google_ai_2024,portfolio_mean,central,gentd26_hourly_service_demand.csv,gentd26_aligned_regional_hourly_cef.csv,capacity_scenarios.csv,energy_calibration_bounds.csv,trace_timestamp_anonymized,single_row_default,0.15,20.0,carbon,211.9472222222222,211.9472222022222,2e-08,0.9999999999056369,0.15000000001415448,56.92722900944694,75.9978507275311,24.848559155062695,65.46631336086396,0.0,0.0,0.0,,,1e-08,True,True,0,0,4.440892098500626e-16,0.0,0.0,0.0,1e-08,2.018152777777778,0,0.0,554,3,0.0,0.0,180.1551388688889,0.0,0.0,31.79208333333335
scenario_coarse,1.0,0.0,0.0,,0.0,0.0,0.0,-14.129876288840403,-9.999979511121637e-09,28.937374352278244,1e-08,24.848559155062695,screened_water_cap_1.00,optimistic_site_selection,legacy_stress,ample,uniform_google_ai_2024,portfolio_mean,central,gentd26_hourly_service_demand.csv,gentd26_aligned_regional_hourly_cef.csv,capacity_scenarios.csv,energy_calibration_bounds.csv,trace_timestamp_anonymized,single_row_default,0.15,20.0,carbon,211.9472222222222,211.9472222022222,2e-08,0.9999999999056369,0.15000000001415448,56.92722900944694,75.9978507275311,24.848559155062695,65.46631336086396,0.0,0.0,0.0,,,1e-08,True,True,0,0,4.440892098500626e-16,0.0,0.0,0.0,1e-08,2.018152777777778,0,0.0,554,3,0.0,0.0,180.1551388688889,0.0,0.0,31.79208333333335
scenario_coarse,0.0,0.0,0.0,,0.0,0.0,0.0,-14.129876288840403,-9.999979511121637e-09,28.937374352278244,1e-08,24.848559155062695,screened_water_cap_0.00,optimistic_site_selection,legacy_stress,ample,uniform_google_ai_2024,portfolio_mean,central,gentd26_hourly_service_demand.csv,gentd26_aligned_regional_hourly_cef.csv,capacity_scenarios.csv,energy_calibration_bounds.csv,trace_timestamp_anonymized,single_row_default,0.15,35.0,carbon,211.9472222222222,211.9472222022222,2e-08,0.9999999999056369,0.15000000001415448,56.92722900944694,75.9978507275311,24.848559155062695,65.46631336086396,0.0,0.0,0.0,,,1e-08,True,True,0,0,4.440892098500626e-16,0.0,0.0,0.0,1e-08,2.018152777777778,0,0.0,554,3,0.0,0.0,180.1551388688889,0.0,0.0,31.79208333333335
scenario_coarse,0.25,0.0,0.0,,0.0,0.0,0.0,-14.129876288840403,-9.999979511121637e-09,28.937374352278244,1e-08,24.848559155062695,screened_water_cap_0.25,optimistic_site_selection,legacy_stress,ample,uniform_google_ai_2024,portfolio_mean,central,gentd26_hourly_service_demand.csv,gentd26_aligned_regional_hourly_cef.csv,capacity_scenarios.csv,energy_calibration_bounds.csv,trace_timestamp_anonymized,single_row_default,0.15,35.0,carbon,211.9472222222222,211.9472222022222,2e-08,0.9999999999056369,0.15000000001415448,56.92722900944694,75.9978507275311,24.848559155062695,65.46631336086396,0.0,0.0,0.0,,,1e-08,True,True,0,0,4.440892098500626e-16,0.0,0.0,0.0,1e-08,2.018152777777778,0,0.0,554,3,0.0,0.0,180.1551388688889,0.0,0.0,31.79208333333335
scenario_coarse,0.5,0.0,0.0,,0.0,0.0,0.0,-14.129876288840403,-9.999979511121637e-09,28.937374352278244,1e-08,24.848559155062695,screened_water_cap_0.50,optimistic_site_selection,legacy_stress,ample,uniform_google_ai_2024,portfolio_mean,central,gentd26_hourly_service_demand.csv,gentd26_aligned_regional_hourly_cef.csv,capacity_scenarios.csv,energy_calibration_bounds.csv,trace_timestamp_anonymized,single_row_default,0.15,35.0,carbon,211.9472222222222,211.9472222022222,2e-08,0.9999999999056369,0.15000000001415448,56.92722900944694,75.9978507275311,24.848559155062695,65.46631336086396,0.0,0.0,0.0,,,1e-08,True,True,0,0,4.440892098500626e-16,0.0,0.0,0.0,1e-08,2.018152777777778,0,0.0,554,3,0.0,0.0,180.1551388688889,0.0,0.0,31.79208333333335
scenario_coarse,0.75,0.0,0.0,,0.0,0.0,0.0,-14.129876288840403,-9.999979511121637e-09,28.937374352278244,1e-08,24.848559155062695,screened_water_cap_0.75,optimistic_site_selection,legacy_stress,ample,uniform_google_ai_2024,portfolio_mean,central,gentd26_hourly_service_demand.csv,gentd26_aligned_regional_hourly_cef.csv,capacity_scenarios.csv,energy_calibration_bounds.csv,trace_timestamp_anonymized,single_row_default,0.15,35.0,carbon,211.9472222222222,211.9472222022222,2e-08,0.9999999999056369,0.15000000001415448,56.92722900944694,75.9978507275311,24.848559155062695,65.46631336086396,0.0,0.0,0.0,,,1e-08,True,True,0,0,4.440892098500626e-16,0.0,0.0,0.0,1e-08,2.018152777777778,0,0.0,554,3,0.0,0.0,180.1551388688889,0.0,0.0,31.79208333333335
scenario_coarse,1.0,0.0,0.0,,0.0,0.0,0.0,-14.129876288840403,-9.999979511121637e-09,28.937374352278244,1e-08,24.848559155062695,screened_water_cap_1.00,optimistic_site_selection,legacy_stress,ample,uniform_google_ai_2024,portfolio_mean,central,gentd26_hourly_service_demand.csv,gentd26_aligned_regional_hourly_cef.csv,capacity_scenarios.csv,energy_calibration_bounds.csv,trace_timestamp_anonymized,single_row_default,0.15,35.0,carbon,211.9472222222222,211.9472222022222,2e-08,0.9999999999056369,0.15000000001415448,56.92722900944694,75.9978507275311,24.848559155062695,65.46631336086396,0.0,0.0,0.0,,,1e-08,True,True,0,0,4.440892098500626e-16,0.0,0.0,0.0,1e-08,2.018152777777778,0,0.0,554,3,0.0,0.0,180.1551388688889,0.0,0.0,31.79208333333335
scenario_coarse,0.0,0.0,4.695777911375773,0.0,4.695777911375773,0.2923047046133007,1.020436355112575,-6.3629657098829284e-09,-1.0000007932831068e-08,28.937374352278244,1e-08,28.645069645823668,screened_water_cap_0.00,optimistic_site_selection,legacy_stress,ample,uniform_google_ai_2024,portfolio_mean,central,gentd26_hourly_service_demand.csv,gentd26_aligned_regional_hourly_cef.csv,capacity_scenarios.csv,energy_calibration_bounds.csv,trace_timestamp_anonymized,single_row_default,0.3,15.0,carbon,211.9472222222222,211.94722220222218,2e-08,0.9999999999056368,0.0,56.92722900944693,76.85175916275338,28.93737435043697,65.46631336086396,0.0,0.0,0.0,,,1e-08,True,True,0,0,0.0,0.0,0.0,0.0,1e-08,1.4919444444444445,0,0.0,184,1,0.0,0.0,211.94722220222224,0.0,0.0,0.0
scenario_coarse,0.25,1.1739444778439432,4.695777911375773,0.25,3.5218334335318295,0.12503077053899148,0.43648268998788264,-0.5780549882626662,-1.0000007932831068e-08,28.937374352278244,1e-08,28.645069645823668,screened_water_cap_0.25,optimistic_site_selection,legacy_stress,ample,uniform_google_ai_2024,portfolio_mean,central,gentd26_hourly_service_demand.csv,gentd26_aligned_regional_hourly_cef.csv,capacity_scenarios.csv,energy_calibration_bounds.csv,trace_timestamp_anonymized,single_row_default,0.3,15.0,carbon,211.9472222222222,211.94722220222218,2e-08,0.9999999999056368,0.017932038900264884,56.92722900944693,76.74967703424521,28.77010041636266,65.46631336086396,1.1739444778439432,0.01793203890026488,0.0,,,1e-08,True,True,0,1,1.1102230246251565e-16,0.0,0.0,0.0,1e-08,1.4919444444444445,0,0.0,196,1,0.0,0.0,208.14657636888887,3.8006458333333333,0.0,0.0
scenario_coarse,0.5,2.3478889556878864,4.695777911375773,0.5,2.3478889556878864,0.04532728079217918,0.15823763514146716,-0.8534894101162704,-9.999979511121637e-09,28.937374352278244,1e-08,28.645069645823668,screened_water_cap_0.50,optimistic_site_selection,legacy_stress,ample,uniform_google_ai_2024,portfolio_mean,central,gentd26_hourly_service_demand.csv,gentd26_aligned_regional_hourly_cef.csv,capacity_scenarios.csv,energy_calibration_bounds.csv,trace_timestamp_anonymized,single_row_default,0.3,15.0,carbon,211.9472222222222,211.9472222022222,2e-08,0.9999999999056369,0.03586407780052976,56.92722900944694,76.64759490573704,28.690396926615847,65.46631336086396,2.3478889556878864,0.03586407780052976,0.0,,,1e-08,True,True,0,1,2.220446049250313e-16,0.0,0.0,0.0,1e-08,1.4919444444444445,0,0.0,221,1,0.0,0.0,204.34593053555554,7.601291666666667,0.0,0.0
scenario_coarse,0.75,3.5218334335318295,4.695777911375773,0.7499999999999999,1.1739444778439436,0.012478536293315301,0.04356259715059263,-0.9670060827036697,-9.999979511121637e-09,28.937374352278244,1e-08,28.645069645823668,screened_water_cap_0.75,optimistic_site_selection,legacy_stress,ample,uniform_google_ai_2024,portfolio_mean,central,gentd26_hourly_service_demand.csv,gentd26_aligned_regional_hourly_cef.csv,capacity_scenarios.csv,energy_calibration_bounds.csv,trace_timestamp_anonymized,single_row_default,0.3,15.0,carbon,211.9472222222222,211.9472222022222,2e-08,0.9999999999056369,0.05379611670079464,56.92722900944694,76.54551277722886,28.657548182116983,65.46631336086396,3.521833433531829,0.053796116700794636,0.0,,,1e-08,True,True,0,1,2.220446049250313e-16,0.0,0.0,0.0,1e-08,1.4919444444444445,0,0.0,241,1,4.440892098500626e-16,0.0,200.5452847022222,11.401937499999995,0.0,0.0
scenario_coarse,1.0,4.695777911375773,4.695777911375773,1.0,0.0,0.0,0.0,-1.0101286415834188,-9.999979511121637e-09,28.937374352278244,1e-08,28.645069645823668,screened_water_cap_1.00,optimistic_site_selection,legacy_stress,ample,uniform_google_ai_2024,portfolio_mean,central,gentd26_hourly_service_demand.csv,gentd26_aligned_regional_hourly_cef.csv,capacity_scenarios.csv,energy_calibration_bounds.csv,trace_timestamp_anonymized,single_row_default,0.3,15.0,carbon,211.9472222222222,211.9472222022222,2e-08,0.9999999999056369,0.07172815560105952,56.92722900944694,76.44343064872069,28.645069645823668,65.46631336086396,4.695777911375773,0.07172815560105952,0.0,,,1e-08,True,True,0,0,2.220446049250313e-16,0.0,0.0,0.0,1e-08,1.4919444444444445,0,0.0,255,1,0.0,0.0,196.7446388688889,15.20258333333333,0.0,0.0
scenario_coarse,0.0,0.0,0.0,,0.0,0.0,0.0,-28.259752571317875,-1.0000007932831068e-08,28.937374352278244,1e-08,20.759743959688414,screened_water_cap_0.00,optimistic_site_selection,legacy_stress,ample,uniform_google_ai_2024,portfolio_mean,central,gentd26_hourly_service_demand.csv,gentd26_aligned_regional_hourly_cef.csv,capacity_scenarios.csv,energy_calibration_bounds.csv,trace_timestamp_anonymized,single_row_default,0.3,20.0,carbon,211.9472222222222,211.94722220222218,2e-08,0.9999999999056368,0.30000000002830896,56.92722900944693,75.14394229230881,20.759743959688414,65.46631336086396,0.0,0.0,0.0,,,1e-08,True,True,0,0,4.440892098500626e-16,0.0,0.0,0.0,1e-08,1.9475833333333334,0,0.0,554,3,0.0,0.0,148.36305553555553,0.0,0.0,63.5841666666667
scenario_coarse,0.25,0.0,0.0,,0.0,0.0,0.0,-28.259752571317875,-1.0000007932831068e-08,28.937374352278244,1e-08,20.759743959688414,screened_water_cap_0.25,optimistic_site_selection,legacy_stress,ample,uniform_google_ai_2024,portfolio_mean,central,gentd26_hourly_service_demand.csv,gentd26_aligned_regional_hourly_cef.csv,capacity_scenarios.csv,energy_calibration_bounds.csv,trace_timestamp_anonymized,single_row_default,0.3,20.0,carbon,211.9472222222222,211.94722220222218,2e-08,0.9999999999056368,0.30000000002830896,56.92722900944693,75.14394229230881,20.759743959688414,65.46631336086396,0.0,0.0,0.0,,,1e-08,True,True,0,0,4.440892098500626e-16,0.0,0.0,0.0,1e-08,1.9475833333333334,0,0.0,554,3,0.0,0.0,148.36305553555553,0.0,0.0,63.5841666666667
scenario_coarse,0.5,0.0,0.0,,0.0,0.0,0.0,-28.259752571317875,-1.0000007932831068e-08,28.937374352278244,1e-08,20.759743959688414,screened_water_cap_0.50,optimistic_site_selection,legacy_stress,ample,uniform_google_ai_2024,portfolio_mean,central,gentd26_hourly_service_demand.csv,gentd26_aligned_regional_hourly_cef.csv,capacity_scenarios.csv,energy_calibration_bounds.csv,trace_timestamp_anonymized,single_row_default,0.3,20.0,carbon,211.9472222222222,211.94722220222218,2e-08,0.9999999999056368,0.30000000002830896,56.92722900944693,75.14394229230881,20.759743959688414,65.46631336086396,0.0,0.0,0.0,,,1e-08,True,True,0,0,4.440892098500626e-16,0.0,0.0,0.0,1e-08,1.9475833333333334,0,0.0,554,3,0.0,0.0,148.36305553555553,0.0,0.0,63.5841666666667
scenario_coarse,0.75,0.0,0.0,,0.0,0.0,0.0,-28.259752571317875,-1.0000007932831068e-08,28.937374352278244,1e-08,20.759743959688414,screened_water_cap_0.75,optimistic_site_selection,legacy_stress,ample,uniform_google_ai_2024,portfolio_mean,central,gentd26_hourly_service_demand.csv,gentd26_aligned_regional_hourly_cef.csv,capacity_scenarios.csv,energy_calibration_bounds.csv,trace_timestamp_anonymized,single_row_default,0.3,20.0,carbon,211.9472222222222,211.94722220222218,2e-08,0.9999999999056368,0.30000000002830896,56.92722900944693,75.14394229230881,20.759743959688414,65.46631336086396,0.0,0.0,0.0,,,1e-08,True,True,0,0,4.440892098500626e-16,0.0,0.0,0.0,1e-08,1.9475833333333334,0,0.0,554,3,0.0,0.0,148.36305553555553,0.0,0.0,63.5841666666667
scenario_coarse,1.0,0.0,0.0,,0.0,0.0,0.0,-28.259752571317875,-1.0000007932831068e-08,28.937374352278244,1e-08,20.759743959688414,screened_water_cap_1.00,optimistic_site_selection,legacy_stress,ample,uniform_google_ai_2024,portfolio_mean,central,gentd26_hourly_service_demand.csv,gentd26_aligned_regional_hourly_cef.csv,capacity_scenarios.csv,energy_calibration_bounds.csv,trace_timestamp_anonymized,single_row_default,0.3,20.0,carbon,211.9472222222222,211.94722220222218,2e-08,0.9999999999056368,0.30000000002830896,56.92722900944693,75.14394229230881,20.759743959688414,65.46631336086396,0.0,0.0,0.0,,,1e-08,True,True,0,0,4.440892098500626e-16,0.0,0.0,0.0,1e-08,1.9475833333333334,0,0.0,554,3,0.0,0.0,148.36305553555553,0.0,0.0,63.5841666666667
scenario_coarse,0.0,0.0,0.0,,0.0,0.0,0.0,-28.259752571317875,-1.0000007932831068e-08,28.937374352278244,1e-08,20.759743959688414,screened_water_cap_0.00,optimistic_site_selection,legacy_stress,ample,uniform_google_ai_2024,portfolio_mean,central,gentd26_hourly_service_demand.csv,gentd26_aligned_regional_hourly_cef.csv,capacity_scenarios.csv,energy_calibration_bounds.csv,trace_timestamp_anonymized,single_row_default,0.3,35.0,carbon,211.9472222222222,211.94722220222218,2e-08,0.9999999999056368,0.30000000002830896,56.92722900944693,75.14394229230881,20.759743959688414,65.46631336086396,0.0,0.0,0.0,,,1e-08,True,True,0,0,4.440892098500626e-16,0.0,0.0,0.0,1e-08,1.9475833333333334,0,0.0,554,3,0.0,0.0,148.36305553555553,0.0,0.0,63.5841666666667
scenario_coarse,0.25,0.0,0.0,,0.0,0.0,0.0,-28.259752571317875,-1.0000007932831068e-08,28.937374352278244,1e-08,20.759743959688414,screened_water_cap_0.25,optimistic_site_selection,legacy_stress,ample,uniform_google_ai_2024,portfolio_mean,central,gentd26_hourly_service_demand.csv,gentd26_aligned_regional_hourly_cef.csv,capacity_scenarios.csv,energy_calibration_bounds.csv,trace_timestamp_anonymized,single_row_default,0.3,35.0,carbon,211.9472222222222,211.94722220222218,2e-08,0.9999999999056368,0.30000000002830896,56.92722900944693,75.14394229230881,20.759743959688414,65.46631336086396,0.0,0.0,0.0,,,1e-08,True,True,0,0,4.440892098500626e-16,0.0,0.0,0.0,1e-08,1.9475833333333334,0,0.0,554,3,0.0,0.0,148.36305553555553,0.0,0.0,63.5841666666667
scenario_coarse,0.5,0.0,0.0,,0.0,0.0,0.0,-28.259752571317875,-1.0000007932831068e-08,28.937374352278244,1e-08,20.759743959688414,screened_water_cap_0.50,optimistic_site_selection,legacy_stress,ample,uniform_google_ai_2024,portfolio_mean,central,gentd26_hourly_service_demand.csv,gentd26_aligned_regional_hourly_cef.csv,capacity_scenarios.csv,energy_calibration_bounds.csv,trace_timestamp_anonymized,single_row_default,0.3,35.0,carbon,211.9472222222222,211.94722220222218,2e-08,0.9999999999056368,0.30000000002830896,56.92722900944693,75.14394229230881,20.759743959688414,65.46631336086396,0.0,0.0,0.0,,,1e-08,True,True,0,0,4.440892098500626e-16,0.0,0.0,0.0,1e-08,1.9475833333333334,0,0.0,554,3,0.0,0.0,148.36305553555553,0.0,0.0,63.5841666666667
scenario_coarse,0.75,0.0,0.0,,0.0,0.0,0.0,-28.259752571317875,-1.0000007932831068e-08,28.937374352278244,1e-08,20.759743959688414,screened_water_cap_0.75,optimistic_site_selection,legacy_stress,ample,uniform_google_ai_2024,portfolio_mean,central,gentd26_hourly_service_demand.csv,gentd26_aligned_regional_hourly_cef.csv,capacity_scenarios.csv,energy_calibration_bounds.csv,trace_timestamp_anonymized,single_row_default,0.3,35.0,carbon,211.9472222222222,211.94722220222218,2e-08,0.9999999999056368,0.30000000002830896,56.92722900944693,75.14394229230881,20.759743959688414,65.46631336086396,0.0,0.0,0.0,,,1e-08,True,True,0,0,4.440892098500626e-16,0.0,0.0,0.0,1e-08,1.9475833333333334,0,0.0,554,3,0.0,0.0,148.36305553555553,0.0,0.0,63.5841666666667
scenario_coarse,1.0,0.0,0.0,,0.0,0.0,0.0,-28.259752571317875,-1.0000007932831068e-08,28.937374352278244,1e-08,20.759743959688414,screened_water_cap_1.00,optimistic_site_selection,legacy_stress,ample,uniform_google_ai_2024,portfolio_mean,central,gentd26_hourly_service_demand.csv,gentd26_aligned_regional_hourly_cef.csv,capacity_scenarios.csv,energy_calibration_bounds.csv,trace_timestamp_anonymized,single_row_default,0.3,35.0,carbon,211.9472222222222,211.94722220222218,2e-08,0.9999999999056368,0.30000000002830896,56.92722900944693,75.14394229230881,20.759743959688414,65.46631336086396,0.0,0.0,0.0,,,1e-08,True,True,0,0,4.440892098500626e-16,0.0,0.0,0.0,1e-08,1.9475833333333334,0,0.0,554,3,0.0,0.0,148.36305553555553,0.0,0.0,63.5841666666667
scenario_coarse,0.0,0.0,7.82629651895962,0.0,7.82629651895962,0.4871745076888381,1.7123763993981855,-6.3629657098829284e-09,-1.0000007932831068e-08,28.937374352278244,1e-08,28.45019984274813,screened_water_cap_0.00,optimistic_site_selection,legacy_stress,ample,uniform_google_ai_2024,portfolio_mean,central,gentd26_hourly_service_demand.csv,gentd26_aligned_regional_hourly_cef.csv,capacity_scenarios.csv,energy_calibration_bounds.csv,trace_timestamp_anonymized,single_row_default,0.5,15.0,carbon,211.9472222222222,211.94722220222218,2e-08,0.9999999999056368,0.0,56.92722900944693,76.85175916275338,28.93737435043697,65.46631336086396,0.0,0.0,0.0,,,1e-08,True,True,0,0,0.0,0.0,0.0,0.0,1e-08,1.4919444444444445,0,0.0,184,1,0.0,0.0,211.94722220222224,0.0,0.0,0.0
scenario_coarse,0.25,1.956574129739905,7.82629651895962,0.25000000000000006,5.8697223892197155,0.20838461756498816,0.7324539676936803,-0.9634249761957925,-1.0000007932831068e-08,28.937374352278244,1e-08,28.45019984274813,screened_water_cap_0.25,optimistic_site_selection,legacy_stress,ample,uniform_google_ai_2024,portfolio_mean,central,gentd26_hourly_service_demand.csv,gentd26_aligned_regional_hourly_cef.csv,capacity_scenarios.csv,energy_calibration_bounds.csv,trace_timestamp_anonymized,single_row_default,0.5,15.0,carbon,211.9472222222222,211.94722220222218,2e-08,0.9999999999056368,0.029886731500441476,56.92722900944693,76.68162228190644,28.65858446031312,65.46631336086396,1.9565741297399053,0.02988673150044147,0.0,,,1e-08,True,True,0,1,0.0,0.0,0.0,0.0,1e-08,1.4919444444444445,0,0.0,196,1,-2.220446049250313e-16,2.220446049250313e-16,205.61281248,6.334409722222222,0.0,0.0
scenario_coarse,0.5,3.91314825947981,7.82629651895962,0.5000000000000001,3.9131482594798097,0.07554546798697359,0.26553580784856035,-1.4224823459517921,-9.999979511121637e-09,28.937374352278244,1e-08,28.45019984274813,screened_water_cap_0.50,optimistic_site_selection,legacy_stress,ample,uniform_google_ai_2024,portfolio_mean,central,gentd26_hourly_service_demand.csv,gentd26_aligned_regional_hourly_cef.csv,capacity_scenarios.csv,energy_calibration_bounds.csv,trace_timestamp_anonymized,single_row_default,0.5,15.0,carbon,211.9472222222222,211.9472222022222,2e-08,0.9999999999056369,0.059773463000882945,56.92722900944693,76.51148540105947,28.525745310735104,65.46631336086396,3.9131482594798106,0.05977346300088294,0.0,,,1e-08,True,True,0,1,0.0,0.0,0.0,0.0,1e-08,1.4919444444444445,0,0.0,221,1,-4.440892098500626e-16,4.440892098500626e-16,199.2784027577777,12.668819444444441,0.0,0.0
scenario_coarse,0.75,5.8697223892197155,7.82629651895962,0.7499999999999998,1.9565741297399066,0.02079756048886594,0.0731016323393785,-1.6116768002641169,-9.999979511121637e-09,28.937374352278244,1e-08,28.45019984274813,screened_water_cap_0.75,optimistic_site_selection,legacy_stress,ample,uniform_google_ai_2024,portfolio_mean,central,gentd26_hourly_service_demand.csv,gentd26_aligned_regional_hourly_cef.csv,capacity_scenarios.csv,energy_calibration_bounds.csv,trace_timestamp_anonymized,single_row_default,0.5,15.0,carbon,211.9472222222222,211.9472222022222,2e-08,0.9999999999056369,0.08966019450132437,56.92722900944693,76.34134852021253,28.470997403236996,65.46631336086396,5.869722389219714,0.08966019450132437,0.0,,,1e-08,True,True,0,1,0.0,0.0,0.0,0.0,1e-08,1.4919444444444445,0,0.0,241,1,1.7763568394002505e-15,0.0,192.9439930355556,19.00322916666666,0.0,0.0
scenario_coarse,1.0,7.82629651895962,7.82629651895962,1.0,0.0,0.0,0.0,-1.6835477317303948,-9.999979511121637e-09,28.937374352278244,1e-08,28.45019984274813,screened_water_cap_1.00,optimistic_site_selection,legacy_stress,ample,uniform_google_ai_2024,portfolio_mean,central,gentd26_hourly_service_demand.csv,gentd26_aligned_regional_hourly_cef.csv,capacity_scenarios.csv,energy_calibration_bounds.csv,trace_timestamp_anonymized,single_row_default,0.5,15.0,carbon,211.9472222222222,211.9472222022222,2e-08,0.9999999999056369,0.11954692600176589,56.92722900944693,76.17121163936558,28.45019984274813,65.46631336086396,7.82629651895962,0.11954692600176586,0.0,,,1e-08,True,True,0,0,0.0,0.0,0.0,0.0,1e-08,1.4919444444444445,0,0.0,255,1,0.0,0.0,186.6095833133333,25.337638888888897,0.0,0.0
scenario_coarse,0.0,0.0,0.0,,0.0,0.0,0.0,-47.09958761462114,-1.0000007932831068e-08,28.937374352278244,1e-08,15.307990365856046,screened_water_cap_0.00,optimistic_site_selection,legacy_stress,ample,uniform_google_ai_2024,portfolio_mean,central,gentd26_hourly_service_demand.csv,gentd26_aligned_regional_hourly_cef.csv,capacity_scenarios.csv,energy_calibration_bounds.csv,trace_timestamp_anonymized,single_row_default,0.5,20.0,carbon,211.9472222222222,211.94722220222218,2e-08,0.9999999999056368,0.5000000000471817,56.92722900944693,74.00539771201244,15.307990365856046,65.46631336086396,0.0,0.0,0.0,,,1e-08,True,True,0,0,0.0,0.0,0.0,0.0,1e-08,1.2459722222222223,0,0.0,554,3,0.0,0.0,105.97361109111111,0.0,0.0,105.97361111111111
scenario_coarse,0.25,0.0,0.0,,0.0,0.0,0.0,-47.09958761462114,-1.0000007932831068e-08,28.937374352278244,1e-08,15.307990365856046,screened_water_cap_0.25,optimistic_site_selection,legacy_stress,ample,uniform_google_ai_2024,portfolio_mean,central,gentd26_hourly_service_demand.csv,gentd26_aligned_regional_hourly_cef.csv,capacity_scenarios.csv,energy_calibration_bounds.csv,trace_timestamp_anonymized,single_row_default,0.5,20.0,carbon,211.9472222222222,211.94722220222218,2e-08,0.9999999999056368,0.5000000000471817,56.92722900944693,74.00539771201244,15.307990365856046,65.46631336086396,0.0,0.0,0.0,,,1e-08,True,True,0,0,0.0,0.0,0.0,0.0,1e-08,1.2459722222222223,0,0.0,554,3,0.0,0.0,105.97361109111111,0.0,0.0,105.97361111111111
scenario_coarse,0.5,0.0,0.0,,0.0,0.0,0.0,-47.09958761462114,-1.0000007932831068e-08,28.937374352278244,1e-08,15.307990365856046,screened_water_cap_0.50,optimistic_site_selection,legacy_stress,ample,uniform_google_ai_2024,portfolio_mean,central,gentd26_hourly_service_demand.csv,gentd26_aligned_regional_hourly_cef.csv,capacity_scenarios.csv,energy_calibration_bounds.csv,trace_timestamp_anonymized,single_row_default,0.5,20.0,carbon,211.9472222222222,211.94722220222218,2e-08,0.9999999999056368,0.5000000000471817,56.92722900944693,74.00539771201244,15.307990365856046,65.46631336086396,0.0,0.0,0.0,,,1e-08,True,True,0,0,0.0,0.0,0.0,0.0,1e-08,1.2459722222222223,0,0.0,554,3,0.0,0.0,105.97361109111111,0.0,0.0,105.97361111111111
scenario_coarse,0.75,0.0,0.0,,0.0,0.0,0.0,-47.09958761462114,-1.0000007932831068e-08,28.937374352278244,1e-08,15.307990365856046,screened_water_cap_0.75,optimistic_site_selection,legacy_stress,ample,uniform_google_ai_2024,portfolio_mean,central,gentd26_hourly_service_demand.csv,gentd26_aligned_regional_hourly_cef.csv,capacity_scenarios.csv,energy_calibration_bounds.csv,trace_timestamp_anonymized,single_row_default,0.5,20.0,carbon,211.9472222222222,211.94722220222218,2e-08,0.9999999999056368,0.5000000000471817,56.92722900944693,74.00539771201244,15.307990365856046,65.46631336086396,0.0,0.0,0.0,,,1e-08,True,True,0,0,0.0,0.0,0.0,0.0,1e-08,1.2459722222222223,0,0.0,554,3,0.0,0.0,105.97361109111111,0.0,0.0,105.97361111111111
scenario_coarse,1.0,0.0,0.0,,0.0,0.0,0.0,-47.09958761462114,-1.0000007932831068e-08,28.937374352278244,1e-08,15.307990365856046,screened_water_cap_1.00,optimistic_site_selection,legacy_stress,ample,uniform_google_ai_2024,portfolio_mean,central,gentd26_hourly_service_demand.csv,gentd26_aligned_regional_hourly_cef.csv,capacity_scenarios.csv,energy_calibration_bounds.csv,trace_timestamp_anonymized,single_row_default,0.5,20.0,carbon,211.9472222222222,211.94722220222218,2e-08,0.9999999999056368,0.5000000000471817,56.92722900944693,74.00539771201244,15.307990365856046,65.46631336086396,0.0,0.0,0.0,,,1e-08,True,True,0,0,0.0,0.0,0.0,0.0,1e-08,1.2459722222222223,0,0.0,554,3,0.0,0.0,105.97361109111111,0.0,0.0,105.97361111111111
scenario_coarse,0.0,0.0,0.0,,0.0,0.0,0.0,-47.09958761462114,-1.0000007932831068e-08,28.937374352278244,1e-08,15.307990365856046,screened_water_cap_0.00,optimistic_site_selection,legacy_stress,ample,uniform_google_ai_2024,portfolio_mean,central,gentd26_hourly_service_demand.csv,gentd26_aligned_regional_hourly_cef.csv,capacity_scenarios.csv,energy_calibration_bounds.csv,trace_timestamp_anonymized,single_row_default,0.5,35.0,carbon,211.9472222222222,211.94722220222218,2e-08,0.9999999999056368,0.5000000000471817,56.92722900944693,74.00539771201244,15.307990365856046,65.46631336086396,0.0,0.0,0.0,,,1e-08,True,True,0,0,0.0,0.0,0.0,0.0,1e-08,1.2459722222222223,0,0.0,554,3,0.0,0.0,105.97361109111111,0.0,0.0,105.97361111111111
scenario_coarse,0.25,0.0,0.0,,0.0,0.0,0.0,-47.09958761462114,-1.0000007932831068e-08,28.937374352278244,1e-08,15.307990365856046,screened_water_cap_0.25,optimistic_site_selection,legacy_stress,ample,uniform_google_ai_2024,portfolio_mean,central,gentd26_hourly_service_demand.csv,gentd26_aligned_regional_hourly_cef.csv,capacity_scenarios.csv,energy_calibration_bounds.csv,trace_timestamp_anonymized,single_row_default,0.5,35.0,carbon,211.9472222222222,211.94722220222218,2e-08,0.9999999999056368,0.5000000000471817,56.92722900944693,74.00539771201244,15.307990365856046,65.46631336086396,0.0,0.0,0.0,,,1e-08,True,True,0,0,0.0,0.0,0.0,0.0,1e-08,1.2459722222222223,0,0.0,554,3,0.0,0.0,105.97361109111111,0.0,0.0,105.97361111111111
scenario_coarse,0.5,0.0,0.0,,0.0,0.0,0.0,-47.09958761462114,-1.0000007932831068e-08,28.937374352278244,1e-08,15.307990365856046,screened_water_cap_0.50,optimistic_site_selection,legacy_stress,ample,uniform_google_ai_2024,portfolio_mean,central,gentd26_hourly_service_demand.csv,gentd26_aligned_regional_hourly_cef.csv,capacity_scenarios.csv,energy_calibration_bounds.csv,trace_timestamp_anonymized,single_row_default,0.5,35.0,carbon,211.9472222222222,211.94722220222218,2e-08,0.9999999999056368,0.5000000000471817,56.92722900944693,74.00539771201244,15.307990365856046,65.46631336086396,0.0,0.0,0.0,,,1e-08,True,True,0,0,0.0,0.0,0.0,0.0,1e-08,1.2459722222222223,0,0.0,554,3,0.0,0.0,105.97361109111111,0.0,0.0,105.97361111111111
scenario_coarse,0.75,0.0,0.0,,0.0,0.0,0.0,-47.09958761462114,-1.0000007932831068e-08,28.937374352278244,1e-08,15.307990365856046,screened_water_cap_0.75,optimistic_site_selection,legacy_stress,ample,uniform_google_ai_2024,portfolio_mean,central,gentd26_hourly_service_demand.csv,gentd26_aligned_regional_hourly_cef.csv,capacity_scenarios.csv,energy_calibration_bounds.csv,trace_timestamp_anonymized,single_row_default,0.5,35.0,carbon,211.9472222222222,211.94722220222218,2e-08,0.9999999999056368,0.5000000000471817,56.92722900944693,74.00539771201244,15.307990365856046,65.46631336086396,0.0,0.0,0.0,,,1e-08,True,True,0,0,0.0,0.0,0.0,0.0,1e-08,1.2459722222222223,0,0.0,554,3,0.0,0.0,105.97361109111111,0.0,0.0,105.97361111111111
scenario_coarse,1.0,0.0,0.0,,0.0,0.0,0.0,-47.09958761462114,-1.0000007932831068e-08,28.937374352278244,1e-08,15.307990365856046,screened_water_cap_1.00,optimistic_site_selection,legacy_stress,ample,uniform_google_ai_2024,portfolio_mean,central,gentd26_hourly_service_demand.csv,gentd26_aligned_regional_hourly_cef.csv,capacity_scenarios.csv,energy_calibration_bounds.csv,trace_timestamp_anonymized,single_row_default,0.5,35.0,carbon,211.9472222222222,211.94722220222218,2e-08,0.9999999999056368,0.5000000000471817,56.92722900944693,74.00539771201244,15.307990365856046,65.46631336086396,0.0,0.0,0.0,,,1e-08,True,True,0,0,0.0,0.0,0.0,0.0,1e-08,1.2459722222222223,0,0.0,554,3,0.0,0.0,105.97361109111111,0.0,0.0,105.97361111111111
