run_family,cap_fraction_of_carbon_first,high_stress_water_cap_l,carbon_first_high_stress_water_l,achieved_fraction_of_carbon_first_high_stress_water,screened_direct_water_avoided_l_vs_carbon_first,additional_carbon_kgco2e_vs_carbon_first,additional_carbon_pct_vs_carbon_first,carbon_change_pct_vs_status_quo,service_difference_vs_status_quo_accelerator_hours,status_quo_carbon_kgco2e,status_quo_unserved_accelerator_hours,carbon_first_carbon_kgco2e,policy,carbon_mapping,pue_scenario,capacity_scenario,wue_profile,water_risk_mapping,energy_level,demand_filename,carbon_filename,capacity_filename,energy_filename,timestamp_column,energy_workload_class,migration_limit,max_latency_ms,second_stage_objective,demand_accelerator_hours,served_accelerator_hours,unserved_accelerator_hours,service_rate,migration_share,it_energy_kwh,facility_energy_kwh,carbon_kgco2e,direct_water_l,high_stress_direct_water_l,high_stress_water_share,stage_one_optimal_unserved_accelerator_hours,direct_water_cap_l,carbon_cap_kgco2e,fixed_total_unserved_accelerator_hours,solver_stage_one_optimal,solver_stage_two_optimal,solver_stage_one_iterations,solver_stage_two_iterations,max_abs_demand_balance_error,max_capacity_violation,max_migration_violation,ineligible_latency_assignment,service_gap_vs_status_quo_unserved,minimum_capacity_slack,binding_capacity_region_hours,minimum_migration_slack,binding_migration_hours,eligible_destination_count,high_stress_water_cap_slack_l,high_stress_water_cap_violation_l,assigned_east_accelerator_hours,assigned_north_accelerator_hours,assigned_northwest_accelerator_hours,assigned_southwest_accelerator_hours
scenario_coarse,0.0,0.0,9.765751389221197,0.0,9.765751389221197,2.495378854017055,5.078656650707547,-5.108602429970688e-09,-1.0000007932831068e-08,51.630002944097214,3.7516666766666673,49.13462408744259,screened_water_cap_0.00,conservative_site_selection,hub_policy_compliant,tight,uniform_google_ai_2024,portfolio_mean,central,gentd26_hourly_service_demand.csv,gentd26_aligned_regional_hourly_cef.csv,capacity_scenarios.csv,energy_calibration_bounds.csv,trace_timestamp_anonymized,single_row_default,0.15,15.0,carbon,211.9472222222222,208.19555553555554,3.7516666866666672,0.9822990523426954,0.0,55.91956311375206,69.8994538921901,51.630002941459644,64.30749758081487,0.0,0.0,0.8814722222222227,,,3.7516666766666673,True,True,0,0,0.0,0.0,0.0,0.0,9.99999993922529e-09,0.0,11,0.0,184,1,0.0,0.0,208.1955555355556,0.0,0.0,0.0
scenario_coarse,0.25,2.4414378473052993,9.765751389221197,0.25,7.324313541915898,1.4842165611921558,3.0207141883303423,-1.9584780898759813,-1.0000007932831068e-08,51.630002944097214,3.7516666766666673,49.13462408744259,screened_water_cap_0.25,conservative_site_selection,hub_policy_compliant,tight,uniform_google_ai_2024,portfolio_mean,central,gentd26_hourly_service_demand.csv,gentd26_aligned_regional_hourly_cef.csv,capacity_scenarios.csv,energy_calibration_bounds.csv,trace_timestamp_anonymized,single_row_default,0.15,15.0,carbon,211.9472222222222,208.19555553555554,3.7516666866666672,0.9822990523426954,0.03796505756171212,55.91956311375206,69.79330442056812,50.618840648634745,64.30749758081485,2.4414378473052993,0.037965057561712125,0.8814722222222227,,,3.7516666766666673,True,True,0,381,2.220446049250313e-16,0.0,0.0,0.0,9.99999993922529e-09,0.0,11,0.0,290,1,0.0,0.0,200.29139928555557,7.904156249999998,0.0,0.0
scenario_coarse,0.5,4.882875694610599,9.765751389221197,0.5,4.882875694610599,0.7397039198017694,1.5054636797166676,-3.4004935826825844,-9.999979511121637e-09,51.630002944097214,3.7516666766666673,49.13462408744259,screened_water_cap_0.50,conservative_site_selection,hub_policy_compliant,tight,uniform_google_ai_2024,portfolio_mean,central,gentd26_hourly_service_demand.csv,gentd26_aligned_regional_hourly_cef.csv,capacity_scenarios.csv,energy_calibration_bounds.csv,trace_timestamp_anonymized,single_row_default,0.15,15.0,carbon,211.9472222222222,208.19555553555557,3.7516666866666672,0.9822990523426955,0.07593011512342424,55.919563113752076,69.68715494894614,49.87432800724436,64.30749758081487,4.882875694610599,0.07593011512342424,0.8814722222222227,,,3.7516666766666673,True,True,0,380,2.220446049250313e-16,0.0,0.0,0.0,9.99999993922529e-09,0.0,11,0.0,359,1,0.0,0.0,192.3872430355556,15.808312500000001,0.0,0.0
scenario_coarse,0.75,7.324313541915898,9.765751389221197,0.7500000000000001,2.4414378473052984,0.23176388428449002,0.4716915791846299,-4.3843014590200236,-1.0000007932831068e-08,51.630002944097214,3.7516666766666673,49.13462408744259,screened_water_cap_0.75,conservative_site_selection,hub_policy_compliant,tight,uniform_google_ai_2024,portfolio_mean,central,gentd26_hourly_service_demand.csv,gentd26_aligned_regional_hourly_cef.csv,capacity_scenarios.csv,energy_calibration_bounds.csv,trace_timestamp_anonymized,single_row_default,0.15,15.0,carbon,211.9472222222222,208.19555553555554,3.751666686666668,0.9822990523426954,0.11389517268513637,55.91956311375206,69.58100547732417,49.36638797172708,64.30749758081487,7.324313541915899,0.11389517268513637,0.8814722222222227,,,3.7516666766666673,True,True,0,385,4.440892098500626e-16,0.0,0.0,0.0,1.000000082740371e-08,0.0,7,0.0,445,1,-8.881784197001252e-16,8.881784197001252e-16,184.48308678555557,23.712468750000017,0.0,0.0
scenario_coarse,1.0,9.765751389221197,9.765751389221197,1.0,0.0,0.0,0.0,-4.833195263142864,-9.999979511121637e-09,51.630002944097214,3.7516666766666673,49.13462408744259,screened_water_cap_1.00,conservative_site_selection,hub_policy_compliant,tight,uniform_google_ai_2024,portfolio_mean,central,gentd26_hourly_service_demand.csv,gentd26_aligned_regional_hourly_cef.csv,capacity_scenarios.csv,energy_calibration_bounds.csv,trace_timestamp_anonymized,single_row_default,0.15,15.0,carbon,211.9472222222222,208.19555553555557,3.7516666866666672,0.9822990523426955,0.15186023024684847,55.91956311375206,69.47485600570221,49.13462408744259,64.30749758081487,9.765751389221197,0.15186023024684847,0.8814722222222227,,,3.7516666766666673,True,True,0,391,4.440892098500626e-16,0.0,0.0,0.0,9.99999993922529e-09,0.0,3,0.0,546,1,0.0,0.0,176.5789305355556,31.616625000000013,0.0,0.0
scenario_coarse,0.0,0.0,7.496240799820507,0.0,7.496240799820507,1.5512630671657206,3.186279845174189,-2.69809528890137,-9.999979511121637e-09,51.630002944097214,3.7516666766666673,48.68571319983717,screened_water_cap_0.00,conservative_site_selection,hub_policy_compliant,tight,uniform_google_ai_2024,portfolio_mean,central,gentd26_hourly_service_demand.csv,gentd26_aligned_regional_hourly_cef.csv,capacity_scenarios.csv,energy_calibration_bounds.csv,trace_timestamp_anonymized,single_row_default,0.15,20.0,carbon,211.9472222222222,208.19555553555557,3.7516666866666672,0.9822990523426955,0.14919746927400282,55.91956311375206,69.4823010272161,50.23697626700289,64.30749758081487,0.0,0.0,0.8814722222222227,,,3.7516666766666673,True,True,0,379,4.440892098500626e-16,0.0,0.0,0.0,9.99999993922529e-09,0.0,3,0.0,542,3,0.0,0.0,177.13330553555562,0.0,0.0,31.06225000000001
scenario_coarse,0.25,1.8740601999551267,7.496240799820507,0.24999999999999997,5.622180599865381,0.9104227336496606,1.8699997880542663,-3.939312211181878,-1.0000036354540498e-08,51.630002944097214,3.7516666766666673,48.68571319983717,screened_water_cap_0.25,conservative_site_selection,hub_policy_compliant,tight,uniform_google_ai_2024,portfolio_mean,central,gentd26_hourly_service_demand.csv,gentd26_aligned_regional_hourly_cef.csv,capacity_scenarios.csv,energy_calibration_bounds.csv,trace_timestamp_anonymized,single_row_default,0.15,20.0,carbon,211.9472222222222,208.1955555355555,3.7516666866666672,0.9822990523426953,0.1517497571873212,55.91956311375206,69.47516488596344,49.59613593348683,64.30749758081487,1.8740601999551265,0.029142172693005286,0.8814722222222227,,,3.7516666766666673,True,True,0,795,4.440892098500626e-16,0.0,0.0,0.0,9.99999993922529e-09,0.0,3,0.0,549,3,2.220446049250313e-16,0.0,176.6019305355556,6.0127291666666665,0.05454166666666663,25.526354166666675
scenario_coarse,0.5,3.7481203999102535,7.496240799820507,0.5,3.7481203999102535,0.44631810444543873,0.9167332161972519,-4.838217116739862,-9.999979511121637e-09,51.630002944097214,3.7516666766666673,48.68571319983717,screened_water_cap_0.50,conservative_site_selection,hub_policy_compliant,tight,uniform_google_ai_2024,portfolio_mean,central,gentd26_hourly_service_demand.csv,gentd26_aligned_regional_hourly_cef.csv,capacity_scenarios.csv,energy_calibration_bounds.csv,trace_timestamp_anonymized,single_row_default,0.15,20.0,carbon,211.9472222222222,208.19555553555557,3.7516666866666672,0.9822990523426955,0.15249625086854735,55.91956311375206,69.47307770593737,49.132031304282606,64.30749758081487,3.7481203999102535,0.05828434538601058,0.8814722222222227,,,3.7516666766666673,True,True,0,824,4.440892098500626e-16,0.0,0.0,0.0,9.99999993922529e-09,0.0,3,0.0,552,3,0.0,0.0,176.44651386888893,10.769708333333329,1.3648333333333333,19.614499999999992
scenario_coarse,0.75,5.622180599865381,7.496240799820507,0.7499999999999998,1.874060199955128,0.13302286348100267,0.273227718643021,-5.4450256061828295,-1.0000036354540498e-08,51.630002944097214,3.7516666766666673,48.68571319983717,screened_water_cap_0.75,conservative_site_selection,hub_policy_compliant,tight,uniform_google_ai_2024,portfolio_mean,central,gentd26_hourly_service_demand.csv,gentd26_aligned_regional_hourly_cef.csv,capacity_scenarios.csv,energy_calibration_bounds.csv,trace_timestamp_anonymized,single_row_default,0.15,20.0,carbon,211.9472222222222,208.1955555355555,3.7516666866666672,0.9822990523426953,0.15270298759045264,55.91956311375206,69.47249967457894,48.81873606331817,64.30749758081487,5.622180599865379,0.08742651807901584,0.8814722222222227,,,3.7516666766666673,True,True,0,839,4.440892098500626e-16,0.0,0.0,0.0,9.99999993922529e-09,0.0,3,0.0,554,3,1.7763568394002505e-15,0.0,176.40347220222225,15.609437499999995,2.5923750000000005,13.590270833333326
scenario_coarse,1.0,7.496240799820507,7.496240799820507,0.9999999999999998,1.7763568394002505e-15,0.0,0.0,-5.702672044098078,-9.999979511121637e-09,51.630002944097214,3.7516666766666673,48.68571319983717,screened_water_cap_1.00,conservative_site_selection,hub_policy_compliant,tight,uniform_google_ai_2024,portfolio_mean,central,gentd26_hourly_service_demand.csv,gentd26_aligned_regional_hourly_cef.csv,capacity_scenarios.csv,energy_calibration_bounds.csv,trace_timestamp_anonymized,single_row_default,0.15,20.0,carbon,211.9472222222222,208.19555553555557,3.7516666866666672,0.9822990523426955,0.1527029875904526,55.91956311375206,69.47249967457896,48.68571319983717,64.30749758081487,7.496240799820505,0.11656869077202113,0.8814722222222227,,,3.7516666766666673,True,True,0,853,4.440892098500626e-16,0.0,0.0,0.0,9.99999993922529e-09,0.0,3,0.0,554,3,1.7763568394002505e-15,0.0,176.40347220222225,19.913791666666672,4.355291666666667,7.523
scenario_coarse,0.0,0.0,7.496240799820507,0.0,7.496240799820507,1.5512630671657206,3.186279845174189,-2.69809528890137,-9.999979511121637e-09,51.630002944097214,3.7516666766666673,48.68571319983717,screened_water_cap_0.00,conservative_site_selection,hub_policy_compliant,tight,uniform_google_ai_2024,portfolio_mean,central,gentd26_hourly_service_demand.csv,gentd26_aligned_regional_hourly_cef.csv,capacity_scenarios.csv,energy_calibration_bounds.csv,trace_timestamp_anonymized,single_row_default,0.15,35.0,carbon,211.9472222222222,208.19555553555557,3.7516666866666672,0.9822990523426955,0.14919746927400282,55.91956311375206,69.4823010272161,50.23697626700289,64.30749758081487,0.0,0.0,0.8814722222222227,,,3.7516666766666673,True,True,0,379,4.440892098500626e-16,0.0,0.0,0.0,9.99999993922529e-09,0.0,3,0.0,542,3,0.0,0.0,177.13330553555562,0.0,0.0,31.06225000000001
scenario_coarse,0.25,1.8740601999551267,7.496240799820507,0.24999999999999997,5.622180599865381,0.9104227336496606,1.8699997880542663,-3.939312211181878,-1.0000036354540498e-08,51.630002944097214,3.7516666766666673,48.68571319983717,screened_water_cap_0.25,conservative_site_selection,hub_policy_compliant,tight,uniform_google_ai_2024,portfolio_mean,central,gentd26_hourly_service_demand.csv,gentd26_aligned_regional_hourly_cef.csv,capacity_scenarios.csv,energy_calibration_bounds.csv,trace_timestamp_anonymized,single_row_default,0.15,35.0,carbon,211.9472222222222,208.1955555355555,3.7516666866666672,0.9822990523426953,0.1517497571873212,55.91956311375206,69.47516488596344,49.59613593348683,64.30749758081487,1.8740601999551265,0.029142172693005286,0.8814722222222227,,,3.7516666766666673,True,True,0,795,4.440892098500626e-16,0.0,0.0,0.0,9.99999993922529e-09,0.0,3,0.0,549,3,2.220446049250313e-16,0.0,176.6019305355556,6.0127291666666665,0.05454166666666663,25.526354166666675
scenario_coarse,0.5,3.7481203999102535,7.496240799820507,0.5,3.7481203999102535,0.44631810444543873,0.9167332161972519,-4.838217116739862,-9.999979511121637e-09,51.630002944097214,3.7516666766666673,48.68571319983717,screened_water_cap_0.50,conservative_site_selection,hub_policy_compliant,tight,uniform_google_ai_2024,portfolio_mean,central,gentd26_hourly_service_demand.csv,gentd26_aligned_regional_hourly_cef.csv,capacity_scenarios.csv,energy_calibration_bounds.csv,trace_timestamp_anonymized,single_row_default,0.15,35.0,carbon,211.9472222222222,208.19555553555557,3.7516666866666672,0.9822990523426955,0.15249625086854735,55.91956311375206,69.47307770593737,49.132031304282606,64.30749758081487,3.7481203999102535,0.05828434538601058,0.8814722222222227,,,3.7516666766666673,True,True,0,824,4.440892098500626e-16,0.0,0.0,0.0,9.99999993922529e-09,0.0,3,0.0,552,3,0.0,0.0,176.44651386888893,10.769708333333329,1.3648333333333333,19.614499999999992
scenario_coarse,0.75,5.622180599865381,7.496240799820507,0.7499999999999998,1.874060199955128,0.13302286348100267,0.273227718643021,-5.4450256061828295,-1.0000036354540498e-08,51.630002944097214,3.7516666766666673,48.68571319983717,screened_water_cap_0.75,conservative_site_selection,hub_policy_compliant,tight,uniform_google_ai_2024,portfolio_mean,central,gentd26_hourly_service_demand.csv,gentd26_aligned_regional_hourly_cef.csv,capacity_scenarios.csv,energy_calibration_bounds.csv,trace_timestamp_anonymized,single_row_default,0.15,35.0,carbon,211.9472222222222,208.1955555355555,3.7516666866666672,0.9822990523426953,0.15270298759045264,55.91956311375206,69.47249967457894,48.81873606331817,64.30749758081487,5.622180599865379,0.08742651807901584,0.8814722222222227,,,3.7516666766666673,True,True,0,839,4.440892098500626e-16,0.0,0.0,0.0,9.99999993922529e-09,0.0,3,0.0,554,3,1.7763568394002505e-15,0.0,176.40347220222225,15.609437499999995,2.5923750000000005,13.590270833333326
scenario_coarse,1.0,7.496240799820507,7.496240799820507,0.9999999999999998,1.7763568394002505e-15,0.0,0.0,-5.702672044098078,-9.999979511121637e-09,51.630002944097214,3.7516666766666673,48.68571319983717,screened_water_cap_1.00,conservative_site_selection,hub_policy_compliant,tight,uniform_google_ai_2024,portfolio_mean,central,gentd26_hourly_service_demand.csv,gentd26_aligned_regional_hourly_cef.csv,capacity_scenarios.csv,energy_calibration_bounds.csv,trace_timestamp_anonymized,single_row_default,0.15,35.0,carbon,211.9472222222222,208.19555553555557,3.7516666866666672,0.9822990523426955,0.1527029875904526,55.91956311375206,69.47249967457896,48.68571319983717,64.30749758081487,7.496240799820505,0.11656869077202113,0.8814722222222227,,,3.7516666766666673,True,True,0,853,4.440892098500626e-16,0.0,0.0,0.0,9.99999993922529e-09,0.0,3,0.0,554,3,1.7763568394002505e-15,0.0,176.40347220222225,19.913791666666672,4.355291666666667,7.523
scenario_coarse,0.0,0.0,19.531502778442395,0.0,19.531502778442395,4.970786536287264,10.653386231613249,-5.108602429970688e-09,-1.0000007932831068e-08,51.630002944097214,3.7516666766666673,46.65921640517238,screened_water_cap_0.00,conservative_site_selection,hub_policy_compliant,tight,uniform_google_ai_2024,portfolio_mean,central,gentd26_hourly_service_demand.csv,gentd26_aligned_regional_hourly_cef.csv,capacity_scenarios.csv,energy_calibration_bounds.csv,trace_timestamp_anonymized,single_row_default,0.3,15.0,carbon,211.9472222222222,208.19555553555554,3.7516666866666672,0.9822990523426954,0.0,55.91956311375206,69.8994538921901,51.630002941459644,64.30749758081487,0.0,0.0,0.0,,,3.7516666766666673,True,True,0,0,0.0,0.0,0.0,0.0,9.99999993922529e-09,0.0,11,0.0,184,1,0.0,0.0,208.1955555355556,0.0,0.0,0.0
scenario_coarse,0.25,4.882875694610599,19.531502778442395,0.25,14.648627083831796,2.9484619506374585,6.319141592593502,-3.9169561746433823,-1.0000007932831068e-08,51.630002944097214,3.7516666766666673,46.65921640517238,screened_water_cap_0.25,conservative_site_selection,hub_policy_compliant,tight,uniform_google_ai_2024,portfolio_mean,central,gentd26_hourly_service_demand.csv,gentd26_aligned_regional_hourly_cef.csv,capacity_scenarios.csv,energy_calibration_bounds.csv,trace_timestamp_anonymized,single_row_default,0.3,15.0,carbon,211.9472222222222,208.19555553555554,3.7516666866666672,0.9822990523426954,0.07593011512342424,55.91956311375206,69.68715494894614,49.60767835580984,64.30749758081487,4.882875694610599,0.07593011512342424,0.0,,,3.7516666766666673,True,True,0,392,2.220446049250313e-16,0.0,0.0,0.0,9.99999993922529e-09,0.0,11,0.0,290,1,0.0,0.0,192.3872430355556,15.808312499999996,0.0,0.0
scenario_coarse,0.5,9.765751389221197,19.531502778442395,0.5,9.765751389221197,1.4609773263540191,3.1311655850955633,-6.798003123050544,-1.0000036354540498e-08,51.630002944097214,3.7516666766666673,46.65921640517238,screened_water_cap_0.50,conservative_site_selection,hub_policy_compliant,tight,uniform_google_ai_2024,portfolio_mean,central,gentd26_hourly_service_demand.csv,gentd26_aligned_regional_hourly_cef.csv,capacity_scenarios.csv,energy_calibration_bounds.csv,trace_timestamp_anonymized,single_row_default,0.3,15.0,carbon,211.9472222222222,208.1955555355555,3.7516666866666672,0.9822990523426953,0.1518602302468485,55.919563113752076,69.47485600570221,48.1201937315264,64.30749758081487,9.765751389221197,0.15186023024684847,0.0,,,3.7516666766666673,True,True,0,393,2.220446049250313e-16,0.0,0.0,0.0,9.99999993922529e-09,0.0,10,0.0,361,1,0.0,0.0,176.57893053555554,31.616625000000006,0.0,0.0
scenario_coarse,0.75,14.648627083831796,19.531502778442395,0.75,4.882875694610599,0.45584583302109394,0.9769684708433424,-8.744800403734876,-1.0000007932831068e-08,51.630002944097214,3.7516666766666673,46.65921640517238,screened_water_cap_0.75,conservative_site_selection,hub_policy_compliant,tight,uniform_google_ai_2024,portfolio_mean,central,gentd26_hourly_service_demand.csv,gentd26_aligned_regional_hourly_cef.csv,capacity_scenarios.csv,energy_calibration_bounds.csv,trace_timestamp_anonymized,single_row_default,0.3,15.0,carbon,211.9472222222222,208.19555553555554,3.751666686666667,0.9822990523426954,0.22779034537027273,55.91956311375206,69.26255706245826,47.115062238193474,64.30749758081487,14.648627083831796,0.2277903453702727,0.0,,,3.7516666766666673,True,True,0,398,2.220446049250313e-16,0.0,0.0,0.0,9.99999949513608e-09,0.0,6,0.0,445,1,0.0,0.0,160.77061803555551,47.42493750000003,0.0,0.0
scenario_coarse,1.0,19.531502778442395,19.531502778442395,1.0,0.0,0.0,0.0,-9.627709191314581,-1.0000036354540498e-08,51.630002944097214,3.7516666766666673,46.65921640517238,screened_water_cap_1.00,conservative_site_selection,hub_policy_compliant,tight,uniform_google_ai_2024,portfolio_mean,central,gentd26_hourly_service_demand.csv,gentd26_aligned_regional_hourly_cef.csv,capacity_scenarios.csv,energy_calibration_bounds.csv,trace_timestamp_anonymized,single_row_default,0.3,15.0,carbon,211.9472222222222,208.1955555355555,3.7516666866666672,0.9822990523426953,0.30372046049369705,55.91956311375206,69.05025811921432,46.65921640517238,64.30749758081487,19.531502778442395,0.30372046049369694,0.0,,,3.7516666766666673,True,True,0,407,4.440892098500626e-16,0.0,0.0,0.0,9.99999993922529e-09,0.04436111111111085,0,0.0,546,1,0.0,0.0,144.96230553555552,63.23325000000003,0.0,0.0
scenario_coarse,0.0,0.0,14.992481599641014,0.0,14.992481599641014,3.102526134331427,6.779789294926997,-5.357509242831593,-1.0000007932831068e-08,51.630002944097214,3.7516666766666673,45.76139462996156,screened_water_cap_0.00,conservative_site_selection,hub_policy_compliant,tight,uniform_google_ai_2024,portfolio_mean,central,gentd26_hourly_service_demand.csv,gentd26_aligned_regional_hourly_cef.csv,capacity_scenarios.csv,energy_calibration_bounds.csv,trace_timestamp_anonymized,single_row_default,0.3,20.0,carbon,211.9472222222222,208.19555553555554,3.7516666866666672,0.9822990523426954,0.2983949385480057,55.91956311375206,69.06514816224211,48.863920764292985,64.30749758081487,0.0,0.0,0.0,,,3.7516666766666673,True,True,0,402,4.440892098500626e-16,0.0,0.0,0.0,9.99999993922529e-09,0.04436111111111085,0,0.0,542,3,0.0,0.0,146.07105553555556,0.0,0.0,62.12450000000002
scenario_coarse,0.25,3.7481203999102535,14.992481599641014,0.24999999999999997,11.244361199730761,1.820845467299307,3.9789990712108647,-7.839943087392609,-1.0000007932831068e-08,51.630002944097214,3.7516666766666673,45.76139462996156,screened_water_cap_0.25,conservative_site_selection,hub_policy_compliant,tight,uniform_google_ai_2024,portfolio_mean,central,gentd26_hourly_service_demand.csv,gentd26_aligned_regional_hourly_cef.csv,capacity_scenarios.csv,energy_calibration_bounds.csv,trace_timestamp_anonymized,single_row_default,0.3,20.0,carbon,211.9472222222222,208.19555553555554,3.7516666866666672,0.9822990523426954,0.30349951437464234,55.91956311375206,69.0508758797368,47.582240097260865,64.30749758081487,3.748120399910253,0.05828434538601057,0.0,,,3.7516666766666673,True,True,0,798,4.440892098500626e-16,0.0,0.0,0.0,9.99999993922529e-09,0.04436111111111085,0,0.0,549,3,4.440892098500626e-16,0.0,145.00830553555556,12.025458333333333,0.10908333333333325,51.05270833333335
scenario_coarse,0.5,7.496240799820507,14.992481599641014,0.5,7.496240799820507,0.8926362088908633,1.950631566430494,-9.637752898508579,-1.0000007932831068e-08,51.630002944097214,3.7516666766666673,45.76139462996156,screened_water_cap_0.50,conservative_site_selection,hub_policy_compliant,tight,uniform_google_ai_2024,portfolio_mean,central,gentd26_hourly_service_demand.csv,gentd26_aligned_regional_hourly_cef.csv,capacity_scenarios.csv,energy_calibration_bounds.csv,trace_timestamp_anonymized,single_row_default,0.3,20.0,carbon,211.9472222222222,208.19555553555554,3.7516666866666672,0.9822990523426954,0.30499250173709475,55.91956311375206,69.04670151968466,46.65403083885242,64.30749758081487,7.496240799820507,0.11656869077202116,0.0,,,3.7516666766666673,True,True,0,801,4.440892098500626e-16,0.0,0.0,0.0,9.99999993922529e-09,0.04436111111111085,0,0.0,552,3,0.0,0.0,144.69747220222223,21.539416666666657,2.7296666666666667,39.228999999999985
scenario_coarse,0.75,11.244361199730761,14.992481599641014,0.7499999999999998,3.748120399910256,0.26604572696199114,0.5813759154704723,-10.851369877394513,-1.0000007932831068e-08,51.630002944097214,3.7516666766666673,45.76139462996156,screened_water_cap_0.75,conservative_site_selection,hub_policy_compliant,tight,uniform_google_ai_2024,portfolio_mean,central,gentd26_hourly_service_demand.csv,gentd26_aligned_regional_hourly_cef.csv,capacity_scenarios.csv,energy_calibration_bounds.csv,trace_timestamp_anonymized,single_row_default,0.3,20.0,carbon,211.9472222222222,208.19555553555554,3.7516666866666672,0.9822990523426954,0.3054059751809053,55.91956311375206,69.0455454569678,46.02744035692355,64.30749758081487,11.244361199730758,0.1748530361580317,0.0,,,3.7516666766666673,True,True,0,813,4.440892098500626e-16,0.0,0.0,0.0,9.99999993922529e-09,0.04436111111111085,0,0.0,554,3,3.552713678800501e-15,0.0,144.61138886888887,31.21887499999999,5.184750000000001,27.180541666666652
scenario_coarse,1.0,14.992481599641014,14.992481599641014,0.9999999999999998,3.552713678800501e-15,0.0,0.0,-11.366662753224976,-1.0000036354540498e-08,51.630002944097214,3.7516666766666673,45.76139462996156,screened_water_cap_1.00,conservative_site_selection,hub_policy_compliant,tight,uniform_google_ai_2024,portfolio_mean,central,gentd26_hourly_service_demand.csv,gentd26_aligned_regional_hourly_cef.csv,capacity_scenarios.csv,energy_calibration_bounds.csv,trace_timestamp_anonymized,single_row_default,0.3,20.0,carbon,211.9472222222222,208.1955555355555,3.7516666866666672,0.9822990523426953,0.3054059751809053,55.91956311375206,69.0455454569678,45.76139462996156,64.30749758081487,14.99248159964101,0.23313738154404226,0.0,,,3.7516666766666673,True,True,0,830,4.440892098500626e-16,0.0,0.0,0.0,9.99999993922529e-09,0.04436111111111085,0,0.0,554,3,3.552713678800501e-15,0.0,144.61138886888887,39.827583333333344,8.710583333333334,15.046
scenario_coarse,0.0,0.0,14.992481599641014,0.0,14.992481599641014,3.102526134331427,6.779789294926997,-5.357509242831593,-1.0000007932831068e-08,51.630002944097214,3.7516666766666673,45.76139462996156,screened_water_cap_0.00,conservative_site_selection,hub_policy_compliant,tight,uniform_google_ai_2024,portfolio_mean,central,gentd26_hourly_service_demand.csv,gentd26_aligned_regional_hourly_cef.csv,capacity_scenarios.csv,energy_calibration_bounds.csv,trace_timestamp_anonymized,single_row_default,0.3,35.0,carbon,211.9472222222222,208.19555553555554,3.7516666866666672,0.9822990523426954,0.2983949385480057,55.91956311375206,69.06514816224211,48.863920764292985,64.30749758081487,0.0,0.0,0.0,,,3.7516666766666673,True,True,0,402,4.440892098500626e-16,0.0,0.0,0.0,9.99999993922529e-09,0.04436111111111085,0,0.0,542,3,0.0,0.0,146.07105553555556,0.0,0.0,62.12450000000002
scenario_coarse,0.25,3.7481203999102535,14.992481599641014,0.24999999999999997,11.244361199730761,1.820845467299307,3.9789990712108647,-7.839943087392609,-1.0000007932831068e-08,51.630002944097214,3.7516666766666673,45.76139462996156,screened_water_cap_0.25,conservative_site_selection,hub_policy_compliant,tight,uniform_google_ai_2024,portfolio_mean,central,gentd26_hourly_service_demand.csv,gentd26_aligned_regional_hourly_cef.csv,capacity_scenarios.csv,energy_calibration_bounds.csv,trace_timestamp_anonymized,single_row_default,0.3,35.0,carbon,211.9472222222222,208.19555553555554,3.7516666866666672,0.9822990523426954,0.30349951437464234,55.91956311375206,69.0508758797368,47.582240097260865,64.30749758081487,3.748120399910253,0.05828434538601057,0.0,,,3.7516666766666673,True,True,0,798,4.440892098500626e-16,0.0,0.0,0.0,9.99999993922529e-09,0.04436111111111085,0,0.0,549,3,4.440892098500626e-16,0.0,145.00830553555556,12.025458333333333,0.10908333333333325,51.05270833333335
scenario_coarse,0.5,7.496240799820507,14.992481599641014,0.5,7.496240799820507,0.8926362088908633,1.950631566430494,-9.637752898508579,-1.0000007932831068e-08,51.630002944097214,3.7516666766666673,45.76139462996156,screened_water_cap_0.50,conservative_site_selection,hub_policy_compliant,tight,uniform_google_ai_2024,portfolio_mean,central,gentd26_hourly_service_demand.csv,gentd26_aligned_regional_hourly_cef.csv,capacity_scenarios.csv,energy_calibration_bounds.csv,trace_timestamp_anonymized,single_row_default,0.3,35.0,carbon,211.9472222222222,208.19555553555554,3.7516666866666672,0.9822990523426954,0.30499250173709475,55.91956311375206,69.04670151968466,46.65403083885242,64.30749758081487,7.496240799820507,0.11656869077202116,0.0,,,3.7516666766666673,True,True,0,801,4.440892098500626e-16,0.0,0.0,0.0,9.99999993922529e-09,0.04436111111111085,0,0.0,552,3,0.0,0.0,144.69747220222223,21.539416666666657,2.7296666666666667,39.228999999999985
scenario_coarse,0.75,11.244361199730761,14.992481599641014,0.7499999999999998,3.748120399910256,0.26604572696199114,0.5813759154704723,-10.851369877394513,-1.0000007932831068e-08,51.630002944097214,3.7516666766666673,45.76139462996156,screened_water_cap_0.75,conservative_site_selection,hub_policy_compliant,tight,uniform_google_ai_2024,portfolio_mean,central,gentd26_hourly_service_demand.csv,gentd26_aligned_regional_hourly_cef.csv,capacity_scenarios.csv,energy_calibration_bounds.csv,trace_timestamp_anonymized,single_row_default,0.3,35.0,carbon,211.9472222222222,208.19555553555554,3.7516666866666672,0.9822990523426954,0.3054059751809053,55.91956311375206,69.0455454569678,46.02744035692355,64.30749758081487,11.244361199730758,0.1748530361580317,0.0,,,3.7516666766666673,True,True,0,813,4.440892098500626e-16,0.0,0.0,0.0,9.99999993922529e-09,0.04436111111111085,0,0.0,554,3,3.552713678800501e-15,0.0,144.61138886888887,31.21887499999999,5.184750000000001,27.180541666666652
scenario_coarse,1.0,14.992481599641014,14.992481599641014,0.9999999999999998,3.552713678800501e-15,0.0,0.0,-11.366662753224976,-1.0000036354540498e-08,51.630002944097214,3.7516666766666673,45.76139462996156,screened_water_cap_1.00,conservative_site_selection,hub_policy_compliant,tight,uniform_google_ai_2024,portfolio_mean,central,gentd26_hourly_service_demand.csv,gentd26_aligned_regional_hourly_cef.csv,capacity_scenarios.csv,energy_calibration_bounds.csv,trace_timestamp_anonymized,single_row_default,0.3,35.0,carbon,211.9472222222222,208.1955555355555,3.7516666866666672,0.9822990523426953,0.3054059751809053,55.91956311375206,69.0455454569678,45.76139462996156,64.30749758081487,14.99248159964101,0.23313738154404226,0.0,,,3.7516666766666673,True,True,0,830,4.440892098500626e-16,0.0,0.0,0.0,9.99999993922529e-09,0.04436111111111085,0,0.0,554,3,3.552713678800501e-15,0.0,144.61138886888887,39.827583333333344,8.710583333333334,15.046
scenario_coarse,0.0,0.0,32.419600318335725,0.0,32.419600318335725,8.2407873233863,18.992708685781558,-5.108602429970688e-09,-1.0000007932831068e-08,51.630002944097214,3.7516666766666673,43.389215618073344,screened_water_cap_0.00,conservative_site_selection,hub_policy_compliant,tight,uniform_google_ai_2024,portfolio_mean,central,gentd26_hourly_service_demand.csv,gentd26_aligned_regional_hourly_cef.csv,capacity_scenarios.csv,energy_calibration_bounds.csv,trace_timestamp_anonymized,single_row_default,0.5,15.0,carbon,211.9472222222222,208.19555553555554,3.7516666866666672,0.9822990523426954,0.0,55.91956311375206,69.8994538921901,51.630002941459644,64.30749758081487,0.0,0.0,0.0,,,3.7516666766666673,True,True,0,0,0.0,0.0,0.0,0.0,9.99999993922529e-09,0.0,11,0.0,184,1,0.0,0.0,208.1955555355556,0.0,0.0,0.0
scenario_coarse,0.25,8.104900079583931,32.419600318335725,0.2499999999999999,24.314700238751797,4.881660660820465,11.25086174359662,-6.5061523797326215,-1.0000007932831068e-08,51.630002944097214,3.7516666766666673,43.389215618073344,screened_water_cap_0.25,conservative_site_selection,hub_policy_compliant,tight,uniform_google_ai_2024,portfolio_mean,central,gentd26_hourly_service_demand.csv,gentd26_aligned_regional_hourly_cef.csv,capacity_scenarios.csv,energy_calibration_bounds.csv,trace_timestamp_anonymized,single_row_default,0.5,15.0,carbon,211.9472222222222,208.19555553555554,3.7516666866666672,0.9822990523426954,0.1260335168445724,55.91956311375206,69.54706693220817,48.27087627889381,64.30749758081487,8.104900079583928,0.12603351684457237,0.0,,,3.7516666766666673,True,True,0,409,0.0,0.0,0.0,0.0,9.99999993922529e-09,0.0,11,0.0,290,1,3.552713678800501e-15,0.0,181.95593748000007,26.23961805555554,0.0,0.0
scenario_coarse,0.5,16.209800159167862,32.419600318335725,0.4999999999999999,16.209800159167866,2.4108042879533045,5.556229246396205,-11.29185106648749,-1.0000007932831068e-08,51.630002944097214,3.7516666766666673,43.389215618073344,screened_water_cap_0.50,conservative_site_selection,hub_policy_compliant,tight,uniform_google_ai_2024,portfolio_mean,central,gentd26_hourly_service_demand.csv,gentd26_aligned_regional_hourly_cef.csv,capacity_scenarios.csv,energy_calibration_bounds.csv,trace_timestamp_anonymized,single_row_default,0.5,15.0,carbon,211.9472222222222,208.19555553555554,3.7516666866666672,0.9822990523426954,0.25206703368914485,55.91956311375207,69.19467997222627,45.80001990602665,64.30749758081487,16.20980015916786,0.2520670336891448,0.0,,,3.7516666766666673,True,True,0,420,0.0,0.0,0.0,0.0,9.99999993922529e-09,0.0,10,0.0,361,1,3.552713678800501e-15,0.0,155.71631942444455,52.47923611111112,0.0,0.0
scenario_coarse,0.75,24.314700238751794,32.419600318335725,0.7500000000000003,8.10490007958392,0.7448544194882984,1.7166809975196706,-14.518559905278039,-1.0000007932831068e-08,51.630002944097214,3.7516666766666673,43.389215618073344,screened_water_cap_0.75,conservative_site_selection,hub_policy_compliant,tight,uniform_google_ai_2024,portfolio_mean,central,gentd26_hourly_service_demand.csv,gentd26_aligned_regional_hourly_cef.csv,capacity_scenarios.csv,energy_calibration_bounds.csv,trace_timestamp_anonymized,single_row_default,0.5,15.0,carbon,211.9472222222222,208.19555553555554,3.7516666866666677,0.9822990523426954,0.3781005505337175,55.91956311375206,68.84229301224437,44.13407003756164,64.30749758081487,24.314700238751804,0.37810055053371744,0.0,,,3.7516666766666673,True,True,0,415,0.0,0.0,0.0,0.0,1.00000003833145e-08,0.0,6,0.0,448,1,-1.0658141036401503e-14,1.0658141036401503e-14,129.47670136888883,78.71885416666674,0.0,0.0
scenario_coarse,1.0,32.419600318335725,32.419600318335725,1.0,0.0,0.0,0.0,-15.961237373832127,-1.0000007932831068e-08,51.630002944097214,3.7516666766666673,43.389215618073344,screened_water_cap_1.00,conservative_site_selection,hub_policy_compliant,tight,uniform_google_ai_2024,portfolio_mean,central,gentd26_hourly_service_demand.csv,gentd26_aligned_regional_hourly_cef.csv,capacity_scenarios.csv,energy_calibration_bounds.csv,trace_timestamp_anonymized,single_row_default,0.5,15.0,carbon,211.9472222222222,208.19555553555554,3.7516666866666677,0.9822990523426954,0.5041340673782897,55.91956311375206,68.48990605226246,43.389215618073344,64.30749758081487,32.419600318335725,0.5041340673782897,0.0,,,3.7516666766666673,True,True,0,425,0.0,0.0,0.0,0.0,1.00000003833145e-08,0.0,3,0.0,543,1,0.0,0.0,103.23708331333336,104.95847222222223,0.0,0.0
scenario_coarse,0.0,0.0,25.09695022532666,0.0,25.09695022532666,5.181748006701213,12.370955189125855,-8.835662984639104,-9.999979511121637e-09,51.630002944097214,3.7516666766666673,41.886401878296326,screened_water_cap_0.00,conservative_site_selection,hub_policy_compliant,tight,uniform_google_ai_2024,portfolio_mean,central,gentd26_hourly_service_demand.csv,gentd26_aligned_regional_hourly_cef.csv,capacity_scenarios.csv,energy_calibration_bounds.csv,trace_timestamp_anonymized,single_row_default,0.5,20.0,carbon,211.9472222222222,208.19555553555557,3.7516666866666677,0.9822990523426955,0.4952581974688041,55.91956311375206,68.51472279064208,47.06814988499754,64.30749758081487,0.0,0.0,0.0,,,3.7516666766666673,True,True,0,422,0.0,0.0,0.0,0.0,1.00000003833145e-08,0.0,3,0.0,539,3,0.0,0.0,105.08499998,0.0,0.0,103.11055555555555
scenario_coarse,0.25,6.274237556331665,25.09695022532666,0.24999999999999992,18.822712668994996,3.0380108276630224,7.252976363284103,-12.987778144034579,-9.999979511121637e-09,51.630002944097214,3.7516666766666673,41.886401878296326,screened_water_cap_0.25,conservative_site_selection,hub_policy_compliant,tight,uniform_google_ai_2024,portfolio_mean,central,gentd26_hourly_service_demand.csv,gentd26_aligned_regional_hourly_cef.csv,capacity_scenarios.csv,energy_calibration_bounds.csv,trace_timestamp_anonymized,single_row_default,0.5,20.0,carbon,211.9472222222222,208.19555553555557,3.7516666866666677,0.9822990523426955,0.503765823846532,55.91956311375206,68.49093565313322,44.92441270595935,64.30749758081487,6.274237556331663,0.09756619044998391,0.0,,,3.7516666766666673,True,True,0,790,1.1102230246251565e-16,0.0,0.0,0.0,1.00000003833145e-08,0.0,3,0.0,546,3,1.7763568394002505e-15,0.0,103.31374998000001,20.131041666666654,0.1818055555555554,84.56895833333336
scenario_coarse,0.5,12.54847511266333,25.09695022532666,0.5,12.54847511266333,1.4862023229077579,3.5481737658584755,-15.993411334556562,-9.999979511121637e-09,51.630002944097214,3.7516666766666673,41.886401878296326,screened_water_cap_0.50,conservative_site_selection,hub_policy_compliant,tight,uniform_google_ai_2024,portfolio_mean,central,gentd26_hourly_service_demand.csv,gentd26_aligned_regional_hourly_cef.csv,capacity_scenarios.csv,energy_calibration_bounds.csv,trace_timestamp_anonymized,single_row_default,0.5,20.0,carbon,211.9472222222222,208.19555553555557,3.7516666866666677,0.9822990523426955,0.5066183770019593,55.91956311375206,68.4829599768227,43.37260420120408,64.30749758081487,12.54847511266333,0.19513238089996787,0.0,,,3.7516666766666673,True,True,0,791,0.0,0.0,0.0,0.0,1.00000003833145e-08,0.0,3,0.0,550,3,0.0,0.0,102.71986109111113,36.07625000000001,4.549444444444444,64.84999999999998
scenario_coarse,0.75,18.822712668994996,25.09695022532666,0.7499999999999999,6.274237556331666,0.4453532112848251,1.0632405537692735,-18.009388580868013,-9.999979511121637e-09,51.630002944097214,3.7516666766666673,41.886401878296326,screened_water_cap_0.75,conservative_site_selection,hub_policy_compliant,tight,uniform_google_ai_2024,portfolio_mean,central,gentd26_hourly_service_demand.csv,gentd26_aligned_regional_hourly_cef.csv,capacity_scenarios.csv,energy_calibration_bounds.csv,trace_timestamp_anonymized,single_row_default,0.5,20.0,carbon,211.9472222222222,208.19555553555557,3.7516666866666677,0.9822990523426955,0.5073074994083102,55.91956311375206,68.48103320562795,42.33175508958115,64.30749758081487,18.822712668994992,0.29269857134995175,0.0,,,3.7516666766666673,True,True,0,811,4.440892098500626e-16,0.0,0.0,0.0,1.00000003833145e-08,0.0,3,0.0,552,3,3.552713678800501e-15,0.0,102.57638886888891,52.14756944444445,8.790972222222223,44.680624999999985
scenario_coarse,1.0,25.09695022532666,25.09695022532666,1.0000000000000007,-1.4210854715202004e-14,0.0,0.0,-18.87197464689446,-9.999979511121637e-09,51.630002944097214,3.7516666766666673,41.886401878296326,screened_water_cap_1.00,conservative_site_selection,hub_policy_compliant,tight,uniform_google_ai_2024,portfolio_mean,central,gentd26_hourly_service_demand.csv,gentd26_aligned_regional_hourly_cef.csv,capacity_scenarios.csv,energy_calibration_bounds.csv,trace_timestamp_anonymized,single_row_default,0.5,20.0,carbon,211.9472222222222,208.19555553555557,3.7516666866666677,0.9822990523426955,0.509009958634842,55.91956311375206,68.47627316681962,41.886401878296326,64.30749758081487,25.096950225326673,0.39026476179993597,0.0,,,3.7516666766666673,True,True,0,813,4.440892098500626e-16,0.0,0.0,0.0,1.00000003833145e-08,0.0,3,0.0,554,3,-1.4210854715202004e-14,1.4210854715202004e-14,102.22194442444446,66.65791666666676,14.593472222222225,24.72222222222218
scenario_coarse,0.0,0.0,25.09695022532666,0.0,25.09695022532666,5.181748006701213,12.370955189125855,-8.835662984639104,-9.999979511121637e-09,51.630002944097214,3.7516666766666673,41.886401878296326,screened_water_cap_0.00,conservative_site_selection,hub_policy_compliant,tight,uniform_google_ai_2024,portfolio_mean,central,gentd26_hourly_service_demand.csv,gentd26_aligned_regional_hourly_cef.csv,capacity_scenarios.csv,energy_calibration_bounds.csv,trace_timestamp_anonymized,single_row_default,0.5,35.0,carbon,211.9472222222222,208.19555553555557,3.7516666866666677,0.9822990523426955,0.4952581974688041,55.91956311375206,68.51472279064208,47.06814988499754,64.30749758081487,0.0,0.0,0.0,,,3.7516666766666673,True,True,0,422,0.0,0.0,0.0,0.0,1.00000003833145e-08,0.0,3,0.0,539,3,0.0,0.0,105.08499998,0.0,0.0,103.11055555555555
scenario_coarse,0.25,6.274237556331665,25.09695022532666,0.24999999999999992,18.822712668994996,3.0380108276630224,7.252976363284103,-12.987778144034579,-9.999979511121637e-09,51.630002944097214,3.7516666766666673,41.886401878296326,screened_water_cap_0.25,conservative_site_selection,hub_policy_compliant,tight,uniform_google_ai_2024,portfolio_mean,central,gentd26_hourly_service_demand.csv,gentd26_aligned_regional_hourly_cef.csv,capacity_scenarios.csv,energy_calibration_bounds.csv,trace_timestamp_anonymized,single_row_default,0.5,35.0,carbon,211.9472222222222,208.19555553555557,3.7516666866666677,0.9822990523426955,0.503765823846532,55.91956311375206,68.49093565313322,44.92441270595935,64.30749758081487,6.274237556331663,0.09756619044998391,0.0,,,3.7516666766666673,True,True,0,790,1.1102230246251565e-16,0.0,0.0,0.0,1.00000003833145e-08,0.0,3,0.0,546,3,1.7763568394002505e-15,0.0,103.31374998000001,20.131041666666654,0.1818055555555554,84.56895833333336
scenario_coarse,0.5,12.54847511266333,25.09695022532666,0.5,12.54847511266333,1.4862023229077579,3.5481737658584755,-15.993411334556562,-9.999979511121637e-09,51.630002944097214,3.7516666766666673,41.886401878296326,screened_water_cap_0.50,conservative_site_selection,hub_policy_compliant,tight,uniform_google_ai_2024,portfolio_mean,central,gentd26_hourly_service_demand.csv,gentd26_aligned_regional_hourly_cef.csv,capacity_scenarios.csv,energy_calibration_bounds.csv,trace_timestamp_anonymized,single_row_default,0.5,35.0,carbon,211.9472222222222,208.19555553555557,3.7516666866666677,0.9822990523426955,0.5066183770019593,55.91956311375206,68.4829599768227,43.37260420120408,64.30749758081487,12.54847511266333,0.19513238089996787,0.0,,,3.7516666766666673,True,True,0,791,0.0,0.0,0.0,0.0,1.00000003833145e-08,0.0,3,0.0,550,3,0.0,0.0,102.71986109111113,36.07625000000001,4.549444444444444,64.84999999999998
scenario_coarse,0.75,18.822712668994996,25.09695022532666,0.7499999999999999,6.274237556331666,0.4453532112848251,1.0632405537692735,-18.009388580868013,-9.999979511121637e-09,51.630002944097214,3.7516666766666673,41.886401878296326,screened_water_cap_0.75,conservative_site_selection,hub_policy_compliant,tight,uniform_google_ai_2024,portfolio_mean,central,gentd26_hourly_service_demand.csv,gentd26_aligned_regional_hourly_cef.csv,capacity_scenarios.csv,energy_calibration_bounds.csv,trace_timestamp_anonymized,single_row_default,0.5,35.0,carbon,211.9472222222222,208.19555553555557,3.7516666866666677,0.9822990523426955,0.5073074994083102,55.91956311375206,68.48103320562795,42.33175508958115,64.30749758081487,18.822712668994992,0.29269857134995175,0.0,,,3.7516666766666673,True,True,0,811,4.440892098500626e-16,0.0,0.0,0.0,1.00000003833145e-08,0.0,3,0.0,552,3,3.552713678800501e-15,0.0,102.57638886888891,52.14756944444445,8.790972222222223,44.680624999999985
scenario_coarse,1.0,25.09695022532666,25.09695022532666,1.0000000000000007,-1.4210854715202004e-14,0.0,0.0,-18.87197464689446,-9.999979511121637e-09,51.630002944097214,3.7516666766666673,41.886401878296326,screened_water_cap_1.00,conservative_site_selection,hub_policy_compliant,tight,uniform_google_ai_2024,portfolio_mean,central,gentd26_hourly_service_demand.csv,gentd26_aligned_regional_hourly_cef.csv,capacity_scenarios.csv,energy_calibration_bounds.csv,trace_timestamp_anonymized,single_row_default,0.5,35.0,carbon,211.9472222222222,208.19555553555557,3.7516666866666677,0.9822990523426955,0.509009958634842,55.91956311375206,68.47627316681962,41.886401878296326,64.30749758081487,25.096950225326673,0.39026476179993597,0.0,,,3.7516666766666673,True,True,0,813,4.440892098500626e-16,0.0,0.0,0.0,1.00000003833145e-08,0.0,3,0.0,554,3,-1.4210854715202004e-14,1.4210854715202004e-14,102.22194442444446,66.65791666666676,14.593472222222225,24.72222222222218
scenario_coarse,0.0,0.0,9.765751389221197,0.0,9.765751389221197,2.4656895813515405,4.921340099947824,-5.017464221879209e-09,-1.0000007932831068e-08,52.56768479821294,1e-08,50.101995214223834,screened_water_cap_0.00,conservative_site_selection,hub_policy_compliant,central,uniform_google_ai_2024,portfolio_mean,central,gentd26_hourly_service_demand.csv,gentd26_aligned_regional_hourly_cef.csv,capacity_scenarios.csv,energy_calibration_bounds.csv,trace_timestamp_anonymized,single_row_default,0.15,15.0,carbon,211.9472222222222,211.94722220222218,2e-08,0.9999999999056368,0.0,56.92722900944693,71.15903626180867,52.567684795575374,65.46631336086396,0.0,0.0,0.0,,,1e-08,True,True,0,0,0.0,0.0,0.0,0.0,1e-08,0.4919444444444445,0,0.0,184,1,0.0,0.0,211.94722220222224,0.0,0.0,0.0
scenario_coarse,0.25,2.4414378473052993,9.765751389221197,0.25,7.324313541915898,1.4545272885266343,2.903132464700131,-1.9235435217357044,-9.999979511121637e-09,52.56768479821294,1e-08,50.101995214223834,screened_water_cap_0.25,conservative_site_selection,hub_policy_compliant,central,uniform_google_ai_2024,portfolio_mean,central,gentd26_hourly_service_demand.csv,gentd26_aligned_regional_hourly_cef.csv,capacity_scenarios.csv,energy_calibration_bounds.csv,trace_timestamp_anonymized,single_row_default,0.15,15.0,carbon,211.9472222222222,211.9472222022222,2e-08,0.9999999999056369,0.03729304006852478,56.92722900944694,71.0528867901867,51.55652250275047,65.46631336086396,2.4414378473052993,0.03729304006852478,0.0,,,1e-08,True,True,0,1,2.220446049250313e-16,0.0,0.0,0.0,1e-08,0.4919444444444445,0,0.0,290,1,0.0,0.0,204.0430659522222,7.904156249999998,0.0,0.0
scenario_coarse,0.5,4.882875694610599,9.765751389221197,0.5,4.882875694610599,0.7128423985934091,1.4227824571565906,-3.3344576466020848,-9.999979511121637e-09,52.56768479821294,1e-08,50.101995214223834,screened_water_cap_0.50,conservative_site_selection,hub_policy_compliant,central,uniform_google_ai_2024,portfolio_mean,central,gentd26_hourly_service_demand.csv,gentd26_aligned_regional_hourly_cef.csv,capacity_scenarios.csv,energy_calibration_bounds.csv,trace_timestamp_anonymized,single_row_default,0.15,15.0,carbon,211.9472222222222,211.9472222022222,2e-08,0.9999999999056369,0.07458608013704957,56.92722900944693,70.94673731856474,50.81483761281724,65.46631336086396,4.882875694610599,0.07458608013704957,0.0,,,1e-08,True,True,0,1,2.220446049250313e-16,0.0,0.0,0.0,1e-08,0.4919444444444445,0,0.0,370,1,0.0,0.0,196.13890970222224,15.808312500000001,0.0,0.0
scenario_coarse,0.75,7.324313541915898,9.765751389221197,0.7500000000000001,2.4414378473052984,0.2188846743358681,0.43687815904331906,-4.274118059940912,-9.999979511121637e-09,52.56768479821294,1e-08,50.101995214223834,screened_water_cap_0.75,conservative_site_selection,hub_policy_compliant,central,uniform_google_ai_2024,portfolio_mean,central,gentd26_hourly_service_demand.csv,gentd26_aligned_regional_hourly_cef.csv,capacity_scenarios.csv,energy_calibration_bounds.csv,trace_timestamp_anonymized,single_row_default,0.15,15.0,carbon,211.9472222222222,211.9472222022222,2e-08,0.9999999999056369,0.11187912020557438,56.92722900944694,70.84058784694275,50.3208798885597,65.46631336086396,7.324313541915899,0.11187912020557438,0.0,,,1e-08,True,True,0,1,2.220446049250313e-16,0.0,0.0,0.0,1e-08,0.4919444444444445,0,0.0,453,1,-8.881784197001252e-16,8.881784197001252e-16,188.23475345222224,23.71246875000001,0.0,0.0
scenario_coarse,1.0,9.765751389221197,9.765751389221197,1.0,0.0,0.0,0.0,-4.69050442958242,-9.999979511121637e-09,52.56768479821294,1e-08,50.101995214223834,screened_water_cap_1.00,conservative_site_selection,hub_policy_compliant,central,uniform_google_ai_2024,portfolio_mean,central,gentd26_hourly_service_demand.csv,gentd26_aligned_regional_hourly_cef.csv,capacity_scenarios.csv,energy_calibration_bounds.csv,trace_timestamp_anonymized,single_row_default,0.15,15.0,carbon,211.9472222222222,211.9472222022222,2e-08,0.9999999999056369,0.14917216027409916,56.92722900944694,70.73443837532079,50.101995214223834,65.46631336086396,9.765751389221197,0.14917216027409913,0.0,,,1e-08,True,True,0,0,4.440892098500626e-16,0.0,0.0,0.0,1e-08,1.018152777777778,0,0.0,546,1,0.0,0.0,180.33059720222226,31.616625000000013,0.0,0.0
scenario_coarse,0.0,0.0,7.496240799820507,0.0,7.496240799820507,1.5512630671657135,3.124202832922718,-2.5934895357520915,-9.999979511121637e-09,52.56768479821294,1e-08,49.653084326618426,screened_water_cap_0.00,conservative_site_selection,hub_policy_compliant,central,uniform_google_ai_2024,portfolio_mean,central,gentd26_hourly_service_demand.csv,gentd26_aligned_regional_hourly_cef.csv,capacity_scenarios.csv,energy_calibration_bounds.csv,trace_timestamp_anonymized,single_row_default,0.15,20.0,carbon,211.9472222222222,211.9472222022222,2e-08,0.9999999999056369,0.14655653269361094,56.92722900944693,70.7418833968347,51.20434739378414,65.46631336086396,0.0,0.0,0.0,,,1e-08,True,True,0,0,4.440892098500626e-16,0.0,0.0,0.0,1e-08,1.018152777777778,0,0.0,542,3,0.0,0.0,180.8849722022223,0.0,0.0,31.06225000000001
scenario_coarse,0.25,1.8740601999551267,7.496240799820507,0.24999999999999997,5.622180599865381,0.9104227336496535,1.8335673322142254,-3.812566114787297,-9.999979511121637e-09,52.56768479821294,1e-08,49.653084326618426,screened_water_cap_0.25,conservative_site_selection,hub_policy_compliant,central,uniform_google_ai_2024,portfolio_mean,central,gentd26_hourly_service_demand.csv,gentd26_aligned_regional_hourly_cef.csv,capacity_scenarios.csv,energy_calibration_bounds.csv,trace_timestamp_anonymized,single_row_default,0.15,20.0,carbon,211.9472222222222,211.9472222022222,2e-08,0.9999999999056369,0.14906364269240582,56.92722900944694,70.73474725558202,50.56350706026808,65.46631336086396,1.8740601999551265,0.028626328622247538,0.0,,,1e-08,True,True,0,759,4.440892098500626e-16,0.0,0.0,0.0,1e-08,1.018152777777778,0,0.0,549,3,2.220446049250313e-16,0.0,180.35359720222226,6.0127291666666665,0.05454166666666663,25.526354166666675
scenario_coarse,0.5,3.7481203999102535,7.496240799820507,0.5,3.7481203999102535,0.44631810444543163,0.8988728706348814,-4.695436705314037,-9.999979511121637e-09,52.56768479821294,1e-08,49.653084326618426,screened_water_cap_0.50,conservative_site_selection,hub_policy_compliant,central,uniform_google_ai_2024,portfolio_mean,central,gentd26_hourly_service_demand.csv,gentd26_aligned_regional_hourly_cef.csv,capacity_scenarios.csv,energy_calibration_bounds.csv,trace_timestamp_anonymized,single_row_default,0.15,20.0,carbon,211.9472222222222,211.9472222022222,2e-08,0.9999999999056369,0.1497969227281233,56.92722900944695,70.73266007555596,50.09940243106386,65.46631336086396,3.7481203999102535,0.05725265724449508,0.0,,,1e-08,True,True,0,782,4.440892098500626e-16,0.0,0.0,0.0,1e-08,1.018152777777778,0,0.0,552,3,0.0,0.0,180.1981805355556,10.769708333333329,1.3648333333333333,19.614499999999992
scenario_coarse,0.75,5.622180599865381,7.496240799820507,0.7499999999999998,1.874060199955128,0.13302286348100267,0.2679045325885143,-5.291421181645928,-9.999979511121637e-09,52.56768479821294,1e-08,49.653084326618426,screened_water_cap_0.75,conservative_site_selection,hub_policy_compliant,central,uniform_google_ai_2024,portfolio_mean,central,gentd26_hourly_service_demand.csv,gentd26_aligned_regional_hourly_cef.csv,capacity_scenarios.csv,energy_calibration_bounds.csv,trace_timestamp_anonymized,single_row_default,0.15,20.0,carbon,211.9472222222222,211.9472222022222,2e-08,0.9999999999056369,0.15000000001415448,56.92722900944695,70.73208204419753,49.78610719009943,65.46631336086396,5.622180599865379,0.0858789858667426,0.0,,,1e-08,True,True,0,812,4.440892098500626e-16,0.0,0.0,0.0,1e-08,1.018152777777778,0,0.0,554,3,1.7763568394002505e-15,0.0,180.1551388688889,15.609437499999995,2.5923750000000005,13.590270833333326
scenario_coarse,1.0,7.496240799820507,7.496240799820507,0.9999999999999998,1.7763568394002505e-15,0.0,0.0,-5.544471822912755,-9.999979511121637e-09,52.56768479821294,1e-08,49.653084326618426,screened_water_cap_1.00,conservative_site_selection,hub_policy_compliant,central,uniform_google_ai_2024,portfolio_mean,central,gentd26_hourly_service_demand.csv,gentd26_aligned_regional_hourly_cef.csv,capacity_scenarios.csv,energy_calibration_bounds.csv,trace_timestamp_anonymized,single_row_default,0.15,20.0,carbon,211.9472222222222,211.9472222022222,2e-08,0.9999999999056369,0.15000000001415445,56.92722900944694,70.73208204419753,49.653084326618426,65.46631336086396,7.496240799820505,0.11450531448899014,0.0,,,1e-08,True,True,0,820,4.440892098500626e-16,0.0,0.0,0.0,1e-08,1.018152777777778,0,0.0,554,3,1.7763568394002505e-15,0.0,180.15513886888897,19.913791666666672,4.355291666666667,7.523
scenario_coarse,0.0,0.0,7.496240799820507,0.0,7.496240799820507,1.5512630671657135,3.124202832922718,-2.5934895357520915,-9.999979511121637e-09,52.56768479821294,1e-08,49.653084326618426,screened_water_cap_0.00,conservative_site_selection,hub_policy_compliant,central,uniform_google_ai_2024,portfolio_mean,central,gentd26_hourly_service_demand.csv,gentd26_aligned_regional_hourly_cef.csv,capacity_scenarios.csv,energy_calibration_bounds.csv,trace_timestamp_anonymized,single_row_default,0.15,35.0,carbon,211.9472222222222,211.9472222022222,2e-08,0.9999999999056369,0.14655653269361094,56.92722900944693,70.7418833968347,51.20434739378414,65.46631336086396,0.0,0.0,0.0,,,1e-08,True,True,0,0,4.440892098500626e-16,0.0,0.0,0.0,1e-08,1.018152777777778,0,0.0,542,3,0.0,0.0,180.8849722022223,0.0,0.0,31.06225000000001
scenario_coarse,0.25,1.8740601999551267,7.496240799820507,0.24999999999999997,5.622180599865381,0.9104227336496535,1.8335673322142254,-3.812566114787297,-9.999979511121637e-09,52.56768479821294,1e-08,49.653084326618426,screened_water_cap_0.25,conservative_site_selection,hub_policy_compliant,central,uniform_google_ai_2024,portfolio_mean,central,gentd26_hourly_service_demand.csv,gentd26_aligned_regional_hourly_cef.csv,capacity_scenarios.csv,energy_calibration_bounds.csv,trace_timestamp_anonymized,single_row_default,0.15,35.0,carbon,211.9472222222222,211.9472222022222,2e-08,0.9999999999056369,0.14906364269240582,56.92722900944694,70.73474725558202,50.56350706026808,65.46631336086396,1.8740601999551265,0.028626328622247538,0.0,,,1e-08,True,True,0,759,4.440892098500626e-16,0.0,0.0,0.0,1e-08,1.018152777777778,0,0.0,549,3,2.220446049250313e-16,0.0,180.35359720222226,6.0127291666666665,0.05454166666666663,25.526354166666675
scenario_coarse,0.5,3.7481203999102535,7.496240799820507,0.5,3.7481203999102535,0.44631810444543163,0.8988728706348814,-4.695436705314037,-9.999979511121637e-09,52.56768479821294,1e-08,49.653084326618426,screened_water_cap_0.50,conservative_site_selection,hub_policy_compliant,central,uniform_google_ai_2024,portfolio_mean,central,gentd26_hourly_service_demand.csv,gentd26_aligned_regional_hourly_cef.csv,capacity_scenarios.csv,energy_calibration_bounds.csv,trace_timestamp_anonymized,single_row_default,0.15,35.0,carbon,211.9472222222222,211.9472222022222,2e-08,0.9999999999056369,0.1497969227281233,56.92722900944695,70.73266007555596,50.09940243106386,65.46631336086396,3.7481203999102535,0.05725265724449508,0.0,,,1e-08,True,True,0,782,4.440892098500626e-16,0.0,0.0,0.0,1e-08,1.018152777777778,0,0.0,552,3,0.0,0.0,180.1981805355556,10.769708333333329,1.3648333333333333,19.614499999999992
scenario_coarse,0.75,5.622180599865381,7.496240799820507,0.7499999999999998,1.874060199955128,0.13302286348100267,0.2679045325885143,-5.291421181645928,-9.999979511121637e-09,52.56768479821294,1e-08,49.653084326618426,screened_water_cap_0.75,conservative_site_selection,hub_policy_compliant,central,uniform_google_ai_2024,portfolio_mean,central,gentd26_hourly_service_demand.csv,gentd26_aligned_regional_hourly_cef.csv,capacity_scenarios.csv,energy_calibration_bounds.csv,trace_timestamp_anonymized,single_row_default,0.15,35.0,carbon,211.9472222222222,211.9472222022222,2e-08,0.9999999999056369,0.15000000001415448,56.92722900944695,70.73208204419753,49.78610719009943,65.46631336086396,5.622180599865379,0.0858789858667426,0.0,,,1e-08,True,True,0,812,4.440892098500626e-16,0.0,0.0,0.0,1e-08,1.018152777777778,0,0.0,554,3,1.7763568394002505e-15,0.0,180.1551388688889,15.609437499999995,2.5923750000000005,13.590270833333326
scenario_coarse,1.0,7.496240799820507,7.496240799820507,0.9999999999999998,1.7763568394002505e-15,0.0,0.0,-5.544471822912755,-9.999979511121637e-09,52.56768479821294,1e-08,49.653084326618426,screened_water_cap_1.00,conservative_site_selection,hub_policy_compliant,central,uniform_google_ai_2024,portfolio_mean,central,gentd26_hourly_service_demand.csv,gentd26_aligned_regional_hourly_cef.csv,capacity_scenarios.csv,energy_calibration_bounds.csv,trace_timestamp_anonymized,single_row_default,0.15,35.0,carbon,211.9472222222222,211.9472222022222,2e-08,0.9999999999056369,0.15000000001415445,56.92722900944694,70.73208204419753,49.653084326618426,65.46631336086396,7.496240799820505,0.11450531448899014,0.0,,,1e-08,True,True,0,820,4.440892098500626e-16,0.0,0.0,0.0,1e-08,1.018152777777778,0,0.0,554,3,1.7763568394002505e-15,0.0,180.15513886888897,19.913791666666672,4.355291666666667,7.523
scenario_coarse,0.0,0.0,19.531502778442395,0.0,19.531502778442395,4.931379162703081,10.352144435189148,-5.017464221879209e-09,-1.0000007932831068e-08,52.56768479821294,1e-08,47.63630563287229,screened_water_cap_0.00,conservative_site_selection,hub_policy_compliant,central,uniform_google_ai_2024,portfolio_mean,central,gentd26_hourly_service_demand.csv,gentd26_aligned_regional_hourly_cef.csv,capacity_scenarios.csv,energy_calibration_bounds.csv,trace_timestamp_anonymized,single_row_default,0.3,15.0,carbon,211.9472222222222,211.94722220222218,2e-08,0.9999999999056368,0.0,56.92722900944693,71.15903626180867,52.567684795575374,65.46631336086396,0.0,0.0,0.0,,,1e-08,True,True,0,0,0.0,0.0,0.0,0.0,1e-08,0.4919444444444445,0,0.0,184,1,0.0,0.0,211.94722220222224,0.0,0.0,0.0
scenario_coarse,0.25,4.882875694610599,19.531502778442395,0.25,14.648627083831796,2.9090545770532827,6.106801395290895,-3.8470870384539224,-9.999979511121637e-09,52.56768479821294,1e-08,47.63630563287229,screened_water_cap_0.25,conservative_site_selection,hub_policy_compliant,central,uniform_google_ai_2024,portfolio_mean,central,gentd26_hourly_service_demand.csv,gentd26_aligned_regional_hourly_cef.csv,capacity_scenarios.csv,energy_calibration_bounds.csv,trace_timestamp_anonymized,single_row_default,0.3,15.0,carbon,211.9472222222222,211.9472222022222,2e-08,0.9999999999056369,0.07458608013704957,56.92722900944693,70.94673731856474,50.545360209925576,65.46631336086396,4.882875694610599,0.07458608013704957,0.0,,,1e-08,True,True,0,1,2.220446049250313e-16,0.0,0.0,0.0,1e-08,0.4919444444444445,0,0.0,290,1,0.0,0.0,196.13890970222226,15.808312499999996,0.0,0.0
scenario_coarse,0.5,9.765751389221197,19.531502778442395,0.5,9.765751389221197,1.4256847971868183,2.9928534092765524,-6.668915288186716,-9.999979511121637e-09,52.56768479821294,1e-08,47.63630563287229,screened_water_cap_0.50,conservative_site_selection,hub_policy_compliant,central,uniform_google_ai_2024,portfolio_mean,central,gentd26_hourly_service_demand.csv,gentd26_aligned_regional_hourly_cef.csv,capacity_scenarios.csv,energy_calibration_bounds.csv,trace_timestamp_anonymized,single_row_default,0.3,15.0,carbon,211.9472222222222,211.9472222022222,2e-08,0.9999999999056369,0.14917216027409913,56.92722900944693,70.73443837532079,49.06199043005911,65.46631336086396,9.765751389221197,0.14917216027409913,0.0,,,1e-08,True,True,0,1,2.220446049250313e-16,0.0,0.0,0.0,1e-08,0.4919444444444445,0,0.0,370,1,0.0,0.0,180.3305972022222,31.616625000000003,0.0,0.0
scenario_coarse,0.75,14.648627083831796,19.531502778442395,0.7500000000000001,4.882875694610597,0.4377693486717362,0.9189825761165782,-8.548236114864372,-1.0000007932831068e-08,52.56768479821294,1e-08,47.63630563287229,screened_water_cap_0.75,conservative_site_selection,hub_policy_compliant,central,uniform_google_ai_2024,portfolio_mean,central,gentd26_hourly_service_demand.csv,gentd26_aligned_regional_hourly_cef.csv,capacity_scenarios.csv,energy_calibration_bounds.csv,trace_timestamp_anonymized,single_row_default,0.3,15.0,carbon,211.9472222222222,211.94722220222218,2e-08,0.9999999999056368,0.22375824041114878,56.92722900944693,70.52213943207686,48.07407498154403,65.46631336086396,14.648627083831798,0.22375824041114875,0.0,,,1e-08,True,True,0,1,2.220446049250313e-16,0.0,0.0,0.0,1e-08,0.4919444444444445,0,0.0,453,1,-1.7763568394002505e-15,1.7763568394002505e-15,164.52228470222218,47.42493750000002,0.0,0.0
scenario_coarse,1.0,19.531502778442395,19.531502778442395,1.0,0.0,0.0,0.0,-9.381008854147389,-1.0000007932831068e-08,52.56768479821294,1e-08,47.63630563287229,screened_water_cap_1.00,conservative_site_selection,hub_policy_compliant,central,uniform_google_ai_2024,portfolio_mean,central,gentd26_hourly_service_demand.csv,gentd26_aligned_regional_hourly_cef.csv,capacity_scenarios.csv,energy_calibration_bounds.csv,trace_timestamp_anonymized,single_row_default,0.3,15.0,carbon,211.9472222222222,211.94722220222218,2e-08,0.9999999999056368,0.29834432054819837,56.92722900944693,70.30984048883292,47.63630563287229,65.46631336086396,19.531502778442395,0.29834432054819826,0.0,,,1e-08,True,True,0,0,4.440892098500626e-16,0.0,0.0,0.0,1e-08,0.9475833333333334,0,0.0,546,1,0.0,0.0,148.71397220222218,63.23325000000003,0.0,0.0
scenario_coarse,0.0,0.0,14.992481599641014,0.0,14.992481599641014,3.102526134331427,6.638054721201336,-5.18697906648673,-9.999979511121637e-09,52.56768479821294,1e-08,46.73848385766148,screened_water_cap_0.00,conservative_site_selection,hub_policy_compliant,central,uniform_google_ai_2024,portfolio_mean,central,gentd26_hourly_service_demand.csv,gentd26_aligned_regional_hourly_cef.csv,capacity_scenarios.csv,energy_calibration_bounds.csv,trace_timestamp_anonymized,single_row_default,0.3,20.0,carbon,211.9472222222222,211.9472222022222,2e-08,0.9999999999056369,0.29311306538722187,56.92722900944693,70.3247305318607,49.841009991992905,65.46631336086396,0.0,0.0,0.0,,,1e-08,True,True,0,0,4.440892098500626e-16,0.0,0.0,0.0,1e-08,0.9475833333333334,0,0.0,542,3,0.0,0.0,149.82272220222217,0.0,0.0,62.12450000000002
scenario_coarse,0.25,3.7481203999102535,14.992481599641014,0.24999999999999997,11.244361199730761,1.820845467299307,3.8958162888735437,-7.625132224557129,-9.999979511121637e-09,52.56768479821294,1e-08,46.73848385766148,screened_water_cap_0.25,conservative_site_selection,hub_policy_compliant,central,uniform_google_ai_2024,portfolio_mean,central,gentd26_hourly_service_demand.csv,gentd26_aligned_regional_hourly_cef.csv,capacity_scenarios.csv,energy_calibration_bounds.csv,trace_timestamp_anonymized,single_row_default,0.3,20.0,carbon,211.9472222222222,211.9472222022222,2e-08,0.9999999999056369,0.29812728538481165,56.92722900944693,70.31045824935538,48.559329324960785,65.46631336086396,3.748120399910253,0.057252657244495075,0.0,,,1e-08,True,True,0,753,4.440892098500626e-16,0.0,0.0,0.0,1e-08,0.9475833333333334,0,0.0,549,3,4.440892098500626e-16,0.0,148.75997220222223,12.025458333333333,0.10908333333333325,51.05270833333335
scenario_coarse,0.5,7.496240799820507,14.992481599641014,0.5,7.496240799820507,0.8926362088908633,1.909852727806327,-9.390873405610623,-9.999979511121637e-09,52.56768479821294,1e-08,46.73848385766148,screened_water_cap_0.50,conservative_site_selection,hub_policy_compliant,central,uniform_google_ai_2024,portfolio_mean,central,gentd26_hourly_service_demand.csv,gentd26_aligned_regional_hourly_cef.csv,capacity_scenarios.csv,energy_calibration_bounds.csv,trace_timestamp_anonymized,single_row_default,0.3,20.0,carbon,211.9472222222222,211.9472222022222,2e-08,0.9999999999056369,0.2995938454562466,56.92722900944693,70.30628388930324,47.63112006655234,65.46631336086396,7.496240799820507,0.11450531448899016,0.0,,,1e-08,True,True,0,765,4.440892098500626e-16,0.0,0.0,0.0,1e-08,0.9475833333333334,0,0.0,552,3,0.0,0.0,148.4491388688889,21.539416666666657,2.7296666666666667,39.228999999999985
scenario_coarse,0.75,11.244361199730761,14.992481599641014,0.7499999999999998,3.748120399910256,0.26604572696199114,0.5692219879708027,-10.582842358274435,-1.0000007932831068e-08,52.56768479821294,1e-08,46.73848385766148,screened_water_cap_0.75,conservative_site_selection,hub_policy_compliant,central,uniform_google_ai_2024,portfolio_mean,central,gentd26_hourly_service_demand.csv,gentd26_aligned_regional_hourly_cef.csv,capacity_scenarios.csv,energy_calibration_bounds.csv,trace_timestamp_anonymized,single_row_default,0.3,20.0,carbon,211.9472222222222,211.94722220222218,2e-08,0.9999999999056368,0.30000000002830896,56.92722900944693,70.30512782658639,47.00452958462347,65.46631336086396,11.244361199730758,0.1717579717334852,0.0,,,1e-08,True,True,0,784,4.440892098500626e-16,0.0,0.0,0.0,1e-08,0.9475833333333334,0,0.0,554,3,3.552713678800501e-15,0.0,148.36305553555553,31.21887499999999,5.184750000000001,27.180541666666652
scenario_coarse,1.0,14.992481599641014,14.992481599641014,0.9999999999999998,3.552713678800501e-15,0.0,0.0,-11.088943640808058,-1.0000007932831068e-08,52.56768479821294,1e-08,46.73848385766148,screened_water_cap_1.00,conservative_site_selection,hub_policy_compliant,central,uniform_google_ai_2024,portfolio_mean,central,gentd26_hourly_service_demand.csv,gentd26_aligned_regional_hourly_cef.csv,capacity_scenarios.csv,energy_calibration_bounds.csv,trace_timestamp_anonymized,single_row_default,0.3,20.0,carbon,211.9472222222222,211.94722220222218,2e-08,0.9999999999056368,0.30000000002830896,56.92722900944693,70.30512782658639,46.73848385766148,65.46631336086396,14.99248159964101,0.22901062897798027,0.0,,,1e-08,True,True,0,797,4.440892098500626e-16,0.0,0.0,0.0,1e-08,0.9475833333333334,0,0.0,554,3,3.552713678800501e-15,0.0,148.36305553555553,39.827583333333344,8.710583333333334,15.046
scenario_coarse,0.0,0.0,14.992481599641014,0.0,14.992481599641014,3.102526134331427,6.638054721201336,-5.18697906648673,-9.999979511121637e-09,52.56768479821294,1e-08,46.73848385766148,screened_water_cap_0.00,conservative_site_selection,hub_policy_compliant,central,uniform_google_ai_2024,portfolio_mean,central,gentd26_hourly_service_demand.csv,gentd26_aligned_regional_hourly_cef.csv,capacity_scenarios.csv,energy_calibration_bounds.csv,trace_timestamp_anonymized,single_row_default,0.3,35.0,carbon,211.9472222222222,211.9472222022222,2e-08,0.9999999999056369,0.29311306538722187,56.92722900944693,70.3247305318607,49.841009991992905,65.46631336086396,0.0,0.0,0.0,,,1e-08,True,True,0,0,4.440892098500626e-16,0.0,0.0,0.0,1e-08,0.9475833333333334,0,0.0,542,3,0.0,0.0,149.82272220222217,0.0,0.0,62.12450000000002
scenario_coarse,0.25,3.7481203999102535,14.992481599641014,0.24999999999999997,11.244361199730761,1.820845467299307,3.8958162888735437,-7.625132224557129,-9.999979511121637e-09,52.56768479821294,1e-08,46.73848385766148,screened_water_cap_0.25,conservative_site_selection,hub_policy_compliant,central,uniform_google_ai_2024,portfolio_mean,central,gentd26_hourly_service_demand.csv,gentd26_aligned_regional_hourly_cef.csv,capacity_scenarios.csv,energy_calibration_bounds.csv,trace_timestamp_anonymized,single_row_default,0.3,35.0,carbon,211.9472222222222,211.9472222022222,2e-08,0.9999999999056369,0.29812728538481165,56.92722900944693,70.31045824935538,48.559329324960785,65.46631336086396,3.748120399910253,0.057252657244495075,0.0,,,1e-08,True,True,0,753,4.440892098500626e-16,0.0,0.0,0.0,1e-08,0.9475833333333334,0,0.0,549,3,4.440892098500626e-16,0.0,148.75997220222223,12.025458333333333,0.10908333333333325,51.05270833333335
scenario_coarse,0.5,7.496240799820507,14.992481599641014,0.5,7.496240799820507,0.8926362088908633,1.909852727806327,-9.390873405610623,-9.999979511121637e-09,52.56768479821294,1e-08,46.73848385766148,screened_water_cap_0.50,conservative_site_selection,hub_policy_compliant,central,uniform_google_ai_2024,portfolio_mean,central,gentd26_hourly_service_demand.csv,gentd26_aligned_regional_hourly_cef.csv,capacity_scenarios.csv,energy_calibration_bounds.csv,trace_timestamp_anonymized,single_row_default,0.3,35.0,carbon,211.9472222222222,211.9472222022222,2e-08,0.9999999999056369,0.2995938454562466,56.92722900944693,70.30628388930324,47.63112006655234,65.46631336086396,7.496240799820507,0.11450531448899016,0.0,,,1e-08,True,True,0,765,4.440892098500626e-16,0.0,0.0,0.0,1e-08,0.9475833333333334,0,0.0,552,3,0.0,0.0,148.4491388688889,21.539416666666657,2.7296666666666667,39.228999999999985
scenario_coarse,0.75,11.244361199730761,14.992481599641014,0.7499999999999998,3.748120399910256,0.26604572696199114,0.5692219879708027,-10.582842358274435,-1.0000007932831068e-08,52.56768479821294,1e-08,46.73848385766148,screened_water_cap_0.75,conservative_site_selection,hub_policy_compliant,central,uniform_google_ai_2024,portfolio_mean,central,gentd26_hourly_service_demand.csv,gentd26_aligned_regional_hourly_cef.csv,capacity_scenarios.csv,energy_calibration_bounds.csv,trace_timestamp_anonymized,single_row_default,0.3,35.0,carbon,211.9472222222222,211.94722220222218,2e-08,0.9999999999056368,0.30000000002830896,56.92722900944693,70.30512782658639,47.00452958462347,65.46631336086396,11.244361199730758,0.1717579717334852,0.0,,,1e-08,True,True,0,784,4.440892098500626e-16,0.0,0.0,0.0,1e-08,0.9475833333333334,0,0.0,554,3,3.552713678800501e-15,0.0,148.36305553555553,31.21887499999999,5.184750000000001,27.180541666666652
scenario_coarse,1.0,14.992481599641014,14.992481599641014,0.9999999999999998,3.552713678800501e-15,0.0,0.0,-11.088943640808058,-1.0000007932831068e-08,52.56768479821294,1e-08,46.73848385766148,screened_water_cap_1.00,conservative_site_selection,hub_policy_compliant,central,uniform_google_ai_2024,portfolio_mean,central,gentd26_hourly_service_demand.csv,gentd26_aligned_regional_hourly_cef.csv,capacity_scenarios.csv,energy_calibration_bounds.csv,trace_timestamp_anonymized,single_row_default,0.3,35.0,carbon,211.9472222222222,211.94722220222218,2e-08,0.9999999999056368,0.30000000002830896,56.92722900944693,70.30512782658639,46.73848385766148,65.46631336086396,14.99248159964101,0.22901062897798027,0.0,,,1e-08,True,True,0,797,4.440892098500626e-16,0.0,0.0,0.0,1e-08,0.9475833333333334,0,0.0,554,3,3.552713678800501e-15,0.0,148.36305553555553,39.827583333333344,8.710583333333334,15.046
scenario_coarse,0.0,0.0,32.55250463073733,0.0,32.55250463073733,8.218965271171797,18.532587545507795,-5.017464221879209e-09,-1.0000007932831068e-08,52.56768479821294,1e-08,44.34871952440358,screened_water_cap_0.00,conservative_site_selection,hub_policy_compliant,central,uniform_google_ai_2024,portfolio_mean,central,gentd26_hourly_service_demand.csv,gentd26_aligned_regional_hourly_cef.csv,capacity_scenarios.csv,energy_calibration_bounds.csv,trace_timestamp_anonymized,single_row_default,0.5,15.0,carbon,211.9472222222222,211.94722220222218,2e-08,0.9999999999056368,0.0,56.92722900944693,71.15903626180867,52.567684795575374,65.46631336086396,0.0,0.0,0.0,,,1e-08,True,True,0,0,0.0,0.0,0.0,0.0,1e-08,0.4919444444444445,0,0.0,184,1,0.0,0.0,211.94722220222224,0.0,0.0,0.0
scenario_coarse,0.25,8.138126157684333,32.55250463073733,0.24999999999999983,24.414378473053006,4.84842429508879,10.932501202026511,-6.4118117274115765,-9.999979511121637e-09,52.56768479821294,1e-08,44.34871952440358,screened_water_cap_0.25,conservative_site_selection,hub_policy_compliant,central,uniform_google_ai_2024,portfolio_mean,central,gentd26_hourly_service_demand.csv,gentd26_aligned_regional_hourly_cef.csv,capacity_scenarios.csv,energy_calibration_bounds.csv,trace_timestamp_anonymized,single_row_default,0.5,15.0,carbon,211.9472222222222,211.9472222022222,2e-08,0.9999999999056369,0.12431013356174926,56.92722900944694,70.80520468973543,49.19714381949237,65.46631336086396,8.138126157684328,0.12431013356174923,0.0,,,1e-08,True,True,0,1,0.0,0.0,0.0,0.0,1e-08,0.4919444444444445,0,0.0,290,1,5.329070518200751e-15,0.0,185.60003470222222,26.347187499999986,0.0,0.0
scenario_coarse,0.5,16.276252315368666,32.55250463073733,0.5,16.276252315368666,2.3761413286446853,5.357857800916155,-11.114858810299566,-1.0000007932831068e-08,52.56768479821294,1e-08,44.34871952440358,screened_water_cap_0.50,conservative_site_selection,hub_policy_compliant,central,uniform_google_ai_2024,portfolio_mean,central,gentd26_hourly_service_demand.csv,gentd26_aligned_regional_hourly_cef.csv,capacity_scenarios.csv,energy_calibration_bounds.csv,trace_timestamp_anonymized,single_row_default,0.5,15.0,carbon,211.9472222222222,211.94722220222218,2e-08,0.9999999999056368,0.2486202671234987,56.92722900944693,70.45137311766221,46.72486085304826,65.46631336086396,16.276252315368666,0.24862026712349863,0.0,,,1e-08,True,True,0,1,0.0,0.0,0.0,0.0,1e-08,0.4919444444444445,0,0.0,370,1,0.0,0.0,159.25284720222228,52.69437500000003,0.0,0.0
scenario_coarse,0.75,24.414378473053,32.55250463073733,0.7500000000000004,8.138126157684319,0.7296155811195391,1.6451784604921027,-14.247060188095684,-1.0000007932831068e-08,52.56768479821294,1e-08,44.34871952440358,screened_water_cap_0.75,conservative_site_selection,hub_policy_compliant,central,uniform_google_ai_2024,portfolio_mean,central,gentd26_hourly_service_demand.csv,gentd26_aligned_regional_hourly_cef.csv,capacity_scenarios.csv,energy_calibration_bounds.csv,trace_timestamp_anonymized,single_row_default,0.5,15.0,carbon,211.9472222222222,211.94722220222218,2e-08,0.9999999999056368,0.37293040068524824,56.92722900944693,70.09754154558898,45.07833510552312,65.46631336086396,24.414378473053013,0.37293040068524813,0.0,,,1e-08,True,True,0,1,0.0,0.0,0.0,0.0,1e-08,0.4241666666666666,0,0.0,453,1,-1.4210854715202004e-14,1.4210854715202004e-14,132.9056597022222,79.0415625000001,0.0,0.0
scenario_coarse,1.0,32.55250463073733,32.55250463073733,1.0,0.0,0.0,0.0,-15.635014753567322,-1.0000007932831068e-08,52.56768479821294,1e-08,44.34871952440358,screened_water_cap_1.00,conservative_site_selection,hub_policy_compliant,central,uniform_google_ai_2024,portfolio_mean,central,gentd26_hourly_service_demand.csv,gentd26_aligned_regional_hourly_cef.csv,capacity_scenarios.csv,energy_calibration_bounds.csv,trace_timestamp_anonymized,single_row_default,0.5,15.0,carbon,211.9472222222222,211.94722220222218,2e-08,0.9999999999056368,0.4972405342469972,56.92722900944693,69.74370997351575,44.34871952440358,65.46631336086396,32.55250463073733,0.49724053424699727,0.0,,,1e-08,True,True,0,0,0.0,0.0,0.0,0.0,1e-08,0.24597222222222226,0,0.0,546,1,0.0,0.0,106.55847220222222,105.38875,0.0,0.0
scenario_coarse,0.0,0.0,24.98746933273502,0.0,24.98746933273502,5.170876890552371,12.066728902226998,-8.644965107466273,-9.999979511121637e-09,52.56768479821294,1e-08,42.85234989905221,screened_water_cap_0.00,conservative_site_selection,hub_policy_compliant,central,uniform_google_ai_2024,portfolio_mean,central,gentd26_hourly_service_demand.csv,gentd26_aligned_regional_hourly_cef.csv,capacity_scenarios.csv,energy_calibration_bounds.csv,trace_timestamp_anonymized,single_row_default,0.5,20.0,carbon,211.9472222222222,211.9472222022222,2e-08,0.9999999999056369,0.48852177564536975,56.92722900944693,69.76852671189539,48.02322678960458,65.46631336086396,0.0,0.0,0.0,,,1e-08,True,True,0,0,0.0,0.0,0.0,0.0,1e-08,0.24597222222222226,0,0.0,542,3,0.0,0.0,108.40638886888888,0.0,0.0,103.54083333333331
scenario_coarse,0.25,6.246867333183755,24.98746933273502,0.24999999999999997,18.740601999551266,3.03474244549885,7.0818577105989045,-12.708553704250235,-9.999979511121637e-09,52.56768479821294,1e-08,42.85234989905221,screened_water_cap_0.25,conservative_site_selection,hub_policy_compliant,central,uniform_google_ai_2024,portfolio_mean,central,gentd26_hourly_service_demand.csv,gentd26_aligned_regional_hourly_cef.csv,capacity_scenarios.csv,energy_calibration_bounds.csv,trace_timestamp_anonymized,single_row_default,0.5,20.0,carbon,211.9472222222222,211.9472222022222,2e-08,0.9999999999056369,0.49687880897468617,56.92722900944693,69.74473957438653,45.88709234455106,65.46631336086396,6.246867333183754,0.09542109540749179,0.0,,,1e-08,True,True,0,754,0.0,0.0,0.0,0.0,1e-08,0.24597222222222226,0,0.0,549,3,8.881784197001252e-16,0.0,106.63513886888889,20.042430555555548,0.1818055555555554,85.08784722222224
scenario_coarse,0.5,12.49373466636751,24.98746933273502,0.5000000000000001,12.493734666367509,1.4877270148181125,3.471751300273551,-15.651455672672732,-9.999979511121637e-09,52.56768479821294,1e-08,42.85234989905221,screened_water_cap_0.50,conservative_site_selection,hub_policy_compliant,central,uniform_google_ai_2024,portfolio_mean,central,gentd26_hourly_service_demand.csv,gentd26_aligned_regional_hourly_cef.csv,capacity_scenarios.csv,energy_calibration_bounds.csv,trace_timestamp_anonymized,single_row_default,0.5,20.0,carbon,211.9472222222222,211.9472222022222,2e-08,0.9999999999056369,0.4993230757604111,56.92722900944693,69.73778230763295,44.34007691387032,65.46631336086396,12.493734666367512,0.19084219081498363,0.0,,,1e-08,True,True,0,763,0.0,0.0,0.0,0.0,1e-08,0.24597222222222226,0,0.0,552,3,-1.7763568394002505e-15,1.7763568394002505e-15,106.11708331333332,35.89902777777778,4.549444444444444,65.38166666666666
scenario_coarse,0.75,18.740601999551266,24.98746933273502,0.75,6.246867333183754,0.44340954493666374,1.0347379921549438,-17.638070593779066,-9.999979511121637e-09,52.56768479821294,1e-08,42.85234989905221,screened_water_cap_0.75,conservative_site_selection,hub_policy_compliant,central,uniform_google_ai_2024,portfolio_mean,central,gentd26_hourly_service_demand.csv,gentd26_aligned_regional_hourly_cef.csv,capacity_scenarios.csv,energy_calibration_bounds.csv,trace_timestamp_anonymized,single_row_default,0.5,20.0,carbon,211.9472222222222,211.9472222022222,2e-08,0.9999999999056369,0.5000000000471816,56.92722900944693,69.73585553643821,43.29575944398887,65.46631336086396,18.740601999551266,0.2862632862224754,0.0,,,1e-08,True,True,0,776,0.0,0.0,0.0,0.0,1e-08,0.24597222222222226,0,0.0,554,3,0.0,0.0,105.97361109111111,52.03145833333334,8.64125,45.30090277777776
scenario_coarse,1.0,24.98746933273502,24.98746933273502,1.0000000000000007,-1.7763568394002505e-14,0.0,0.0,-18.481572731335138,-9.999979511121637e-09,52.56768479821294,1e-08,42.85234989905221,screened_water_cap_1.00,conservative_site_selection,hub_policy_compliant,central,uniform_google_ai_2024,portfolio_mean,central,gentd26_hourly_service_demand.csv,gentd26_aligned_regional_hourly_cef.csv,capacity_scenarios.csv,energy_calibration_bounds.csv,trace_timestamp_anonymized,single_row_default,0.5,20.0,carbon,211.9472222222222,211.9472222022222,2e-08,0.9999999999056369,0.5000000000471815,56.92722900944693,69.73585553643821,42.85234989905221,65.46631336086396,24.98746933273504,0.38168438162996743,0.0,,,1e-08,True,True,0,777,0.0,0.0,0.0,0.0,1e-08,0.24597222222222226,0,0.0,554,3,-1.7763568394002505e-14,1.7763568394002505e-14,105.97361109111111,66.37930555555566,14.51763888888889,25.076666666666615
scenario_coarse,0.0,0.0,24.98746933273502,0.0,24.98746933273502,5.170876890552371,12.066728902226998,-8.644965107466273,-9.999979511121637e-09,52.56768479821294,1e-08,42.85234989905221,screened_water_cap_0.00,conservative_site_selection,hub_policy_compliant,central,uniform_google_ai_2024,portfolio_mean,central,gentd26_hourly_service_demand.csv,gentd26_aligned_regional_hourly_cef.csv,capacity_scenarios.csv,energy_calibration_bounds.csv,trace_timestamp_anonymized,single_row_default,0.5,35.0,carbon,211.9472222222222,211.9472222022222,2e-08,0.9999999999056369,0.48852177564536975,56.92722900944693,69.76852671189539,48.02322678960458,65.46631336086396,0.0,0.0,0.0,,,1e-08,True,True,0,0,0.0,0.0,0.0,0.0,1e-08,0.24597222222222226,0,0.0,542,3,0.0,0.0,108.40638886888888,0.0,0.0,103.54083333333331
scenario_coarse,0.25,6.246867333183755,24.98746933273502,0.24999999999999997,18.740601999551266,3.03474244549885,7.0818577105989045,-12.708553704250235,-9.999979511121637e-09,52.56768479821294,1e-08,42.85234989905221,screened_water_cap_0.25,conservative_site_selection,hub_policy_compliant,central,uniform_google_ai_2024,portfolio_mean,central,gentd26_hourly_service_demand.csv,gentd26_aligned_regional_hourly_cef.csv,capacity_scenarios.csv,energy_calibration_bounds.csv,trace_timestamp_anonymized,single_row_default,0.5,35.0,carbon,211.9472222222222,211.9472222022222,2e-08,0.9999999999056369,0.49687880897468617,56.92722900944693,69.74473957438653,45.88709234455106,65.46631336086396,6.246867333183754,0.09542109540749179,0.0,,,1e-08,True,True,0,754,0.0,0.0,0.0,0.0,1e-08,0.24597222222222226,0,0.0,549,3,8.881784197001252e-16,0.0,106.63513886888889,20.042430555555548,0.1818055555555554,85.08784722222224
scenario_coarse,0.5,12.49373466636751,24.98746933273502,0.5000000000000001,12.493734666367509,1.4877270148181125,3.471751300273551,-15.651455672672732,-9.999979511121637e-09,52.56768479821294,1e-08,42.85234989905221,screened_water_cap_0.50,conservative_site_selection,hub_policy_compliant,central,uniform_google_ai_2024,portfolio_mean,central,gentd26_hourly_service_demand.csv,gentd26_aligned_regional_hourly_cef.csv,capacity_scenarios.csv,energy_calibration_bounds.csv,trace_timestamp_anonymized,single_row_default,0.5,35.0,carbon,211.9472222222222,211.9472222022222,2e-08,0.9999999999056369,0.4993230757604111,56.92722900944693,69.73778230763295,44.34007691387032,65.46631336086396,12.493734666367512,0.19084219081498363,0.0,,,1e-08,True,True,0,763,0.0,0.0,0.0,0.0,1e-08,0.24597222222222226,0,0.0,552,3,-1.7763568394002505e-15,1.7763568394002505e-15,106.11708331333332,35.89902777777778,4.549444444444444,65.38166666666666
scenario_coarse,0.75,18.740601999551266,24.98746933273502,0.75,6.246867333183754,0.44340954493666374,1.0347379921549438,-17.638070593779066,-9.999979511121637e-09,52.56768479821294,1e-08,42.85234989905221,screened_water_cap_0.75,conservative_site_selection,hub_policy_compliant,central,uniform_google_ai_2024,portfolio_mean,central,gentd26_hourly_service_demand.csv,gentd26_aligned_regional_hourly_cef.csv,capacity_scenarios.csv,energy_calibration_bounds.csv,trace_timestamp_anonymized,single_row_default,0.5,35.0,carbon,211.9472222222222,211.9472222022222,2e-08,0.9999999999056369,0.5000000000471816,56.92722900944693,69.73585553643821,43.29575944398887,65.46631336086396,18.740601999551266,0.2862632862224754,0.0,,,1e-08,True,True,0,776,0.0,0.0,0.0,0.0,1e-08,0.24597222222222226,0,0.0,554,3,0.0,0.0,105.97361109111111,52.03145833333334,8.64125,45.30090277777776
scenario_coarse,1.0,24.98746933273502,24.98746933273502,1.0000000000000007,-1.7763568394002505e-14,0.0,0.0,-18.481572731335138,-9.999979511121637e-09,52.56768479821294,1e-08,42.85234989905221,screened_water_cap_1.00,conservative_site_selection,hub_policy_compliant,central,uniform_google_ai_2024,portfolio_mean,central,gentd26_hourly_service_demand.csv,gentd26_aligned_regional_hourly_cef.csv,capacity_scenarios.csv,energy_calibration_bounds.csv,trace_timestamp_anonymized,single_row_default,0.5,35.0,carbon,211.9472222222222,211.9472222022222,2e-08,0.9999999999056369,0.5000000000471815,56.92722900944693,69.73585553643821,42.85234989905221,65.46631336086396,24.98746933273504,0.38168438162996743,0.0,,,1e-08,True,True,0,777,0.0,0.0,0.0,0.0,1e-08,0.24597222222222226,0,0.0,554,3,-1.7763568394002505e-14,1.7763568394002505e-14,105.97361109111111,66.37930555555566,14.51763888888889,25.076666666666615
scenario_coarse,0.0,0.0,9.765751389221197,0.0,9.765751389221197,2.4656895813515405,4.921340099947824,-5.017464221879209e-09,-1.0000007932831068e-08,52.56768479821294,1e-08,50.101995214223834,screened_water_cap_0.00,conservative_site_selection,hub_policy_compliant,ample,uniform_google_ai_2024,portfolio_mean,central,gentd26_hourly_service_demand.csv,gentd26_aligned_regional_hourly_cef.csv,capacity_scenarios.csv,energy_calibration_bounds.csv,trace_timestamp_anonymized,single_row_default,0.15,15.0,carbon,211.9472222222222,211.94722220222218,2e-08,0.9999999999056368,0.0,56.92722900944693,71.15903626180867,52.567684795575374,65.46631336086396,0.0,0.0,0.0,,,1e-08,True,True,0,0,0.0,0.0,0.0,0.0,1e-08,1.4919444444444445,0,0.0,184,1,0.0,0.0,211.94722220222224,0.0,0.0,0.0
scenario_coarse,0.25,2.4414378473052993,9.765751389221197,0.25,7.324313541915898,1.4545272885266343,2.903132464700131,-1.9235435217357044,-9.999979511121637e-09,52.56768479821294,1e-08,50.101995214223834,screened_water_cap_0.25,conservative_site_selection,hub_policy_compliant,ample,uniform_google_ai_2024,portfolio_mean,central,gentd26_hourly_service_demand.csv,gentd26_aligned_regional_hourly_cef.csv,capacity_scenarios.csv,energy_calibration_bounds.csv,trace_timestamp_anonymized,single_row_default,0.15,15.0,carbon,211.9472222222222,211.9472222022222,2e-08,0.9999999999056369,0.03729304006852478,56.92722900944694,71.0528867901867,51.55652250275047,65.46631336086396,2.4414378473052993,0.03729304006852478,0.0,,,1e-08,True,True,0,1,2.220446049250313e-16,0.0,0.0,0.0,1e-08,1.4919444444444445,0,0.0,290,1,0.0,0.0,204.0430659522222,7.904156249999998,0.0,0.0
scenario_coarse,0.5,4.882875694610599,9.765751389221197,0.5,4.882875694610599,0.7128423985934091,1.4227824571565906,-3.3344576466020848,-9.999979511121637e-09,52.56768479821294,1e-08,50.101995214223834,screened_water_cap_0.50,conservative_site_selection,hub_policy_compliant,ample,uniform_google_ai_2024,portfolio_mean,central,gentd26_hourly_service_demand.csv,gentd26_aligned_regional_hourly_cef.csv,capacity_scenarios.csv,energy_calibration_bounds.csv,trace_timestamp_anonymized,single_row_default,0.15,15.0,carbon,211.9472222222222,211.9472222022222,2e-08,0.9999999999056369,0.07458608013704957,56.92722900944693,70.94673731856474,50.81483761281724,65.46631336086396,4.882875694610599,0.07458608013704957,0.0,,,1e-08,True,True,0,1,2.220446049250313e-16,0.0,0.0,0.0,1e-08,1.4919444444444445,0,0.0,370,1,0.0,0.0,196.13890970222224,15.808312500000001,0.0,0.0
scenario_coarse,0.75,7.324313541915898,9.765751389221197,0.7500000000000001,2.4414378473052984,0.2188846743358681,0.43687815904331906,-4.274118059940912,-9.999979511121637e-09,52.56768479821294,1e-08,50.101995214223834,screened_water_cap_0.75,conservative_site_selection,hub_policy_compliant,ample,uniform_google_ai_2024,portfolio_mean,central,gentd26_hourly_service_demand.csv,gentd26_aligned_regional_hourly_cef.csv,capacity_scenarios.csv,energy_calibration_bounds.csv,trace_timestamp_anonymized,single_row_default,0.15,15.0,carbon,211.9472222222222,211.9472222022222,2e-08,0.9999999999056369,0.11187912020557438,56.92722900944694,70.84058784694275,50.3208798885597,65.46631336086396,7.324313541915899,0.11187912020557438,0.0,,,1e-08,True,True,0,1,2.220446049250313e-16,0.0,0.0,0.0,1e-08,1.4919444444444445,0,0.0,453,1,-8.881784197001252e-16,8.881784197001252e-16,188.23475345222224,23.71246875000001,0.0,0.0
scenario_coarse,1.0,9.765751389221197,9.765751389221197,1.0,0.0,0.0,0.0,-4.69050442958242,-9.999979511121637e-09,52.56768479821294,1e-08,50.101995214223834,screened_water_cap_1.00,conservative_site_selection,hub_policy_compliant,ample,uniform_google_ai_2024,portfolio_mean,central,gentd26_hourly_service_demand.csv,gentd26_aligned_regional_hourly_cef.csv,capacity_scenarios.csv,energy_calibration_bounds.csv,trace_timestamp_anonymized,single_row_default,0.15,15.0,carbon,211.9472222222222,211.9472222022222,2e-08,0.9999999999056369,0.14917216027409916,56.92722900944694,70.73443837532079,50.101995214223834,65.46631336086396,9.765751389221197,0.14917216027409913,0.0,,,1e-08,True,True,0,0,4.440892098500626e-16,0.0,0.0,0.0,1e-08,2.018152777777778,0,0.0,546,1,0.0,0.0,180.33059720222226,31.616625000000013,0.0,0.0
scenario_coarse,0.0,0.0,7.496240799820507,0.0,7.496240799820507,1.5512630671657135,3.124202832922718,-2.5934895357520915,-9.999979511121637e-09,52.56768479821294,1e-08,49.653084326618426,screened_water_cap_0.00,conservative_site_selection,hub_policy_compliant,ample,uniform_google_ai_2024,portfolio_mean,central,gentd26_hourly_service_demand.csv,gentd26_aligned_regional_hourly_cef.csv,capacity_scenarios.csv,energy_calibration_bounds.csv,trace_timestamp_anonymized,single_row_default,0.15,20.0,carbon,211.9472222222222,211.9472222022222,2e-08,0.9999999999056369,0.14655653269361094,56.92722900944693,70.7418833968347,51.20434739378414,65.46631336086396,0.0,0.0,0.0,,,1e-08,True,True,0,0,4.440892098500626e-16,0.0,0.0,0.0,1e-08,2.018152777777778,0,0.0,542,3,0.0,0.0,180.8849722022223,0.0,0.0,31.06225000000001
scenario_coarse,0.25,1.8740601999551267,7.496240799820507,0.24999999999999997,5.622180599865381,0.9104227336496535,1.8335673322142254,-3.812566114787297,-9.999979511121637e-09,52.56768479821294,1e-08,49.653084326618426,screened_water_cap_0.25,conservative_site_selection,hub_policy_compliant,ample,uniform_google_ai_2024,portfolio_mean,central,gentd26_hourly_service_demand.csv,gentd26_aligned_regional_hourly_cef.csv,capacity_scenarios.csv,energy_calibration_bounds.csv,trace_timestamp_anonymized,single_row_default,0.15,20.0,carbon,211.9472222222222,211.9472222022222,2e-08,0.9999999999056369,0.14906364269240582,56.92722900944694,70.73474725558202,50.56350706026808,65.46631336086396,1.8740601999551265,0.028626328622247538,0.0,,,1e-08,True,True,0,758,4.440892098500626e-16,0.0,0.0,0.0,1e-08,2.018152777777778,0,0.0,549,3,2.220446049250313e-16,0.0,180.35359720222226,6.0127291666666665,0.05454166666666663,25.526354166666675
scenario_coarse,0.5,3.7481203999102535,7.496240799820507,0.5,3.7481203999102535,0.44631810444543163,0.8988728706348814,-4.695436705314037,-9.999979511121637e-09,52.56768479821294,1e-08,49.653084326618426,screened_water_cap_0.50,conservative_site_selection,hub_policy_compliant,ample,uniform_google_ai_2024,portfolio_mean,central,gentd26_hourly_service_demand.csv,gentd26_aligned_regional_hourly_cef.csv,capacity_scenarios.csv,energy_calibration_bounds.csv,trace_timestamp_anonymized,single_row_default,0.15,20.0,carbon,211.9472222222222,211.9472222022222,2e-08,0.9999999999056369,0.1497969227281233,56.92722900944695,70.73266007555596,50.09940243106386,65.46631336086396,3.7481203999102535,0.05725265724449508,0.0,,,1e-08,True,True,0,778,4.440892098500626e-16,0.0,0.0,0.0,1e-08,2.018152777777778,0,0.0,552,3,0.0,0.0,180.1981805355556,10.769708333333329,1.3648333333333333,19.614499999999992
scenario_coarse,0.75,5.622180599865381,7.496240799820507,0.7499999999999998,1.874060199955128,0.13302286348100267,0.2679045325885143,-5.291421181645928,-9.999979511121637e-09,52.56768479821294,1e-08,49.653084326618426,screened_water_cap_0.75,conservative_site_selection,hub_policy_compliant,ample,uniform_google_ai_2024,portfolio_mean,central,gentd26_hourly_service_demand.csv,gentd26_aligned_regional_hourly_cef.csv,capacity_scenarios.csv,energy_calibration_bounds.csv,trace_timestamp_anonymized,single_row_default,0.15,20.0,carbon,211.9472222222222,211.9472222022222,2e-08,0.9999999999056369,0.15000000001415448,56.92722900944695,70.73208204419753,49.78610719009943,65.46631336086396,5.622180599865379,0.0858789858667426,0.0,,,1e-08,True,True,0,802,4.440892098500626e-16,0.0,0.0,0.0,1e-08,2.018152777777778,0,0.0,554,3,1.7763568394002505e-15,0.0,180.1551388688889,15.609437499999995,2.5923750000000005,13.590270833333326
scenario_coarse,1.0,7.496240799820507,7.496240799820507,0.9999999999999998,1.7763568394002505e-15,0.0,0.0,-5.544471822912755,-9.999979511121637e-09,52.56768479821294,1e-08,49.653084326618426,screened_water_cap_1.00,conservative_site_selection,hub_policy_compliant,ample,uniform_google_ai_2024,portfolio_mean,central,gentd26_hourly_service_demand.csv,gentd26_aligned_regional_hourly_cef.csv,capacity_scenarios.csv,energy_calibration_bounds.csv,trace_timestamp_anonymized,single_row_default,0.15,20.0,carbon,211.9472222222222,211.9472222022222,2e-08,0.9999999999056369,0.15000000001415445,56.92722900944694,70.73208204419753,49.653084326618426,65.46631336086396,7.496240799820505,0.11450531448899014,0.0,,,1e-08,True,True,0,815,4.440892098500626e-16,0.0,0.0,0.0,1e-08,2.018152777777778,0,0.0,554,3,1.7763568394002505e-15,0.0,180.15513886888897,19.913791666666672,4.355291666666667,7.523
scenario_coarse,0.0,0.0,7.496240799820507,0.0,7.496240799820507,1.5512630671657135,3.124202832922718,-2.5934895357520915,-9.999979511121637e-09,52.56768479821294,1e-08,49.653084326618426,screened_water_cap_0.00,conservative_site_selection,hub_policy_compliant,ample,uniform_google_ai_2024,portfolio_mean,central,gentd26_hourly_service_demand.csv,gentd26_aligned_regional_hourly_cef.csv,capacity_scenarios.csv,energy_calibration_bounds.csv,trace_timestamp_anonymized,single_row_default,0.15,35.0,carbon,211.9472222222222,211.9472222022222,2e-08,0.9999999999056369,0.14655653269361094,56.92722900944693,70.7418833968347,51.20434739378414,65.46631336086396,0.0,0.0,0.0,,,1e-08,True,True,0,0,4.440892098500626e-16,0.0,0.0,0.0,1e-08,2.018152777777778,0,0.0,542,3,0.0,0.0,180.8849722022223,0.0,0.0,31.06225000000001
scenario_coarse,0.25,1.8740601999551267,7.496240799820507,0.24999999999999997,5.622180599865381,0.9104227336496535,1.8335673322142254,-3.812566114787297,-9.999979511121637e-09,52.56768479821294,1e-08,49.653084326618426,screened_water_cap_0.25,conservative_site_selection,hub_policy_compliant,ample,uniform_google_ai_2024,portfolio_mean,central,gentd26_hourly_service_demand.csv,gentd26_aligned_regional_hourly_cef.csv,capacity_scenarios.csv,energy_calibration_bounds.csv,trace_timestamp_anonymized,single_row_default,0.15,35.0,carbon,211.9472222222222,211.9472222022222,2e-08,0.9999999999056369,0.14906364269240582,56.92722900944694,70.73474725558202,50.56350706026808,65.46631336086396,1.8740601999551265,0.028626328622247538,0.0,,,1e-08,True,True,0,758,4.440892098500626e-16,0.0,0.0,0.0,1e-08,2.018152777777778,0,0.0,549,3,2.220446049250313e-16,0.0,180.35359720222226,6.0127291666666665,0.05454166666666663,25.526354166666675
scenario_coarse,0.5,3.7481203999102535,7.496240799820507,0.5,3.7481203999102535,0.44631810444543163,0.8988728706348814,-4.695436705314037,-9.999979511121637e-09,52.56768479821294,1e-08,49.653084326618426,screened_water_cap_0.50,conservative_site_selection,hub_policy_compliant,ample,uniform_google_ai_2024,portfolio_mean,central,gentd26_hourly_service_demand.csv,gentd26_aligned_regional_hourly_cef.csv,capacity_scenarios.csv,energy_calibration_bounds.csv,trace_timestamp_anonymized,single_row_default,0.15,35.0,carbon,211.9472222222222,211.9472222022222,2e-08,0.9999999999056369,0.1497969227281233,56.92722900944695,70.73266007555596,50.09940243106386,65.46631336086396,3.7481203999102535,0.05725265724449508,0.0,,,1e-08,True,True,0,778,4.440892098500626e-16,0.0,0.0,0.0,1e-08,2.018152777777778,0,0.0,552,3,0.0,0.0,180.1981805355556,10.769708333333329,1.3648333333333333,19.614499999999992
scenario_coarse,0.75,5.622180599865381,7.496240799820507,0.7499999999999998,1.874060199955128,0.13302286348100267,0.2679045325885143,-5.291421181645928,-9.999979511121637e-09,52.56768479821294,1e-08,49.653084326618426,screened_water_cap_0.75,conservative_site_selection,hub_policy_compliant,ample,uniform_google_ai_2024,portfolio_mean,central,gentd26_hourly_service_demand.csv,gentd26_aligned_regional_hourly_cef.csv,capacity_scenarios.csv,energy_calibration_bounds.csv,trace_timestamp_anonymized,single_row_default,0.15,35.0,carbon,211.9472222222222,211.9472222022222,2e-08,0.9999999999056369,0.15000000001415448,56.92722900944695,70.73208204419753,49.78610719009943,65.46631336086396,5.622180599865379,0.0858789858667426,0.0,,,1e-08,True,True,0,802,4.440892098500626e-16,0.0,0.0,0.0,1e-08,2.018152777777778,0,0.0,554,3,1.7763568394002505e-15,0.0,180.1551388688889,15.609437499999995,2.5923750000000005,13.590270833333326
scenario_coarse,1.0,7.496240799820507,7.496240799820507,0.9999999999999998,1.7763568394002505e-15,0.0,0.0,-5.544471822912755,-9.999979511121637e-09,52.56768479821294,1e-08,49.653084326618426,screened_water_cap_1.00,conservative_site_selection,hub_policy_compliant,ample,uniform_google_ai_2024,portfolio_mean,central,gentd26_hourly_service_demand.csv,gentd26_aligned_regional_hourly_cef.csv,capacity_scenarios.csv,energy_calibration_bounds.csv,trace_timestamp_anonymized,single_row_default,0.15,35.0,carbon,211.9472222222222,211.9472222022222,2e-08,0.9999999999056369,0.15000000001415445,56.92722900944694,70.73208204419753,49.653084326618426,65.46631336086396,7.496240799820505,0.11450531448899014,0.0,,,1e-08,True,True,0,815,4.440892098500626e-16,0.0,0.0,0.0,1e-08,2.018152777777778,0,0.0,554,3,1.7763568394002505e-15,0.0,180.15513886888897,19.913791666666672,4.355291666666667,7.523
scenario_coarse,0.0,0.0,19.531502778442395,0.0,19.531502778442395,4.931379162703081,10.352144435189148,-5.017464221879209e-09,-1.0000007932831068e-08,52.56768479821294,1e-08,47.63630563287229,screened_water_cap_0.00,conservative_site_selection,hub_policy_compliant,ample,uniform_google_ai_2024,portfolio_mean,central,gentd26_hourly_service_demand.csv,gentd26_aligned_regional_hourly_cef.csv,capacity_scenarios.csv,energy_calibration_bounds.csv,trace_timestamp_anonymized,single_row_default,0.3,15.0,carbon,211.9472222222222,211.94722220222218,2e-08,0.9999999999056368,0.0,56.92722900944693,71.15903626180867,52.567684795575374,65.46631336086396,0.0,0.0,0.0,,,1e-08,True,True,0,0,0.0,0.0,0.0,0.0,1e-08,1.4919444444444445,0,0.0,184,1,0.0,0.0,211.94722220222224,0.0,0.0,0.0
scenario_coarse,0.25,4.882875694610599,19.531502778442395,0.25,14.648627083831796,2.9090545770532827,6.106801395290895,-3.8470870384539224,-9.999979511121637e-09,52.56768479821294,1e-08,47.63630563287229,screened_water_cap_0.25,conservative_site_selection,hub_policy_compliant,ample,uniform_google_ai_2024,portfolio_mean,central,gentd26_hourly_service_demand.csv,gentd26_aligned_regional_hourly_cef.csv,capacity_scenarios.csv,energy_calibration_bounds.csv,trace_timestamp_anonymized,single_row_default,0.3,15.0,carbon,211.9472222222222,211.9472222022222,2e-08,0.9999999999056369,0.07458608013704957,56.92722900944693,70.94673731856474,50.545360209925576,65.46631336086396,4.882875694610599,0.07458608013704957,0.0,,,1e-08,True,True,0,1,2.220446049250313e-16,0.0,0.0,0.0,1e-08,1.4919444444444445,0,0.0,290,1,0.0,0.0,196.13890970222226,15.808312499999996,0.0,0.0
scenario_coarse,0.5,9.765751389221197,19.531502778442395,0.5,9.765751389221197,1.4256847971868183,2.9928534092765524,-6.668915288186716,-9.999979511121637e-09,52.56768479821294,1e-08,47.63630563287229,screened_water_cap_0.50,conservative_site_selection,hub_policy_compliant,ample,uniform_google_ai_2024,portfolio_mean,central,gentd26_hourly_service_demand.csv,gentd26_aligned_regional_hourly_cef.csv,capacity_scenarios.csv,energy_calibration_bounds.csv,trace_timestamp_anonymized,single_row_default,0.3,15.0,carbon,211.9472222222222,211.9472222022222,2e-08,0.9999999999056369,0.14917216027409913,56.92722900944693,70.73443837532079,49.06199043005911,65.46631336086396,9.765751389221197,0.14917216027409913,0.0,,,1e-08,True,True,0,1,2.220446049250313e-16,0.0,0.0,0.0,1e-08,1.4919444444444445,0,0.0,370,1,0.0,0.0,180.3305972022222,31.616625000000003,0.0,0.0
scenario_coarse,0.75,14.648627083831796,19.531502778442395,0.7500000000000001,4.882875694610597,0.4377693486717362,0.9189825761165782,-8.548236114864372,-1.0000007932831068e-08,52.56768479821294,1e-08,47.63630563287229,screened_water_cap_0.75,conservative_site_selection,hub_policy_compliant,ample,uniform_google_ai_2024,portfolio_mean,central,gentd26_hourly_service_demand.csv,gentd26_aligned_regional_hourly_cef.csv,capacity_scenarios.csv,energy_calibration_bounds.csv,trace_timestamp_anonymized,single_row_default,0.3,15.0,carbon,211.9472222222222,211.94722220222218,2e-08,0.9999999999056368,0.22375824041114878,56.92722900944693,70.52213943207686,48.07407498154403,65.46631336086396,14.648627083831798,0.22375824041114875,0.0,,,1e-08,True,True,0,1,2.220446049250313e-16,0.0,0.0,0.0,1e-08,1.4919444444444445,0,0.0,453,1,-1.7763568394002505e-15,1.7763568394002505e-15,164.52228470222218,47.42493750000002,0.0,0.0
scenario_coarse,1.0,19.531502778442395,19.531502778442395,1.0,0.0,0.0,0.0,-9.381008854147389,-1.0000007932831068e-08,52.56768479821294,1e-08,47.63630563287229,screened_water_cap_1.00,conservative_site_selection,hub_policy_compliant,ample,uniform_google_ai_2024,portfolio_mean,central,gentd26_hourly_service_demand.csv,gentd26_aligned_regional_hourly_cef.csv,capacity_scenarios.csv,energy_calibration_bounds.csv,trace_timestamp_anonymized,single_row_default,0.3,15.0,carbon,211.9472222222222,211.94722220222218,2e-08,0.9999999999056368,0.29834432054819837,56.92722900944693,70.30984048883292,47.63630563287229,65.46631336086396,19.531502778442395,0.29834432054819826,0.0,,,1e-08,True,True,0,0,4.440892098500626e-16,0.0,0.0,0.0,1e-08,1.9475833333333334,0,0.0,546,1,0.0,0.0,148.71397220222218,63.23325000000003,0.0,0.0
scenario_coarse,0.0,0.0,14.992481599641014,0.0,14.992481599641014,3.102526134331427,6.638054721201336,-5.18697906648673,-9.999979511121637e-09,52.56768479821294,1e-08,46.73848385766148,screened_water_cap_0.00,conservative_site_selection,hub_policy_compliant,ample,uniform_google_ai_2024,portfolio_mean,central,gentd26_hourly_service_demand.csv,gentd26_aligned_regional_hourly_cef.csv,capacity_scenarios.csv,energy_calibration_bounds.csv,trace_timestamp_anonymized,single_row_default,0.3,20.0,carbon,211.9472222222222,211.9472222022222,2e-08,0.9999999999056369,0.29311306538722187,56.92722900944693,70.3247305318607,49.841009991992905,65.46631336086396,0.0,0.0,0.0,,,1e-08,True,True,0,0,4.440892098500626e-16,0.0,0.0,0.0,1e-08,1.9475833333333334,0,0.0,542,3,0.0,0.0,149.82272220222217,0.0,0.0,62.12450000000002
scenario_coarse,0.25,3.7481203999102535,14.992481599641014,0.24999999999999997,11.244361199730761,1.820845467299307,3.8958162888735437,-7.625132224557129,-9.999979511121637e-09,52.56768479821294,1e-08,46.73848385766148,screened_water_cap_0.25,conservative_site_selection,hub_policy_compliant,ample,uniform_google_ai_2024,portfolio_mean,central,gentd26_hourly_service_demand.csv,gentd26_aligned_regional_hourly_cef.csv,capacity_scenarios.csv,energy_calibration_bounds.csv,trace_timestamp_anonymized,single_row_default,0.3,20.0,carbon,211.9472222222222,211.9472222022222,2e-08,0.9999999999056369,0.29812728538481165,56.92722900944693,70.31045824935538,48.559329324960785,65.46631336086396,3.748120399910253,0.057252657244495075,0.0,,,1e-08,True,True,0,754,4.440892098500626e-16,0.0,0.0,0.0,1e-08,1.9475833333333334,0,0.0,549,3,4.440892098500626e-16,0.0,148.75997220222223,12.025458333333333,0.10908333333333325,51.05270833333335
scenario_coarse,0.5,7.496240799820507,14.992481599641014,0.5,7.496240799820507,0.8926362088908633,1.909852727806327,-9.390873405610623,-9.999979511121637e-09,52.56768479821294,1e-08,46.73848385766148,screened_water_cap_0.50,conservative_site_selection,hub_policy_compliant,ample,uniform_google_ai_2024,portfolio_mean,central,gentd26_hourly_service_demand.csv,gentd26_aligned_regional_hourly_cef.csv,capacity_scenarios.csv,energy_calibration_bounds.csv,trace_timestamp_anonymized,single_row_default,0.3,20.0,carbon,211.9472222222222,211.9472222022222,2e-08,0.9999999999056369,0.2995938454562466,56.92722900944693,70.30628388930324,47.63112006655234,65.46631336086396,7.496240799820507,0.11450531448899016,0.0,,,1e-08,True,True,0,768,4.440892098500626e-16,0.0,0.0,0.0,1e-08,1.9475833333333334,0,0.0,552,3,0.0,0.0,148.4491388688889,21.539416666666657,2.7296666666666667,39.228999999999985
scenario_coarse,0.75,11.244361199730761,14.992481599641014,0.7499999999999998,3.748120399910256,0.26604572696199114,0.5692219879708027,-10.582842358274435,-1.0000007932831068e-08,52.56768479821294,1e-08,46.73848385766148,screened_water_cap_0.75,conservative_site_selection,hub_policy_compliant,ample,uniform_google_ai_2024,portfolio_mean,central,gentd26_hourly_service_demand.csv,gentd26_aligned_regional_hourly_cef.csv,capacity_scenarios.csv,energy_calibration_bounds.csv,trace_timestamp_anonymized,single_row_default,0.3,20.0,carbon,211.9472222222222,211.94722220222218,2e-08,0.9999999999056368,0.30000000002830896,56.92722900944693,70.30512782658639,47.00452958462347,65.46631336086396,11.244361199730758,0.1717579717334852,0.0,,,1e-08,True,True,0,779,4.440892098500626e-16,0.0,0.0,0.0,1e-08,1.9475833333333334,0,0.0,554,3,3.552713678800501e-15,0.0,148.36305553555553,31.21887499999999,5.184750000000001,27.180541666666652
scenario_coarse,1.0,14.992481599641014,14.992481599641014,0.9999999999999998,3.552713678800501e-15,0.0,0.0,-11.088943640808058,-1.0000007932831068e-08,52.56768479821294,1e-08,46.73848385766148,screened_water_cap_1.00,conservative_site_selection,hub_policy_compliant,ample,uniform_google_ai_2024,portfolio_mean,central,gentd26_hourly_service_demand.csv,gentd26_aligned_regional_hourly_cef.csv,capacity_scenarios.csv,energy_calibration_bounds.csv,trace_timestamp_anonymized,single_row_default,0.3,20.0,carbon,211.9472222222222,211.94722220222218,2e-08,0.9999999999056368,0.30000000002830896,56.92722900944693,70.30512782658639,46.73848385766148,65.46631336086396,14.99248159964101,0.22901062897798027,0.0,,,1e-08,True,True,0,787,4.440892098500626e-16,0.0,0.0,0.0,1e-08,1.9475833333333334,0,0.0,554,3,3.552713678800501e-15,0.0,148.36305553555553,39.827583333333344,8.710583333333334,15.046
scenario_coarse,0.0,0.0,14.992481599641014,0.0,14.992481599641014,3.102526134331427,6.638054721201336,-5.18697906648673,-9.999979511121637e-09,52.56768479821294,1e-08,46.73848385766148,screened_water_cap_0.00,conservative_site_selection,hub_policy_compliant,ample,uniform_google_ai_2024,portfolio_mean,central,gentd26_hourly_service_demand.csv,gentd26_aligned_regional_hourly_cef.csv,capacity_scenarios.csv,energy_calibration_bounds.csv,trace_timestamp_anonymized,single_row_default,0.3,35.0,carbon,211.9472222222222,211.9472222022222,2e-08,0.9999999999056369,0.29311306538722187,56.92722900944693,70.3247305318607,49.841009991992905,65.46631336086396,0.0,0.0,0.0,,,1e-08,True,True,0,0,4.440892098500626e-16,0.0,0.0,0.0,1e-08,1.9475833333333334,0,0.0,542,3,0.0,0.0,149.82272220222217,0.0,0.0,62.12450000000002
scenario_coarse,0.25,3.7481203999102535,14.992481599641014,0.24999999999999997,11.244361199730761,1.820845467299307,3.8958162888735437,-7.625132224557129,-9.999979511121637e-09,52.56768479821294,1e-08,46.73848385766148,screened_water_cap_0.25,conservative_site_selection,hub_policy_compliant,ample,uniform_google_ai_2024,portfolio_mean,central,gentd26_hourly_service_demand.csv,gentd26_aligned_regional_hourly_cef.csv,capacity_scenarios.csv,energy_calibration_bounds.csv,trace_timestamp_anonymized,single_row_default,0.3,35.0,carbon,211.9472222222222,211.9472222022222,2e-08,0.9999999999056369,0.29812728538481165,56.92722900944693,70.31045824935538,48.559329324960785,65.46631336086396,3.748120399910253,0.057252657244495075,0.0,,,1e-08,True,True,0,754,4.440892098500626e-16,0.0,0.0,0.0,1e-08,1.9475833333333334,0,0.0,549,3,4.440892098500626e-16,0.0,148.75997220222223,12.025458333333333,0.10908333333333325,51.05270833333335
scenario_coarse,0.5,7.496240799820507,14.992481599641014,0.5,7.496240799820507,0.8926362088908633,1.909852727806327,-9.390873405610623,-9.999979511121637e-09,52.56768479821294,1e-08,46.73848385766148,screened_water_cap_0.50,conservative_site_selection,hub_policy_compliant,ample,uniform_google_ai_2024,portfolio_mean,central,gentd26_hourly_service_demand.csv,gentd26_aligned_regional_hourly_cef.csv,capacity_scenarios.csv,energy_calibration_bounds.csv,trace_timestamp_anonymized,single_row_default,0.3,35.0,carbon,211.9472222222222,211.9472222022222,2e-08,0.9999999999056369,0.2995938454562466,56.92722900944693,70.30628388930324,47.63112006655234,65.46631336086396,7.496240799820507,0.11450531448899016,0.0,,,1e-08,True,True,0,768,4.440892098500626e-16,0.0,0.0,0.0,1e-08,1.9475833333333334,0,0.0,552,3,0.0,0.0,148.4491388688889,21.539416666666657,2.7296666666666667,39.228999999999985
scenario_coarse,0.75,11.244361199730761,14.992481599641014,0.7499999999999998,3.748120399910256,0.26604572696199114,0.5692219879708027,-10.582842358274435,-1.0000007932831068e-08,52.56768479821294,1e-08,46.73848385766148,screened_water_cap_0.75,conservative_site_selection,hub_policy_compliant,ample,uniform_google_ai_2024,portfolio_mean,central,gentd26_hourly_service_demand.csv,gentd26_aligned_regional_hourly_cef.csv,capacity_scenarios.csv,energy_calibration_bounds.csv,trace_timestamp_anonymized,single_row_default,0.3,35.0,carbon,211.9472222222222,211.94722220222218,2e-08,0.9999999999056368,0.30000000002830896,56.92722900944693,70.30512782658639,47.00452958462347,65.46631336086396,11.244361199730758,0.1717579717334852,0.0,,,1e-08,True,True,0,779,4.440892098500626e-16,0.0,0.0,0.0,1e-08,1.9475833333333334,0,0.0,554,3,3.552713678800501e-15,0.0,148.36305553555553,31.21887499999999,5.184750000000001,27.180541666666652
scenario_coarse,1.0,14.992481599641014,14.992481599641014,0.9999999999999998,3.552713678800501e-15,0.0,0.0,-11.088943640808058,-1.0000007932831068e-08,52.56768479821294,1e-08,46.73848385766148,screened_water_cap_1.00,conservative_site_selection,hub_policy_compliant,ample,uniform_google_ai_2024,portfolio_mean,central,gentd26_hourly_service_demand.csv,gentd26_aligned_regional_hourly_cef.csv,capacity_scenarios.csv,energy_calibration_bounds.csv,trace_timestamp_anonymized,single_row_default,0.3,35.0,carbon,211.9472222222222,211.94722220222218,2e-08,0.9999999999056368,0.30000000002830896,56.92722900944693,70.30512782658639,46.73848385766148,65.46631336086396,14.99248159964101,0.22901062897798027,0.0,,,1e-08,True,True,0,787,4.440892098500626e-16,0.0,0.0,0.0,1e-08,1.9475833333333334,0,0.0,554,3,3.552713678800501e-15,0.0,148.36305553555553,39.827583333333344,8.710583333333334,15.046
scenario_coarse,0.0,0.0,32.55250463073733,0.0,32.55250463073733,8.218965271171797,18.532587545507795,-5.017464221879209e-09,-1.0000007932831068e-08,52.56768479821294,1e-08,44.34871952440358,screened_water_cap_0.00,conservative_site_selection,hub_policy_compliant,ample,uniform_google_ai_2024,portfolio_mean,central,gentd26_hourly_service_demand.csv,gentd26_aligned_regional_hourly_cef.csv,capacity_scenarios.csv,energy_calibration_bounds.csv,trace_timestamp_anonymized,single_row_default,0.5,15.0,carbon,211.9472222222222,211.94722220222218,2e-08,0.9999999999056368,0.0,56.92722900944693,71.15903626180867,52.567684795575374,65.46631336086396,0.0,0.0,0.0,,,1e-08,True,True,0,0,0.0,0.0,0.0,0.0,1e-08,1.4919444444444445,0,0.0,184,1,0.0,0.0,211.94722220222224,0.0,0.0,0.0
scenario_coarse,0.25,8.138126157684333,32.55250463073733,0.24999999999999983,24.414378473053006,4.84842429508879,10.932501202026511,-6.4118117274115765,-9.999979511121637e-09,52.56768479821294,1e-08,44.34871952440358,screened_water_cap_0.25,conservative_site_selection,hub_policy_compliant,ample,uniform_google_ai_2024,portfolio_mean,central,gentd26_hourly_service_demand.csv,gentd26_aligned_regional_hourly_cef.csv,capacity_scenarios.csv,energy_calibration_bounds.csv,trace_timestamp_anonymized,single_row_default,0.5,15.0,carbon,211.9472222222222,211.9472222022222,2e-08,0.9999999999056369,0.12431013356174926,56.92722900944694,70.80520468973543,49.19714381949237,65.46631336086396,8.138126157684328,0.12431013356174923,0.0,,,1e-08,True,True,0,1,0.0,0.0,0.0,0.0,1e-08,1.4919444444444445,0,0.0,290,1,5.329070518200751e-15,0.0,185.60003470222222,26.347187499999986,0.0,0.0
scenario_coarse,0.5,16.276252315368666,32.55250463073733,0.5,16.276252315368666,2.3761413286446853,5.357857800916155,-11.114858810299566,-1.0000007932831068e-08,52.56768479821294,1e-08,44.34871952440358,screened_water_cap_0.50,conservative_site_selection,hub_policy_compliant,ample,uniform_google_ai_2024,portfolio_mean,central,gentd26_hourly_service_demand.csv,gentd26_aligned_regional_hourly_cef.csv,capacity_scenarios.csv,energy_calibration_bounds.csv,trace_timestamp_anonymized,single_row_default,0.5,15.0,carbon,211.9472222222222,211.94722220222218,2e-08,0.9999999999056368,0.2486202671234987,56.92722900944693,70.45137311766221,46.72486085304826,65.46631336086396,16.276252315368666,0.24862026712349863,0.0,,,1e-08,True,True,0,1,0.0,0.0,0.0,0.0,1e-08,1.4919444444444445,0,0.0,370,1,0.0,0.0,159.25284720222228,52.69437500000003,0.0,0.0
scenario_coarse,0.75,24.414378473053,32.55250463073733,0.7500000000000004,8.138126157684319,0.7296155811195391,1.6451784604921027,-14.247060188095684,-1.0000007932831068e-08,52.56768479821294,1e-08,44.34871952440358,screened_water_cap_0.75,conservative_site_selection,hub_policy_compliant,ample,uniform_google_ai_2024,portfolio_mean,central,gentd26_hourly_service_demand.csv,gentd26_aligned_regional_hourly_cef.csv,capacity_scenarios.csv,energy_calibration_bounds.csv,trace_timestamp_anonymized,single_row_default,0.5,15.0,carbon,211.9472222222222,211.94722220222218,2e-08,0.9999999999056368,0.37293040068524824,56.92722900944693,70.09754154558898,45.07833510552312,65.46631336086396,24.414378473053013,0.37293040068524813,0.0,,,1e-08,True,True,0,1,0.0,0.0,0.0,0.0,1e-08,1.4241666666666666,0,0.0,453,1,-1.4210854715202004e-14,1.4210854715202004e-14,132.9056597022222,79.0415625000001,0.0,0.0
scenario_coarse,1.0,32.55250463073733,32.55250463073733,1.0,0.0,0.0,0.0,-15.635014753567322,-1.0000007932831068e-08,52.56768479821294,1e-08,44.34871952440358,screened_water_cap_1.00,conservative_site_selection,hub_policy_compliant,ample,uniform_google_ai_2024,portfolio_mean,central,gentd26_hourly_service_demand.csv,gentd26_aligned_regional_hourly_cef.csv,capacity_scenarios.csv,energy_calibration_bounds.csv,trace_timestamp_anonymized,single_row_default,0.5,15.0,carbon,211.9472222222222,211.94722220222218,2e-08,0.9999999999056368,0.4972405342469972,56.92722900944693,69.74370997351575,44.34871952440358,65.46631336086396,32.55250463073733,0.49724053424699727,0.0,,,1e-08,True,True,0,0,0.0,0.0,0.0,0.0,1e-08,1.2459722222222223,0,0.0,546,1,0.0,0.0,106.55847220222222,105.38875,0.0,0.0
scenario_coarse,0.0,0.0,24.98746933273502,0.0,24.98746933273502,5.170876890552371,12.066728902226998,-8.644965107466273,-9.999979511121637e-09,52.56768479821294,1e-08,42.85234989905221,screened_water_cap_0.00,conservative_site_selection,hub_policy_compliant,ample,uniform_google_ai_2024,portfolio_mean,central,gentd26_hourly_service_demand.csv,gentd26_aligned_regional_hourly_cef.csv,capacity_scenarios.csv,energy_calibration_bounds.csv,trace_timestamp_anonymized,single_row_default,0.5,20.0,carbon,211.9472222222222,211.9472222022222,2e-08,0.9999999999056369,0.48852177564536975,56.92722900944693,69.76852671189539,48.02322678960458,65.46631336086396,0.0,0.0,0.0,,,1e-08,True,True,0,0,0.0,0.0,0.0,0.0,1e-08,1.2459722222222223,0,0.0,542,3,0.0,0.0,108.40638886888888,0.0,0.0,103.54083333333331
scenario_coarse,0.25,6.246867333183755,24.98746933273502,0.24999999999999997,18.740601999551266,3.03474244549885,7.0818577105989045,-12.708553704250235,-9.999979511121637e-09,52.56768479821294,1e-08,42.85234989905221,screened_water_cap_0.25,conservative_site_selection,hub_policy_compliant,ample,uniform_google_ai_2024,portfolio_mean,central,gentd26_hourly_service_demand.csv,gentd26_aligned_regional_hourly_cef.csv,capacity_scenarios.csv,energy_calibration_bounds.csv,trace_timestamp_anonymized,single_row_default,0.5,20.0,carbon,211.9472222222222,211.9472222022222,2e-08,0.9999999999056369,0.49687880897468617,56.92722900944693,69.74473957438653,45.88709234455106,65.46631336086396,6.246867333183754,0.09542109540749179,0.0,,,1e-08,True,True,0,756,0.0,0.0,0.0,0.0,1e-08,1.2459722222222223,0,0.0,549,3,8.881784197001252e-16,0.0,106.63513886888889,20.042430555555548,0.1818055555555554,85.08784722222224
scenario_coarse,0.5,12.49373466636751,24.98746933273502,0.5000000000000001,12.493734666367509,1.4877270148181125,3.471751300273551,-15.651455672672732,-9.999979511121637e-09,52.56768479821294,1e-08,42.85234989905221,screened_water_cap_0.50,conservative_site_selection,hub_policy_compliant,ample,uniform_google_ai_2024,portfolio_mean,central,gentd26_hourly_service_demand.csv,gentd26_aligned_regional_hourly_cef.csv,capacity_scenarios.csv,energy_calibration_bounds.csv,trace_timestamp_anonymized,single_row_default,0.5,20.0,carbon,211.9472222222222,211.9472222022222,2e-08,0.9999999999056369,0.4993230757604111,56.92722900944693,69.73778230763295,44.34007691387032,65.46631336086396,12.493734666367512,0.19084219081498363,0.0,,,1e-08,True,True,0,759,0.0,0.0,0.0,0.0,1e-08,1.2459722222222223,0,0.0,552,3,-1.7763568394002505e-15,1.7763568394002505e-15,106.11708331333332,35.89902777777778,4.549444444444444,65.38166666666666
scenario_coarse,0.75,18.740601999551266,24.98746933273502,0.75,6.246867333183754,0.44340954493666374,1.0347379921549438,-17.638070593779066,-9.999979511121637e-09,52.56768479821294,1e-08,42.85234989905221,screened_water_cap_0.75,conservative_site_selection,hub_policy_compliant,ample,uniform_google_ai_2024,portfolio_mean,central,gentd26_hourly_service_demand.csv,gentd26_aligned_regional_hourly_cef.csv,capacity_scenarios.csv,energy_calibration_bounds.csv,trace_timestamp_anonymized,single_row_default,0.5,20.0,carbon,211.9472222222222,211.9472222022222,2e-08,0.9999999999056369,0.5000000000471816,56.92722900944693,69.73585553643821,43.29575944398887,65.46631336086396,18.740601999551266,0.2862632862224754,0.0,,,1e-08,True,True,0,765,0.0,0.0,0.0,0.0,1e-08,1.2459722222222223,0,0.0,554,3,0.0,0.0,105.97361109111111,52.03145833333334,8.64125,45.30090277777776
scenario_coarse,1.0,24.98746933273502,24.98746933273502,1.0000000000000007,-1.7763568394002505e-14,0.0,0.0,-18.481572731335138,-9.999979511121637e-09,52.56768479821294,1e-08,42.85234989905221,screened_water_cap_1.00,conservative_site_selection,hub_policy_compliant,ample,uniform_google_ai_2024,portfolio_mean,central,gentd26_hourly_service_demand.csv,gentd26_aligned_regional_hourly_cef.csv,capacity_scenarios.csv,energy_calibration_bounds.csv,trace_timestamp_anonymized,single_row_default,0.5,20.0,carbon,211.9472222222222,211.9472222022222,2e-08,0.9999999999056369,0.5000000000471815,56.92722900944693,69.73585553643821,42.85234989905221,65.46631336086396,24.98746933273504,0.38168438162996743,0.0,,,1e-08,True,True,0,756,0.0,0.0,0.0,0.0,1e-08,1.2459722222222223,0,0.0,554,3,-1.7763568394002505e-14,1.7763568394002505e-14,105.97361109111111,66.37930555555566,14.51763888888889,25.076666666666615
scenario_coarse,0.0,0.0,24.98746933273502,0.0,24.98746933273502,5.170876890552371,12.066728902226998,-8.644965107466273,-9.999979511121637e-09,52.56768479821294,1e-08,42.85234989905221,screened_water_cap_0.00,conservative_site_selection,hub_policy_compliant,ample,uniform_google_ai_2024,portfolio_mean,central,gentd26_hourly_service_demand.csv,gentd26_aligned_regional_hourly_cef.csv,capacity_scenarios.csv,energy_calibration_bounds.csv,trace_timestamp_anonymized,single_row_default,0.5,35.0,carbon,211.9472222222222,211.9472222022222,2e-08,0.9999999999056369,0.48852177564536975,56.92722900944693,69.76852671189539,48.02322678960458,65.46631336086396,0.0,0.0,0.0,,,1e-08,True,True,0,0,0.0,0.0,0.0,0.0,1e-08,1.2459722222222223,0,0.0,542,3,0.0,0.0,108.40638886888888,0.0,0.0,103.54083333333331
scenario_coarse,0.25,6.246867333183755,24.98746933273502,0.24999999999999997,18.740601999551266,3.03474244549885,7.0818577105989045,-12.708553704250235,-9.999979511121637e-09,52.56768479821294,1e-08,42.85234989905221,screened_water_cap_0.25,conservative_site_selection,hub_policy_compliant,ample,uniform_google_ai_2024,portfolio_mean,central,gentd26_hourly_service_demand.csv,gentd26_aligned_regional_hourly_cef.csv,capacity_scenarios.csv,energy_calibration_bounds.csv,trace_timestamp_anonymized,single_row_default,0.5,35.0,carbon,211.9472222222222,211.9472222022222,2e-08,0.9999999999056369,0.49687880897468617,56.92722900944693,69.74473957438653,45.88709234455106,65.46631336086396,6.246867333183754,0.09542109540749179,0.0,,,1e-08,True,True,0,756,0.0,0.0,0.0,0.0,1e-08,1.2459722222222223,0,0.0,549,3,8.881784197001252e-16,0.0,106.63513886888889,20.042430555555548,0.1818055555555554,85.08784722222224
scenario_coarse,0.5,12.49373466636751,24.98746933273502,0.5000000000000001,12.493734666367509,1.4877270148181125,3.471751300273551,-15.651455672672732,-9.999979511121637e-09,52.56768479821294,1e-08,42.85234989905221,screened_water_cap_0.50,conservative_site_selection,hub_policy_compliant,ample,uniform_google_ai_2024,portfolio_mean,central,gentd26_hourly_service_demand.csv,gentd26_aligned_regional_hourly_cef.csv,capacity_scenarios.csv,energy_calibration_bounds.csv,trace_timestamp_anonymized,single_row_default,0.5,35.0,carbon,211.9472222222222,211.9472222022222,2e-08,0.9999999999056369,0.4993230757604111,56.92722900944693,69.73778230763295,44.34007691387032,65.46631336086396,12.493734666367512,0.19084219081498363,0.0,,,1e-08,True,True,0,759,0.0,0.0,0.0,0.0,1e-08,1.2459722222222223,0,0.0,552,3,-1.7763568394002505e-15,1.7763568394002505e-15,106.11708331333332,35.89902777777778,4.549444444444444,65.38166666666666
scenario_coarse,0.75,18.740601999551266,24.98746933273502,0.75,6.246867333183754,0.44340954493666374,1.0347379921549438,-17.638070593779066,-9.999979511121637e-09,52.56768479821294,1e-08,42.85234989905221,screened_water_cap_0.75,conservative_site_selection,hub_policy_compliant,ample,uniform_google_ai_2024,portfolio_mean,central,gentd26_hourly_service_demand.csv,gentd26_aligned_regional_hourly_cef.csv,capacity_scenarios.csv,energy_calibration_bounds.csv,trace_timestamp_anonymized,single_row_default,0.5,35.0,carbon,211.9472222222222,211.9472222022222,2e-08,0.9999999999056369,0.5000000000471816,56.92722900944693,69.73585553643821,43.29575944398887,65.46631336086396,18.740601999551266,0.2862632862224754,0.0,,,1e-08,True,True,0,765,0.0,0.0,0.0,0.0,1e-08,1.2459722222222223,0,0.0,554,3,0.0,0.0,105.97361109111111,52.03145833333334,8.64125,45.30090277777776
scenario_coarse,1.0,24.98746933273502,24.98746933273502,1.0000000000000007,-1.7763568394002505e-14,0.0,0.0,-18.481572731335138,-9.999979511121637e-09,52.56768479821294,1e-08,42.85234989905221,screened_water_cap_1.00,conservative_site_selection,hub_policy_compliant,ample,uniform_google_ai_2024,portfolio_mean,central,gentd26_hourly_service_demand.csv,gentd26_aligned_regional_hourly_cef.csv,capacity_scenarios.csv,energy_calibration_bounds.csv,trace_timestamp_anonymized,single_row_default,0.5,35.0,carbon,211.9472222222222,211.9472222022222,2e-08,0.9999999999056369,0.5000000000471815,56.92722900944693,69.73585553643821,42.85234989905221,65.46631336086396,24.98746933273504,0.38168438162996743,0.0,,,1e-08,True,True,0,756,0.0,0.0,0.0,0.0,1e-08,1.2459722222222223,0,0.0,554,3,-1.7763568394002505e-14,1.7763568394002505e-14,105.97361109111111,66.37930555555566,14.51763888888889,25.076666666666615
scenario_coarse,0.0,0.0,6.252791828194298,0.0,6.252791828194298,0.7367483429033683,1.9964636674276282,-5.4523829895458675e-09,-9.999979511121637e-09,37.63941554213224,3.7516666766666673,36.902667197176626,screened_water_cap_0.00,equal_site_portfolio,hub_policy_compliant,tight,uniform_google_ai_2024,portfolio_mean,central,gentd26_hourly_service_demand.csv,gentd26_aligned_regional_hourly_cef.csv,capacity_scenarios.csv,energy_calibration_bounds.csv,trace_timestamp_anonymized,single_row_default,0.15,15.0,carbon,211.9472222222222,208.19555553555554,3.7516666866666672,0.9822990523426954,0.0,55.91956311375206,69.8994538921901,37.639415540079995,64.30749758081487,0.0,0.0,0.8814722222222227,,,3.7516666766666673,True,True,0,0,0.0,0.0,0.0,0.0,9.99999993922529e-09,0.0,11,0.0,184,1,0.0,0.0,208.1955555355556,0.0,0.0,0.0
scenario_coarse,0.25,1.5631979570485746,6.252791828194298,0.25,4.689593871145724,0.42072488527276164,1.1400934328805068,-0.8396077758675791,-9.999979511121637e-09,37.63941554213224,3.7516666766666673,36.902667197176626,screened_water_cap_0.25,equal_site_portfolio,hub_policy_compliant,tight,uniform_google_ai_2024,portfolio_mean,central,gentd26_hourly_service_demand.csv,gentd26_aligned_regional_hourly_cef.csv,capacity_scenarios.csv,energy_calibration_bounds.csv,trace_timestamp_anonymized,single_row_default,0.15,15.0,carbon,211.9472222222222,208.19555553555554,3.7516666866666672,0.9822990523426954,0.024308175809268782,55.91956311375206,69.83148876362276,37.32339208244939,64.30749758081487,1.5631979570485746,0.02430817580926878,0.8814722222222227,,,3.7516666766666673,True,True,0,232,2.220446049250313e-16,0.0,0.0,0.0,9.99999993922529e-09,0.0,11,0.0,246,1,0.0,0.0,203.1347013688889,5.060854166666668,0.0,0.0
scenario_coarse,0.5,3.126395914097149,6.252791828194298,0.49999999999999994,3.1263959140971496,0.22093630681500542,0.598700103801475,-1.3704039521103328,-9.999979511121637e-09,37.63941554213224,3.7516666766666673,36.902667197176626,screened_water_cap_0.50,equal_site_portfolio,hub_policy_compliant,tight,uniform_google_ai_2024,portfolio_mean,central,gentd26_hourly_service_demand.csv,gentd26_aligned_regional_hourly_cef.csv,capacity_scenarios.csv,energy_calibration_bounds.csv,trace_timestamp_anonymized,single_row_default,0.15,15.0,carbon,211.9472222222222,208.19555553555554,3.7516666866666672,0.9822990523426954,0.048616351618537564,55.91956311375207,69.76352363505544,37.12360350399163,64.30749758081485,3.1263959140971487,0.048616351618537564,0.8814722222222227,,,3.7516666766666673,True,True,0,234,2.220446049250313e-16,0.0,0.0,0.0,9.99999993922529e-09,0.0,11,0.0,290,1,4.440892098500626e-16,0.0,198.07384720222225,10.121708333333327,0.0,0.0
scenario_coarse,0.75,4.689593871145724,6.252791828194298,0.75,1.5631979570485743,0.06674424245051114,0.1808656325405611,-1.7800597933172568,-9.999979511121637e-09,37.63941554213224,3.7516666766666673,36.902667197176626,screened_water_cap_0.75,equal_site_portfolio,hub_policy_compliant,tight,uniform_google_ai_2024,portfolio_mean,central,gentd26_hourly_service_demand.csv,gentd26_aligned_regional_hourly_cef.csv,capacity_scenarios.csv,energy_calibration_bounds.csv,trace_timestamp_anonymized,single_row_default,0.15,15.0,carbon,211.9472222222222,208.19555553555554,3.7516666866666677,0.9822990523426954,0.07292452742780635,55.919563113752076,69.69555850648811,36.96941143962714,64.30749758081487,4.689593871145724,0.07292452742780635,0.8814722222222227,,,3.7516666766666673,True,True,0,229,2.220446049250313e-16,0.0,0.0,0.0,1.00000003833145e-08,0.0,10,0.0,335,1,0.0,0.0,193.0129930355556,15.182562500000001,0.0,0.0
scenario_coarse,1.0,6.252791828194298,6.252791828194298,1.0,0.0,0.0,0.0,-1.9573851887549232,-9.999979511121637e-09,37.63941554213224,3.7516666766666673,36.902667197176626,screened_water_cap_1.00,equal_site_portfolio,hub_policy_compliant,tight,uniform_google_ai_2024,portfolio_mean,central,gentd26_hourly_service_demand.csv,gentd26_aligned_regional_hourly_cef.csv,capacity_scenarios.csv,energy_calibration_bounds.csv,trace_timestamp_anonymized,single_row_default,0.15,15.0,carbon,211.9472222222222,208.19555553555554,3.7516666866666677,0.9822990523426954,0.09723270323707513,55.91956311375206,69.62759337792077,36.902667197176626,64.30749758081487,6.252791828194298,0.09723270323707511,0.8814722222222227,,,3.7516666766666673,True,True,0,220,2.220446049250313e-16,0.0,0.0,0.0,1.00000003833145e-08,0.0,7,0.0,400,1,0.0,0.0,187.95213886888888,20.243416666666675,0.0,0.0
scenario_coarse,0.0,0.0,1.2125223354705221,0.0,1.2125223354705221,0.029112704590630756,0.08301353900168618,-6.749509016567579,-9.999979511121637e-09,37.63941554213224,3.7516666766666673,35.069827091742056,screened_water_cap_0.00,equal_site_portfolio,hub_policy_compliant,tight,uniform_google_ai_2024,portfolio_mean,central,gentd26_hourly_service_demand.csv,gentd26_aligned_regional_hourly_cef.csv,capacity_scenarios.csv,energy_calibration_bounds.csv,trace_timestamp_anonymized,single_row_default,0.15,20.0,carbon,211.9472222222222,208.19555553555554,3.7516666866666677,0.9822990523426954,0.15270298759045264,55.919563113752076,69.47249967457894,35.09893979633269,64.30749758081487,0.0,0.0,0.8814722222222227,,,3.7516666766666673,True,True,0,395,4.440892098500626e-16,0.0,0.0,0.0,1.00000003833145e-08,0.0,3,0.0,554,3,0.0,0.0,176.40347220222225,0.0,0.0,31.79208333333335
scenario_coarse,0.25,0.30313058386763053,1.2125223354705221,0.25,0.9093917516028915,0.014237160133710347,0.04059660772339768,-6.789030205307267,-9.999979511121637e-09,37.63941554213224,3.7516666766666673,35.069827091742056,screened_water_cap_0.25,equal_site_portfolio,hub_policy_compliant,tight,uniform_google_ai_2024,portfolio_mean,central,gentd26_hourly_service_demand.csv,gentd26_aligned_regional_hourly_cef.csv,capacity_scenarios.csv,energy_calibration_bounds.csv,trace_timestamp_anonymized,single_row_default,0.15,20.0,carbon,211.9472222222222,208.19555553555554,3.7516666866666677,0.9822990523426954,0.15270298759045264,55.919563113752076,69.47249967457894,35.084064251875766,64.30749758081487,0.30313058386763053,0.004713767371941165,0.8814722222222227,,,3.7516666766666673,True,True,0,769,4.440892098500626e-16,0.0,0.0,0.0,1.00000003833145e-08,0.0,3,0.0,554,3,0.0,0.0,176.40347220222225,0.4545520833333333,0.5268333333333332,30.81069791666668
scenario_coarse,0.5,0.6062611677352611,1.2125223354705221,0.5,0.6062611677352611,0.004835976647513007,0.013789565129207482,-6.814007169882275,-9.999979511121637e-09,37.63941554213224,3.7516666766666673,35.069827091742056,screened_water_cap_0.50,equal_site_portfolio,hub_policy_compliant,tight,uniform_google_ai_2024,portfolio_mean,central,gentd26_hourly_service_demand.csv,gentd26_aligned_regional_hourly_cef.csv,capacity_scenarios.csv,energy_calibration_bounds.csv,trace_timestamp_anonymized,single_row_default,0.15,20.0,carbon,211.9472222222222,208.19555553555554,3.7516666866666677,0.9822990523426954,0.15270298759045264,55.919563113752076,69.47249967457894,35.07466306838957,64.30749758081487,0.6062611677352611,0.00942753474388233,0.8814722222222227,,,3.7516666766666673,True,True,0,766,4.440892098500626e-16,0.0,0.0,0.0,1.00000003833145e-08,0.0,3,0.0,554,3,0.0,0.0,176.40347220222225,1.0018125,0.9609583333333331,29.82931250000001
scenario_coarse,0.75,0.9093917516028915,1.2125223354705221,0.7499999999999997,0.3031305838676309,0.0008916427475682553,0.002542478311151619,-6.824486434353128,-9.999979511121637e-09,37.63941554213224,3.7516666766666673,35.069827091742056,screened_water_cap_0.75,equal_site_portfolio,hub_policy_compliant,tight,uniform_google_ai_2024,portfolio_mean,central,gentd26_hourly_service_demand.csv,gentd26_aligned_regional_hourly_cef.csv,capacity_scenarios.csv,energy_calibration_bounds.csv,trace_timestamp_anonymized,single_row_default,0.15,20.0,carbon,211.9472222222222,208.19555553555554,3.7516666866666677,0.9822990523426954,0.15270298759045264,55.919563113752076,69.47249967457894,35.070718734489624,64.30749758081487,0.9093917516028912,0.01414130211582349,0.8814722222222227,,,3.7516666766666673,True,True,0,771,4.440892098500626e-16,0.0,0.0,0.0,1.00000003833145e-08,0.0,3,0.0,554,3,3.3306690738754696e-16,0.0,176.40347220222225,1.5220833333333332,1.422072916666666,28.847927083333342
scenario_coarse,1.0,1.2125223354705221,1.2125223354705221,1.0,0.0,0.0,0.0,-6.826855341347892,-9.999979511121637e-09,37.63941554213224,3.7516666766666673,35.069827091742056,screened_water_cap_1.00,equal_site_portfolio,hub_policy_compliant,tight,uniform_google_ai_2024,portfolio_mean,central,gentd26_hourly_service_demand.csv,gentd26_aligned_regional_hourly_cef.csv,capacity_scenarios.csv,energy_calibration_bounds.csv,trace_timestamp_anonymized,single_row_default,0.15,20.0,carbon,211.9472222222222,208.19555553555554,3.7516666866666677,0.9822990523426954,0.15270298759045264,55.919563113752076,69.47249967457894,35.069827091742056,64.30749758081487,1.2125223354705221,0.01885506948776466,0.8814722222222227,,,3.7516666766666673,True,True,0,760,4.440892098500626e-16,0.0,0.0,0.0,1.00000003833145e-08,0.0,3,0.0,554,3,0.0,0.0,176.40347220222225,1.9265833333333329,1.9989583333333334,27.86654166666667
scenario_coarse,0.0,0.0,1.2125223354705221,0.0,1.2125223354705221,0.029112704590630756,0.08301353900168618,-6.749509016567579,-9.999979511121637e-09,37.63941554213224,3.7516666766666673,35.069827091742056,screened_water_cap_0.00,equal_site_portfolio,hub_policy_compliant,tight,uniform_google_ai_2024,portfolio_mean,central,gentd26_hourly_service_demand.csv,gentd26_aligned_regional_hourly_cef.csv,capacity_scenarios.csv,energy_calibration_bounds.csv,trace_timestamp_anonymized,single_row_default,0.15,35.0,carbon,211.9472222222222,208.19555553555554,3.7516666866666677,0.9822990523426954,0.15270298759045264,55.919563113752076,69.47249967457894,35.09893979633269,64.30749758081487,0.0,0.0,0.8814722222222227,,,3.7516666766666673,True,True,0,395,4.440892098500626e-16,0.0,0.0,0.0,1.00000003833145e-08,0.0,3,0.0,554,3,0.0,0.0,176.40347220222225,0.0,0.0,31.79208333333335
scenario_coarse,0.25,0.30313058386763053,1.2125223354705221,0.25,0.9093917516028915,0.014237160133710347,0.04059660772339768,-6.789030205307267,-9.999979511121637e-09,37.63941554213224,3.7516666766666673,35.069827091742056,screened_water_cap_0.25,equal_site_portfolio,hub_policy_compliant,tight,uniform_google_ai_2024,portfolio_mean,central,gentd26_hourly_service_demand.csv,gentd26_aligned_regional_hourly_cef.csv,capacity_scenarios.csv,energy_calibration_bounds.csv,trace_timestamp_anonymized,single_row_default,0.15,35.0,carbon,211.9472222222222,208.19555553555554,3.7516666866666677,0.9822990523426954,0.15270298759045264,55.919563113752076,69.47249967457894,35.084064251875766,64.30749758081487,0.30313058386763053,0.004713767371941165,0.8814722222222227,,,3.7516666766666673,True,True,0,769,4.440892098500626e-16,0.0,0.0,0.0,1.00000003833145e-08,0.0,3,0.0,554,3,0.0,0.0,176.40347220222225,0.4545520833333333,0.5268333333333332,30.81069791666668
scenario_coarse,0.5,0.6062611677352611,1.2125223354705221,0.5,0.6062611677352611,0.004835976647513007,0.013789565129207482,-6.814007169882275,-9.999979511121637e-09,37.63941554213224,3.7516666766666673,35.069827091742056,screened_water_cap_0.50,equal_site_portfolio,hub_policy_compliant,tight,uniform_google_ai_2024,portfolio_mean,central,gentd26_hourly_service_demand.csv,gentd26_aligned_regional_hourly_cef.csv,capacity_scenarios.csv,energy_calibration_bounds.csv,trace_timestamp_anonymized,single_row_default,0.15,35.0,carbon,211.9472222222222,208.19555553555554,3.7516666866666677,0.9822990523426954,0.15270298759045264,55.919563113752076,69.47249967457894,35.07466306838957,64.30749758081487,0.6062611677352611,0.00942753474388233,0.8814722222222227,,,3.7516666766666673,True,True,0,766,4.440892098500626e-16,0.0,0.0,0.0,1.00000003833145e-08,0.0,3,0.0,554,3,0.0,0.0,176.40347220222225,1.0018125,0.9609583333333331,29.82931250000001
scenario_coarse,0.75,0.9093917516028915,1.2125223354705221,0.7499999999999997,0.3031305838676309,0.0008916427475682553,0.002542478311151619,-6.824486434353128,-9.999979511121637e-09,37.63941554213224,3.7516666766666673,35.069827091742056,screened_water_cap_0.75,equal_site_portfolio,hub_policy_compliant,tight,uniform_google_ai_2024,portfolio_mean,central,gentd26_hourly_service_demand.csv,gentd26_aligned_regional_hourly_cef.csv,capacity_scenarios.csv,energy_calibration_bounds.csv,trace_timestamp_anonymized,single_row_default,0.15,35.0,carbon,211.9472222222222,208.19555553555554,3.7516666866666677,0.9822990523426954,0.15270298759045264,55.919563113752076,69.47249967457894,35.070718734489624,64.30749758081487,0.9093917516028912,0.01414130211582349,0.8814722222222227,,,3.7516666766666673,True,True,0,771,4.440892098500626e-16,0.0,0.0,0.0,1.00000003833145e-08,0.0,3,0.0,554,3,3.3306690738754696e-16,0.0,176.40347220222225,1.5220833333333332,1.422072916666666,28.847927083333342
scenario_coarse,1.0,1.2125223354705221,1.2125223354705221,1.0,0.0,0.0,0.0,-6.826855341347892,-9.999979511121637e-09,37.63941554213224,3.7516666766666673,35.069827091742056,screened_water_cap_1.00,equal_site_portfolio,hub_policy_compliant,tight,uniform_google_ai_2024,portfolio_mean,central,gentd26_hourly_service_demand.csv,gentd26_aligned_regional_hourly_cef.csv,capacity_scenarios.csv,energy_calibration_bounds.csv,trace_timestamp_anonymized,single_row_default,0.15,35.0,carbon,211.9472222222222,208.19555553555554,3.7516666866666677,0.9822990523426954,0.15270298759045264,55.919563113752076,69.47249967457894,35.069827091742056,64.30749758081487,1.2125223354705221,0.01885506948776466,0.8814722222222227,,,3.7516666766666673,True,True,0,760,4.440892098500626e-16,0.0,0.0,0.0,1.00000003833145e-08,0.0,3,0.0,554,3,0.0,0.0,176.40347220222225,1.9265833333333329,1.9989583333333334,27.86654166666667
scenario_coarse,0.0,0.0,12.505583656388596,0.0,12.505583656388596,1.4585231764122284,4.031197356195815,-5.4523829895458675e-09,-9.999979511121637e-09,37.63941554213224,3.7516666766666673,36.180892363667766,screened_water_cap_0.00,equal_site_portfolio,hub_policy_compliant,tight,uniform_google_ai_2024,portfolio_mean,central,gentd26_hourly_service_demand.csv,gentd26_aligned_regional_hourly_cef.csv,capacity_scenarios.csv,energy_calibration_bounds.csv,trace_timestamp_anonymized,single_row_default,0.3,15.0,carbon,211.9472222222222,208.19555553555554,3.7516666866666672,0.9822990523426954,0.0,55.91956311375206,69.8994538921901,37.639415540079995,64.30749758081487,0.0,0.0,0.0,,,3.7516666766666673,True,True,0,0,0.0,0.0,0.0,0.0,9.99999993922529e-09,0.0,11,0.0,184,1,0.0,0.0,208.1955555355556,0.0,0.0,0.0
scenario_coarse,0.25,3.126395914097149,12.505583656388596,0.25,9.379187742291448,0.826476261025654,2.2842893224369165,-1.679215546615831,-9.999951089412207e-09,37.63941554213224,3.7516666766666673,36.180892363667766,screened_water_cap_0.25,equal_site_portfolio,hub_policy_compliant,tight,uniform_google_ai_2024,portfolio_mean,central,gentd26_hourly_service_demand.csv,gentd26_aligned_regional_hourly_cef.csv,capacity_scenarios.csv,energy_calibration_bounds.csv,trace_timestamp_anonymized,single_row_default,0.3,15.0,carbon,211.9472222222222,208.19555553555557,3.7516666866666672,0.9822990523426955,0.04861635161853755,55.91956311375206,69.76352363505542,37.00736862469342,64.30749758081487,3.126395914097149,0.04861635161853756,0.0,,,3.7516666766666673,True,True,0,235,2.220446049250313e-16,0.0,0.0,0.0,9.99999993922529e-09,0.0,11,0.0,246,1,0.0,0.0,198.0738472022222,10.121708333333336,0.0,0.0
scenario_coarse,0.5,6.252791828194298,12.505583656388596,0.49999999999999994,6.252791828194299,0.42699977660701904,1.1801803347332829,-2.740540433479377,-9.999979511121637e-09,37.63941554213224,3.7516666766666673,36.180892363667766,screened_water_cap_0.50,equal_site_portfolio,hub_policy_compliant,tight,uniform_google_ai_2024,portfolio_mean,central,gentd26_hourly_service_demand.csv,gentd26_aligned_regional_hourly_cef.csv,capacity_scenarios.csv,energy_calibration_bounds.csv,trace_timestamp_anonymized,single_row_default,0.3,15.0,carbon,211.9472222222222,208.19555553555554,3.7516666866666672,0.9822990523426954,0.09723270323707513,55.91956311375207,69.62759337792077,36.607892140274785,64.30749758081487,6.252791828194297,0.0972327032370751,0.0,,,3.7516666766666673,True,True,0,238,2.220446049250313e-16,0.0,0.0,0.0,9.99999993922529e-09,0.0,11,0.0,290,1,8.881784197001252e-16,0.0,187.9521388688889,20.243416666666654,0.0,0.0
scenario_coarse,0.75,9.379187742291448,12.505583656388596,0.7500000000000002,3.126395914097147,0.11955361741090087,0.3304330258336874,-3.557360128386633,-1.0000007932831068e-08,37.63941554213224,3.7516666766666673,36.180892363667766,screened_water_cap_0.75,equal_site_portfolio,hub_policy_compliant,tight,uniform_google_ai_2024,portfolio_mean,central,gentd26_hourly_service_demand.csv,gentd26_aligned_regional_hourly_cef.csv,capacity_scenarios.csv,energy_calibration_bounds.csv,trace_timestamp_anonymized,single_row_default,0.3,15.0,carbon,211.9472222222222,208.1955555355555,3.7516666866666677,0.9822990523426953,0.14584905485561273,55.91956311375206,69.49166312078611,36.30044598107867,64.30749758081487,9.37918774229145,0.14584905485561273,0.0,,,3.7516666766666673,True,True,0,233,2.220446049250313e-16,0.0,0.0,0.0,1.00000003833145e-08,0.0,10,0.0,337,1,-1.7763568394002505e-15,1.7763568394002505e-15,177.83043053555556,30.365125000000003,0.0,0.0
scenario_coarse,1.0,12.505583656388596,12.505583656388596,1.0,0.0,0.0,0.0,-3.874988911110633,-9.999951089412207e-09,37.63941554213224,3.7516666766666673,36.180892363667766,screened_water_cap_1.00,equal_site_portfolio,hub_policy_compliant,tight,uniform_google_ai_2024,portfolio_mean,central,gentd26_hourly_service_demand.csv,gentd26_aligned_regional_hourly_cef.csv,capacity_scenarios.csv,energy_calibration_bounds.csv,trace_timestamp_anonymized,single_row_default,0.3,15.0,carbon,211.9472222222222,208.19555553555557,3.7516666866666672,0.9822990523426955,0.19446540647415023,55.91956311375206,69.35573286365145,36.180892363667766,64.30749758081487,12.505583656388596,0.19446540647415023,0.0,,,3.7516666766666673,True,True,0,224,2.220446049250313e-16,0.0,0.0,0.0,9.99999993922529e-09,0.0,6,0.0,400,1,0.0,0.0,167.7087222022222,40.48683333333335,0.0,0.0
scenario_coarse,0.0,0.0,2.4250446709410443,0.0,2.4250446709410443,0.058225409181254406,0.1790094592698077,-13.429399391373032,-9.999951089412207e-09,37.63941554213224,3.7516666766666673,32.526442691219515,screened_water_cap_0.00,equal_site_portfolio,hub_policy_compliant,tight,uniform_google_ai_2024,portfolio_mean,central,gentd26_hourly_service_demand.csv,gentd26_aligned_regional_hourly_cef.csv,capacity_scenarios.csv,energy_calibration_bounds.csv,trace_timestamp_anonymized,single_row_default,0.3,20.0,carbon,211.9472222222222,208.19555553555557,3.7516666866666677,0.9822990523426955,0.30540597518090523,55.91956311375207,69.0455454569678,32.58466810040077,64.30749758081487,0.0,0.0,0.0,,,3.7516666766666673,True,True,0,407,4.440892098500626e-16,0.0,0.0,0.0,1.00000003833145e-08,0.04436111111111085,0,0.0,554,3,0.0,0.0,144.61138886888887,0.0,0.0,63.5841666666667
scenario_coarse,0.25,0.6062611677352611,2.4250446709410443,0.25,1.818783503205783,0.028474320267420694,0.08754206704291168,-13.508441768852375,-9.999951089412207e-09,37.63941554213224,3.7516666766666673,32.526442691219515,screened_water_cap_0.25,equal_site_portfolio,hub_policy_compliant,tight,uniform_google_ai_2024,portfolio_mean,central,gentd26_hourly_service_demand.csv,gentd26_aligned_regional_hourly_cef.csv,capacity_scenarios.csv,energy_calibration_bounds.csv,trace_timestamp_anonymized,single_row_default,0.3,20.0,carbon,211.9472222222222,208.19555553555557,3.7516666866666677,0.9822990523426955,0.30540597518090523,55.91956311375207,69.0455454569678,32.554917011486936,64.30749758081487,0.6062611677352611,0.00942753474388233,0.0,,,3.7516666766666673,True,True,0,766,4.440892098500626e-16,0.0,0.0,0.0,1.00000003833145e-08,0.04436111111111085,0,0.0,554,3,0.0,0.0,144.61138886888887,0.9091041666666666,1.0536666666666663,61.62139583333336
scenario_coarse,0.5,1.2125223354705221,2.4250446709410443,0.5,1.2125223354705221,0.009671953295026015,0.02973566272477246,-13.55839569800239,-9.999951089412207e-09,37.63941554213224,3.7516666766666673,32.526442691219515,screened_water_cap_0.50,equal_site_portfolio,hub_policy_compliant,tight,uniform_google_ai_2024,portfolio_mean,central,gentd26_hourly_service_demand.csv,gentd26_aligned_regional_hourly_cef.csv,capacity_scenarios.csv,energy_calibration_bounds.csv,trace_timestamp_anonymized,single_row_default,0.3,20.0,carbon,211.9472222222222,208.19555553555557,3.7516666866666677,0.9822990523426955,0.30540597518090523,55.91956311375207,69.0455454569678,32.53611464451454,64.30749758081487,1.2125223354705221,0.01885506948776466,0.0,,,3.7516666766666673,True,True,0,770,4.440892098500626e-16,0.0,0.0,0.0,1.00000003833145e-08,0.04436111111111085,0,0.0,554,3,0.0,0.0,144.61138886888887,2.003625,1.9219166666666663,59.65862500000002
scenario_coarse,0.75,1.818783503205783,2.4250446709410443,0.7499999999999997,0.6062611677352618,0.0017832854951365107,0.005482571555903704,-13.579354226944107,-9.999951089412207e-09,37.63941554213224,3.7516666766666673,32.526442691219515,screened_water_cap_0.75,equal_site_portfolio,hub_policy_compliant,tight,uniform_google_ai_2024,portfolio_mean,central,gentd26_hourly_service_demand.csv,gentd26_aligned_regional_hourly_cef.csv,capacity_scenarios.csv,energy_calibration_bounds.csv,trace_timestamp_anonymized,single_row_default,0.3,20.0,carbon,211.9472222222222,208.19555553555557,3.7516666866666677,0.9822990523426955,0.30540597518090523,55.91956311375207,69.0455454569678,32.52822597671465,64.30749758081487,1.8187835032057824,0.02828260423164698,0.0,,,3.7516666766666673,True,True,0,768,4.440892098500626e-16,0.0,0.0,0.0,1.00000003833145e-08,0.04436111111111085,0,0.0,554,3,6.661338147750939e-16,0.0,144.61138886888887,3.0441666666666665,2.844145833333332,57.695854166666685
scenario_coarse,1.0,2.4250446709410443,2.4250446709410443,1.0,0.0,0.0,0.0,-13.584092040933637,-9.999951089412207e-09,37.63941554213224,3.7516666766666673,32.526442691219515,screened_water_cap_1.00,equal_site_portfolio,hub_policy_compliant,tight,uniform_google_ai_2024,portfolio_mean,central,gentd26_hourly_service_demand.csv,gentd26_aligned_regional_hourly_cef.csv,capacity_scenarios.csv,energy_calibration_bounds.csv,trace_timestamp_anonymized,single_row_default,0.3,20.0,carbon,211.9472222222222,208.19555553555557,3.7516666866666677,0.9822990523426955,0.30540597518090523,55.91956311375207,69.0455454569678,32.526442691219515,64.30749758081487,2.4250446709410443,0.03771013897552932,0.0,,,3.7516666766666673,True,True,0,764,4.440892098500626e-16,0.0,0.0,0.0,1.00000003833145e-08,0.04436111111111085,0,0.0,554,3,0.0,0.0,144.61138886888887,3.8531666666666657,3.997916666666667,55.73308333333334
scenario_coarse,0.0,0.0,2.4250446709410443,0.0,2.4250446709410443,0.058225409181254406,0.1790094592698077,-13.429399391373032,-9.999951089412207e-09,37.63941554213224,3.7516666766666673,32.526442691219515,screened_water_cap_0.00,equal_site_portfolio,hub_policy_compliant,tight,uniform_google_ai_2024,portfolio_mean,central,gentd26_hourly_service_demand.csv,gentd26_aligned_regional_hourly_cef.csv,capacity_scenarios.csv,energy_calibration_bounds.csv,trace_timestamp_anonymized,single_row_default,0.3,35.0,carbon,211.9472222222222,208.19555553555557,3.7516666866666677,0.9822990523426955,0.30540597518090523,55.91956311375207,69.0455454569678,32.58466810040077,64.30749758081487,0.0,0.0,0.0,,,3.7516666766666673,True,True,0,407,4.440892098500626e-16,0.0,0.0,0.0,1.00000003833145e-08,0.04436111111111085,0,0.0,554,3,0.0,0.0,144.61138886888887,0.0,0.0,63.5841666666667
scenario_coarse,0.25,0.6062611677352611,2.4250446709410443,0.25,1.818783503205783,0.028474320267420694,0.08754206704291168,-13.508441768852375,-9.999951089412207e-09,37.63941554213224,3.7516666766666673,32.526442691219515,screened_water_cap_0.25,equal_site_portfolio,hub_policy_compliant,tight,uniform_google_ai_2024,portfolio_mean,central,gentd26_hourly_service_demand.csv,gentd26_aligned_regional_hourly_cef.csv,capacity_scenarios.csv,energy_calibration_bounds.csv,trace_timestamp_anonymized,single_row_default,0.3,35.0,carbon,211.9472222222222,208.19555553555557,3.7516666866666677,0.9822990523426955,0.30540597518090523,55.91956311375207,69.0455454569678,32.554917011486936,64.30749758081487,0.6062611677352611,0.00942753474388233,0.0,,,3.7516666766666673,True,True,0,766,4.440892098500626e-16,0.0,0.0,0.0,1.00000003833145e-08,0.04436111111111085,0,0.0,554,3,0.0,0.0,144.61138886888887,0.9091041666666666,1.0536666666666663,61.62139583333336
scenario_coarse,0.5,1.2125223354705221,2.4250446709410443,0.5,1.2125223354705221,0.009671953295026015,0.02973566272477246,-13.55839569800239,-9.999951089412207e-09,37.63941554213224,3.7516666766666673,32.526442691219515,screened_water_cap_0.50,equal_site_portfolio,hub_policy_compliant,tight,uniform_google_ai_2024,portfolio_mean,central,gentd26_hourly_service_demand.csv,gentd26_aligned_regional_hourly_cef.csv,capacity_scenarios.csv,energy_calibration_bounds.csv,trace_timestamp_anonymized,single_row_default,0.3,35.0,carbon,211.9472222222222,208.19555553555557,3.7516666866666677,0.9822990523426955,0.30540597518090523,55.91956311375207,69.0455454569678,32.53611464451454,64.30749758081487,1.2125223354705221,0.01885506948776466,0.0,,,3.7516666766666673,True,True,0,770,4.440892098500626e-16,0.0,0.0,0.0,1.00000003833145e-08,0.04436111111111085,0,0.0,554,3,0.0,0.0,144.61138886888887,2.003625,1.9219166666666663,59.65862500000002
scenario_coarse,0.75,1.818783503205783,2.4250446709410443,0.7499999999999997,0.6062611677352618,0.0017832854951365107,0.005482571555903704,-13.579354226944107,-9.999951089412207e-09,37.63941554213224,3.7516666766666673,32.526442691219515,screened_water_cap_0.75,equal_site_portfolio,hub_policy_compliant,tight,uniform_google_ai_2024,portfolio_mean,central,gentd26_hourly_service_demand.csv,gentd26_aligned_regional_hourly_cef.csv,capacity_scenarios.csv,energy_calibration_bounds.csv,trace_timestamp_anonymized,single_row_default,0.3,35.0,carbon,211.9472222222222,208.19555553555557,3.7516666866666677,0.9822990523426955,0.30540597518090523,55.91956311375207,69.0455454569678,32.52822597671465,64.30749758081487,1.8187835032057824,0.02828260423164698,0.0,,,3.7516666766666673,True,True,0,768,4.440892098500626e-16,0.0,0.0,0.0,1.00000003833145e-08,0.04436111111111085,0,0.0,554,3,6.661338147750939e-16,0.0,144.61138886888887,3.0441666666666665,2.844145833333332,57.695854166666685
scenario_coarse,1.0,2.4250446709410443,2.4250446709410443,1.0,0.0,0.0,0.0,-13.584092040933637,-9.999951089412207e-09,37.63941554213224,3.7516666766666673,32.526442691219515,screened_water_cap_1.00,equal_site_portfolio,hub_policy_compliant,tight,uniform_google_ai_2024,portfolio_mean,central,gentd26_hourly_service_demand.csv,gentd26_aligned_regional_hourly_cef.csv,capacity_scenarios.csv,energy_calibration_bounds.csv,trace_timestamp_anonymized,single_row_default,0.3,35.0,carbon,211.9472222222222,208.19555553555557,3.7516666866666677,0.9822990523426955,0.30540597518090523,55.91956311375207,69.0455454569678,32.526442691219515,64.30749758081487,2.4250446709410443,0.03771013897552932,0.0,,,3.7516666766666673,True,True,0,764,4.440892098500626e-16,0.0,0.0,0.0,1.00000003833145e-08,0.04436111111111085,0,0.0,554,3,0.0,0.0,144.61138886888887,3.8531666666666657,3.997916666666667,55.73308333333334
scenario_coarse,0.0,0.0,20.819216007504362,0.0,20.819216007504362,2.416644067076092,6.86102758531737,-5.4523829895458675e-09,-9.999979511121637e-09,37.63941554213224,3.7516666766666673,35.2227714730039,screened_water_cap_0.00,equal_site_portfolio,hub_policy_compliant,tight,uniform_google_ai_2024,portfolio_mean,central,gentd26_hourly_service_demand.csv,gentd26_aligned_regional_hourly_cef.csv,capacity_scenarios.csv,energy_calibration_bounds.csv,trace_timestamp_anonymized,single_row_default,0.5,15.0,carbon,211.9472222222222,208.19555553555554,3.7516666866666672,0.9822990523426954,0.0,55.91956311375206,69.8994538921901,37.639415540079995,64.30749758081487,0.0,0.0,0.0,,,3.7516666766666673,True,True,0,0,0.0,0.0,0.0,0.0,9.99999993922529e-09,0.0,11,0.0,184,1,0.0,0.0,208.1955555355556,0.0,0.0,0.0
scenario_coarse,0.25,5.204804001876091,20.819216007504362,0.24999999999999994,15.614412005628273,1.364063439720553,3.8726749278262362,-2.7964850522972706,-9.999979511121637e-09,37.63941554213224,3.7516666766666673,35.2227714730039,screened_water_cap_0.25,equal_site_portfolio,hub_policy_compliant,tight,uniform_google_ai_2024,portfolio_mean,central,gentd26_hourly_service_demand.csv,gentd26_aligned_regional_hourly_cef.csv,capacity_scenarios.csv,energy_calibration_bounds.csv,trace_timestamp_anonymized,single_row_default,0.5,15.0,carbon,211.9472222222222,208.19555553555554,3.7516666866666672,0.9822990523426954,0.08093619247639425,55.91956311375206,69.67315806602156,36.586834912724456,64.30749758081487,5.20480400187609,0.08093619247639425,0.0,,,3.7516666766666673,True,True,0,242,0.0,0.0,0.0,0.0,9.99999993922529e-09,0.0,11,0.0,246,1,8.881784197001252e-16,0.0,191.34499998,16.85055555555555,0.0,0.0
scenario_coarse,0.5,10.409608003752181,20.819216007504362,0.4999999999999999,10.409608003752183,0.69884663373373,1.984076222591824,-4.563826006999938,-9.999979511121637e-09,37.63941554213224,3.7516666766666673,35.2227714730039,screened_water_cap_0.50,equal_site_portfolio,hub_policy_compliant,tight,uniform_google_ai_2024,portfolio_mean,central,gentd26_hourly_service_demand.csv,gentd26_aligned_regional_hourly_cef.csv,capacity_scenarios.csv,energy_calibration_bounds.csv,trace_timestamp_anonymized,single_row_default,0.5,15.0,carbon,211.9472222222222,208.19555553555554,3.7516666866666672,0.9822990523426954,0.1618723849527885,55.91956311375207,69.44686223985303,35.92161810673763,64.30749758081487,10.40960800375218,0.1618723849527885,0.0,,,3.7516666766666673,True,True,0,241,0.0,0.0,0.0,0.0,9.99999993922529e-09,0.0,11,0.0,290,1,1.7763568394002505e-15,0.0,174.49444442444448,33.7011111111111,0.0,0.0
scenario_coarse,0.75,15.614412005628271,20.819216007504362,0.7499999999999999,5.204804001876093,0.1872625317079155,0.5316518941487658,-5.922997223282945,-1.0000007932831068e-08,37.63941554213224,3.7516666766666673,35.2227714730039,screened_water_cap_0.75,equal_site_portfolio,hub_policy_compliant,tight,uniform_google_ai_2024,portfolio_mean,central,gentd26_hourly_service_demand.csv,gentd26_aligned_regional_hourly_cef.csv,capacity_scenarios.csv,energy_calibration_bounds.csv,trace_timestamp_anonymized,single_row_default,0.5,15.0,carbon,211.9472222222222,208.1955555355555,3.7516666866666677,0.9822990523426953,0.24280857742918283,55.91956311375206,69.22056641368451,35.41003400471182,64.30749758081487,15.61441200562827,0.24280857742918274,0.0,,,3.7516666766666673,True,True,0,238,0.0,0.0,0.0,0.0,1.00000003833145e-08,0.0,10,0.0,338,1,1.7763568394002505e-15,0.0,157.64388886888895,50.55166666666669,0.0,0.0
scenario_coarse,1.0,20.819216007504362,20.819216007504362,1.0,0.0,0.0,0.0,-6.420514331374861,-1.0000007932831068e-08,37.63941554213224,3.7516666766666673,35.2227714730039,screened_water_cap_1.00,equal_site_portfolio,hub_policy_compliant,tight,uniform_google_ai_2024,portfolio_mean,central,gentd26_hourly_service_demand.csv,gentd26_aligned_regional_hourly_cef.csv,capacity_scenarios.csv,energy_calibration_bounds.csv,trace_timestamp_anonymized,single_row_default,0.5,15.0,carbon,211.9472222222222,208.1955555355555,3.751666686666667,0.9822990523426953,0.3237447699055771,55.91956311375206,68.99427058751598,35.2227714730039,64.30749758081487,20.819216007504362,0.32374476990557705,0.0,,,3.7516666766666673,True,True,0,224,0.0,0.0,0.0,0.0,9.99999949513608e-09,0.0,7,0.0,399,1,0.0,0.0,140.79333331333333,67.40222222222225,0.0,0.0
scenario_coarse,0.0,0.0,4.174645430636677,0.0,4.174645430636677,0.1034418395158383,0.3544482670290616,-22.189692048529263,-9.999979511121637e-09,37.63941554213224,3.7516666766666673,29.183903304951,screened_water_cap_0.00,equal_site_portfolio,hub_policy_compliant,tight,uniform_google_ai_2024,portfolio_mean,central,gentd26_hourly_service_demand.csv,gentd26_aligned_regional_hourly_cef.csv,capacity_scenarios.csv,energy_calibration_bounds.csv,trace_timestamp_anonymized,single_row_default,0.5,20.0,carbon,211.9472222222222,208.19555553555554,3.751666686666667,0.9822990523426954,0.5069432585236369,55.91956311375207,68.4820516151849,29.287345144466837,64.30749758081487,0.0,0.0,0.0,,,3.7516666766666673,True,True,0,420,0.0,0.0,0.0,0.0,9.99999949513608e-09,0.0,3,0.0,551,3,0.0,0.0,102.65222220222225,0.0,0.0,105.54333333333334
scenario_coarse,0.25,1.0436613576591693,4.174645430636677,0.25,3.1309840729775082,0.051267664367411925,0.17567103286939556,-22.32830784369224,-9.999979511121637e-09,37.63941554213224,3.7516666766666673,29.183903304951,screened_water_cap_0.25,equal_site_portfolio,hub_policy_compliant,tight,uniform_google_ai_2024,portfolio_mean,central,gentd26_hourly_service_demand.csv,gentd26_aligned_regional_hourly_cef.csv,capacity_scenarios.csv,energy_calibration_bounds.csv,trace_timestamp_anonymized,single_row_default,0.5,20.0,carbon,211.9472222222222,208.19555553555554,3.751666686666667,0.9822990523426954,0.5081633987765078,55.91956311375207,68.478640129691,29.23517096931841,64.30749758081487,1.0436613576591693,0.01622923293427187,0.0,,,3.7516666766666673,True,True,0,772,0.0,0.0,0.0,0.0,9.99999949513608e-09,0.0,3,0.0,552,3,0.0,0.0,102.39819442444447,1.3687152777777782,2.0101388888888887,102.41850694444445
scenario_coarse,0.5,2.0873227153183387,4.174645430636677,0.5,2.0873227153183387,0.01730334838358516,0.05929072681873926,-22.418543878164687,-9.999979511121637e-09,37.63941554213224,3.7516666766666673,29.183903304951,screened_water_cap_0.50,equal_site_portfolio,hub_policy_compliant,tight,uniform_google_ai_2024,portfolio_mean,central,gentd26_hourly_service_demand.csv,gentd26_aligned_regional_hourly_cef.csv,capacity_scenarios.csv,energy_calibration_bounds.csv,trace_timestamp_anonymized,single_row_default,0.5,20.0,carbon,211.9472222222222,208.19555553555554,3.751666686666667,0.9822990523426954,0.5090099586348422,55.91956311375207,68.47627316681961,29.201206653334584,64.30749758081487,2.0873227153183387,0.03245846586854374,0.0,,,3.7516666766666673,True,True,0,772,0.0,0.0,0.0,0.0,9.99999949513608e-09,0.0,3,0.0,554,3,0.0,0.0,102.22194442444447,3.200069444444445,3.5576388888888886,99.21590277777779
scenario_coarse,0.75,3.1309840729775082,4.174645430636677,0.7499999999999999,1.04366135765917,0.003144650066058574,0.010775289491604667,-22.456160557684267,-9.999979511121637e-09,37.63941554213224,3.7516666766666673,29.183903304951,screened_water_cap_0.75,equal_site_portfolio,hub_policy_compliant,tight,uniform_google_ai_2024,portfolio_mean,central,gentd26_hourly_service_demand.csv,gentd26_aligned_regional_hourly_cef.csv,capacity_scenarios.csv,energy_calibration_bounds.csv,trace_timestamp_anonymized,single_row_default,0.5,20.0,carbon,211.9472222222222,208.19555553555554,3.751666686666667,0.9822990523426954,0.5090099586348422,55.91956311375207,68.47627316681961,29.187047955017057,64.30749758081487,3.1309840729775074,0.0486876988028156,0.0,,,3.7516666766666673,True,True,0,774,0.0,0.0,0.0,0.0,9.99999949513608e-09,0.0,3,0.0,554,3,8.881784197001252e-16,0.0,102.22194442444446,5.149444444444445,4.9871180555555545,95.83704861111111
scenario_coarse,1.0,4.174645430636677,4.174645430636677,1.0,0.0,0.0,0.0,-22.46451523062689,-9.999979511121637e-09,37.63941554213224,3.7516666766666673,29.183903304951,screened_water_cap_1.00,equal_site_portfolio,hub_policy_compliant,tight,uniform_google_ai_2024,portfolio_mean,central,gentd26_hourly_service_demand.csv,gentd26_aligned_regional_hourly_cef.csv,capacity_scenarios.csv,energy_calibration_bounds.csv,trace_timestamp_anonymized,single_row_default,0.5,20.0,carbon,211.9472222222222,208.19555553555554,3.751666686666667,0.9822990523426954,0.5090099586348422,55.91956311375207,68.47627316681961,29.183903304951,64.30749758081487,4.174645430636677,0.06491693173708749,0.0,,,3.7516666766666673,True,True,0,770,0.0,0.0,1.457167719820518e-16,0.0,9.99999949513608e-09,0.0,3,-1.457167719820518e-16,554,3,0.0,0.0,102.22194442444446,6.497777777777777,7.017638888888889,92.45819444444446
scenario_coarse,0.0,0.0,4.174645430636677,0.0,4.174645430636677,0.1034418395158383,0.3544482670290616,-22.189692048529263,-9.999979511121637e-09,37.63941554213224,3.7516666766666673,29.183903304951,screened_water_cap_0.00,equal_site_portfolio,hub_policy_compliant,tight,uniform_google_ai_2024,portfolio_mean,central,gentd26_hourly_service_demand.csv,gentd26_aligned_regional_hourly_cef.csv,capacity_scenarios.csv,energy_calibration_bounds.csv,trace_timestamp_anonymized,single_row_default,0.5,35.0,carbon,211.9472222222222,208.19555553555554,3.751666686666667,0.9822990523426954,0.5069432585236369,55.91956311375207,68.4820516151849,29.287345144466837,64.30749758081487,0.0,0.0,0.0,,,3.7516666766666673,True,True,0,420,0.0,0.0,0.0,0.0,9.99999949513608e-09,0.0,3,0.0,551,3,0.0,0.0,102.65222220222225,0.0,0.0,105.54333333333334
scenario_coarse,0.25,1.0436613576591693,4.174645430636677,0.25,3.1309840729775082,0.051267664367411925,0.17567103286939556,-22.32830784369224,-9.999979511121637e-09,37.63941554213224,3.7516666766666673,29.183903304951,screened_water_cap_0.25,equal_site_portfolio,hub_policy_compliant,tight,uniform_google_ai_2024,portfolio_mean,central,gentd26_hourly_service_demand.csv,gentd26_aligned_regional_hourly_cef.csv,capacity_scenarios.csv,energy_calibration_bounds.csv,trace_timestamp_anonymized,single_row_default,0.5,35.0,carbon,211.9472222222222,208.19555553555554,3.751666686666667,0.9822990523426954,0.5081633987765078,55.91956311375207,68.478640129691,29.23517096931841,64.30749758081487,1.0436613576591693,0.01622923293427187,0.0,,,3.7516666766666673,True,True,0,772,0.0,0.0,0.0,0.0,9.99999949513608e-09,0.0,3,0.0,552,3,0.0,0.0,102.39819442444447,1.3687152777777782,2.0101388888888887,102.41850694444445
scenario_coarse,0.5,2.0873227153183387,4.174645430636677,0.5,2.0873227153183387,0.01730334838358516,0.05929072681873926,-22.418543878164687,-9.999979511121637e-09,37.63941554213224,3.7516666766666673,29.183903304951,screened_water_cap_0.50,equal_site_portfolio,hub_policy_compliant,tight,uniform_google_ai_2024,portfolio_mean,central,gentd26_hourly_service_demand.csv,gentd26_aligned_regional_hourly_cef.csv,capacity_scenarios.csv,energy_calibration_bounds.csv,trace_timestamp_anonymized,single_row_default,0.5,35.0,carbon,211.9472222222222,208.19555553555554,3.751666686666667,0.9822990523426954,0.5090099586348422,55.91956311375207,68.47627316681961,29.201206653334584,64.30749758081487,2.0873227153183387,0.03245846586854374,0.0,,,3.7516666766666673,True,True,0,772,0.0,0.0,0.0,0.0,9.99999949513608e-09,0.0,3,0.0,554,3,0.0,0.0,102.22194442444447,3.200069444444445,3.5576388888888886,99.21590277777779
scenario_coarse,0.75,3.1309840729775082,4.174645430636677,0.7499999999999999,1.04366135765917,0.003144650066058574,0.010775289491604667,-22.456160557684267,-9.999979511121637e-09,37.63941554213224,3.7516666766666673,29.183903304951,screened_water_cap_0.75,equal_site_portfolio,hub_policy_compliant,tight,uniform_google_ai_2024,portfolio_mean,central,gentd26_hourly_service_demand.csv,gentd26_aligned_regional_hourly_cef.csv,capacity_scenarios.csv,energy_calibration_bounds.csv,trace_timestamp_anonymized,single_row_default,0.5,35.0,carbon,211.9472222222222,208.19555553555554,3.751666686666667,0.9822990523426954,0.5090099586348422,55.91956311375207,68.47627316681961,29.187047955017057,64.30749758081487,3.1309840729775074,0.0486876988028156,0.0,,,3.7516666766666673,True,True,0,774,0.0,0.0,0.0,0.0,9.99999949513608e-09,0.0,3,0.0,554,3,8.881784197001252e-16,0.0,102.22194442444446,5.149444444444445,4.9871180555555545,95.83704861111111
scenario_coarse,1.0,4.174645430636677,4.174645430636677,1.0,0.0,0.0,0.0,-22.46451523062689,-9.999979511121637e-09,37.63941554213224,3.7516666766666673,29.183903304951,screened_water_cap_1.00,equal_site_portfolio,hub_policy_compliant,tight,uniform_google_ai_2024,portfolio_mean,central,gentd26_hourly_service_demand.csv,gentd26_aligned_regional_hourly_cef.csv,capacity_scenarios.csv,energy_calibration_bounds.csv,trace_timestamp_anonymized,single_row_default,0.5,35.0,carbon,211.9472222222222,208.19555553555554,3.751666686666667,0.9822990523426954,0.5090099586348422,55.91956311375207,68.47627316681961,29.183903304951,64.30749758081487,4.174645430636677,0.06491693173708749,0.0,,,3.7516666766666673,True,True,0,770,0.0,0.0,1.457167719820518e-16,0.0,9.99999949513608e-09,0.0,3,-1.457167719820518e-16,554,3,0.0,0.0,102.22194442444446,6.497777777777777,7.017638888888889,92.45819444444446
scenario_coarse,0.0,0.0,6.252791828194298,0.0,6.252791828194298,0.7192357590726246,1.9110935814387942,-5.350819787253158e-09,-1.0000007932831068e-08,38.354010220005065,1e-08,37.63477445888019,screened_water_cap_0.00,equal_site_portfolio,hub_policy_compliant,central,uniform_google_ai_2024,portfolio_mean,central,gentd26_hourly_service_demand.csv,gentd26_aligned_regional_hourly_cef.csv,capacity_scenarios.csv,energy_calibration_bounds.csv,trace_timestamp_anonymized,single_row_default,0.15,15.0,carbon,211.9472222222222,211.94722220222218,2e-08,0.9999999999056368,0.0,56.92722900944693,71.15903626180867,38.35401021795281,65.46631336086396,0.0,0.0,0.0,,,1e-08,True,True,0,0,0.0,0.0,0.0,0.0,1e-08,0.4919444444444445,0,0.0,184,1,0.0,0.0,211.94722220222224,0.0,0.0,0.0
scenario_coarse,0.25,1.5631979570485746,6.252791828194298,0.25,4.689593871145724,0.4032123014420179,1.0713822714217835,-0.8239645812004981,-1.0000007932831068e-08,38.354010220005065,1e-08,37.63477445888019,screened_water_cap_0.25,equal_site_portfolio,hub_policy_compliant,central,uniform_google_ai_2024,portfolio_mean,central,gentd26_hourly_service_demand.csv,gentd26_aligned_regional_hourly_cef.csv,capacity_scenarios.csv,energy_calibration_bounds.csv,trace_timestamp_anonymized,single_row_default,0.15,15.0,carbon,211.9472222222222,211.94722220222218,2e-08,0.9999999999056368,0.02387789806387755,56.92722900944694,71.09107113324134,38.037986760322205,65.46631336086396,1.5631979570485746,0.02387789806387755,0.0,,,1e-08,True,True,0,1,2.220446049250313e-16,0.0,0.0,0.0,1e-08,0.4919444444444445,0,0.0,246,1,0.0,0.0,206.88636803555553,5.060854166666668,0.0,0.0
scenario_coarse,0.5,3.126395914097149,6.252791828194298,0.5,3.126395914097149,0.20352439535577105,0.5407881361907618,-1.3446087196903211,-9.999979511121637e-09,38.354010220005065,1e-08,37.63477445888019,screened_water_cap_0.50,equal_site_portfolio,hub_policy_compliant,central,uniform_google_ai_2024,portfolio_mean,central,gentd26_hourly_service_demand.csv,gentd26_aligned_regional_hourly_cef.csv,capacity_scenarios.csv,energy_calibration_bounds.csv,trace_timestamp_anonymized,single_row_default,0.15,15.0,carbon,211.9472222222222,211.9472222022222,2e-08,0.9999999999056369,0.047755796127755094,56.92722900944694,71.02310600467402,37.83829885423596,65.46631336086396,3.126395914097149,0.0477557961277551,0.0,,,1e-08,True,True,0,1,2.220446049250313e-16,0.0,0.0,0.0,1e-08,0.4919444444444445,0,0.0,290,1,0.0,0.0,201.8255138688889,10.121708333333329,0.0,0.0
scenario_coarse,0.75,4.689593871145724,6.252791828194298,0.7500000000000002,1.5631979570485734,0.050620459365418924,0.13450448446483687,-1.7432735140971434,-9.999979511121637e-09,38.354010220005065,1e-08,37.63477445888019,screened_water_cap_0.75,equal_site_portfolio,hub_policy_compliant,central,uniform_google_ai_2024,portfolio_mean,central,gentd26_hourly_service_demand.csv,gentd26_aligned_regional_hourly_cef.csv,capacity_scenarios.csv,energy_calibration_bounds.csv,trace_timestamp_anonymized,single_row_default,0.15,15.0,carbon,211.9472222222222,211.9472222022222,2e-08,0.9999999999056369,0.07163369419163265,56.92722900944693,70.9551408761067,37.685394918245606,65.46631336086396,4.689593871145725,0.07163369419163267,0.0,,,1e-08,True,True,0,1,2.220446049250313e-16,0.0,0.0,0.0,1e-08,0.4919444444444445,0,0.0,344,1,-8.881784197001252e-16,8.881784197001252e-16,196.76465970222225,15.182562500000005,0.0,0.0
scenario_coarse,1.0,6.252791828194298,6.252791828194298,1.0,0.0,0.0,0.0,-1.875255695556266,-9.999979511121637e-09,38.354010220005065,1e-08,37.63477445888019,screened_water_cap_1.00,equal_site_portfolio,hub_policy_compliant,central,uniform_google_ai_2024,portfolio_mean,central,gentd26_hourly_service_demand.csv,gentd26_aligned_regional_hourly_cef.csv,capacity_scenarios.csv,energy_calibration_bounds.csv,trace_timestamp_anonymized,single_row_default,0.15,15.0,carbon,211.9472222222222,211.9472222022222,2e-08,0.9999999999056369,0.09551159225551019,56.92722900944693,70.88717574753936,37.63477445888019,65.46631336086396,6.252791828194298,0.0955115922555102,0.0,,,1e-08,True,True,0,0,2.220446049250313e-16,0.0,0.0,0.0,1e-08,0.4919444444444445,0,0.0,400,1,0.0,0.0,191.70380553555555,20.243416666666675,0.0,0.0
scenario_coarse,0.0,0.0,1.2125223354705221,0.0,1.2125223354705221,0.029112704590616545,0.08128427930897963,-6.541655409384783,-9.999979511121637e-09,38.354010220005065,1e-08,35.815910331141495,screened_water_cap_0.00,equal_site_portfolio,hub_policy_compliant,central,uniform_google_ai_2024,portfolio_mean,central,gentd26_hourly_service_demand.csv,gentd26_aligned_regional_hourly_cef.csv,capacity_scenarios.csv,energy_calibration_bounds.csv,trace_timestamp_anonymized,single_row_default,0.15,20.0,carbon,211.9472222222222,211.9472222022222,2e-08,0.9999999999056369,0.15000000001415448,56.92722900944694,70.73208204419753,35.84502303573211,65.46631336086396,0.0,0.0,0.0,,,1e-08,True,True,0,0,4.440892098500626e-16,0.0,0.0,0.0,1e-08,1.018152777777778,0,0.0,554,3,0.0,0.0,180.1551388688889,0.0,0.0,31.79208333333335
scenario_coarse,0.25,0.30313058386763053,1.2125223354705221,0.25,0.9093917516028915,0.014237160133703242,0.03975093750814285,-6.580440257101062,-9.999979511121637e-09,38.354010220005065,1e-08,35.815910331141495,screened_water_cap_0.25,equal_site_portfolio,hub_policy_compliant,central,uniform_google_ai_2024,portfolio_mean,central,gentd26_hourly_service_demand.csv,gentd26_aligned_regional_hourly_cef.csv,capacity_scenarios.csv,energy_calibration_bounds.csv,trace_timestamp_anonymized,single_row_default,0.15,20.0,carbon,211.9472222222222,211.9472222022222,2e-08,0.9999999999056369,0.15000000001415448,56.92722900944693,70.73208204419753,35.8301474912752,65.46631336086396,0.30313058386763053,0.004630329222858657,0.0,,,1e-08,True,True,0,676,4.440892098500626e-16,0.0,0.0,0.0,1e-08,1.018152777777778,0,0.0,554,3,0.0,0.0,180.1551388688889,0.4545520833333333,0.5268333333333332,30.81069791666668
scenario_coarse,0.5,0.6062611677352611,1.2125223354705221,0.5,0.6062611677352611,0.004835976647505902,0.0135023139236079,-6.604951862099517,-9.999979511121637e-09,38.354010220005065,1e-08,35.815910331141495,screened_water_cap_0.50,equal_site_portfolio,hub_policy_compliant,central,uniform_google_ai_2024,portfolio_mean,central,gentd26_hourly_service_demand.csv,gentd26_aligned_regional_hourly_cef.csv,capacity_scenarios.csv,energy_calibration_bounds.csv,trace_timestamp_anonymized,single_row_default,0.15,20.0,carbon,211.9472222222222,211.9472222022222,2e-08,0.9999999999056369,0.15000000001415448,56.92722900944694,70.73208204419753,35.820746307789,65.46631336086396,0.6062611677352611,0.009260658445717313,0.0,,,1e-08,True,True,0,684,4.440892098500626e-16,0.0,0.0,0.0,1e-08,1.018152777777778,0,0.0,554,3,0.0,0.0,180.1551388688889,1.0018125,0.9609583333333331,29.82931250000001
scenario_coarse,0.75,0.9093917516028915,1.2125223354705221,0.7499999999999997,0.3031305838676309,0.0008916427475682553,0.0024895158026838615,-6.615235881625281,-9.999979511121637e-09,38.354010220005065,1e-08,35.815910331141495,screened_water_cap_0.75,equal_site_portfolio,hub_policy_compliant,central,uniform_google_ai_2024,portfolio_mean,central,gentd26_hourly_service_demand.csv,gentd26_aligned_regional_hourly_cef.csv,capacity_scenarios.csv,energy_calibration_bounds.csv,trace_timestamp_anonymized,single_row_default,0.15,20.0,carbon,211.9472222222222,211.9472222022222,2e-08,0.9999999999056369,0.15000000001415448,56.92722900944694,70.73208204419753,35.81680197388906,65.46631336086396,0.9093917516028912,0.013890987668575964,0.0,,,1e-08,True,True,0,688,4.440892098500626e-16,0.0,0.0,0.0,1e-08,1.018152777777778,0,0.0,554,3,3.3306690738754696e-16,0.0,180.1551388688889,1.5220833333333332,1.422072916666666,28.847927083333342
scenario_coarse,1.0,1.2125223354705221,1.2125223354705221,1.0,0.0,0.0,0.0,-6.617560652209775,-9.999979511121637e-09,38.354010220005065,1e-08,35.815910331141495,screened_water_cap_1.00,equal_site_portfolio,hub_policy_compliant,central,uniform_google_ai_2024,portfolio_mean,central,gentd26_hourly_service_demand.csv,gentd26_aligned_regional_hourly_cef.csv,capacity_scenarios.csv,energy_calibration_bounds.csv,trace_timestamp_anonymized,single_row_default,0.15,20.0,carbon,211.9472222222222,211.9472222022222,2e-08,0.9999999999056369,0.15000000001415448,56.92722900944694,70.73208204419753,35.815910331141495,65.46631336086396,1.2125223354705221,0.018521316891434627,0.0,,,1e-08,True,True,0,686,4.440892098500626e-16,0.0,0.0,0.0,1e-08,1.018152777777778,0,0.0,554,3,0.0,0.0,180.1551388688889,1.9265833333333329,1.9989583333333334,27.86654166666667
scenario_coarse,0.0,0.0,1.2125223354705221,0.0,1.2125223354705221,0.029112704590616545,0.08128427930897963,-6.541655409384783,-9.999979511121637e-09,38.354010220005065,1e-08,35.815910331141495,screened_water_cap_0.00,equal_site_portfolio,hub_policy_compliant,central,uniform_google_ai_2024,portfolio_mean,central,gentd26_hourly_service_demand.csv,gentd26_aligned_regional_hourly_cef.csv,capacity_scenarios.csv,energy_calibration_bounds.csv,trace_timestamp_anonymized,single_row_default,0.15,35.0,carbon,211.9472222222222,211.9472222022222,2e-08,0.9999999999056369,0.15000000001415448,56.92722900944694,70.73208204419753,35.84502303573211,65.46631336086396,0.0,0.0,0.0,,,1e-08,True,True,0,0,4.440892098500626e-16,0.0,0.0,0.0,1e-08,1.018152777777778,0,0.0,554,3,0.0,0.0,180.1551388688889,0.0,0.0,31.79208333333335
scenario_coarse,0.25,0.30313058386763053,1.2125223354705221,0.25,0.9093917516028915,0.014237160133703242,0.03975093750814285,-6.580440257101062,-9.999979511121637e-09,38.354010220005065,1e-08,35.815910331141495,screened_water_cap_0.25,equal_site_portfolio,hub_policy_compliant,central,uniform_google_ai_2024,portfolio_mean,central,gentd26_hourly_service_demand.csv,gentd26_aligned_regional_hourly_cef.csv,capacity_scenarios.csv,energy_calibration_bounds.csv,trace_timestamp_anonymized,single_row_default,0.15,35.0,carbon,211.9472222222222,211.9472222022222,2e-08,0.9999999999056369,0.15000000001415448,56.92722900944693,70.73208204419753,35.8301474912752,65.46631336086396,0.30313058386763053,0.004630329222858657,0.0,,,1e-08,True,True,0,676,4.440892098500626e-16,0.0,0.0,0.0,1e-08,1.018152777777778,0,0.0,554,3,0.0,0.0,180.1551388688889,0.4545520833333333,0.5268333333333332,30.81069791666668
scenario_coarse,0.5,0.6062611677352611,1.2125223354705221,0.5,0.6062611677352611,0.004835976647505902,0.0135023139236079,-6.604951862099517,-9.999979511121637e-09,38.354010220005065,1e-08,35.815910331141495,screened_water_cap_0.50,equal_site_portfolio,hub_policy_compliant,central,uniform_google_ai_2024,portfolio_mean,central,gentd26_hourly_service_demand.csv,gentd26_aligned_regional_hourly_cef.csv,capacity_scenarios.csv,energy_calibration_bounds.csv,trace_timestamp_anonymized,single_row_default,0.15,35.0,carbon,211.9472222222222,211.9472222022222,2e-08,0.9999999999056369,0.15000000001415448,56.92722900944694,70.73208204419753,35.820746307789,65.46631336086396,0.6062611677352611,0.009260658445717313,0.0,,,1e-08,True,True,0,684,4.440892098500626e-16,0.0,0.0,0.0,1e-08,1.018152777777778,0,0.0,554,3,0.0,0.0,180.1551388688889,1.0018125,0.9609583333333331,29.82931250000001
scenario_coarse,0.75,0.9093917516028915,1.2125223354705221,0.7499999999999997,0.3031305838676309,0.0008916427475682553,0.0024895158026838615,-6.615235881625281,-9.999979511121637e-09,38.354010220005065,1e-08,35.815910331141495,screened_water_cap_0.75,equal_site_portfolio,hub_policy_compliant,central,uniform_google_ai_2024,portfolio_mean,central,gentd26_hourly_service_demand.csv,gentd26_aligned_regional_hourly_cef.csv,capacity_scenarios.csv,energy_calibration_bounds.csv,trace_timestamp_anonymized,single_row_default,0.15,35.0,carbon,211.9472222222222,211.9472222022222,2e-08,0.9999999999056369,0.15000000001415448,56.92722900944694,70.73208204419753,35.81680197388906,65.46631336086396,0.9093917516028912,0.013890987668575964,0.0,,,1e-08,True,True,0,688,4.440892098500626e-16,0.0,0.0,0.0,1e-08,1.018152777777778,0,0.0,554,3,3.3306690738754696e-16,0.0,180.1551388688889,1.5220833333333332,1.422072916666666,28.847927083333342
scenario_coarse,1.0,1.2125223354705221,1.2125223354705221,1.0,0.0,0.0,0.0,-6.617560652209775,-9.999979511121637e-09,38.354010220005065,1e-08,35.815910331141495,screened_water_cap_1.00,equal_site_portfolio,hub_policy_compliant,central,uniform_google_ai_2024,portfolio_mean,central,gentd26_hourly_service_demand.csv,gentd26_aligned_regional_hourly_cef.csv,capacity_scenarios.csv,energy_calibration_bounds.csv,trace_timestamp_anonymized,single_row_default,0.15,35.0,carbon,211.9472222222222,211.9472222022222,2e-08,0.9999999999056369,0.15000000001415448,56.92722900944694,70.73208204419753,35.815910331141495,65.46631336086396,1.2125223354705221,0.018521316891434627,0.0,,,1e-08,True,True,0,686,4.440892098500626e-16,0.0,0.0,0.0,1e-08,1.018152777777778,0,0.0,554,3,0.0,0.0,180.1551388688889,1.9265833333333329,1.9989583333333334,27.86654166666667
scenario_coarse,0.0,0.0,12.505583656388596,0.0,12.505583656388596,1.4384715181452492,3.8966559037447945,-5.350819787253158e-09,-1.0000007932831068e-08,38.354010220005065,1e-08,36.91553869980756,screened_water_cap_0.00,equal_site_portfolio,hub_policy_compliant,central,uniform_google_ai_2024,portfolio_mean,central,gentd26_hourly_service_demand.csv,gentd26_aligned_regional_hourly_cef.csv,capacity_scenarios.csv,energy_calibration_bounds.csv,trace_timestamp_anonymized,single_row_default,0.3,15.0,carbon,211.9472222222222,211.94722220222218,2e-08,0.9999999999056368,0.0,56.92722900944693,71.15903626180867,38.35401021795281,65.46631336086396,0.0,0.0,0.0,,,1e-08,True,True,0,0,0.0,0.0,0.0,0.0,1e-08,0.4919444444444445,0,0.0,184,1,0.0,0.0,211.94722220222224,0.0,0.0,0.0
scenario_coarse,0.25,3.126395914097149,12.505583656388596,0.25,9.379187742291448,0.8064246028840429,2.1845126233746237,-1.6479291570501542,-9.999979511121637e-09,38.354010220005065,1e-08,36.91553869980756,screened_water_cap_0.25,equal_site_portfolio,hub_policy_compliant,central,uniform_google_ai_2024,portfolio_mean,central,gentd26_hourly_service_demand.csv,gentd26_aligned_regional_hourly_cef.csv,capacity_scenarios.csv,energy_calibration_bounds.csv,trace_timestamp_anonymized,single_row_default,0.3,15.0,carbon,211.9472222222222,211.9472222022222,2e-08,0.9999999999056369,0.047755796127755094,56.92722900944693,71.02310600467402,37.721963302691606,65.46631336086396,3.126395914097149,0.0477557961277551,0.0,,,1e-08,True,True,0,1,2.220446049250313e-16,0.0,0.0,0.0,1e-08,0.4919444444444445,0,0.0,246,1,0.0,0.0,201.82551386888886,10.121708333333336,0.0,0.0
scenario_coarse,0.5,6.252791828194298,12.505583656388596,0.5,6.252791828194298,0.4070487907115492,1.1026489252171423,-2.6892174340298114,-9.999979511121637e-09,38.354010220005065,1e-08,36.91553869980756,screened_water_cap_0.50,equal_site_portfolio,hub_policy_compliant,central,uniform_google_ai_2024,portfolio_mean,central,gentd26_hourly_service_demand.csv,gentd26_aligned_regional_hourly_cef.csv,capacity_scenarios.csv,energy_calibration_bounds.csv,trace_timestamp_anonymized,single_row_default,0.3,15.0,carbon,211.9472222222222,211.9472222022222,2e-08,0.9999999999056369,0.09551159225551019,56.92722900944693,70.88717574753936,37.32258749051911,65.46631336086396,6.252791828194298,0.0955115922555102,0.0,,,1e-08,True,True,0,1,2.220446049250313e-16,0.0,0.0,0.0,1e-08,0.4919444444444445,0,0.0,290,1,0.0,0.0,191.70380553555555,20.243416666666658,0.0,0.0
scenario_coarse,0.75,9.379187742291448,12.505583656388596,0.7500000000000002,3.126395914097147,0.10124091873083074,0.27425014586435204,-3.486547022843478,-9.999979511121637e-09,38.354010220005065,1e-08,36.91553869980756,screened_water_cap_0.75,equal_site_portfolio,hub_policy_compliant,central,uniform_google_ai_2024,portfolio_mean,central,gentd26_hourly_service_demand.csv,gentd26_aligned_regional_hourly_cef.csv,capacity_scenarios.csv,energy_calibration_bounds.csv,trace_timestamp_anonymized,single_row_default,0.3,15.0,carbon,211.9472222222222,211.9472222022222,2e-08,0.9999999999056369,0.1432673883832653,56.92722900944693,70.7512454904047,37.01677961853839,65.46631336086396,9.37918774229145,0.14326738838326533,0.0,,,1e-08,True,True,0,1,2.220446049250313e-16,0.0,0.0,0.0,1e-08,0.4919444444444445,0,0.0,344,1,-1.7763568394002505e-15,1.7763568394002505e-15,181.5820972022222,30.36512500000001,0.0,0.0
scenario_coarse,1.0,12.505583656388596,12.505583656388596,1.0,0.0,0.0,0.0,-3.7505113857617123,-1.0000007932831068e-08,38.354010220005065,1e-08,36.91553869980756,screened_water_cap_1.00,equal_site_portfolio,hub_policy_compliant,central,uniform_google_ai_2024,portfolio_mean,central,gentd26_hourly_service_demand.csv,gentd26_aligned_regional_hourly_cef.csv,capacity_scenarios.csv,energy_calibration_bounds.csv,trace_timestamp_anonymized,single_row_default,0.3,15.0,carbon,211.9472222222222,211.94722220222218,2e-08,0.9999999999056368,0.1910231845110204,56.92722900944693,70.61531523327004,36.91553869980756,65.46631336086396,12.505583656388596,0.1910231845110204,0.0,,,1e-08,True,True,0,0,2.220446049250313e-16,0.0,0.0,0.0,1e-08,0.4919444444444445,0,0.0,400,1,0.0,0.0,171.46038886888886,40.48683333333335,0.0,0.0
scenario_coarse,0.0,0.0,2.4250446709410443,0.0,2.4250446709410443,0.0582254091812473,0.17496766885745085,-13.083310813418725,-1.0000007932831068e-08,38.354010220005065,1e-08,33.27781044433017,screened_water_cap_0.00,equal_site_portfolio,hub_policy_compliant,central,uniform_google_ai_2024,portfolio_mean,central,gentd26_hourly_service_demand.csv,gentd26_aligned_regional_hourly_cef.csv,capacity_scenarios.csv,energy_calibration_bounds.csv,trace_timestamp_anonymized,single_row_default,0.3,20.0,carbon,211.9472222222222,211.94722220222218,2e-08,0.9999999999056368,0.30000000002830896,56.92722900944693,70.30512782658639,33.33603585351142,65.46631336086396,0.0,0.0,0.0,,,1e-08,True,True,0,0,4.440892098500626e-16,0.0,0.0,0.0,1e-08,0.9475833333333334,0,0.0,554,3,0.0,0.0,148.36305553555553,0.0,0.0,63.5841666666667
scenario_coarse,0.25,0.6062611677352611,2.4250446709410443,0.25,1.818783503205783,0.02847432026741359,0.08556548609184311,-13.160880508851292,-1.0000007932831068e-08,38.354010220005065,1e-08,33.27781044433017,screened_water_cap_0.25,equal_site_portfolio,hub_policy_compliant,central,uniform_google_ai_2024,portfolio_mean,central,gentd26_hourly_service_demand.csv,gentd26_aligned_regional_hourly_cef.csv,capacity_scenarios.csv,energy_calibration_bounds.csv,trace_timestamp_anonymized,single_row_default,0.3,20.0,carbon,211.9472222222222,211.94722220222218,2e-08,0.9999999999056368,0.30000000002830896,56.92722900944693,70.30512782658639,33.306284764597585,65.46631336086396,0.6062611677352611,0.009260658445717313,0.0,,,1e-08,True,True,0,674,4.440892098500626e-16,0.0,0.0,0.0,1e-08,0.9475833333333334,0,0.0,554,3,0.0,0.0,148.36305553555553,0.9091041666666666,1.0536666666666663,61.62139583333336
scenario_coarse,0.5,1.2125223354705221,2.4250446709410443,0.5,1.2125223354705221,0.009671953295018909,0.029064271855272494,-13.209903718848215,-1.0000007932831068e-08,38.354010220005065,1e-08,33.27781044433017,screened_water_cap_0.50,equal_site_portfolio,hub_policy_compliant,central,uniform_google_ai_2024,portfolio_mean,central,gentd26_hourly_service_demand.csv,gentd26_aligned_regional_hourly_cef.csv,capacity_scenarios.csv,energy_calibration_bounds.csv,trace_timestamp_anonymized,single_row_default,0.3,20.0,carbon,211.9472222222222,211.94722220222218,2e-08,0.9999999999056368,0.30000000002830896,56.92722900944693,70.30512782658639,33.28748239762519,65.46631336086396,1.2125223354705221,0.018521316891434627,0.0,,,1e-08,True,True,0,681,4.440892098500626e-16,0.0,0.0,0.0,1e-08,0.9475833333333334,0,0.0,554,3,0.0,0.0,148.36305553555553,2.003625,1.9219166666666663,59.65862500000002
scenario_coarse,0.75,1.818783503205783,2.4250446709410443,0.7499999999999997,0.6062611677352618,0.0017832854951365107,0.005358782538045226,-13.230471757899764,-1.0000007932831068e-08,38.354010220005065,1e-08,33.27781044433017,screened_water_cap_0.75,equal_site_portfolio,hub_policy_compliant,central,uniform_google_ai_2024,portfolio_mean,central,gentd26_hourly_service_demand.csv,gentd26_aligned_regional_hourly_cef.csv,capacity_scenarios.csv,energy_calibration_bounds.csv,trace_timestamp_anonymized,single_row_default,0.3,20.0,carbon,211.9472222222222,211.94722220222218,2e-08,0.9999999999056368,0.30000000002830896,56.92722900944693,70.30512782658639,33.27959372982531,65.46631336086396,1.8187835032057824,0.02778197533715193,0.0,,,1e-08,True,True,0,684,4.440892098500626e-16,0.0,0.0,0.0,1e-08,0.9475833333333334,0,0.0,554,3,6.661338147750939e-16,0.0,148.36305553555553,3.0441666666666665,2.844145833333332,57.695854166666685
scenario_coarse,1.0,2.4250446709410443,2.4250446709410443,1.0,0.0,0.0,0.0,-13.23512129906874,-1.0000007932831068e-08,38.354010220005065,1e-08,33.27781044433017,screened_water_cap_1.00,equal_site_portfolio,hub_policy_compliant,central,uniform_google_ai_2024,portfolio_mean,central,gentd26_hourly_service_demand.csv,gentd26_aligned_regional_hourly_cef.csv,capacity_scenarios.csv,energy_calibration_bounds.csv,trace_timestamp_anonymized,single_row_default,0.3,20.0,carbon,211.9472222222222,211.94722220222218,2e-08,0.9999999999056368,0.30000000002830896,56.92722900944693,70.30512782658639,33.27781044433017,65.46631336086396,2.4250446709410443,0.037042633782869254,0.0,,,1e-08,True,True,0,683,4.440892098500626e-16,0.0,0.0,0.0,1e-08,0.9475833333333334,0,0.0,554,3,0.0,0.0,148.36305553555553,3.8531666666666657,3.997916666666667,55.73308333333334
scenario_coarse,0.0,0.0,2.4250446709410443,0.0,2.4250446709410443,0.0582254091812473,0.17496766885745085,-13.083310813418725,-1.0000007932831068e-08,38.354010220005065,1e-08,33.27781044433017,screened_water_cap_0.00,equal_site_portfolio,hub_policy_compliant,central,uniform_google_ai_2024,portfolio_mean,central,gentd26_hourly_service_demand.csv,gentd26_aligned_regional_hourly_cef.csv,capacity_scenarios.csv,energy_calibration_bounds.csv,trace_timestamp_anonymized,single_row_default,0.3,35.0,carbon,211.9472222222222,211.94722220222218,2e-08,0.9999999999056368,0.30000000002830896,56.92722900944693,70.30512782658639,33.33603585351142,65.46631336086396,0.0,0.0,0.0,,,1e-08,True,True,0,0,4.440892098500626e-16,0.0,0.0,0.0,1e-08,0.9475833333333334,0,0.0,554,3,0.0,0.0,148.36305553555553,0.0,0.0,63.5841666666667
scenario_coarse,0.25,0.6062611677352611,2.4250446709410443,0.25,1.818783503205783,0.02847432026741359,0.08556548609184311,-13.160880508851292,-1.0000007932831068e-08,38.354010220005065,1e-08,33.27781044433017,screened_water_cap_0.25,equal_site_portfolio,hub_policy_compliant,central,uniform_google_ai_2024,portfolio_mean,central,gentd26_hourly_service_demand.csv,gentd26_aligned_regional_hourly_cef.csv,capacity_scenarios.csv,energy_calibration_bounds.csv,trace_timestamp_anonymized,single_row_default,0.3,35.0,carbon,211.9472222222222,211.94722220222218,2e-08,0.9999999999056368,0.30000000002830896,56.92722900944693,70.30512782658639,33.306284764597585,65.46631336086396,0.6062611677352611,0.009260658445717313,0.0,,,1e-08,True,True,0,674,4.440892098500626e-16,0.0,0.0,0.0,1e-08,0.9475833333333334,0,0.0,554,3,0.0,0.0,148.36305553555553,0.9091041666666666,1.0536666666666663,61.62139583333336
scenario_coarse,0.5,1.2125223354705221,2.4250446709410443,0.5,1.2125223354705221,0.009671953295018909,0.029064271855272494,-13.209903718848215,-1.0000007932831068e-08,38.354010220005065,1e-08,33.27781044433017,screened_water_cap_0.50,equal_site_portfolio,hub_policy_compliant,central,uniform_google_ai_2024,portfolio_mean,central,gentd26_hourly_service_demand.csv,gentd26_aligned_regional_hourly_cef.csv,capacity_scenarios.csv,energy_calibration_bounds.csv,trace_timestamp_anonymized,single_row_default,0.3,35.0,carbon,211.9472222222222,211.94722220222218,2e-08,0.9999999999056368,0.30000000002830896,56.92722900944693,70.30512782658639,33.28748239762519,65.46631336086396,1.2125223354705221,0.018521316891434627,0.0,,,1e-08,True,True,0,681,4.440892098500626e-16,0.0,0.0,0.0,1e-08,0.9475833333333334,0,0.0,554,3,0.0,0.0,148.36305553555553,2.003625,1.9219166666666663,59.65862500000002
scenario_coarse,0.75,1.818783503205783,2.4250446709410443,0.7499999999999997,0.6062611677352618,0.0017832854951365107,0.005358782538045226,-13.230471757899764,-1.0000007932831068e-08,38.354010220005065,1e-08,33.27781044433017,screened_water_cap_0.75,equal_site_portfolio,hub_policy_compliant,central,uniform_google_ai_2024,portfolio_mean,central,gentd26_hourly_service_demand.csv,gentd26_aligned_regional_hourly_cef.csv,capacity_scenarios.csv,energy_calibration_bounds.csv,trace_timestamp_anonymized,single_row_default,0.3,35.0,carbon,211.9472222222222,211.94722220222218,2e-08,0.9999999999056368,0.30000000002830896,56.92722900944693,70.30512782658639,33.27959372982531,65.46631336086396,1.8187835032057824,0.02778197533715193,0.0,,,1e-08,True,True,0,684,4.440892098500626e-16,0.0,0.0,0.0,1e-08,0.9475833333333334,0,0.0,554,3,6.661338147750939e-16,0.0,148.36305553555553,3.0441666666666665,2.844145833333332,57.695854166666685
scenario_coarse,1.0,2.4250446709410443,2.4250446709410443,1.0,0.0,0.0,0.0,-13.23512129906874,-1.0000007932831068e-08,38.354010220005065,1e-08,33.27781044433017,screened_water_cap_1.00,equal_site_portfolio,hub_policy_compliant,central,uniform_google_ai_2024,portfolio_mean,central,gentd26_hourly_service_demand.csv,gentd26_aligned_regional_hourly_cef.csv,capacity_scenarios.csv,energy_calibration_bounds.csv,trace_timestamp_anonymized,single_row_default,0.3,35.0,carbon,211.9472222222222,211.94722220222218,2e-08,0.9999999999056368,0.30000000002830896,56.92722900944693,70.30512782658639,33.27781044433017,65.46631336086396,2.4250446709410443,0.037042633782869254,0.0,,,1e-08,True,True,0,683,4.440892098500626e-16,0.0,0.0,0.0,1e-08,0.9475833333333334,0,0.0,554,3,0.0,0.0,148.36305553555553,3.8531666666666657,3.997916666666667,55.73308333333334
scenario_coarse,0.0,0.0,20.842639427314328,0.0,20.842639427314328,2.3974525302420844,6.667636404642496,-5.350819787253158e-09,-1.0000007932831068e-08,38.354010220005065,1e-08,35.95655768771073,screened_water_cap_0.00,equal_site_portfolio,hub_policy_compliant,central,uniform_google_ai_2024,portfolio_mean,central,gentd26_hourly_service_demand.csv,gentd26_aligned_regional_hourly_cef.csv,capacity_scenarios.csv,energy_calibration_bounds.csv,trace_timestamp_anonymized,single_row_default,0.5,15.0,carbon,211.9472222222222,211.94722220222218,2e-08,0.9999999999056368,0.0,56.92722900944693,71.15903626180867,38.35401021795281,65.46631336086396,0.0,0.0,0.0,,,1e-08,True,True,0,0,0.0,0.0,0.0,0.0,1e-08,0.4919444444444445,0,0.0,184,1,0.0,0.0,211.94722220222224,0.0,0.0,0.0
scenario_coarse,0.25,5.210659856828582,20.842639427314328,0.24999999999999994,15.631979570485747,1.3440410048067406,3.7379579449178246,-2.7465485915163845,-9.999979511121637e-09,38.354010220005065,1e-08,35.95655768771073,screened_water_cap_0.25,equal_site_portfolio,hub_policy_compliant,central,uniform_google_ai_2024,portfolio_mean,central,gentd26_hourly_service_demand.csv,gentd26_aligned_regional_hourly_cef.csv,capacity_scenarios.csv,energy_calibration_bounds.csv,trace_timestamp_anonymized,single_row_default,0.5,15.0,carbon,211.9472222222222,211.9472222022222,2e-08,0.9999999999056369,0.07959299354625848,56.92722900944694,70.93248583325092,37.30059869251747,65.46631336086396,5.210659856828581,0.07959299354625848,0.0,,,1e-08,True,True,0,1,0.0,0.0,0.0,0.0,1e-08,0.4919444444444445,0,0.0,246,1,8.881784197001252e-16,0.0,195.07770831333335,16.869513888888886,0.0,0.0
scenario_coarse,0.5,10.421319713657164,20.842639427314328,0.4999999999999999,10.421319713657166,0.6784146511859106,1.8867619561306892,-4.482029053149161,-9.999979511121637e-09,38.354010220005065,1e-08,35.95655768771073,screened_water_cap_0.50,equal_site_portfolio,hub_policy_compliant,central,uniform_google_ai_2024,portfolio_mean,central,gentd26_hourly_service_demand.csv,gentd26_aligned_regional_hourly_cef.csv,capacity_scenarios.csv,energy_calibration_bounds.csv,trace_timestamp_anonymized,single_row_default,0.5,15.0,carbon,211.9472222222222,211.9472222022222,2e-08,0.9999999999056369,0.15918598709251697,56.92722900944694,70.70593540469315,36.63497233889664,65.46631336086396,10.421319713657162,0.15918598709251697,0.0,,,1e-08,True,True,0,1,0.0,0.0,0.0,0.0,1e-08,0.4919444444444445,0,0.0,290,1,1.7763568394002505e-15,0.0,178.20819442444446,33.73902777777777,0.0,0.0
scenario_coarse,0.75,15.631979570485747,20.842639427314328,0.7500000000000003,5.210659856828574,0.1687348645513822,0.4692742448175302,-5.810911701171939,-1.0000007932831068e-08,38.354010220005065,1e-08,35.95655768771073,screened_water_cap_0.75,equal_site_portfolio,hub_policy_compliant,central,uniform_google_ai_2024,portfolio_mean,central,gentd26_hourly_service_demand.csv,gentd26_aligned_regional_hourly_cef.csv,capacity_scenarios.csv,energy_calibration_bounds.csv,trace_timestamp_anonymized,single_row_default,0.5,15.0,carbon,211.9472222222222,211.94722220222218,2e-08,0.9999999999056368,0.23877898063877567,56.92722900944693,70.47938497613538,36.12529255226211,65.46631336086396,15.631979570485754,0.23877898063877562,0.0,,,1e-08,True,True,0,1,0.0,0.0,0.0,0.0,1e-08,0.4919444444444445,0,0.0,344,1,-7.105427357601002e-15,7.105427357601002e-15,161.33868053555557,50.60854166666672,0.0,0.0
scenario_coarse,1.0,20.842639427314328,20.842639427314328,1.0,0.0,0.0,0.0,-6.250852306035659,-1.0000007932831068e-08,38.354010220005065,1e-08,35.95655768771073,screened_water_cap_1.00,equal_site_portfolio,hub_policy_compliant,central,uniform_google_ai_2024,portfolio_mean,central,gentd26_hourly_service_demand.csv,gentd26_aligned_regional_hourly_cef.csv,capacity_scenarios.csv,energy_calibration_bounds.csv,trace_timestamp_anonymized,single_row_default,0.5,15.0,carbon,211.9472222222222,211.94722220222218,2e-08,0.9999999999056368,0.31837197418503405,56.92722900944694,70.2528345475776,35.95655768771073,65.46631336086396,20.842639427314328,0.318371974185034,0.0,,,1e-08,True,True,0,0,0.0,0.0,0.0,0.0,1e-08,0.4241666666666666,0,0.0,400,1,0.0,0.0,144.46916664666665,67.47805555555558,0.0,0.0
scenario_coarse,0.0,0.0,4.041741118235074,0.0,4.041741118235074,0.09704234863542283,0.3246249960658254,-21.805518018797333,-1.0000007932831068e-08,38.354010220005065,1e-08,29.893677261915066,screened_water_cap_0.00,equal_site_portfolio,hub_policy_compliant,central,uniform_google_ai_2024,portfolio_mean,central,gentd26_hourly_service_demand.csv,gentd26_aligned_regional_hourly_cef.csv,capacity_scenarios.csv,energy_calibration_bounds.csv,trace_timestamp_anonymized,single_row_default,0.5,20.0,carbon,211.9472222222222,211.94722220222218,2e-08,0.9999999999056368,0.5000000000471817,56.92722900944693,69.73585553643821,29.99071961055049,65.46631336086396,0.0,0.0,0.0,,,1e-08,True,True,0,0,0.0,0.0,0.0,0.0,1e-08,0.24597222222222226,0,0.0,554,3,0.0,0.0,105.97361109111111,0.0,0.0,105.97361111111111
scenario_coarse,0.25,1.0104352795587686,4.041741118235074,0.25,3.031305838676306,0.04745720044570234,0.1587533043523104,-21.934800844518275,-1.0000007932831068e-08,38.354010220005065,1e-08,29.893677261915066,screened_water_cap_0.25,equal_site_portfolio,hub_policy_compliant,central,uniform_google_ai_2024,portfolio_mean,central,gentd26_hourly_service_demand.csv,gentd26_aligned_regional_hourly_cef.csv,capacity_scenarios.csv,energy_calibration_bounds.csv,trace_timestamp_anonymized,single_row_default,0.5,20.0,carbon,211.9472222222222,211.94722220222218,2e-08,0.9999999999056368,0.5000000000471816,56.92722900944693,69.73585553643821,29.94113446236077,65.46631336086396,1.0104352795587686,0.015434430742862191,0.0,,,1e-08,True,True,0,678,0.0,0.0,0.0,0.0,1e-08,0.24597222222222226,0,0.0,554,3,0.0,0.0,105.97361109111111,1.5151736111111118,1.7561111111111107,102.70232638888888
scenario_coarse,0.5,2.020870559117537,4.041741118235074,0.5,2.020870559117537,0.01611992215837077,0.05392418609839744,-22.016506194513163,-1.0000007932831068e-08,38.354010220005065,1e-08,29.893677261915066,screened_water_cap_0.50,equal_site_portfolio,hub_policy_compliant,central,uniform_google_ai_2024,portfolio_mean,central,gentd26_hourly_service_demand.csv,gentd26_aligned_regional_hourly_cef.csv,capacity_scenarios.csv,energy_calibration_bounds.csv,trace_timestamp_anonymized,single_row_default,0.5,20.0,carbon,211.9472222222222,211.94722220222218,2e-08,0.9999999999056368,0.5000000000471817,56.92722900944693,69.73585553643821,29.909797184073437,65.46631336086396,2.020870559117537,0.030868861485724382,0.0,,,1e-08,True,True,0,681,0.0,0.0,0.0,0.0,1e-08,0.24597222222222226,0,0.0,554,3,0.0,0.0,105.97361109111112,3.3393750000000004,3.203194444444444,99.43104166666666
scenario_coarse,0.75,3.031305838676306,4.041741118235074,0.7499999999999999,1.0104352795587692,0.0029721424918989214,0.00994237833591427,-22.050786259599075,-9.999979511121637e-09,38.354010220005065,1e-08,29.893677261915066,screened_water_cap_0.75,equal_site_portfolio,hub_policy_compliant,central,uniform_google_ai_2024,portfolio_mean,central,gentd26_hourly_service_demand.csv,gentd26_aligned_regional_hourly_cef.csv,capacity_scenarios.csv,energy_calibration_bounds.csv,trace_timestamp_anonymized,single_row_default,0.5,20.0,carbon,211.9472222222222,211.9472222022222,2e-08,0.9999999999056369,0.5000000000471816,56.92722900944693,69.73585553643821,29.896649404406965,65.46631336086396,3.031305838676305,0.04630329222858656,0.0,,,1e-08,True,True,0,688,4.440892098500626e-16,0.0,0.0,0.0,1e-08,0.24597222222222226,0,0.0,554,3,8.881784197001252e-16,0.0,105.97361109111111,5.073611111111111,4.740243055555555,96.15975694444447
scenario_coarse,1.0,4.041741118235074,4.041741118235074,0.9999999999999998,8.881784197001252e-16,0.0,0.0,-22.058535494880726,-9.999979511121637e-09,38.354010220005065,1e-08,29.893677261915066,screened_water_cap_1.00,equal_site_portfolio,hub_policy_compliant,central,uniform_google_ai_2024,portfolio_mean,central,gentd26_hourly_service_demand.csv,gentd26_aligned_regional_hourly_cef.csv,capacity_scenarios.csv,energy_calibration_bounds.csv,trace_timestamp_anonymized,single_row_default,0.5,20.0,carbon,211.9472222222222,211.9472222022222,2e-08,0.9999999999056369,0.5000000000471816,56.92722900944693,69.73585553643821,29.893677261915066,65.46631336086396,4.041741118235073,0.06173772297144875,0.0,,,1e-08,True,True,0,684,0.0,0.0,0.0,0.0,1e-08,0.24597222222222226,0,0.0,554,3,8.881784197001252e-16,0.0,105.97361109111111,6.421944444444444,6.663194444444444,92.88847222222223
scenario_coarse,0.0,0.0,4.041741118235074,0.0,4.041741118235074,0.09704234863542283,0.3246249960658254,-21.805518018797333,-1.0000007932831068e-08,38.354010220005065,1e-08,29.893677261915066,screened_water_cap_0.00,equal_site_portfolio,hub_policy_compliant,central,uniform_google_ai_2024,portfolio_mean,central,gentd26_hourly_service_demand.csv,gentd26_aligned_regional_hourly_cef.csv,capacity_scenarios.csv,energy_calibration_bounds.csv,trace_timestamp_anonymized,single_row_default,0.5,35.0,carbon,211.9472222222222,211.94722220222218,2e-08,0.9999999999056368,0.5000000000471817,56.92722900944693,69.73585553643821,29.99071961055049,65.46631336086396,0.0,0.0,0.0,,,1e-08,True,True,0,0,0.0,0.0,0.0,0.0,1e-08,0.24597222222222226,0,0.0,554,3,0.0,0.0,105.97361109111111,0.0,0.0,105.97361111111111
scenario_coarse,0.25,1.0104352795587686,4.041741118235074,0.25,3.031305838676306,0.04745720044570234,0.1587533043523104,-21.934800844518275,-1.0000007932831068e-08,38.354010220005065,1e-08,29.893677261915066,screened_water_cap_0.25,equal_site_portfolio,hub_policy_compliant,central,uniform_google_ai_2024,portfolio_mean,central,gentd26_hourly_service_demand.csv,gentd26_aligned_regional_hourly_cef.csv,capacity_scenarios.csv,energy_calibration_bounds.csv,trace_timestamp_anonymized,single_row_default,0.5,35.0,carbon,211.9472222222222,211.94722220222218,2e-08,0.9999999999056368,0.5000000000471816,56.92722900944693,69.73585553643821,29.94113446236077,65.46631336086396,1.0104352795587686,0.015434430742862191,0.0,,,1e-08,True,True,0,678,0.0,0.0,0.0,0.0,1e-08,0.24597222222222226,0,0.0,554,3,0.0,0.0,105.97361109111111,1.5151736111111118,1.7561111111111107,102.70232638888888
scenario_coarse,0.5,2.020870559117537,4.041741118235074,0.5,2.020870559117537,0.01611992215837077,0.05392418609839744,-22.016506194513163,-1.0000007932831068e-08,38.354010220005065,1e-08,29.893677261915066,screened_water_cap_0.50,equal_site_portfolio,hub_policy_compliant,central,uniform_google_ai_2024,portfolio_mean,central,gentd26_hourly_service_demand.csv,gentd26_aligned_regional_hourly_cef.csv,capacity_scenarios.csv,energy_calibration_bounds.csv,trace_timestamp_anonymized,single_row_default,0.5,35.0,carbon,211.9472222222222,211.94722220222218,2e-08,0.9999999999056368,0.5000000000471817,56.92722900944693,69.73585553643821,29.909797184073437,65.46631336086396,2.020870559117537,0.030868861485724382,0.0,,,1e-08,True,True,0,681,0.0,0.0,0.0,0.0,1e-08,0.24597222222222226,0,0.0,554,3,0.0,0.0,105.97361109111112,3.3393750000000004,3.203194444444444,99.43104166666666
scenario_coarse,0.75,3.031305838676306,4.041741118235074,0.7499999999999999,1.0104352795587692,0.0029721424918989214,0.00994237833591427,-22.050786259599075,-9.999979511121637e-09,38.354010220005065,1e-08,29.893677261915066,screened_water_cap_0.75,equal_site_portfolio,hub_policy_compliant,central,uniform_google_ai_2024,portfolio_mean,central,gentd26_hourly_service_demand.csv,gentd26_aligned_regional_hourly_cef.csv,capacity_scenarios.csv,energy_calibration_bounds.csv,trace_timestamp_anonymized,single_row_default,0.5,35.0,carbon,211.9472222222222,211.9472222022222,2e-08,0.9999999999056369,0.5000000000471816,56.92722900944693,69.73585553643821,29.896649404406965,65.46631336086396,3.031305838676305,0.04630329222858656,0.0,,,1e-08,True,True,0,688,4.440892098500626e-16,0.0,0.0,0.0,1e-08,0.24597222222222226,0,0.0,554,3,8.881784197001252e-16,0.0,105.97361109111111,5.073611111111111,4.740243055555555,96.15975694444447
scenario_coarse,1.0,4.041741118235074,4.041741118235074,0.9999999999999998,8.881784197001252e-16,0.0,0.0,-22.058535494880726,-9.999979511121637e-09,38.354010220005065,1e-08,29.893677261915066,screened_water_cap_1.00,equal_site_portfolio,hub_policy_compliant,central,uniform_google_ai_2024,portfolio_mean,central,gentd26_hourly_service_demand.csv,gentd26_aligned_regional_hourly_cef.csv,capacity_scenarios.csv,energy_calibration_bounds.csv,trace_timestamp_anonymized,single_row_default,0.5,35.0,carbon,211.9472222222222,211.9472222022222,2e-08,0.9999999999056369,0.5000000000471816,56.92722900944693,69.73585553643821,29.893677261915066,65.46631336086396,4.041741118235073,0.06173772297144875,0.0,,,1e-08,True,True,0,684,0.0,0.0,0.0,0.0,1e-08,0.24597222222222226,0,0.0,554,3,8.881784197001252e-16,0.0,105.97361109111111,6.421944444444444,6.663194444444444,92.88847222222223
scenario_coarse,0.0,0.0,6.252791828194298,0.0,6.252791828194298,0.7192357590726246,1.9110935814387942,-5.350819787253158e-09,-1.0000007932831068e-08,38.354010220005065,1e-08,37.63477445888019,screened_water_cap_0.00,equal_site_portfolio,hub_policy_compliant,ample,uniform_google_ai_2024,portfolio_mean,central,gentd26_hourly_service_demand.csv,gentd26_aligned_regional_hourly_cef.csv,capacity_scenarios.csv,energy_calibration_bounds.csv,trace_timestamp_anonymized,single_row_default,0.15,15.0,carbon,211.9472222222222,211.94722220222218,2e-08,0.9999999999056368,0.0,56.92722900944693,71.15903626180867,38.35401021795281,65.46631336086396,0.0,0.0,0.0,,,1e-08,True,True,0,0,0.0,0.0,0.0,0.0,1e-08,1.4919444444444445,0,0.0,184,1,0.0,0.0,211.94722220222224,0.0,0.0,0.0
scenario_coarse,0.25,1.5631979570485746,6.252791828194298,0.25,4.689593871145724,0.4032123014420179,1.0713822714217835,-0.8239645812004981,-1.0000007932831068e-08,38.354010220005065,1e-08,37.63477445888019,screened_water_cap_0.25,equal_site_portfolio,hub_policy_compliant,ample,uniform_google_ai_2024,portfolio_mean,central,gentd26_hourly_service_demand.csv,gentd26_aligned_regional_hourly_cef.csv,capacity_scenarios.csv,energy_calibration_bounds.csv,trace_timestamp_anonymized,single_row_default,0.15,15.0,carbon,211.9472222222222,211.94722220222218,2e-08,0.9999999999056368,0.02387789806387755,56.92722900944694,71.09107113324134,38.037986760322205,65.46631336086396,1.5631979570485746,0.02387789806387755,0.0,,,1e-08,True,True,0,1,2.220446049250313e-16,0.0,0.0,0.0,1e-08,1.4919444444444445,0,0.0,246,1,0.0,0.0,206.88636803555553,5.060854166666668,0.0,0.0
scenario_coarse,0.5,3.126395914097149,6.252791828194298,0.5,3.126395914097149,0.20352439535577105,0.5407881361907618,-1.3446087196903211,-9.999979511121637e-09,38.354010220005065,1e-08,37.63477445888019,screened_water_cap_0.50,equal_site_portfolio,hub_policy_compliant,ample,uniform_google_ai_2024,portfolio_mean,central,gentd26_hourly_service_demand.csv,gentd26_aligned_regional_hourly_cef.csv,capacity_scenarios.csv,energy_calibration_bounds.csv,trace_timestamp_anonymized,single_row_default,0.15,15.0,carbon,211.9472222222222,211.9472222022222,2e-08,0.9999999999056369,0.047755796127755094,56.92722900944694,71.02310600467402,37.83829885423596,65.46631336086396,3.126395914097149,0.0477557961277551,0.0,,,1e-08,True,True,0,1,2.220446049250313e-16,0.0,0.0,0.0,1e-08,1.4919444444444445,0,0.0,290,1,0.0,0.0,201.8255138688889,10.121708333333329,0.0,0.0
scenario_coarse,0.75,4.689593871145724,6.252791828194298,0.7500000000000002,1.5631979570485734,0.050620459365418924,0.13450448446483687,-1.7432735140971434,-9.999979511121637e-09,38.354010220005065,1e-08,37.63477445888019,screened_water_cap_0.75,equal_site_portfolio,hub_policy_compliant,ample,uniform_google_ai_2024,portfolio_mean,central,gentd26_hourly_service_demand.csv,gentd26_aligned_regional_hourly_cef.csv,capacity_scenarios.csv,energy_calibration_bounds.csv,trace_timestamp_anonymized,single_row_default,0.15,15.0,carbon,211.9472222222222,211.9472222022222,2e-08,0.9999999999056369,0.07163369419163265,56.92722900944693,70.9551408761067,37.685394918245606,65.46631336086396,4.689593871145725,0.07163369419163267,0.0,,,1e-08,True,True,0,1,2.220446049250313e-16,0.0,0.0,0.0,1e-08,1.4919444444444445,0,0.0,344,1,-8.881784197001252e-16,8.881784197001252e-16,196.76465970222225,15.182562500000005,0.0,0.0
scenario_coarse,1.0,6.252791828194298,6.252791828194298,1.0,0.0,0.0,0.0,-1.875255695556266,-9.999979511121637e-09,38.354010220005065,1e-08,37.63477445888019,screened_water_cap_1.00,equal_site_portfolio,hub_policy_compliant,ample,uniform_google_ai_2024,portfolio_mean,central,gentd26_hourly_service_demand.csv,gentd26_aligned_regional_hourly_cef.csv,capacity_scenarios.csv,energy_calibration_bounds.csv,trace_timestamp_anonymized,single_row_default,0.15,15.0,carbon,211.9472222222222,211.9472222022222,2e-08,0.9999999999056369,0.09551159225551019,56.92722900944693,70.88717574753936,37.63477445888019,65.46631336086396,6.252791828194298,0.0955115922555102,0.0,,,1e-08,True,True,0,0,2.220446049250313e-16,0.0,0.0,0.0,1e-08,1.4919444444444445,0,0.0,400,1,0.0,0.0,191.70380553555555,20.243416666666675,0.0,0.0
scenario_coarse,0.0,0.0,1.2125223354705221,0.0,1.2125223354705221,0.029112704590616545,0.08128427930897963,-6.541655409384783,-9.999979511121637e-09,38.354010220005065,1e-08,35.815910331141495,screened_water_cap_0.00,equal_site_portfolio,hub_policy_compliant,ample,uniform_google_ai_2024,portfolio_mean,central,gentd26_hourly_service_demand.csv,gentd26_aligned_regional_hourly_cef.csv,capacity_scenarios.csv,energy_calibration_bounds.csv,trace_timestamp_anonymized,single_row_default,0.15,20.0,carbon,211.9472222222222,211.9472222022222,2e-08,0.9999999999056369,0.15000000001415448,56.92722900944694,70.73208204419753,35.84502303573211,65.46631336086396,0.0,0.0,0.0,,,1e-08,True,True,0,0,4.440892098500626e-16,0.0,0.0,0.0,1e-08,2.018152777777778,0,0.0,554,3,0.0,0.0,180.1551388688889,0.0,0.0,31.79208333333335
scenario_coarse,0.25,0.30313058386763053,1.2125223354705221,0.25,0.9093917516028915,0.014237160133703242,0.03975093750814285,-6.580440257101062,-9.999979511121637e-09,38.354010220005065,1e-08,35.815910331141495,screened_water_cap_0.25,equal_site_portfolio,hub_policy_compliant,ample,uniform_google_ai_2024,portfolio_mean,central,gentd26_hourly_service_demand.csv,gentd26_aligned_regional_hourly_cef.csv,capacity_scenarios.csv,energy_calibration_bounds.csv,trace_timestamp_anonymized,single_row_default,0.15,20.0,carbon,211.9472222222222,211.9472222022222,2e-08,0.9999999999056369,0.15000000001415448,56.92722900944693,70.73208204419753,35.8301474912752,65.46631336086396,0.30313058386763053,0.004630329222858657,0.0,,,1e-08,True,True,0,654,4.440892098500626e-16,0.0,0.0,0.0,1e-08,2.018152777777778,0,0.0,554,3,0.0,0.0,180.1551388688889,0.4545520833333333,0.5268333333333332,30.81069791666668
scenario_coarse,0.5,0.6062611677352611,1.2125223354705221,0.5,0.6062611677352611,0.004835976647505902,0.0135023139236079,-6.604951862099517,-9.999979511121637e-09,38.354010220005065,1e-08,35.815910331141495,screened_water_cap_0.50,equal_site_portfolio,hub_policy_compliant,ample,uniform_google_ai_2024,portfolio_mean,central,gentd26_hourly_service_demand.csv,gentd26_aligned_regional_hourly_cef.csv,capacity_scenarios.csv,energy_calibration_bounds.csv,trace_timestamp_anonymized,single_row_default,0.15,20.0,carbon,211.9472222222222,211.9472222022222,2e-08,0.9999999999056369,0.15000000001415448,56.92722900944694,70.73208204419753,35.820746307789,65.46631336086396,0.6062611677352611,0.009260658445717313,0.0,,,1e-08,True,True,0,660,4.440892098500626e-16,0.0,0.0,0.0,1e-08,2.018152777777778,0,0.0,554,3,0.0,0.0,180.1551388688889,1.0018125,0.9609583333333331,29.82931250000001
scenario_coarse,0.75,0.9093917516028915,1.2125223354705221,0.7499999999999997,0.3031305838676309,0.0008916427475682553,0.0024895158026838615,-6.615235881625281,-9.999979511121637e-09,38.354010220005065,1e-08,35.815910331141495,screened_water_cap_0.75,equal_site_portfolio,hub_policy_compliant,ample,uniform_google_ai_2024,portfolio_mean,central,gentd26_hourly_service_demand.csv,gentd26_aligned_regional_hourly_cef.csv,capacity_scenarios.csv,energy_calibration_bounds.csv,trace_timestamp_anonymized,single_row_default,0.15,20.0,carbon,211.9472222222222,211.9472222022222,2e-08,0.9999999999056369,0.15000000001415448,56.92722900944694,70.73208204419753,35.81680197388906,65.46631336086396,0.9093917516028912,0.013890987668575964,0.0,,,1e-08,True,True,0,659,4.440892098500626e-16,0.0,0.0,0.0,1e-08,2.018152777777778,0,0.0,554,3,3.3306690738754696e-16,0.0,180.1551388688889,1.5220833333333332,1.422072916666666,28.847927083333342
scenario_coarse,1.0,1.2125223354705221,1.2125223354705221,1.0,0.0,0.0,0.0,-6.617560652209775,-9.999979511121637e-09,38.354010220005065,1e-08,35.815910331141495,screened_water_cap_1.00,equal_site_portfolio,hub_policy_compliant,ample,uniform_google_ai_2024,portfolio_mean,central,gentd26_hourly_service_demand.csv,gentd26_aligned_regional_hourly_cef.csv,capacity_scenarios.csv,energy_calibration_bounds.csv,trace_timestamp_anonymized,single_row_default,0.15,20.0,carbon,211.9472222222222,211.9472222022222,2e-08,0.9999999999056369,0.15000000001415448,56.92722900944694,70.73208204419753,35.815910331141495,65.46631336086396,1.2125223354705221,0.018521316891434627,0.0,,,1e-08,True,True,0,659,4.440892098500626e-16,0.0,0.0,0.0,1e-08,2.018152777777778,0,0.0,554,3,0.0,0.0,180.1551388688889,1.9265833333333329,1.9989583333333334,27.86654166666667
scenario_coarse,0.0,0.0,1.2125223354705221,0.0,1.2125223354705221,0.029112704590616545,0.08128427930897963,-6.541655409384783,-9.999979511121637e-09,38.354010220005065,1e-08,35.815910331141495,screened_water_cap_0.00,equal_site_portfolio,hub_policy_compliant,ample,uniform_google_ai_2024,portfolio_mean,central,gentd26_hourly_service_demand.csv,gentd26_aligned_regional_hourly_cef.csv,capacity_scenarios.csv,energy_calibration_bounds.csv,trace_timestamp_anonymized,single_row_default,0.15,35.0,carbon,211.9472222222222,211.9472222022222,2e-08,0.9999999999056369,0.15000000001415448,56.92722900944694,70.73208204419753,35.84502303573211,65.46631336086396,0.0,0.0,0.0,,,1e-08,True,True,0,0,4.440892098500626e-16,0.0,0.0,0.0,1e-08,2.018152777777778,0,0.0,554,3,0.0,0.0,180.1551388688889,0.0,0.0,31.79208333333335
scenario_coarse,0.25,0.30313058386763053,1.2125223354705221,0.25,0.9093917516028915,0.014237160133703242,0.03975093750814285,-6.580440257101062,-9.999979511121637e-09,38.354010220005065,1e-08,35.815910331141495,screened_water_cap_0.25,equal_site_portfolio,hub_policy_compliant,ample,uniform_google_ai_2024,portfolio_mean,central,gentd26_hourly_service_demand.csv,gentd26_aligned_regional_hourly_cef.csv,capacity_scenarios.csv,energy_calibration_bounds.csv,trace_timestamp_anonymized,single_row_default,0.15,35.0,carbon,211.9472222222222,211.9472222022222,2e-08,0.9999999999056369,0.15000000001415448,56.92722900944693,70.73208204419753,35.8301474912752,65.46631336086396,0.30313058386763053,0.004630329222858657,0.0,,,1e-08,True,True,0,654,4.440892098500626e-16,0.0,0.0,0.0,1e-08,2.018152777777778,0,0.0,554,3,0.0,0.0,180.1551388688889,0.4545520833333333,0.5268333333333332,30.81069791666668
scenario_coarse,0.5,0.6062611677352611,1.2125223354705221,0.5,0.6062611677352611,0.004835976647505902,0.0135023139236079,-6.604951862099517,-9.999979511121637e-09,38.354010220005065,1e-08,35.815910331141495,screened_water_cap_0.50,equal_site_portfolio,hub_policy_compliant,ample,uniform_google_ai_2024,portfolio_mean,central,gentd26_hourly_service_demand.csv,gentd26_aligned_regional_hourly_cef.csv,capacity_scenarios.csv,energy_calibration_bounds.csv,trace_timestamp_anonymized,single_row_default,0.15,35.0,carbon,211.9472222222222,211.9472222022222,2e-08,0.9999999999056369,0.15000000001415448,56.92722900944694,70.73208204419753,35.820746307789,65.46631336086396,0.6062611677352611,0.009260658445717313,0.0,,,1e-08,True,True,0,660,4.440892098500626e-16,0.0,0.0,0.0,1e-08,2.018152777777778,0,0.0,554,3,0.0,0.0,180.1551388688889,1.0018125,0.9609583333333331,29.82931250000001
scenario_coarse,0.75,0.9093917516028915,1.2125223354705221,0.7499999999999997,0.3031305838676309,0.0008916427475682553,0.0024895158026838615,-6.615235881625281,-9.999979511121637e-09,38.354010220005065,1e-08,35.815910331141495,screened_water_cap_0.75,equal_site_portfolio,hub_policy_compliant,ample,uniform_google_ai_2024,portfolio_mean,central,gentd26_hourly_service_demand.csv,gentd26_aligned_regional_hourly_cef.csv,capacity_scenarios.csv,energy_calibration_bounds.csv,trace_timestamp_anonymized,single_row_default,0.15,35.0,carbon,211.9472222222222,211.9472222022222,2e-08,0.9999999999056369,0.15000000001415448,56.92722900944694,70.73208204419753,35.81680197388906,65.46631336086396,0.9093917516028912,0.013890987668575964,0.0,,,1e-08,True,True,0,659,4.440892098500626e-16,0.0,0.0,0.0,1e-08,2.018152777777778,0,0.0,554,3,3.3306690738754696e-16,0.0,180.1551388688889,1.5220833333333332,1.422072916666666,28.847927083333342
scenario_coarse,1.0,1.2125223354705221,1.2125223354705221,1.0,0.0,0.0,0.0,-6.617560652209775,-9.999979511121637e-09,38.354010220005065,1e-08,35.815910331141495,screened_water_cap_1.00,equal_site_portfolio,hub_policy_compliant,ample,uniform_google_ai_2024,portfolio_mean,central,gentd26_hourly_service_demand.csv,gentd26_aligned_regional_hourly_cef.csv,capacity_scenarios.csv,energy_calibration_bounds.csv,trace_timestamp_anonymized,single_row_default,0.15,35.0,carbon,211.9472222222222,211.9472222022222,2e-08,0.9999999999056369,0.15000000001415448,56.92722900944694,70.73208204419753,35.815910331141495,65.46631336086396,1.2125223354705221,0.018521316891434627,0.0,,,1e-08,True,True,0,659,4.440892098500626e-16,0.0,0.0,0.0,1e-08,2.018152777777778,0,0.0,554,3,0.0,0.0,180.1551388688889,1.9265833333333329,1.9989583333333334,27.86654166666667
scenario_coarse,0.0,0.0,12.505583656388596,0.0,12.505583656388596,1.4384715181452492,3.8966559037447945,-5.350819787253158e-09,-1.0000007932831068e-08,38.354010220005065,1e-08,36.91553869980756,screened_water_cap_0.00,equal_site_portfolio,hub_policy_compliant,ample,uniform_google_ai_2024,portfolio_mean,central,gentd26_hourly_service_demand.csv,gentd26_aligned_regional_hourly_cef.csv,capacity_scenarios.csv,energy_calibration_bounds.csv,trace_timestamp_anonymized,single_row_default,0.3,15.0,carbon,211.9472222222222,211.94722220222218,2e-08,0.9999999999056368,0.0,56.92722900944693,71.15903626180867,38.35401021795281,65.46631336086396,0.0,0.0,0.0,,,1e-08,True,True,0,0,0.0,0.0,0.0,0.0,1e-08,1.4919444444444445,0,0.0,184,1,0.0,0.0,211.94722220222224,0.0,0.0,0.0
scenario_coarse,0.25,3.126395914097149,12.505583656388596,0.25,9.379187742291448,0.8064246028840429,2.1845126233746237,-1.6479291570501542,-9.999979511121637e-09,38.354010220005065,1e-08,36.91553869980756,screened_water_cap_0.25,equal_site_portfolio,hub_policy_compliant,ample,uniform_google_ai_2024,portfolio_mean,central,gentd26_hourly_service_demand.csv,gentd26_aligned_regional_hourly_cef.csv,capacity_scenarios.csv,energy_calibration_bounds.csv,trace_timestamp_anonymized,single_row_default,0.3,15.0,carbon,211.9472222222222,211.9472222022222,2e-08,0.9999999999056369,0.047755796127755094,56.92722900944693,71.02310600467402,37.721963302691606,65.46631336086396,3.126395914097149,0.0477557961277551,0.0,,,1e-08,True,True,0,1,2.220446049250313e-16,0.0,0.0,0.0,1e-08,1.4919444444444445,0,0.0,246,1,0.0,0.0,201.82551386888886,10.121708333333336,0.0,0.0
scenario_coarse,0.5,6.252791828194298,12.505583656388596,0.5,6.252791828194298,0.4070487907115492,1.1026489252171423,-2.6892174340298114,-9.999979511121637e-09,38.354010220005065,1e-08,36.91553869980756,screened_water_cap_0.50,equal_site_portfolio,hub_policy_compliant,ample,uniform_google_ai_2024,portfolio_mean,central,gentd26_hourly_service_demand.csv,gentd26_aligned_regional_hourly_cef.csv,capacity_scenarios.csv,energy_calibration_bounds.csv,trace_timestamp_anonymized,single_row_default,0.3,15.0,carbon,211.9472222222222,211.9472222022222,2e-08,0.9999999999056369,0.09551159225551019,56.92722900944693,70.88717574753936,37.32258749051911,65.46631336086396,6.252791828194298,0.0955115922555102,0.0,,,1e-08,True,True,0,1,2.220446049250313e-16,0.0,0.0,0.0,1e-08,1.4919444444444445,0,0.0,290,1,0.0,0.0,191.70380553555555,20.243416666666658,0.0,0.0
scenario_coarse,0.75,9.379187742291448,12.505583656388596,0.7500000000000002,3.126395914097147,0.10124091873083074,0.27425014586435204,-3.486547022843478,-9.999979511121637e-09,38.354010220005065,1e-08,36.91553869980756,screened_water_cap_0.75,equal_site_portfolio,hub_policy_compliant,ample,uniform_google_ai_2024,portfolio_mean,central,gentd26_hourly_service_demand.csv,gentd26_aligned_regional_hourly_cef.csv,capacity_scenarios.csv,energy_calibration_bounds.csv,trace_timestamp_anonymized,single_row_default,0.3,15.0,carbon,211.9472222222222,211.9472222022222,2e-08,0.9999999999056369,0.1432673883832653,56.92722900944693,70.7512454904047,37.01677961853839,65.46631336086396,9.37918774229145,0.14326738838326533,0.0,,,1e-08,True,True,0,1,2.220446049250313e-16,0.0,0.0,0.0,1e-08,1.4919444444444445,0,0.0,344,1,-1.7763568394002505e-15,1.7763568394002505e-15,181.5820972022222,30.36512500000001,0.0,0.0
scenario_coarse,1.0,12.505583656388596,12.505583656388596,1.0,0.0,0.0,0.0,-3.7505113857617123,-1.0000007932831068e-08,38.354010220005065,1e-08,36.91553869980756,screened_water_cap_1.00,equal_site_portfolio,hub_policy_compliant,ample,uniform_google_ai_2024,portfolio_mean,central,gentd26_hourly_service_demand.csv,gentd26_aligned_regional_hourly_cef.csv,capacity_scenarios.csv,energy_calibration_bounds.csv,trace_timestamp_anonymized,single_row_default,0.3,15.0,carbon,211.9472222222222,211.94722220222218,2e-08,0.9999999999056368,0.1910231845110204,56.92722900944693,70.61531523327004,36.91553869980756,65.46631336086396,12.505583656388596,0.1910231845110204,0.0,,,1e-08,True,True,0,0,2.220446049250313e-16,0.0,0.0,0.0,1e-08,1.4919444444444445,0,0.0,400,1,0.0,0.0,171.46038886888886,40.48683333333335,0.0,0.0
scenario_coarse,0.0,0.0,2.4250446709410443,0.0,2.4250446709410443,0.0582254091812473,0.17496766885745085,-13.083310813418725,-1.0000007932831068e-08,38.354010220005065,1e-08,33.27781044433017,screened_water_cap_0.00,equal_site_portfolio,hub_policy_compliant,ample,uniform_google_ai_2024,portfolio_mean,central,gentd26_hourly_service_demand.csv,gentd26_aligned_regional_hourly_cef.csv,capacity_scenarios.csv,energy_calibration_bounds.csv,trace_timestamp_anonymized,single_row_default,0.3,20.0,carbon,211.9472222222222,211.94722220222218,2e-08,0.9999999999056368,0.30000000002830896,56.92722900944693,70.30512782658639,33.33603585351142,65.46631336086396,0.0,0.0,0.0,,,1e-08,True,True,0,0,4.440892098500626e-16,0.0,0.0,0.0,1e-08,1.9475833333333334,0,0.0,554,3,0.0,0.0,148.36305553555553,0.0,0.0,63.5841666666667
scenario_coarse,0.25,0.6062611677352611,2.4250446709410443,0.25,1.818783503205783,0.02847432026741359,0.08556548609184311,-13.160880508851292,-1.0000007932831068e-08,38.354010220005065,1e-08,33.27781044433017,screened_water_cap_0.25,equal_site_portfolio,hub_policy_compliant,ample,uniform_google_ai_2024,portfolio_mean,central,gentd26_hourly_service_demand.csv,gentd26_aligned_regional_hourly_cef.csv,capacity_scenarios.csv,energy_calibration_bounds.csv,trace_timestamp_anonymized,single_row_default,0.3,20.0,carbon,211.9472222222222,211.94722220222218,2e-08,0.9999999999056368,0.30000000002830896,56.92722900944693,70.30512782658639,33.306284764597585,65.46631336086396,0.6062611677352611,0.009260658445717313,0.0,,,1e-08,True,True,0,656,4.440892098500626e-16,0.0,0.0,0.0,1e-08,1.9475833333333334,0,0.0,554,3,0.0,0.0,148.36305553555553,0.9091041666666666,1.0536666666666663,61.62139583333336
scenario_coarse,0.5,1.2125223354705221,2.4250446709410443,0.5,1.2125223354705221,0.009671953295018909,0.029064271855272494,-13.209903718848215,-1.0000007932831068e-08,38.354010220005065,1e-08,33.27781044433017,screened_water_cap_0.50,equal_site_portfolio,hub_policy_compliant,ample,uniform_google_ai_2024,portfolio_mean,central,gentd26_hourly_service_demand.csv,gentd26_aligned_regional_hourly_cef.csv,capacity_scenarios.csv,energy_calibration_bounds.csv,trace_timestamp_anonymized,single_row_default,0.3,20.0,carbon,211.9472222222222,211.94722220222218,2e-08,0.9999999999056368,0.30000000002830896,56.92722900944693,70.30512782658639,33.28748239762519,65.46631336086396,1.2125223354705221,0.018521316891434627,0.0,,,1e-08,True,True,0,658,4.440892098500626e-16,0.0,0.0,0.0,1e-08,1.9475833333333334,0,0.0,554,3,0.0,0.0,148.36305553555553,2.003625,1.9219166666666663,59.65862500000002
scenario_coarse,0.75,1.818783503205783,2.4250446709410443,0.7499999999999997,0.6062611677352618,0.0017832854951365107,0.005358782538045226,-13.230471757899764,-1.0000007932831068e-08,38.354010220005065,1e-08,33.27781044433017,screened_water_cap_0.75,equal_site_portfolio,hub_policy_compliant,ample,uniform_google_ai_2024,portfolio_mean,central,gentd26_hourly_service_demand.csv,gentd26_aligned_regional_hourly_cef.csv,capacity_scenarios.csv,energy_calibration_bounds.csv,trace_timestamp_anonymized,single_row_default,0.3,20.0,carbon,211.9472222222222,211.94722220222218,2e-08,0.9999999999056368,0.30000000002830896,56.92722900944693,70.30512782658639,33.27959372982531,65.46631336086396,1.8187835032057824,0.02778197533715193,0.0,,,1e-08,True,True,0,664,4.440892098500626e-16,0.0,0.0,0.0,1e-08,1.9475833333333334,0,0.0,554,3,6.661338147750939e-16,0.0,148.36305553555553,3.0441666666666665,2.844145833333332,57.695854166666685
scenario_coarse,1.0,2.4250446709410443,2.4250446709410443,1.0,0.0,0.0,0.0,-13.23512129906874,-1.0000007932831068e-08,38.354010220005065,1e-08,33.27781044433017,screened_water_cap_1.00,equal_site_portfolio,hub_policy_compliant,ample,uniform_google_ai_2024,portfolio_mean,central,gentd26_hourly_service_demand.csv,gentd26_aligned_regional_hourly_cef.csv,capacity_scenarios.csv,energy_calibration_bounds.csv,trace_timestamp_anonymized,single_row_default,0.3,20.0,carbon,211.9472222222222,211.94722220222218,2e-08,0.9999999999056368,0.30000000002830896,56.92722900944693,70.30512782658639,33.27781044433017,65.46631336086396,2.4250446709410443,0.037042633782869254,0.0,,,1e-08,True,True,0,659,4.440892098500626e-16,0.0,0.0,0.0,1e-08,1.9475833333333334,0,0.0,554,3,0.0,0.0,148.36305553555553,3.8531666666666657,3.997916666666667,55.73308333333334
scenario_coarse,0.0,0.0,2.4250446709410443,0.0,2.4250446709410443,0.0582254091812473,0.17496766885745085,-13.083310813418725,-1.0000007932831068e-08,38.354010220005065,1e-08,33.27781044433017,screened_water_cap_0.00,equal_site_portfolio,hub_policy_compliant,ample,uniform_google_ai_2024,portfolio_mean,central,gentd26_hourly_service_demand.csv,gentd26_aligned_regional_hourly_cef.csv,capacity_scenarios.csv,energy_calibration_bounds.csv,trace_timestamp_anonymized,single_row_default,0.3,35.0,carbon,211.9472222222222,211.94722220222218,2e-08,0.9999999999056368,0.30000000002830896,56.92722900944693,70.30512782658639,33.33603585351142,65.46631336086396,0.0,0.0,0.0,,,1e-08,True,True,0,0,4.440892098500626e-16,0.0,0.0,0.0,1e-08,1.9475833333333334,0,0.0,554,3,0.0,0.0,148.36305553555553,0.0,0.0,63.5841666666667
scenario_coarse,0.25,0.6062611677352611,2.4250446709410443,0.25,1.818783503205783,0.02847432026741359,0.08556548609184311,-13.160880508851292,-1.0000007932831068e-08,38.354010220005065,1e-08,33.27781044433017,screened_water_cap_0.25,equal_site_portfolio,hub_policy_compliant,ample,uniform_google_ai_2024,portfolio_mean,central,gentd26_hourly_service_demand.csv,gentd26_aligned_regional_hourly_cef.csv,capacity_scenarios.csv,energy_calibration_bounds.csv,trace_timestamp_anonymized,single_row_default,0.3,35.0,carbon,211.9472222222222,211.94722220222218,2e-08,0.9999999999056368,0.30000000002830896,56.92722900944693,70.30512782658639,33.306284764597585,65.46631336086396,0.6062611677352611,0.009260658445717313,0.0,,,1e-08,True,True,0,656,4.440892098500626e-16,0.0,0.0,0.0,1e-08,1.9475833333333334,0,0.0,554,3,0.0,0.0,148.36305553555553,0.9091041666666666,1.0536666666666663,61.62139583333336
scenario_coarse,0.5,1.2125223354705221,2.4250446709410443,0.5,1.2125223354705221,0.009671953295018909,0.029064271855272494,-13.209903718848215,-1.0000007932831068e-08,38.354010220005065,1e-08,33.27781044433017,screened_water_cap_0.50,equal_site_portfolio,hub_policy_compliant,ample,uniform_google_ai_2024,portfolio_mean,central,gentd26_hourly_service_demand.csv,gentd26_aligned_regional_hourly_cef.csv,capacity_scenarios.csv,energy_calibration_bounds.csv,trace_timestamp_anonymized,single_row_default,0.3,35.0,carbon,211.9472222222222,211.94722220222218,2e-08,0.9999999999056368,0.30000000002830896,56.92722900944693,70.30512782658639,33.28748239762519,65.46631336086396,1.2125223354705221,0.018521316891434627,0.0,,,1e-08,True,True,0,658,4.440892098500626e-16,0.0,0.0,0.0,1e-08,1.9475833333333334,0,0.0,554,3,0.0,0.0,148.36305553555553,2.003625,1.9219166666666663,59.65862500000002
scenario_coarse,0.75,1.818783503205783,2.4250446709410443,0.7499999999999997,0.6062611677352618,0.0017832854951365107,0.005358782538045226,-13.230471757899764,-1.0000007932831068e-08,38.354010220005065,1e-08,33.27781044433017,screened_water_cap_0.75,equal_site_portfolio,hub_policy_compliant,ample,uniform_google_ai_2024,portfolio_mean,central,gentd26_hourly_service_demand.csv,gentd26_aligned_regional_hourly_cef.csv,capacity_scenarios.csv,energy_calibration_bounds.csv,trace_timestamp_anonymized,single_row_default,0.3,35.0,carbon,211.9472222222222,211.94722220222218,2e-08,0.9999999999056368,0.30000000002830896,56.92722900944693,70.30512782658639,33.27959372982531,65.46631336086396,1.8187835032057824,0.02778197533715193,0.0,,,1e-08,True,True,0,664,4.440892098500626e-16,0.0,0.0,0.0,1e-08,1.9475833333333334,0,0.0,554,3,6.661338147750939e-16,0.0,148.36305553555553,3.0441666666666665,2.844145833333332,57.695854166666685
scenario_coarse,1.0,2.4250446709410443,2.4250446709410443,1.0,0.0,0.0,0.0,-13.23512129906874,-1.0000007932831068e-08,38.354010220005065,1e-08,33.27781044433017,screened_water_cap_1.00,equal_site_portfolio,hub_policy_compliant,ample,uniform_google_ai_2024,portfolio_mean,central,gentd26_hourly_service_demand.csv,gentd26_aligned_regional_hourly_cef.csv,capacity_scenarios.csv,energy_calibration_bounds.csv,trace_timestamp_anonymized,single_row_default,0.3,35.0,carbon,211.9472222222222,211.94722220222218,2e-08,0.9999999999056368,0.30000000002830896,56.92722900944693,70.30512782658639,33.27781044433017,65.46631336086396,2.4250446709410443,0.037042633782869254,0.0,,,1e-08,True,True,0,659,4.440892098500626e-16,0.0,0.0,0.0,1e-08,1.9475833333333334,0,0.0,554,3,0.0,0.0,148.36305553555553,3.8531666666666657,3.997916666666667,55.73308333333334
scenario_coarse,0.0,0.0,20.842639427314328,0.0,20.842639427314328,2.3974525302420844,6.667636404642496,-5.350819787253158e-09,-1.0000007932831068e-08,38.354010220005065,1e-08,35.95655768771073,screened_water_cap_0.00,equal_site_portfolio,hub_policy_compliant,ample,uniform_google_ai_2024,portfolio_mean,central,gentd26_hourly_service_demand.csv,gentd26_aligned_regional_hourly_cef.csv,capacity_scenarios.csv,energy_calibration_bounds.csv,trace_timestamp_anonymized,single_row_default,0.5,15.0,carbon,211.9472222222222,211.94722220222218,2e-08,0.9999999999056368,0.0,56.92722900944693,71.15903626180867,38.35401021795281,65.46631336086396,0.0,0.0,0.0,,,1e-08,True,True,0,0,0.0,0.0,0.0,0.0,1e-08,1.4919444444444445,0,0.0,184,1,0.0,0.0,211.94722220222224,0.0,0.0,0.0
scenario_coarse,0.25,5.210659856828582,20.842639427314328,0.24999999999999994,15.631979570485747,1.3440410048067406,3.7379579449178246,-2.7465485915163845,-9.999979511121637e-09,38.354010220005065,1e-08,35.95655768771073,screened_water_cap_0.25,equal_site_portfolio,hub_policy_compliant,ample,uniform_google_ai_2024,portfolio_mean,central,gentd26_hourly_service_demand.csv,gentd26_aligned_regional_hourly_cef.csv,capacity_scenarios.csv,energy_calibration_bounds.csv,trace_timestamp_anonymized,single_row_default,0.5,15.0,carbon,211.9472222222222,211.9472222022222,2e-08,0.9999999999056369,0.07959299354625848,56.92722900944694,70.93248583325092,37.30059869251747,65.46631336086396,5.210659856828581,0.07959299354625848,0.0,,,1e-08,True,True,0,1,0.0,0.0,0.0,0.0,1e-08,1.4919444444444445,0,0.0,246,1,8.881784197001252e-16,0.0,195.07770831333335,16.869513888888886,0.0,0.0
scenario_coarse,0.5,10.421319713657164,20.842639427314328,0.4999999999999999,10.421319713657166,0.6784146511859106,1.8867619561306892,-4.482029053149161,-9.999979511121637e-09,38.354010220005065,1e-08,35.95655768771073,screened_water_cap_0.50,equal_site_portfolio,hub_policy_compliant,ample,uniform_google_ai_2024,portfolio_mean,central,gentd26_hourly_service_demand.csv,gentd26_aligned_regional_hourly_cef.csv,capacity_scenarios.csv,energy_calibration_bounds.csv,trace_timestamp_anonymized,single_row_default,0.5,15.0,carbon,211.9472222222222,211.9472222022222,2e-08,0.9999999999056369,0.15918598709251697,56.92722900944694,70.70593540469315,36.63497233889664,65.46631336086396,10.421319713657162,0.15918598709251697,0.0,,,1e-08,True,True,0,1,0.0,0.0,0.0,0.0,1e-08,1.4919444444444445,0,0.0,290,1,1.7763568394002505e-15,0.0,178.20819442444446,33.73902777777777,0.0,0.0
scenario_coarse,0.75,15.631979570485747,20.842639427314328,0.7500000000000003,5.210659856828574,0.1687348645513822,0.4692742448175302,-5.810911701171939,-1.0000007932831068e-08,38.354010220005065,1e-08,35.95655768771073,screened_water_cap_0.75,equal_site_portfolio,hub_policy_compliant,ample,uniform_google_ai_2024,portfolio_mean,central,gentd26_hourly_service_demand.csv,gentd26_aligned_regional_hourly_cef.csv,capacity_scenarios.csv,energy_calibration_bounds.csv,trace_timestamp_anonymized,single_row_default,0.5,15.0,carbon,211.9472222222222,211.94722220222218,2e-08,0.9999999999056368,0.23877898063877567,56.92722900944693,70.47938497613538,36.12529255226211,65.46631336086396,15.631979570485754,0.23877898063877562,0.0,,,1e-08,True,True,0,1,0.0,0.0,0.0,0.0,1e-08,1.4919444444444445,0,0.0,344,1,-7.105427357601002e-15,7.105427357601002e-15,161.33868053555557,50.60854166666672,0.0,0.0
scenario_coarse,1.0,20.842639427314328,20.842639427314328,1.0,0.0,0.0,0.0,-6.250852306035659,-1.0000007932831068e-08,38.354010220005065,1e-08,35.95655768771073,screened_water_cap_1.00,equal_site_portfolio,hub_policy_compliant,ample,uniform_google_ai_2024,portfolio_mean,central,gentd26_hourly_service_demand.csv,gentd26_aligned_regional_hourly_cef.csv,capacity_scenarios.csv,energy_calibration_bounds.csv,trace_timestamp_anonymized,single_row_default,0.5,15.0,carbon,211.9472222222222,211.94722220222218,2e-08,0.9999999999056368,0.31837197418503405,56.92722900944694,70.2528345475776,35.95655768771073,65.46631336086396,20.842639427314328,0.318371974185034,0.0,,,1e-08,True,True,0,0,0.0,0.0,0.0,0.0,1e-08,1.4241666666666666,0,0.0,400,1,0.0,0.0,144.46916664666665,67.47805555555558,0.0,0.0
scenario_coarse,0.0,0.0,4.041741118235074,0.0,4.041741118235074,0.09704234863542283,0.3246249960658254,-21.805518018797333,-1.0000007932831068e-08,38.354010220005065,1e-08,29.893677261915066,screened_water_cap_0.00,equal_site_portfolio,hub_policy_compliant,ample,uniform_google_ai_2024,portfolio_mean,central,gentd26_hourly_service_demand.csv,gentd26_aligned_regional_hourly_cef.csv,capacity_scenarios.csv,energy_calibration_bounds.csv,trace_timestamp_anonymized,single_row_default,0.5,20.0,carbon,211.9472222222222,211.94722220222218,2e-08,0.9999999999056368,0.5000000000471817,56.92722900944693,69.73585553643821,29.99071961055049,65.46631336086396,0.0,0.0,0.0,,,1e-08,True,True,0,0,0.0,0.0,0.0,0.0,1e-08,1.2459722222222223,0,0.0,554,3,0.0,0.0,105.97361109111111,0.0,0.0,105.97361111111111
scenario_coarse,0.25,1.0104352795587686,4.041741118235074,0.25,3.031305838676306,0.04745720044570234,0.1587533043523104,-21.934800844518275,-1.0000007932831068e-08,38.354010220005065,1e-08,29.893677261915066,screened_water_cap_0.25,equal_site_portfolio,hub_policy_compliant,ample,uniform_google_ai_2024,portfolio_mean,central,gentd26_hourly_service_demand.csv,gentd26_aligned_regional_hourly_cef.csv,capacity_scenarios.csv,energy_calibration_bounds.csv,trace_timestamp_anonymized,single_row_default,0.5,20.0,carbon,211.9472222222222,211.94722220222218,2e-08,0.9999999999056368,0.5000000000471816,56.92722900944693,69.73585553643821,29.94113446236077,65.46631336086396,1.0104352795587686,0.015434430742862191,0.0,,,1e-08,True,True,0,655,0.0,0.0,0.0,0.0,1e-08,1.2459722222222223,0,0.0,554,3,0.0,0.0,105.97361109111111,1.5151736111111118,1.7561111111111107,102.70232638888888
scenario_coarse,0.5,2.020870559117537,4.041741118235074,0.5,2.020870559117537,0.01611992215837077,0.05392418609839744,-22.016506194513163,-1.0000007932831068e-08,38.354010220005065,1e-08,29.893677261915066,screened_water_cap_0.50,equal_site_portfolio,hub_policy_compliant,ample,uniform_google_ai_2024,portfolio_mean,central,gentd26_hourly_service_demand.csv,gentd26_aligned_regional_hourly_cef.csv,capacity_scenarios.csv,energy_calibration_bounds.csv,trace_timestamp_anonymized,single_row_default,0.5,20.0,carbon,211.9472222222222,211.94722220222218,2e-08,0.9999999999056368,0.5000000000471817,56.92722900944693,69.73585553643821,29.909797184073437,65.46631336086396,2.020870559117537,0.030868861485724382,0.0,,,1e-08,True,True,0,654,0.0,0.0,0.0,0.0,1e-08,1.2459722222222223,0,0.0,554,3,0.0,0.0,105.97361109111112,3.3393750000000004,3.203194444444444,99.43104166666666
scenario_coarse,0.75,3.031305838676306,4.041741118235074,0.7499999999999999,1.0104352795587692,0.0029721424918989214,0.00994237833591427,-22.050786259599075,-9.999979511121637e-09,38.354010220005065,1e-08,29.893677261915066,screened_water_cap_0.75,equal_site_portfolio,hub_policy_compliant,ample,uniform_google_ai_2024,portfolio_mean,central,gentd26_hourly_service_demand.csv,gentd26_aligned_regional_hourly_cef.csv,capacity_scenarios.csv,energy_calibration_bounds.csv,trace_timestamp_anonymized,single_row_default,0.5,20.0,carbon,211.9472222222222,211.9472222022222,2e-08,0.9999999999056369,0.5000000000471816,56.92722900944693,69.73585553643821,29.896649404406965,65.46631336086396,3.031305838676305,0.04630329222858656,0.0,,,1e-08,True,True,0,655,4.440892098500626e-16,0.0,0.0,0.0,1e-08,1.2459722222222223,0,0.0,554,3,8.881784197001252e-16,0.0,105.97361109111111,5.073611111111111,4.740243055555555,96.15975694444447
scenario_coarse,1.0,4.041741118235074,4.041741118235074,0.9999999999999998,8.881784197001252e-16,0.0,0.0,-22.058535494880726,-9.999979511121637e-09,38.354010220005065,1e-08,29.893677261915066,screened_water_cap_1.00,equal_site_portfolio,hub_policy_compliant,ample,uniform_google_ai_2024,portfolio_mean,central,gentd26_hourly_service_demand.csv,gentd26_aligned_regional_hourly_cef.csv,capacity_scenarios.csv,energy_calibration_bounds.csv,trace_timestamp_anonymized,single_row_default,0.5,20.0,carbon,211.9472222222222,211.9472222022222,2e-08,0.9999999999056369,0.5000000000471816,56.92722900944693,69.73585553643821,29.893677261915066,65.46631336086396,4.041741118235073,0.06173772297144875,0.0,,,1e-08,True,True,0,655,0.0,0.0,0.0,0.0,1e-08,1.2459722222222223,0,0.0,554,3,8.881784197001252e-16,0.0,105.97361109111111,6.421944444444444,6.663194444444444,92.88847222222223
scenario_coarse,0.0,0.0,4.041741118235074,0.0,4.041741118235074,0.09704234863542283,0.3246249960658254,-21.805518018797333,-1.0000007932831068e-08,38.354010220005065,1e-08,29.893677261915066,screened_water_cap_0.00,equal_site_portfolio,hub_policy_compliant,ample,uniform_google_ai_2024,portfolio_mean,central,gentd26_hourly_service_demand.csv,gentd26_aligned_regional_hourly_cef.csv,capacity_scenarios.csv,energy_calibration_bounds.csv,trace_timestamp_anonymized,single_row_default,0.5,35.0,carbon,211.9472222222222,211.94722220222218,2e-08,0.9999999999056368,0.5000000000471817,56.92722900944693,69.73585553643821,29.99071961055049,65.46631336086396,0.0,0.0,0.0,,,1e-08,True,True,0,0,0.0,0.0,0.0,0.0,1e-08,1.2459722222222223,0,0.0,554,3,0.0,0.0,105.97361109111111,0.0,0.0,105.97361111111111
scenario_coarse,0.25,1.0104352795587686,4.041741118235074,0.25,3.031305838676306,0.04745720044570234,0.1587533043523104,-21.934800844518275,-1.0000007932831068e-08,38.354010220005065,1e-08,29.893677261915066,screened_water_cap_0.25,equal_site_portfolio,hub_policy_compliant,ample,uniform_google_ai_2024,portfolio_mean,central,gentd26_hourly_service_demand.csv,gentd26_aligned_regional_hourly_cef.csv,capacity_scenarios.csv,energy_calibration_bounds.csv,trace_timestamp_anonymized,single_row_default,0.5,35.0,carbon,211.9472222222222,211.94722220222218,2e-08,0.9999999999056368,0.5000000000471816,56.92722900944693,69.73585553643821,29.94113446236077,65.46631336086396,1.0104352795587686,0.015434430742862191,0.0,,,1e-08,True,True,0,655,0.0,0.0,0.0,0.0,1e-08,1.2459722222222223,0,0.0,554,3,0.0,0.0,105.97361109111111,1.5151736111111118,1.7561111111111107,102.70232638888888
scenario_coarse,0.5,2.020870559117537,4.041741118235074,0.5,2.020870559117537,0.01611992215837077,0.05392418609839744,-22.016506194513163,-1.0000007932831068e-08,38.354010220005065,1e-08,29.893677261915066,screened_water_cap_0.50,equal_site_portfolio,hub_policy_compliant,ample,uniform_google_ai_2024,portfolio_mean,central,gentd26_hourly_service_demand.csv,gentd26_aligned_regional_hourly_cef.csv,capacity_scenarios.csv,energy_calibration_bounds.csv,trace_timestamp_anonymized,single_row_default,0.5,35.0,carbon,211.9472222222222,211.94722220222218,2e-08,0.9999999999056368,0.5000000000471817,56.92722900944693,69.73585553643821,29.909797184073437,65.46631336086396,2.020870559117537,0.030868861485724382,0.0,,,1e-08,True,True,0,654,0.0,0.0,0.0,0.0,1e-08,1.2459722222222223,0,0.0,554,3,0.0,0.0,105.97361109111112,3.3393750000000004,3.203194444444444,99.43104166666666
scenario_coarse,0.75,3.031305838676306,4.041741118235074,0.7499999999999999,1.0104352795587692,0.0029721424918989214,0.00994237833591427,-22.050786259599075,-9.999979511121637e-09,38.354010220005065,1e-08,29.893677261915066,screened_water_cap_0.75,equal_site_portfolio,hub_policy_compliant,ample,uniform_google_ai_2024,portfolio_mean,central,gentd26_hourly_service_demand.csv,gentd26_aligned_regional_hourly_cef.csv,capacity_scenarios.csv,energy_calibration_bounds.csv,trace_timestamp_anonymized,single_row_default,0.5,35.0,carbon,211.9472222222222,211.9472222022222,2e-08,0.9999999999056369,0.5000000000471816,56.92722900944693,69.73585553643821,29.896649404406965,65.46631336086396,3.031305838676305,0.04630329222858656,0.0,,,1e-08,True,True,0,655,4.440892098500626e-16,0.0,0.0,0.0,1e-08,1.2459722222222223,0,0.0,554,3,8.881784197001252e-16,0.0,105.97361109111111,5.073611111111111,4.740243055555555,96.15975694444447
scenario_coarse,1.0,4.041741118235074,4.041741118235074,0.9999999999999998,8.881784197001252e-16,0.0,0.0,-22.058535494880726,-9.999979511121637e-09,38.354010220005065,1e-08,29.893677261915066,screened_water_cap_1.00,equal_site_portfolio,hub_policy_compliant,ample,uniform_google_ai_2024,portfolio_mean,central,gentd26_hourly_service_demand.csv,gentd26_aligned_regional_hourly_cef.csv,capacity_scenarios.csv,energy_calibration_bounds.csv,trace_timestamp_anonymized,single_row_default,0.5,35.0,carbon,211.9472222222222,211.9472222022222,2e-08,0.9999999999056369,0.5000000000471816,56.92722900944693,69.73585553643821,29.893677261915066,65.46631336086396,4.041741118235073,0.06173772297144875,0.0,,,1e-08,True,True,0,655,0.0,0.0,0.0,0.0,1e-08,1.2459722222222223,0,0.0,554,3,8.881784197001252e-16,0.0,105.97361109111111,6.421944444444444,6.663194444444444,92.88847222222223
scenario_coarse,0.0,0.0,1.6904759296917948,0.0,1.6904759296917948,0.1040403557514118,0.3974215732835962,-6.486666759286663e-09,-9.999979511121637e-09,26.282879843145437,3.7516666766666673,26.178839485689142,screened_water_cap_0.00,optimistic_site_selection,hub_policy_compliant,tight,uniform_google_ai_2024,portfolio_mean,central,gentd26_hourly_service_demand.csv,gentd26_aligned_regional_hourly_cef.csv,capacity_scenarios.csv,energy_calibration_bounds.csv,trace_timestamp_anonymized,single_row_default,0.15,15.0,carbon,211.9472222222222,208.19555553555554,3.7516666866666672,0.9822990523426954,0.0,55.91956311375206,69.8994538921901,26.282879841440554,64.30749758081487,0.0,0.0,0.8814722222222227,,,3.7516666766666673,True,True,0,0,0.0,0.0,0.0,0.0,9.99999993922529e-09,0.0,11,0.0,184,1,0.0,0.0,208.1955555355556,0.0,0.0,0.0
scenario_coarse,0.25,0.4226189824229487,1.6904759296917948,0.25,1.2678569472688461,0.04816245905004379,0.1839747673932246,-0.21260188662630686,-9.999979511121637e-09,26.282879843145437,3.7516666766666673,26.178839485689142,screened_water_cap_0.25,optimistic_site_selection,hub_policy_compliant,tight,uniform_google_ai_2024,portfolio_mean,central,gentd26_hourly_service_demand.csv,gentd26_aligned_regional_hourly_cef.csv,capacity_scenarios.csv,energy_calibration_bounds.csv,trace_timestamp_anonymized,single_row_default,0.15,15.0,carbon,211.9472222222222,208.19555553555554,3.7516666866666672,0.9822990523426954,0.006571846181572309,55.91956311375206,69.88107915382388,26.227001944739186,64.30749758081487,0.4226189824229487,0.006571846181572309,0.8814722222222227,,,3.7516666766666673,True,True,0,33,2.220446049250313e-16,0.0,0.0,0.0,9.99999993922529e-09,0.0,11,0.0,190,1,0.0,0.0,206.82732636888895,1.3682291666666664,0.0,0.0
scenario_coarse,0.5,0.8452379648458974,1.6904759296917948,0.5000000000000001,0.8452379648458973,0.01872184515966424,0.07151518374182153,-0.3246163008232217,-9.999979511121637e-09,26.282879843145437,3.7516666766666673,26.178839485689142,screened_water_cap_0.50,optimistic_site_selection,hub_policy_compliant,tight,uniform_google_ai_2024,portfolio_mean,central,gentd26_hourly_service_demand.csv,gentd26_aligned_regional_hourly_cef.csv,capacity_scenarios.csv,energy_calibration_bounds.csv,trace_timestamp_anonymized,single_row_default,0.15,15.0,carbon,211.9472222222222,208.19555553555554,3.7516666866666672,0.9822990523426954,0.01314369236314462,55.91956311375206,69.86270441545766,26.197561330848806,64.30749758081487,0.8452379648458975,0.01314369236314462,0.8814722222222227,,,3.7516666766666673,True,True,0,33,2.220446049250313e-16,0.0,0.0,0.0,9.99999993922529e-09,0.0,11,0.0,207,1,-1.1102230246251565e-16,1.1102230246251565e-16,205.45909720222227,2.7364583333333337,0.0,0.0
scenario_coarse,0.75,1.2678569472688461,1.6904759296917948,0.7499999999999998,0.42261898242294915,0.0034756394091353116,0.013276522097305232,-0.38262442566158184,-9.999979511121637e-09,26.282879843145437,3.7516666766666673,26.178839485689142,screened_water_cap_0.75,optimistic_site_selection,hub_policy_compliant,tight,uniform_google_ai_2024,portfolio_mean,central,gentd26_hourly_service_demand.csv,gentd26_aligned_regional_hourly_cef.csv,capacity_scenarios.csv,energy_calibration_bounds.csv,trace_timestamp_anonymized,single_row_default,0.15,15.0,carbon,211.9472222222222,208.19555553555554,3.7516666866666672,0.9822990523426954,0.01971553854471692,55.91956311375206,69.84432967709145,26.182315125098278,64.30749758081487,1.2678569472688457,0.019715538544716922,0.8814722222222227,,,3.7516666766666673,True,True,0,34,2.220446049250313e-16,0.0,0.0,0.0,9.99999993922529e-09,0.0,11,0.0,227,1,4.440892098500626e-16,0.0,204.09086803555556,4.104687499999997,0.0,0.0
scenario_coarse,1.0,1.6904759296917948,1.6904759296917948,1.0,0.0,0.0,0.0,-0.39584839285954354,-9.999979511121637e-09,26.282879843145437,3.7516666766666673,26.178839485689142,screened_water_cap_1.00,optimistic_site_selection,hub_policy_compliant,tight,uniform_google_ai_2024,portfolio_mean,central,gentd26_hourly_service_demand.csv,gentd26_aligned_regional_hourly_cef.csv,capacity_scenarios.csv,energy_calibration_bounds.csv,trace_timestamp_anonymized,single_row_default,0.15,15.0,carbon,211.9472222222222,208.19555553555554,3.7516666866666677,0.9822990523426954,0.02628738472628924,55.91956311375207,69.82595493872523,26.178839485689142,64.30749758081487,1.6904759296917948,0.026287384726289238,0.8814722222222227,,,3.7516666766666673,True,True,0,33,2.220446049250313e-16,0.0,0.0,0.0,1.00000003833145e-08,0.0,11,0.0,240,1,0.0,0.0,202.7226388688889,5.472916666666665,0.0,0.0
scenario_coarse,0.0,0.0,0.0,,0.0,0.0,0.0,-14.662687369448602,-9.999979511121637e-09,26.282879843145437,3.7516666766666673,22.4291033400572,screened_water_cap_0.00,optimistic_site_selection,hub_policy_compliant,tight,uniform_google_ai_2024,portfolio_mean,central,gentd26_hourly_service_demand.csv,gentd26_aligned_regional_hourly_cef.csv,capacity_scenarios.csv,energy_calibration_bounds.csv,trace_timestamp_anonymized,single_row_default,0.15,20.0,carbon,211.9472222222222,208.19555553555554,3.7516666866666672,0.9822990523426954,0.15270298759045264,55.919563113752076,69.47249967457896,22.4291033400572,64.30749758081487,0.0,0.0,0.8814722222222227,,,3.7516666766666673,True,True,0,400,4.440892098500626e-16,0.0,0.0,0.0,9.99999993922529e-09,0.0,3,0.0,554,3,0.0,0.0,176.40347220222225,0.0,0.0,31.79208333333335
scenario_coarse,0.25,0.0,0.0,,0.0,0.0,0.0,-14.662687369448602,-9.999979511121637e-09,26.282879843145437,3.7516666766666673,22.4291033400572,screened_water_cap_0.25,optimistic_site_selection,hub_policy_compliant,tight,uniform_google_ai_2024,portfolio_mean,central,gentd26_hourly_service_demand.csv,gentd26_aligned_regional_hourly_cef.csv,capacity_scenarios.csv,energy_calibration_bounds.csv,trace_timestamp_anonymized,single_row_default,0.15,20.0,carbon,211.9472222222222,208.19555553555554,3.7516666866666672,0.9822990523426954,0.15270298759045264,55.919563113752076,69.47249967457896,22.4291033400572,64.30749758081487,0.0,0.0,0.8814722222222227,,,3.7516666766666673,True,True,0,400,4.440892098500626e-16,0.0,0.0,0.0,9.99999993922529e-09,0.0,3,0.0,554,3,0.0,0.0,176.40347220222225,0.0,0.0,31.79208333333335
scenario_coarse,0.5,0.0,0.0,,0.0,0.0,0.0,-14.662687369448602,-9.999979511121637e-09,26.282879843145437,3.7516666766666673,22.4291033400572,screened_water_cap_0.50,optimistic_site_selection,hub_policy_compliant,tight,uniform_google_ai_2024,portfolio_mean,central,gentd26_hourly_service_demand.csv,gentd26_aligned_regional_hourly_cef.csv,capacity_scenarios.csv,energy_calibration_bounds.csv,trace_timestamp_anonymized,single_row_default,0.15,20.0,carbon,211.9472222222222,208.19555553555554,3.7516666866666672,0.9822990523426954,0.15270298759045264,55.919563113752076,69.47249967457896,22.4291033400572,64.30749758081487,0.0,0.0,0.8814722222222227,,,3.7516666766666673,True,True,0,400,4.440892098500626e-16,0.0,0.0,0.0,9.99999993922529e-09,0.0,3,0.0,554,3,0.0,0.0,176.40347220222225,0.0,0.0,31.79208333333335
scenario_coarse,0.75,0.0,0.0,,0.0,0.0,0.0,-14.662687369448602,-9.999979511121637e-09,26.282879843145437,3.7516666766666673,22.4291033400572,screened_water_cap_0.75,optimistic_site_selection,hub_policy_compliant,tight,uniform_google_ai_2024,portfolio_mean,central,gentd26_hourly_service_demand.csv,gentd26_aligned_regional_hourly_cef.csv,capacity_scenarios.csv,energy_calibration_bounds.csv,trace_timestamp_anonymized,single_row_default,0.15,20.0,carbon,211.9472222222222,208.19555553555554,3.7516666866666672,0.9822990523426954,0.15270298759045264,55.919563113752076,69.47249967457896,22.4291033400572,64.30749758081487,0.0,0.0,0.8814722222222227,,,3.7516666766666673,True,True,0,400,4.440892098500626e-16,0.0,0.0,0.0,9.99999993922529e-09,0.0,3,0.0,554,3,0.0,0.0,176.40347220222225,0.0,0.0,31.79208333333335
scenario_coarse,1.0,0.0,0.0,,0.0,0.0,0.0,-14.662687369448602,-9.999979511121637e-09,26.282879843145437,3.7516666766666673,22.4291033400572,screened_water_cap_1.00,optimistic_site_selection,hub_policy_compliant,tight,uniform_google_ai_2024,portfolio_mean,central,gentd26_hourly_service_demand.csv,gentd26_aligned_regional_hourly_cef.csv,capacity_scenarios.csv,energy_calibration_bounds.csv,trace_timestamp_anonymized,single_row_default,0.15,20.0,carbon,211.9472222222222,208.19555553555554,3.7516666866666672,0.9822990523426954,0.15270298759045264,55.919563113752076,69.47249967457896,22.4291033400572,64.30749758081487,0.0,0.0,0.8814722222222227,,,3.7516666766666673,True,True,0,400,4.440892098500626e-16,0.0,0.0,0.0,9.99999993922529e-09,0.0,3,0.0,554,3,0.0,0.0,176.40347220222225,0.0,0.0,31.79208333333335
scenario_coarse,0.0,0.0,0.0,,0.0,0.0,0.0,-14.662687369448602,-9.999979511121637e-09,26.282879843145437,3.7516666766666673,22.4291033400572,screened_water_cap_0.00,optimistic_site_selection,hub_policy_compliant,tight,uniform_google_ai_2024,portfolio_mean,central,gentd26_hourly_service_demand.csv,gentd26_aligned_regional_hourly_cef.csv,capacity_scenarios.csv,energy_calibration_bounds.csv,trace_timestamp_anonymized,single_row_default,0.15,35.0,carbon,211.9472222222222,208.19555553555554,3.7516666866666672,0.9822990523426954,0.15270298759045264,55.919563113752076,69.47249967457896,22.4291033400572,64.30749758081487,0.0,0.0,0.8814722222222227,,,3.7516666766666673,True,True,0,400,4.440892098500626e-16,0.0,0.0,0.0,9.99999993922529e-09,0.0,3,0.0,554,3,0.0,0.0,176.40347220222225,0.0,0.0,31.79208333333335
scenario_coarse,0.25,0.0,0.0,,0.0,0.0,0.0,-14.662687369448602,-9.999979511121637e-09,26.282879843145437,3.7516666766666673,22.4291033400572,screened_water_cap_0.25,optimistic_site_selection,hub_policy_compliant,tight,uniform_google_ai_2024,portfolio_mean,central,gentd26_hourly_service_demand.csv,gentd26_aligned_regional_hourly_cef.csv,capacity_scenarios.csv,energy_calibration_bounds.csv,trace_timestamp_anonymized,single_row_default,0.15,35.0,carbon,211.9472222222222,208.19555553555554,3.7516666866666672,0.9822990523426954,0.15270298759045264,55.919563113752076,69.47249967457896,22.4291033400572,64.30749758081487,0.0,0.0,0.8814722222222227,,,3.7516666766666673,True,True,0,400,4.440892098500626e-16,0.0,0.0,0.0,9.99999993922529e-09,0.0,3,0.0,554,3,0.0,0.0,176.40347220222225,0.0,0.0,31.79208333333335
scenario_coarse,0.5,0.0,0.0,,0.0,0.0,0.0,-14.662687369448602,-9.999979511121637e-09,26.282879843145437,3.7516666766666673,22.4291033400572,screened_water_cap_0.50,optimistic_site_selection,hub_policy_compliant,tight,uniform_google_ai_2024,portfolio_mean,central,gentd26_hourly_service_demand.csv,gentd26_aligned_regional_hourly_cef.csv,capacity_scenarios.csv,energy_calibration_bounds.csv,trace_timestamp_anonymized,single_row_default,0.15,35.0,carbon,211.9472222222222,208.19555553555554,3.7516666866666672,0.9822990523426954,0.15270298759045264,55.919563113752076,69.47249967457896,22.4291033400572,64.30749758081487,0.0,0.0,0.8814722222222227,,,3.7516666766666673,True,True,0,400,4.440892098500626e-16,0.0,0.0,0.0,9.99999993922529e-09,0.0,3,0.0,554,3,0.0,0.0,176.40347220222225,0.0,0.0,31.79208333333335
scenario_coarse,0.75,0.0,0.0,,0.0,0.0,0.0,-14.662687369448602,-9.999979511121637e-09,26.282879843145437,3.7516666766666673,22.4291033400572,screened_water_cap_0.75,optimistic_site_selection,hub_policy_compliant,tight,uniform_google_ai_2024,portfolio_mean,central,gentd26_hourly_service_demand.csv,gentd26_aligned_regional_hourly_cef.csv,capacity_scenarios.csv,energy_calibration_bounds.csv,trace_timestamp_anonymized,single_row_default,0.15,35.0,carbon,211.9472222222222,208.19555553555554,3.7516666866666672,0.9822990523426954,0.15270298759045264,55.919563113752076,69.47249967457896,22.4291033400572,64.30749758081487,0.0,0.0,0.8814722222222227,,,3.7516666766666673,True,True,0,400,4.440892098500626e-16,0.0,0.0,0.0,9.99999993922529e-09,0.0,3,0.0,554,3,0.0,0.0,176.40347220222225,0.0,0.0,31.79208333333335
scenario_coarse,1.0,0.0,0.0,,0.0,0.0,0.0,-14.662687369448602,-9.999979511121637e-09,26.282879843145437,3.7516666766666673,22.4291033400572,screened_water_cap_1.00,optimistic_site_selection,hub_policy_compliant,tight,uniform_google_ai_2024,portfolio_mean,central,gentd26_hourly_service_demand.csv,gentd26_aligned_regional_hourly_cef.csv,capacity_scenarios.csv,energy_calibration_bounds.csv,trace_timestamp_anonymized,single_row_default,0.15,35.0,carbon,211.9472222222222,208.19555553555554,3.7516666866666672,0.9822990523426954,0.15270298759045264,55.919563113752076,69.47249967457896,22.4291033400572,64.30749758081487,0.0,0.0,0.8814722222222227,,,3.7516666766666673,True,True,0,400,4.440892098500626e-16,0.0,0.0,0.0,9.99999993922529e-09,0.0,3,0.0,554,3,0.0,0.0,176.40347220222225,0.0,0.0,31.79208333333335
scenario_coarse,0.0,0.0,3.3603598419682346,0.0,3.3603598419682346,0.20791206587595923,0.7973626953847956,-6.486666759286663e-09,-9.999979511121637e-09,26.282879843145437,3.7516666766666673,26.074967775564595,screened_water_cap_0.00,optimistic_site_selection,hub_policy_compliant,tight,uniform_google_ai_2024,portfolio_mean,central,gentd26_hourly_service_demand.csv,gentd26_aligned_regional_hourly_cef.csv,capacity_scenarios.csv,energy_calibration_bounds.csv,trace_timestamp_anonymized,single_row_default,0.3,15.0,carbon,211.9472222222222,208.19555553555554,3.7516666866666672,0.9822990523426954,0.0,55.91956311375206,69.8994538921901,26.282879841440554,64.30749758081487,0.0,0.0,0.0,,,3.7516666766666673,True,True,0,0,0.0,0.0,0.0,0.0,9.99999993922529e-09,0.0,11,0.0,184,1,0.0,0.0,208.1955555355556,0.0,0.0,0.0
scenario_coarse,0.25,0.8400899604920586,3.3603598419682346,0.25,2.520269881476176,0.09672747713023,0.3709591435080428,-0.42303047121987625,-9.999979511121637e-09,26.282879843145437,3.7516666766666673,26.074967775564595,screened_water_cap_0.25,optimistic_site_selection,hub_policy_compliant,tight,uniform_google_ai_2024,portfolio_mean,central,gentd26_hourly_service_demand.csv,gentd26_aligned_regional_hourly_cef.csv,capacity_scenarios.csv,energy_calibration_bounds.csv,trace_timestamp_anonymized,single_row_default,0.3,15.0,carbon,211.9472222222222,208.19555553555554,3.7516666866666672,0.9822990523426954,0.013063639421458165,55.91956311375206,69.86292824173393,26.171695252694825,64.30749758081487,0.8400899604920586,0.013063639421458164,0.0,,,3.7516666766666673,True,True,0,71,1.1102230246251565e-16,0.0,0.0,0.0,9.99999993922529e-09,0.0,11,0.0,190,1,0.0,0.0,205.47576386888892,2.719791666666666,0.0,0.0
scenario_coarse,0.5,1.6801799209841173,3.3603598419682346,0.5000000000000001,1.680179920984117,0.03776817437968916,0.14484456780454735,-0.6473563559874718,-9.999979511121637e-09,26.282879843145437,3.7516666766666673,26.074967775564595,screened_water_cap_0.50,optimistic_site_selection,hub_policy_compliant,tight,uniform_google_ai_2024,portfolio_mean,central,gentd26_hourly_service_demand.csv,gentd26_aligned_regional_hourly_cef.csv,capacity_scenarios.csv,energy_calibration_bounds.csv,trace_timestamp_anonymized,single_row_default,0.3,15.0,carbon,211.9472222222222,208.19555553555554,3.7516666866666672,0.9822990523426954,0.02612727884291633,55.91956311375206,69.82640259127774,26.112735949944284,64.30749758081487,1.6801799209841175,0.02612727884291633,0.0,,,3.7516666766666673,True,True,0,71,1.1102230246251565e-16,0.0,0.0,0.0,9.99999993922529e-09,0.0,11,0.0,206,1,-2.220446049250313e-16,2.220446049250313e-16,202.75597220222224,5.439583333333333,0.0,0.0
scenario_coarse,0.75,2.520269881476176,3.3603598419682346,0.7499999999999999,0.8400899604920591,0.007062908398872025,0.02708693049848776,-0.7641824654703977,-9.999951089412207e-09,26.282879843145437,3.7516666766666673,26.074967775564595,screened_water_cap_0.75,optimistic_site_selection,hub_policy_compliant,tight,uniform_google_ai_2024,portfolio_mean,central,gentd26_hourly_service_demand.csv,gentd26_aligned_regional_hourly_cef.csv,capacity_scenarios.csv,energy_calibration_bounds.csv,trace_timestamp_anonymized,single_row_default,0.3,15.0,carbon,211.9472222222222,208.19555553555557,3.7516666866666672,0.9822990523426955,0.039190918264374486,55.91956311375206,69.78987694082156,26.082030683963467,64.30749758081487,2.5202698814761755,0.039190918264374486,0.0,,,3.7516666766666673,True,True,0,72,2.220446049250313e-16,0.0,0.0,0.0,9.99999993922529e-09,0.0,11,0.0,227,1,4.440892098500626e-16,0.0,200.03618053555556,8.159374999999995,0.0,0.0
scenario_coarse,1.0,3.3603598419682346,3.3603598419682346,1.0,0.0,0.0,0.0,-0.7910551234174057,-9.999979511121637e-09,26.282879843145437,3.7516666766666673,26.074967775564595,screened_water_cap_1.00,optimistic_site_selection,hub_policy_compliant,tight,uniform_google_ai_2024,portfolio_mean,central,gentd26_hourly_service_demand.csv,gentd26_aligned_regional_hourly_cef.csv,capacity_scenarios.csv,energy_calibration_bounds.csv,trace_timestamp_anonymized,single_row_default,0.3,15.0,carbon,211.9472222222222,208.19555553555554,3.7516666866666677,0.9822990523426954,0.05225455768583267,55.91956311375207,69.75335129036537,26.074967775564595,64.30749758081485,3.3603598419682346,0.05225455768583267,0.0,,,3.7516666766666673,True,True,0,70,2.220446049250313e-16,0.0,0.0,0.0,1.00000003833145e-08,0.0,11,0.0,240,1,0.0,0.0,197.31638886888888,10.879166666666663,0.0,0.0
scenario_coarse,0.0,0.0,0.0,,0.0,0.0,0.0,-29.10365626978483,-9.999951089412207e-09,26.282879843145437,3.7516666766666673,18.63360083579583,screened_water_cap_0.00,optimistic_site_selection,hub_policy_compliant,tight,uniform_google_ai_2024,portfolio_mean,central,gentd26_hourly_service_demand.csv,gentd26_aligned_regional_hourly_cef.csv,capacity_scenarios.csv,energy_calibration_bounds.csv,trace_timestamp_anonymized,single_row_default,0.3,20.0,carbon,211.9472222222222,208.19555553555557,3.7516666866666677,0.9822990523426955,0.30540597518090523,55.91956311375206,69.0455454569678,18.63360083579583,64.30749758081487,0.0,0.0,0.0,,,3.7516666766666673,True,True,0,433,4.440892098500626e-16,0.0,0.0,0.0,1.00000003833145e-08,0.04436111111111085,0,0.0,554,3,0.0,0.0,144.61138886888887,0.0,0.0,63.5841666666667
scenario_coarse,0.25,0.0,0.0,,0.0,0.0,0.0,-29.10365626978483,-9.999951089412207e-09,26.282879843145437,3.7516666766666673,18.63360083579583,screened_water_cap_0.25,optimistic_site_selection,hub_policy_compliant,tight,uniform_google_ai_2024,portfolio_mean,central,gentd26_hourly_service_demand.csv,gentd26_aligned_regional_hourly_cef.csv,capacity_scenarios.csv,energy_calibration_bounds.csv,trace_timestamp_anonymized,single_row_default,0.3,20.0,carbon,211.9472222222222,208.19555553555557,3.7516666866666677,0.9822990523426955,0.30540597518090523,55.91956311375206,69.0455454569678,18.63360083579583,64.30749758081487,0.0,0.0,0.0,,,3.7516666766666673,True,True,0,433,4.440892098500626e-16,0.0,0.0,0.0,1.00000003833145e-08,0.04436111111111085,0,0.0,554,3,0.0,0.0,144.61138886888887,0.0,0.0,63.5841666666667
scenario_coarse,0.5,0.0,0.0,,0.0,0.0,0.0,-29.10365626978483,-9.999951089412207e-09,26.282879843145437,3.7516666766666673,18.63360083579583,screened_water_cap_0.50,optimistic_site_selection,hub_policy_compliant,tight,uniform_google_ai_2024,portfolio_mean,central,gentd26_hourly_service_demand.csv,gentd26_aligned_regional_hourly_cef.csv,capacity_scenarios.csv,energy_calibration_bounds.csv,trace_timestamp_anonymized,single_row_default,0.3,20.0,carbon,211.9472222222222,208.19555553555557,3.7516666866666677,0.9822990523426955,0.30540597518090523,55.91956311375206,69.0455454569678,18.63360083579583,64.30749758081487,0.0,0.0,0.0,,,3.7516666766666673,True,True,0,433,4.440892098500626e-16,0.0,0.0,0.0,1.00000003833145e-08,0.04436111111111085,0,0.0,554,3,0.0,0.0,144.61138886888887,0.0,0.0,63.5841666666667
scenario_coarse,0.75,0.0,0.0,,0.0,0.0,0.0,-29.10365626978483,-9.999951089412207e-09,26.282879843145437,3.7516666766666673,18.63360083579583,screened_water_cap_0.75,optimistic_site_selection,hub_policy_compliant,tight,uniform_google_ai_2024,portfolio_mean,central,gentd26_hourly_service_demand.csv,gentd26_aligned_regional_hourly_cef.csv,capacity_scenarios.csv,energy_calibration_bounds.csv,trace_timestamp_anonymized,single_row_default,0.3,20.0,carbon,211.9472222222222,208.19555553555557,3.7516666866666677,0.9822990523426955,0.30540597518090523,55.91956311375206,69.0455454569678,18.63360083579583,64.30749758081487,0.0,0.0,0.0,,,3.7516666766666673,True,True,0,433,4.440892098500626e-16,0.0,0.0,0.0,1.00000003833145e-08,0.04436111111111085,0,0.0,554,3,0.0,0.0,144.61138886888887,0.0,0.0,63.5841666666667
scenario_coarse,1.0,0.0,0.0,,0.0,0.0,0.0,-29.10365626978483,-9.999951089412207e-09,26.282879843145437,3.7516666766666673,18.63360083579583,screened_water_cap_1.00,optimistic_site_selection,hub_policy_compliant,tight,uniform_google_ai_2024,portfolio_mean,central,gentd26_hourly_service_demand.csv,gentd26_aligned_regional_hourly_cef.csv,capacity_scenarios.csv,energy_calibration_bounds.csv,trace_timestamp_anonymized,single_row_default,0.3,20.0,carbon,211.9472222222222,208.19555553555557,3.7516666866666677,0.9822990523426955,0.30540597518090523,55.91956311375206,69.0455454569678,18.63360083579583,64.30749758081487,0.0,0.0,0.0,,,3.7516666766666673,True,True,0,433,4.440892098500626e-16,0.0,0.0,0.0,1.00000003833145e-08,0.04436111111111085,0,0.0,554,3,0.0,0.0,144.61138886888887,0.0,0.0,63.5841666666667
scenario_coarse,0.0,0.0,0.0,,0.0,0.0,0.0,-29.10365626978483,-9.999951089412207e-09,26.282879843145437,3.7516666766666673,18.63360083579583,screened_water_cap_0.00,optimistic_site_selection,hub_policy_compliant,tight,uniform_google_ai_2024,portfolio_mean,central,gentd26_hourly_service_demand.csv,gentd26_aligned_regional_hourly_cef.csv,capacity_scenarios.csv,energy_calibration_bounds.csv,trace_timestamp_anonymized,single_row_default,0.3,35.0,carbon,211.9472222222222,208.19555553555557,3.7516666866666677,0.9822990523426955,0.30540597518090523,55.91956311375206,69.0455454569678,18.63360083579583,64.30749758081487,0.0,0.0,0.0,,,3.7516666766666673,True,True,0,433,4.440892098500626e-16,0.0,0.0,0.0,1.00000003833145e-08,0.04436111111111085,0,0.0,554,3,0.0,0.0,144.61138886888887,0.0,0.0,63.5841666666667
scenario_coarse,0.25,0.0,0.0,,0.0,0.0,0.0,-29.10365626978483,-9.999951089412207e-09,26.282879843145437,3.7516666766666673,18.63360083579583,screened_water_cap_0.25,optimistic_site_selection,hub_policy_compliant,tight,uniform_google_ai_2024,portfolio_mean,central,gentd26_hourly_service_demand.csv,gentd26_aligned_regional_hourly_cef.csv,capacity_scenarios.csv,energy_calibration_bounds.csv,trace_timestamp_anonymized,single_row_default,0.3,35.0,carbon,211.9472222222222,208.19555553555557,3.7516666866666677,0.9822990523426955,0.30540597518090523,55.91956311375206,69.0455454569678,18.63360083579583,64.30749758081487,0.0,0.0,0.0,,,3.7516666766666673,True,True,0,433,4.440892098500626e-16,0.0,0.0,0.0,1.00000003833145e-08,0.04436111111111085,0,0.0,554,3,0.0,0.0,144.61138886888887,0.0,0.0,63.5841666666667
scenario_coarse,0.5,0.0,0.0,,0.0,0.0,0.0,-29.10365626978483,-9.999951089412207e-09,26.282879843145437,3.7516666766666673,18.63360083579583,screened_water_cap_0.50,optimistic_site_selection,hub_policy_compliant,tight,uniform_google_ai_2024,portfolio_mean,central,gentd26_hourly_service_demand.csv,gentd26_aligned_regional_hourly_cef.csv,capacity_scenarios.csv,energy_calibration_bounds.csv,trace_timestamp_anonymized,single_row_default,0.3,35.0,carbon,211.9472222222222,208.19555553555557,3.7516666866666677,0.9822990523426955,0.30540597518090523,55.91956311375206,69.0455454569678,18.63360083579583,64.30749758081487,0.0,0.0,0.0,,,3.7516666766666673,True,True,0,433,4.440892098500626e-16,0.0,0.0,0.0,1.00000003833145e-08,0.04436111111111085,0,0.0,554,3,0.0,0.0,144.61138886888887,0.0,0.0,63.5841666666667
scenario_coarse,0.75,0.0,0.0,,0.0,0.0,0.0,-29.10365626978483,-9.999951089412207e-09,26.282879843145437,3.7516666766666673,18.63360083579583,screened_water_cap_0.75,optimistic_site_selection,hub_policy_compliant,tight,uniform_google_ai_2024,portfolio_mean,central,gentd26_hourly_service_demand.csv,gentd26_aligned_regional_hourly_cef.csv,capacity_scenarios.csv,energy_calibration_bounds.csv,trace_timestamp_anonymized,single_row_default,0.3,35.0,carbon,211.9472222222222,208.19555553555557,3.7516666866666677,0.9822990523426955,0.30540597518090523,55.91956311375206,69.0455454569678,18.63360083579583,64.30749758081487,0.0,0.0,0.0,,,3.7516666766666673,True,True,0,433,4.440892098500626e-16,0.0,0.0,0.0,1.00000003833145e-08,0.04436111111111085,0,0.0,554,3,0.0,0.0,144.61138886888887,0.0,0.0,63.5841666666667
scenario_coarse,1.0,0.0,0.0,,0.0,0.0,0.0,-29.10365626978483,-9.999951089412207e-09,26.282879843145437,3.7516666766666673,18.63360083579583,screened_water_cap_1.00,optimistic_site_selection,hub_policy_compliant,tight,uniform_google_ai_2024,portfolio_mean,central,gentd26_hourly_service_demand.csv,gentd26_aligned_regional_hourly_cef.csv,capacity_scenarios.csv,energy_calibration_bounds.csv,trace_timestamp_anonymized,single_row_default,0.3,35.0,carbon,211.9472222222222,208.19555553555557,3.7516666866666677,0.9822990523426955,0.30540597518090523,55.91956311375206,69.0455454569678,18.63360083579583,64.30749758081487,0.0,0.0,0.0,,,3.7516666766666673,True,True,0,433,4.440892098500626e-16,0.0,0.0,0.0,1.00000003833145e-08,0.04436111111111085,0,0.0,554,3,0.0,0.0,144.61138886888887,0.0,0.0,63.5841666666667
scenario_coarse,0.0,0.0,5.586871725003489,0.0,5.586871725003489,0.34640767937536054,1.3356006060146308,-6.486666759286663e-09,-9.999979511121637e-09,26.282879843145437,3.7516666766666673,25.936472162065193,screened_water_cap_0.00,optimistic_site_selection,hub_policy_compliant,tight,uniform_google_ai_2024,portfolio_mean,central,gentd26_hourly_service_demand.csv,gentd26_aligned_regional_hourly_cef.csv,capacity_scenarios.csv,energy_calibration_bounds.csv,trace_timestamp_anonymized,single_row_default,0.5,15.0,carbon,211.9472222222222,208.19555553555554,3.7516666866666672,0.9822990523426954,0.0,55.91956311375206,69.8994538921901,26.282879841440554,64.30749758081487,0.0,0.0,0.0,,,3.7516666766666673,True,True,0,0,0.0,0.0,0.0,0.0,9.99999993922529e-09,0.0,11,0.0,184,1,0.0,0.0,208.1955555355556,0.0,0.0,0.0
scenario_coarse,0.25,1.3967179312508722,5.586871725003489,0.25,4.190153793752616,0.161480834570483,0.6226013837250521,-0.7036019173446428,-9.999979511121637e-09,26.282879843145437,3.7516666766666673,25.936472162065193,screened_water_cap_0.25,optimistic_site_selection,hub_policy_compliant,tight,uniform_google_ai_2024,portfolio_mean,central,gentd26_hourly_service_demand.csv,gentd26_aligned_regional_hourly_cef.csv,capacity_scenarios.csv,energy_calibration_bounds.csv,trace_timestamp_anonymized,single_row_default,0.5,15.0,carbon,211.9472222222222,208.19555553555554,3.7516666866666672,0.9822990523426954,0.021719363741305977,55.91956311375206,69.83872702561396,26.097952996635676,64.30749758081487,1.3967179312508722,0.021719363741305977,0.0,,,3.7516666766666673,True,True,0,71,0.0,0.0,0.0,0.0,9.99999993922529e-09,0.0,11,0.0,190,1,0.0,0.0,203.6736805355556,4.521875,0.0,0.0
scenario_coarse,0.5,2.7934358625017444,5.586871725003489,0.5000000000000001,2.793435862501744,0.06316498399583992,0.24353729991168915,-1.077669946272164,-9.999979511121637e-09,26.282879843145437,3.7516666766666673,25.936472162065193,screened_water_cap_0.50,optimistic_site_selection,hub_policy_compliant,tight,uniform_google_ai_2024,portfolio_mean,central,gentd26_hourly_service_demand.csv,gentd26_aligned_regional_hourly_cef.csv,capacity_scenarios.csv,energy_calibration_bounds.csv,trace_timestamp_anonymized,single_row_default,0.5,15.0,carbon,211.9472222222222,208.19555553555554,3.7516666866666672,0.9822990523426954,0.04343872748261197,55.91956311375206,69.77800015903784,25.999637146061033,64.30749758081487,2.793435862501745,0.04343872748261196,0.0,,,3.7516666766666673,True,True,0,72,0.0,0.0,0.0,0.0,9.99999993922529e-09,0.0,11,0.0,206,1,-4.440892098500626e-16,4.440892098500626e-16,199.15180553555555,9.043750000000003,0.0,0.0
scenario_coarse,0.75,4.190153793752616,5.586871725003489,0.7500000000000001,1.3967179312508717,0.01184593379273835,0.045672879945724,-1.2729265182664484,-9.999951089412207e-09,26.282879843145437,3.7516666766666673,25.936472162065193,screened_water_cap_0.75,optimistic_site_selection,hub_policy_compliant,tight,uniform_google_ai_2024,portfolio_mean,central,gentd26_hourly_service_demand.csv,gentd26_aligned_regional_hourly_cef.csv,capacity_scenarios.csv,energy_calibration_bounds.csv,trace_timestamp_anonymized,single_row_default,0.5,15.0,carbon,211.9472222222222,208.19555553555557,3.7516666866666672,0.9822990523426955,0.06515809122391793,55.91956311375206,69.71727329246173,25.948318095857932,64.30749758081487,4.190153793752617,0.06515809122391793,0.0,,,3.7516666766666673,True,True,0,73,0.0,0.0,0.0,0.0,9.99999993922529e-09,0.0,11,0.0,227,1,-8.881784197001252e-16,8.881784197001252e-16,194.62993053555556,13.565624999999997,0.0,0.0
scenario_coarse,1.0,5.586871725003489,5.586871725003489,1.0,0.0,0.0,0.0,-1.3179974308279108,-9.999979511121637e-09,26.282879843145437,3.7516666766666673,25.936472162065193,screened_water_cap_1.00,optimistic_site_selection,hub_policy_compliant,tight,uniform_google_ai_2024,portfolio_mean,central,gentd26_hourly_service_demand.csv,gentd26_aligned_regional_hourly_cef.csv,capacity_scenarios.csv,energy_calibration_bounds.csv,trace_timestamp_anonymized,single_row_default,0.5,15.0,carbon,211.9472222222222,208.19555553555554,3.7516666866666677,0.9822990523426954,0.08687745496522391,55.91956311375207,69.6565464258856,25.936472162065193,64.30749758081485,5.586871725003489,0.08687745496522392,0.0,,,3.7516666766666673,True,True,0,70,0.0,0.0,0.0,0.0,1.00000003833145e-08,0.0,11,0.0,240,1,0.0,0.0,190.10805553555556,18.0875,0.0,0.0
scenario_coarse,0.0,0.0,0.10948089259163718,0.0,0.10948089259163718,0.009792320500821461,0.07175883693868457,-48.04243236374308,-9.999979511121637e-09,26.282879843145437,3.7516666766666673,13.646152750757606,screened_water_cap_0.00,optimistic_site_selection,hub_policy_compliant,tight,uniform_google_ai_2024,portfolio_mean,central,gentd26_hourly_service_demand.csv,gentd26_aligned_regional_hourly_cef.csv,capacity_scenarios.csv,energy_calibration_bounds.csv,trace_timestamp_anonymized,single_row_default,0.5,20.0,carbon,211.9472222222222,208.19555553555554,3.7516666866666672,0.9822990523426954,0.5069432585236369,55.91956311375206,68.4820516151849,13.655945071258428,64.30749758081487,0.0,0.0,0.0,,,3.7516666766666673,True,True,0,451,0.0,0.0,0.0,0.0,9.99999993922529e-09,0.0,3,0.0,551,3,0.0,0.0,102.65222220222222,0.0,0.0,105.54333333333334
scenario_coarse,0.25,0.027370223147909295,0.10948089259163718,0.25,0.08211066944372789,0.007085048428582041,0.05191975026213047,-48.05273287909145,-9.999979511121637e-09,26.282879843145437,3.7516666766666673,13.646152750757606,screened_water_cap_0.25,optimistic_site_selection,hub_policy_compliant,tight,uniform_google_ai_2024,portfolio_mean,central,gentd26_hourly_service_demand.csv,gentd26_aligned_regional_hourly_cef.csv,capacity_scenarios.csv,energy_calibration_bounds.csv,trace_timestamp_anonymized,single_row_default,0.5,20.0,carbon,211.9472222222222,208.19555553555554,3.7516666866666672,0.9822990523426954,0.5073688733302698,55.91956311375206,68.48086160548283,13.653237799186188,64.30749758081487,0.027370223147909295,0.00042561480663297916,0.0,,,3.7516666766666673,True,True,0,626,0.0,0.0,0.0,0.0,9.99999993922529e-09,0.0,3,0.0,551,3,0.0,0.0,102.5636110911111,0.0,0.08861111111111115,105.54333333333334
scenario_coarse,0.5,0.05474044629581859,0.10948089259163718,0.5,0.05474044629581859,0.004377776356342622,0.03208066358555417,-48.063033394439834,-9.999979511121637e-09,26.282879843145437,3.7516666766666673,13.646152750757606,screened_water_cap_0.50,optimistic_site_selection,hub_policy_compliant,tight,uniform_google_ai_2024,portfolio_mean,central,gentd26_hourly_service_demand.csv,gentd26_aligned_regional_hourly_cef.csv,capacity_scenarios.csv,energy_calibration_bounds.csv,trace_timestamp_anonymized,single_row_default,0.5,20.0,carbon,211.9472222222222,208.19555553555554,3.7516666866666672,0.9822990523426954,0.5077944881369029,55.91956311375206,68.47967159578073,13.650530527113949,64.30749758081487,0.05474044629581859,0.0008512296132659583,0.0,,,3.7516666766666673,True,True,0,626,0.0,0.0,0.0,0.0,9.99999993922529e-09,0.0,3,0.0,551,3,0.0,0.0,102.47499997999999,0.0,0.1772222222222223,105.54333333333334
scenario_coarse,0.75,0.08211066944372789,0.10948089259163718,0.75,0.027370223147909295,0.00179239261327524,0.013134783451507204,-48.07287015418039,-9.999979511121637e-09,26.282879843145437,3.7516666766666673,13.646152750757606,screened_water_cap_0.75,optimistic_site_selection,hub_policy_compliant,tight,uniform_google_ai_2024,portfolio_mean,central,gentd26_hourly_service_demand.csv,gentd26_aligned_regional_hourly_cef.csv,capacity_scenarios.csv,energy_calibration_bounds.csv,trace_timestamp_anonymized,single_row_default,0.5,20.0,carbon,211.9472222222222,208.19555553555554,3.7516666866666672,0.9822990523426954,0.5082201029435358,55.91956311375206,68.47848158607866,13.647945143370881,64.30749758081487,0.08211066944372789,0.0012768444198989375,0.0,,,3.7516666766666673,True,True,0,627,0.0,0.0,0.0,0.0,9.99999993922529e-09,0.0,3,0.0,552,3,0.0,0.0,102.38638886888889,0.0,0.2658333333333334,105.54333333333334
scenario_coarse,1.0,0.10948089259163718,0.10948089259163718,1.0,0.0,0.0,0.0,-48.07968977449586,-9.999979511121637e-09,26.282879843145437,3.7516666766666673,13.646152750757606,screened_water_cap_1.00,optimistic_site_selection,hub_policy_compliant,tight,uniform_google_ai_2024,portfolio_mean,central,gentd26_hourly_service_demand.csv,gentd26_aligned_regional_hourly_cef.csv,capacity_scenarios.csv,energy_calibration_bounds.csv,trace_timestamp_anonymized,single_row_default,0.5,20.0,carbon,211.9472222222222,208.19555553555554,3.7516666866666672,0.9822990523426954,0.5086457177501688,55.91956311375206,68.47729157637657,13.646152750757606,64.30749758081487,0.10948089259163718,0.0017024592265319166,0.0,,,3.7516666766666673,True,True,0,642,0.0,0.0,0.0,0.0,9.99999993922529e-09,0.0,3,0.0,553,3,0.0,0.0,102.29777775777777,0.0,0.35444444444444456,105.54333333333334
scenario_coarse,0.0,0.0,0.10948089259163718,0.0,0.10948089259163718,0.009792320500821461,0.07175883693868457,-48.04243236374308,-9.999979511121637e-09,26.282879843145437,3.7516666766666673,13.646152750757606,screened_water_cap_0.00,optimistic_site_selection,hub_policy_compliant,tight,uniform_google_ai_2024,portfolio_mean,central,gentd26_hourly_service_demand.csv,gentd26_aligned_regional_hourly_cef.csv,capacity_scenarios.csv,energy_calibration_bounds.csv,trace_timestamp_anonymized,single_row_default,0.5,35.0,carbon,211.9472222222222,208.19555553555554,3.7516666866666672,0.9822990523426954,0.5069432585236369,55.91956311375206,68.4820516151849,13.655945071258428,64.30749758081487,0.0,0.0,0.0,,,3.7516666766666673,True,True,0,451,0.0,0.0,0.0,0.0,9.99999993922529e-09,0.0,3,0.0,551,3,0.0,0.0,102.65222220222222,0.0,0.0,105.54333333333334
scenario_coarse,0.25,0.027370223147909295,0.10948089259163718,0.25,0.08211066944372789,0.007085048428582041,0.05191975026213047,-48.05273287909145,-9.999979511121637e-09,26.282879843145437,3.7516666766666673,13.646152750757606,screened_water_cap_0.25,optimistic_site_selection,hub_policy_compliant,tight,uniform_google_ai_2024,portfolio_mean,central,gentd26_hourly_service_demand.csv,gentd26_aligned_regional_hourly_cef.csv,capacity_scenarios.csv,energy_calibration_bounds.csv,trace_timestamp_anonymized,single_row_default,0.5,35.0,carbon,211.9472222222222,208.19555553555554,3.7516666866666672,0.9822990523426954,0.5073688733302698,55.91956311375206,68.48086160548283,13.653237799186188,64.30749758081487,0.027370223147909295,0.00042561480663297916,0.0,,,3.7516666766666673,True,True,0,626,0.0,0.0,0.0,0.0,9.99999993922529e-09,0.0,3,0.0,551,3,0.0,0.0,102.5636110911111,0.0,0.08861111111111115,105.54333333333334
scenario_coarse,0.5,0.05474044629581859,0.10948089259163718,0.5,0.05474044629581859,0.004377776356342622,0.03208066358555417,-48.063033394439834,-9.999979511121637e-09,26.282879843145437,3.7516666766666673,13.646152750757606,screened_water_cap_0.50,optimistic_site_selection,hub_policy_compliant,tight,uniform_google_ai_2024,portfolio_mean,central,gentd26_hourly_service_demand.csv,gentd26_aligned_regional_hourly_cef.csv,capacity_scenarios.csv,energy_calibration_bounds.csv,trace_timestamp_anonymized,single_row_default,0.5,35.0,carbon,211.9472222222222,208.19555553555554,3.7516666866666672,0.9822990523426954,0.5077944881369029,55.91956311375206,68.47967159578073,13.650530527113949,64.30749758081487,0.05474044629581859,0.0008512296132659583,0.0,,,3.7516666766666673,True,True,0,626,0.0,0.0,0.0,0.0,9.99999993922529e-09,0.0,3,0.0,551,3,0.0,0.0,102.47499997999999,0.0,0.1772222222222223,105.54333333333334
scenario_coarse,0.75,0.08211066944372789,0.10948089259163718,0.75,0.027370223147909295,0.00179239261327524,0.013134783451507204,-48.07287015418039,-9.999979511121637e-09,26.282879843145437,3.7516666766666673,13.646152750757606,screened_water_cap_0.75,optimistic_site_selection,hub_policy_compliant,tight,uniform_google_ai_2024,portfolio_mean,central,gentd26_hourly_service_demand.csv,gentd26_aligned_regional_hourly_cef.csv,capacity_scenarios.csv,energy_calibration_bounds.csv,trace_timestamp_anonymized,single_row_default,0.5,35.0,carbon,211.9472222222222,208.19555553555554,3.7516666866666672,0.9822990523426954,0.5082201029435358,55.91956311375206,68.47848158607866,13.647945143370881,64.30749758081487,0.08211066944372789,0.0012768444198989375,0.0,,,3.7516666766666673,True,True,0,627,0.0,0.0,0.0,0.0,9.99999993922529e-09,0.0,3,0.0,552,3,0.0,0.0,102.38638886888889,0.0,0.2658333333333334,105.54333333333334
scenario_coarse,1.0,0.10948089259163718,0.10948089259163718,1.0,0.0,0.0,0.0,-48.07968977449586,-9.999979511121637e-09,26.282879843145437,3.7516666766666673,13.646152750757606,screened_water_cap_1.00,optimistic_site_selection,hub_policy_compliant,tight,uniform_google_ai_2024,portfolio_mean,central,gentd26_hourly_service_demand.csv,gentd26_aligned_regional_hourly_cef.csv,capacity_scenarios.csv,energy_calibration_bounds.csv,trace_timestamp_anonymized,single_row_default,0.5,35.0,carbon,211.9472222222222,208.19555553555554,3.7516666866666672,0.9822990523426954,0.5086457177501688,55.91956311375206,68.47729157637657,13.646152750757606,64.30749758081487,0.10948089259163718,0.0017024592265319166,0.0,,,3.7516666766666673,True,True,0,642,0.0,0.0,0.0,0.0,9.99999993922529e-09,0.0,3,0.0,553,3,0.0,0.0,102.29777775777777,0.0,0.35444444444444456,105.54333333333334
scenario_coarse,0.0,0.0,1.66988391227644,0.0,1.66988391227644,0.10387194094539609,0.38917934588242886,-6.362976812113175e-09,-1.0000007932831068e-08,26.793865140998378,1e-08,26.689993198348095,screened_water_cap_0.00,optimistic_site_selection,hub_policy_compliant,central,uniform_google_ai_2024,portfolio_mean,central,gentd26_hourly_service_demand.csv,gentd26_aligned_regional_hourly_cef.csv,capacity_scenarios.csv,energy_calibration_bounds.csv,trace_timestamp_anonymized,single_row_default,0.15,15.0,carbon,211.9472222222222,211.94722220222218,2e-08,0.9999999999056368,0.0,56.92722900944693,71.15903626180867,26.79386513929349,65.46631336086396,0.0,0.0,0.0,,,1e-08,True,True,0,0,0.0,0.0,0.0,0.0,1e-08,0.4919444444444445,0,0.0,184,1,0.0,0.0,211.94722220222224,0.0,0.0,0.0
scenario_coarse,0.25,0.41747097806911,1.66988391227644,0.25000000000000006,1.2524129342073298,0.04856524890103131,0.18196051434002936,-0.20641551137997594,-1.0000007932831068e-08,26.793865140998378,1e-08,26.689993198348095,screened_water_cap_0.25,optimistic_site_selection,hub_policy_compliant,central,uniform_google_ai_2024,portfolio_mean,central,gentd26_hourly_service_demand.csv,gentd26_aligned_regional_hourly_cef.csv,capacity_scenarios.csv,energy_calibration_bounds.csv,trace_timestamp_anonymized,single_row_default,0.15,15.0,carbon,211.9472222222222,211.94722220222218,2e-08,0.9999999999056368,0.006376882348146336,56.92722900944693,71.14088534971872,26.738558447249126,65.46631336086396,0.41747097806911004,0.006376882348146336,0.0,,,1e-08,True,True,0,1,2.220446049250313e-16,0.0,0.0,0.0,1e-08,0.4919444444444445,0,0.0,190,1,-5.551115123125783e-17,5.551115123125783e-17,210.59565970222224,1.3515624999999998,0.0,0.0
scenario_coarse,0.5,0.83494195613822,1.66988391227644,0.5000000000000001,0.8349419561382199,0.019047838032957287,0.07136696473244442,-0.31658032229001654,-1.0000007932831068e-08,26.793865140998378,1e-08,26.689993198348095,screened_water_cap_0.50,optimistic_site_selection,hub_policy_compliant,central,uniform_google_ai_2024,portfolio_mean,central,gentd26_hourly_service_demand.csv,gentd26_aligned_regional_hourly_cef.csv,capacity_scenarios.csv,energy_calibration_bounds.csv,trace_timestamp_anonymized,single_row_default,0.15,15.0,carbon,211.9472222222222,211.94722220222218,2e-08,0.9999999999056368,0.012753764696292674,56.92722900944693,71.12273443762875,26.709041036381052,65.46631336086396,0.8349419561382201,0.012753764696292672,0.0,,,1e-08,True,True,0,1,2.220446049250313e-16,0.0,0.0,0.0,1e-08,0.4919444444444445,0,0.0,206,1,-1.1102230246251565e-16,1.1102230246251565e-16,209.2440972022222,2.7031250000000004,0.0,0.0
scenario_coarse,0.75,1.25241293420733,1.66988391227644,0.7499999999999999,0.41747097806911015,0.0035934179169210267,0.01346354002496053,-0.3742592724329308,-1.0000007932831068e-08,26.793865140998378,1e-08,26.689993198348095,screened_water_cap_0.75,optimistic_site_selection,hub_policy_compliant,central,uniform_google_ai_2024,portfolio_mean,central,gentd26_hourly_service_demand.csv,gentd26_aligned_regional_hourly_cef.csv,capacity_scenarios.csv,energy_calibration_bounds.csv,trace_timestamp_anonymized,single_row_default,0.15,15.0,carbon,211.9472222222222,211.94722220222218,2e-08,0.9999999999056368,0.019130647044439,56.92722900944693,71.1045835255388,26.693586616265016,65.46631336086396,1.2524129342073298,0.019130647044439,0.0,,,1e-08,True,True,0,1,2.220446049250313e-16,0.0,0.0,0.0,1e-08,0.4919444444444445,0,0.0,226,1,2.220446049250313e-16,0.0,207.89253470222218,4.054687499999998,0.0,0.0
scenario_coarse,1.0,1.66988391227644,1.66988391227644,1.0,0.0,0.0,0.0,-0.3876706182690426,-1.0000007932831068e-08,26.793865140998378,1e-08,26.689993198348095,screened_water_cap_1.00,optimistic_site_selection,hub_policy_compliant,central,uniform_google_ai_2024,portfolio_mean,central,gentd26_hourly_service_demand.csv,gentd26_aligned_regional_hourly_cef.csv,capacity_scenarios.csv,energy_calibration_bounds.csv,trace_timestamp_anonymized,single_row_default,0.15,15.0,carbon,211.9472222222222,211.94722220222218,2e-08,0.9999999999056368,0.025507529392585347,56.92722900944693,71.08643261344884,26.689993198348095,65.46631336086396,1.66988391227644,0.02550752939258534,0.0,,,1e-08,True,True,0,0,2.220446049250313e-16,0.0,0.0,0.0,1e-08,0.4919444444444445,0,0.0,240,1,0.0,0.0,206.5409722022222,5.406249999999998,0.0,0.0
scenario_coarse,0.0,0.0,0.0,,0.0,0.0,0.0,-14.097855736000476,-9.999979511121637e-09,26.793865140998378,1e-08,23.016504687321905,screened_water_cap_0.00,optimistic_site_selection,hub_policy_compliant,central,uniform_google_ai_2024,portfolio_mean,central,gentd26_hourly_service_demand.csv,gentd26_aligned_regional_hourly_cef.csv,capacity_scenarios.csv,energy_calibration_bounds.csv,trace_timestamp_anonymized,single_row_default,0.15,20.0,carbon,211.9472222222222,211.9472222022222,2e-08,0.9999999999056369,0.15000000001415448,56.92722900944694,70.73208204419753,23.016504687321905,65.46631336086396,0.0,0.0,0.0,,,1e-08,True,True,0,0,4.440892098500626e-16,0.0,0.0,0.0,1e-08,1.018152777777778,0,0.0,554,3,0.0,0.0,180.1551388688889,0.0,0.0,31.79208333333335
scenario_coarse,0.25,0.0,0.0,,0.0,0.0,0.0,-14.097855736000476,-9.999979511121637e-09,26.793865140998378,1e-08,23.016504687321905,screened_water_cap_0.25,optimistic_site_selection,hub_policy_compliant,central,uniform_google_ai_2024,portfolio_mean,central,gentd26_hourly_service_demand.csv,gentd26_aligned_regional_hourly_cef.csv,capacity_scenarios.csv,energy_calibration_bounds.csv,trace_timestamp_anonymized,single_row_default,0.15,20.0,carbon,211.9472222222222,211.9472222022222,2e-08,0.9999999999056369,0.15000000001415448,56.92722900944694,70.73208204419753,23.016504687321905,65.46631336086396,0.0,0.0,0.0,,,1e-08,True,True,0,0,4.440892098500626e-16,0.0,0.0,0.0,1e-08,1.018152777777778,0,0.0,554,3,0.0,0.0,180.1551388688889,0.0,0.0,31.79208333333335
scenario_coarse,0.5,0.0,0.0,,0.0,0.0,0.0,-14.097855736000476,-9.999979511121637e-09,26.793865140998378,1e-08,23.016504687321905,screened_water_cap_0.50,optimistic_site_selection,hub_policy_compliant,central,uniform_google_ai_2024,portfolio_mean,central,gentd26_hourly_service_demand.csv,gentd26_aligned_regional_hourly_cef.csv,capacity_scenarios.csv,energy_calibration_bounds.csv,trace_timestamp_anonymized,single_row_default,0.15,20.0,carbon,211.9472222222222,211.9472222022222,2e-08,0.9999999999056369,0.15000000001415448,56.92722900944694,70.73208204419753,23.016504687321905,65.46631336086396,0.0,0.0,0.0,,,1e-08,True,True,0,0,4.440892098500626e-16,0.0,0.0,0.0,1e-08,1.018152777777778,0,0.0,554,3,0.0,0.0,180.1551388688889,0.0,0.0,31.79208333333335
scenario_coarse,0.75,0.0,0.0,,0.0,0.0,0.0,-14.097855736000476,-9.999979511121637e-09,26.793865140998378,1e-08,23.016504687321905,screened_water_cap_0.75,optimistic_site_selection,hub_policy_compliant,central,uniform_google_ai_2024,portfolio_mean,central,gentd26_hourly_service_demand.csv,gentd26_aligned_regional_hourly_cef.csv,capacity_scenarios.csv,energy_calibration_bounds.csv,trace_timestamp_anonymized,single_row_default,0.15,20.0,carbon,211.9472222222222,211.9472222022222,2e-08,0.9999999999056369,0.15000000001415448,56.92722900944694,70.73208204419753,23.016504687321905,65.46631336086396,0.0,0.0,0.0,,,1e-08,True,True,0,0,4.440892098500626e-16,0.0,0.0,0.0,1e-08,1.018152777777778,0,0.0,554,3,0.0,0.0,180.1551388688889,0.0,0.0,31.79208333333335
scenario_coarse,1.0,0.0,0.0,,0.0,0.0,0.0,-14.097855736000476,-9.999979511121637e-09,26.793865140998378,1e-08,23.016504687321905,screened_water_cap_1.00,optimistic_site_selection,hub_policy_compliant,central,uniform_google_ai_2024,portfolio_mean,central,gentd26_hourly_service_demand.csv,gentd26_aligned_regional_hourly_cef.csv,capacity_scenarios.csv,energy_calibration_bounds.csv,trace_timestamp_anonymized,single_row_default,0.15,20.0,carbon,211.9472222222222,211.9472222022222,2e-08,0.9999999999056369,0.15000000001415448,56.92722900944694,70.73208204419753,23.016504687321905,65.46631336086396,0.0,0.0,0.0,,,1e-08,True,True,0,0,4.440892098500626e-16,0.0,0.0,0.0,1e-08,1.018152777777778,0,0.0,554,3,0.0,0.0,180.1551388688889,0.0,0.0,31.79208333333335
scenario_coarse,0.0,0.0,0.0,,0.0,0.0,0.0,-14.097855736000476,-9.999979511121637e-09,26.793865140998378,1e-08,23.016504687321905,screened_water_cap_0.00,optimistic_site_selection,hub_policy_compliant,central,uniform_google_ai_2024,portfolio_mean,central,gentd26_hourly_service_demand.csv,gentd26_aligned_regional_hourly_cef.csv,capacity_scenarios.csv,energy_calibration_bounds.csv,trace_timestamp_anonymized,single_row_default,0.15,35.0,carbon,211.9472222222222,211.9472222022222,2e-08,0.9999999999056369,0.15000000001415448,56.92722900944694,70.73208204419753,23.016504687321905,65.46631336086396,0.0,0.0,0.0,,,1e-08,True,True,0,0,4.440892098500626e-16,0.0,0.0,0.0,1e-08,1.018152777777778,0,0.0,554,3,0.0,0.0,180.1551388688889,0.0,0.0,31.79208333333335
scenario_coarse,0.25,0.0,0.0,,0.0,0.0,0.0,-14.097855736000476,-9.999979511121637e-09,26.793865140998378,1e-08,23.016504687321905,screened_water_cap_0.25,optimistic_site_selection,hub_policy_compliant,central,uniform_google_ai_2024,portfolio_mean,central,gentd26_hourly_service_demand.csv,gentd26_aligned_regional_hourly_cef.csv,capacity_scenarios.csv,energy_calibration_bounds.csv,trace_timestamp_anonymized,single_row_default,0.15,35.0,carbon,211.9472222222222,211.9472222022222,2e-08,0.9999999999056369,0.15000000001415448,56.92722900944694,70.73208204419753,23.016504687321905,65.46631336086396,0.0,0.0,0.0,,,1e-08,True,True,0,0,4.440892098500626e-16,0.0,0.0,0.0,1e-08,1.018152777777778,0,0.0,554,3,0.0,0.0,180.1551388688889,0.0,0.0,31.79208333333335
scenario_coarse,0.5,0.0,0.0,,0.0,0.0,0.0,-14.097855736000476,-9.999979511121637e-09,26.793865140998378,1e-08,23.016504687321905,screened_water_cap_0.50,optimistic_site_selection,hub_policy_compliant,central,uniform_google_ai_2024,portfolio_mean,central,gentd26_hourly_service_demand.csv,gentd26_aligned_regional_hourly_cef.csv,capacity_scenarios.csv,energy_calibration_bounds.csv,trace_timestamp_anonymized,single_row_default,0.15,35.0,carbon,211.9472222222222,211.9472222022222,2e-08,0.9999999999056369,0.15000000001415448,56.92722900944694,70.73208204419753,23.016504687321905,65.46631336086396,0.0,0.0,0.0,,,1e-08,True,True,0,0,4.440892098500626e-16,0.0,0.0,0.0,1e-08,1.018152777777778,0,0.0,554,3,0.0,0.0,180.1551388688889,0.0,0.0,31.79208333333335
scenario_coarse,0.75,0.0,0.0,,0.0,0.0,0.0,-14.097855736000476,-9.999979511121637e-09,26.793865140998378,1e-08,23.016504687321905,screened_water_cap_0.75,optimistic_site_selection,hub_policy_compliant,central,uniform_google_ai_2024,portfolio_mean,central,gentd26_hourly_service_demand.csv,gentd26_aligned_regional_hourly_cef.csv,capacity_scenarios.csv,energy_calibration_bounds.csv,trace_timestamp_anonymized,single_row_default,0.15,35.0,carbon,211.9472222222222,211.9472222022222,2e-08,0.9999999999056369,0.15000000001415448,56.92722900944694,70.73208204419753,23.016504687321905,65.46631336086396,0.0,0.0,0.0,,,1e-08,True,True,0,0,4.440892098500626e-16,0.0,0.0,0.0,1e-08,1.018152777777778,0,0.0,554,3,0.0,0.0,180.1551388688889,0.0,0.0,31.79208333333335
scenario_coarse,1.0,0.0,0.0,,0.0,0.0,0.0,-14.097855736000476,-9.999979511121637e-09,26.793865140998378,1e-08,23.016504687321905,screened_water_cap_1.00,optimistic_site_selection,hub_policy_compliant,central,uniform_google_ai_2024,portfolio_mean,central,gentd26_hourly_service_demand.csv,gentd26_aligned_regional_hourly_cef.csv,capacity_scenarios.csv,energy_calibration_bounds.csv,trace_timestamp_anonymized,single_row_default,0.15,35.0,carbon,211.9472222222222,211.9472222022222,2e-08,0.9999999999056369,0.15000000001415448,56.92722900944694,70.73208204419753,23.016504687321905,65.46631336086396,0.0,0.0,0.0,,,1e-08,True,True,0,0,4.440892098500626e-16,0.0,0.0,0.0,1e-08,1.018152777777778,0,0.0,554,3,0.0,0.0,180.1551388688889,0.0,0.0,31.79208333333335
scenario_coarse,0.0,0.0,3.33976782455288,0.0,3.33976782455288,0.20774388189079573,0.7813997381545423,-6.362976812113175e-09,-1.0000007932831068e-08,26.793865140998378,1e-08,26.586121257402695,screened_water_cap_0.00,optimistic_site_selection,hub_policy_compliant,central,uniform_google_ai_2024,portfolio_mean,central,gentd26_hourly_service_demand.csv,gentd26_aligned_regional_hourly_cef.csv,capacity_scenarios.csv,energy_calibration_bounds.csv,trace_timestamp_anonymized,single_row_default,0.3,15.0,carbon,211.9472222222222,211.94722220222218,2e-08,0.9999999999056368,0.0,56.92722900944693,71.15903626180867,26.79386513929349,65.46631336086396,0.0,0.0,0.0,,,1e-08,True,True,0,0,0.0,0.0,0.0,0.0,1e-08,0.4919444444444445,0,0.0,184,1,0.0,0.0,211.94722220222224,0.0,0.0,0.0
scenario_coarse,0.25,0.83494195613822,3.33976782455288,0.25000000000000006,2.5048258684146596,0.09713049780206973,0.3653428676626769,-0.41283101639695285,-1.0000007932831068e-08,26.793865140998378,1e-08,26.586121257402695,screened_water_cap_0.25,optimistic_site_selection,hub_policy_compliant,central,uniform_google_ai_2024,portfolio_mean,central,gentd26_hourly_service_demand.csv,gentd26_aligned_regional_hourly_cef.csv,capacity_scenarios.csv,energy_calibration_bounds.csv,trace_timestamp_anonymized,single_row_default,0.3,15.0,carbon,211.9472222222222,211.94722220222218,2e-08,0.9999999999056368,0.012753764696292672,56.92722900944693,71.12273443762875,26.683251755204765,65.46631336086396,0.8349419561382201,0.012753764696292672,0.0,,,1e-08,True,True,0,1,1.1102230246251565e-16,0.0,0.0,0.0,1e-08,0.4919444444444445,0,0.0,190,1,-1.1102230246251565e-16,1.1102230246251565e-16,209.2440972022222,2.7031249999999996,0.0,0.0
scenario_coarse,0.5,1.66988391227644,3.33976782455288,0.5000000000000001,1.6698839122764397,0.038095676065914574,0.1432915907404464,-0.6331606382170785,-1.0000007932831068e-08,26.793865140998378,1e-08,26.586121257402695,screened_water_cap_0.50,optimistic_site_selection,hub_policy_compliant,central,uniform_google_ai_2024,portfolio_mean,central,gentd26_hourly_service_demand.csv,gentd26_aligned_regional_hourly_cef.csv,capacity_scenarios.csv,energy_calibration_bounds.csv,trace_timestamp_anonymized,single_row_default,0.3,15.0,carbon,211.9472222222222,211.94722220222218,2e-08,0.9999999999056368,0.025507529392585347,56.92722900944693,71.08643261344882,26.62421693346861,65.46631336086396,1.6698839122764402,0.025507529392585344,0.0,,,1e-08,True,True,0,1,1.1102230246251565e-16,0.0,0.0,0.0,1e-08,0.4919444444444445,0,0.0,206,1,-2.220446049250313e-16,2.220446049250313e-16,206.5409722022222,5.406250000000001,0.0,0.0
scenario_coarse,0.75,2.50482586841466,3.33976782455288,0.7499999999999999,0.8349419561382203,0.007186835833845606,0.027032284116446093,-0.7485185385028958,-9.999979511121637e-09,26.793865140998378,1e-08,26.586121257402695,screened_water_cap_0.75,optimistic_site_selection,hub_policy_compliant,central,uniform_google_ai_2024,portfolio_mean,central,gentd26_hourly_service_demand.csv,gentd26_aligned_regional_hourly_cef.csv,capacity_scenarios.csv,energy_calibration_bounds.csv,trace_timestamp_anonymized,single_row_default,0.3,15.0,carbon,211.9472222222222,211.9472222022222,2e-08,0.9999999999056369,0.038261294088877996,56.92722900944694,71.0501307892689,26.59330809323654,65.46631336086396,2.5048258684146596,0.038261294088878,0.0,,,1e-08,True,True,0,1,2.220446049250313e-16,0.0,0.0,0.0,1e-08,0.4919444444444445,0,0.0,226,1,4.440892098500626e-16,0.0,203.8378472022222,8.109374999999996,0.0,0.0
scenario_coarse,1.0,3.33976782455288,3.33976782455288,1.0,0.0,0.0,0.0,-0.7753412301751306,-9.999979511121637e-09,26.793865140998378,1e-08,26.586121257402695,screened_water_cap_1.00,optimistic_site_selection,hub_policy_compliant,central,uniform_google_ai_2024,portfolio_mean,central,gentd26_hourly_service_demand.csv,gentd26_aligned_regional_hourly_cef.csv,capacity_scenarios.csv,energy_calibration_bounds.csv,trace_timestamp_anonymized,single_row_default,0.3,15.0,carbon,211.9472222222222,211.9472222022222,2e-08,0.9999999999056369,0.05101505878517069,56.92722900944694,71.01382896508899,26.586121257402695,65.46631336086396,3.33976782455288,0.05101505878517068,0.0,,,1e-08,True,True,0,0,2.220446049250313e-16,0.0,0.0,0.0,1e-08,0.4919444444444445,0,0.0,240,1,0.0,0.0,201.1347222022222,10.812499999999996,0.0,0.0
scenario_coarse,0.0,0.0,0.0,,0.0,0.0,0.0,-28.195711465637963,-1.0000007932831068e-08,26.793865140998378,1e-08,19.239144235350324,screened_water_cap_0.00,optimistic_site_selection,hub_policy_compliant,central,uniform_google_ai_2024,portfolio_mean,central,gentd26_hourly_service_demand.csv,gentd26_aligned_regional_hourly_cef.csv,capacity_scenarios.csv,energy_calibration_bounds.csv,trace_timestamp_anonymized,single_row_default,0.3,20.0,carbon,211.9472222222222,211.94722220222218,2e-08,0.9999999999056368,0.30000000002830896,56.92722900944693,70.30512782658639,19.239144235350324,65.46631336086396,0.0,0.0,0.0,,,1e-08,True,True,0,0,4.440892098500626e-16,0.0,0.0,0.0,1e-08,0.9475833333333334,0,0.0,554,3,0.0,0.0,148.36305553555553,0.0,0.0,63.5841666666667
scenario_coarse,0.25,0.0,0.0,,0.0,0.0,0.0,-28.195711465637963,-1.0000007932831068e-08,26.793865140998378,1e-08,19.239144235350324,screened_water_cap_0.25,optimistic_site_selection,hub_policy_compliant,central,uniform_google_ai_2024,portfolio_mean,central,gentd26_hourly_service_demand.csv,gentd26_aligned_regional_hourly_cef.csv,capacity_scenarios.csv,energy_calibration_bounds.csv,trace_timestamp_anonymized,single_row_default,0.3,20.0,carbon,211.9472222222222,211.94722220222218,2e-08,0.9999999999056368,0.30000000002830896,56.92722900944693,70.30512782658639,19.239144235350324,65.46631336086396,0.0,0.0,0.0,,,1e-08,True,True,0,0,4.440892098500626e-16,0.0,0.0,0.0,1e-08,0.9475833333333334,0,0.0,554,3,0.0,0.0,148.36305553555553,0.0,0.0,63.5841666666667
scenario_coarse,0.5,0.0,0.0,,0.0,0.0,0.0,-28.195711465637963,-1.0000007932831068e-08,26.793865140998378,1e-08,19.239144235350324,screened_water_cap_0.50,optimistic_site_selection,hub_policy_compliant,central,uniform_google_ai_2024,portfolio_mean,central,gentd26_hourly_service_demand.csv,gentd26_aligned_regional_hourly_cef.csv,capacity_scenarios.csv,energy_calibration_bounds.csv,trace_timestamp_anonymized,single_row_default,0.3,20.0,carbon,211.9472222222222,211.94722220222218,2e-08,0.9999999999056368,0.30000000002830896,56.92722900944693,70.30512782658639,19.239144235350324,65.46631336086396,0.0,0.0,0.0,,,1e-08,True,True,0,0,4.440892098500626e-16,0.0,0.0,0.0,1e-08,0.9475833333333334,0,0.0,554,3,0.0,0.0,148.36305553555553,0.0,0.0,63.5841666666667
scenario_coarse,0.75,0.0,0.0,,0.0,0.0,0.0,-28.195711465637963,-1.0000007932831068e-08,26.793865140998378,1e-08,19.239144235350324,screened_water_cap_0.75,optimistic_site_selection,hub_policy_compliant,central,uniform_google_ai_2024,portfolio_mean,central,gentd26_hourly_service_demand.csv,gentd26_aligned_regional_hourly_cef.csv,capacity_scenarios.csv,energy_calibration_bounds.csv,trace_timestamp_anonymized,single_row_default,0.3,20.0,carbon,211.9472222222222,211.94722220222218,2e-08,0.9999999999056368,0.30000000002830896,56.92722900944693,70.30512782658639,19.239144235350324,65.46631336086396,0.0,0.0,0.0,,,1e-08,True,True,0,0,4.440892098500626e-16,0.0,0.0,0.0,1e-08,0.9475833333333334,0,0.0,554,3,0.0,0.0,148.36305553555553,0.0,0.0,63.5841666666667
scenario_coarse,1.0,0.0,0.0,,0.0,0.0,0.0,-28.195711465637963,-1.0000007932831068e-08,26.793865140998378,1e-08,19.239144235350324,screened_water_cap_1.00,optimistic_site_selection,hub_policy_compliant,central,uniform_google_ai_2024,portfolio_mean,central,gentd26_hourly_service_demand.csv,gentd26_aligned_regional_hourly_cef.csv,capacity_scenarios.csv,energy_calibration_bounds.csv,trace_timestamp_anonymized,single_row_default,0.3,20.0,carbon,211.9472222222222,211.94722220222218,2e-08,0.9999999999056368,0.30000000002830896,56.92722900944693,70.30512782658639,19.239144235350324,65.46631336086396,0.0,0.0,0.0,,,1e-08,True,True,0,0,4.440892098500626e-16,0.0,0.0,0.0,1e-08,0.9475833333333334,0,0.0,554,3,0.0,0.0,148.36305553555553,0.0,0.0,63.5841666666667
scenario_coarse,0.0,0.0,0.0,,0.0,0.0,0.0,-28.195711465637963,-1.0000007932831068e-08,26.793865140998378,1e-08,19.239144235350324,screened_water_cap_0.00,optimistic_site_selection,hub_policy_compliant,central,uniform_google_ai_2024,portfolio_mean,central,gentd26_hourly_service_demand.csv,gentd26_aligned_regional_hourly_cef.csv,capacity_scenarios.csv,energy_calibration_bounds.csv,trace_timestamp_anonymized,single_row_default,0.3,35.0,carbon,211.9472222222222,211.94722220222218,2e-08,0.9999999999056368,0.30000000002830896,56.92722900944693,70.30512782658639,19.239144235350324,65.46631336086396,0.0,0.0,0.0,,,1e-08,True,True,0,0,4.440892098500626e-16,0.0,0.0,0.0,1e-08,0.9475833333333334,0,0.0,554,3,0.0,0.0,148.36305553555553,0.0,0.0,63.5841666666667
scenario_coarse,0.25,0.0,0.0,,0.0,0.0,0.0,-28.195711465637963,-1.0000007932831068e-08,26.793865140998378,1e-08,19.239144235350324,screened_water_cap_0.25,optimistic_site_selection,hub_policy_compliant,central,uniform_google_ai_2024,portfolio_mean,central,gentd26_hourly_service_demand.csv,gentd26_aligned_regional_hourly_cef.csv,capacity_scenarios.csv,energy_calibration_bounds.csv,trace_timestamp_anonymized,single_row_default,0.3,35.0,carbon,211.9472222222222,211.94722220222218,2e-08,0.9999999999056368,0.30000000002830896,56.92722900944693,70.30512782658639,19.239144235350324,65.46631336086396,0.0,0.0,0.0,,,1e-08,True,True,0,0,4.440892098500626e-16,0.0,0.0,0.0,1e-08,0.9475833333333334,0,0.0,554,3,0.0,0.0,148.36305553555553,0.0,0.0,63.5841666666667
scenario_coarse,0.5,0.0,0.0,,0.0,0.0,0.0,-28.195711465637963,-1.0000007932831068e-08,26.793865140998378,1e-08,19.239144235350324,screened_water_cap_0.50,optimistic_site_selection,hub_policy_compliant,central,uniform_google_ai_2024,portfolio_mean,central,gentd26_hourly_service_demand.csv,gentd26_aligned_regional_hourly_cef.csv,capacity_scenarios.csv,energy_calibration_bounds.csv,trace_timestamp_anonymized,single_row_default,0.3,35.0,carbon,211.9472222222222,211.94722220222218,2e-08,0.9999999999056368,0.30000000002830896,56.92722900944693,70.30512782658639,19.239144235350324,65.46631336086396,0.0,0.0,0.0,,,1e-08,True,True,0,0,4.440892098500626e-16,0.0,0.0,0.0,1e-08,0.9475833333333334,0,0.0,554,3,0.0,0.0,148.36305553555553,0.0,0.0,63.5841666666667
scenario_coarse,0.75,0.0,0.0,,0.0,0.0,0.0,-28.195711465637963,-1.0000007932831068e-08,26.793865140998378,1e-08,19.239144235350324,screened_water_cap_0.75,optimistic_site_selection,hub_policy_compliant,central,uniform_google_ai_2024,portfolio_mean,central,gentd26_hourly_service_demand.csv,gentd26_aligned_regional_hourly_cef.csv,capacity_scenarios.csv,energy_calibration_bounds.csv,trace_timestamp_anonymized,single_row_default,0.3,35.0,carbon,211.9472222222222,211.94722220222218,2e-08,0.9999999999056368,0.30000000002830896,56.92722900944693,70.30512782658639,19.239144235350324,65.46631336086396,0.0,0.0,0.0,,,1e-08,True,True,0,0,4.440892098500626e-16,0.0,0.0,0.0,1e-08,0.9475833333333334,0,0.0,554,3,0.0,0.0,148.36305553555553,0.0,0.0,63.5841666666667
scenario_coarse,1.0,0.0,0.0,,0.0,0.0,0.0,-28.195711465637963,-1.0000007932831068e-08,26.793865140998378,1e-08,19.239144235350324,screened_water_cap_1.00,optimistic_site_selection,hub_policy_compliant,central,uniform_google_ai_2024,portfolio_mean,central,gentd26_hourly_service_demand.csv,gentd26_aligned_regional_hourly_cef.csv,capacity_scenarios.csv,energy_calibration_bounds.csv,trace_timestamp_anonymized,single_row_default,0.3,35.0,carbon,211.9472222222222,211.94722220222218,2e-08,0.9999999999056368,0.30000000002830896,56.92722900944693,70.30512782658639,19.239144235350324,65.46631336086396,0.0,0.0,0.0,,,1e-08,True,True,0,0,4.440892098500626e-16,0.0,0.0,0.0,1e-08,0.9475833333333334,0,0.0,554,3,0.0,0.0,148.36305553555553,0.0,0.0,63.5841666666667
scenario_coarse,0.0,0.0,5.566279707588134,0.0,5.566279707588134,0.34623980315131675,1.3091527074763798,-6.362976812113175e-09,-1.0000007932831068e-08,26.793865140998378,1e-08,26.447625336142174,screened_water_cap_0.00,optimistic_site_selection,hub_policy_compliant,central,uniform_google_ai_2024,portfolio_mean,central,gentd26_hourly_service_demand.csv,gentd26_aligned_regional_hourly_cef.csv,capacity_scenarios.csv,energy_calibration_bounds.csv,trace_timestamp_anonymized,single_row_default,0.5,15.0,carbon,211.9472222222222,211.94722220222218,2e-08,0.9999999999056368,0.0,56.92722900944693,71.15903626180867,26.79386513929349,65.46631336086396,0.0,0.0,0.0,,,1e-08,True,True,0,0,0.0,0.0,0.0,0.0,1e-08,0.4919444444444445,0,0.0,184,1,0.0,0.0,211.94722220222224,0.0,0.0,0.0
scenario_coarse,0.25,1.3915699268970334,5.566279707588134,0.25,4.1747097806911,0.16188416300343533,0.6120933768001047,-0.6880516897529554,-1.0000007932831068e-08,26.793865140998378,1e-08,26.447625336142174,screened_water_cap_0.25,optimistic_site_selection,hub_policy_compliant,central,uniform_google_ai_2024,portfolio_mean,central,gentd26_hourly_service_demand.csv,gentd26_aligned_regional_hourly_cef.csv,capacity_scenarios.csv,energy_calibration_bounds.csv,trace_timestamp_anonymized,single_row_default,0.5,15.0,carbon,211.9472222222222,211.94722220222218,2e-08,0.9999999999056368,0.02125627449382112,56.92722900944693,71.0985332215088,26.60950949914561,65.46631336086396,1.3915699268970334,0.021256274493821118,0.0,,,1e-08,True,True,0,1,0.0,0.0,0.0,0.0,1e-08,0.4919444444444445,0,0.0,190,1,0.0,0.0,207.4420138688889,4.505208333333333,0.0,0.0
scenario_coarse,0.5,2.783139853794067,5.566279707588134,0.5000000000000001,2.7831398537940664,0.06349279344318859,0.2400699217272262,-1.0552677261197796,-9.999979511121637e-09,26.793865140998378,1e-08,26.447625336142174,screened_water_cap_0.50,optimistic_site_selection,hub_policy_compliant,central,uniform_google_ai_2024,portfolio_mean,central,gentd26_hourly_service_demand.csv,gentd26_aligned_regional_hourly_cef.csv,capacity_scenarios.csv,energy_calibration_bounds.csv,trace_timestamp_anonymized,single_row_default,0.5,15.0,carbon,211.9472222222222,211.9472222022222,2e-08,0.9999999999056369,0.04251254898764224,56.92722900944693,71.03803018120894,26.511118129585363,65.46631336086396,2.7831398537940673,0.04251254898764224,0.0,,,1e-08,True,True,0,1,0.0,0.0,0.0,0.0,1e-08,0.4919444444444445,0,0.0,206,1,-4.440892098500626e-16,4.440892098500626e-16,202.93680553555555,9.010416666666668,0.0,0.0
scenario_coarse,0.75,4.1747097806911,5.566279707588134,0.7500000000000001,1.3915699268970325,0.011978059723066536,0.045289736113662826,-1.2475308932628382,-9.999979511121637e-09,26.793865140998378,1e-08,26.447625336142174,screened_water_cap_0.75,optimistic_site_selection,hub_policy_compliant,central,uniform_google_ai_2024,portfolio_mean,central,gentd26_hourly_service_demand.csv,gentd26_aligned_regional_hourly_cef.csv,capacity_scenarios.csv,energy_calibration_bounds.csv,trace_timestamp_anonymized,single_row_default,0.5,15.0,carbon,211.9472222222222,211.9472222022222,2e-08,0.9999999999056369,0.06376882348146336,56.92722900944693,70.97752714090906,26.45960339586524,65.46631336086396,4.174709780691101,0.06376882348146337,0.0,,,1e-08,True,True,0,1,0.0,0.0,0.0,0.0,1e-08,0.4919444444444445,0,0.0,226,1,-8.881784197001252e-16,8.881784197001252e-16,198.4315972022222,13.515624999999996,0.0,0.0
scenario_coarse,1.0,5.566279707588134,5.566279707588134,1.0,0.0,0.0,0.0,-1.2922353793831998,-9.999979511121637e-09,26.793865140998378,1e-08,26.447625336142174,screened_water_cap_1.00,optimistic_site_selection,hub_policy_compliant,central,uniform_google_ai_2024,portfolio_mean,central,gentd26_hourly_service_demand.csv,gentd26_aligned_regional_hourly_cef.csv,capacity_scenarios.csv,energy_calibration_bounds.csv,trace_timestamp_anonymized,single_row_default,0.5,15.0,carbon,211.9472222222222,211.9472222022222,2e-08,0.9999999999056369,0.08502509797528447,56.92722900944693,70.91702410060918,26.447625336142174,65.46631336086396,5.566279707588134,0.08502509797528447,0.0,,,1e-08,True,True,0,0,0.0,0.0,0.0,0.0,1e-08,0.4919444444444445,0,0.0,240,1,0.0,0.0,193.9263888688889,18.020833333333332,0.0,0.0
scenario_coarse,0.0,0.0,0.0,,0.0,0.0,0.0,-46.99285243848797,-1.0000007932831068e-08,26.793865140998378,1e-08,14.202663632721542,screened_water_cap_0.00,optimistic_site_selection,hub_policy_compliant,central,uniform_google_ai_2024,portfolio_mean,central,gentd26_hourly_service_demand.csv,gentd26_aligned_regional_hourly_cef.csv,capacity_scenarios.csv,energy_calibration_bounds.csv,trace_timestamp_anonymized,single_row_default,0.5,20.0,carbon,211.9472222222222,211.94722220222218,2e-08,0.9999999999056368,0.5000000000471817,56.92722900944693,69.73585553643821,14.202663632721542,65.46631336086396,0.0,0.0,0.0,,,1e-08,True,True,0,0,0.0,0.0,0.0,0.0,1e-08,0.24597222222222226,0,0.0,554,3,0.0,0.0,105.97361109111111,0.0,0.0,105.97361111111111
scenario_coarse,0.25,0.0,0.0,,0.0,0.0,0.0,-46.99285243848797,-1.0000007932831068e-08,26.793865140998378,1e-08,14.202663632721542,screened_water_cap_0.25,optimistic_site_selection,hub_policy_compliant,central,uniform_google_ai_2024,portfolio_mean,central,gentd26_hourly_service_demand.csv,gentd26_aligned_regional_hourly_cef.csv,capacity_scenarios.csv,energy_calibration_bounds.csv,trace_timestamp_anonymized,single_row_default,0.5,20.0,carbon,211.9472222222222,211.94722220222218,2e-08,0.9999999999056368,0.5000000000471817,56.92722900944693,69.73585553643821,14.202663632721542,65.46631336086396,0.0,0.0,0.0,,,1e-08,True,True,0,0,0.0,0.0,0.0,0.0,1e-08,0.24597222222222226,0,0.0,554,3,0.0,0.0,105.97361109111111,0.0,0.0,105.97361111111111
scenario_coarse,0.5,0.0,0.0,,0.0,0.0,0.0,-46.99285243848797,-1.0000007932831068e-08,26.793865140998378,1e-08,14.202663632721542,screened_water_cap_0.50,optimistic_site_selection,hub_policy_compliant,central,uniform_google_ai_2024,portfolio_mean,central,gentd26_hourly_service_demand.csv,gentd26_aligned_regional_hourly_cef.csv,capacity_scenarios.csv,energy_calibration_bounds.csv,trace_timestamp_anonymized,single_row_default,0.5,20.0,carbon,211.9472222222222,211.94722220222218,2e-08,0.9999999999056368,0.5000000000471817,56.92722900944693,69.73585553643821,14.202663632721542,65.46631336086396,0.0,0.0,0.0,,,1e-08,True,True,0,0,0.0,0.0,0.0,0.0,1e-08,0.24597222222222226,0,0.0,554,3,0.0,0.0,105.97361109111111,0.0,0.0,105.97361111111111
scenario_coarse,0.75,0.0,0.0,,0.0,0.0,0.0,-46.99285243848797,-1.0000007932831068e-08,26.793865140998378,1e-08,14.202663632721542,screened_water_cap_0.75,optimistic_site_selection,hub_policy_compliant,central,uniform_google_ai_2024,portfolio_mean,central,gentd26_hourly_service_demand.csv,gentd26_aligned_regional_hourly_cef.csv,capacity_scenarios.csv,energy_calibration_bounds.csv,trace_timestamp_anonymized,single_row_default,0.5,20.0,carbon,211.9472222222222,211.94722220222218,2e-08,0.9999999999056368,0.5000000000471817,56.92722900944693,69.73585553643821,14.202663632721542,65.46631336086396,0.0,0.0,0.0,,,1e-08,True,True,0,0,0.0,0.0,0.0,0.0,1e-08,0.24597222222222226,0,0.0,554,3,0.0,0.0,105.97361109111111,0.0,0.0,105.97361111111111
scenario_coarse,1.0,0.0,0.0,,0.0,0.0,0.0,-46.99285243848797,-1.0000007932831068e-08,26.793865140998378,1e-08,14.202663632721542,screened_water_cap_1.00,optimistic_site_selection,hub_policy_compliant,central,uniform_google_ai_2024,portfolio_mean,central,gentd26_hourly_service_demand.csv,gentd26_aligned_regional_hourly_cef.csv,capacity_scenarios.csv,energy_calibration_bounds.csv,trace_timestamp_anonymized,single_row_default,0.5,20.0,carbon,211.9472222222222,211.94722220222218,2e-08,0.9999999999056368,0.5000000000471817,56.92722900944693,69.73585553643821,14.202663632721542,65.46631336086396,0.0,0.0,0.0,,,1e-08,True,True,0,0,0.0,0.0,0.0,0.0,1e-08,0.24597222222222226,0,0.0,554,3,0.0,0.0,105.97361109111111,0.0,0.0,105.97361111111111
scenario_coarse,0.0,0.0,0.0,,0.0,0.0,0.0,-46.99285243848797,-1.0000007932831068e-08,26.793865140998378,1e-08,14.202663632721542,screened_water_cap_0.00,optimistic_site_selection,hub_policy_compliant,central,uniform_google_ai_2024,portfolio_mean,central,gentd26_hourly_service_demand.csv,gentd26_aligned_regional_hourly_cef.csv,capacity_scenarios.csv,energy_calibration_bounds.csv,trace_timestamp_anonymized,single_row_default,0.5,35.0,carbon,211.9472222222222,211.94722220222218,2e-08,0.9999999999056368,0.5000000000471817,56.92722900944693,69.73585553643821,14.202663632721542,65.46631336086396,0.0,0.0,0.0,,,1e-08,True,True,0,0,0.0,0.0,0.0,0.0,1e-08,0.24597222222222226,0,0.0,554,3,0.0,0.0,105.97361109111111,0.0,0.0,105.97361111111111
scenario_coarse,0.25,0.0,0.0,,0.0,0.0,0.0,-46.99285243848797,-1.0000007932831068e-08,26.793865140998378,1e-08,14.202663632721542,screened_water_cap_0.25,optimistic_site_selection,hub_policy_compliant,central,uniform_google_ai_2024,portfolio_mean,central,gentd26_hourly_service_demand.csv,gentd26_aligned_regional_hourly_cef.csv,capacity_scenarios.csv,energy_calibration_bounds.csv,trace_timestamp_anonymized,single_row_default,0.5,35.0,carbon,211.9472222222222,211.94722220222218,2e-08,0.9999999999056368,0.5000000000471817,56.92722900944693,69.73585553643821,14.202663632721542,65.46631336086396,0.0,0.0,0.0,,,1e-08,True,True,0,0,0.0,0.0,0.0,0.0,1e-08,0.24597222222222226,0,0.0,554,3,0.0,0.0,105.97361109111111,0.0,0.0,105.97361111111111
scenario_coarse,0.5,0.0,0.0,,0.0,0.0,0.0,-46.99285243848797,-1.0000007932831068e-08,26.793865140998378,1e-08,14.202663632721542,screened_water_cap_0.50,optimistic_site_selection,hub_policy_compliant,central,uniform_google_ai_2024,portfolio_mean,central,gentd26_hourly_service_demand.csv,gentd26_aligned_regional_hourly_cef.csv,capacity_scenarios.csv,energy_calibration_bounds.csv,trace_timestamp_anonymized,single_row_default,0.5,35.0,carbon,211.9472222222222,211.94722220222218,2e-08,0.9999999999056368,0.5000000000471817,56.92722900944693,69.73585553643821,14.202663632721542,65.46631336086396,0.0,0.0,0.0,,,1e-08,True,True,0,0,0.0,0.0,0.0,0.0,1e-08,0.24597222222222226,0,0.0,554,3,0.0,0.0,105.97361109111111,0.0,0.0,105.97361111111111
scenario_coarse,0.75,0.0,0.0,,0.0,0.0,0.0,-46.99285243848797,-1.0000007932831068e-08,26.793865140998378,1e-08,14.202663632721542,screened_water_cap_0.75,optimistic_site_selection,hub_policy_compliant,central,uniform_google_ai_2024,portfolio_mean,central,gentd26_hourly_service_demand.csv,gentd26_aligned_regional_hourly_cef.csv,capacity_scenarios.csv,energy_calibration_bounds.csv,trace_timestamp_anonymized,single_row_default,0.5,35.0,carbon,211.9472222222222,211.94722220222218,2e-08,0.9999999999056368,0.5000000000471817,56.92722900944693,69.73585553643821,14.202663632721542,65.46631336086396,0.0,0.0,0.0,,,1e-08,True,True,0,0,0.0,0.0,0.0,0.0,1e-08,0.24597222222222226,0,0.0,554,3,0.0,0.0,105.97361109111111,0.0,0.0,105.97361111111111
scenario_coarse,1.0,0.0,0.0,,0.0,0.0,0.0,-46.99285243848797,-1.0000007932831068e-08,26.793865140998378,1e-08,14.202663632721542,screened_water_cap_1.00,optimistic_site_selection,hub_policy_compliant,central,uniform_google_ai_2024,portfolio_mean,central,gentd26_hourly_service_demand.csv,gentd26_aligned_regional_hourly_cef.csv,capacity_scenarios.csv,energy_calibration_bounds.csv,trace_timestamp_anonymized,single_row_default,0.5,35.0,carbon,211.9472222222222,211.94722220222218,2e-08,0.9999999999056368,0.5000000000471817,56.92722900944693,69.73585553643821,14.202663632721542,65.46631336086396,0.0,0.0,0.0,,,1e-08,True,True,0,0,0.0,0.0,0.0,0.0,1e-08,0.24597222222222226,0,0.0,554,3,0.0,0.0,105.97361109111111,0.0,0.0,105.97361111111111
scenario_coarse,0.0,0.0,1.66988391227644,0.0,1.66988391227644,0.10387194094539609,0.38917934588242886,-6.362976812113175e-09,-1.0000007932831068e-08,26.793865140998378,1e-08,26.689993198348095,screened_water_cap_0.00,optimistic_site_selection,hub_policy_compliant,ample,uniform_google_ai_2024,portfolio_mean,central,gentd26_hourly_service_demand.csv,gentd26_aligned_regional_hourly_cef.csv,capacity_scenarios.csv,energy_calibration_bounds.csv,trace_timestamp_anonymized,single_row_default,0.15,15.0,carbon,211.9472222222222,211.94722220222218,2e-08,0.9999999999056368,0.0,56.92722900944693,71.15903626180867,26.79386513929349,65.46631336086396,0.0,0.0,0.0,,,1e-08,True,True,0,0,0.0,0.0,0.0,0.0,1e-08,1.4919444444444445,0,0.0,184,1,0.0,0.0,211.94722220222224,0.0,0.0,0.0
scenario_coarse,0.25,0.41747097806911,1.66988391227644,0.25000000000000006,1.2524129342073298,0.04856524890103131,0.18196051434002936,-0.20641551137997594,-1.0000007932831068e-08,26.793865140998378,1e-08,26.689993198348095,screened_water_cap_0.25,optimistic_site_selection,hub_policy_compliant,ample,uniform_google_ai_2024,portfolio_mean,central,gentd26_hourly_service_demand.csv,gentd26_aligned_regional_hourly_cef.csv,capacity_scenarios.csv,energy_calibration_bounds.csv,trace_timestamp_anonymized,single_row_default,0.15,15.0,carbon,211.9472222222222,211.94722220222218,2e-08,0.9999999999056368,0.006376882348146336,56.92722900944693,71.14088534971872,26.738558447249126,65.46631336086396,0.41747097806911004,0.006376882348146336,0.0,,,1e-08,True,True,0,1,2.220446049250313e-16,0.0,0.0,0.0,1e-08,1.4919444444444445,0,0.0,190,1,-5.551115123125783e-17,5.551115123125783e-17,210.59565970222224,1.3515624999999998,0.0,0.0
scenario_coarse,0.5,0.83494195613822,1.66988391227644,0.5000000000000001,0.8349419561382199,0.019047838032957287,0.07136696473244442,-0.31658032229001654,-1.0000007932831068e-08,26.793865140998378,1e-08,26.689993198348095,screened_water_cap_0.50,optimistic_site_selection,hub_policy_compliant,ample,uniform_google_ai_2024,portfolio_mean,central,gentd26_hourly_service_demand.csv,gentd26_aligned_regional_hourly_cef.csv,capacity_scenarios.csv,energy_calibration_bounds.csv,trace_timestamp_anonymized,single_row_default,0.15,15.0,carbon,211.9472222222222,211.94722220222218,2e-08,0.9999999999056368,0.012753764696292674,56.92722900944693,71.12273443762875,26.709041036381052,65.46631336086396,0.8349419561382201,0.012753764696292672,0.0,,,1e-08,True,True,0,1,2.220446049250313e-16,0.0,0.0,0.0,1e-08,1.4919444444444445,0,0.0,206,1,-1.1102230246251565e-16,1.1102230246251565e-16,209.2440972022222,2.7031250000000004,0.0,0.0
scenario_coarse,0.75,1.25241293420733,1.66988391227644,0.7499999999999999,0.41747097806911015,0.0035934179169210267,0.01346354002496053,-0.3742592724329308,-1.0000007932831068e-08,26.793865140998378,1e-08,26.689993198348095,screened_water_cap_0.75,optimistic_site_selection,hub_policy_compliant,ample,uniform_google_ai_2024,portfolio_mean,central,gentd26_hourly_service_demand.csv,gentd26_aligned_regional_hourly_cef.csv,capacity_scenarios.csv,energy_calibration_bounds.csv,trace_timestamp_anonymized,single_row_default,0.15,15.0,carbon,211.9472222222222,211.94722220222218,2e-08,0.9999999999056368,0.019130647044439,56.92722900944693,71.1045835255388,26.693586616265016,65.46631336086396,1.2524129342073298,0.019130647044439,0.0,,,1e-08,True,True,0,1,2.220446049250313e-16,0.0,0.0,0.0,1e-08,1.4919444444444445,0,0.0,226,1,2.220446049250313e-16,0.0,207.89253470222218,4.054687499999998,0.0,0.0
scenario_coarse,1.0,1.66988391227644,1.66988391227644,1.0,0.0,0.0,0.0,-0.3876706182690426,-1.0000007932831068e-08,26.793865140998378,1e-08,26.689993198348095,screened_water_cap_1.00,optimistic_site_selection,hub_policy_compliant,ample,uniform_google_ai_2024,portfolio_mean,central,gentd26_hourly_service_demand.csv,gentd26_aligned_regional_hourly_cef.csv,capacity_scenarios.csv,energy_calibration_bounds.csv,trace_timestamp_anonymized,single_row_default,0.15,15.0,carbon,211.9472222222222,211.94722220222218,2e-08,0.9999999999056368,0.025507529392585347,56.92722900944693,71.08643261344884,26.689993198348095,65.46631336086396,1.66988391227644,0.02550752939258534,0.0,,,1e-08,True,True,0,0,2.220446049250313e-16,0.0,0.0,0.0,1e-08,1.4919444444444445,0,0.0,240,1,0.0,0.0,206.5409722022222,5.406249999999998,0.0,0.0
scenario_coarse,0.0,0.0,0.0,,0.0,0.0,0.0,-14.097855736000476,-9.999979511121637e-09,26.793865140998378,1e-08,23.016504687321905,screened_water_cap_0.00,optimistic_site_selection,hub_policy_compliant,ample,uniform_google_ai_2024,portfolio_mean,central,gentd26_hourly_service_demand.csv,gentd26_aligned_regional_hourly_cef.csv,capacity_scenarios.csv,energy_calibration_bounds.csv,trace_timestamp_anonymized,single_row_default,0.15,20.0,carbon,211.9472222222222,211.9472222022222,2e-08,0.9999999999056369,0.15000000001415448,56.92722900944694,70.73208204419753,23.016504687321905,65.46631336086396,0.0,0.0,0.0,,,1e-08,True,True,0,0,4.440892098500626e-16,0.0,0.0,0.0,1e-08,2.018152777777778,0,0.0,554,3,0.0,0.0,180.1551388688889,0.0,0.0,31.79208333333335
scenario_coarse,0.25,0.0,0.0,,0.0,0.0,0.0,-14.097855736000476,-9.999979511121637e-09,26.793865140998378,1e-08,23.016504687321905,screened_water_cap_0.25,optimistic_site_selection,hub_policy_compliant,ample,uniform_google_ai_2024,portfolio_mean,central,gentd26_hourly_service_demand.csv,gentd26_aligned_regional_hourly_cef.csv,capacity_scenarios.csv,energy_calibration_bounds.csv,trace_timestamp_anonymized,single_row_default,0.15,20.0,carbon,211.9472222222222,211.9472222022222,2e-08,0.9999999999056369,0.15000000001415448,56.92722900944694,70.73208204419753,23.016504687321905,65.46631336086396,0.0,0.0,0.0,,,1e-08,True,True,0,0,4.440892098500626e-16,0.0,0.0,0.0,1e-08,2.018152777777778,0,0.0,554,3,0.0,0.0,180.1551388688889,0.0,0.0,31.79208333333335
scenario_coarse,0.5,0.0,0.0,,0.0,0.0,0.0,-14.097855736000476,-9.999979511121637e-09,26.793865140998378,1e-08,23.016504687321905,screened_water_cap_0.50,optimistic_site_selection,hub_policy_compliant,ample,uniform_google_ai_2024,portfolio_mean,central,gentd26_hourly_service_demand.csv,gentd26_aligned_regional_hourly_cef.csv,capacity_scenarios.csv,energy_calibration_bounds.csv,trace_timestamp_anonymized,single_row_default,0.15,20.0,carbon,211.9472222222222,211.9472222022222,2e-08,0.9999999999056369,0.15000000001415448,56.92722900944694,70.73208204419753,23.016504687321905,65.46631336086396,0.0,0.0,0.0,,,1e-08,True,True,0,0,4.440892098500626e-16,0.0,0.0,0.0,1e-08,2.018152777777778,0,0.0,554,3,0.0,0.0,180.1551388688889,0.0,0.0,31.79208333333335
scenario_coarse,0.75,0.0,0.0,,0.0,0.0,0.0,-14.097855736000476,-9.999979511121637e-09,26.793865140998378,1e-08,23.016504687321905,screened_water_cap_0.75,optimistic_site_selection,hub_policy_compliant,ample,uniform_google_ai_2024,portfolio_mean,central,gentd26_hourly_service_demand.csv,gentd26_aligned_regional_hourly_cef.csv,capacity_scenarios.csv,energy_calibration_bounds.csv,trace_timestamp_anonymized,single_row_default,0.15,20.0,carbon,211.9472222222222,211.9472222022222,2e-08,0.9999999999056369,0.15000000001415448,56.92722900944694,70.73208204419753,23.016504687321905,65.46631336086396,0.0,0.0,0.0,,,1e-08,True,True,0,0,4.440892098500626e-16,0.0,0.0,0.0,1e-08,2.018152777777778,0,0.0,554,3,0.0,0.0,180.1551388688889,0.0,0.0,31.79208333333335
scenario_coarse,1.0,0.0,0.0,,0.0,0.0,0.0,-14.097855736000476,-9.999979511121637e-09,26.793865140998378,1e-08,23.016504687321905,screened_water_cap_1.00,optimistic_site_selection,hub_policy_compliant,ample,uniform_google_ai_2024,portfolio_mean,central,gentd26_hourly_service_demand.csv,gentd26_aligned_regional_hourly_cef.csv,capacity_scenarios.csv,energy_calibration_bounds.csv,trace_timestamp_anonymized,single_row_default,0.15,20.0,carbon,211.9472222222222,211.9472222022222,2e-08,0.9999999999056369,0.15000000001415448,56.92722900944694,70.73208204419753,23.016504687321905,65.46631336086396,0.0,0.0,0.0,,,1e-08,True,True,0,0,4.440892098500626e-16,0.0,0.0,0.0,1e-08,2.018152777777778,0,0.0,554,3,0.0,0.0,180.1551388688889,0.0,0.0,31.79208333333335
scenario_coarse,0.0,0.0,0.0,,0.0,0.0,0.0,-14.097855736000476,-9.999979511121637e-09,26.793865140998378,1e-08,23.016504687321905,screened_water_cap_0.00,optimistic_site_selection,hub_policy_compliant,ample,uniform_google_ai_2024,portfolio_mean,central,gentd26_hourly_service_demand.csv,gentd26_aligned_regional_hourly_cef.csv,capacity_scenarios.csv,energy_calibration_bounds.csv,trace_timestamp_anonymized,single_row_default,0.15,35.0,carbon,211.9472222222222,211.9472222022222,2e-08,0.9999999999056369,0.15000000001415448,56.92722900944694,70.73208204419753,23.016504687321905,65.46631336086396,0.0,0.0,0.0,,,1e-08,True,True,0,0,4.440892098500626e-16,0.0,0.0,0.0,1e-08,2.018152777777778,0,0.0,554,3,0.0,0.0,180.1551388688889,0.0,0.0,31.79208333333335
scenario_coarse,0.25,0.0,0.0,,0.0,0.0,0.0,-14.097855736000476,-9.999979511121637e-09,26.793865140998378,1e-08,23.016504687321905,screened_water_cap_0.25,optimistic_site_selection,hub_policy_compliant,ample,uniform_google_ai_2024,portfolio_mean,central,gentd26_hourly_service_demand.csv,gentd26_aligned_regional_hourly_cef.csv,capacity_scenarios.csv,energy_calibration_bounds.csv,trace_timestamp_anonymized,single_row_default,0.15,35.0,carbon,211.9472222222222,211.9472222022222,2e-08,0.9999999999056369,0.15000000001415448,56.92722900944694,70.73208204419753,23.016504687321905,65.46631336086396,0.0,0.0,0.0,,,1e-08,True,True,0,0,4.440892098500626e-16,0.0,0.0,0.0,1e-08,2.018152777777778,0,0.0,554,3,0.0,0.0,180.1551388688889,0.0,0.0,31.79208333333335
scenario_coarse,0.5,0.0,0.0,,0.0,0.0,0.0,-14.097855736000476,-9.999979511121637e-09,26.793865140998378,1e-08,23.016504687321905,screened_water_cap_0.50,optimistic_site_selection,hub_policy_compliant,ample,uniform_google_ai_2024,portfolio_mean,central,gentd26_hourly_service_demand.csv,gentd26_aligned_regional_hourly_cef.csv,capacity_scenarios.csv,energy_calibration_bounds.csv,trace_timestamp_anonymized,single_row_default,0.15,35.0,carbon,211.9472222222222,211.9472222022222,2e-08,0.9999999999056369,0.15000000001415448,56.92722900944694,70.73208204419753,23.016504687321905,65.46631336086396,0.0,0.0,0.0,,,1e-08,True,True,0,0,4.440892098500626e-16,0.0,0.0,0.0,1e-08,2.018152777777778,0,0.0,554,3,0.0,0.0,180.1551388688889,0.0,0.0,31.79208333333335
scenario_coarse,0.75,0.0,0.0,,0.0,0.0,0.0,-14.097855736000476,-9.999979511121637e-09,26.793865140998378,1e-08,23.016504687321905,screened_water_cap_0.75,optimistic_site_selection,hub_policy_compliant,ample,uniform_google_ai_2024,portfolio_mean,central,gentd26_hourly_service_demand.csv,gentd26_aligned_regional_hourly_cef.csv,capacity_scenarios.csv,energy_calibration_bounds.csv,trace_timestamp_anonymized,single_row_default,0.15,35.0,carbon,211.9472222222222,211.9472222022222,2e-08,0.9999999999056369,0.15000000001415448,56.92722900944694,70.73208204419753,23.016504687321905,65.46631336086396,0.0,0.0,0.0,,,1e-08,True,True,0,0,4.440892098500626e-16,0.0,0.0,0.0,1e-08,2.018152777777778,0,0.0,554,3,0.0,0.0,180.1551388688889,0.0,0.0,31.79208333333335
scenario_coarse,1.0,0.0,0.0,,0.0,0.0,0.0,-14.097855736000476,-9.999979511121637e-09,26.793865140998378,1e-08,23.016504687321905,screened_water_cap_1.00,optimistic_site_selection,hub_policy_compliant,ample,uniform_google_ai_2024,portfolio_mean,central,gentd26_hourly_service_demand.csv,gentd26_aligned_regional_hourly_cef.csv,capacity_scenarios.csv,energy_calibration_bounds.csv,trace_timestamp_anonymized,single_row_default,0.15,35.0,carbon,211.9472222222222,211.9472222022222,2e-08,0.9999999999056369,0.15000000001415448,56.92722900944694,70.73208204419753,23.016504687321905,65.46631336086396,0.0,0.0,0.0,,,1e-08,True,True,0,0,4.440892098500626e-16,0.0,0.0,0.0,1e-08,2.018152777777778,0,0.0,554,3,0.0,0.0,180.1551388688889,0.0,0.0,31.79208333333335
scenario_coarse,0.0,0.0,3.33976782455288,0.0,3.33976782455288,0.20774388189079573,0.7813997381545423,-6.362976812113175e-09,-1.0000007932831068e-08,26.793865140998378,1e-08,26.586121257402695,screened_water_cap_0.00,optimistic_site_selection,hub_policy_compliant,ample,uniform_google_ai_2024,portfolio_mean,central,gentd26_hourly_service_demand.csv,gentd26_aligned_regional_hourly_cef.csv,capacity_scenarios.csv,energy_calibration_bounds.csv,trace_timestamp_anonymized,single_row_default,0.3,15.0,carbon,211.9472222222222,211.94722220222218,2e-08,0.9999999999056368,0.0,56.92722900944693,71.15903626180867,26.79386513929349,65.46631336086396,0.0,0.0,0.0,,,1e-08,True,True,0,0,0.0,0.0,0.0,0.0,1e-08,1.4919444444444445,0,0.0,184,1,0.0,0.0,211.94722220222224,0.0,0.0,0.0
scenario_coarse,0.25,0.83494195613822,3.33976782455288,0.25000000000000006,2.5048258684146596,0.09713049780206973,0.3653428676626769,-0.41283101639695285,-1.0000007932831068e-08,26.793865140998378,1e-08,26.586121257402695,screened_water_cap_0.25,optimistic_site_selection,hub_policy_compliant,ample,uniform_google_ai_2024,portfolio_mean,central,gentd26_hourly_service_demand.csv,gentd26_aligned_regional_hourly_cef.csv,capacity_scenarios.csv,energy_calibration_bounds.csv,trace_timestamp_anonymized,single_row_default,0.3,15.0,carbon,211.9472222222222,211.94722220222218,2e-08,0.9999999999056368,0.012753764696292672,56.92722900944693,71.12273443762875,26.683251755204765,65.46631336086396,0.8349419561382201,0.012753764696292672,0.0,,,1e-08,True,True,0,1,1.1102230246251565e-16,0.0,0.0,0.0,1e-08,1.4919444444444445,0,0.0,190,1,-1.1102230246251565e-16,1.1102230246251565e-16,209.2440972022222,2.7031249999999996,0.0,0.0
scenario_coarse,0.5,1.66988391227644,3.33976782455288,0.5000000000000001,1.6698839122764397,0.038095676065914574,0.1432915907404464,-0.6331606382170785,-1.0000007932831068e-08,26.793865140998378,1e-08,26.586121257402695,screened_water_cap_0.50,optimistic_site_selection,hub_policy_compliant,ample,uniform_google_ai_2024,portfolio_mean,central,gentd26_hourly_service_demand.csv,gentd26_aligned_regional_hourly_cef.csv,capacity_scenarios.csv,energy_calibration_bounds.csv,trace_timestamp_anonymized,single_row_default,0.3,15.0,carbon,211.9472222222222,211.94722220222218,2e-08,0.9999999999056368,0.025507529392585347,56.92722900944693,71.08643261344882,26.62421693346861,65.46631336086396,1.6698839122764402,0.025507529392585344,0.0,,,1e-08,True,True,0,1,1.1102230246251565e-16,0.0,0.0,0.0,1e-08,1.4919444444444445,0,0.0,206,1,-2.220446049250313e-16,2.220446049250313e-16,206.5409722022222,5.406250000000001,0.0,0.0
scenario_coarse,0.75,2.50482586841466,3.33976782455288,0.7499999999999999,0.8349419561382203,0.007186835833845606,0.027032284116446093,-0.7485185385028958,-9.999979511121637e-09,26.793865140998378,1e-08,26.586121257402695,screened_water_cap_0.75,optimistic_site_selection,hub_policy_compliant,ample,uniform_google_ai_2024,portfolio_mean,central,gentd26_hourly_service_demand.csv,gentd26_aligned_regional_hourly_cef.csv,capacity_scenarios.csv,energy_calibration_bounds.csv,trace_timestamp_anonymized,single_row_default,0.3,15.0,carbon,211.9472222222222,211.9472222022222,2e-08,0.9999999999056369,0.038261294088877996,56.92722900944694,71.0501307892689,26.59330809323654,65.46631336086396,2.5048258684146596,0.038261294088878,0.0,,,1e-08,True,True,0,1,2.220446049250313e-16,0.0,0.0,0.0,1e-08,1.4919444444444445,0,0.0,226,1,4.440892098500626e-16,0.0,203.8378472022222,8.109374999999996,0.0,0.0
scenario_coarse,1.0,3.33976782455288,3.33976782455288,1.0,0.0,0.0,0.0,-0.7753412301751306,-9.999979511121637e-09,26.793865140998378,1e-08,26.586121257402695,screened_water_cap_1.00,optimistic_site_selection,hub_policy_compliant,ample,uniform_google_ai_2024,portfolio_mean,central,gentd26_hourly_service_demand.csv,gentd26_aligned_regional_hourly_cef.csv,capacity_scenarios.csv,energy_calibration_bounds.csv,trace_timestamp_anonymized,single_row_default,0.3,15.0,carbon,211.9472222222222,211.9472222022222,2e-08,0.9999999999056369,0.05101505878517069,56.92722900944694,71.01382896508899,26.586121257402695,65.46631336086396,3.33976782455288,0.05101505878517068,0.0,,,1e-08,True,True,0,0,2.220446049250313e-16,0.0,0.0,0.0,1e-08,1.4919444444444445,0,0.0,240,1,0.0,0.0,201.1347222022222,10.812499999999996,0.0,0.0
scenario_coarse,0.0,0.0,0.0,,0.0,0.0,0.0,-28.195711465637963,-1.0000007932831068e-08,26.793865140998378,1e-08,19.239144235350324,screened_water_cap_0.00,optimistic_site_selection,hub_policy_compliant,ample,uniform_google_ai_2024,portfolio_mean,central,gentd26_hourly_service_demand.csv,gentd26_aligned_regional_hourly_cef.csv,capacity_scenarios.csv,energy_calibration_bounds.csv,trace_timestamp_anonymized,single_row_default,0.3,20.0,carbon,211.9472222222222,211.94722220222218,2e-08,0.9999999999056368,0.30000000002830896,56.92722900944693,70.30512782658639,19.239144235350324,65.46631336086396,0.0,0.0,0.0,,,1e-08,True,True,0,0,4.440892098500626e-16,0.0,0.0,0.0,1e-08,1.9475833333333334,0,0.0,554,3,0.0,0.0,148.36305553555553,0.0,0.0,63.5841666666667
scenario_coarse,0.25,0.0,0.0,,0.0,0.0,0.0,-28.195711465637963,-1.0000007932831068e-08,26.793865140998378,1e-08,19.239144235350324,screened_water_cap_0.25,optimistic_site_selection,hub_policy_compliant,ample,uniform_google_ai_2024,portfolio_mean,central,gentd26_hourly_service_demand.csv,gentd26_aligned_regional_hourly_cef.csv,capacity_scenarios.csv,energy_calibration_bounds.csv,trace_timestamp_anonymized,single_row_default,0.3,20.0,carbon,211.9472222222222,211.94722220222218,2e-08,0.9999999999056368,0.30000000002830896,56.92722900944693,70.30512782658639,19.239144235350324,65.46631336086396,0.0,0.0,0.0,,,1e-08,True,True,0,0,4.440892098500626e-16,0.0,0.0,0.0,1e-08,1.9475833333333334,0,0.0,554,3,0.0,0.0,148.36305553555553,0.0,0.0,63.5841666666667
scenario_coarse,0.5,0.0,0.0,,0.0,0.0,0.0,-28.195711465637963,-1.0000007932831068e-08,26.793865140998378,1e-08,19.239144235350324,screened_water_cap_0.50,optimistic_site_selection,hub_policy_compliant,ample,uniform_google_ai_2024,portfolio_mean,central,gentd26_hourly_service_demand.csv,gentd26_aligned_regional_hourly_cef.csv,capacity_scenarios.csv,energy_calibration_bounds.csv,trace_timestamp_anonymized,single_row_default,0.3,20.0,carbon,211.9472222222222,211.94722220222218,2e-08,0.9999999999056368,0.30000000002830896,56.92722900944693,70.30512782658639,19.239144235350324,65.46631336086396,0.0,0.0,0.0,,,1e-08,True,True,0,0,4.440892098500626e-16,0.0,0.0,0.0,1e-08,1.9475833333333334,0,0.0,554,3,0.0,0.0,148.36305553555553,0.0,0.0,63.5841666666667
scenario_coarse,0.75,0.0,0.0,,0.0,0.0,0.0,-28.195711465637963,-1.0000007932831068e-08,26.793865140998378,1e-08,19.239144235350324,screened_water_cap_0.75,optimistic_site_selection,hub_policy_compliant,ample,uniform_google_ai_2024,portfolio_mean,central,gentd26_hourly_service_demand.csv,gentd26_aligned_regional_hourly_cef.csv,capacity_scenarios.csv,energy_calibration_bounds.csv,trace_timestamp_anonymized,single_row_default,0.3,20.0,carbon,211.9472222222222,211.94722220222218,2e-08,0.9999999999056368,0.30000000002830896,56.92722900944693,70.30512782658639,19.239144235350324,65.46631336086396,0.0,0.0,0.0,,,1e-08,True,True,0,0,4.440892098500626e-16,0.0,0.0,0.0,1e-08,1.9475833333333334,0,0.0,554,3,0.0,0.0,148.36305553555553,0.0,0.0,63.5841666666667
scenario_coarse,1.0,0.0,0.0,,0.0,0.0,0.0,-28.195711465637963,-1.0000007932831068e-08,26.793865140998378,1e-08,19.239144235350324,screened_water_cap_1.00,optimistic_site_selection,hub_policy_compliant,ample,uniform_google_ai_2024,portfolio_mean,central,gentd26_hourly_service_demand.csv,gentd26_aligned_regional_hourly_cef.csv,capacity_scenarios.csv,energy_calibration_bounds.csv,trace_timestamp_anonymized,single_row_default,0.3,20.0,carbon,211.9472222222222,211.94722220222218,2e-08,0.9999999999056368,0.30000000002830896,56.92722900944693,70.30512782658639,19.239144235350324,65.46631336086396,0.0,0.0,0.0,,,1e-08,True,True,0,0,4.440892098500626e-16,0.0,0.0,0.0,1e-08,1.9475833333333334,0,0.0,554,3,0.0,0.0,148.36305553555553,0.0,0.0,63.5841666666667
scenario_coarse,0.0,0.0,0.0,,0.0,0.0,0.0,-28.195711465637963,-1.0000007932831068e-08,26.793865140998378,1e-08,19.239144235350324,screened_water_cap_0.00,optimistic_site_selection,hub_policy_compliant,ample,uniform_google_ai_2024,portfolio_mean,central,gentd26_hourly_service_demand.csv,gentd26_aligned_regional_hourly_cef.csv,capacity_scenarios.csv,energy_calibration_bounds.csv,trace_timestamp_anonymized,single_row_default,0.3,35.0,carbon,211.9472222222222,211.94722220222218,2e-08,0.9999999999056368,0.30000000002830896,56.92722900944693,70.30512782658639,19.239144235350324,65.46631336086396,0.0,0.0,0.0,,,1e-08,True,True,0,0,4.440892098500626e-16,0.0,0.0,0.0,1e-08,1.9475833333333334,0,0.0,554,3,0.0,0.0,148.36305553555553,0.0,0.0,63.5841666666667
scenario_coarse,0.25,0.0,0.0,,0.0,0.0,0.0,-28.195711465637963,-1.0000007932831068e-08,26.793865140998378,1e-08,19.239144235350324,screened_water_cap_0.25,optimistic_site_selection,hub_policy_compliant,ample,uniform_google_ai_2024,portfolio_mean,central,gentd26_hourly_service_demand.csv,gentd26_aligned_regional_hourly_cef.csv,capacity_scenarios.csv,energy_calibration_bounds.csv,trace_timestamp_anonymized,single_row_default,0.3,35.0,carbon,211.9472222222222,211.94722220222218,2e-08,0.9999999999056368,0.30000000002830896,56.92722900944693,70.30512782658639,19.239144235350324,65.46631336086396,0.0,0.0,0.0,,,1e-08,True,True,0,0,4.440892098500626e-16,0.0,0.0,0.0,1e-08,1.9475833333333334,0,0.0,554,3,0.0,0.0,148.36305553555553,0.0,0.0,63.5841666666667
scenario_coarse,0.5,0.0,0.0,,0.0,0.0,0.0,-28.195711465637963,-1.0000007932831068e-08,26.793865140998378,1e-08,19.239144235350324,screened_water_cap_0.50,optimistic_site_selection,hub_policy_compliant,ample,uniform_google_ai_2024,portfolio_mean,central,gentd26_hourly_service_demand.csv,gentd26_aligned_regional_hourly_cef.csv,capacity_scenarios.csv,energy_calibration_bounds.csv,trace_timestamp_anonymized,single_row_default,0.3,35.0,carbon,211.9472222222222,211.94722220222218,2e-08,0.9999999999056368,0.30000000002830896,56.92722900944693,70.30512782658639,19.239144235350324,65.46631336086396,0.0,0.0,0.0,,,1e-08,True,True,0,0,4.440892098500626e-16,0.0,0.0,0.0,1e-08,1.9475833333333334,0,0.0,554,3,0.0,0.0,148.36305553555553,0.0,0.0,63.5841666666667
scenario_coarse,0.75,0.0,0.0,,0.0,0.0,0.0,-28.195711465637963,-1.0000007932831068e-08,26.793865140998378,1e-08,19.239144235350324,screened_water_cap_0.75,optimistic_site_selection,hub_policy_compliant,ample,uniform_google_ai_2024,portfolio_mean,central,gentd26_hourly_service_demand.csv,gentd26_aligned_regional_hourly_cef.csv,capacity_scenarios.csv,energy_calibration_bounds.csv,trace_timestamp_anonymized,single_row_default,0.3,35.0,carbon,211.9472222222222,211.94722220222218,2e-08,0.9999999999056368,0.30000000002830896,56.92722900944693,70.30512782658639,19.239144235350324,65.46631336086396,0.0,0.0,0.0,,,1e-08,True,True,0,0,4.440892098500626e-16,0.0,0.0,0.0,1e-08,1.9475833333333334,0,0.0,554,3,0.0,0.0,148.36305553555553,0.0,0.0,63.5841666666667
scenario_coarse,1.0,0.0,0.0,,0.0,0.0,0.0,-28.195711465637963,-1.0000007932831068e-08,26.793865140998378,1e-08,19.239144235350324,screened_water_cap_1.00,optimistic_site_selection,hub_policy_compliant,ample,uniform_google_ai_2024,portfolio_mean,central,gentd26_hourly_service_demand.csv,gentd26_aligned_regional_hourly_cef.csv,capacity_scenarios.csv,energy_calibration_bounds.csv,trace_timestamp_anonymized,single_row_default,0.3,35.0,carbon,211.9472222222222,211.94722220222218,2e-08,0.9999999999056368,0.30000000002830896,56.92722900944693,70.30512782658639,19.239144235350324,65.46631336086396,0.0,0.0,0.0,,,1e-08,True,True,0,0,4.440892098500626e-16,0.0,0.0,0.0,1e-08,1.9475833333333334,0,0.0,554,3,0.0,0.0,148.36305553555553,0.0,0.0,63.5841666666667
scenario_coarse,0.0,0.0,5.566279707588134,0.0,5.566279707588134,0.34623980315131675,1.3091527074763798,-6.362976812113175e-09,-1.0000007932831068e-08,26.793865140998378,1e-08,26.447625336142174,screened_water_cap_0.00,optimistic_site_selection,hub_policy_compliant,ample,uniform_google_ai_2024,portfolio_mean,central,gentd26_hourly_service_demand.csv,gentd26_aligned_regional_hourly_cef.csv,capacity_scenarios.csv,energy_calibration_bounds.csv,trace_timestamp_anonymized,single_row_default,0.5,15.0,carbon,211.9472222222222,211.94722220222218,2e-08,0.9999999999056368,0.0,56.92722900944693,71.15903626180867,26.79386513929349,65.46631336086396,0.0,0.0,0.0,,,1e-08,True,True,0,0,0.0,0.0,0.0,0.0,1e-08,1.4919444444444445,0,0.0,184,1,0.0,0.0,211.94722220222224,0.0,0.0,0.0
scenario_coarse,0.25,1.3915699268970334,5.566279707588134,0.25,4.1747097806911,0.16188416300343533,0.6120933768001047,-0.6880516897529554,-1.0000007932831068e-08,26.793865140998378,1e-08,26.447625336142174,screened_water_cap_0.25,optimistic_site_selection,hub_policy_compliant,ample,uniform_google_ai_2024,portfolio_mean,central,gentd26_hourly_service_demand.csv,gentd26_aligned_regional_hourly_cef.csv,capacity_scenarios.csv,energy_calibration_bounds.csv,trace_timestamp_anonymized,single_row_default,0.5,15.0,carbon,211.9472222222222,211.94722220222218,2e-08,0.9999999999056368,0.02125627449382112,56.92722900944693,71.0985332215088,26.60950949914561,65.46631336086396,1.3915699268970334,0.021256274493821118,0.0,,,1e-08,True,True,0,1,0.0,0.0,0.0,0.0,1e-08,1.4919444444444445,0,0.0,190,1,0.0,0.0,207.4420138688889,4.505208333333333,0.0,0.0
scenario_coarse,0.5,2.783139853794067,5.566279707588134,0.5000000000000001,2.7831398537940664,0.06349279344318859,0.2400699217272262,-1.0552677261197796,-9.999979511121637e-09,26.793865140998378,1e-08,26.447625336142174,screened_water_cap_0.50,optimistic_site_selection,hub_policy_compliant,ample,uniform_google_ai_2024,portfolio_mean,central,gentd26_hourly_service_demand.csv,gentd26_aligned_regional_hourly_cef.csv,capacity_scenarios.csv,energy_calibration_bounds.csv,trace_timestamp_anonymized,single_row_default,0.5,15.0,carbon,211.9472222222222,211.9472222022222,2e-08,0.9999999999056369,0.04251254898764224,56.92722900944693,71.03803018120894,26.511118129585363,65.46631336086396,2.7831398537940673,0.04251254898764224,0.0,,,1e-08,True,True,0,1,0.0,0.0,0.0,0.0,1e-08,1.4919444444444445,0,0.0,206,1,-4.440892098500626e-16,4.440892098500626e-16,202.93680553555555,9.010416666666668,0.0,0.0
scenario_coarse,0.75,4.1747097806911,5.566279707588134,0.7500000000000001,1.3915699268970325,0.011978059723066536,0.045289736113662826,-1.2475308932628382,-9.999979511121637e-09,26.793865140998378,1e-08,26.447625336142174,screened_water_cap_0.75,optimistic_site_selection,hub_policy_compliant,ample,uniform_google_ai_2024,portfolio_mean,central,gentd26_hourly_service_demand.csv,gentd26_aligned_regional_hourly_cef.csv,capacity_scenarios.csv,energy_calibration_bounds.csv,trace_timestamp_anonymized,single_row_default,0.5,15.0,carbon,211.9472222222222,211.9472222022222,2e-08,0.9999999999056369,0.06376882348146336,56.92722900944693,70.97752714090906,26.45960339586524,65.46631336086396,4.174709780691101,0.06376882348146337,0.0,,,1e-08,True,True,0,1,0.0,0.0,0.0,0.0,1e-08,1.4919444444444445,0,0.0,226,1,-8.881784197001252e-16,8.881784197001252e-16,198.4315972022222,13.515624999999996,0.0,0.0
scenario_coarse,1.0,5.566279707588134,5.566279707588134,1.0,0.0,0.0,0.0,-1.2922353793831998,-9.999979511121637e-09,26.793865140998378,1e-08,26.447625336142174,screened_water_cap_1.00,optimistic_site_selection,hub_policy_compliant,ample,uniform_google_ai_2024,portfolio_mean,central,gentd26_hourly_service_demand.csv,gentd26_aligned_regional_hourly_cef.csv,capacity_scenarios.csv,energy_calibration_bounds.csv,trace_timestamp_anonymized,single_row_default,0.5,15.0,carbon,211.9472222222222,211.9472222022222,2e-08,0.9999999999056369,0.08502509797528447,56.92722900944693,70.91702410060918,26.447625336142174,65.46631336086396,5.566279707588134,0.08502509797528447,0.0,,,1e-08,True,True,0,0,0.0,0.0,0.0,0.0,1e-08,1.4919444444444445,0,0.0,240,1,0.0,0.0,193.9263888688889,18.020833333333332,0.0,0.0
scenario_coarse,0.0,0.0,0.0,,0.0,0.0,0.0,-46.99285243848797,-1.0000007932831068e-08,26.793865140998378,1e-08,14.202663632721542,screened_water_cap_0.00,optimistic_site_selection,hub_policy_compliant,ample,uniform_google_ai_2024,portfolio_mean,central,gentd26_hourly_service_demand.csv,gentd26_aligned_regional_hourly_cef.csv,capacity_scenarios.csv,energy_calibration_bounds.csv,trace_timestamp_anonymized,single_row_default,0.5,20.0,carbon,211.9472222222222,211.94722220222218,2e-08,0.9999999999056368,0.5000000000471817,56.92722900944693,69.73585553643821,14.202663632721542,65.46631336086396,0.0,0.0,0.0,,,1e-08,True,True,0,0,0.0,0.0,0.0,0.0,1e-08,1.2459722222222223,0,0.0,554,3,0.0,0.0,105.97361109111111,0.0,0.0,105.97361111111111
scenario_coarse,0.25,0.0,0.0,,0.0,0.0,0.0,-46.99285243848797,-1.0000007932831068e-08,26.793865140998378,1e-08,14.202663632721542,screened_water_cap_0.25,optimistic_site_selection,hub_policy_compliant,ample,uniform_google_ai_2024,portfolio_mean,central,gentd26_hourly_service_demand.csv,gentd26_aligned_regional_hourly_cef.csv,capacity_scenarios.csv,energy_calibration_bounds.csv,trace_timestamp_anonymized,single_row_default,0.5,20.0,carbon,211.9472222222222,211.94722220222218,2e-08,0.9999999999056368,0.5000000000471817,56.92722900944693,69.73585553643821,14.202663632721542,65.46631336086396,0.0,0.0,0.0,,,1e-08,True,True,0,0,0.0,0.0,0.0,0.0,1e-08,1.2459722222222223,0,0.0,554,3,0.0,0.0,105.97361109111111,0.0,0.0,105.97361111111111
scenario_coarse,0.5,0.0,0.0,,0.0,0.0,0.0,-46.99285243848797,-1.0000007932831068e-08,26.793865140998378,1e-08,14.202663632721542,screened_water_cap_0.50,optimistic_site_selection,hub_policy_compliant,ample,uniform_google_ai_2024,portfolio_mean,central,gentd26_hourly_service_demand.csv,gentd26_aligned_regional_hourly_cef.csv,capacity_scenarios.csv,energy_calibration_bounds.csv,trace_timestamp_anonymized,single_row_default,0.5,20.0,carbon,211.9472222222222,211.94722220222218,2e-08,0.9999999999056368,0.5000000000471817,56.92722900944693,69.73585553643821,14.202663632721542,65.46631336086396,0.0,0.0,0.0,,,1e-08,True,True,0,0,0.0,0.0,0.0,0.0,1e-08,1.2459722222222223,0,0.0,554,3,0.0,0.0,105.97361109111111,0.0,0.0,105.97361111111111
scenario_coarse,0.75,0.0,0.0,,0.0,0.0,0.0,-46.99285243848797,-1.0000007932831068e-08,26.793865140998378,1e-08,14.202663632721542,screened_water_cap_0.75,optimistic_site_selection,hub_policy_compliant,ample,uniform_google_ai_2024,portfolio_mean,central,gentd26_hourly_service_demand.csv,gentd26_aligned_regional_hourly_cef.csv,capacity_scenarios.csv,energy_calibration_bounds.csv,trace_timestamp_anonymized,single_row_default,0.5,20.0,carbon,211.9472222222222,211.94722220222218,2e-08,0.9999999999056368,0.5000000000471817,56.92722900944693,69.73585553643821,14.202663632721542,65.46631336086396,0.0,0.0,0.0,,,1e-08,True,True,0,0,0.0,0.0,0.0,0.0,1e-08,1.2459722222222223,0,0.0,554,3,0.0,0.0,105.97361109111111,0.0,0.0,105.97361111111111
scenario_coarse,1.0,0.0,0.0,,0.0,0.0,0.0,-46.99285243848797,-1.0000007932831068e-08,26.793865140998378,1e-08,14.202663632721542,screened_water_cap_1.00,optimistic_site_selection,hub_policy_compliant,ample,uniform_google_ai_2024,portfolio_mean,central,gentd26_hourly_service_demand.csv,gentd26_aligned_regional_hourly_cef.csv,capacity_scenarios.csv,energy_calibration_bounds.csv,trace_timestamp_anonymized,single_row_default,0.5,20.0,carbon,211.9472222222222,211.94722220222218,2e-08,0.9999999999056368,0.5000000000471817,56.92722900944693,69.73585553643821,14.202663632721542,65.46631336086396,0.0,0.0,0.0,,,1e-08,True,True,0,0,0.0,0.0,0.0,0.0,1e-08,1.2459722222222223,0,0.0,554,3,0.0,0.0,105.97361109111111,0.0,0.0,105.97361111111111
scenario_coarse,0.0,0.0,0.0,,0.0,0.0,0.0,-46.99285243848797,-1.0000007932831068e-08,26.793865140998378,1e-08,14.202663632721542,screened_water_cap_0.00,optimistic_site_selection,hub_policy_compliant,ample,uniform_google_ai_2024,portfolio_mean,central,gentd26_hourly_service_demand.csv,gentd26_aligned_regional_hourly_cef.csv,capacity_scenarios.csv,energy_calibration_bounds.csv,trace_timestamp_anonymized,single_row_default,0.5,35.0,carbon,211.9472222222222,211.94722220222218,2e-08,0.9999999999056368,0.5000000000471817,56.92722900944693,69.73585553643821,14.202663632721542,65.46631336086396,0.0,0.0,0.0,,,1e-08,True,True,0,0,0.0,0.0,0.0,0.0,1e-08,1.2459722222222223,0,0.0,554,3,0.0,0.0,105.97361109111111,0.0,0.0,105.97361111111111
scenario_coarse,0.25,0.0,0.0,,0.0,0.0,0.0,-46.99285243848797,-1.0000007932831068e-08,26.793865140998378,1e-08,14.202663632721542,screened_water_cap_0.25,optimistic_site_selection,hub_policy_compliant,ample,uniform_google_ai_2024,portfolio_mean,central,gentd26_hourly_service_demand.csv,gentd26_aligned_regional_hourly_cef.csv,capacity_scenarios.csv,energy_calibration_bounds.csv,trace_timestamp_anonymized,single_row_default,0.5,35.0,carbon,211.9472222222222,211.94722220222218,2e-08,0.9999999999056368,0.5000000000471817,56.92722900944693,69.73585553643821,14.202663632721542,65.46631336086396,0.0,0.0,0.0,,,1e-08,True,True,0,0,0.0,0.0,0.0,0.0,1e-08,1.2459722222222223,0,0.0,554,3,0.0,0.0,105.97361109111111,0.0,0.0,105.97361111111111
scenario_coarse,0.5,0.0,0.0,,0.0,0.0,0.0,-46.99285243848797,-1.0000007932831068e-08,26.793865140998378,1e-08,14.202663632721542,screened_water_cap_0.50,optimistic_site_selection,hub_policy_compliant,ample,uniform_google_ai_2024,portfolio_mean,central,gentd26_hourly_service_demand.csv,gentd26_aligned_regional_hourly_cef.csv,capacity_scenarios.csv,energy_calibration_bounds.csv,trace_timestamp_anonymized,single_row_default,0.5,35.0,carbon,211.9472222222222,211.94722220222218,2e-08,0.9999999999056368,0.5000000000471817,56.92722900944693,69.73585553643821,14.202663632721542,65.46631336086396,0.0,0.0,0.0,,,1e-08,True,True,0,0,0.0,0.0,0.0,0.0,1e-08,1.2459722222222223,0,0.0,554,3,0.0,0.0,105.97361109111111,0.0,0.0,105.97361111111111
scenario_coarse,0.75,0.0,0.0,,0.0,0.0,0.0,-46.99285243848797,-1.0000007932831068e-08,26.793865140998378,1e-08,14.202663632721542,screened_water_cap_0.75,optimistic_site_selection,hub_policy_compliant,ample,uniform_google_ai_2024,portfolio_mean,central,gentd26_hourly_service_demand.csv,gentd26_aligned_regional_hourly_cef.csv,capacity_scenarios.csv,energy_calibration_bounds.csv,trace_timestamp_anonymized,single_row_default,0.5,35.0,carbon,211.9472222222222,211.94722220222218,2e-08,0.9999999999056368,0.5000000000471817,56.92722900944693,69.73585553643821,14.202663632721542,65.46631336086396,0.0,0.0,0.0,,,1e-08,True,True,0,0,0.0,0.0,0.0,0.0,1e-08,1.2459722222222223,0,0.0,554,3,0.0,0.0,105.97361109111111,0.0,0.0,105.97361111111111
scenario_coarse,1.0,0.0,0.0,,0.0,0.0,0.0,-46.99285243848797,-1.0000007932831068e-08,26.793865140998378,1e-08,14.202663632721542,screened_water_cap_1.00,optimistic_site_selection,hub_policy_compliant,ample,uniform_google_ai_2024,portfolio_mean,central,gentd26_hourly_service_demand.csv,gentd26_aligned_regional_hourly_cef.csv,capacity_scenarios.csv,energy_calibration_bounds.csv,trace_timestamp_anonymized,single_row_default,0.5,35.0,carbon,211.9472222222222,211.94722220222218,2e-08,0.9999999999056368,0.5000000000471817,56.92722900944693,69.73585553643821,14.202663632721542,65.46631336086396,0.0,0.0,0.0,,,1e-08,True,True,0,0,0.0,0.0,0.0,0.0,1e-08,1.2459722222222223,0,0.0,554,3,0.0,0.0,105.97361109111111,0.0,0.0,105.97361111111111
