run_family,cap_fraction_of_carbon_first,high_stress_water_cap_l,carbon_first_high_stress_water_l,achieved_fraction_of_carbon_first_high_stress_water,screened_direct_water_avoided_l_vs_carbon_first,additional_carbon_kgco2e_vs_carbon_first,additional_carbon_pct_vs_carbon_first,carbon_change_pct_vs_status_quo,service_difference_vs_status_quo_accelerator_hours,status_quo_carbon_kgco2e,status_quo_unserved_accelerator_hours,carbon_first_carbon_kgco2e,policy,carbon_mapping,pue_scenario,capacity_scenario,wue_profile,water_risk_mapping,energy_level,demand_filename,carbon_filename,capacity_filename,energy_filename,timestamp_column,energy_workload_class,migration_limit,max_latency_ms,second_stage_objective,demand_accelerator_hours,served_accelerator_hours,unserved_accelerator_hours,service_rate,migration_share,it_energy_kwh,facility_energy_kwh,carbon_kgco2e,direct_water_l,high_stress_direct_water_l,high_stress_water_share,stage_one_optimal_unserved_accelerator_hours,direct_water_cap_l,carbon_cap_kgco2e,fixed_total_unserved_accelerator_hours,solver_stage_one_optimal,solver_stage_two_optimal,solver_stage_one_iterations,solver_stage_two_iterations,max_abs_demand_balance_error,max_capacity_violation,max_migration_violation,ineligible_latency_assignment,service_gap_vs_status_quo_unserved,minimum_capacity_slack,binding_capacity_region_hours,minimum_migration_slack,binding_migration_hours,eligible_destination_count,high_stress_water_cap_slack_l,high_stress_water_cap_violation_l,assigned_east_accelerator_hours,assigned_north_accelerator_hours,assigned_northwest_accelerator_hours,assigned_southwest_accelerator_hours
spatial_wue_coarse,0.0,0.0,0.7591444187293707,0.0,0.7591444187293707,0.0582254091812473,0.17496766885745085,-13.083310813418725,-1.0000007932831068e-08,38.354010220005065,1e-08,33.27781044433017,screened_water_cap_0.00,equal_site_portfolio,hub_policy_compliant,central,factorial_000,portfolio_mean,central,gentd26_hourly_service_demand.csv,gentd26_aligned_regional_hourly_cef.csv,capacity_scenarios.csv,energy_calibration_bounds.csv,trace_timestamp_anonymized,single_row_default,0.3,20.0,carbon,211.9472222222222,211.94722220222218,2e-08,0.9999999999056368,0.30000000002830896,56.92722900944693,70.30512782658639,33.33603585351142,20.493802443400895,0.0,0.0,0.0,,,1e-08,True,True,0,0,4.440892098500626e-16,0.0,0.0,0.0,1e-08,0.9475833333333334,0,0.0,554,3,0.0,0.0,148.36305553555553,0.0,0.0,63.5841666666667
spatial_wue_coarse,0.25,0.18978610468234267,0.7591444187293707,0.25000000000000006,0.569358314047028,0.02847432026741359,0.08556548609184311,-13.160880508851292,-1.0000007932831068e-08,38.354010220005065,1e-08,33.27781044433017,screened_water_cap_0.25,equal_site_portfolio,hub_policy_compliant,central,factorial_000,portfolio_mean,central,gentd26_hourly_service_demand.csv,gentd26_aligned_regional_hourly_cef.csv,capacity_scenarios.csv,energy_calibration_bounds.csv,trace_timestamp_anonymized,single_row_default,0.3,20.0,carbon,211.9472222222222,211.94722220222218,2e-08,0.9999999999056368,0.30000000002830896,56.92722900944693,70.30512782658639,33.306284764597585,20.493802443400895,0.18978610468234272,0.009260658445717319,0.0,,,1e-08,True,True,0,674,4.440892098500626e-16,0.0,0.0,0.0,1e-08,0.9475833333333334,0,0.0,554,3,-5.551115123125783e-17,5.551115123125783e-17,148.36305553555553,0.9091041666666675,1.0536666666666663,61.62139583333336
spatial_wue_coarse,0.5,0.37957220936468533,0.7591444187293707,0.5000000000000001,0.3795722093646853,0.009671953295018909,0.029064271855272494,-13.209903718848215,-1.0000007932831068e-08,38.354010220005065,1e-08,33.27781044433017,screened_water_cap_0.50,equal_site_portfolio,hub_policy_compliant,central,factorial_000,portfolio_mean,central,gentd26_hourly_service_demand.csv,gentd26_aligned_regional_hourly_cef.csv,capacity_scenarios.csv,energy_calibration_bounds.csv,trace_timestamp_anonymized,single_row_default,0.3,20.0,carbon,211.9472222222222,211.94722220222218,2e-08,0.9999999999056368,0.30000000002830896,56.92722900944693,70.30512782658639,33.28748239762519,20.493802443400895,0.3795722093646854,0.018521316891434634,0.0,,,1e-08,True,True,0,686,4.440892098500626e-16,0.0,0.0,0.0,1e-08,0.9475833333333334,0,0.0,554,3,-5.551115123125783e-17,5.551115123125783e-17,148.36305553555553,2.0036250000000013,1.9219166666666663,59.658625000000015
spatial_wue_coarse,0.75,0.569358314047028,0.7591444187293707,0.7500000000000001,0.18978610468234258,0.0017832854951365107,0.005358782538045226,-13.230471757899764,-1.0000007932831068e-08,38.354010220005065,1e-08,33.27781044433017,screened_water_cap_0.75,equal_site_portfolio,hub_policy_compliant,central,factorial_000,portfolio_mean,central,gentd26_hourly_service_demand.csv,gentd26_aligned_regional_hourly_cef.csv,capacity_scenarios.csv,energy_calibration_bounds.csv,trace_timestamp_anonymized,single_row_default,0.3,20.0,carbon,211.9472222222222,211.94722220222218,2e-08,0.9999999999056368,0.30000000002830896,56.92722900944693,70.30512782658639,33.27959372982531,20.493802443400895,0.5693583140470281,0.027781975337151953,0.0,,,1e-08,True,True,0,686,4.440892098500626e-16,0.0,0.0,0.0,1e-08,0.9475833333333334,0,0.0,554,3,-1.1102230246251565e-16,1.1102230246251565e-16,148.36305553555553,3.0441666666666665,2.8441458333333363,57.69585416666668
spatial_wue_coarse,1.0,0.7591444187293707,0.7591444187293707,1.0000000000000004,-3.3306690738754696e-16,0.0,0.0,-13.23512129906874,-1.0000007932831068e-08,38.354010220005065,1e-08,33.27781044433017,screened_water_cap_1.00,equal_site_portfolio,hub_policy_compliant,central,factorial_000,portfolio_mean,central,gentd26_hourly_service_demand.csv,gentd26_aligned_regional_hourly_cef.csv,capacity_scenarios.csv,energy_calibration_bounds.csv,trace_timestamp_anonymized,single_row_default,0.3,20.0,carbon,211.9472222222222,211.94722220222218,2e-08,0.9999999999056368,0.300000000028309,56.92722900944693,70.30512782658639,33.27781044433017,20.493802443400895,0.759144418729371,0.03704263378286928,0.0,,,1e-08,True,True,0,684,4.440892098500626e-16,0.0,2.9698465908722937e-15,0.0,1e-08,0.9475833333333334,0,-2.9698465908722937e-15,554,3,-3.3306690738754696e-16,3.3306690738754696e-16,148.36305553555553,3.8531666666666693,3.997916666666667,55.73308333333334
spatial_wue_coarse,0.0,0.0,0.7591444187293707,0.0,0.7591444187293707,0.0582254091812473,0.17496766885745085,-13.083310813418725,-1.0000007932831068e-08,38.354010220005065,1e-08,33.27781044433017,screened_water_cap_0.00,equal_site_portfolio,hub_policy_compliant,central,factorial_001,portfolio_mean,central,gentd26_hourly_service_demand.csv,gentd26_aligned_regional_hourly_cef.csv,capacity_scenarios.csv,energy_calibration_bounds.csv,trace_timestamp_anonymized,single_row_default,0.3,20.0,carbon,211.9472222222222,211.94722220222218,2e-08,0.9999999999056368,0.30000000002830896,56.92722900944693,70.30512782658639,33.33603585351142,33.98555571991294,0.0,0.0,0.0,,,1e-08,True,True,0,0,4.440892098500626e-16,0.0,0.0,0.0,1e-08,0.9475833333333334,0,0.0,554,3,0.0,0.0,148.36305553555553,0.0,0.0,63.5841666666667
spatial_wue_coarse,0.25,0.18978610468234267,0.7591444187293707,0.25000000000000006,0.569358314047028,0.02847432026741359,0.08556548609184311,-13.160880508851292,-1.0000007932831068e-08,38.354010220005065,1e-08,33.27781044433017,screened_water_cap_0.25,equal_site_portfolio,hub_policy_compliant,central,factorial_001,portfolio_mean,central,gentd26_hourly_service_demand.csv,gentd26_aligned_regional_hourly_cef.csv,capacity_scenarios.csv,energy_calibration_bounds.csv,trace_timestamp_anonymized,single_row_default,0.3,20.0,carbon,211.9472222222222,211.94722220222218,2e-08,0.9999999999056368,0.30000000002830896,56.92722900944693,70.30512782658639,33.306284764597585,33.569080656860024,0.18978610468234272,0.005653598518896552,0.0,,,1e-08,True,True,0,674,4.440892098500626e-16,0.0,0.0,0.0,1e-08,0.9475833333333334,0,0.0,554,3,-5.551115123125783e-17,5.551115123125783e-17,148.36305553555553,0.9091041666666675,1.0536666666666663,61.62139583333336
spatial_wue_coarse,0.5,0.37957220936468533,0.7591444187293707,0.5000000000000001,0.3795722093646853,0.009671953295018909,0.029064271855272494,-13.209903718848215,-1.0000007932831068e-08,38.354010220005065,1e-08,33.27781044433017,screened_water_cap_0.50,equal_site_portfolio,hub_policy_compliant,central,factorial_001,portfolio_mean,central,gentd26_hourly_service_demand.csv,gentd26_aligned_regional_hourly_cef.csv,capacity_scenarios.csv,energy_calibration_bounds.csv,trace_timestamp_anonymized,single_row_default,0.3,20.0,carbon,211.9472222222222,211.94722220222218,2e-08,0.9999999999056368,0.30000000002830896,56.92722900944693,70.30512782658639,33.28748239762519,33.1526055938071,0.3795722093646854,0.011449242150535202,0.0,,,1e-08,True,True,0,686,4.440892098500626e-16,0.0,0.0,0.0,1e-08,0.9475833333333334,0,0.0,554,3,-5.551115123125783e-17,5.551115123125783e-17,148.36305553555553,2.0036250000000013,1.9219166666666663,59.658625000000015
spatial_wue_coarse,0.75,0.569358314047028,0.7591444187293707,0.7500000000000001,0.18978610468234258,0.0017832854951365107,0.005358782538045226,-13.230471757899764,-1.0000007932831068e-08,38.354010220005065,1e-08,33.27781044433017,screened_water_cap_0.75,equal_site_portfolio,hub_policy_compliant,central,factorial_001,portfolio_mean,central,gentd26_hourly_service_demand.csv,gentd26_aligned_regional_hourly_cef.csv,capacity_scenarios.csv,energy_calibration_bounds.csv,trace_timestamp_anonymized,single_row_default,0.3,20.0,carbon,211.9472222222222,211.94722220222218,2e-08,0.9999999999056368,0.30000000002830896,56.92722900944693,70.30512782658639,33.27959372982531,32.73613053075419,0.5693583140470281,0.017392352266928444,0.0,,,1e-08,True,True,0,686,4.440892098500626e-16,0.0,0.0,0.0,1e-08,0.9475833333333334,0,0.0,554,3,-1.1102230246251565e-16,1.1102230246251565e-16,148.36305553555553,3.0441666666666665,2.8441458333333363,57.69585416666668
spatial_wue_coarse,1.0,0.7591444187293707,0.7591444187293707,1.0000000000000004,-3.3306690738754696e-16,0.0,0.0,-13.23512129906874,-1.0000007932831068e-08,38.354010220005065,1e-08,33.27781044433017,screened_water_cap_1.00,equal_site_portfolio,hub_policy_compliant,central,factorial_001,portfolio_mean,central,gentd26_hourly_service_demand.csv,gentd26_aligned_regional_hourly_cef.csv,capacity_scenarios.csv,energy_calibration_bounds.csv,trace_timestamp_anonymized,single_row_default,0.3,20.0,carbon,211.9472222222222,211.94722220222218,2e-08,0.9999999999056368,0.300000000028309,56.92722900944693,70.30512782658639,33.27781044433017,32.31965546770127,0.759144418729371,0.02348862968196007,0.0,,,1e-08,True,True,0,684,4.440892098500626e-16,0.0,2.9698465908722937e-15,0.0,1e-08,0.9475833333333334,0,-2.9698465908722937e-15,554,3,-3.3306690738754696e-16,3.3306690738754696e-16,148.36305553555553,3.8531666666666693,3.997916666666667,55.73308333333334
spatial_wue_coarse,0.0,0.0,0.7591444187293707,0.0,0.7591444187293707,0.0582254091812473,0.17496766885745085,-13.083310813418725,-1.0000007932831068e-08,38.354010220005065,1e-08,33.27781044433017,screened_water_cap_0.00,equal_site_portfolio,hub_policy_compliant,central,factorial_002,portfolio_mean,central,gentd26_hourly_service_demand.csv,gentd26_aligned_regional_hourly_cef.csv,capacity_scenarios.csv,energy_calibration_bounds.csv,trace_timestamp_anonymized,single_row_default,0.3,20.0,carbon,211.9472222222222,211.94722220222218,2e-08,0.9999999999056368,0.30000000002830896,56.92722900944693,70.30512782658639,33.33603585351142,48.50199911869173,0.0,0.0,0.0,,,1e-08,True,True,0,0,4.440892098500626e-16,0.0,0.0,0.0,1e-08,0.9475833333333334,0,0.0,554,3,0.0,0.0,148.36305553555553,0.0,0.0,63.5841666666667
spatial_wue_coarse,0.25,0.18978610468234267,0.7591444187293707,0.25000000000000006,0.569358314047028,0.02847432026741359,0.08556548609184311,-13.160880508851292,-1.0000007932831068e-08,38.354010220005065,1e-08,33.27781044433017,screened_water_cap_0.25,equal_site_portfolio,hub_policy_compliant,central,factorial_002,portfolio_mean,central,gentd26_hourly_service_demand.csv,gentd26_aligned_regional_hourly_cef.csv,capacity_scenarios.csv,energy_calibration_bounds.csv,trace_timestamp_anonymized,single_row_default,0.3,20.0,carbon,211.9472222222222,211.94722220222218,2e-08,0.9999999999056368,0.30000000002830896,56.92722900944693,70.30512782658639,33.306284764597585,47.63741797513884,0.18978610468234272,0.00398397127193982,0.0,,,1e-08,True,True,0,674,4.440892098500626e-16,0.0,0.0,0.0,1e-08,0.9475833333333334,0,0.0,554,3,-5.551115123125783e-17,5.551115123125783e-17,148.36305553555553,0.9091041666666675,1.0536666666666663,61.62139583333336
spatial_wue_coarse,0.5,0.37957220936468533,0.7591444187293707,0.5000000000000001,0.3795722093646853,0.009671953295018909,0.029064271855272494,-13.209903718848215,-1.0000007932831068e-08,38.354010220005065,1e-08,33.27781044433017,screened_water_cap_0.50,equal_site_portfolio,hub_policy_compliant,central,factorial_002,portfolio_mean,central,gentd26_hourly_service_demand.csv,gentd26_aligned_regional_hourly_cef.csv,capacity_scenarios.csv,energy_calibration_bounds.csv,trace_timestamp_anonymized,single_row_default,0.3,20.0,carbon,211.9472222222222,211.94722220222218,2e-08,0.9999999999056368,0.30000000002830896,56.92722900944693,70.30512782658639,33.28748239762519,46.77283683158595,0.3795722093646854,0.008115227449885149,0.0,,,1e-08,True,True,0,686,4.440892098500626e-16,0.0,0.0,0.0,1e-08,0.9475833333333334,0,0.0,554,3,-5.551115123125783e-17,5.551115123125783e-17,148.36305553555553,2.0036250000000013,1.9219166666666663,59.658625000000015
spatial_wue_coarse,0.75,0.569358314047028,0.7591444187293707,0.7500000000000001,0.18978610468234258,0.0017832854951365107,0.005358782538045226,-13.230471757899764,-1.0000007932831068e-08,38.354010220005065,1e-08,33.27781044433017,screened_water_cap_0.75,equal_site_portfolio,hub_policy_compliant,central,factorial_002,portfolio_mean,central,gentd26_hourly_service_demand.csv,gentd26_aligned_regional_hourly_cef.csv,capacity_scenarios.csv,energy_calibration_bounds.csv,trace_timestamp_anonymized,single_row_default,0.3,20.0,carbon,211.9472222222222,211.94722220222218,2e-08,0.9999999999056368,0.30000000002830896,56.92722900944693,70.30512782658639,33.27959372982531,45.90825568803305,0.5693583140470281,0.012402089896773038,0.0,,,1e-08,True,True,0,686,4.440892098500626e-16,0.0,0.0,0.0,1e-08,0.9475833333333334,0,0.0,554,3,-1.1102230246251565e-16,1.1102230246251565e-16,148.36305553555553,3.0441666666666665,2.8441458333333363,57.69585416666668
spatial_wue_coarse,1.0,0.7591444187293707,0.7591444187293707,1.0000000000000004,-3.3306690738754696e-16,0.0,0.0,-13.23512129906874,-1.0000007932831068e-08,38.354010220005065,1e-08,33.27781044433017,screened_water_cap_1.00,equal_site_portfolio,hub_policy_compliant,central,factorial_002,portfolio_mean,central,gentd26_hourly_service_demand.csv,gentd26_aligned_regional_hourly_cef.csv,capacity_scenarios.csv,energy_calibration_bounds.csv,trace_timestamp_anonymized,single_row_default,0.3,20.0,carbon,211.9472222222222,211.94722220222218,2e-08,0.9999999999056368,0.300000000028309,56.92722900944693,70.30512782658639,33.27781044433017,45.043674544480155,0.759144418729371,0.016853518866000238,0.0,,,1e-08,True,True,0,684,4.440892098500626e-16,0.0,2.9698465908722937e-15,0.0,1e-08,0.9475833333333334,0,-2.9698465908722937e-15,554,3,-3.3306690738754696e-16,3.3306690738754696e-16,148.36305553555553,3.8531666666666693,3.997916666666667,55.73308333333334
spatial_wue_coarse,0.0,0.0,1.607451601388399,0.0,1.607451601388399,0.0582254091812473,0.17496766885745085,-13.083310813418725,-1.0000007932831068e-08,38.354010220005065,1e-08,33.27781044433017,screened_water_cap_0.00,equal_site_portfolio,hub_policy_compliant,central,factorial_003,portfolio_mean,central,gentd26_hourly_service_demand.csv,gentd26_aligned_regional_hourly_cef.csv,capacity_scenarios.csv,energy_calibration_bounds.csv,trace_timestamp_anonymized,single_row_default,0.3,20.0,carbon,211.9472222222222,211.94722220222218,2e-08,0.9999999999056368,0.30000000002830896,56.92722900944693,70.30512782658639,33.33603585351142,20.493802443400895,0.0,0.0,0.0,,,1e-08,True,True,0,0,4.440892098500626e-16,0.0,0.0,0.0,1e-08,0.9475833333333334,0,0.0,554,3,0.0,0.0,148.36305553555553,0.0,0.0,63.5841666666667
spatial_wue_coarse,0.25,0.40186290034709976,1.607451601388399,0.2500000000000001,1.2055887010412991,0.02397136308472625,0.0720340754534643,-13.172621020878218,-1.0000007932831068e-08,38.354010220005065,1e-08,33.27781044433017,screened_water_cap_0.25,equal_site_portfolio,hub_policy_compliant,central,factorial_003,portfolio_mean,central,gentd26_hourly_service_demand.csv,gentd26_aligned_regional_hourly_cef.csv,capacity_scenarios.csv,energy_calibration_bounds.csv,trace_timestamp_anonymized,single_row_default,0.3,20.0,carbon,211.9472222222222,211.94722220222218,2e-08,0.9999999999056368,0.30000000002830896,56.92722900944693,70.30512782658639,33.3017818074149,20.593205009854213,0.4018629003470999,0.019514344666349964,0.0,,,1e-08,True,True,0,685,4.440892098500626e-16,0.0,0.0,0.0,1e-08,0.9475833333333334,0,0.0,554,3,-1.6653345369377348e-16,1.6653345369377348e-16,148.36305553555553,2.659583333333333,0.46846612318840614,60.456117210144946
spatial_wue_coarse,0.5,0.8037258006941995,1.607451601388399,0.5,0.8037258006941995,0.007446854758136112,0.02237783874210475,-13.215705194428262,-1.0000007932831068e-08,38.354010220005065,1e-08,33.27781044433017,screened_water_cap_0.50,equal_site_portfolio,hub_policy_compliant,central,factorial_003,portfolio_mean,central,gentd26_hourly_service_demand.csv,gentd26_aligned_regional_hourly_cef.csv,capacity_scenarios.csv,energy_calibration_bounds.csv,trace_timestamp_anonymized,single_row_default,0.3,20.0,carbon,211.9472222222222,211.94722220222218,2e-08,0.9999999999056368,0.30000000002830896,56.92722900944693,70.30512782658639,33.28525729908831,20.853801662862338,0.8037258006941995,0.038540972705495766,0.0,,,1e-08,True,True,0,682,4.440892098500626e-16,0.0,0.0,0.0,1e-08,0.9475833333333334,0,0.0,554,3,0.0,0.0,148.36305553555553,2.892416666666666,1.6966105072463766,58.995139492753644
spatial_wue_coarse,0.75,1.2055887010412993,1.607451601388399,0.7499999999999999,0.4018629003470999,0.0013964803023469585,0.004196430845970767,-13.231480270935482,-1.0000007932831068e-08,38.354010220005065,1e-08,33.27781044433017,screened_water_cap_0.75,equal_site_portfolio,hub_policy_compliant,central,factorial_003,portfolio_mean,central,gentd26_hourly_service_demand.csv,gentd26_aligned_regional_hourly_cef.csv,capacity_scenarios.csv,energy_calibration_bounds.csv,trace_timestamp_anonymized,single_row_default,0.3,20.0,carbon,211.9472222222222,211.94722220222218,2e-08,0.9999999999056368,0.30000000002830896,56.92722900944693,70.30512782658639,33.27920692463252,21.0885634730188,1.2055887010412991,0.057167891145537594,0.0,,,1e-08,True,True,0,687,4.440892098500626e-16,0.0,0.0,0.0,1e-08,0.9475833333333334,0,0.0,554,3,2.220446049250313e-16,0.0,148.36305553555553,3.5141892361111102,2.8030000000000004,57.26697743055557
spatial_wue_coarse,1.0,1.607451601388399,1.607451601388399,1.0,0.0,0.0,0.0,-13.23512129906874,-1.0000007932831068e-08,38.354010220005065,1e-08,33.27781044433017,screened_water_cap_1.00,equal_site_portfolio,hub_policy_compliant,central,factorial_003,portfolio_mean,central,gentd26_hourly_service_demand.csv,gentd26_aligned_regional_hourly_cef.csv,capacity_scenarios.csv,energy_calibration_bounds.csv,trace_timestamp_anonymized,single_row_default,0.3,20.0,carbon,211.9472222222222,211.94722220222218,2e-08,0.9999999999056368,0.300000000028309,56.92722900944693,70.30512782658639,33.27781044433017,21.342109626059926,1.607451601388399,0.07531830871235004,0.0,,,1e-08,True,True,0,683,4.440892098500626e-16,0.0,5.551115123125783e-17,0.0,1e-08,0.9475833333333334,0,-5.551115123125783e-17,554,3,0.0,0.0,148.36305553555553,3.8531666666666666,3.997916666666667,55.73308333333334
spatial_wue_coarse,0.0,0.0,1.607451601388399,0.0,1.607451601388399,0.0582254091812473,0.17496766885745085,-13.083310813418725,-1.0000007932831068e-08,38.354010220005065,1e-08,33.27781044433017,screened_water_cap_0.00,equal_site_portfolio,hub_policy_compliant,central,factorial_004,portfolio_mean,central,gentd26_hourly_service_demand.csv,gentd26_aligned_regional_hourly_cef.csv,capacity_scenarios.csv,energy_calibration_bounds.csv,trace_timestamp_anonymized,single_row_default,0.3,20.0,carbon,211.9472222222222,211.94722220222218,2e-08,0.9999999999056368,0.30000000002830896,56.92722900944693,70.30512782658639,33.33603585351142,33.98555571991294,0.0,0.0,0.0,,,1e-08,True,True,0,0,4.440892098500626e-16,0.0,0.0,0.0,1e-08,0.9475833333333334,0,0.0,554,3,0.0,0.0,148.36305553555553,0.0,0.0,63.5841666666667
spatial_wue_coarse,0.25,0.40186290034709976,1.607451601388399,0.2500000000000001,1.2055887010412991,0.02397136308472625,0.0720340754534643,-13.172621020878218,-1.0000007932831068e-08,38.354010220005065,1e-08,33.27781044433017,screened_water_cap_0.25,equal_site_portfolio,hub_policy_compliant,central,factorial_004,portfolio_mean,central,gentd26_hourly_service_demand.csv,gentd26_aligned_regional_hourly_cef.csv,capacity_scenarios.csv,energy_calibration_bounds.csv,trace_timestamp_anonymized,single_row_default,0.3,20.0,carbon,211.9472222222222,211.94722220222218,2e-08,0.9999999999056368,0.30000000002830896,56.92722900944693,70.30512782658639,33.3017818074149,33.42122588698823,0.4018629003470999,0.012024181928753121,0.0,,,1e-08,True,True,0,685,4.440892098500626e-16,0.0,0.0,0.0,1e-08,0.9475833333333334,0,0.0,554,3,-1.6653345369377348e-16,1.6653345369377348e-16,148.36305553555553,2.659583333333333,0.46846612318840614,60.456117210144946
spatial_wue_coarse,0.5,0.8037258006941995,1.607451601388399,0.5,0.8037258006941995,0.007446854758136112,0.02237783874210475,-13.215705194428262,-1.0000007932831068e-08,38.354010220005065,1e-08,33.27781044433017,screened_water_cap_0.50,equal_site_portfolio,hub_policy_compliant,central,factorial_004,portfolio_mean,central,gentd26_hourly_service_demand.csv,gentd26_aligned_regional_hourly_cef.csv,capacity_scenarios.csv,energy_calibration_bounds.csv,trace_timestamp_anonymized,single_row_default,0.3,20.0,carbon,211.9472222222222,211.94722220222218,2e-08,0.9999999999056368,0.30000000002830896,56.92722900944693,70.30512782658639,33.28525729908831,33.37182160833582,0.8037258006941995,0.024083965512192475,0.0,,,1e-08,True,True,0,682,4.440892098500626e-16,0.0,0.0,0.0,1e-08,0.9475833333333334,0,0.0,554,3,0.0,0.0,148.36305553555553,2.892416666666666,1.6966105072463766,58.995139492753644
spatial_wue_coarse,0.75,1.2055887010412993,1.607451601388399,0.7499999999999999,0.4018629003470999,0.0013964803023469585,0.004196430845970767,-13.231480270935482,-1.0000007932831068e-08,38.354010220005065,1e-08,33.27781044433017,screened_water_cap_0.75,equal_site_portfolio,hub_policy_compliant,central,factorial_004,portfolio_mean,central,gentd26_hourly_service_demand.csv,gentd26_aligned_regional_hourly_cef.csv,capacity_scenarios.csv,energy_calibration_bounds.csv,trace_timestamp_anonymized,single_row_default,0.3,20.0,carbon,211.9472222222222,211.94722220222218,2e-08,0.9999999999056368,0.30000000002830896,56.92722900944693,70.30512782658639,33.27920692463252,33.23988935946285,1.2055887010412991,0.03626933555656038,0.0,,,1e-08,True,True,0,687,4.440892098500626e-16,0.0,0.0,0.0,1e-08,0.9475833333333334,0,0.0,554,3,2.220446049250313e-16,0.0,148.36305553555553,3.5141892361111102,2.8030000000000004,57.26697743055557
spatial_wue_coarse,1.0,1.607451601388399,1.607451601388399,1.0,0.0,0.0,0.0,-13.23512129906874,-1.0000007932831068e-08,38.354010220005065,1e-08,33.27781044433017,screened_water_cap_1.00,equal_site_portfolio,hub_policy_compliant,central,factorial_004,portfolio_mean,central,gentd26_hourly_service_demand.csv,gentd26_aligned_regional_hourly_cef.csv,capacity_scenarios.csv,energy_calibration_bounds.csv,trace_timestamp_anonymized,single_row_default,0.3,20.0,carbon,211.9472222222222,211.94722220222218,2e-08,0.9999999999056368,0.300000000028309,56.92722900944693,70.30512782658639,33.27781044433017,33.167962650360295,1.607451601388399,0.04846398370419468,0.0,,,1e-08,True,True,0,683,4.440892098500626e-16,0.0,5.551115123125783e-17,0.0,1e-08,0.9475833333333334,0,-5.551115123125783e-17,554,3,0.0,0.0,148.36305553555553,3.8531666666666666,3.997916666666667,55.73308333333334
spatial_wue_coarse,0.0,0.0,1.607451601388399,0.0,1.607451601388399,0.0582254091812473,0.17496766885745085,-13.083310813418725,-1.0000007932831068e-08,38.354010220005065,1e-08,33.27781044433017,screened_water_cap_0.00,equal_site_portfolio,hub_policy_compliant,central,factorial_005,portfolio_mean,central,gentd26_hourly_service_demand.csv,gentd26_aligned_regional_hourly_cef.csv,capacity_scenarios.csv,energy_calibration_bounds.csv,trace_timestamp_anonymized,single_row_default,0.3,20.0,carbon,211.9472222222222,211.94722220222218,2e-08,0.9999999999056368,0.30000000002830896,56.92722900944693,70.30512782658639,33.33603585351142,48.50199911869173,0.0,0.0,0.0,,,1e-08,True,True,0,0,4.440892098500626e-16,0.0,0.0,0.0,1e-08,0.9475833333333334,0,0.0,554,3,0.0,0.0,148.36305553555553,0.0,0.0,63.5841666666667
spatial_wue_coarse,0.25,0.40186290034709976,1.607451601388399,0.2500000000000001,1.2055887010412991,0.02397136308472625,0.0720340754534643,-13.172621020878218,-1.0000007932831068e-08,38.354010220005065,1e-08,33.27781044433017,screened_water_cap_0.25,equal_site_portfolio,hub_policy_compliant,central,factorial_005,portfolio_mean,central,gentd26_hourly_service_demand.csv,gentd26_aligned_regional_hourly_cef.csv,capacity_scenarios.csv,energy_calibration_bounds.csv,trace_timestamp_anonymized,single_row_default,0.3,20.0,carbon,211.9472222222222,211.94722220222218,2e-08,0.9999999999056368,0.30000000002830896,56.92722900944693,70.30512782658639,33.3017818074149,47.22352683074003,0.4018629003470999,0.008509802789348387,0.0,,,1e-08,True,True,0,685,4.440892098500626e-16,0.0,0.0,0.0,1e-08,0.9475833333333334,0,0.0,554,3,-1.6653345369377348e-16,1.6653345369377348e-16,148.36305553555553,2.659583333333333,0.46846612318840614,60.456117210144946
spatial_wue_coarse,0.5,0.8037258006941995,1.607451601388399,0.5,0.8037258006941995,0.007446854758136112,0.02237783874210475,-13.215705194428262,-1.0000007932831068e-08,38.354010220005065,1e-08,33.27781044433017,screened_water_cap_0.50,equal_site_portfolio,hub_policy_compliant,central,factorial_005,portfolio_mean,central,gentd26_hourly_service_demand.csv,gentd26_aligned_regional_hourly_cef.csv,capacity_scenarios.csv,energy_calibration_bounds.csv,trace_timestamp_anonymized,single_row_default,0.3,20.0,carbon,211.9472222222222,211.94722220222218,2e-08,0.9999999999056368,0.30000000002830896,56.92722900944693,70.30512782658639,33.28525729908831,46.84057724587059,0.8037258006941995,0.017158750979420413,0.0,,,1e-08,True,True,0,682,4.440892098500626e-16,0.0,0.0,0.0,1e-08,0.9475833333333334,0,0.0,554,3,0.0,0.0,148.36305553555553,2.892416666666666,1.6966105072463766,58.995139492753644
spatial_wue_coarse,0.75,1.2055887010412993,1.607451601388399,0.7499999999999999,0.4018629003470999,0.0013964803023469585,0.004196430845970767,-13.231480270935482,-1.0000007932831068e-08,38.354010220005065,1e-08,33.27781044433017,screened_water_cap_0.75,equal_site_portfolio,hub_policy_compliant,central,factorial_005,portfolio_mean,central,gentd26_hourly_service_demand.csv,gentd26_aligned_regional_hourly_cef.csv,capacity_scenarios.csv,energy_calibration_bounds.csv,trace_timestamp_anonymized,single_row_default,0.3,20.0,carbon,211.9472222222222,211.94722220222218,2e-08,0.9999999999056368,0.30000000002830896,56.92722900944693,70.30512782658639,33.27920692463252,46.31410075626974,1.2055887010412991,0.02603070514929718,0.0,,,1e-08,True,True,0,687,4.440892098500626e-16,0.0,0.0,0.0,1e-08,0.9475833333333334,0,0.0,554,3,2.220446049250313e-16,0.0,148.36305553555553,3.5141892361111102,2.8030000000000004,57.26697743055557
spatial_wue_coarse,1.0,1.607451601388399,1.607451601388399,1.0,0.0,0.0,0.0,-13.23512129906874,-1.0000007932831068e-08,38.354010220005065,1e-08,33.27781044433017,screened_water_cap_1.00,equal_site_portfolio,hub_policy_compliant,central,factorial_005,portfolio_mean,central,gentd26_hourly_service_demand.csv,gentd26_aligned_regional_hourly_cef.csv,capacity_scenarios.csv,energy_calibration_bounds.csv,trace_timestamp_anonymized,single_row_default,0.3,20.0,carbon,211.9472222222222,211.94722220222218,2e-08,0.9999999999056368,0.300000000028309,56.92722900944693,70.30512782658639,33.27781044433017,45.89198172713918,1.607451601388399,0.03502685089839559,0.0,,,1e-08,True,True,0,683,4.440892098500626e-16,0.0,5.551115123125783e-17,0.0,1e-08,0.9475833333333334,0,-5.551115123125783e-17,554,3,0.0,0.0,148.36305553555553,3.8531666666666666,3.997916666666667,55.73308333333334
spatial_wue_coarse,0.0,0.0,2.5201871776671005,0.0,2.5201871776671005,0.0582254091812473,0.17496766885745085,-13.083310813418725,-1.0000007932831068e-08,38.354010220005065,1e-08,33.27781044433017,screened_water_cap_0.00,equal_site_portfolio,hub_policy_compliant,central,factorial_006,portfolio_mean,central,gentd26_hourly_service_demand.csv,gentd26_aligned_regional_hourly_cef.csv,capacity_scenarios.csv,energy_calibration_bounds.csv,trace_timestamp_anonymized,single_row_default,0.3,20.0,carbon,211.9472222222222,211.94722220222218,2e-08,0.9999999999056368,0.30000000002830896,56.92722900944693,70.30512782658639,33.33603585351142,20.493802443400895,0.0,0.0,0.0,,,1e-08,True,True,0,0,4.440892098500626e-16,0.0,0.0,0.0,1e-08,0.9475833333333334,0,0.0,554,3,0.0,0.0,148.36305553555553,0.0,0.0,63.5841666666667
spatial_wue_coarse,0.25,0.6300467944167751,2.5201871776671005,0.2500000000000001,1.8901403832503252,0.020445187297553957,0.061437898180694006,-13.181814781235857,-1.0000007932831068e-08,38.354010220005065,1e-08,33.27781044433017,screened_water_cap_0.25,equal_site_portfolio,hub_policy_compliant,central,factorial_006,portfolio_mean,central,gentd26_hourly_service_demand.csv,gentd26_aligned_regional_hourly_cef.csv,capacity_scenarios.csv,energy_calibration_bounds.csv,trace_timestamp_anonymized,single_row_default,0.3,20.0,carbon,211.9472222222222,211.94722220222218,2e-08,0.9999999999056368,0.30000000002830896,56.92722900944693,70.30512782658639,33.298255631627725,20.7706864519431,0.6300467944167754,0.030333460373325044,0.0,,,1e-08,True,True,0,678,4.440892098500626e-16,0.0,0.0,0.0,1e-08,0.9475833333333334,0,0.0,554,3,-2.220446049250313e-16,2.220446049250313e-16,148.36305553555553,3.023833333333333,0.6285816666666666,59.93175166666669
spatial_wue_coarse,0.5,1.2600935888335503,2.5201871776671005,0.5,1.2600935888335503,0.005832309574216765,0.01752612175003332,-13.219914780791353,-1.0000007932831068e-08,38.354010220005065,1e-08,33.27781044433017,screened_water_cap_0.50,equal_site_portfolio,hub_policy_compliant,central,factorial_006,portfolio_mean,central,gentd26_hourly_service_demand.csv,gentd26_aligned_regional_hourly_cef.csv,capacity_scenarios.csv,energy_calibration_bounds.csv,trace_timestamp_anonymized,single_row_default,0.3,20.0,carbon,211.9472222222222,211.94722220222218,2e-08,0.9999999999056368,0.30000000002830896,56.92722900944693,70.30512782658639,33.28364275390439,21.28571262955615,1.2600935888335503,0.0591990322693662,0.0,,,1e-08,True,True,0,689,4.440892098500626e-16,0.0,0.0,0.0,1e-08,0.9475833333333334,0,0.0,554,3,0.0,0.0,148.36305553555553,3.0441666666666665,1.797793333333333,58.74220666666668
spatial_wue_coarse,0.75,1.8901403832503254,2.5201871776671005,0.75,0.6300467944167751,0.0011942248641645392,0.0035886521625672074,-13.232007609372898,-1.0000007932831068e-08,38.354010220005065,1e-08,33.27781044433017,screened_water_cap_0.75,equal_site_portfolio,hub_policy_compliant,central,factorial_006,portfolio_mean,central,gentd26_hourly_service_demand.csv,gentd26_aligned_regional_hourly_cef.csv,capacity_scenarios.csv,energy_calibration_bounds.csv,trace_timestamp_anonymized,single_row_default,0.3,20.0,carbon,211.9472222222222,211.94722220222218,2e-08,0.9999999999056368,0.300000000028309,56.92722900944693,70.30512782658639,33.279004669194336,21.73820683091687,1.8901403832503254,0.08695015177434502,0.0,,,1e-08,True,True,0,690,4.440892098500626e-16,0.0,0.0,0.0,1e-08,0.9475833333333334,0,0.0,554,3,0.0,0.0,148.36305553555553,3.8531666666666666,2.8250450000000003,56.905955000000006
spatial_wue_coarse,1.0,2.5201871776671005,2.5201871776671005,1.0000000000000004,-8.881784197001252e-16,0.0,0.0,-13.23512129906874,-1.0000007932831068e-08,38.354010220005065,1e-08,33.27781044433017,screened_water_cap_1.00,equal_site_portfolio,hub_policy_compliant,central,factorial_006,portfolio_mean,central,gentd26_hourly_service_demand.csv,gentd26_aligned_regional_hourly_cef.csv,capacity_scenarios.csv,energy_calibration_bounds.csv,trace_timestamp_anonymized,single_row_default,0.3,20.0,carbon,211.9472222222222,211.94722220222218,2e-08,0.9999999999056368,0.300000000028309,56.92722900944693,70.30512782658639,33.27781044433017,22.25484520233863,2.5201871776671014,0.11324217961319587,0.0,,,1e-08,True,True,0,682,4.440892098500626e-16,0.0,9.43689570931383e-16,0.0,1e-08,0.9475833333333334,0,-9.43689570931383e-16,554,3,-8.881784197001252e-16,8.881784197001252e-16,148.36305553555553,3.8531666666666666,3.9979166666666677,55.73308333333334
spatial_wue_coarse,0.0,0.0,2.5201871776671005,0.0,2.5201871776671005,0.0582254091812473,0.17496766885745085,-13.083310813418725,-1.0000007932831068e-08,38.354010220005065,1e-08,33.27781044433017,screened_water_cap_0.00,equal_site_portfolio,hub_policy_compliant,central,factorial_007,portfolio_mean,central,gentd26_hourly_service_demand.csv,gentd26_aligned_regional_hourly_cef.csv,capacity_scenarios.csv,energy_calibration_bounds.csv,trace_timestamp_anonymized,single_row_default,0.3,20.0,carbon,211.9472222222222,211.94722220222218,2e-08,0.9999999999056368,0.30000000002830896,56.92722900944693,70.30512782658639,33.33603585351142,33.98555571991294,0.0,0.0,0.0,,,1e-08,True,True,0,0,4.440892098500626e-16,0.0,0.0,0.0,1e-08,0.9475833333333334,0,0.0,554,3,0.0,0.0,148.36305553555553,0.0,0.0,63.5841666666667
spatial_wue_coarse,0.25,0.6300467944167751,2.5201871776671005,0.2500000000000001,1.8901403832503252,0.020445187297553957,0.061437898180694006,-13.181814781235857,-1.0000007932831068e-08,38.354010220005065,1e-08,33.27781044433017,screened_water_cap_0.25,equal_site_portfolio,hub_policy_compliant,central,factorial_007,portfolio_mean,central,gentd26_hourly_service_demand.csv,gentd26_aligned_regional_hourly_cef.csv,capacity_scenarios.csv,energy_calibration_bounds.csv,trace_timestamp_anonymized,single_row_default,0.3,20.0,carbon,211.9472222222222,211.94722220222218,2e-08,0.9999999999056368,0.30000000002830896,56.92722900944693,70.30512782658639,33.298255631627725,33.48744361500816,0.6300467944167754,0.018814418970291465,0.0,,,1e-08,True,True,0,678,4.440892098500626e-16,0.0,0.0,0.0,1e-08,0.9475833333333334,0,0.0,554,3,-2.220446049250313e-16,2.220446049250313e-16,148.36305553555553,3.023833333333333,0.6285816666666666,59.93175166666669
spatial_wue_coarse,0.5,1.2600935888335503,2.5201871776671005,0.5,1.2600935888335503,0.005832309574216765,0.01752612175003332,-13.219914780791353,-1.0000007932831068e-08,38.354010220005065,1e-08,33.27781044433017,screened_water_cap_0.50,equal_site_portfolio,hub_policy_compliant,central,factorial_007,portfolio_mean,central,gentd26_hourly_service_demand.csv,gentd26_aligned_regional_hourly_cef.csv,capacity_scenarios.csv,energy_calibration_bounds.csv,trace_timestamp_anonymized,single_row_default,0.3,20.0,carbon,211.9472222222222,211.94722220222218,2e-08,0.9999999999056368,0.30000000002830896,56.92722900944693,70.30512782658639,33.28364275390439,33.75006343907971,1.2600935888335503,0.037336036156141526,0.0,,,1e-08,True,True,0,689,4.440892098500626e-16,0.0,0.0,0.0,1e-08,0.9475833333333334,0,0.0,554,3,0.0,0.0,148.36305553555553,3.0441666666666665,1.797793333333333,58.74220666666668
spatial_wue_coarse,0.75,1.8901403832503254,2.5201871776671005,0.75,0.6300467944167751,0.0011942248641645392,0.0035886521625672074,-13.232007609372898,-1.0000007932831068e-08,38.354010220005065,1e-08,33.27781044433017,screened_water_cap_0.75,equal_site_portfolio,hub_policy_compliant,central,factorial_007,portfolio_mean,central,gentd26_hourly_service_demand.csv,gentd26_aligned_regional_hourly_cef.csv,capacity_scenarios.csv,energy_calibration_bounds.csv,trace_timestamp_anonymized,single_row_default,0.3,20.0,carbon,211.9472222222222,211.94722220222218,2e-08,0.9999999999056368,0.300000000028309,56.92722900944693,70.30512782658639,33.279004669194336,33.81292833901187,1.8901403832503254,0.05589993165630569,0.0,,,1e-08,True,True,0,690,4.440892098500626e-16,0.0,0.0,0.0,1e-08,0.9475833333333334,0,0.0,554,3,0.0,0.0,148.36305553555553,3.8531666666666666,2.8250450000000003,56.905955000000006
spatial_wue_coarse,1.0,2.5201871776671005,2.5201871776671005,1.0000000000000004,-8.881784197001252e-16,0.0,0.0,-13.23512129906874,-1.0000007932831068e-08,38.354010220005065,1e-08,33.27781044433017,screened_water_cap_1.00,equal_site_portfolio,hub_policy_compliant,central,factorial_007,portfolio_mean,central,gentd26_hourly_service_demand.csv,gentd26_aligned_regional_hourly_cef.csv,capacity_scenarios.csv,energy_calibration_bounds.csv,trace_timestamp_anonymized,single_row_default,0.3,20.0,carbon,211.9472222222222,211.94722220222218,2e-08,0.9999999999056368,0.300000000028309,56.92722900944693,70.30512782658639,33.27781044433017,34.080698226639,2.5201871776671014,0.07394763924458596,0.0,,,1e-08,True,True,0,682,4.440892098500626e-16,0.0,9.43689570931383e-16,0.0,1e-08,0.9475833333333334,0,-9.43689570931383e-16,554,3,-8.881784197001252e-16,8.881784197001252e-16,148.36305553555553,3.8531666666666666,3.9979166666666677,55.73308333333334
spatial_wue_coarse,0.0,0.0,2.5201871776671005,0.0,2.5201871776671005,0.0582254091812473,0.17496766885745085,-13.083310813418725,-1.0000007932831068e-08,38.354010220005065,1e-08,33.27781044433017,screened_water_cap_0.00,equal_site_portfolio,hub_policy_compliant,central,factorial_008,portfolio_mean,central,gentd26_hourly_service_demand.csv,gentd26_aligned_regional_hourly_cef.csv,capacity_scenarios.csv,energy_calibration_bounds.csv,trace_timestamp_anonymized,single_row_default,0.3,20.0,carbon,211.9472222222222,211.94722220222218,2e-08,0.9999999999056368,0.30000000002830896,56.92722900944693,70.30512782658639,33.33603585351142,48.50199911869173,0.0,0.0,0.0,,,1e-08,True,True,0,0,4.440892098500626e-16,0.0,0.0,0.0,1e-08,0.9475833333333334,0,0.0,554,3,0.0,0.0,148.36305553555553,0.0,0.0,63.5841666666667
spatial_wue_coarse,0.25,0.6300467944167751,2.5201871776671005,0.2500000000000001,1.8901403832503252,0.020445187297553957,0.061437898180694006,-13.181814781235857,-1.0000007932831068e-08,38.354010220005065,1e-08,33.27781044433017,screened_water_cap_0.25,equal_site_portfolio,hub_policy_compliant,central,factorial_008,portfolio_mean,central,gentd26_hourly_service_demand.csv,gentd26_aligned_regional_hourly_cef.csv,capacity_scenarios.csv,energy_calibration_bounds.csv,trace_timestamp_anonymized,single_row_default,0.3,20.0,carbon,211.9472222222222,211.94722220222218,2e-08,0.9999999999056368,0.30000000002830896,56.92722900944693,70.30512782658639,33.298255631627725,47.170030436027545,0.6300467944167754,0.013356929995439604,0.0,,,1e-08,True,True,0,678,4.440892098500626e-16,0.0,0.0,0.0,1e-08,0.9475833333333334,0,0.0,554,3,-2.220446049250313e-16,2.220446049250313e-16,148.36305553555553,3.023833333333333,0.6285816666666666,59.93175166666669
spatial_wue_coarse,0.5,1.2600935888335503,2.5201871776671005,0.5,1.2600935888335503,0.005832309574216765,0.01752612175003332,-13.219914780791353,-1.0000007932831068e-08,38.354010220005065,1e-08,33.27781044433017,screened_water_cap_0.50,equal_site_portfolio,hub_policy_compliant,central,factorial_008,portfolio_mean,central,gentd26_hourly_service_demand.csv,gentd26_aligned_regional_hourly_cef.csv,capacity_scenarios.csv,energy_calibration_bounds.csv,trace_timestamp_anonymized,single_row_default,0.3,20.0,carbon,211.9472222222222,211.94722220222218,2e-08,0.9999999999056368,0.30000000002830896,56.92722900944693,70.30512782658639,33.28364275390439,47.16107380375696,1.2600935888335503,0.026718933374523128,0.0,,,1e-08,True,True,0,689,4.440892098500626e-16,0.0,0.0,0.0,1e-08,0.9475833333333334,0,0.0,554,3,0.0,0.0,148.36305553555553,3.0441666666666665,1.797793333333333,58.74220666666668
spatial_wue_coarse,0.75,1.8901403832503254,2.5201871776671005,0.75,0.6300467944167751,0.0011942248641645392,0.0035886521625672074,-13.232007609372898,-1.0000007932831068e-08,38.354010220005065,1e-08,33.27781044433017,screened_water_cap_0.75,equal_site_portfolio,hub_policy_compliant,central,factorial_008,portfolio_mean,central,gentd26_hourly_service_demand.csv,gentd26_aligned_regional_hourly_cef.csv,capacity_scenarios.csv,energy_calibration_bounds.csv,trace_timestamp_anonymized,single_row_default,0.3,20.0,carbon,211.9472222222222,211.94722220222218,2e-08,0.9999999999056368,0.300000000028309,56.92722900944693,70.30512782658639,33.279004669194336,46.80471730341789,1.8901403832503254,0.04038354448328863,0.0,,,1e-08,True,True,0,690,4.440892098500626e-16,0.0,0.0,0.0,1e-08,0.9475833333333334,0,0.0,554,3,0.0,0.0,148.36305553555553,3.8531666666666666,2.8250450000000003,56.905955000000006
spatial_wue_coarse,1.0,2.5201871776671005,2.5201871776671005,1.0000000000000004,-8.881784197001252e-16,0.0,0.0,-13.23512129906874,-1.0000007932831068e-08,38.354010220005065,1e-08,33.27781044433017,screened_water_cap_1.00,equal_site_portfolio,hub_policy_compliant,central,factorial_008,portfolio_mean,central,gentd26_hourly_service_demand.csv,gentd26_aligned_regional_hourly_cef.csv,capacity_scenarios.csv,energy_calibration_bounds.csv,trace_timestamp_anonymized,single_row_default,0.3,20.0,carbon,211.9472222222222,211.94722220222218,2e-08,0.9999999999056368,0.300000000028309,56.92722900944693,70.30512782658639,33.27781044433017,46.80471730341789,2.5201871776671014,0.053844725977718194,0.0,,,1e-08,True,True,0,682,4.440892098500626e-16,0.0,9.43689570931383e-16,0.0,1e-08,0.9475833333333334,0,-9.43689570931383e-16,554,3,-8.881784197001252e-16,8.881784197001252e-16,148.36305553555553,3.8531666666666666,3.9979166666666677,55.73308333333334
spatial_wue_coarse,0.0,0.0,1.5767374882820158,0.0,1.5767374882820158,0.0582254091812473,0.17496766885745085,-13.083310813418725,-1.0000007932831068e-08,38.354010220005065,1e-08,33.27781044433017,screened_water_cap_0.00,equal_site_portfolio,hub_policy_compliant,central,factorial_009,portfolio_mean,central,gentd26_hourly_service_demand.csv,gentd26_aligned_regional_hourly_cef.csv,capacity_scenarios.csv,energy_calibration_bounds.csv,trace_timestamp_anonymized,single_row_default,0.3,20.0,carbon,211.9472222222222,211.94722220222218,2e-08,0.9999999999056368,0.30000000002830896,56.92722900944693,70.30512782658639,33.33603585351142,20.493802443400895,0.0,0.0,0.0,,,1e-08,True,True,0,0,4.440892098500626e-16,0.0,0.0,0.0,1e-08,0.9475833333333334,0,0.0,554,3,0.0,0.0,148.36305553555553,0.0,0.0,63.5841666666667
spatial_wue_coarse,0.25,0.39418437207050394,1.5767374882820158,0.24999999999999992,1.182553116211512,0.021766215712673898,0.06540759569830801,-13.178370477999923,-1.0000007932831068e-08,38.354010220005065,1e-08,33.27781044433017,screened_water_cap_0.25,equal_site_portfolio,hub_policy_compliant,central,factorial_009,portfolio_mean,central,gentd26_hourly_service_demand.csv,gentd26_aligned_regional_hourly_cef.csv,capacity_scenarios.csv,energy_calibration_bounds.csv,trace_timestamp_anonymized,single_row_default,0.3,20.0,carbon,211.9472222222222,211.94722220222218,2e-08,0.9999999999056368,0.30000000002830896,56.92722900944693,70.30512782658639,33.299576660042845,20.629600092225296,0.39418437207050383,0.019107707871616017,0.0,,,1e-08,True,True,0,678,4.440892098500626e-16,0.0,0.0,0.0,1e-08,0.9475833333333334,0,0.0,554,3,1.1102230246251565e-16,0.0,148.36305553555553,0.6399894927536229,2.03225,60.91192717391307
spatial_wue_coarse,0.5,0.7883687441410079,1.5767374882820158,0.5,0.7883687441410079,0.008597023922611413,0.025834103289312793,-13.2127063706863,-9.999979511121637e-09,38.354010220005065,1e-08,33.27781044433017,screened_water_cap_0.50,equal_site_portfolio,hub_policy_compliant,central,factorial_009,portfolio_mean,central,gentd26_hourly_service_demand.csv,gentd26_aligned_regional_hourly_cef.csv,capacity_scenarios.csv,energy_calibration_bounds.csv,trace_timestamp_anonymized,single_row_default,0.3,20.0,carbon,211.9472222222222,211.9472222022222,2e-08,0.9999999999056369,0.30000000002830896,56.92722900944693,70.30512782658639,33.28640746825278,20.85439709428085,0.7883687441410079,0.03780347811432112,0.0,,,1e-08,True,True,0,681,4.440892098500626e-16,0.0,0.0,0.0,1e-08,0.9475833333333334,0,0.0,554,3,0.0,0.0,148.36305553555553,1.699416666666667,2.7246296296296286,59.16012037037039
spatial_wue_coarse,0.75,1.182553116211512,1.5767374882820158,0.7500000000000001,0.39418437207050383,0.002028651680646476,0.00609610924986459,-13.229832017272635,-1.0000007932831068e-08,38.354010220005065,1e-08,33.27781044433017,screened_water_cap_0.75,equal_site_portfolio,hub_policy_compliant,central,factorial_009,portfolio_mean,central,gentd26_hourly_service_demand.csv,gentd26_aligned_regional_hourly_cef.csv,capacity_scenarios.csv,energy_calibration_bounds.csv,trace_timestamp_anonymized,single_row_default,0.3,20.0,carbon,211.9472222222222,211.94722220222218,2e-08,0.9999999999056368,0.30000000002830896,56.92722900944693,70.30512782658639,33.27983909601082,21.107536554978015,1.182553116211512,0.056025160166434385,0.0,,,1e-08,True,True,0,686,4.440892098500626e-16,0.0,0.0,0.0,1e-08,0.9475833333333334,0,0.0,554,3,0.0,0.0,148.36305553555553,2.892416666666666,2.9903182870370384,57.70143171296298
spatial_wue_coarse,1.0,1.5767374882820158,1.5767374882820158,1.0,0.0,0.0,0.0,-13.23512129906874,-1.0000007932831068e-08,38.354010220005065,1e-08,33.27781044433017,screened_water_cap_1.00,equal_site_portfolio,hub_policy_compliant,central,factorial_009,portfolio_mean,central,gentd26_hourly_service_demand.csv,gentd26_aligned_regional_hourly_cef.csv,capacity_scenarios.csv,energy_calibration_bounds.csv,trace_timestamp_anonymized,single_row_default,0.3,20.0,carbon,211.9472222222222,211.94722220222218,2e-08,0.9999999999056368,0.30000000002830896,56.92722900944693,70.30512782658639,33.27781044433017,21.311395512953542,1.5767374882820158,0.07398565182292448,0.0,,,1e-08,True,True,0,691,4.440892098500626e-16,0.0,0.0,0.0,1e-08,0.9475833333333334,0,0.0,554,3,0.0,0.0,148.36305553555553,3.8531666666666657,3.997916666666667,55.73308333333334
spatial_wue_coarse,0.0,0.0,1.5767374882820158,0.0,1.5767374882820158,0.0582254091812473,0.17496766885745085,-13.083310813418725,-1.0000007932831068e-08,38.354010220005065,1e-08,33.27781044433017,screened_water_cap_0.00,equal_site_portfolio,hub_policy_compliant,central,factorial_010,portfolio_mean,central,gentd26_hourly_service_demand.csv,gentd26_aligned_regional_hourly_cef.csv,capacity_scenarios.csv,energy_calibration_bounds.csv,trace_timestamp_anonymized,single_row_default,0.3,20.0,carbon,211.9472222222222,211.94722220222218,2e-08,0.9999999999056368,0.30000000002830896,56.92722900944693,70.30512782658639,33.33603585351142,33.98555571991294,0.0,0.0,0.0,,,1e-08,True,True,0,0,4.440892098500626e-16,0.0,0.0,0.0,1e-08,0.9475833333333334,0,0.0,554,3,0.0,0.0,148.36305553555553,0.0,0.0,63.5841666666667
spatial_wue_coarse,0.25,0.39418437207050394,1.5767374882820158,0.24999999999999992,1.182553116211512,0.021766215712673898,0.06540759569830801,-13.178370477999923,-1.0000007932831068e-08,38.354010220005065,1e-08,33.27781044433017,screened_water_cap_0.25,equal_site_portfolio,hub_policy_compliant,central,factorial_010,portfolio_mean,central,gentd26_hourly_service_demand.csv,gentd26_aligned_regional_hourly_cef.csv,capacity_scenarios.csv,energy_calibration_bounds.csv,trace_timestamp_anonymized,single_row_default,0.3,20.0,carbon,211.9472222222222,211.94722220222218,2e-08,0.9999999999056368,0.30000000002830896,56.92722900944693,70.30512782658639,33.299576660042845,33.554338059391725,0.39418437207050383,0.01174764262590402,0.0,,,1e-08,True,True,0,678,4.440892098500626e-16,0.0,0.0,0.0,1e-08,0.9475833333333334,0,0.0,554,3,1.1102230246251565e-16,0.0,148.36305553555553,0.6399894927536229,2.03225,60.91192717391307
spatial_wue_coarse,0.5,0.7883687441410079,1.5767374882820158,0.5,0.7883687441410079,0.008597023922611413,0.025834103289312793,-13.2127063706863,-9.999979511121637e-09,38.354010220005065,1e-08,33.27781044433017,screened_water_cap_0.50,equal_site_portfolio,hub_policy_compliant,central,factorial_010,portfolio_mean,central,gentd26_hourly_service_demand.csv,gentd26_aligned_regional_hourly_cef.csv,capacity_scenarios.csv,energy_calibration_bounds.csv,trace_timestamp_anonymized,single_row_default,0.3,20.0,carbon,211.9472222222222,211.9472222022222,2e-08,0.9999999999056369,0.30000000002830896,56.92722900944693,70.30512782658639,33.28640746825278,33.407423888358906,0.7883687441410079,0.023598609302398845,0.0,,,1e-08,True,True,0,681,4.440892098500626e-16,0.0,0.0,0.0,1e-08,0.9475833333333334,0,0.0,554,3,0.0,0.0,148.36305553555553,1.699416666666667,2.7246296296296286,59.16012037037039
spatial_wue_coarse,0.75,1.182553116211512,1.5767374882820158,0.7500000000000001,0.39418437207050383,0.002028651680646476,0.00609610924986459,-13.229832017272635,-1.0000007932831068e-08,38.354010220005065,1e-08,33.27781044433017,screened_water_cap_0.75,equal_site_portfolio,hub_policy_compliant,central,factorial_010,portfolio_mean,central,gentd26_hourly_service_demand.csv,gentd26_aligned_regional_hourly_cef.csv,capacity_scenarios.csv,energy_calibration_bounds.csv,trace_timestamp_anonymized,single_row_default,0.3,20.0,carbon,211.9472222222222,211.94722220222218,2e-08,0.9999999999056368,0.30000000002830896,56.92722900944693,70.30512782658639,33.27983909601082,33.351048126875696,1.182553116211512,0.03545774968489102,0.0,,,1e-08,True,True,0,686,4.440892098500626e-16,0.0,0.0,0.0,1e-08,0.9475833333333334,0,0.0,554,3,0.0,0.0,148.36305553555553,2.892416666666666,2.9903182870370384,57.70143171296298
spatial_wue_coarse,1.0,1.5767374882820158,1.5767374882820158,1.0,0.0,0.0,0.0,-13.23512129906874,-1.0000007932831068e-08,38.354010220005065,1e-08,33.27781044433017,screened_water_cap_1.00,equal_site_portfolio,hub_policy_compliant,central,factorial_010,portfolio_mean,central,gentd26_hourly_service_demand.csv,gentd26_aligned_regional_hourly_cef.csv,capacity_scenarios.csv,energy_calibration_bounds.csv,trace_timestamp_anonymized,single_row_default,0.3,20.0,carbon,211.9472222222222,211.94722220222218,2e-08,0.9999999999056368,0.30000000002830896,56.92722900944693,70.30512782658639,33.27781044433017,33.13724853725391,1.5767374882820158,0.047582028016279,0.0,,,1e-08,True,True,0,691,4.440892098500626e-16,0.0,0.0,0.0,1e-08,0.9475833333333334,0,0.0,554,3,0.0,0.0,148.36305553555553,3.8531666666666657,3.997916666666667,55.73308333333334
spatial_wue_coarse,0.0,0.0,1.5767374882820158,0.0,1.5767374882820158,0.0582254091812473,0.17496766885745085,-13.083310813418725,-1.0000007932831068e-08,38.354010220005065,1e-08,33.27781044433017,screened_water_cap_0.00,equal_site_portfolio,hub_policy_compliant,central,factorial_011,portfolio_mean,central,gentd26_hourly_service_demand.csv,gentd26_aligned_regional_hourly_cef.csv,capacity_scenarios.csv,energy_calibration_bounds.csv,trace_timestamp_anonymized,single_row_default,0.3,20.0,carbon,211.9472222222222,211.94722220222218,2e-08,0.9999999999056368,0.30000000002830896,56.92722900944693,70.30512782658639,33.33603585351142,48.50199911869173,0.0,0.0,0.0,,,1e-08,True,True,0,0,4.440892098500626e-16,0.0,0.0,0.0,1e-08,0.9475833333333334,0,0.0,554,3,0.0,0.0,148.36305553555553,0.0,0.0,63.5841666666667
spatial_wue_coarse,0.25,0.39418437207050394,1.5767374882820158,0.24999999999999992,1.182553116211512,0.021766215712673898,0.06540759569830801,-13.178370477999923,-1.0000007932831068e-08,38.354010220005065,1e-08,33.27781044433017,screened_water_cap_0.25,equal_site_portfolio,hub_policy_compliant,central,factorial_011,portfolio_mean,central,gentd26_hourly_service_demand.csv,gentd26_aligned_regional_hourly_cef.csv,capacity_scenarios.csv,energy_calibration_bounds.csv,trace_timestamp_anonymized,single_row_default,0.3,20.0,carbon,211.9472222222222,211.94722220222218,2e-08,0.9999999999056368,0.30000000002830896,56.92722900944693,70.30512782658639,33.299576660042845,47.460701694950544,0.39418437207050383,0.008305489762964084,0.0,,,1e-08,True,True,0,678,4.440892098500626e-16,0.0,0.0,0.0,1e-08,0.9475833333333334,0,0.0,554,3,1.1102230246251565e-16,0.0,148.36305553555553,0.6399894927536229,2.03225,60.91192717391307
spatial_wue_coarse,0.5,0.7883687441410079,1.5767374882820158,0.5,0.7883687441410079,0.008597023922611413,0.025834103289312793,-13.2127063706863,-9.999979511121637e-09,38.354010220005065,1e-08,33.27781044433017,screened_water_cap_0.50,equal_site_portfolio,hub_policy_compliant,central,factorial_011,portfolio_mean,central,gentd26_hourly_service_demand.csv,gentd26_aligned_regional_hourly_cef.csv,capacity_scenarios.csv,energy_calibration_bounds.csv,trace_timestamp_anonymized,single_row_default,0.3,20.0,carbon,211.9472222222222,211.9472222022222,2e-08,0.9999999999056369,0.30000000002830896,56.92722900944693,70.30512782658639,33.28640746825278,46.91384512249353,0.7883687441410079,0.016804607298390322,0.0,,,1e-08,True,True,0,681,4.440892098500626e-16,0.0,0.0,0.0,1e-08,0.9475833333333334,0,0.0,554,3,0.0,0.0,148.36305553555553,1.699416666666667,2.7246296296296286,59.16012037037039
spatial_wue_coarse,0.75,1.182553116211512,1.5767374882820158,0.7500000000000001,0.39418437207050383,0.002028651680646476,0.00609610924986459,-13.229832017272635,-1.0000007932831068e-08,38.354010220005065,1e-08,33.27781044433017,screened_water_cap_0.75,equal_site_portfolio,hub_policy_compliant,central,factorial_011,portfolio_mean,central,gentd26_hourly_service_demand.csv,gentd26_aligned_regional_hourly_cef.csv,capacity_scenarios.csv,energy_calibration_bounds.csv,trace_timestamp_anonymized,single_row_default,0.3,20.0,carbon,211.9472222222222,211.94722220222218,2e-08,0.9999999999056368,0.30000000002830896,56.92722900944693,70.30512782658639,33.27983909601082,46.524446653601046,1.182553116211512,0.025417886751372697,0.0,,,1e-08,True,True,0,686,4.440892098500626e-16,0.0,0.0,0.0,1e-08,0.9475833333333334,0,0.0,554,3,0.0,0.0,148.36305553555553,2.892416666666666,2.9903182870370384,57.70143171296298
spatial_wue_coarse,1.0,1.5767374882820158,1.5767374882820158,1.0,0.0,0.0,0.0,-13.23512129906874,-1.0000007932831068e-08,38.354010220005065,1e-08,33.27781044433017,screened_water_cap_1.00,equal_site_portfolio,hub_policy_compliant,central,factorial_011,portfolio_mean,central,gentd26_hourly_service_demand.csv,gentd26_aligned_regional_hourly_cef.csv,capacity_scenarios.csv,energy_calibration_bounds.csv,trace_timestamp_anonymized,single_row_default,0.3,20.0,carbon,211.9472222222222,211.94722220222218,2e-08,0.9999999999056368,0.30000000002830896,56.92722900944693,70.30512782658639,33.27781044433017,45.8612676140328,1.5767374882820158,0.03438059108073061,0.0,,,1e-08,True,True,0,691,4.440892098500626e-16,0.0,0.0,0.0,1e-08,0.9475833333333334,0,0.0,554,3,0.0,0.0,148.36305553555553,3.8531666666666657,3.997916666666667,55.73308333333334
spatial_wue_coarse,0.0,0.0,2.4250446709410443,0.0,2.4250446709410443,0.0582254091812473,0.17496766885745085,-13.083310813418725,-1.0000007932831068e-08,38.354010220005065,1e-08,33.27781044433017,screened_water_cap_0.00,equal_site_portfolio,hub_policy_compliant,central,factorial_012,portfolio_mean,central,gentd26_hourly_service_demand.csv,gentd26_aligned_regional_hourly_cef.csv,capacity_scenarios.csv,energy_calibration_bounds.csv,trace_timestamp_anonymized,single_row_default,0.3,20.0,carbon,211.9472222222222,211.94722220222218,2e-08,0.9999999999056368,0.30000000002830896,56.92722900944693,70.30512782658639,33.33603585351142,20.493802443400895,0.0,0.0,0.0,,,1e-08,True,True,0,0,4.440892098500626e-16,0.0,0.0,0.0,1e-08,0.9475833333333334,0,0.0,554,3,0.0,0.0,148.36305553555553,0.0,0.0,63.5841666666667
spatial_wue_coarse,0.25,0.6062611677352611,2.4250446709410443,0.25,1.818783503205783,0.02847432026741359,0.08556548609184311,-13.160880508851292,-1.0000007932831068e-08,38.354010220005065,1e-08,33.27781044433017,screened_water_cap_0.25,equal_site_portfolio,hub_policy_compliant,central,factorial_012,portfolio_mean,central,gentd26_hourly_service_demand.csv,gentd26_aligned_regional_hourly_cef.csv,capacity_scenarios.csv,energy_calibration_bounds.csv,trace_timestamp_anonymized,single_row_default,0.3,20.0,carbon,211.9472222222222,211.94722220222218,2e-08,0.9999999999056368,0.30000000002830896,56.92722900944693,70.30512782658639,33.306284764597585,20.910277506453816,0.6062611677352611,0.028993453939008828,0.0,,,1e-08,True,True,0,674,4.440892098500626e-16,0.0,0.0,0.0,1e-08,0.9475833333333334,0,0.0,554,3,0.0,0.0,148.36305553555553,0.9091041666666666,1.0536666666666663,61.62139583333336
spatial_wue_coarse,0.5,1.2125223354705221,2.4250446709410443,0.5,1.2125223354705221,0.009671953295018909,0.029064271855272494,-13.209903718848215,-1.0000007932831068e-08,38.354010220005065,1e-08,33.27781044433017,screened_water_cap_0.50,equal_site_portfolio,hub_policy_compliant,central,factorial_012,portfolio_mean,central,gentd26_hourly_service_demand.csv,gentd26_aligned_regional_hourly_cef.csv,capacity_scenarios.csv,energy_calibration_bounds.csv,trace_timestamp_anonymized,single_row_default,0.3,20.0,carbon,211.9472222222222,211.94722220222218,2e-08,0.9999999999056368,0.30000000002830896,56.92722900944693,70.30512782658639,33.28748239762519,21.32675256950673,1.2125223354705221,0.05685452257762874,0.0,,,1e-08,True,True,0,681,4.440892098500626e-16,0.0,0.0,0.0,1e-08,0.9475833333333334,0,0.0,554,3,0.0,0.0,148.36305553555553,2.003625,1.9219166666666663,59.65862500000002
spatial_wue_coarse,0.75,1.818783503205783,2.4250446709410443,0.7499999999999997,0.6062611677352618,0.0017832854951365107,0.005358782538045226,-13.230471757899764,-1.0000007932831068e-08,38.354010220005065,1e-08,33.27781044433017,screened_water_cap_0.75,equal_site_portfolio,hub_policy_compliant,central,factorial_012,portfolio_mean,central,gentd26_hourly_service_demand.csv,gentd26_aligned_regional_hourly_cef.csv,capacity_scenarios.csv,energy_calibration_bounds.csv,trace_timestamp_anonymized,single_row_default,0.3,20.0,carbon,211.9472222222222,211.94722220222218,2e-08,0.9999999999056368,0.30000000002830896,56.92722900944693,70.30512782658639,33.27959372982531,21.743227632559652,1.8187835032057824,0.0836482758650893,0.0,,,1e-08,True,True,0,684,4.440892098500626e-16,0.0,0.0,0.0,1e-08,0.9475833333333334,0,0.0,554,3,6.661338147750939e-16,0.0,148.36305553555553,3.0441666666666665,2.844145833333332,57.695854166666685
spatial_wue_coarse,1.0,2.4250446709410443,2.4250446709410443,1.0,0.0,0.0,0.0,-13.23512129906874,-1.0000007932831068e-08,38.354010220005065,1e-08,33.27781044433017,screened_water_cap_1.00,equal_site_portfolio,hub_policy_compliant,central,factorial_012,portfolio_mean,central,gentd26_hourly_service_demand.csv,gentd26_aligned_regional_hourly_cef.csv,capacity_scenarios.csv,energy_calibration_bounds.csv,trace_timestamp_anonymized,single_row_default,0.3,20.0,carbon,211.9472222222222,211.94722220222218,2e-08,0.9999999999056368,0.30000000002830896,56.92722900944693,70.30512782658639,33.27781044433017,22.159702695612573,2.4250446709410443,0.10943489198621703,0.0,,,1e-08,True,True,0,683,4.440892098500626e-16,0.0,0.0,0.0,1e-08,0.9475833333333334,0,0.0,554,3,0.0,0.0,148.36305553555553,3.8531666666666657,3.997916666666667,55.73308333333334
spatial_wue_coarse,0.0,0.0,2.4250446709410443,0.0,2.4250446709410443,0.0582254091812473,0.17496766885745085,-13.083310813418725,-1.0000007932831068e-08,38.354010220005065,1e-08,33.27781044433017,screened_water_cap_0.00,equal_site_portfolio,hub_policy_compliant,central,factorial_013,portfolio_mean,central,gentd26_hourly_service_demand.csv,gentd26_aligned_regional_hourly_cef.csv,capacity_scenarios.csv,energy_calibration_bounds.csv,trace_timestamp_anonymized,single_row_default,0.3,20.0,carbon,211.9472222222222,211.94722220222218,2e-08,0.9999999999056368,0.30000000002830896,56.92722900944693,70.30512782658639,33.33603585351142,33.98555571991294,0.0,0.0,0.0,,,1e-08,True,True,0,0,4.440892098500626e-16,0.0,0.0,0.0,1e-08,0.9475833333333334,0,0.0,554,3,0.0,0.0,148.36305553555553,0.0,0.0,63.5841666666667
spatial_wue_coarse,0.25,0.6062611677352611,2.4250446709410443,0.25,1.818783503205783,0.02847432026741359,0.08556548609184311,-13.160880508851292,-1.0000007932831068e-08,38.354010220005065,1e-08,33.27781044433017,screened_water_cap_0.25,equal_site_portfolio,hub_policy_compliant,central,factorial_013,portfolio_mean,central,gentd26_hourly_service_demand.csv,gentd26_aligned_regional_hourly_cef.csv,capacity_scenarios.csv,energy_calibration_bounds.csv,trace_timestamp_anonymized,single_row_default,0.3,20.0,carbon,211.9472222222222,211.94722220222218,2e-08,0.9999999999056368,0.30000000002830896,56.92722900944693,70.30512782658639,33.306284764597585,33.98555571991294,0.6062611677352611,0.01783878930012724,0.0,,,1e-08,True,True,0,674,4.440892098500626e-16,0.0,0.0,0.0,1e-08,0.9475833333333334,0,0.0,554,3,0.0,0.0,148.36305553555553,0.9091041666666666,1.0536666666666663,61.62139583333336
spatial_wue_coarse,0.5,1.2125223354705221,2.4250446709410443,0.5,1.2125223354705221,0.009671953295018909,0.029064271855272494,-13.209903718848215,-1.0000007932831068e-08,38.354010220005065,1e-08,33.27781044433017,screened_water_cap_0.50,equal_site_portfolio,hub_policy_compliant,central,factorial_013,portfolio_mean,central,gentd26_hourly_service_demand.csv,gentd26_aligned_regional_hourly_cef.csv,capacity_scenarios.csv,energy_calibration_bounds.csv,trace_timestamp_anonymized,single_row_default,0.3,20.0,carbon,211.9472222222222,211.94722220222218,2e-08,0.9999999999056368,0.30000000002830896,56.92722900944693,70.30512782658639,33.28748239762519,33.98555571991294,1.2125223354705221,0.03567757860025448,0.0,,,1e-08,True,True,0,681,4.440892098500626e-16,0.0,0.0,0.0,1e-08,0.9475833333333334,0,0.0,554,3,0.0,0.0,148.36305553555553,2.003625,1.9219166666666663,59.65862500000002
spatial_wue_coarse,0.75,1.818783503205783,2.4250446709410443,0.7499999999999997,0.6062611677352618,0.0017832854951365107,0.005358782538045226,-13.230471757899764,-1.0000007932831068e-08,38.354010220005065,1e-08,33.27781044433017,screened_water_cap_0.75,equal_site_portfolio,hub_policy_compliant,central,factorial_013,portfolio_mean,central,gentd26_hourly_service_demand.csv,gentd26_aligned_regional_hourly_cef.csv,capacity_scenarios.csv,energy_calibration_bounds.csv,trace_timestamp_anonymized,single_row_default,0.3,20.0,carbon,211.9472222222222,211.94722220222218,2e-08,0.9999999999056368,0.30000000002830896,56.92722900944693,70.30512782658639,33.27959372982531,33.98555571991294,1.8187835032057824,0.0535163679003817,0.0,,,1e-08,True,True,0,684,4.440892098500626e-16,0.0,0.0,0.0,1e-08,0.9475833333333334,0,0.0,554,3,6.661338147750939e-16,0.0,148.36305553555553,3.0441666666666665,2.844145833333332,57.695854166666685
spatial_wue_coarse,1.0,2.4250446709410443,2.4250446709410443,1.0,0.0,0.0,0.0,-13.23512129906874,-1.0000007932831068e-08,38.354010220005065,1e-08,33.27781044433017,screened_water_cap_1.00,equal_site_portfolio,hub_policy_compliant,central,factorial_013,portfolio_mean,central,gentd26_hourly_service_demand.csv,gentd26_aligned_regional_hourly_cef.csv,capacity_scenarios.csv,energy_calibration_bounds.csv,trace_timestamp_anonymized,single_row_default,0.3,20.0,carbon,211.9472222222222,211.94722220222218,2e-08,0.9999999999056368,0.30000000002830896,56.92722900944693,70.30512782658639,33.27781044433017,33.98555571991294,2.4250446709410443,0.07135515720050896,0.0,,,1e-08,True,True,0,683,4.440892098500626e-16,0.0,0.0,0.0,1e-08,0.9475833333333334,0,0.0,554,3,0.0,0.0,148.36305553555553,3.8531666666666657,3.997916666666667,55.73308333333334
spatial_wue_coarse,0.0,0.0,2.4250446709410443,0.0,2.4250446709410443,0.0582254091812473,0.17496766885745085,-13.083310813418725,-1.0000007932831068e-08,38.354010220005065,1e-08,33.27781044433017,screened_water_cap_0.00,equal_site_portfolio,hub_policy_compliant,central,factorial_014,portfolio_mean,central,gentd26_hourly_service_demand.csv,gentd26_aligned_regional_hourly_cef.csv,capacity_scenarios.csv,energy_calibration_bounds.csv,trace_timestamp_anonymized,single_row_default,0.3,20.0,carbon,211.9472222222222,211.94722220222218,2e-08,0.9999999999056368,0.30000000002830896,56.92722900944693,70.30512782658639,33.33603585351142,48.50199911869173,0.0,0.0,0.0,,,1e-08,True,True,0,0,4.440892098500626e-16,0.0,0.0,0.0,1e-08,0.9475833333333334,0,0.0,554,3,0.0,0.0,148.36305553555553,0.0,0.0,63.5841666666667
spatial_wue_coarse,0.25,0.6062611677352611,2.4250446709410443,0.25,1.818783503205783,0.02847432026741359,0.08556548609184311,-13.160880508851292,-1.0000007932831068e-08,38.354010220005065,1e-08,33.27781044433017,screened_water_cap_0.25,equal_site_portfolio,hub_policy_compliant,central,factorial_014,portfolio_mean,central,gentd26_hourly_service_demand.csv,gentd26_aligned_regional_hourly_cef.csv,capacity_scenarios.csv,energy_calibration_bounds.csv,trace_timestamp_anonymized,single_row_default,0.3,20.0,carbon,211.9472222222222,211.94722220222218,2e-08,0.9999999999056368,0.30000000002830896,56.92722900944693,70.30512782658639,33.306284764597585,48.05389303819175,0.6062611677352611,0.012616275797955087,0.0,,,1e-08,True,True,0,674,4.440892098500626e-16,0.0,0.0,0.0,1e-08,0.9475833333333334,0,0.0,554,3,0.0,0.0,148.36305553555553,0.9091041666666666,1.0536666666666663,61.62139583333336
spatial_wue_coarse,0.5,1.2125223354705221,2.4250446709410443,0.5,1.2125223354705221,0.009671953295018909,0.029064271855272494,-13.209903718848215,-1.0000007932831068e-08,38.354010220005065,1e-08,33.27781044433017,screened_water_cap_0.50,equal_site_portfolio,hub_policy_compliant,central,factorial_014,portfolio_mean,central,gentd26_hourly_service_demand.csv,gentd26_aligned_regional_hourly_cef.csv,capacity_scenarios.csv,energy_calibration_bounds.csv,trace_timestamp_anonymized,single_row_default,0.3,20.0,carbon,211.9472222222222,211.94722220222218,2e-08,0.9999999999056368,0.30000000002830896,56.92722900944693,70.30512782658639,33.28748239762519,47.605786957691784,1.2125223354705221,0.025470061792027827,0.0,,,1e-08,True,True,0,681,4.440892098500626e-16,0.0,0.0,0.0,1e-08,0.9475833333333334,0,0.0,554,3,0.0,0.0,148.36305553555553,2.003625,1.9219166666666663,59.65862500000002
spatial_wue_coarse,0.75,1.818783503205783,2.4250446709410443,0.7499999999999997,0.6062611677352618,0.0017832854951365107,0.005358782538045226,-13.230471757899764,-1.0000007932831068e-08,38.354010220005065,1e-08,33.27781044433017,screened_water_cap_0.75,equal_site_portfolio,hub_policy_compliant,central,factorial_014,portfolio_mean,central,gentd26_hourly_service_demand.csv,gentd26_aligned_regional_hourly_cef.csv,capacity_scenarios.csv,energy_calibration_bounds.csv,trace_timestamp_anonymized,single_row_default,0.3,20.0,carbon,211.9472222222222,211.94722220222218,2e-08,0.9999999999056368,0.30000000002830896,56.92722900944693,70.30512782658639,33.27959372982531,47.1576808771918,1.8187835032057824,0.03856812865633204,0.0,,,1e-08,True,True,0,684,4.440892098500626e-16,0.0,0.0,0.0,1e-08,0.9475833333333334,0,0.0,554,3,6.661338147750939e-16,0.0,148.36305553555553,3.0441666666666665,2.844145833333332,57.695854166666685
spatial_wue_coarse,1.0,2.4250446709410443,2.4250446709410443,1.0,0.0,0.0,0.0,-13.23512129906874,-1.0000007932831068e-08,38.354010220005065,1e-08,33.27781044433017,screened_water_cap_1.00,equal_site_portfolio,hub_policy_compliant,central,factorial_014,portfolio_mean,central,gentd26_hourly_service_demand.csv,gentd26_aligned_regional_hourly_cef.csv,capacity_scenarios.csv,energy_calibration_bounds.csv,trace_timestamp_anonymized,single_row_default,0.3,20.0,carbon,211.9472222222222,211.94722220222218,2e-08,0.9999999999056368,0.30000000002830896,56.92722900944693,70.30512782658639,33.27781044433017,46.709574796691825,2.4250446709410443,0.05191750688153977,0.0,,,1e-08,True,True,0,683,4.440892098500626e-16,0.0,0.0,0.0,1e-08,0.9475833333333334,0,0.0,554,3,0.0,0.0,148.36305553555553,3.8531666666666657,3.997916666666667,55.73308333333334
spatial_wue_coarse,0.0,0.0,3.337780247219746,0.0,3.337780247219746,0.0582254091812473,0.17496766885745085,-13.083310813418725,-1.0000007932831068e-08,38.354010220005065,1e-08,33.27781044433017,screened_water_cap_0.00,equal_site_portfolio,hub_policy_compliant,central,factorial_015,portfolio_mean,central,gentd26_hourly_service_demand.csv,gentd26_aligned_regional_hourly_cef.csv,capacity_scenarios.csv,energy_calibration_bounds.csv,trace_timestamp_anonymized,single_row_default,0.3,20.0,carbon,211.9472222222222,211.94722220222218,2e-08,0.9999999999056368,0.30000000002830896,56.92722900944693,70.30512782658639,33.33603585351142,20.493802443400895,0.0,0.0,0.0,,,1e-08,True,True,0,0,4.440892098500626e-16,0.0,0.0,0.0,1e-08,0.9475833333333334,0,0.0,554,3,0.0,0.0,148.36305553555553,0.0,0.0,63.5841666666667
spatial_wue_coarse,0.25,0.8344450618049365,3.337780247219746,0.25000000000000006,2.503335185414809,0.027706894841628582,0.08325936854522986,-13.162881408943317,-1.0000007932831068e-08,38.354010220005065,1e-08,33.27781044433017,screened_water_cap_0.25,equal_site_portfolio,hub_policy_compliant,central,factorial_015,portfolio_mean,central,gentd26_hourly_service_demand.csv,gentd26_aligned_regional_hourly_cef.csv,capacity_scenarios.csv,energy_calibration_bounds.csv,trace_timestamp_anonymized,single_row_default,0.3,20.0,carbon,211.9472222222222,211.94722220222218,2e-08,0.9999999999056368,0.30000000002830896,56.92722900944693,70.30512782658639,33.3055173391718,21.108210708530777,0.8344450618049367,0.03953177620439898,0.0,,,1e-08,True,True,0,678,4.440892098500626e-16,0.0,0.0,0.0,1e-08,0.9475833333333334,0,0.0,554,3,-2.220446049250313e-16,2.220446049250313e-16,148.36305553555553,1.699416666666667,0.5762072916666667,61.30854270833336
spatial_wue_coarse,0.5,1.668890123609873,3.337780247219746,0.5,1.668890123609873,0.009097418803705182,0.027337792607862177,-13.211401696473036,-1.0000007932831068e-08,38.354010220005065,1e-08,33.27781044433017,screened_water_cap_0.50,equal_site_portfolio,hub_policy_compliant,central,factorial_015,portfolio_mean,central,gentd26_hourly_service_demand.csv,gentd26_aligned_regional_hourly_cef.csv,capacity_scenarios.csv,energy_calibration_bounds.csv,trace_timestamp_anonymized,single_row_default,0.3,20.0,carbon,211.9472222222222,211.94722220222218,2e-08,0.9999999999056368,0.30000000002830896,56.92722900944693,70.30512782658639,33.28690786313388,21.771062991849526,1.668890123609873,0.07665634536240415,0.0,,,1e-08,True,True,0,680,4.440892098500626e-16,0.0,0.0,0.0,1e-08,0.9475833333333334,0,0.0,554,3,0.0,0.0,148.36305553555553,2.2199891304347816,1.8302499999999997,59.53392753623191
spatial_wue_coarse,0.75,2.5033351854148096,3.337780247219746,0.75,0.8344450618049364,0.0016325002627155527,0.004905672100763425,-13.230864898621043,-1.0000007932831068e-08,38.354010220005065,1e-08,33.27781044433017,screened_water_cap_0.75,equal_site_portfolio,hub_policy_compliant,central,factorial_015,portfolio_mean,central,gentd26_hourly_service_demand.csv,gentd26_aligned_regional_hourly_cef.csv,capacity_scenarios.csv,energy_calibration_bounds.csv,trace_timestamp_anonymized,single_row_default,0.3,20.0,carbon,211.9472222222222,211.94722220222218,2e-08,0.9999999999056368,0.30000000002830896,56.92722900944693,70.30512782658639,33.27944294459289,22.413811650093756,2.5033351854148096,0.11168716970120245,0.0,,,1e-08,True,True,0,685,4.440892098500626e-16,0.0,0.0,0.0,1e-08,0.9475833333333334,0,0.0,554,3,0.0,0.0,148.36305553555553,3.229766304347827,2.8030000000000004,57.55140036231886
spatial_wue_coarse,1.0,3.337780247219746,3.337780247219746,1.0000000000000002,-8.881784197001252e-16,0.0,0.0,-13.23512129906874,-1.0000007932831068e-08,38.354010220005065,1e-08,33.27781044433017,screened_water_cap_1.00,equal_site_portfolio,hub_policy_compliant,central,factorial_015,portfolio_mean,central,gentd26_hourly_service_demand.csv,gentd26_aligned_regional_hourly_cef.csv,capacity_scenarios.csv,energy_calibration_bounds.csv,trace_timestamp_anonymized,single_row_default,0.3,20.0,carbon,211.9472222222222,211.94722220222218,2e-08,0.9999999999056368,0.300000000028309,56.92722900944693,70.30512782658639,33.27781044433017,23.072438271891272,3.337780247219747,0.14466525851695974,0.0,,,1e-08,True,True,0,686,4.440892098500626e-16,0.0,2.7131075164277263e-15,0.0,1e-08,0.9475833333333334,0,-2.7131075164277263e-15,554,3,-8.881784197001252e-16,8.881784197001252e-16,148.36305553555553,3.8531666666666693,3.997916666666667,55.73308333333334
spatial_wue_coarse,0.0,0.0,3.337780247219746,0.0,3.337780247219746,0.0582254091812473,0.17496766885745085,-13.083310813418725,-1.0000007932831068e-08,38.354010220005065,1e-08,33.27781044433017,screened_water_cap_0.00,equal_site_portfolio,hub_policy_compliant,central,factorial_016,portfolio_mean,central,gentd26_hourly_service_demand.csv,gentd26_aligned_regional_hourly_cef.csv,capacity_scenarios.csv,energy_calibration_bounds.csv,trace_timestamp_anonymized,single_row_default,0.3,20.0,carbon,211.9472222222222,211.94722220222218,2e-08,0.9999999999056368,0.30000000002830896,56.92722900944693,70.30512782658639,33.33603585351142,33.98555571991294,0.0,0.0,0.0,,,1e-08,True,True,0,0,4.440892098500626e-16,0.0,0.0,0.0,1e-08,0.9475833333333334,0,0.0,554,3,0.0,0.0,148.36305553555553,0.0,0.0,63.5841666666667
spatial_wue_coarse,0.25,0.8344450618049365,3.337780247219746,0.25000000000000006,2.503335185414809,0.027706894841628582,0.08325936854522986,-13.162881408943317,-1.0000007932831068e-08,38.354010220005065,1e-08,33.27781044433017,screened_water_cap_0.25,equal_site_portfolio,hub_policy_compliant,central,factorial_016,portfolio_mean,central,gentd26_hourly_service_demand.csv,gentd26_aligned_regional_hourly_cef.csv,capacity_scenarios.csv,energy_calibration_bounds.csv,trace_timestamp_anonymized,single_row_default,0.3,20.0,carbon,211.9472222222222,211.94722220222218,2e-08,0.9999999999056368,0.30000000002830896,56.92722900944693,70.30512782658639,33.3055173391718,34.11710545900589,0.8344450618049367,0.02445826076328724,0.0,,,1e-08,True,True,0,678,4.440892098500626e-16,0.0,0.0,0.0,1e-08,0.9475833333333334,0,0.0,554,3,-2.220446049250313e-16,2.220446049250313e-16,148.36305553555553,1.699416666666667,0.5762072916666667,61.30854270833336
spatial_wue_coarse,0.5,1.668890123609873,3.337780247219746,0.5,1.668890123609873,0.009097418803705182,0.027337792607862177,-13.211401696473036,-1.0000007932831068e-08,38.354010220005065,1e-08,33.27781044433017,screened_water_cap_0.50,equal_site_portfolio,hub_policy_compliant,central,factorial_016,portfolio_mean,central,gentd26_hourly_service_demand.csv,gentd26_aligned_regional_hourly_cef.csv,capacity_scenarios.csv,energy_calibration_bounds.csv,trace_timestamp_anonymized,single_row_default,0.3,20.0,carbon,211.9472222222222,211.94722220222218,2e-08,0.9999999999056368,0.30000000002830896,56.92722900944693,70.30512782658639,33.28690786313388,34.40340692286884,1.668890123609873,0.04850944347899796,0.0,,,1e-08,True,True,0,680,4.440892098500626e-16,0.0,0.0,0.0,1e-08,0.9475833333333334,0,0.0,554,3,0.0,0.0,148.36305553555553,2.2199891304347816,1.8302499999999997,59.53392753623191
spatial_wue_coarse,0.75,2.5033351854148096,3.337780247219746,0.75,0.8344450618049364,0.0016325002627155527,0.004905672100763425,-13.230864898621043,-1.0000007932831068e-08,38.354010220005065,1e-08,33.27781044433017,screened_water_cap_0.75,equal_site_portfolio,hub_policy_compliant,central,factorial_016,portfolio_mean,central,gentd26_hourly_service_demand.csv,gentd26_aligned_regional_hourly_cef.csv,capacity_scenarios.csv,energy_calibration_bounds.csv,trace_timestamp_anonymized,single_row_default,0.3,20.0,carbon,211.9472222222222,211.94722220222218,2e-08,0.9999999999056368,0.30000000002830896,56.92722900944693,70.30512782658639,33.27944294459289,34.6254884732993,2.5033351854148096,0.07229746917058522,0.0,,,1e-08,True,True,0,685,4.440892098500626e-16,0.0,0.0,0.0,1e-08,0.9475833333333334,0,0.0,554,3,0.0,0.0,148.36305553555553,3.229766304347827,2.8030000000000004,57.55140036231886
spatial_wue_coarse,1.0,3.337780247219746,3.337780247219746,1.0000000000000002,-8.881784197001252e-16,0.0,0.0,-13.23512129906874,-1.0000007932831068e-08,38.354010220005065,1e-08,33.27781044433017,screened_water_cap_1.00,equal_site_portfolio,hub_policy_compliant,central,factorial_016,portfolio_mean,central,gentd26_hourly_service_demand.csv,gentd26_aligned_regional_hourly_cef.csv,capacity_scenarios.csv,energy_calibration_bounds.csv,trace_timestamp_anonymized,single_row_default,0.3,20.0,carbon,211.9472222222222,211.94722220222218,2e-08,0.9999999999056368,0.300000000028309,56.92722900944693,70.30512782658639,33.27781044433017,34.898291296191644,3.337780247219747,0.09564308518405856,0.0,,,1e-08,True,True,0,686,4.440892098500626e-16,0.0,2.7131075164277263e-15,0.0,1e-08,0.9475833333333334,0,-2.7131075164277263e-15,554,3,-8.881784197001252e-16,8.881784197001252e-16,148.36305553555553,3.8531666666666693,3.997916666666667,55.73308333333334
spatial_wue_coarse,0.0,0.0,3.337780247219746,0.0,3.337780247219746,0.0582254091812473,0.17496766885745085,-13.083310813418725,-1.0000007932831068e-08,38.354010220005065,1e-08,33.27781044433017,screened_water_cap_0.00,equal_site_portfolio,hub_policy_compliant,central,factorial_017,portfolio_mean,central,gentd26_hourly_service_demand.csv,gentd26_aligned_regional_hourly_cef.csv,capacity_scenarios.csv,energy_calibration_bounds.csv,trace_timestamp_anonymized,single_row_default,0.3,20.0,carbon,211.9472222222222,211.94722220222218,2e-08,0.9999999999056368,0.30000000002830896,56.92722900944693,70.30512782658639,33.33603585351142,48.50199911869173,0.0,0.0,0.0,,,1e-08,True,True,0,0,4.440892098500626e-16,0.0,0.0,0.0,1e-08,0.9475833333333334,0,0.0,554,3,0.0,0.0,148.36305553555553,0.0,0.0,63.5841666666667
spatial_wue_coarse,0.25,0.8344450618049365,3.337780247219746,0.25000000000000006,2.503335185414809,0.027706894841628582,0.08325936854522986,-13.162881408943317,-1.0000007932831068e-08,38.354010220005065,1e-08,33.27781044433017,screened_water_cap_0.25,equal_site_portfolio,hub_policy_compliant,central,factorial_017,portfolio_mean,central,gentd26_hourly_service_demand.csv,gentd26_aligned_regional_hourly_cef.csv,capacity_scenarios.csv,energy_calibration_bounds.csv,trace_timestamp_anonymized,single_row_default,0.3,20.0,carbon,211.9472222222222,211.94722220222218,2e-08,0.9999999999056368,0.30000000002830896,56.92722900944693,70.30512782658639,33.3055173391718,48.114017532301915,0.8344450618049367,0.01734307598081416,0.0,,,1e-08,True,True,0,678,4.440892098500626e-16,0.0,0.0,0.0,1e-08,0.9475833333333334,0,0.0,554,3,-2.220446049250313e-16,2.220446049250313e-16,148.36305553555553,1.699416666666667,0.5762072916666667,61.30854270833336
spatial_wue_coarse,0.5,1.668890123609873,3.337780247219746,0.5,1.668890123609873,0.009097418803705182,0.027337792607862177,-13.211401696473036,-1.0000007932831068e-08,38.354010220005065,1e-08,33.27781044433017,screened_water_cap_0.50,equal_site_portfolio,hub_policy_compliant,central,factorial_017,portfolio_mean,central,gentd26_hourly_service_demand.csv,gentd26_aligned_regional_hourly_cef.csv,capacity_scenarios.csv,energy_calibration_bounds.csv,trace_timestamp_anonymized,single_row_default,0.3,20.0,carbon,211.9472222222222,211.94722220222218,2e-08,0.9999999999056368,0.30000000002830896,56.92722900944693,70.30512782658639,33.28690786313388,47.99516938029468,1.668890123609873,0.034772043627687814,0.0,,,1e-08,True,True,0,680,4.440892098500626e-16,0.0,0.0,0.0,1e-08,0.9475833333333334,0,0.0,554,3,0.0,0.0,148.36305553555553,2.2199891304347816,1.8302499999999997,59.53392753623191
spatial_wue_coarse,0.75,2.5033351854148096,3.337780247219746,0.75,0.8344450618049364,0.0016325002627155527,0.004905672100763425,-13.230864898621043,-1.0000007932831068e-08,38.354010220005065,1e-08,33.27781044433017,screened_water_cap_0.75,equal_site_portfolio,hub_policy_compliant,central,factorial_017,portfolio_mean,central,gentd26_hourly_service_demand.csv,gentd26_aligned_regional_hourly_cef.csv,capacity_scenarios.csv,energy_calibration_bounds.csv,trace_timestamp_anonymized,single_row_default,0.3,20.0,carbon,211.9472222222222,211.94722220222218,2e-08,0.9999999999056368,0.30000000002830896,56.92722900944693,70.30512782658639,33.27944294459289,47.764634422317926,2.5033351854148096,0.05240980519773708,0.0,,,1e-08,True,True,0,685,4.440892098500626e-16,0.0,0.0,0.0,1e-08,0.9475833333333334,0,0.0,554,3,0.0,0.0,148.36305553555553,3.229766304347827,2.8030000000000004,57.55140036231886
spatial_wue_coarse,1.0,3.337780247219746,3.337780247219746,1.0000000000000002,-8.881784197001252e-16,0.0,0.0,-13.23512129906874,-1.0000007932831068e-08,38.354010220005065,1e-08,33.27781044433017,screened_water_cap_1.00,equal_site_portfolio,hub_policy_compliant,central,factorial_017,portfolio_mean,central,gentd26_hourly_service_demand.csv,gentd26_aligned_regional_hourly_cef.csv,capacity_scenarios.csv,energy_calibration_bounds.csv,trace_timestamp_anonymized,single_row_default,0.3,20.0,carbon,211.9472222222222,211.94722220222218,2e-08,0.9999999999056368,0.300000000028309,56.92722900944693,70.30512782658639,33.27781044433017,47.62231037297053,3.337780247219747,0.0700885828738415,0.0,,,1e-08,True,True,0,686,4.440892098500626e-16,0.0,2.7131075164277263e-15,0.0,1e-08,0.9475833333333334,0,-2.7131075164277263e-15,554,3,-8.881784197001252e-16,8.881784197001252e-16,148.36305553555553,3.8531666666666693,3.997916666666667,55.73308333333334
spatial_wue_coarse,0.0,0.0,2.456426234003217,0.0,2.456426234003217,0.0582254091812473,0.17496766885745085,-13.083310813418725,-1.0000007932831068e-08,38.354010220005065,1e-08,33.27781044433017,screened_water_cap_0.00,equal_site_portfolio,hub_policy_compliant,central,factorial_018,portfolio_mean,central,gentd26_hourly_service_demand.csv,gentd26_aligned_regional_hourly_cef.csv,capacity_scenarios.csv,energy_calibration_bounds.csv,trace_timestamp_anonymized,single_row_default,0.3,20.0,carbon,211.9472222222222,211.94722220222218,2e-08,0.9999999999056368,0.30000000002830896,56.92722900944693,70.30512782658639,33.33603585351142,20.493802443400895,0.0,0.0,0.0,,,1e-08,True,True,0,0,4.440892098500626e-16,0.0,0.0,0.0,1e-08,0.9475833333333334,0,0.0,554,3,0.0,0.0,148.36305553555553,0.0,0.0,63.5841666666667
spatial_wue_coarse,0.25,0.6141065585008042,2.456426234003217,0.25000000000000006,1.8423196755024125,0.019204183413116027,0.05770867480971997,-13.185050437370172,-1.0000007932831068e-08,38.354010220005065,1e-08,33.27781044433017,screened_water_cap_0.25,equal_site_portfolio,hub_policy_compliant,central,factorial_018,portfolio_mean,central,gentd26_hourly_service_demand.csv,gentd26_aligned_regional_hourly_cef.csv,capacity_scenarios.csv,energy_calibration_bounds.csv,trace_timestamp_anonymized,single_row_default,0.3,20.0,carbon,211.9472222222222,211.94722220222218,2e-08,0.9999999999056368,0.30000000002830896,56.92722900944693,70.30512782658639,33.29701462774329,20.78515490027346,0.6141065585008043,0.029545440553475247,0.0,,,1e-08,True,True,0,680,4.440892098500626e-16,0.0,0.0,0.0,1e-08,0.9475833333333334,0,0.0,554,3,-1.1102230246251565e-16,1.1102230246251565e-16,148.36305553555553,0.6614279166666668,2.6765000000000003,60.246238750000025
spatial_wue_coarse,0.5,1.2282131170016084,2.456426234003217,0.5000000000000001,1.2282131170016082,0.0077772975399454936,0.023370821084989224,-13.214843634502948,-1.0000007932831068e-08,38.354010220005065,1e-08,33.27781044433017,screened_water_cap_0.50,equal_site_portfolio,hub_policy_compliant,central,factorial_018,portfolio_mean,central,gentd26_hourly_service_demand.csv,gentd26_aligned_regional_hourly_cef.csv,capacity_scenarios.csv,energy_calibration_bounds.csv,trace_timestamp_anonymized,single_row_default,0.3,20.0,carbon,211.9472222222222,211.94722220222218,2e-08,0.9999999999056368,0.30000000002830896,56.92722900944693,70.30512782658639,33.28558774187012,21.24237868067067,1.2282131170016086,0.05781900113282564,0.0,,,1e-08,True,True,0,682,4.440892098500626e-16,0.0,0.0,0.0,1e-08,0.9475833333333334,0,0.0,554,3,-2.220446049250313e-16,2.220446049250313e-16,148.36305553555553,1.699416666666667,3.2609953703703702,58.623754629629644
spatial_wue_coarse,0.75,1.8423196755024125,2.456426234003217,0.75,0.6141065585008043,0.0017008420766018162,0.005111039620375735,-13.230686711741779,-1.0000007932831068e-08,38.354010220005065,1e-08,33.27781044433017,screened_water_cap_0.75,equal_site_portfolio,hub_policy_compliant,central,factorial_018,portfolio_mean,central,gentd26_hourly_service_demand.csv,gentd26_aligned_regional_hourly_cef.csv,capacity_scenarios.csv,energy_calibration_bounds.csv,trace_timestamp_anonymized,single_row_default,0.3,20.0,carbon,211.9472222222222,211.94722220222218,2e-08,0.9999999999056368,0.30000000002830896,56.92722900944693,70.30512782658639,33.27951128640677,21.718181599827822,1.8423196755024125,0.08482844970395763,0.0,,,1e-08,True,True,0,689,4.440892098500626e-16,0.0,0.0,0.0,1e-08,0.9475833333333334,0,0.0,554,3,0.0,0.0,148.36305553555553,2.779583749999999,3.611166666666667,57.19341625000002
spatial_wue_coarse,1.0,2.456426234003217,2.456426234003217,0.9999999999999997,8.881784197001252e-16,0.0,0.0,-13.23512129906874,-1.0000007932831068e-08,38.354010220005065,1e-08,33.27781044433017,screened_water_cap_1.00,equal_site_portfolio,hub_policy_compliant,central,factorial_018,portfolio_mean,central,gentd26_hourly_service_demand.csv,gentd26_aligned_regional_hourly_cef.csv,capacity_scenarios.csv,energy_calibration_bounds.csv,trace_timestamp_anonymized,single_row_default,0.3,20.0,carbon,211.9472222222222,211.94722220222218,2e-08,0.9999999999056368,0.30000000002830896,56.92722900944693,70.30512782658639,33.27781044433017,22.191084258674742,2.456426234003216,0.11069428628945752,0.0,,,1e-08,True,True,0,684,4.440892098500626e-16,0.0,0.0,0.0,1e-08,0.9475833333333334,0,0.0,554,3,8.881784197001252e-16,0.0,148.36305553555553,3.853166666666665,3.997916666666667,55.73308333333334
spatial_wue_coarse,0.0,0.0,2.456426234003217,0.0,2.456426234003217,0.0582254091812473,0.17496766885745085,-13.083310813418725,-1.0000007932831068e-08,38.354010220005065,1e-08,33.27781044433017,screened_water_cap_0.00,equal_site_portfolio,hub_policy_compliant,central,factorial_019,portfolio_mean,central,gentd26_hourly_service_demand.csv,gentd26_aligned_regional_hourly_cef.csv,capacity_scenarios.csv,energy_calibration_bounds.csv,trace_timestamp_anonymized,single_row_default,0.3,20.0,carbon,211.9472222222222,211.94722220222218,2e-08,0.9999999999056368,0.30000000002830896,56.92722900944693,70.30512782658639,33.33603585351142,33.98555571991294,0.0,0.0,0.0,,,1e-08,True,True,0,0,4.440892098500626e-16,0.0,0.0,0.0,1e-08,0.9475833333333334,0,0.0,554,3,0.0,0.0,148.36305553555553,0.0,0.0,63.5841666666667
spatial_wue_coarse,0.25,0.6141065585008042,2.456426234003217,0.25000000000000006,1.8423196755024125,0.019204183413116027,0.05770867480971997,-13.185050437370172,-1.0000007932831068e-08,38.354010220005065,1e-08,33.27781044433017,screened_water_cap_0.25,equal_site_portfolio,hub_policy_compliant,central,factorial_019,portfolio_mean,central,gentd26_hourly_service_demand.csv,gentd26_aligned_regional_hourly_cef.csv,capacity_scenarios.csv,energy_calibration_bounds.csv,trace_timestamp_anonymized,single_row_default,0.3,20.0,carbon,211.9472222222222,211.94722220222218,2e-08,0.9999999999056368,0.30000000002830896,56.92722900944693,70.30512782658639,33.29701462774329,33.56864223154575,0.6141065585008043,0.018294054143295217,0.0,,,1e-08,True,True,0,680,4.440892098500626e-16,0.0,0.0,0.0,1e-08,0.9475833333333334,0,0.0,554,3,-1.1102230246251565e-16,1.1102230246251565e-16,148.36305553555553,0.6614279166666668,2.6765000000000003,60.246238750000025
spatial_wue_coarse,0.5,1.2282131170016084,2.456426234003217,0.5000000000000001,1.2282131170016082,0.0077772975399454936,0.023370821084989224,-13.214843634502948,-1.0000007932831068e-08,38.354010220005065,1e-08,33.27781044433017,screened_water_cap_0.50,equal_site_portfolio,hub_policy_compliant,central,factorial_019,portfolio_mean,central,gentd26_hourly_service_demand.csv,gentd26_aligned_regional_hourly_cef.csv,capacity_scenarios.csv,energy_calibration_bounds.csv,trace_timestamp_anonymized,single_row_default,0.3,20.0,carbon,211.9472222222222,211.94722220222218,2e-08,0.9999999999056368,0.30000000002830896,56.92722900944693,70.30512782658639,33.28558774187012,33.6815954711045,1.2282131170016086,0.036465407882928076,0.0,,,1e-08,True,True,0,682,4.440892098500626e-16,0.0,0.0,0.0,1e-08,0.9475833333333334,0,0.0,554,3,-2.220446049250313e-16,2.220446049250313e-16,148.36305553555553,1.699416666666667,3.2609953703703702,58.623754629629644
spatial_wue_coarse,0.75,1.8423196755024125,2.456426234003217,0.75,0.6141065585008043,0.0017008420766018162,0.005111039620375735,-13.230686711741779,-1.0000007932831068e-08,38.354010220005065,1e-08,33.27781044433017,screened_water_cap_0.75,equal_site_portfolio,hub_policy_compliant,central,factorial_019,portfolio_mean,central,gentd26_hourly_service_demand.csv,gentd26_aligned_regional_hourly_cef.csv,capacity_scenarios.csv,energy_calibration_bounds.csv,trace_timestamp_anonymized,single_row_default,0.3,20.0,carbon,211.9472222222222,211.94722220222218,2e-08,0.9999999999056368,0.30000000002830896,56.92722900944693,70.30512782658639,33.27951128640677,33.85389873725755,1.8423196755024125,0.0544197195661505,0.0,,,1e-08,True,True,0,689,4.440892098500626e-16,0.0,0.0,0.0,1e-08,0.9475833333333334,0,0.0,554,3,0.0,0.0,148.36305553555553,2.779583749999999,3.611166666666667,57.19341625000002
spatial_wue_coarse,1.0,2.456426234003217,2.456426234003217,0.9999999999999997,8.881784197001252e-16,0.0,0.0,-13.23512129906874,-1.0000007932831068e-08,38.354010220005065,1e-08,33.27781044433017,screened_water_cap_1.00,equal_site_portfolio,hub_policy_compliant,central,factorial_019,portfolio_mean,central,gentd26_hourly_service_demand.csv,gentd26_aligned_regional_hourly_cef.csv,capacity_scenarios.csv,energy_calibration_bounds.csv,trace_timestamp_anonymized,single_row_default,0.3,20.0,carbon,211.9472222222222,211.94722220222218,2e-08,0.9999999999056368,0.30000000002830896,56.92722900944693,70.30512782658639,33.27781044433017,34.01693728297511,2.456426234003216,0.072211857686336,0.0,,,1e-08,True,True,0,684,4.440892098500626e-16,0.0,0.0,0.0,1e-08,0.9475833333333334,0,0.0,554,3,8.881784197001252e-16,0.0,148.36305553555553,3.853166666666665,3.997916666666667,55.73308333333334
spatial_wue_coarse,0.0,0.0,2.456426234003217,0.0,2.456426234003217,0.0582254091812473,0.17496766885745085,-13.083310813418725,-1.0000007932831068e-08,38.354010220005065,1e-08,33.27781044433017,screened_water_cap_0.00,equal_site_portfolio,hub_policy_compliant,central,factorial_020,portfolio_mean,central,gentd26_hourly_service_demand.csv,gentd26_aligned_regional_hourly_cef.csv,capacity_scenarios.csv,energy_calibration_bounds.csv,trace_timestamp_anonymized,single_row_default,0.3,20.0,carbon,211.9472222222222,211.94722220222218,2e-08,0.9999999999056368,0.30000000002830896,56.92722900944693,70.30512782658639,33.33603585351142,48.50199911869173,0.0,0.0,0.0,,,1e-08,True,True,0,0,4.440892098500626e-16,0.0,0.0,0.0,1e-08,0.9475833333333334,0,0.0,554,3,0.0,0.0,148.36305553555553,0.0,0.0,63.5841666666667
spatial_wue_coarse,0.25,0.6141065585008042,2.456426234003217,0.25000000000000006,1.8423196755024125,0.019204183413116027,0.05770867480971997,-13.185050437370172,-1.0000007932831068e-08,38.354010220005065,1e-08,33.27781044433017,screened_water_cap_0.25,equal_site_portfolio,hub_policy_compliant,central,factorial_020,portfolio_mean,central,gentd26_hourly_service_demand.csv,gentd26_aligned_regional_hourly_cef.csv,capacity_scenarios.csv,energy_calibration_bounds.csv,trace_timestamp_anonymized,single_row_default,0.3,20.0,carbon,211.9472222222222,211.94722220222218,2e-08,0.9999999999056368,0.30000000002830896,56.92722900944693,70.30512782658639,33.29701462774329,47.323027334813425,0.6141065585008043,0.012976907714630372,0.0,,,1e-08,True,True,0,680,4.440892098500626e-16,0.0,0.0,0.0,1e-08,0.9475833333333334,0,0.0,554,3,-1.1102230246251565e-16,1.1102230246251565e-16,148.36305553555553,0.6614279166666668,2.6765000000000003,60.246238750000025
spatial_wue_coarse,0.5,1.2282131170016084,2.456426234003217,0.5000000000000001,1.2282131170016082,0.0077772975399454936,0.023370821084989224,-13.214843634502948,-1.0000007932831068e-08,38.354010220005065,1e-08,33.27781044433017,screened_water_cap_0.50,equal_site_portfolio,hub_policy_compliant,central,factorial_020,portfolio_mean,central,gentd26_hourly_service_demand.csv,gentd26_aligned_regional_hourly_cef.csv,capacity_scenarios.csv,energy_calibration_bounds.csv,trace_timestamp_anonymized,single_row_default,0.3,20.0,carbon,211.9472222222222,211.94722220222218,2e-08,0.9999999999056368,0.30000000002830896,56.92722900944693,70.30512782658639,33.28558774187012,47.06556290384979,1.2282131170016086,0.026095791513441036,0.0,,,1e-08,True,True,0,682,4.440892098500626e-16,0.0,0.0,0.0,1e-08,0.9475833333333334,0,0.0,554,3,-2.220446049250313e-16,2.220446049250313e-16,148.36305553555553,1.699416666666667,3.2609953703703702,58.623754629629644
spatial_wue_coarse,0.75,1.8423196755024125,2.456426234003217,0.75,0.6141065585008043,0.0017008420766018162,0.005111039620375735,-13.230686711741779,-1.0000007932831068e-08,38.354010220005065,1e-08,33.27781044433017,screened_water_cap_0.75,equal_site_portfolio,hub_policy_compliant,central,factorial_020,portfolio_mean,central,gentd26_hourly_service_demand.csv,gentd26_aligned_regional_hourly_cef.csv,capacity_scenarios.csv,energy_calibration_bounds.csv,trace_timestamp_anonymized,single_row_default,0.3,20.0,carbon,211.9472222222222,211.94722220222218,2e-08,0.9999999999056368,0.30000000002830896,56.92722900944693,70.30512782658639,33.27951128640677,46.911315910441445,1.8423196755024125,0.0392723938722928,0.0,,,1e-08,True,True,0,689,4.440892098500626e-16,0.0,0.0,0.0,1e-08,0.9475833333333334,0,0.0,554,3,0.0,0.0,148.36305553555553,2.779583749999999,3.611166666666667,57.19341625000002
spatial_wue_coarse,1.0,2.456426234003217,2.456426234003217,0.9999999999999997,8.881784197001252e-16,0.0,0.0,-13.23512129906874,-1.0000007932831068e-08,38.354010220005065,1e-08,33.27781044433017,screened_water_cap_1.00,equal_site_portfolio,hub_policy_compliant,central,factorial_020,portfolio_mean,central,gentd26_hourly_service_demand.csv,gentd26_aligned_regional_hourly_cef.csv,capacity_scenarios.csv,energy_calibration_bounds.csv,trace_timestamp_anonymized,single_row_default,0.3,20.0,carbon,211.9472222222222,211.94722220222218,2e-08,0.9999999999056368,0.30000000002830896,56.92722900944693,70.30512782658639,33.27781044433017,46.74095635975401,2.456426234003216,0.052554043077268,0.0,,,1e-08,True,True,0,684,4.440892098500626e-16,0.0,0.0,0.0,1e-08,0.9475833333333334,0,0.0,554,3,8.881784197001252e-16,0.0,148.36305553555553,3.853166666666665,3.997916666666667,55.73308333333334
spatial_wue_coarse,0.0,0.0,3.304733416662245,0.0,3.304733416662245,0.0582254091812473,0.17496766885745085,-13.083310813418725,-1.0000007932831068e-08,38.354010220005065,1e-08,33.27781044433017,screened_water_cap_0.00,equal_site_portfolio,hub_policy_compliant,central,factorial_021,portfolio_mean,central,gentd26_hourly_service_demand.csv,gentd26_aligned_regional_hourly_cef.csv,capacity_scenarios.csv,energy_calibration_bounds.csv,trace_timestamp_anonymized,single_row_default,0.3,20.0,carbon,211.9472222222222,211.94722220222218,2e-08,0.9999999999056368,0.30000000002830896,56.92722900944693,70.30512782658639,33.33603585351142,20.493802443400895,0.0,0.0,0.0,,,1e-08,True,True,0,0,4.440892098500626e-16,0.0,0.0,0.0,1e-08,0.9475833333333334,0,0.0,554,3,0.0,0.0,148.36305553555553,0.0,0.0,63.5841666666667
spatial_wue_coarse,0.25,0.8261833541655612,3.304733416662245,0.25,2.4785500624966836,0.02482379217520503,0.07459562947127463,-13.1703984916418,-1.0000007932831068e-08,38.354010220005065,1e-08,33.27781044433017,screened_water_cap_0.25,equal_site_portfolio,hub_policy_compliant,central,factorial_021,portfolio_mean,central,gentd26_hourly_service_demand.csv,gentd26_aligned_regional_hourly_cef.csv,capacity_scenarios.csv,energy_calibration_bounds.csv,trace_timestamp_anonymized,single_row_default,0.3,20.0,carbon,211.9472222222222,211.94722220222218,2e-08,0.9999999999056368,0.30000000002830896,56.92722900944693,70.30512782658639,33.30263423650538,21.09531987620683,0.8261833541655612,0.03916429610993498,0.0,,,1e-08,True,True,0,677,4.440892098500626e-16,0.0,0.0,0.0,1e-08,0.9475833333333334,0,0.0,554,3,0.0,0.0,148.36305553555553,0.4752484375,1.8482499999999997,61.26066822916669
spatial_wue_coarse,0.5,1.6523667083311224,3.304733416662245,0.5,1.6523667083311224,0.00966202484798373,0.029034436818342613,-13.209929605181825,-1.0000007932831068e-08,38.354010220005065,1e-08,33.27781044433017,screened_water_cap_0.50,equal_site_portfolio,hub_policy_compliant,central,factorial_021,portfolio_mean,central,gentd26_hourly_service_demand.csv,gentd26_aligned_regional_hourly_cef.csv,capacity_scenarios.csv,energy_calibration_bounds.csv,trace_timestamp_anonymized,single_row_default,0.3,20.0,carbon,211.9472222222222,211.94722220222218,2e-08,0.9999999999056368,0.30000000002830896,56.92722900944693,70.30512782658639,33.287472469178155,21.757180940725267,1.6523667083311224,0.07594580901049588,0.0,,,1e-08,True,True,0,686,4.440892098500626e-16,0.0,0.0,0.0,1e-08,0.9475833333333334,0,0.0,554,3,0.0,0.0,148.36305553555553,1.7948333333333335,2.2280887681159407,59.561244565217415
spatial_wue_coarse,0.75,2.4785500624966836,3.304733416662245,0.75,0.8261833541655612,0.0019433619071236308,0.005839813020069862,-13.230054392385515,-1.0000007932831068e-08,38.354010220005065,1e-08,33.27781044433017,screened_water_cap_0.75,equal_site_portfolio,hub_policy_compliant,central,factorial_021,portfolio_mean,central,gentd26_hourly_service_demand.csv,gentd26_aligned_regional_hourly_cef.csv,capacity_scenarios.csv,energy_calibration_bounds.csv,trace_timestamp_anonymized,single_row_default,0.3,20.0,carbon,211.9472222222222,211.94722220222218,2e-08,0.9999999999056368,0.30000000002830896,56.92722900944693,70.30512782658639,33.279753806237295,22.41102559903863,2.4785500624966836,0.11059511986827619,0.0,,,1e-08,True,True,0,688,4.440892098500626e-16,0.0,0.0,0.0,1e-08,0.9475833333333334,0,0.0,554,3,0.0,0.0,148.36305553555553,3.0022515624999992,2.8030000000000004,57.77891510416668
spatial_wue_coarse,1.0,3.304733416662245,3.304733416662245,1.0000000000000002,-4.440892098500626e-16,0.0,0.0,-13.23512129906874,-1.0000007932831068e-08,38.354010220005065,1e-08,33.27781044433017,screened_water_cap_1.00,equal_site_portfolio,hub_policy_compliant,central,factorial_021,portfolio_mean,central,gentd26_hourly_service_demand.csv,gentd26_aligned_regional_hourly_cef.csv,capacity_scenarios.csv,energy_calibration_bounds.csv,trace_timestamp_anonymized,single_row_default,0.3,20.0,carbon,211.9472222222222,211.94722220222218,2e-08,0.9999999999056368,0.300000000028309,56.92722900944693,70.30512782658639,33.27781044433017,23.039391441333773,3.3047334166622453,0.14343839875620132,0.0,,,1e-08,True,True,0,686,4.440892098500626e-16,0.0,8.118505867571457e-16,0.0,1e-08,0.9475833333333334,0,-8.118505867571457e-16,554,3,-4.440892098500626e-16,4.440892098500626e-16,148.36305553555553,3.8531666666666675,3.997916666666667,55.73308333333334
spatial_wue_coarse,0.0,0.0,3.304733416662245,0.0,3.304733416662245,0.0582254091812473,0.17496766885745085,-13.083310813418725,-1.0000007932831068e-08,38.354010220005065,1e-08,33.27781044433017,screened_water_cap_0.00,equal_site_portfolio,hub_policy_compliant,central,factorial_022,portfolio_mean,central,gentd26_hourly_service_demand.csv,gentd26_aligned_regional_hourly_cef.csv,capacity_scenarios.csv,energy_calibration_bounds.csv,trace_timestamp_anonymized,single_row_default,0.3,20.0,carbon,211.9472222222222,211.94722220222218,2e-08,0.9999999999056368,0.30000000002830896,56.92722900944693,70.30512782658639,33.33603585351142,33.98555571991294,0.0,0.0,0.0,,,1e-08,True,True,0,0,4.440892098500626e-16,0.0,0.0,0.0,1e-08,0.9475833333333334,0,0.0,554,3,0.0,0.0,148.36305553555553,0.0,0.0,63.5841666666667
spatial_wue_coarse,0.25,0.8261833541655612,3.304733416662245,0.25,2.4785500624966836,0.02482379217520503,0.07459562947127463,-13.1703984916418,-1.0000007932831068e-08,38.354010220005065,1e-08,33.27781044433017,screened_water_cap_0.25,equal_site_portfolio,hub_policy_compliant,central,factorial_022,portfolio_mean,central,gentd26_hourly_service_demand.csv,gentd26_aligned_regional_hourly_cef.csv,capacity_scenarios.csv,energy_calibration_bounds.csv,trace_timestamp_anonymized,single_row_default,0.3,20.0,carbon,211.9472222222222,211.94722220222218,2e-08,0.9999999999056368,0.30000000002830896,56.92722900944693,70.30512782658639,33.30263423650538,34.09405626973525,0.8261833541655612,0.024232474646877118,0.0,,,1e-08,True,True,0,677,4.440892098500626e-16,0.0,0.0,0.0,1e-08,0.9475833333333334,0,0.0,554,3,0.0,0.0,148.36305553555553,0.4752484375,1.8482499999999997,61.26066822916669
spatial_wue_coarse,0.5,1.6523667083311224,3.304733416662245,0.5,1.6523667083311224,0.00966202484798373,0.029034436818342613,-13.209929605181825,-1.0000007932831068e-08,38.354010220005065,1e-08,33.27781044433017,screened_water_cap_0.50,equal_site_portfolio,hub_policy_compliant,central,factorial_022,portfolio_mean,central,gentd26_hourly_service_demand.csv,gentd26_aligned_regional_hourly_cef.csv,capacity_scenarios.csv,energy_calibration_bounds.csv,trace_timestamp_anonymized,single_row_default,0.3,20.0,carbon,211.9472222222222,211.94722220222218,2e-08,0.9999999999056368,0.30000000002830896,56.92722900944693,70.30512782658639,33.287472469178155,34.39532119863917,1.6523667083311224,0.048040450001568744,0.0,,,1e-08,True,True,0,686,4.440892098500626e-16,0.0,0.0,0.0,1e-08,0.9475833333333334,0,0.0,554,3,0.0,0.0,148.36305553555553,1.7948333333333335,2.2280887681159407,59.561244565217415
spatial_wue_coarse,0.75,2.4785500624966836,3.304733416662245,0.75,0.8261833541655612,0.0019433619071236308,0.005839813020069862,-13.230054392385515,-1.0000007932831068e-08,38.354010220005065,1e-08,33.27781044433017,screened_water_cap_0.75,equal_site_portfolio,hub_policy_compliant,central,factorial_022,portfolio_mean,central,gentd26_hourly_service_demand.csv,gentd26_aligned_regional_hourly_cef.csv,capacity_scenarios.csv,energy_calibration_bounds.csv,trace_timestamp_anonymized,single_row_default,0.3,20.0,carbon,211.9472222222222,211.94722220222218,2e-08,0.9999999999056368,0.30000000002830896,56.92722900944693,70.30512782658639,33.279753806237295,34.67097816327688,2.4785500624966836,0.07148774548051075,0.0,,,1e-08,True,True,0,688,4.440892098500626e-16,0.0,0.0,0.0,1e-08,0.9475833333333334,0,0.0,554,3,0.0,0.0,148.36305553555553,3.0022515624999992,2.8030000000000004,57.77891510416668
spatial_wue_coarse,1.0,3.304733416662245,3.304733416662245,1.0000000000000002,-4.440892098500626e-16,0.0,0.0,-13.23512129906874,-1.0000007932831068e-08,38.354010220005065,1e-08,33.27781044433017,screened_water_cap_1.00,equal_site_portfolio,hub_policy_compliant,central,factorial_022,portfolio_mean,central,gentd26_hourly_service_demand.csv,gentd26_aligned_regional_hourly_cef.csv,capacity_scenarios.csv,energy_calibration_bounds.csv,trace_timestamp_anonymized,single_row_default,0.3,20.0,carbon,211.9472222222222,211.94722220222218,2e-08,0.9999999999056368,0.300000000028309,56.92722900944693,70.30512782658639,33.27781044433017,34.86524446563414,3.3047334166622453,0.09478589544724529,0.0,,,1e-08,True,True,0,686,4.440892098500626e-16,0.0,8.118505867571457e-16,0.0,1e-08,0.9475833333333334,0,-8.118505867571457e-16,554,3,-4.440892098500626e-16,4.440892098500626e-16,148.36305553555553,3.8531666666666675,3.997916666666667,55.73308333333334
spatial_wue_coarse,0.0,0.0,3.304733416662245,0.0,3.304733416662245,0.0582254091812473,0.17496766885745085,-13.083310813418725,-1.0000007932831068e-08,38.354010220005065,1e-08,33.27781044433017,screened_water_cap_0.00,equal_site_portfolio,hub_policy_compliant,central,factorial_023,portfolio_mean,central,gentd26_hourly_service_demand.csv,gentd26_aligned_regional_hourly_cef.csv,capacity_scenarios.csv,energy_calibration_bounds.csv,trace_timestamp_anonymized,single_row_default,0.3,20.0,carbon,211.9472222222222,211.94722220222218,2e-08,0.9999999999056368,0.30000000002830896,56.92722900944693,70.30512782658639,33.33603585351142,48.50199911869173,0.0,0.0,0.0,,,1e-08,True,True,0,0,4.440892098500626e-16,0.0,0.0,0.0,1e-08,0.9475833333333334,0,0.0,554,3,0.0,0.0,148.36305553555553,0.0,0.0,63.5841666666667
spatial_wue_coarse,0.25,0.8261833541655612,3.304733416662245,0.25,2.4785500624966836,0.02482379217520503,0.07459562947127463,-13.1703984916418,-1.0000007932831068e-08,38.354010220005065,1e-08,33.27781044433017,screened_water_cap_0.25,equal_site_portfolio,hub_policy_compliant,central,factorial_023,portfolio_mean,central,gentd26_hourly_service_demand.csv,gentd26_aligned_regional_hourly_cef.csv,capacity_scenarios.csv,energy_calibration_bounds.csv,trace_timestamp_anonymized,single_row_default,0.3,20.0,carbon,211.9472222222222,211.94722220222218,2e-08,0.9999999999056368,0.30000000002830896,56.92722900944693,70.30512782658639,33.30263423650538,48.080038465303815,0.8261833541655612,0.017183500274480085,0.0,,,1e-08,True,True,0,677,4.440892098500626e-16,0.0,0.0,0.0,1e-08,0.9475833333333334,0,0.0,554,3,0.0,0.0,148.36305553555553,0.4752484375,1.8482499999999997,61.26066822916669
spatial_wue_coarse,0.5,1.6523667083311224,3.304733416662245,0.5,1.6523667083311224,0.00966202484798373,0.029034436818342613,-13.209929605181825,-1.0000007932831068e-08,38.354010220005065,1e-08,33.27781044433017,screened_water_cap_0.50,equal_site_portfolio,hub_policy_compliant,central,factorial_023,portfolio_mean,central,gentd26_hourly_service_demand.csv,gentd26_aligned_regional_hourly_cef.csv,capacity_scenarios.csv,energy_calibration_bounds.csv,trace_timestamp_anonymized,single_row_default,0.3,20.0,carbon,211.9472222222222,211.94722220222218,2e-08,0.9999999999056368,0.30000000002830896,56.92722900944693,70.30512782658639,33.287472469178155,47.993320210318686,1.6523667083311224,0.034429097655466215,0.0,,,1e-08,True,True,0,686,4.440892098500626e-16,0.0,0.0,0.0,1e-08,0.9475833333333334,0,0.0,554,3,0.0,0.0,148.36305553555553,1.7948333333333335,2.2280887681159407,59.561244565217415
spatial_wue_coarse,0.75,2.4785500624966836,3.304733416662245,0.75,0.8261833541655612,0.0019433619071236308,0.005839813020069862,-13.230054392385515,-1.0000007932831068e-08,38.354010220005065,1e-08,33.27781044433017,screened_water_cap_0.75,equal_site_portfolio,hub_policy_compliant,central,factorial_023,portfolio_mean,central,gentd26_hourly_service_demand.csv,gentd26_aligned_regional_hourly_cef.csv,capacity_scenarios.csv,energy_calibration_bounds.csv,trace_timestamp_anonymized,single_row_default,0.3,20.0,carbon,211.9472222222222,211.94722220222218,2e-08,0.9999999999056368,0.30000000002830896,56.92722900944693,70.30512782658639,33.279753806237295,47.86206636530538,2.4785500624966836,0.05178527068972003,0.0,,,1e-08,True,True,0,688,4.440892098500626e-16,0.0,0.0,0.0,1e-08,0.9475833333333334,0,0.0,554,3,0.0,0.0,148.36305553555553,3.0022515624999992,2.8030000000000004,57.77891510416668
spatial_wue_coarse,1.0,3.304733416662245,3.304733416662245,1.0000000000000002,-4.440892098500626e-16,0.0,0.0,-13.23512129906874,-1.0000007932831068e-08,38.354010220005065,1e-08,33.27781044433017,screened_water_cap_1.00,equal_site_portfolio,hub_policy_compliant,central,factorial_023,portfolio_mean,central,gentd26_hourly_service_demand.csv,gentd26_aligned_regional_hourly_cef.csv,capacity_scenarios.csv,energy_calibration_bounds.csv,trace_timestamp_anonymized,single_row_default,0.3,20.0,carbon,211.9472222222222,211.94722220222218,2e-08,0.9999999999056368,0.300000000028309,56.92722900944693,70.30512782658639,33.27781044433017,47.589263542413036,3.3047334166622453,0.06944283585554889,0.0,,,1e-08,True,True,0,686,4.440892098500626e-16,0.0,8.118505867571457e-16,0.0,1e-08,0.9475833333333334,0,-8.118505867571457e-16,554,3,-4.440892098500626e-16,4.440892098500626e-16,148.36305553555553,3.8531666666666675,3.997916666666667,55.73308333333334
spatial_wue_coarse,0.0,0.0,4.2174689929409475,0.0,4.2174689929409475,0.0582254091812473,0.17496766885745085,-13.083310813418725,-1.0000007932831068e-08,38.354010220005065,1e-08,33.27781044433017,screened_water_cap_0.00,equal_site_portfolio,hub_policy_compliant,central,factorial_024,portfolio_mean,central,gentd26_hourly_service_demand.csv,gentd26_aligned_regional_hourly_cef.csv,capacity_scenarios.csv,energy_calibration_bounds.csv,trace_timestamp_anonymized,single_row_default,0.3,20.0,carbon,211.9472222222222,211.94722220222218,2e-08,0.9999999999056368,0.30000000002830896,56.92722900944693,70.30512782658639,33.33603585351142,20.493802443400895,0.0,0.0,0.0,,,1e-08,True,True,0,0,4.440892098500626e-16,0.0,0.0,0.0,1e-08,0.9475833333333334,0,0.0,554,3,0.0,0.0,148.36305553555553,0.0,0.0,63.5841666666667
spatial_wue_coarse,0.25,1.0543672482352369,4.2174689929409475,0.25,3.1631017447057106,0.02847432026741359,0.08556548609184311,-13.160880508851292,-1.0000007932831068e-08,38.354010220005065,1e-08,33.27781044433017,screened_water_cap_0.25,equal_site_portfolio,hub_policy_compliant,central,factorial_024,portfolio_mean,central,gentd26_hourly_service_demand.csv,gentd26_aligned_regional_hourly_cef.csv,capacity_scenarios.csv,energy_calibration_bounds.csv,trace_timestamp_anonymized,single_row_default,0.3,20.0,carbon,211.9472222222222,211.94722220222218,2e-08,0.9999999999056368,0.30000000002830896,56.92722900944693,70.30512782658639,33.306284764597585,21.358383586953792,1.0543672482352369,0.049365498280463015,0.0,,,1e-08,True,True,0,678,4.440892098500626e-16,0.0,0.0,0.0,1e-08,0.9475833333333334,0,0.0,554,3,0.0,0.0,148.36305553555553,0.909104166666667,1.0536666666666663,61.62139583333336
spatial_wue_coarse,0.5,2.1087344964704737,4.2174689929409475,0.5000000000000001,2.1087344964704733,0.009671953295018909,0.029064271855272494,-13.209903718848215,-1.0000007932831068e-08,38.354010220005065,1e-08,33.27781044433017,screened_water_cap_0.50,equal_site_portfolio,hub_policy_compliant,central,factorial_024,portfolio_mean,central,gentd26_hourly_service_demand.csv,gentd26_aligned_regional_hourly_cef.csv,capacity_scenarios.csv,energy_calibration_bounds.csv,trace_timestamp_anonymized,single_row_default,0.3,20.0,carbon,211.9472222222222,211.94722220222218,2e-08,0.9999999999056368,0.30000000002830896,56.92722900944693,70.30512782658639,33.28748239762519,22.222964730506686,2.108734496470474,0.09488988179762074,0.0,,,1e-08,True,True,0,683,4.440892098500626e-16,0.0,0.0,0.0,1e-08,0.9475833333333334,0,0.0,554,3,-4.440892098500626e-16,4.440892098500626e-16,148.36305553555553,2.003625000000001,1.9219166666666663,59.65862500000002
spatial_wue_coarse,0.75,3.1631017447057106,4.2174689929409475,0.7500000000000002,1.054367248235236,0.0017832854951365107,0.005358782538045226,-13.230471757899764,-1.0000007932831068e-08,38.354010220005065,1e-08,33.27781044433017,screened_water_cap_0.75,equal_site_portfolio,hub_policy_compliant,central,factorial_024,portfolio_mean,central,gentd26_hourly_service_demand.csv,gentd26_aligned_regional_hourly_cef.csv,capacity_scenarios.csv,energy_calibration_bounds.csv,trace_timestamp_anonymized,single_row_default,0.3,20.0,carbon,211.9472222222222,211.94722220222218,2e-08,0.9999999999056368,0.30000000002830896,56.92722900944693,70.30512782658639,33.27959372982531,23.08754587405958,3.1631017447057115,0.13700467611240008,0.0,,,1e-08,True,True,0,688,4.440892098500626e-16,0.0,0.0,0.0,1e-08,0.9475833333333334,0,0.0,554,3,-8.881784197001252e-16,8.881784197001252e-16,148.36305553555553,3.0441666666666665,2.844145833333336,57.69585416666668
spatial_wue_coarse,1.0,4.2174689929409475,4.2174689929409475,1.0000000000000004,-1.7763568394002505e-15,0.0,0.0,-13.23512129906874,-1.0000007932831068e-08,38.354010220005065,1e-08,33.27781044433017,screened_water_cap_1.00,equal_site_portfolio,hub_policy_compliant,central,factorial_024,portfolio_mean,central,gentd26_hourly_service_demand.csv,gentd26_aligned_regional_hourly_cef.csv,capacity_scenarios.csv,energy_calibration_bounds.csv,trace_timestamp_anonymized,single_row_default,0.3,20.0,carbon,211.9472222222222,211.94722220222218,2e-08,0.9999999999056368,0.300000000028309,56.92722900944693,70.30512782658639,33.27781044433017,23.952127017612476,4.217468992940949,0.1760791010268007,0.0,,,1e-08,True,True,0,684,4.440892098500626e-16,0.0,2.9108659926890823e-15,0.0,1e-08,0.9475833333333334,0,-2.9108659926890823e-15,554,3,-1.7763568394002505e-15,1.7763568394002505e-15,148.36305553555553,3.8531666666666693,3.997916666666667,55.73308333333334
spatial_wue_coarse,0.0,0.0,4.2174689929409475,0.0,4.2174689929409475,0.0582254091812473,0.17496766885745085,-13.083310813418725,-1.0000007932831068e-08,38.354010220005065,1e-08,33.27781044433017,screened_water_cap_0.00,equal_site_portfolio,hub_policy_compliant,central,factorial_025,portfolio_mean,central,gentd26_hourly_service_demand.csv,gentd26_aligned_regional_hourly_cef.csv,capacity_scenarios.csv,energy_calibration_bounds.csv,trace_timestamp_anonymized,single_row_default,0.3,20.0,carbon,211.9472222222222,211.94722220222218,2e-08,0.9999999999056368,0.30000000002830896,56.92722900944693,70.30512782658639,33.33603585351142,33.98555571991294,0.0,0.0,0.0,,,1e-08,True,True,0,0,4.440892098500626e-16,0.0,0.0,0.0,1e-08,0.9475833333333334,0,0.0,554,3,0.0,0.0,148.36305553555553,0.0,0.0,63.5841666666667
spatial_wue_coarse,0.25,1.0543672482352369,4.2174689929409475,0.25,3.1631017447057106,0.02847432026741359,0.08556548609184311,-13.160880508851292,-1.0000007932831068e-08,38.354010220005065,1e-08,33.27781044433017,screened_water_cap_0.25,equal_site_portfolio,hub_policy_compliant,central,factorial_025,portfolio_mean,central,gentd26_hourly_service_demand.csv,gentd26_aligned_regional_hourly_cef.csv,capacity_scenarios.csv,energy_calibration_bounds.csv,trace_timestamp_anonymized,single_row_default,0.3,20.0,carbon,211.9472222222222,211.94722220222218,2e-08,0.9999999999056368,0.30000000002830896,56.92722900944693,70.30512782658639,33.306284764597585,34.433661800412914,1.0543672482352369,0.030620247545748776,0.0,,,1e-08,True,True,0,678,4.440892098500626e-16,0.0,0.0,0.0,1e-08,0.9475833333333334,0,0.0,554,3,0.0,0.0,148.36305553555553,0.909104166666667,1.0536666666666663,61.62139583333336
spatial_wue_coarse,0.5,2.1087344964704737,4.2174689929409475,0.5000000000000001,2.1087344964704733,0.009671953295018909,0.029064271855272494,-13.209903718848215,-1.0000007932831068e-08,38.354010220005065,1e-08,33.27781044433017,screened_water_cap_0.50,equal_site_portfolio,hub_policy_compliant,central,factorial_025,portfolio_mean,central,gentd26_hourly_service_demand.csv,gentd26_aligned_regional_hourly_cef.csv,capacity_scenarios.csv,energy_calibration_bounds.csv,trace_timestamp_anonymized,single_row_default,0.3,20.0,carbon,211.9472222222222,211.94722220222218,2e-08,0.9999999999056368,0.30000000002830896,56.92722900944693,70.30512782658639,33.28748239762519,34.88176788091289,2.108734496470474,0.06045377354925758,0.0,,,1e-08,True,True,0,683,4.440892098500626e-16,0.0,0.0,0.0,1e-08,0.9475833333333334,0,0.0,554,3,-4.440892098500626e-16,4.440892098500626e-16,148.36305553555553,2.003625000000001,1.9219166666666663,59.65862500000002
spatial_wue_coarse,0.75,3.1631017447057106,4.2174689929409475,0.7500000000000002,1.054367248235236,0.0017832854951365107,0.005358782538045226,-13.230471757899764,-1.0000007932831068e-08,38.354010220005065,1e-08,33.27781044433017,screened_water_cap_0.75,equal_site_portfolio,hub_policy_compliant,central,factorial_025,portfolio_mean,central,gentd26_hourly_service_demand.csv,gentd26_aligned_regional_hourly_cef.csv,capacity_scenarios.csv,energy_calibration_bounds.csv,trace_timestamp_anonymized,single_row_default,0.3,20.0,carbon,211.9472222222222,211.94722220222218,2e-08,0.9999999999056368,0.30000000002830896,56.92722900944693,70.30512782658639,33.27959372982531,35.32987396141287,3.1631017447057115,0.08953051313345858,0.0,,,1e-08,True,True,0,688,4.440892098500626e-16,0.0,0.0,0.0,1e-08,0.9475833333333334,0,0.0,554,3,-8.881784197001252e-16,8.881784197001252e-16,148.36305553555553,3.0441666666666665,2.844145833333336,57.69585416666668
spatial_wue_coarse,1.0,4.2174689929409475,4.2174689929409475,1.0000000000000004,-1.7763568394002505e-15,0.0,0.0,-13.23512129906874,-1.0000007932831068e-08,38.354010220005065,1e-08,33.27781044433017,screened_water_cap_1.00,equal_site_portfolio,hub_policy_compliant,central,factorial_025,portfolio_mean,central,gentd26_hourly_service_demand.csv,gentd26_aligned_regional_hourly_cef.csv,capacity_scenarios.csv,energy_calibration_bounds.csv,trace_timestamp_anonymized,single_row_default,0.3,20.0,carbon,211.9472222222222,211.94722220222218,2e-08,0.9999999999056368,0.300000000028309,56.92722900944693,70.30512782658639,33.27781044433017,35.77798004191284,4.217468992940949,0.11787890171553311,0.0,,,1e-08,True,True,0,684,4.440892098500626e-16,0.0,2.9108659926890823e-15,0.0,1e-08,0.9475833333333334,0,-2.9108659926890823e-15,554,3,-1.7763568394002505e-15,1.7763568394002505e-15,148.36305553555553,3.8531666666666693,3.997916666666667,55.73308333333334
spatial_wue_coarse,0.0,0.0,4.2174689929409475,0.0,4.2174689929409475,0.0582254091812473,0.17496766885745085,-13.083310813418725,-1.0000007932831068e-08,38.354010220005065,1e-08,33.27781044433017,screened_water_cap_0.00,equal_site_portfolio,hub_policy_compliant,central,factorial_026,portfolio_mean,central,gentd26_hourly_service_demand.csv,gentd26_aligned_regional_hourly_cef.csv,capacity_scenarios.csv,energy_calibration_bounds.csv,trace_timestamp_anonymized,single_row_default,0.3,20.0,carbon,211.9472222222222,211.94722220222218,2e-08,0.9999999999056368,0.30000000002830896,56.92722900944693,70.30512782658639,33.33603585351142,48.50199911869173,0.0,0.0,0.0,,,1e-08,True,True,0,0,4.440892098500626e-16,0.0,0.0,0.0,1e-08,0.9475833333333334,0,0.0,554,3,0.0,0.0,148.36305553555553,0.0,0.0,63.5841666666667
spatial_wue_coarse,0.25,1.0543672482352369,4.2174689929409475,0.25,3.1631017447057106,0.02847432026741359,0.08556548609184311,-13.160880508851292,-1.0000007932831068e-08,38.354010220005065,1e-08,33.27781044433017,screened_water_cap_0.25,equal_site_portfolio,hub_policy_compliant,central,factorial_026,portfolio_mean,central,gentd26_hourly_service_demand.csv,gentd26_aligned_regional_hourly_cef.csv,capacity_scenarios.csv,energy_calibration_bounds.csv,trace_timestamp_anonymized,single_row_default,0.3,20.0,carbon,211.9472222222222,211.94722220222218,2e-08,0.9999999999056368,0.30000000002830896,56.92722900944693,70.30512782658639,33.306284764597585,48.50199911869173,1.0543672482352369,0.021738634847917108,0.0,,,1e-08,True,True,0,678,4.440892098500626e-16,0.0,0.0,0.0,1e-08,0.9475833333333334,0,0.0,554,3,0.0,0.0,148.36305553555553,0.909104166666667,1.0536666666666663,61.62139583333336
spatial_wue_coarse,0.5,2.1087344964704737,4.2174689929409475,0.5000000000000001,2.1087344964704733,0.009671953295018909,0.029064271855272494,-13.209903718848215,-1.0000007932831068e-08,38.354010220005065,1e-08,33.27781044433017,screened_water_cap_0.50,equal_site_portfolio,hub_policy_compliant,central,factorial_026,portfolio_mean,central,gentd26_hourly_service_demand.csv,gentd26_aligned_regional_hourly_cef.csv,capacity_scenarios.csv,energy_calibration_bounds.csv,trace_timestamp_anonymized,single_row_default,0.3,20.0,carbon,211.9472222222222,211.94722220222218,2e-08,0.9999999999056368,0.30000000002830896,56.92722900944693,70.30512782658639,33.28748239762519,48.50199911869173,2.108734496470474,0.04347726969583422,0.0,,,1e-08,True,True,0,683,4.440892098500626e-16,0.0,0.0,0.0,1e-08,0.9475833333333334,0,0.0,554,3,-4.440892098500626e-16,4.440892098500626e-16,148.36305553555553,2.003625000000001,1.9219166666666663,59.65862500000002
spatial_wue_coarse,0.75,3.1631017447057106,4.2174689929409475,0.7500000000000002,1.054367248235236,0.0017832854951365107,0.005358782538045226,-13.230471757899764,-1.0000007932831068e-08,38.354010220005065,1e-08,33.27781044433017,screened_water_cap_0.75,equal_site_portfolio,hub_policy_compliant,central,factorial_026,portfolio_mean,central,gentd26_hourly_service_demand.csv,gentd26_aligned_regional_hourly_cef.csv,capacity_scenarios.csv,energy_calibration_bounds.csv,trace_timestamp_anonymized,single_row_default,0.3,20.0,carbon,211.9472222222222,211.94722220222218,2e-08,0.9999999999056368,0.30000000002830896,56.92722900944693,70.30512782658639,33.27959372982531,48.501999118691735,3.1631017447057115,0.06521590454375133,0.0,,,1e-08,True,True,0,688,4.440892098500626e-16,0.0,0.0,0.0,1e-08,0.9475833333333334,0,0.0,554,3,-8.881784197001252e-16,8.881784197001252e-16,148.36305553555553,3.0441666666666665,2.844145833333336,57.69585416666668
spatial_wue_coarse,1.0,4.2174689929409475,4.2174689929409475,1.0000000000000004,-1.7763568394002505e-15,0.0,0.0,-13.23512129906874,-1.0000007932831068e-08,38.354010220005065,1e-08,33.27781044433017,screened_water_cap_1.00,equal_site_portfolio,hub_policy_compliant,central,factorial_026,portfolio_mean,central,gentd26_hourly_service_demand.csv,gentd26_aligned_regional_hourly_cef.csv,capacity_scenarios.csv,energy_calibration_bounds.csv,trace_timestamp_anonymized,single_row_default,0.3,20.0,carbon,211.9472222222222,211.94722220222218,2e-08,0.9999999999056368,0.300000000028309,56.92722900944693,70.30512782658639,33.27781044433017,48.501999118691735,4.217468992940949,0.08695453939166846,0.0,,,1e-08,True,True,0,684,4.440892098500626e-16,0.0,2.9108659926890823e-15,0.0,1e-08,0.9475833333333334,0,-2.9108659926890823e-15,554,3,-1.7763568394002505e-15,1.7763568394002505e-15,148.36305553555553,3.8531666666666693,3.997916666666667,55.73308333333334
spatial_wue_coarse,0.0,0.0,0.7591444187293707,0.0,0.7591444187293707,0.0582254091812473,0.17496766885745085,-13.083310813418725,-1.0000007932831068e-08,38.354010220005065,1e-08,33.27781044433017,screened_water_cap_0.00,equal_site_portfolio,hub_policy_compliant,central,factorial_027,portfolio_mean,central,gentd26_hourly_service_demand.csv,gentd26_aligned_regional_hourly_cef.csv,capacity_scenarios.csv,energy_calibration_bounds.csv,trace_timestamp_anonymized,single_row_default,0.3,20.0,carbon,211.9472222222222,211.94722220222218,2e-08,0.9999999999056368,0.30000000002830896,56.92722900944693,70.30512782658639,33.33603585351142,51.97456008435192,0.0,0.0,0.0,,,1e-08,True,True,0,0,4.440892098500626e-16,0.0,0.0,0.0,1e-08,0.9475833333333334,0,0.0,554,3,0.0,0.0,148.36305553555553,0.0,0.0,63.5841666666667
spatial_wue_coarse,0.25,0.18978610468234267,0.7591444187293707,0.25000000000000006,0.569358314047028,0.02847432026741359,0.08556548609184311,-13.160880508851292,-1.0000007932831068e-08,38.354010220005065,1e-08,33.27781044433017,screened_water_cap_0.25,equal_site_portfolio,hub_policy_compliant,central,factorial_027,portfolio_mean,central,gentd26_hourly_service_demand.csv,gentd26_aligned_regional_hourly_cef.csv,capacity_scenarios.csv,energy_calibration_bounds.csv,trace_timestamp_anonymized,single_row_default,0.3,20.0,carbon,211.9472222222222,211.94722220222218,2e-08,0.9999999999056368,0.30000000002830896,56.92722900944693,70.30512782658639,33.306284764597585,51.97456008435192,0.18978610468234272,0.0036515192119823633,0.0,,,1e-08,True,True,0,674,4.440892098500626e-16,0.0,0.0,0.0,1e-08,0.9475833333333334,0,0.0,554,3,-5.551115123125783e-17,5.551115123125783e-17,148.36305553555553,0.9091041666666675,1.0536666666666663,61.62139583333336
spatial_wue_coarse,0.5,0.37957220936468533,0.7591444187293707,0.5000000000000001,0.3795722093646853,0.009671953295018909,0.029064271855272494,-13.209903718848215,-1.0000007932831068e-08,38.354010220005065,1e-08,33.27781044433017,screened_water_cap_0.50,equal_site_portfolio,hub_policy_compliant,central,factorial_027,portfolio_mean,central,gentd26_hourly_service_demand.csv,gentd26_aligned_regional_hourly_cef.csv,capacity_scenarios.csv,energy_calibration_bounds.csv,trace_timestamp_anonymized,single_row_default,0.3,20.0,carbon,211.9472222222222,211.94722220222218,2e-08,0.9999999999056368,0.30000000002830896,56.92722900944693,70.30512782658639,33.28748239762519,51.97456008435192,0.3795722093646854,0.007303038423964726,0.0,,,1e-08,True,True,0,686,4.440892098500626e-16,0.0,0.0,0.0,1e-08,0.9475833333333334,0,0.0,554,3,-5.551115123125783e-17,5.551115123125783e-17,148.36305553555553,2.0036250000000013,1.9219166666666663,59.658625000000015
spatial_wue_coarse,0.75,0.569358314047028,0.7591444187293707,0.7500000000000001,0.18978610468234258,0.0017832854951365107,0.005358782538045226,-13.230471757899764,-1.0000007932831068e-08,38.354010220005065,1e-08,33.27781044433017,screened_water_cap_0.75,equal_site_portfolio,hub_policy_compliant,central,factorial_027,portfolio_mean,central,gentd26_hourly_service_demand.csv,gentd26_aligned_regional_hourly_cef.csv,capacity_scenarios.csv,energy_calibration_bounds.csv,trace_timestamp_anonymized,single_row_default,0.3,20.0,carbon,211.9472222222222,211.94722220222218,2e-08,0.9999999999056368,0.30000000002830896,56.92722900944693,70.30512782658639,33.27959372982531,51.97456008435192,0.5693583140470281,0.010954557635947089,0.0,,,1e-08,True,True,0,686,4.440892098500626e-16,0.0,0.0,0.0,1e-08,0.9475833333333334,0,0.0,554,3,-1.1102230246251565e-16,1.1102230246251565e-16,148.36305553555553,3.0441666666666665,2.8441458333333363,57.69585416666668
spatial_wue_coarse,1.0,0.7591444187293707,0.7591444187293707,1.0000000000000004,-3.3306690738754696e-16,0.0,0.0,-13.23512129906874,-1.0000007932831068e-08,38.354010220005065,1e-08,33.27781044433017,screened_water_cap_1.00,equal_site_portfolio,hub_policy_compliant,central,factorial_027,portfolio_mean,central,gentd26_hourly_service_demand.csv,gentd26_aligned_regional_hourly_cef.csv,capacity_scenarios.csv,energy_calibration_bounds.csv,trace_timestamp_anonymized,single_row_default,0.3,20.0,carbon,211.9472222222222,211.94722220222218,2e-08,0.9999999999056368,0.300000000028309,56.92722900944693,70.30512782658639,33.27781044433017,51.97456008435192,0.759144418729371,0.014606076847929455,0.0,,,1e-08,True,True,0,684,4.440892098500626e-16,0.0,2.9698465908722937e-15,0.0,1e-08,0.9475833333333334,0,-2.9698465908722937e-15,554,3,-3.3306690738754696e-16,3.3306690738754696e-16,148.36305553555553,3.8531666666666693,3.997916666666667,55.73308333333334
spatial_wue_coarse,0.0,0.0,0.7591444187293707,0.0,0.7591444187293707,0.0582254091812473,0.17496766885745085,-13.083310813418725,-1.0000007932831068e-08,38.354010220005065,1e-08,33.27781044433017,screened_water_cap_0.00,equal_site_portfolio,hub_policy_compliant,central,factorial_028,portfolio_mean,central,gentd26_hourly_service_demand.csv,gentd26_aligned_regional_hourly_cef.csv,capacity_scenarios.csv,energy_calibration_bounds.csv,trace_timestamp_anonymized,single_row_default,0.3,20.0,carbon,211.9472222222222,211.94722220222218,2e-08,0.9999999999056368,0.30000000002830896,56.92722900944693,70.30512782658639,33.33603585351142,65.46631336086396,0.0,0.0,0.0,,,1e-08,True,True,0,0,4.440892098500626e-16,0.0,0.0,0.0,1e-08,0.9475833333333334,0,0.0,554,3,0.0,0.0,148.36305553555553,0.0,0.0,63.5841666666667
spatial_wue_coarse,0.25,0.18978610468234267,0.7591444187293707,0.25000000000000006,0.569358314047028,0.02847432026741359,0.08556548609184311,-13.160880508851292,-1.0000007932831068e-08,38.354010220005065,1e-08,33.27781044433017,screened_water_cap_0.25,equal_site_portfolio,hub_policy_compliant,central,factorial_028,portfolio_mean,central,gentd26_hourly_service_demand.csv,gentd26_aligned_regional_hourly_cef.csv,capacity_scenarios.csv,energy_calibration_bounds.csv,trace_timestamp_anonymized,single_row_default,0.3,20.0,carbon,211.9472222222222,211.94722220222218,2e-08,0.9999999999056368,0.30000000002830896,56.92722900944693,70.30512782658639,33.306284764597585,65.04983829781105,0.18978610468234272,0.00291754921531802,0.0,,,1e-08,True,True,0,674,4.440892098500626e-16,0.0,0.0,0.0,1e-08,0.9475833333333334,0,0.0,554,3,-5.551115123125783e-17,5.551115123125783e-17,148.36305553555553,0.9091041666666675,1.0536666666666663,61.62139583333336
spatial_wue_coarse,0.5,0.37957220936468533,0.7591444187293707,0.5000000000000001,0.3795722093646853,0.009671953295018909,0.029064271855272494,-13.209903718848215,-1.0000007932831068e-08,38.354010220005065,1e-08,33.27781044433017,screened_water_cap_0.50,equal_site_portfolio,hub_policy_compliant,central,factorial_028,portfolio_mean,central,gentd26_hourly_service_demand.csv,gentd26_aligned_regional_hourly_cef.csv,capacity_scenarios.csv,energy_calibration_bounds.csv,trace_timestamp_anonymized,single_row_default,0.3,20.0,carbon,211.9472222222222,211.94722220222218,2e-08,0.9999999999056368,0.30000000002830896,56.92722900944693,70.30512782658639,33.28748239762519,64.63336323475812,0.3795722093646854,0.005872697789004448,0.0,,,1e-08,True,True,0,686,4.440892098500626e-16,0.0,0.0,0.0,1e-08,0.9475833333333334,0,0.0,554,3,-5.551115123125783e-17,5.551115123125783e-17,148.36305553555553,2.0036250000000013,1.9219166666666663,59.658625000000015
spatial_wue_coarse,0.75,0.569358314047028,0.7591444187293707,0.7500000000000001,0.18978610468234258,0.0017832854951365107,0.005358782538045226,-13.230471757899764,-1.0000007932831068e-08,38.354010220005065,1e-08,33.27781044433017,screened_water_cap_0.75,equal_site_portfolio,hub_policy_compliant,central,factorial_028,portfolio_mean,central,gentd26_hourly_service_demand.csv,gentd26_aligned_regional_hourly_cef.csv,capacity_scenarios.csv,energy_calibration_bounds.csv,trace_timestamp_anonymized,single_row_default,0.3,20.0,carbon,211.9472222222222,211.94722220222218,2e-08,0.9999999999056368,0.30000000002830896,56.92722900944693,70.30512782658639,33.27959372982531,64.21688817170522,0.5693583140470281,0.008866177266713068,0.0,,,1e-08,True,True,0,686,4.440892098500626e-16,0.0,0.0,0.0,1e-08,0.9475833333333334,0,0.0,554,3,-1.1102230246251565e-16,1.1102230246251565e-16,148.36305553555553,3.0441666666666665,2.8441458333333363,57.69585416666668
spatial_wue_coarse,1.0,0.7591444187293707,0.7591444187293707,1.0000000000000004,-3.3306690738754696e-16,0.0,0.0,-13.23512129906874,-1.0000007932831068e-08,38.354010220005065,1e-08,33.27781044433017,screened_water_cap_1.00,equal_site_portfolio,hub_policy_compliant,central,factorial_028,portfolio_mean,central,gentd26_hourly_service_demand.csv,gentd26_aligned_regional_hourly_cef.csv,capacity_scenarios.csv,energy_calibration_bounds.csv,trace_timestamp_anonymized,single_row_default,0.3,20.0,carbon,211.9472222222222,211.94722220222218,2e-08,0.9999999999056368,0.300000000028309,56.92722900944693,70.30512782658639,33.27781044433017,63.800413108652286,0.759144418729371,0.011898738295574135,0.0,,,1e-08,True,True,0,684,4.440892098500626e-16,0.0,2.9698465908722937e-15,0.0,1e-08,0.9475833333333334,0,-2.9698465908722937e-15,554,3,-3.3306690738754696e-16,3.3306690738754696e-16,148.36305553555553,3.8531666666666693,3.997916666666667,55.73308333333334
spatial_wue_coarse,0.0,0.0,0.7591444187293707,0.0,0.7591444187293707,0.0582254091812473,0.17496766885745085,-13.083310813418725,-1.0000007932831068e-08,38.354010220005065,1e-08,33.27781044433017,screened_water_cap_0.00,equal_site_portfolio,hub_policy_compliant,central,factorial_029,portfolio_mean,central,gentd26_hourly_service_demand.csv,gentd26_aligned_regional_hourly_cef.csv,capacity_scenarios.csv,energy_calibration_bounds.csv,trace_timestamp_anonymized,single_row_default,0.3,20.0,carbon,211.9472222222222,211.94722220222218,2e-08,0.9999999999056368,0.30000000002830896,56.92722900944693,70.30512782658639,33.33603585351142,79.98275675964275,0.0,0.0,0.0,,,1e-08,True,True,0,0,4.440892098500626e-16,0.0,0.0,0.0,1e-08,0.9475833333333334,0,0.0,554,3,0.0,0.0,148.36305553555553,0.0,0.0,63.5841666666667
spatial_wue_coarse,0.25,0.18978610468234267,0.7591444187293707,0.25000000000000006,0.569358314047028,0.02847432026741359,0.08556548609184311,-13.160880508851292,-1.0000007932831068e-08,38.354010220005065,1e-08,33.27781044433017,screened_water_cap_0.25,equal_site_portfolio,hub_policy_compliant,central,factorial_029,portfolio_mean,central,gentd26_hourly_service_demand.csv,gentd26_aligned_regional_hourly_cef.csv,capacity_scenarios.csv,energy_calibration_bounds.csv,trace_timestamp_anonymized,single_row_default,0.3,20.0,carbon,211.9472222222222,211.94722220222218,2e-08,0.9999999999056368,0.30000000002830896,56.92722900944693,70.30512782658639,33.306284764597585,79.11817561608986,0.18978610468234272,0.002398767453931874,0.0,,,1e-08,True,True,0,674,4.440892098500626e-16,0.0,0.0,0.0,1e-08,0.9475833333333334,0,0.0,554,3,-5.551115123125783e-17,5.551115123125783e-17,148.36305553555553,0.9091041666666675,1.0536666666666663,61.62139583333336
spatial_wue_coarse,0.5,0.37957220936468533,0.7591444187293707,0.5000000000000001,0.3795722093646853,0.009671953295018909,0.029064271855272494,-13.209903718848215,-1.0000007932831068e-08,38.354010220005065,1e-08,33.27781044433017,screened_water_cap_0.50,equal_site_portfolio,hub_policy_compliant,central,factorial_029,portfolio_mean,central,gentd26_hourly_service_demand.csv,gentd26_aligned_regional_hourly_cef.csv,capacity_scenarios.csv,energy_calibration_bounds.csv,trace_timestamp_anonymized,single_row_default,0.3,20.0,carbon,211.9472222222222,211.94722220222218,2e-08,0.9999999999056368,0.30000000002830896,56.92722900944693,70.30512782658639,33.28748239762519,78.25359447253697,0.3795722093646854,0.0048505402457633545,0.0,,,1e-08,True,True,0,686,4.440892098500626e-16,0.0,0.0,0.0,1e-08,0.9475833333333334,0,0.0,554,3,-5.551115123125783e-17,5.551115123125783e-17,148.36305553555553,2.0036250000000013,1.9219166666666663,59.658625000000015
spatial_wue_coarse,0.75,0.569358314047028,0.7591444187293707,0.7500000000000001,0.18978610468234258,0.0017832854951365107,0.005358782538045226,-13.230471757899764,-1.0000007932831068e-08,38.354010220005065,1e-08,33.27781044433017,screened_water_cap_0.75,equal_site_portfolio,hub_policy_compliant,central,factorial_029,portfolio_mean,central,gentd26_hourly_service_demand.csv,gentd26_aligned_regional_hourly_cef.csv,capacity_scenarios.csv,energy_calibration_bounds.csv,trace_timestamp_anonymized,single_row_default,0.3,20.0,carbon,211.9472222222222,211.94722220222218,2e-08,0.9999999999056368,0.30000000002830896,56.92722900944693,70.30512782658639,33.27959372982531,77.38901332898408,0.5693583140470281,0.007357094884084657,0.0,,,1e-08,True,True,0,686,4.440892098500626e-16,0.0,0.0,0.0,1e-08,0.9475833333333334,0,0.0,554,3,-1.1102230246251565e-16,1.1102230246251565e-16,148.36305553555553,3.0441666666666665,2.8441458333333363,57.69585416666668
spatial_wue_coarse,1.0,0.7591444187293707,0.7591444187293707,1.0000000000000004,-3.3306690738754696e-16,0.0,0.0,-13.23512129906874,-1.0000007932831068e-08,38.354010220005065,1e-08,33.27781044433017,screened_water_cap_1.00,equal_site_portfolio,hub_policy_compliant,central,factorial_029,portfolio_mean,central,gentd26_hourly_service_demand.csv,gentd26_aligned_regional_hourly_cef.csv,capacity_scenarios.csv,energy_calibration_bounds.csv,trace_timestamp_anonymized,single_row_default,0.3,20.0,carbon,211.9472222222222,211.94722220222218,2e-08,0.9999999999056368,0.300000000028309,56.92722900944693,70.30512782658639,33.27781044433017,76.52443218543118,0.759144418729371,0.009920288162215176,0.0,,,1e-08,True,True,0,684,4.440892098500626e-16,0.0,2.9698465908722937e-15,0.0,1e-08,0.9475833333333334,0,-2.9698465908722937e-15,554,3,-3.3306690738754696e-16,3.3306690738754696e-16,148.36305553555553,3.8531666666666693,3.997916666666667,55.73308333333334
spatial_wue_coarse,0.0,0.0,1.607451601388399,0.0,1.607451601388399,0.0582254091812473,0.17496766885745085,-13.083310813418725,-1.0000007932831068e-08,38.354010220005065,1e-08,33.27781044433017,screened_water_cap_0.00,equal_site_portfolio,hub_policy_compliant,central,factorial_030,portfolio_mean,central,gentd26_hourly_service_demand.csv,gentd26_aligned_regional_hourly_cef.csv,capacity_scenarios.csv,energy_calibration_bounds.csv,trace_timestamp_anonymized,single_row_default,0.3,20.0,carbon,211.9472222222222,211.94722220222218,2e-08,0.9999999999056368,0.30000000002830896,56.92722900944693,70.30512782658639,33.33603585351142,51.97456008435192,0.0,0.0,0.0,,,1e-08,True,True,0,0,4.440892098500626e-16,0.0,0.0,0.0,1e-08,0.9475833333333334,0,0.0,554,3,0.0,0.0,148.36305553555553,0.0,0.0,63.5841666666667
spatial_wue_coarse,0.25,0.40186290034709976,1.607451601388399,0.2500000000000001,1.2055887010412991,0.02397136308472625,0.0720340754534643,-13.172621020878218,-1.0000007932831068e-08,38.354010220005065,1e-08,33.27781044433017,screened_water_cap_0.25,equal_site_portfolio,hub_policy_compliant,central,factorial_030,portfolio_mean,central,gentd26_hourly_service_demand.csv,gentd26_aligned_regional_hourly_cef.csv,capacity_scenarios.csv,energy_calibration_bounds.csv,trace_timestamp_anonymized,single_row_default,0.3,20.0,carbon,211.9472222222222,211.94722220222218,2e-08,0.9999999999056368,0.30000000002830896,56.92722900944693,70.30512782658639,33.3017818074149,52.07396265080524,0.4018629003470999,0.007717156135051415,0.0,,,1e-08,True,True,0,685,4.440892098500626e-16,0.0,0.0,0.0,1e-08,0.9475833333333334,0,0.0,554,3,-1.6653345369377348e-16,1.6653345369377348e-16,148.36305553555553,2.659583333333333,0.46846612318840614,60.456117210144946
spatial_wue_coarse,0.5,0.8037258006941995,1.607451601388399,0.5,0.8037258006941995,0.007446854758136112,0.02237783874210475,-13.215705194428262,-1.0000007932831068e-08,38.354010220005065,1e-08,33.27781044433017,screened_water_cap_0.50,equal_site_portfolio,hub_policy_compliant,central,factorial_030,portfolio_mean,central,gentd26_hourly_service_demand.csv,gentd26_aligned_regional_hourly_cef.csv,capacity_scenarios.csv,energy_calibration_bounds.csv,trace_timestamp_anonymized,single_row_default,0.3,20.0,carbon,211.9472222222222,211.94722220222218,2e-08,0.9999999999056368,0.30000000002830896,56.92722900944693,70.30512782658639,33.28525729908831,52.334559303813364,0.8037258006941995,0.015357458080967081,0.0,,,1e-08,True,True,0,682,4.440892098500626e-16,0.0,0.0,0.0,1e-08,0.9475833333333334,0,0.0,554,3,0.0,0.0,148.36305553555553,2.892416666666666,1.6966105072463766,58.995139492753644
spatial_wue_coarse,0.75,1.2055887010412993,1.607451601388399,0.7499999999999999,0.4018629003470999,0.0013964803023469585,0.004196430845970767,-13.231480270935482,-1.0000007932831068e-08,38.354010220005065,1e-08,33.27781044433017,screened_water_cap_0.75,equal_site_portfolio,hub_policy_compliant,central,factorial_030,portfolio_mean,central,gentd26_hourly_service_demand.csv,gentd26_aligned_regional_hourly_cef.csv,capacity_scenarios.csv,energy_calibration_bounds.csv,trace_timestamp_anonymized,single_row_default,0.3,20.0,carbon,211.9472222222222,211.94722220222218,2e-08,0.9999999999056368,0.30000000002830896,56.92722900944693,70.30512782658639,33.27920692463252,52.56932111396983,1.2055887010412991,0.022933313109134382,0.0,,,1e-08,True,True,0,687,4.440892098500626e-16,0.0,0.0,0.0,1e-08,0.9475833333333334,0,0.0,554,3,2.220446049250313e-16,0.0,148.36305553555553,3.5141892361111102,2.8030000000000004,57.26697743055557
spatial_wue_coarse,1.0,1.607451601388399,1.607451601388399,1.0,0.0,0.0,0.0,-13.23512129906874,-1.0000007932831068e-08,38.354010220005065,1e-08,33.27781044433017,screened_water_cap_1.00,equal_site_portfolio,hub_policy_compliant,central,factorial_030,portfolio_mean,central,gentd26_hourly_service_demand.csv,gentd26_aligned_regional_hourly_cef.csv,capacity_scenarios.csv,energy_calibration_bounds.csv,trace_timestamp_anonymized,single_row_default,0.3,20.0,carbon,211.9472222222222,211.94722220222218,2e-08,0.9999999999056368,0.300000000028309,56.92722900944693,70.30512782658639,33.27781044433017,52.822867267010956,1.607451601388399,0.030430979697921245,0.0,,,1e-08,True,True,0,683,4.440892098500626e-16,0.0,5.551115123125783e-17,0.0,1e-08,0.9475833333333334,0,-5.551115123125783e-17,554,3,0.0,0.0,148.36305553555553,3.8531666666666666,3.997916666666667,55.73308333333334
spatial_wue_coarse,0.0,0.0,1.607451601388399,0.0,1.607451601388399,0.0582254091812473,0.17496766885745085,-13.083310813418725,-1.0000007932831068e-08,38.354010220005065,1e-08,33.27781044433017,screened_water_cap_0.00,equal_site_portfolio,hub_policy_compliant,central,factorial_031,portfolio_mean,central,gentd26_hourly_service_demand.csv,gentd26_aligned_regional_hourly_cef.csv,capacity_scenarios.csv,energy_calibration_bounds.csv,trace_timestamp_anonymized,single_row_default,0.3,20.0,carbon,211.9472222222222,211.94722220222218,2e-08,0.9999999999056368,0.30000000002830896,56.92722900944693,70.30512782658639,33.33603585351142,65.46631336086396,0.0,0.0,0.0,,,1e-08,True,True,0,0,4.440892098500626e-16,0.0,0.0,0.0,1e-08,0.9475833333333334,0,0.0,554,3,0.0,0.0,148.36305553555553,0.0,0.0,63.5841666666667
spatial_wue_coarse,0.25,0.40186290034709976,1.607451601388399,0.2500000000000001,1.2055887010412991,0.02397136308472625,0.0720340754534643,-13.172621020878218,-1.0000007932831068e-08,38.354010220005065,1e-08,33.27781044433017,screened_water_cap_0.25,equal_site_portfolio,hub_policy_compliant,central,factorial_031,portfolio_mean,central,gentd26_hourly_service_demand.csv,gentd26_aligned_regional_hourly_cef.csv,capacity_scenarios.csv,energy_calibration_bounds.csv,trace_timestamp_anonymized,single_row_default,0.3,20.0,carbon,211.9472222222222,211.94722220222218,2e-08,0.9999999999056368,0.30000000002830896,56.92722900944693,70.30512782658639,33.3017818074149,64.90198352793925,0.4018629003470999,0.0061918431225465465,0.0,,,1e-08,True,True,0,685,4.440892098500626e-16,0.0,0.0,0.0,1e-08,0.9475833333333334,0,0.0,554,3,-1.6653345369377348e-16,1.6653345369377348e-16,148.36305553555553,2.659583333333333,0.46846612318840614,60.456117210144946
spatial_wue_coarse,0.5,0.8037258006941995,1.607451601388399,0.5,0.8037258006941995,0.007446854758136112,0.02237783874210475,-13.215705194428262,-1.0000007932831068e-08,38.354010220005065,1e-08,33.27781044433017,screened_water_cap_0.50,equal_site_portfolio,hub_policy_compliant,central,factorial_031,portfolio_mean,central,gentd26_hourly_service_demand.csv,gentd26_aligned_regional_hourly_cef.csv,capacity_scenarios.csv,energy_calibration_bounds.csv,trace_timestamp_anonymized,single_row_default,0.3,20.0,carbon,211.9472222222222,211.94722220222218,2e-08,0.9999999999056368,0.30000000002830896,56.92722900944693,70.30512782658639,33.28525729908831,64.85257924928685,0.8037258006941995,0.012393120057796895,0.0,,,1e-08,True,True,0,682,4.440892098500626e-16,0.0,0.0,0.0,1e-08,0.9475833333333334,0,0.0,554,3,0.0,0.0,148.36305553555553,2.892416666666666,1.6966105072463766,58.995139492753644
spatial_wue_coarse,0.75,1.2055887010412993,1.607451601388399,0.7499999999999999,0.4018629003470999,0.0013964803023469585,0.004196430845970767,-13.231480270935482,-1.0000007932831068e-08,38.354010220005065,1e-08,33.27781044433017,screened_water_cap_0.75,equal_site_portfolio,hub_policy_compliant,central,factorial_031,portfolio_mean,central,gentd26_hourly_service_demand.csv,gentd26_aligned_regional_hourly_cef.csv,capacity_scenarios.csv,energy_calibration_bounds.csv,trace_timestamp_anonymized,single_row_default,0.3,20.0,carbon,211.9472222222222,211.94722220222218,2e-08,0.9999999999056368,0.30000000002830896,56.92722900944693,70.30512782658639,33.27920692463252,64.72064700041388,1.2055887010412991,0.018627574922630015,0.0,,,1e-08,True,True,0,687,4.440892098500626e-16,0.0,0.0,0.0,1e-08,0.9475833333333334,0,0.0,554,3,2.220446049250313e-16,0.0,148.36305553555553,3.5141892361111102,2.8030000000000004,57.26697743055557
spatial_wue_coarse,1.0,1.607451601388399,1.607451601388399,1.0,0.0,0.0,0.0,-13.23512129906874,-1.0000007932831068e-08,38.354010220005065,1e-08,33.27781044433017,screened_water_cap_1.00,equal_site_portfolio,hub_policy_compliant,central,factorial_031,portfolio_mean,central,gentd26_hourly_service_demand.csv,gentd26_aligned_regional_hourly_cef.csv,capacity_scenarios.csv,energy_calibration_bounds.csv,trace_timestamp_anonymized,single_row_default,0.3,20.0,carbon,211.9472222222222,211.94722220222218,2e-08,0.9999999999056368,0.300000000028309,56.92722900944693,70.30512782658639,33.27781044433017,64.64872029131132,1.607451601388399,0.02486439939019857,0.0,,,1e-08,True,True,0,683,4.440892098500626e-16,0.0,5.551115123125783e-17,0.0,1e-08,0.9475833333333334,0,-5.551115123125783e-17,554,3,0.0,0.0,148.36305553555553,3.8531666666666666,3.997916666666667,55.73308333333334
spatial_wue_coarse,0.0,0.0,1.607451601388399,0.0,1.607451601388399,0.0582254091812473,0.17496766885745085,-13.083310813418725,-1.0000007932831068e-08,38.354010220005065,1e-08,33.27781044433017,screened_water_cap_0.00,equal_site_portfolio,hub_policy_compliant,central,factorial_032,portfolio_mean,central,gentd26_hourly_service_demand.csv,gentd26_aligned_regional_hourly_cef.csv,capacity_scenarios.csv,energy_calibration_bounds.csv,trace_timestamp_anonymized,single_row_default,0.3,20.0,carbon,211.9472222222222,211.94722220222218,2e-08,0.9999999999056368,0.30000000002830896,56.92722900944693,70.30512782658639,33.33603585351142,79.98275675964275,0.0,0.0,0.0,,,1e-08,True,True,0,0,4.440892098500626e-16,0.0,0.0,0.0,1e-08,0.9475833333333334,0,0.0,554,3,0.0,0.0,148.36305553555553,0.0,0.0,63.5841666666667
spatial_wue_coarse,0.25,0.40186290034709976,1.607451601388399,0.2500000000000001,1.2055887010412991,0.02397136308472625,0.0720340754534643,-13.172621020878218,-1.0000007932831068e-08,38.354010220005065,1e-08,33.27781044433017,screened_water_cap_0.25,equal_site_portfolio,hub_policy_compliant,central,factorial_032,portfolio_mean,central,gentd26_hourly_service_demand.csv,gentd26_aligned_regional_hourly_cef.csv,capacity_scenarios.csv,energy_calibration_bounds.csv,trace_timestamp_anonymized,single_row_default,0.3,20.0,carbon,211.9472222222222,211.94722220222218,2e-08,0.9999999999056368,0.30000000002830896,56.92722900944693,70.30512782658639,33.3017818074149,78.70428447169105,0.4018629003470999,0.005105985055891652,0.0,,,1e-08,True,True,0,685,4.440892098500626e-16,0.0,0.0,0.0,1e-08,0.9475833333333334,0,0.0,554,3,-1.6653345369377348e-16,1.6653345369377348e-16,148.36305553555553,2.659583333333333,0.46846612318840614,60.456117210144946
spatial_wue_coarse,0.5,0.8037258006941995,1.607451601388399,0.5,0.8037258006941995,0.007446854758136112,0.02237783874210475,-13.215705194428262,-1.0000007932831068e-08,38.354010220005065,1e-08,33.27781044433017,screened_water_cap_0.50,equal_site_portfolio,hub_policy_compliant,central,factorial_032,portfolio_mean,central,gentd26_hourly_service_demand.csv,gentd26_aligned_regional_hourly_cef.csv,capacity_scenarios.csv,energy_calibration_bounds.csv,trace_timestamp_anonymized,single_row_default,0.3,20.0,carbon,211.9472222222222,211.94722220222218,2e-08,0.9999999999056368,0.30000000002830896,56.92722900944693,70.30512782658639,33.28525729908831,78.32133488682162,0.8037258006941995,0.0102619012029816,0.0,,,1e-08,True,True,0,682,4.440892098500626e-16,0.0,0.0,0.0,1e-08,0.9475833333333334,0,0.0,554,3,0.0,0.0,148.36305553555553,2.892416666666666,1.6966105072463766,58.995139492753644
spatial_wue_coarse,0.75,1.2055887010412993,1.607451601388399,0.7499999999999999,0.4018629003470999,0.0013964803023469585,0.004196430845970767,-13.231480270935482,-1.0000007932831068e-08,38.354010220005065,1e-08,33.27781044433017,screened_water_cap_0.75,equal_site_portfolio,hub_policy_compliant,central,factorial_032,portfolio_mean,central,gentd26_hourly_service_demand.csv,gentd26_aligned_regional_hourly_cef.csv,capacity_scenarios.csv,energy_calibration_bounds.csv,trace_timestamp_anonymized,single_row_default,0.3,20.0,carbon,211.9472222222222,211.94722220222218,2e-08,0.9999999999056368,0.30000000002830896,56.92722900944693,70.30512782658639,33.27920692463252,77.79485839722076,1.2055887010412991,0.01549702288659695,0.0,,,1e-08,True,True,0,687,4.440892098500626e-16,0.0,0.0,0.0,1e-08,0.9475833333333334,0,0.0,554,3,2.220446049250313e-16,0.0,148.36305553555553,3.5141892361111102,2.8030000000000004,57.26697743055557
spatial_wue_coarse,1.0,1.607451601388399,1.607451601388399,1.0,0.0,0.0,0.0,-13.23512129906874,-1.0000007932831068e-08,38.354010220005065,1e-08,33.27781044433017,screened_water_cap_1.00,equal_site_portfolio,hub_policy_compliant,central,factorial_032,portfolio_mean,central,gentd26_hourly_service_demand.csv,gentd26_aligned_regional_hourly_cef.csv,capacity_scenarios.csv,energy_calibration_bounds.csv,trace_timestamp_anonymized,single_row_default,0.3,20.0,carbon,211.9472222222222,211.94722220222218,2e-08,0.9999999999056368,0.300000000028309,56.92722900944693,70.30512782658639,33.27781044433017,77.37273936809021,1.607451601388399,0.0207754257444753,0.0,,,1e-08,True,True,0,683,4.440892098500626e-16,0.0,5.551115123125783e-17,0.0,1e-08,0.9475833333333334,0,-5.551115123125783e-17,554,3,0.0,0.0,148.36305553555553,3.8531666666666666,3.997916666666667,55.73308333333334
spatial_wue_coarse,0.0,0.0,2.5201871776671005,0.0,2.5201871776671005,0.0582254091812473,0.17496766885745085,-13.083310813418725,-1.0000007932831068e-08,38.354010220005065,1e-08,33.27781044433017,screened_water_cap_0.00,equal_site_portfolio,hub_policy_compliant,central,factorial_033,portfolio_mean,central,gentd26_hourly_service_demand.csv,gentd26_aligned_regional_hourly_cef.csv,capacity_scenarios.csv,energy_calibration_bounds.csv,trace_timestamp_anonymized,single_row_default,0.3,20.0,carbon,211.9472222222222,211.94722220222218,2e-08,0.9999999999056368,0.30000000002830896,56.92722900944693,70.30512782658639,33.33603585351142,51.97456008435192,0.0,0.0,0.0,,,1e-08,True,True,0,0,4.440892098500626e-16,0.0,0.0,0.0,1e-08,0.9475833333333334,0,0.0,554,3,0.0,0.0,148.36305553555553,0.0,0.0,63.5841666666667
spatial_wue_coarse,0.25,0.6300467944167751,2.5201871776671005,0.2500000000000001,1.8901403832503252,0.020445187297553957,0.061437898180694006,-13.181814781235857,-1.0000007932831068e-08,38.354010220005065,1e-08,33.27781044433017,screened_water_cap_0.25,equal_site_portfolio,hub_policy_compliant,central,factorial_033,portfolio_mean,central,gentd26_hourly_service_demand.csv,gentd26_aligned_regional_hourly_cef.csv,capacity_scenarios.csv,energy_calibration_bounds.csv,trace_timestamp_anonymized,single_row_default,0.3,20.0,carbon,211.9472222222222,211.94722220222218,2e-08,0.9999999999056368,0.30000000002830896,56.92722900944693,70.30512782658639,33.298255631627725,52.251444092894126,0.6300467944167754,0.012057978594747736,0.0,,,1e-08,True,True,0,678,4.440892098500626e-16,0.0,0.0,0.0,1e-08,0.9475833333333334,0,0.0,554,3,-2.220446049250313e-16,2.220446049250313e-16,148.36305553555553,3.023833333333333,0.6285816666666666,59.93175166666669
spatial_wue_coarse,0.5,1.2600935888335503,2.5201871776671005,0.5,1.2600935888335503,0.005832309574216765,0.01752612175003332,-13.219914780791353,-1.0000007932831068e-08,38.354010220005065,1e-08,33.27781044433017,screened_water_cap_0.50,equal_site_portfolio,hub_policy_compliant,central,factorial_033,portfolio_mean,central,gentd26_hourly_service_demand.csv,gentd26_aligned_regional_hourly_cef.csv,capacity_scenarios.csv,energy_calibration_bounds.csv,trace_timestamp_anonymized,single_row_default,0.3,20.0,carbon,211.9472222222222,211.94722220222218,2e-08,0.9999999999056368,0.30000000002830896,56.92722900944693,70.30512782658639,33.28364275390439,52.76647027050718,1.2600935888335503,0.023880573826024057,0.0,,,1e-08,True,True,0,689,4.440892098500626e-16,0.0,0.0,0.0,1e-08,0.9475833333333334,0,0.0,554,3,0.0,0.0,148.36305553555553,3.0441666666666665,1.797793333333333,58.74220666666668
spatial_wue_coarse,0.75,1.8901403832503254,2.5201871776671005,0.75,0.6300467944167751,0.0011942248641645392,0.0035886521625672074,-13.232007609372898,-1.0000007932831068e-08,38.354010220005065,1e-08,33.27781044433017,screened_water_cap_0.75,equal_site_portfolio,hub_policy_compliant,central,factorial_033,portfolio_mean,central,gentd26_hourly_service_demand.csv,gentd26_aligned_regional_hourly_cef.csv,capacity_scenarios.csv,energy_calibration_bounds.csv,trace_timestamp_anonymized,single_row_default,0.3,20.0,carbon,211.9472222222222,211.94722220222218,2e-08,0.9999999999056368,0.300000000028309,56.92722900944693,70.30512782658639,33.279004669194336,53.21896447186789,1.8901403832503254,0.03551629390025944,0.0,,,1e-08,True,True,0,690,4.440892098500626e-16,0.0,0.0,0.0,1e-08,0.9475833333333334,0,0.0,554,3,0.0,0.0,148.36305553555553,3.8531666666666666,2.8250450000000003,56.905955000000006
spatial_wue_coarse,1.0,2.5201871776671005,2.5201871776671005,1.0000000000000004,-8.881784197001252e-16,0.0,0.0,-13.23512129906874,-1.0000007932831068e-08,38.354010220005065,1e-08,33.27781044433017,screened_water_cap_1.00,equal_site_portfolio,hub_policy_compliant,central,factorial_033,portfolio_mean,central,gentd26_hourly_service_demand.csv,gentd26_aligned_regional_hourly_cef.csv,capacity_scenarios.csv,energy_calibration_bounds.csv,trace_timestamp_anonymized,single_row_default,0.3,20.0,carbon,211.9472222222222,211.94722220222218,2e-08,0.9999999999056368,0.300000000028309,56.92722900944693,70.30512782658639,33.27781044433017,53.73560284328965,2.5201871776671014,0.046899765598922935,0.0,,,1e-08,True,True,0,682,4.440892098500626e-16,0.0,9.43689570931383e-16,0.0,1e-08,0.9475833333333334,0,-9.43689570931383e-16,554,3,-8.881784197001252e-16,8.881784197001252e-16,148.36305553555553,3.8531666666666666,3.9979166666666677,55.73308333333334
spatial_wue_coarse,0.0,0.0,2.5201871776671005,0.0,2.5201871776671005,0.0582254091812473,0.17496766885745085,-13.083310813418725,-1.0000007932831068e-08,38.354010220005065,1e-08,33.27781044433017,screened_water_cap_0.00,equal_site_portfolio,hub_policy_compliant,central,factorial_034,portfolio_mean,central,gentd26_hourly_service_demand.csv,gentd26_aligned_regional_hourly_cef.csv,capacity_scenarios.csv,energy_calibration_bounds.csv,trace_timestamp_anonymized,single_row_default,0.3,20.0,carbon,211.9472222222222,211.94722220222218,2e-08,0.9999999999056368,0.30000000002830896,56.92722900944693,70.30512782658639,33.33603585351142,65.46631336086396,0.0,0.0,0.0,,,1e-08,True,True,0,0,4.440892098500626e-16,0.0,0.0,0.0,1e-08,0.9475833333333334,0,0.0,554,3,0.0,0.0,148.36305553555553,0.0,0.0,63.5841666666667
spatial_wue_coarse,0.25,0.6300467944167751,2.5201871776671005,0.2500000000000001,1.8901403832503252,0.020445187297553957,0.061437898180694006,-13.181814781235857,-1.0000007932831068e-08,38.354010220005065,1e-08,33.27781044433017,screened_water_cap_0.25,equal_site_portfolio,hub_policy_compliant,central,factorial_034,portfolio_mean,central,gentd26_hourly_service_demand.csv,gentd26_aligned_regional_hourly_cef.csv,capacity_scenarios.csv,energy_calibration_bounds.csv,trace_timestamp_anonymized,single_row_default,0.3,20.0,carbon,211.9472222222222,211.94722220222218,2e-08,0.9999999999056368,0.30000000002830896,56.92722900944693,70.30512782658639,33.298255631627725,64.96820125595919,0.6300467944167754,0.009697771867417748,0.0,,,1e-08,True,True,0,678,4.440892098500626e-16,0.0,0.0,0.0,1e-08,0.9475833333333334,0,0.0,554,3,-2.220446049250313e-16,2.220446049250313e-16,148.36305553555553,3.023833333333333,0.6285816666666666,59.93175166666669
spatial_wue_coarse,0.5,1.2600935888335503,2.5201871776671005,0.5,1.2600935888335503,0.005832309574216765,0.01752612175003332,-13.219914780791353,-1.0000007932831068e-08,38.354010220005065,1e-08,33.27781044433017,screened_water_cap_0.50,equal_site_portfolio,hub_policy_compliant,central,factorial_034,portfolio_mean,central,gentd26_hourly_service_demand.csv,gentd26_aligned_regional_hourly_cef.csv,capacity_scenarios.csv,energy_calibration_bounds.csv,trace_timestamp_anonymized,single_row_default,0.3,20.0,carbon,211.9472222222222,211.94722220222218,2e-08,0.9999999999056368,0.30000000002830896,56.92722900944693,70.30512782658639,33.28364275390439,65.23082108003074,1.2600935888335503,0.019317457115671746,0.0,,,1e-08,True,True,0,689,4.440892098500626e-16,0.0,0.0,0.0,1e-08,0.9475833333333334,0,0.0,554,3,0.0,0.0,148.36305553555553,3.0441666666666665,1.797793333333333,58.74220666666668
spatial_wue_coarse,0.75,1.8901403832503254,2.5201871776671005,0.75,0.6300467944167751,0.0011942248641645392,0.0035886521625672074,-13.232007609372898,-1.0000007932831068e-08,38.354010220005065,1e-08,33.27781044433017,screened_water_cap_0.75,equal_site_portfolio,hub_policy_compliant,central,factorial_034,portfolio_mean,central,gentd26_hourly_service_demand.csv,gentd26_aligned_regional_hourly_cef.csv,capacity_scenarios.csv,energy_calibration_bounds.csv,trace_timestamp_anonymized,single_row_default,0.3,20.0,carbon,211.9472222222222,211.94722220222218,2e-08,0.9999999999056368,0.300000000028309,56.92722900944693,70.30512782658639,33.279004669194336,65.2936859799629,1.8901403832503254,0.02894828734022406,0.0,,,1e-08,True,True,0,690,4.440892098500626e-16,0.0,0.0,0.0,1e-08,0.9475833333333334,0,0.0,554,3,0.0,0.0,148.36305553555553,3.8531666666666666,2.8250450000000003,56.905955000000006
spatial_wue_coarse,1.0,2.5201871776671005,2.5201871776671005,1.0000000000000004,-8.881784197001252e-16,0.0,0.0,-13.23512129906874,-1.0000007932831068e-08,38.354010220005065,1e-08,33.27781044433017,screened_water_cap_1.00,equal_site_portfolio,hub_policy_compliant,central,factorial_034,portfolio_mean,central,gentd26_hourly_service_demand.csv,gentd26_aligned_regional_hourly_cef.csv,capacity_scenarios.csv,energy_calibration_bounds.csv,trace_timestamp_anonymized,single_row_default,0.3,20.0,carbon,211.9472222222222,211.94722220222218,2e-08,0.9999999999056368,0.300000000028309,56.92722900944693,70.30512782658639,33.27781044433017,65.56145586759003,2.5201871776671014,0.038440073429073185,0.0,,,1e-08,True,True,0,682,4.440892098500626e-16,0.0,9.43689570931383e-16,0.0,1e-08,0.9475833333333334,0,-9.43689570931383e-16,554,3,-8.881784197001252e-16,8.881784197001252e-16,148.36305553555553,3.8531666666666666,3.9979166666666677,55.73308333333334
spatial_wue_coarse,0.0,0.0,2.5201871776671005,0.0,2.5201871776671005,0.0582254091812473,0.17496766885745085,-13.083310813418725,-1.0000007932831068e-08,38.354010220005065,1e-08,33.27781044433017,screened_water_cap_0.00,equal_site_portfolio,hub_policy_compliant,central,factorial_035,portfolio_mean,central,gentd26_hourly_service_demand.csv,gentd26_aligned_regional_hourly_cef.csv,capacity_scenarios.csv,energy_calibration_bounds.csv,trace_timestamp_anonymized,single_row_default,0.3,20.0,carbon,211.9472222222222,211.94722220222218,2e-08,0.9999999999056368,0.30000000002830896,56.92722900944693,70.30512782658639,33.33603585351142,79.98275675964275,0.0,0.0,0.0,,,1e-08,True,True,0,0,4.440892098500626e-16,0.0,0.0,0.0,1e-08,0.9475833333333334,0,0.0,554,3,0.0,0.0,148.36305553555553,0.0,0.0,63.5841666666667
spatial_wue_coarse,0.25,0.6300467944167751,2.5201871776671005,0.2500000000000001,1.8901403832503252,0.020445187297553957,0.061437898180694006,-13.181814781235857,-1.0000007932831068e-08,38.354010220005065,1e-08,33.27781044433017,screened_water_cap_0.25,equal_site_portfolio,hub_policy_compliant,central,factorial_035,portfolio_mean,central,gentd26_hourly_service_demand.csv,gentd26_aligned_regional_hourly_cef.csv,capacity_scenarios.csv,energy_calibration_bounds.csv,trace_timestamp_anonymized,single_row_default,0.3,20.0,carbon,211.9472222222222,211.94722220222218,2e-08,0.9999999999056368,0.30000000002830896,56.92722900944693,70.30512782658639,33.298255631627725,78.65078807697857,0.6300467944167754,0.008010686349386915,0.0,,,1e-08,True,True,0,678,4.440892098500626e-16,0.0,0.0,0.0,1e-08,0.9475833333333334,0,0.0,554,3,-2.220446049250313e-16,2.220446049250313e-16,148.36305553555553,3.023833333333333,0.6285816666666666,59.93175166666669
spatial_wue_coarse,0.5,1.2600935888335503,2.5201871776671005,0.5,1.2600935888335503,0.005832309574216765,0.01752612175003332,-13.219914780791353,-1.0000007932831068e-08,38.354010220005065,1e-08,33.27781044433017,screened_water_cap_0.50,equal_site_portfolio,hub_policy_compliant,central,factorial_035,portfolio_mean,central,gentd26_hourly_service_demand.csv,gentd26_aligned_regional_hourly_cef.csv,capacity_scenarios.csv,energy_calibration_bounds.csv,trace_timestamp_anonymized,single_row_default,0.3,20.0,carbon,211.9472222222222,211.94722220222218,2e-08,0.9999999999056368,0.30000000002830896,56.92722900944693,70.30512782658639,33.28364275390439,78.641831444708,1.2600935888335503,0.016023197396153023,0.0,,,1e-08,True,True,0,689,4.440892098500626e-16,0.0,0.0,0.0,1e-08,0.9475833333333334,0,0.0,554,3,0.0,0.0,148.36305553555553,3.0441666666666665,1.797793333333333,58.74220666666668
spatial_wue_coarse,0.75,1.8901403832503254,2.5201871776671005,0.75,0.6300467944167751,0.0011942248641645392,0.0035886521625672074,-13.232007609372898,-1.0000007932831068e-08,38.354010220005065,1e-08,33.27781044433017,screened_water_cap_0.75,equal_site_portfolio,hub_policy_compliant,central,factorial_035,portfolio_mean,central,gentd26_hourly_service_demand.csv,gentd26_aligned_regional_hourly_cef.csv,capacity_scenarios.csv,energy_calibration_bounds.csv,trace_timestamp_anonymized,single_row_default,0.3,20.0,carbon,211.9472222222222,211.94722220222218,2e-08,0.9999999999056368,0.300000000028309,56.92722900944693,70.30512782658639,33.279004669194336,78.28547494436891,1.8901403832503254,0.02414420279871194,0.0,,,1e-08,True,True,0,690,4.440892098500626e-16,0.0,0.0,0.0,1e-08,0.9475833333333334,0,0.0,554,3,0.0,0.0,148.36305553555553,3.8531666666666666,2.8250450000000003,56.905955000000006
spatial_wue_coarse,1.0,2.5201871776671005,2.5201871776671005,1.0000000000000004,-8.881784197001252e-16,0.0,0.0,-13.23512129906874,-1.0000007932831068e-08,38.354010220005065,1e-08,33.27781044433017,screened_water_cap_1.00,equal_site_portfolio,hub_policy_compliant,central,factorial_035,portfolio_mean,central,gentd26_hourly_service_demand.csv,gentd26_aligned_regional_hourly_cef.csv,capacity_scenarios.csv,energy_calibration_bounds.csv,trace_timestamp_anonymized,single_row_default,0.3,20.0,carbon,211.9472222222222,211.94722220222218,2e-08,0.9999999999056368,0.300000000028309,56.92722900944693,70.30512782658639,33.27781044433017,78.28547494436891,2.5201871776671014,0.032192270398282596,0.0,,,1e-08,True,True,0,682,4.440892098500626e-16,0.0,9.43689570931383e-16,0.0,1e-08,0.9475833333333334,0,-9.43689570931383e-16,554,3,-8.881784197001252e-16,8.881784197001252e-16,148.36305553555553,3.8531666666666666,3.9979166666666677,55.73308333333334
spatial_wue_coarse,0.0,0.0,1.5767374882820158,0.0,1.5767374882820158,0.0582254091812473,0.17496766885745085,-13.083310813418725,-1.0000007932831068e-08,38.354010220005065,1e-08,33.27781044433017,screened_water_cap_0.00,equal_site_portfolio,hub_policy_compliant,central,factorial_036,portfolio_mean,central,gentd26_hourly_service_demand.csv,gentd26_aligned_regional_hourly_cef.csv,capacity_scenarios.csv,energy_calibration_bounds.csv,trace_timestamp_anonymized,single_row_default,0.3,20.0,carbon,211.9472222222222,211.94722220222218,2e-08,0.9999999999056368,0.30000000002830896,56.92722900944693,70.30512782658639,33.33603585351142,51.97456008435192,0.0,0.0,0.0,,,1e-08,True,True,0,0,4.440892098500626e-16,0.0,0.0,0.0,1e-08,0.9475833333333334,0,0.0,554,3,0.0,0.0,148.36305553555553,0.0,0.0,63.5841666666667
spatial_wue_coarse,0.25,0.39418437207050394,1.5767374882820158,0.24999999999999992,1.182553116211512,0.021766215712673898,0.06540759569830801,-13.178370477999923,-1.0000007932831068e-08,38.354010220005065,1e-08,33.27781044433017,screened_water_cap_0.25,equal_site_portfolio,hub_policy_compliant,central,factorial_036,portfolio_mean,central,gentd26_hourly_service_demand.csv,gentd26_aligned_regional_hourly_cef.csv,capacity_scenarios.csv,energy_calibration_bounds.csv,trace_timestamp_anonymized,single_row_default,0.3,20.0,carbon,211.9472222222222,211.94722220222218,2e-08,0.9999999999056368,0.30000000002830896,56.92722900944693,70.30512782658639,33.299576660042845,52.11035773317632,0.39418437207050383,0.007564415007259571,0.0,,,1e-08,True,True,0,678,4.440892098500626e-16,0.0,0.0,0.0,1e-08,0.9475833333333334,0,0.0,554,3,1.1102230246251565e-16,0.0,148.36305553555553,0.6399894927536229,2.03225,60.91192717391307
spatial_wue_coarse,0.5,0.7883687441410079,1.5767374882820158,0.5,0.7883687441410079,0.008597023922611413,0.025834103289312793,-13.2127063706863,-9.999979511121637e-09,38.354010220005065,1e-08,33.27781044433017,screened_water_cap_0.50,equal_site_portfolio,hub_policy_compliant,central,factorial_036,portfolio_mean,central,gentd26_hourly_service_demand.csv,gentd26_aligned_regional_hourly_cef.csv,capacity_scenarios.csv,energy_calibration_bounds.csv,trace_timestamp_anonymized,single_row_default,0.3,20.0,carbon,211.9472222222222,211.9472222022222,2e-08,0.9999999999056369,0.30000000002830896,56.92722900944693,70.30512782658639,33.28640746825278,52.33515473523187,0.7883687441410079,0.015063846627175068,0.0,,,1e-08,True,True,0,681,4.440892098500626e-16,0.0,0.0,0.0,1e-08,0.9475833333333334,0,0.0,554,3,0.0,0.0,148.36305553555553,1.699416666666667,2.7246296296296286,59.16012037037039
spatial_wue_coarse,0.75,1.182553116211512,1.5767374882820158,0.7500000000000001,0.39418437207050383,0.002028651680646476,0.00609610924986459,-13.229832017272635,-1.0000007932831068e-08,38.354010220005065,1e-08,33.27781044433017,screened_water_cap_0.75,equal_site_portfolio,hub_policy_compliant,central,factorial_036,portfolio_mean,central,gentd26_hourly_service_demand.csv,gentd26_aligned_regional_hourly_cef.csv,capacity_scenarios.csv,energy_calibration_bounds.csv,trace_timestamp_anonymized,single_row_default,0.3,20.0,carbon,211.9472222222222,211.94722220222218,2e-08,0.9999999999056368,0.30000000002830896,56.92722900944693,70.30512782658639,33.27983909601082,52.58829419592904,1.182553116211512,0.02248700275018724,0.0,,,1e-08,True,True,0,686,4.440892098500626e-16,0.0,0.0,0.0,1e-08,0.9475833333333334,0,0.0,554,3,0.0,0.0,148.36305553555553,2.892416666666666,2.9903182870370384,57.70143171296298
spatial_wue_coarse,1.0,1.5767374882820158,1.5767374882820158,1.0,0.0,0.0,0.0,-13.23512129906874,-1.0000007932831068e-08,38.354010220005065,1e-08,33.27781044433017,screened_water_cap_1.00,equal_site_portfolio,hub_policy_compliant,central,factorial_036,portfolio_mean,central,gentd26_hourly_service_demand.csv,gentd26_aligned_regional_hourly_cef.csv,capacity_scenarios.csv,energy_calibration_bounds.csv,trace_timestamp_anonymized,single_row_default,0.3,20.0,carbon,211.9472222222222,211.94722220222218,2e-08,0.9999999999056368,0.30000000002830896,56.92722900944693,70.30512782658639,33.27781044433017,52.79215315390457,1.5767374882820158,0.029866891082948724,0.0,,,1e-08,True,True,0,691,4.440892098500626e-16,0.0,0.0,0.0,1e-08,0.9475833333333334,0,0.0,554,3,0.0,0.0,148.36305553555553,3.8531666666666657,3.997916666666667,55.73308333333334
spatial_wue_coarse,0.0,0.0,1.5767374882820158,0.0,1.5767374882820158,0.0582254091812473,0.17496766885745085,-13.083310813418725,-1.0000007932831068e-08,38.354010220005065,1e-08,33.27781044433017,screened_water_cap_0.00,equal_site_portfolio,hub_policy_compliant,central,factorial_037,portfolio_mean,central,gentd26_hourly_service_demand.csv,gentd26_aligned_regional_hourly_cef.csv,capacity_scenarios.csv,energy_calibration_bounds.csv,trace_timestamp_anonymized,single_row_default,0.3,20.0,carbon,211.9472222222222,211.94722220222218,2e-08,0.9999999999056368,0.30000000002830896,56.92722900944693,70.30512782658639,33.33603585351142,65.46631336086396,0.0,0.0,0.0,,,1e-08,True,True,0,0,4.440892098500626e-16,0.0,0.0,0.0,1e-08,0.9475833333333334,0,0.0,554,3,0.0,0.0,148.36305553555553,0.0,0.0,63.5841666666667
spatial_wue_coarse,0.25,0.39418437207050394,1.5767374882820158,0.24999999999999992,1.182553116211512,0.021766215712673898,0.06540759569830801,-13.178370477999923,-1.0000007932831068e-08,38.354010220005065,1e-08,33.27781044433017,screened_water_cap_0.25,equal_site_portfolio,hub_policy_compliant,central,factorial_037,portfolio_mean,central,gentd26_hourly_service_demand.csv,gentd26_aligned_regional_hourly_cef.csv,capacity_scenarios.csv,energy_calibration_bounds.csv,trace_timestamp_anonymized,single_row_default,0.3,20.0,carbon,211.9472222222222,211.94722220222218,2e-08,0.9999999999056368,0.30000000002830896,56.92722900944693,70.30512782658639,33.299576660042845,65.03509570034274,0.39418437207050383,0.0060611023605893835,0.0,,,1e-08,True,True,0,678,4.440892098500626e-16,0.0,0.0,0.0,1e-08,0.9475833333333334,0,0.0,554,3,1.1102230246251565e-16,0.0,148.36305553555553,0.6399894927536229,2.03225,60.91192717391307
spatial_wue_coarse,0.5,0.7883687441410079,1.5767374882820158,0.5,0.7883687441410079,0.008597023922611413,0.025834103289312793,-13.2127063706863,-9.999979511121637e-09,38.354010220005065,1e-08,33.27781044433017,screened_water_cap_0.50,equal_site_portfolio,hub_policy_compliant,central,factorial_037,portfolio_mean,central,gentd26_hourly_service_demand.csv,gentd26_aligned_regional_hourly_cef.csv,capacity_scenarios.csv,energy_calibration_bounds.csv,trace_timestamp_anonymized,single_row_default,0.3,20.0,carbon,211.9472222222222,211.9472222022222,2e-08,0.9999999999056369,0.30000000002830896,56.92722900944693,70.30512782658639,33.28640746825278,64.88818152930992,0.7883687441410079,0.012149650761670716,0.0,,,1e-08,True,True,0,681,4.440892098500626e-16,0.0,0.0,0.0,1e-08,0.9475833333333334,0,0.0,554,3,0.0,0.0,148.36305553555553,1.699416666666667,2.7246296296296286,59.16012037037039
spatial_wue_coarse,0.75,1.182553116211512,1.5767374882820158,0.7500000000000001,0.39418437207050383,0.002028651680646476,0.00609610924986459,-13.229832017272635,-1.0000007932831068e-08,38.354010220005065,1e-08,33.27781044433017,screened_water_cap_0.75,equal_site_portfolio,hub_policy_compliant,central,factorial_037,portfolio_mean,central,gentd26_hourly_service_demand.csv,gentd26_aligned_regional_hourly_cef.csv,capacity_scenarios.csv,energy_calibration_bounds.csv,trace_timestamp_anonymized,single_row_default,0.3,20.0,carbon,211.9472222222222,211.94722220222218,2e-08,0.9999999999056368,0.30000000002830896,56.92722900944693,70.30512782658639,33.27983909601082,64.83180576782672,1.182553116211512,0.01824032359126981,0.0,,,1e-08,True,True,0,686,4.440892098500626e-16,0.0,0.0,0.0,1e-08,0.9475833333333334,0,0.0,554,3,0.0,0.0,148.36305553555553,2.892416666666666,2.9903182870370384,57.70143171296298
spatial_wue_coarse,1.0,1.5767374882820158,1.5767374882820158,1.0,0.0,0.0,0.0,-13.23512129906874,-1.0000007932831068e-08,38.354010220005065,1e-08,33.27781044433017,screened_water_cap_1.00,equal_site_portfolio,hub_policy_compliant,central,factorial_037,portfolio_mean,central,gentd26_hourly_service_demand.csv,gentd26_aligned_regional_hourly_cef.csv,capacity_scenarios.csv,energy_calibration_bounds.csv,trace_timestamp_anonymized,single_row_default,0.3,20.0,carbon,211.9472222222222,211.94722220222218,2e-08,0.9999999999056368,0.30000000002830896,56.92722900944693,70.30512782658639,33.27781044433017,64.61800617820494,1.5767374882820158,0.02440089971104424,0.0,,,1e-08,True,True,0,691,4.440892098500626e-16,0.0,0.0,0.0,1e-08,0.9475833333333334,0,0.0,554,3,0.0,0.0,148.36305553555553,3.8531666666666657,3.997916666666667,55.73308333333334
spatial_wue_coarse,0.0,0.0,1.5767374882820158,0.0,1.5767374882820158,0.0582254091812473,0.17496766885745085,-13.083310813418725,-1.0000007932831068e-08,38.354010220005065,1e-08,33.27781044433017,screened_water_cap_0.00,equal_site_portfolio,hub_policy_compliant,central,factorial_038,portfolio_mean,central,gentd26_hourly_service_demand.csv,gentd26_aligned_regional_hourly_cef.csv,capacity_scenarios.csv,energy_calibration_bounds.csv,trace_timestamp_anonymized,single_row_default,0.3,20.0,carbon,211.9472222222222,211.94722220222218,2e-08,0.9999999999056368,0.30000000002830896,56.92722900944693,70.30512782658639,33.33603585351142,79.98275675964275,0.0,0.0,0.0,,,1e-08,True,True,0,0,4.440892098500626e-16,0.0,0.0,0.0,1e-08,0.9475833333333334,0,0.0,554,3,0.0,0.0,148.36305553555553,0.0,0.0,63.5841666666667
spatial_wue_coarse,0.25,0.39418437207050394,1.5767374882820158,0.24999999999999992,1.182553116211512,0.021766215712673898,0.06540759569830801,-13.178370477999923,-1.0000007932831068e-08,38.354010220005065,1e-08,33.27781044433017,screened_water_cap_0.25,equal_site_portfolio,hub_policy_compliant,central,factorial_038,portfolio_mean,central,gentd26_hourly_service_demand.csv,gentd26_aligned_regional_hourly_cef.csv,capacity_scenarios.csv,energy_calibration_bounds.csv,trace_timestamp_anonymized,single_row_default,0.3,20.0,carbon,211.9472222222222,211.94722220222218,2e-08,0.9999999999056368,0.30000000002830896,56.92722900944693,70.30512782658639,33.299576660042845,78.94145933590156,0.39418437207050383,0.004993375792474537,0.0,,,1e-08,True,True,0,678,4.440892098500626e-16,0.0,0.0,0.0,1e-08,0.9475833333333334,0,0.0,554,3,1.1102230246251565e-16,0.0,148.36305553555553,0.6399894927536229,2.03225,60.91192717391307
spatial_wue_coarse,0.5,0.7883687441410079,1.5767374882820158,0.5,0.7883687441410079,0.008597023922611413,0.025834103289312793,-13.2127063706863,-9.999979511121637e-09,38.354010220005065,1e-08,33.27781044433017,screened_water_cap_0.50,equal_site_portfolio,hub_policy_compliant,central,factorial_038,portfolio_mean,central,gentd26_hourly_service_demand.csv,gentd26_aligned_regional_hourly_cef.csv,capacity_scenarios.csv,energy_calibration_bounds.csv,trace_timestamp_anonymized,single_row_default,0.3,20.0,carbon,211.9472222222222,211.9472222022222,2e-08,0.9999999999056369,0.30000000002830896,56.92722900944693,70.30512782658639,33.28640746825278,78.39460276344454,0.7883687441410079,0.010056416084151967,0.0,,,1e-08,True,True,0,681,4.440892098500626e-16,0.0,0.0,0.0,1e-08,0.9475833333333334,0,0.0,554,3,0.0,0.0,148.36305553555553,1.699416666666667,2.7246296296296286,59.16012037037039
spatial_wue_coarse,0.75,1.182553116211512,1.5767374882820158,0.7500000000000001,0.39418437207050383,0.002028651680646476,0.00609610924986459,-13.229832017272635,-1.0000007932831068e-08,38.354010220005065,1e-08,33.27781044433017,screened_water_cap_0.75,equal_site_portfolio,hub_policy_compliant,central,factorial_038,portfolio_mean,central,gentd26_hourly_service_demand.csv,gentd26_aligned_regional_hourly_cef.csv,capacity_scenarios.csv,energy_calibration_bounds.csv,trace_timestamp_anonymized,single_row_default,0.3,20.0,carbon,211.9472222222222,211.94722220222218,2e-08,0.9999999999056368,0.30000000002830896,56.92722900944693,70.30512782658639,33.27983909601082,78.00520429455207,1.182553116211512,0.01515992589092036,0.0,,,1e-08,True,True,0,686,4.440892098500626e-16,0.0,0.0,0.0,1e-08,0.9475833333333334,0,0.0,554,3,0.0,0.0,148.36305553555553,2.892416666666666,2.9903182870370384,57.70143171296298
spatial_wue_coarse,1.0,1.5767374882820158,1.5767374882820158,1.0,0.0,0.0,0.0,-13.23512129906874,-1.0000007932831068e-08,38.354010220005065,1e-08,33.27781044433017,screened_water_cap_1.00,equal_site_portfolio,hub_policy_compliant,central,factorial_038,portfolio_mean,central,gentd26_hourly_service_demand.csv,gentd26_aligned_regional_hourly_cef.csv,capacity_scenarios.csv,energy_calibration_bounds.csv,trace_timestamp_anonymized,single_row_default,0.3,20.0,carbon,211.9472222222222,211.94722220222218,2e-08,0.9999999999056368,0.30000000002830896,56.92722900944693,70.30512782658639,33.27781044433017,77.34202525498382,1.5767374882820158,0.020386555473350665,0.0,,,1e-08,True,True,0,691,4.440892098500626e-16,0.0,0.0,0.0,1e-08,0.9475833333333334,0,0.0,554,3,0.0,0.0,148.36305553555553,3.8531666666666657,3.997916666666667,55.73308333333334
spatial_wue_coarse,0.0,0.0,2.4250446709410443,0.0,2.4250446709410443,0.0582254091812473,0.17496766885745085,-13.083310813418725,-1.0000007932831068e-08,38.354010220005065,1e-08,33.27781044433017,screened_water_cap_0.00,equal_site_portfolio,hub_policy_compliant,central,factorial_039,portfolio_mean,central,gentd26_hourly_service_demand.csv,gentd26_aligned_regional_hourly_cef.csv,capacity_scenarios.csv,energy_calibration_bounds.csv,trace_timestamp_anonymized,single_row_default,0.3,20.0,carbon,211.9472222222222,211.94722220222218,2e-08,0.9999999999056368,0.30000000002830896,56.92722900944693,70.30512782658639,33.33603585351142,51.97456008435192,0.0,0.0,0.0,,,1e-08,True,True,0,0,4.440892098500626e-16,0.0,0.0,0.0,1e-08,0.9475833333333334,0,0.0,554,3,0.0,0.0,148.36305553555553,0.0,0.0,63.5841666666667
spatial_wue_coarse,0.25,0.6062611677352611,2.4250446709410443,0.25,1.818783503205783,0.02847432026741359,0.08556548609184311,-13.160880508851292,-1.0000007932831068e-08,38.354010220005065,1e-08,33.27781044433017,screened_water_cap_0.25,equal_site_portfolio,hub_policy_compliant,central,factorial_039,portfolio_mean,central,gentd26_hourly_service_demand.csv,gentd26_aligned_regional_hourly_cef.csv,capacity_scenarios.csv,energy_calibration_bounds.csv,trace_timestamp_anonymized,single_row_default,0.3,20.0,carbon,211.9472222222222,211.94722220222218,2e-08,0.9999999999056368,0.30000000002830896,56.92722900944693,70.30512782658639,33.306284764597585,52.391035147404835,0.6062611677352611,0.01157184938280976,0.0,,,1e-08,True,True,0,674,4.440892098500626e-16,0.0,0.0,0.0,1e-08,0.9475833333333334,0,0.0,554,3,0.0,0.0,148.36305553555553,0.9091041666666666,1.0536666666666663,61.62139583333336
spatial_wue_coarse,0.5,1.2125223354705221,2.4250446709410443,0.5,1.2125223354705221,0.009671953295018909,0.029064271855272494,-13.209903718848215,-1.0000007932831068e-08,38.354010220005065,1e-08,33.27781044433017,screened_water_cap_0.50,equal_site_portfolio,hub_policy_compliant,central,factorial_039,portfolio_mean,central,gentd26_hourly_service_demand.csv,gentd26_aligned_regional_hourly_cef.csv,capacity_scenarios.csv,energy_calibration_bounds.csv,trace_timestamp_anonymized,single_row_default,0.3,20.0,carbon,211.9472222222222,211.94722220222218,2e-08,0.9999999999056368,0.30000000002830896,56.92722900944693,70.30512782658639,33.28748239762519,52.807510210457764,1.2125223354705221,0.022961172201419175,0.0,,,1e-08,True,True,0,681,4.440892098500626e-16,0.0,0.0,0.0,1e-08,0.9475833333333334,0,0.0,554,3,0.0,0.0,148.36305553555553,2.003625,1.9219166666666663,59.65862500000002
spatial_wue_coarse,0.75,1.818783503205783,2.4250446709410443,0.7499999999999997,0.6062611677352618,0.0017832854951365107,0.005358782538045226,-13.230471757899764,-1.0000007932831068e-08,38.354010220005065,1e-08,33.27781044433017,screened_water_cap_0.75,equal_site_portfolio,hub_policy_compliant,central,factorial_039,portfolio_mean,central,gentd26_hourly_service_demand.csv,gentd26_aligned_regional_hourly_cef.csv,capacity_scenarios.csv,energy_calibration_bounds.csv,trace_timestamp_anonymized,single_row_default,0.3,20.0,carbon,211.9472222222222,211.94722220222218,2e-08,0.9999999999056368,0.30000000002830896,56.92722900944693,70.30512782658639,33.27959372982531,53.22398527351068,1.8187835032057824,0.034172253239950115,0.0,,,1e-08,True,True,0,684,4.440892098500626e-16,0.0,0.0,0.0,1e-08,0.9475833333333334,0,0.0,554,3,6.661338147750939e-16,0.0,148.36305553555553,3.0441666666666665,2.844145833333332,57.695854166666685
spatial_wue_coarse,1.0,2.4250446709410443,2.4250446709410443,1.0,0.0,0.0,0.0,-13.23512129906874,-1.0000007932831068e-08,38.354010220005065,1e-08,33.27781044433017,screened_water_cap_1.00,equal_site_portfolio,hub_policy_compliant,central,factorial_039,portfolio_mean,central,gentd26_hourly_service_demand.csv,gentd26_aligned_regional_hourly_cef.csv,capacity_scenarios.csv,energy_calibration_bounds.csv,trace_timestamp_anonymized,single_row_default,0.3,20.0,carbon,211.9472222222222,211.94722220222218,2e-08,0.9999999999056368,0.30000000002830896,56.92722900944693,70.30512782658639,33.27781044433017,53.640460336563606,2.4250446709410443,0.04520924421090457,0.0,,,1e-08,True,True,0,683,4.440892098500626e-16,0.0,0.0,0.0,1e-08,0.9475833333333334,0,0.0,554,3,0.0,0.0,148.36305553555553,3.8531666666666657,3.997916666666667,55.73308333333334
spatial_wue_coarse,0.0,0.0,2.4250446709410443,0.0,2.4250446709410443,0.0582254091812473,0.17496766885745085,-13.083310813418725,-1.0000007932831068e-08,38.354010220005065,1e-08,33.27781044433017,screened_water_cap_0.00,equal_site_portfolio,hub_policy_compliant,central,factorial_040,portfolio_mean,central,gentd26_hourly_service_demand.csv,gentd26_aligned_regional_hourly_cef.csv,capacity_scenarios.csv,energy_calibration_bounds.csv,trace_timestamp_anonymized,single_row_default,0.3,20.0,carbon,211.9472222222222,211.94722220222218,2e-08,0.9999999999056368,0.30000000002830896,56.92722900944693,70.30512782658639,33.33603585351142,65.46631336086396,0.0,0.0,0.0,,,1e-08,True,True,0,0,4.440892098500626e-16,0.0,0.0,0.0,1e-08,0.9475833333333334,0,0.0,554,3,0.0,0.0,148.36305553555553,0.0,0.0,63.5841666666667
spatial_wue_coarse,0.25,0.6062611677352611,2.4250446709410443,0.25,1.818783503205783,0.02847432026741359,0.08556548609184311,-13.160880508851292,-1.0000007932831068e-08,38.354010220005065,1e-08,33.27781044433017,screened_water_cap_0.25,equal_site_portfolio,hub_policy_compliant,central,factorial_040,portfolio_mean,central,gentd26_hourly_service_demand.csv,gentd26_aligned_regional_hourly_cef.csv,capacity_scenarios.csv,energy_calibration_bounds.csv,trace_timestamp_anonymized,single_row_default,0.3,20.0,carbon,211.9472222222222,211.94722220222218,2e-08,0.9999999999056368,0.30000000002830896,56.92722900944693,70.30512782658639,33.306284764597585,65.46631336086396,0.6062611677352611,0.009260658445717313,0.0,,,1e-08,True,True,0,674,4.440892098500626e-16,0.0,0.0,0.0,1e-08,0.9475833333333334,0,0.0,554,3,0.0,0.0,148.36305553555553,0.9091041666666666,1.0536666666666663,61.62139583333336
spatial_wue_coarse,0.5,1.2125223354705221,2.4250446709410443,0.5,1.2125223354705221,0.009671953295018909,0.029064271855272494,-13.209903718848215,-1.0000007932831068e-08,38.354010220005065,1e-08,33.27781044433017,screened_water_cap_0.50,equal_site_portfolio,hub_policy_compliant,central,factorial_040,portfolio_mean,central,gentd26_hourly_service_demand.csv,gentd26_aligned_regional_hourly_cef.csv,capacity_scenarios.csv,energy_calibration_bounds.csv,trace_timestamp_anonymized,single_row_default,0.3,20.0,carbon,211.9472222222222,211.94722220222218,2e-08,0.9999999999056368,0.30000000002830896,56.92722900944693,70.30512782658639,33.28748239762519,65.46631336086396,1.2125223354705221,0.018521316891434627,0.0,,,1e-08,True,True,0,681,4.440892098500626e-16,0.0,0.0,0.0,1e-08,0.9475833333333334,0,0.0,554,3,0.0,0.0,148.36305553555553,2.003625,1.9219166666666663,59.65862500000002
spatial_wue_coarse,0.75,1.818783503205783,2.4250446709410443,0.7499999999999997,0.6062611677352618,0.0017832854951365107,0.005358782538045226,-13.230471757899764,-1.0000007932831068e-08,38.354010220005065,1e-08,33.27781044433017,screened_water_cap_0.75,equal_site_portfolio,hub_policy_compliant,central,factorial_040,portfolio_mean,central,gentd26_hourly_service_demand.csv,gentd26_aligned_regional_hourly_cef.csv,capacity_scenarios.csv,energy_calibration_bounds.csv,trace_timestamp_anonymized,single_row_default,0.3,20.0,carbon,211.9472222222222,211.94722220222218,2e-08,0.9999999999056368,0.30000000002830896,56.92722900944693,70.30512782658639,33.27959372982531,65.46631336086396,1.8187835032057824,0.02778197533715193,0.0,,,1e-08,True,True,0,684,4.440892098500626e-16,0.0,0.0,0.0,1e-08,0.9475833333333334,0,0.0,554,3,6.661338147750939e-16,0.0,148.36305553555553,3.0441666666666665,2.844145833333332,57.695854166666685
spatial_wue_coarse,1.0,2.4250446709410443,2.4250446709410443,1.0,0.0,0.0,0.0,-13.23512129906874,-1.0000007932831068e-08,38.354010220005065,1e-08,33.27781044433017,screened_water_cap_1.00,equal_site_portfolio,hub_policy_compliant,central,factorial_040,portfolio_mean,central,gentd26_hourly_service_demand.csv,gentd26_aligned_regional_hourly_cef.csv,capacity_scenarios.csv,energy_calibration_bounds.csv,trace_timestamp_anonymized,single_row_default,0.3,20.0,carbon,211.9472222222222,211.94722220222218,2e-08,0.9999999999056368,0.30000000002830896,56.92722900944693,70.30512782658639,33.27781044433017,65.46631336086396,2.4250446709410443,0.037042633782869254,0.0,,,1e-08,True,True,0,683,4.440892098500626e-16,0.0,0.0,0.0,1e-08,0.9475833333333334,0,0.0,554,3,0.0,0.0,148.36305553555553,3.8531666666666657,3.997916666666667,55.73308333333334
spatial_wue_coarse,0.0,0.0,2.4250446709410443,0.0,2.4250446709410443,0.0582254091812473,0.17496766885745085,-13.083310813418725,-1.0000007932831068e-08,38.354010220005065,1e-08,33.27781044433017,screened_water_cap_0.00,equal_site_portfolio,hub_policy_compliant,central,factorial_041,portfolio_mean,central,gentd26_hourly_service_demand.csv,gentd26_aligned_regional_hourly_cef.csv,capacity_scenarios.csv,energy_calibration_bounds.csv,trace_timestamp_anonymized,single_row_default,0.3,20.0,carbon,211.9472222222222,211.94722220222218,2e-08,0.9999999999056368,0.30000000002830896,56.92722900944693,70.30512782658639,33.33603585351142,79.98275675964275,0.0,0.0,0.0,,,1e-08,True,True,0,0,4.440892098500626e-16,0.0,0.0,0.0,1e-08,0.9475833333333334,0,0.0,554,3,0.0,0.0,148.36305553555553,0.0,0.0,63.5841666666667
spatial_wue_coarse,0.25,0.6062611677352611,2.4250446709410443,0.25,1.818783503205783,0.02847432026741359,0.08556548609184311,-13.160880508851292,-1.0000007932831068e-08,38.354010220005065,1e-08,33.27781044433017,screened_water_cap_0.25,equal_site_portfolio,hub_policy_compliant,central,factorial_041,portfolio_mean,central,gentd26_hourly_service_demand.csv,gentd26_aligned_regional_hourly_cef.csv,capacity_scenarios.csv,energy_calibration_bounds.csv,trace_timestamp_anonymized,single_row_default,0.3,20.0,carbon,211.9472222222222,211.94722220222218,2e-08,0.9999999999056368,0.30000000002830896,56.92722900944693,70.30512782658639,33.306284764597585,79.53465067914277,0.6062611677352611,0.007622604268182792,0.0,,,1e-08,True,True,0,674,4.440892098500626e-16,0.0,0.0,0.0,1e-08,0.9475833333333334,0,0.0,554,3,0.0,0.0,148.36305553555553,0.9091041666666666,1.0536666666666663,61.62139583333336
spatial_wue_coarse,0.5,1.2125223354705221,2.4250446709410443,0.5,1.2125223354705221,0.009671953295018909,0.029064271855272494,-13.209903718848215,-1.0000007932831068e-08,38.354010220005065,1e-08,33.27781044433017,screened_water_cap_0.50,equal_site_portfolio,hub_policy_compliant,central,factorial_041,portfolio_mean,central,gentd26_hourly_service_demand.csv,gentd26_aligned_regional_hourly_cef.csv,capacity_scenarios.csv,energy_calibration_bounds.csv,trace_timestamp_anonymized,single_row_default,0.3,20.0,carbon,211.9472222222222,211.94722220222218,2e-08,0.9999999999056368,0.30000000002830896,56.92722900944693,70.30512782658639,33.28748239762519,79.0865445986428,1.2125223354705221,0.015331588219259867,0.0,,,1e-08,True,True,0,681,4.440892098500626e-16,0.0,0.0,0.0,1e-08,0.9475833333333334,0,0.0,554,3,0.0,0.0,148.36305553555553,2.003625,1.9219166666666663,59.65862500000002
spatial_wue_coarse,0.75,1.818783503205783,2.4250446709410443,0.7499999999999997,0.6062611677352618,0.0017832854951365107,0.005358782538045226,-13.230471757899764,-1.0000007932831068e-08,38.354010220005065,1e-08,33.27781044433017,screened_water_cap_0.75,equal_site_portfolio,hub_policy_compliant,central,factorial_041,portfolio_mean,central,gentd26_hourly_service_demand.csv,gentd26_aligned_regional_hourly_cef.csv,capacity_scenarios.csv,energy_calibration_bounds.csv,trace_timestamp_anonymized,single_row_default,0.3,20.0,carbon,211.9472222222222,211.94722220222218,2e-08,0.9999999999056368,0.30000000002830896,56.92722900944693,70.30512782658639,33.27959372982531,78.63843851814283,1.8187835032057824,0.023128428507467977,0.0,,,1e-08,True,True,0,684,4.440892098500626e-16,0.0,0.0,0.0,1e-08,0.9475833333333334,0,0.0,554,3,6.661338147750939e-16,0.0,148.36305553555553,3.0441666666666665,2.844145833333332,57.695854166666685
spatial_wue_coarse,1.0,2.4250446709410443,2.4250446709410443,1.0,0.0,0.0,0.0,-13.23512129906874,-1.0000007932831068e-08,38.354010220005065,1e-08,33.27781044433017,screened_water_cap_1.00,equal_site_portfolio,hub_policy_compliant,central,factorial_041,portfolio_mean,central,gentd26_hourly_service_demand.csv,gentd26_aligned_regional_hourly_cef.csv,capacity_scenarios.csv,energy_calibration_bounds.csv,trace_timestamp_anonymized,single_row_default,0.3,20.0,carbon,211.9472222222222,211.94722220222218,2e-08,0.9999999999056368,0.30000000002830896,56.92722900944693,70.30512782658639,33.27781044433017,78.19033243764285,2.4250446709410443,0.03101463563766056,0.0,,,1e-08,True,True,0,683,4.440892098500626e-16,0.0,0.0,0.0,1e-08,0.9475833333333334,0,0.0,554,3,0.0,0.0,148.36305553555553,3.8531666666666657,3.997916666666667,55.73308333333334
spatial_wue_coarse,0.0,0.0,3.337780247219746,0.0,3.337780247219746,0.0582254091812473,0.17496766885745085,-13.083310813418725,-1.0000007932831068e-08,38.354010220005065,1e-08,33.27781044433017,screened_water_cap_0.00,equal_site_portfolio,hub_policy_compliant,central,factorial_042,portfolio_mean,central,gentd26_hourly_service_demand.csv,gentd26_aligned_regional_hourly_cef.csv,capacity_scenarios.csv,energy_calibration_bounds.csv,trace_timestamp_anonymized,single_row_default,0.3,20.0,carbon,211.9472222222222,211.94722220222218,2e-08,0.9999999999056368,0.30000000002830896,56.92722900944693,70.30512782658639,33.33603585351142,51.97456008435192,0.0,0.0,0.0,,,1e-08,True,True,0,0,4.440892098500626e-16,0.0,0.0,0.0,1e-08,0.9475833333333334,0,0.0,554,3,0.0,0.0,148.36305553555553,0.0,0.0,63.5841666666667
spatial_wue_coarse,0.25,0.8344450618049365,3.337780247219746,0.25000000000000006,2.503335185414809,0.027706894841628582,0.08325936854522986,-13.162881408943317,-1.0000007932831068e-08,38.354010220005065,1e-08,33.27781044433017,screened_water_cap_0.25,equal_site_portfolio,hub_policy_compliant,central,factorial_042,portfolio_mean,central,gentd26_hourly_service_demand.csv,gentd26_aligned_regional_hourly_cef.csv,capacity_scenarios.csv,energy_calibration_bounds.csv,trace_timestamp_anonymized,single_row_default,0.3,20.0,carbon,211.9472222222222,211.94722220222218,2e-08,0.9999999999056368,0.30000000002830896,56.92722900944693,70.30512782658639,33.3055173391718,52.588968349481796,0.8344450618049367,0.015867302363864667,0.0,,,1e-08,True,True,0,678,4.440892098500626e-16,0.0,0.0,0.0,1e-08,0.9475833333333334,0,0.0,554,3,-2.220446049250313e-16,2.220446049250313e-16,148.36305553555553,1.699416666666667,0.5762072916666667,61.30854270833336
spatial_wue_coarse,0.5,1.668890123609873,3.337780247219746,0.5,1.668890123609873,0.009097418803705182,0.027337792607862177,-13.211401696473036,-1.0000007932831068e-08,38.354010220005065,1e-08,33.27781044433017,screened_water_cap_0.50,equal_site_portfolio,hub_policy_compliant,central,factorial_042,portfolio_mean,central,gentd26_hourly_service_demand.csv,gentd26_aligned_regional_hourly_cef.csv,capacity_scenarios.csv,energy_calibration_bounds.csv,trace_timestamp_anonymized,single_row_default,0.3,20.0,carbon,211.9472222222222,211.94722220222218,2e-08,0.9999999999056368,0.30000000002830896,56.92722900944693,70.30512782658639,33.28690786313388,53.25182063280055,1.668890123609873,0.03133958808878578,0.0,,,1e-08,True,True,0,680,4.440892098500626e-16,0.0,0.0,0.0,1e-08,0.9475833333333334,0,0.0,554,3,0.0,0.0,148.36305553555553,2.2199891304347816,1.8302499999999997,59.53392753623191
spatial_wue_coarse,0.75,2.5033351854148096,3.337780247219746,0.75,0.8344450618049364,0.0016325002627155527,0.004905672100763425,-13.230864898621043,-1.0000007932831068e-08,38.354010220005065,1e-08,33.27781044433017,screened_water_cap_0.75,equal_site_portfolio,hub_policy_compliant,central,factorial_042,portfolio_mean,central,gentd26_hourly_service_demand.csv,gentd26_aligned_regional_hourly_cef.csv,capacity_scenarios.csv,energy_calibration_bounds.csv,trace_timestamp_anonymized,single_row_default,0.3,20.0,carbon,211.9472222222222,211.94722220222218,2e-08,0.9999999999056368,0.30000000002830896,56.92722900944693,70.30512782658639,33.27944294459289,53.89456929104478,2.5033351854148096,0.046448746475663334,0.0,,,1e-08,True,True,0,685,4.440892098500626e-16,0.0,0.0,0.0,1e-08,0.9475833333333334,0,0.0,554,3,0.0,0.0,148.36305553555553,3.229766304347827,2.8030000000000004,57.55140036231886
spatial_wue_coarse,1.0,3.337780247219746,3.337780247219746,1.0000000000000002,-8.881784197001252e-16,0.0,0.0,-13.23512129906874,-1.0000007932831068e-08,38.354010220005065,1e-08,33.27781044433017,screened_water_cap_1.00,equal_site_portfolio,hub_policy_compliant,central,factorial_042,portfolio_mean,central,gentd26_hourly_service_demand.csv,gentd26_aligned_regional_hourly_cef.csv,capacity_scenarios.csv,energy_calibration_bounds.csv,trace_timestamp_anonymized,single_row_default,0.3,20.0,carbon,211.9472222222222,211.94722220222218,2e-08,0.9999999999056368,0.300000000028309,56.92722900944693,70.30512782658639,33.27781044433017,54.5531959128423,3.337780247219747,0.061183954328769295,0.0,,,1e-08,True,True,0,686,4.440892098500626e-16,0.0,2.7131075164277263e-15,0.0,1e-08,0.9475833333333334,0,-2.7131075164277263e-15,554,3,-8.881784197001252e-16,8.881784197001252e-16,148.36305553555553,3.8531666666666693,3.997916666666667,55.73308333333334
spatial_wue_coarse,0.0,0.0,3.337780247219746,0.0,3.337780247219746,0.0582254091812473,0.17496766885745085,-13.083310813418725,-1.0000007932831068e-08,38.354010220005065,1e-08,33.27781044433017,screened_water_cap_0.00,equal_site_portfolio,hub_policy_compliant,central,factorial_043,portfolio_mean,central,gentd26_hourly_service_demand.csv,gentd26_aligned_regional_hourly_cef.csv,capacity_scenarios.csv,energy_calibration_bounds.csv,trace_timestamp_anonymized,single_row_default,0.3,20.0,carbon,211.9472222222222,211.94722220222218,2e-08,0.9999999999056368,0.30000000002830896,56.92722900944693,70.30512782658639,33.33603585351142,65.46631336086396,0.0,0.0,0.0,,,1e-08,True,True,0,0,4.440892098500626e-16,0.0,0.0,0.0,1e-08,0.9475833333333334,0,0.0,554,3,0.0,0.0,148.36305553555553,0.0,0.0,63.5841666666667
spatial_wue_coarse,0.25,0.8344450618049365,3.337780247219746,0.25000000000000006,2.503335185414809,0.027706894841628582,0.08325936854522986,-13.162881408943317,-1.0000007932831068e-08,38.354010220005065,1e-08,33.27781044433017,screened_water_cap_0.25,equal_site_portfolio,hub_policy_compliant,central,factorial_043,portfolio_mean,central,gentd26_hourly_service_demand.csv,gentd26_aligned_regional_hourly_cef.csv,capacity_scenarios.csv,energy_calibration_bounds.csv,trace_timestamp_anonymized,single_row_default,0.3,20.0,carbon,211.9472222222222,211.94722220222218,2e-08,0.9999999999056368,0.30000000002830896,56.92722900944693,70.30512782658639,33.3055173391718,65.59786309995692,0.8344450618049367,0.012720613482994459,0.0,,,1e-08,True,True,0,678,4.440892098500626e-16,0.0,0.0,0.0,1e-08,0.9475833333333334,0,0.0,554,3,-2.220446049250313e-16,2.220446049250313e-16,148.36305553555553,1.699416666666667,0.5762072916666667,61.30854270833336
spatial_wue_coarse,0.5,1.668890123609873,3.337780247219746,0.5,1.668890123609873,0.009097418803705182,0.027337792607862177,-13.211401696473036,-1.0000007932831068e-08,38.354010220005065,1e-08,33.27781044433017,screened_water_cap_0.50,equal_site_portfolio,hub_policy_compliant,central,factorial_043,portfolio_mean,central,gentd26_hourly_service_demand.csv,gentd26_aligned_regional_hourly_cef.csv,capacity_scenarios.csv,energy_calibration_bounds.csv,trace_timestamp_anonymized,single_row_default,0.3,20.0,carbon,211.9472222222222,211.94722220222218,2e-08,0.9999999999056368,0.30000000002830896,56.92722900944693,70.30512782658639,33.28690786313388,65.88416456381987,1.668890123609873,0.025330671408806786,0.0,,,1e-08,True,True,0,680,4.440892098500626e-16,0.0,0.0,0.0,1e-08,0.9475833333333334,0,0.0,554,3,0.0,0.0,148.36305553555553,2.2199891304347816,1.8302499999999997,59.53392753623191
spatial_wue_coarse,0.75,2.5033351854148096,3.337780247219746,0.75,0.8344450618049364,0.0016325002627155527,0.004905672100763425,-13.230864898621043,-1.0000007932831068e-08,38.354010220005065,1e-08,33.27781044433017,screened_water_cap_0.75,equal_site_portfolio,hub_policy_compliant,central,factorial_043,portfolio_mean,central,gentd26_hourly_service_demand.csv,gentd26_aligned_regional_hourly_cef.csv,capacity_scenarios.csv,energy_calibration_bounds.csv,trace_timestamp_anonymized,single_row_default,0.3,20.0,carbon,211.9472222222222,211.94722220222218,2e-08,0.9999999999056368,0.30000000002830896,56.92722900944693,70.30512782658639,33.27944294459289,66.10624611425033,2.5033351854148096,0.037868360897218956,0.0,,,1e-08,True,True,0,685,4.440892098500626e-16,0.0,0.0,0.0,1e-08,0.9475833333333334,0,0.0,554,3,0.0,0.0,148.36305553555553,3.229766304347827,2.8030000000000004,57.55140036231886
spatial_wue_coarse,1.0,3.337780247219746,3.337780247219746,1.0000000000000002,-8.881784197001252e-16,0.0,0.0,-13.23512129906874,-1.0000007932831068e-08,38.354010220005065,1e-08,33.27781044433017,screened_water_cap_1.00,equal_site_portfolio,hub_policy_compliant,central,factorial_043,portfolio_mean,central,gentd26_hourly_service_demand.csv,gentd26_aligned_regional_hourly_cef.csv,capacity_scenarios.csv,energy_calibration_bounds.csv,trace_timestamp_anonymized,single_row_default,0.3,20.0,carbon,211.9472222222222,211.94722220222218,2e-08,0.9999999999056368,0.300000000028309,56.92722900944693,70.30512782658639,33.27781044433017,66.37904893714267,3.337780247219747,0.050283640706880905,0.0,,,1e-08,True,True,0,686,4.440892098500626e-16,0.0,2.7131075164277263e-15,0.0,1e-08,0.9475833333333334,0,-2.7131075164277263e-15,554,3,-8.881784197001252e-16,8.881784197001252e-16,148.36305553555553,3.8531666666666693,3.997916666666667,55.73308333333334
spatial_wue_coarse,0.0,0.0,3.337780247219746,0.0,3.337780247219746,0.0582254091812473,0.17496766885745085,-13.083310813418725,-1.0000007932831068e-08,38.354010220005065,1e-08,33.27781044433017,screened_water_cap_0.00,equal_site_portfolio,hub_policy_compliant,central,factorial_044,portfolio_mean,central,gentd26_hourly_service_demand.csv,gentd26_aligned_regional_hourly_cef.csv,capacity_scenarios.csv,energy_calibration_bounds.csv,trace_timestamp_anonymized,single_row_default,0.3,20.0,carbon,211.9472222222222,211.94722220222218,2e-08,0.9999999999056368,0.30000000002830896,56.92722900944693,70.30512782658639,33.33603585351142,79.98275675964275,0.0,0.0,0.0,,,1e-08,True,True,0,0,4.440892098500626e-16,0.0,0.0,0.0,1e-08,0.9475833333333334,0,0.0,554,3,0.0,0.0,148.36305553555553,0.0,0.0,63.5841666666667
spatial_wue_coarse,0.25,0.8344450618049365,3.337780247219746,0.25000000000000006,2.503335185414809,0.027706894841628582,0.08325936854522986,-13.162881408943317,-1.0000007932831068e-08,38.354010220005065,1e-08,33.27781044433017,screened_water_cap_0.25,equal_site_portfolio,hub_policy_compliant,central,factorial_044,portfolio_mean,central,gentd26_hourly_service_demand.csv,gentd26_aligned_regional_hourly_cef.csv,capacity_scenarios.csv,energy_calibration_bounds.csv,trace_timestamp_anonymized,single_row_default,0.3,20.0,carbon,211.9472222222222,211.94722220222218,2e-08,0.9999999999056368,0.30000000002830896,56.92722900944693,70.30512782658639,33.3055173391718,79.59477517325294,0.8344450618049367,0.010483666295791534,0.0,,,1e-08,True,True,0,678,4.440892098500626e-16,0.0,0.0,0.0,1e-08,0.9475833333333334,0,0.0,554,3,-2.220446049250313e-16,2.220446049250313e-16,148.36305553555553,1.699416666666667,0.5762072916666667,61.30854270833336
spatial_wue_coarse,0.5,1.668890123609873,3.337780247219746,0.5,1.668890123609873,0.009097418803705182,0.027337792607862177,-13.211401696473036,-1.0000007932831068e-08,38.354010220005065,1e-08,33.27781044433017,screened_water_cap_0.50,equal_site_portfolio,hub_policy_compliant,central,factorial_044,portfolio_mean,central,gentd26_hourly_service_demand.csv,gentd26_aligned_regional_hourly_cef.csv,capacity_scenarios.csv,energy_calibration_bounds.csv,trace_timestamp_anonymized,single_row_default,0.3,20.0,carbon,211.9472222222222,211.94722220222218,2e-08,0.9999999999056368,0.30000000002830896,56.92722900944693,70.30512782658639,33.28690786313388,79.47592702124572,1.668890123609873,0.020998687101362663,0.0,,,1e-08,True,True,0,680,4.440892098500626e-16,0.0,0.0,0.0,1e-08,0.9475833333333334,0,0.0,554,3,0.0,0.0,148.36305553555553,2.2199891304347816,1.8302499999999997,59.53392753623191
spatial_wue_coarse,0.75,2.5033351854148096,3.337780247219746,0.75,0.8344450618049364,0.0016325002627155527,0.004905672100763425,-13.230864898621043,-1.0000007932831068e-08,38.354010220005065,1e-08,33.27781044433017,screened_water_cap_0.75,equal_site_portfolio,hub_policy_compliant,central,factorial_044,portfolio_mean,central,gentd26_hourly_service_demand.csv,gentd26_aligned_regional_hourly_cef.csv,capacity_scenarios.csv,energy_calibration_bounds.csv,trace_timestamp_anonymized,single_row_default,0.3,20.0,carbon,211.9472222222222,211.94722220222218,2e-08,0.9999999999056368,0.30000000002830896,56.92722900944693,70.30512782658639,33.27944294459289,79.24539206326895,2.5033351854148096,0.031589662442658685,0.0,,,1e-08,True,True,0,685,4.440892098500626e-16,0.0,0.0,0.0,1e-08,0.9475833333333334,0,0.0,554,3,0.0,0.0,148.36305553555553,3.229766304347827,2.8030000000000004,57.55140036231886
spatial_wue_coarse,1.0,3.337780247219746,3.337780247219746,1.0000000000000002,-8.881784197001252e-16,0.0,0.0,-13.23512129906874,-1.0000007932831068e-08,38.354010220005065,1e-08,33.27781044433017,screened_water_cap_1.00,equal_site_portfolio,hub_policy_compliant,central,factorial_044,portfolio_mean,central,gentd26_hourly_service_demand.csv,gentd26_aligned_regional_hourly_cef.csv,capacity_scenarios.csv,energy_calibration_bounds.csv,trace_timestamp_anonymized,single_row_default,0.3,20.0,carbon,211.9472222222222,211.94722220222218,2e-08,0.9999999999056368,0.300000000028309,56.92722900944693,70.30512782658639,33.27781044433017,79.10306801392156,3.337780247219747,0.04219533238119566,0.0,,,1e-08,True,True,0,686,4.440892098500626e-16,0.0,2.7131075164277263e-15,0.0,1e-08,0.9475833333333334,0,-2.7131075164277263e-15,554,3,-8.881784197001252e-16,8.881784197001252e-16,148.36305553555553,3.8531666666666693,3.997916666666667,55.73308333333334
spatial_wue_coarse,0.0,0.0,2.456426234003217,0.0,2.456426234003217,0.0582254091812473,0.17496766885745085,-13.083310813418725,-1.0000007932831068e-08,38.354010220005065,1e-08,33.27781044433017,screened_water_cap_0.00,equal_site_portfolio,hub_policy_compliant,central,factorial_045,portfolio_mean,central,gentd26_hourly_service_demand.csv,gentd26_aligned_regional_hourly_cef.csv,capacity_scenarios.csv,energy_calibration_bounds.csv,trace_timestamp_anonymized,single_row_default,0.3,20.0,carbon,211.9472222222222,211.94722220222218,2e-08,0.9999999999056368,0.30000000002830896,56.92722900944693,70.30512782658639,33.33603585351142,51.97456008435192,0.0,0.0,0.0,,,1e-08,True,True,0,0,4.440892098500626e-16,0.0,0.0,0.0,1e-08,0.9475833333333334,0,0.0,554,3,0.0,0.0,148.36305553555553,0.0,0.0,63.5841666666667
spatial_wue_coarse,0.25,0.6141065585008042,2.456426234003217,0.25000000000000006,1.8423196755024125,0.019204183413116027,0.05770867480971997,-13.185050437370172,-1.0000007932831068e-08,38.354010220005065,1e-08,33.27781044433017,screened_water_cap_0.25,equal_site_portfolio,hub_policy_compliant,central,factorial_045,portfolio_mean,central,gentd26_hourly_service_demand.csv,gentd26_aligned_regional_hourly_cef.csv,capacity_scenarios.csv,energy_calibration_bounds.csv,trace_timestamp_anonymized,single_row_default,0.3,20.0,carbon,211.9472222222222,211.94722220222218,2e-08,0.9999999999056368,0.30000000002830896,56.92722900944693,70.30512782658639,33.29701462774329,52.26591254122449,0.6141065585008043,0.011749657255413472,0.0,,,1e-08,True,True,0,680,4.440892098500626e-16,0.0,0.0,0.0,1e-08,0.9475833333333334,0,0.0,554,3,-1.1102230246251565e-16,1.1102230246251565e-16,148.36305553555553,0.6614279166666668,2.6765000000000003,60.246238750000025
spatial_wue_coarse,0.5,1.2282131170016084,2.456426234003217,0.5000000000000001,1.2282131170016082,0.0077772975399454936,0.023370821084989224,-13.214843634502948,-1.0000007932831068e-08,38.354010220005065,1e-08,33.27781044433017,screened_water_cap_0.50,equal_site_portfolio,hub_policy_compliant,central,factorial_045,portfolio_mean,central,gentd26_hourly_service_demand.csv,gentd26_aligned_regional_hourly_cef.csv,capacity_scenarios.csv,energy_calibration_bounds.csv,trace_timestamp_anonymized,single_row_default,0.3,20.0,carbon,211.9472222222222,211.94722220222218,2e-08,0.9999999999056368,0.30000000002830896,56.92722900944693,70.30512782658639,33.28558774187012,52.72313632162169,1.2282131170016086,0.023295524558881755,0.0,,,1e-08,True,True,0,682,4.440892098500626e-16,0.0,0.0,0.0,1e-08,0.9475833333333334,0,0.0,554,3,-2.220446049250313e-16,2.220446049250313e-16,148.36305553555553,1.699416666666667,3.2609953703703702,58.623754629629644
spatial_wue_coarse,0.75,1.8423196755024125,2.456426234003217,0.75,0.6141065585008043,0.0017008420766018162,0.005111039620375735,-13.230686711741779,-1.0000007932831068e-08,38.354010220005065,1e-08,33.27781044433017,screened_water_cap_0.75,equal_site_portfolio,hub_policy_compliant,central,factorial_045,portfolio_mean,central,gentd26_hourly_service_demand.csv,gentd26_aligned_regional_hourly_cef.csv,capacity_scenarios.csv,energy_calibration_bounds.csv,trace_timestamp_anonymized,single_row_default,0.3,20.0,carbon,211.9472222222222,211.94722220222218,2e-08,0.9999999999056368,0.30000000002830896,56.92722900944693,70.30512782658639,33.27951128640677,53.198939240778856,1.8423196755024125,0.03463075959398472,0.0,,,1e-08,True,True,0,689,4.440892098500626e-16,0.0,0.0,0.0,1e-08,0.9475833333333334,0,0.0,554,3,0.0,0.0,148.36305553555553,2.779583749999999,3.611166666666667,57.19341625000002
spatial_wue_coarse,1.0,2.456426234003217,2.456426234003217,0.9999999999999997,8.881784197001252e-16,0.0,0.0,-13.23512129906874,-1.0000007932831068e-08,38.354010220005065,1e-08,33.27781044433017,screened_water_cap_1.00,equal_site_portfolio,hub_policy_compliant,central,factorial_045,portfolio_mean,central,gentd26_hourly_service_demand.csv,gentd26_aligned_regional_hourly_cef.csv,capacity_scenarios.csv,energy_calibration_bounds.csv,trace_timestamp_anonymized,single_row_default,0.3,20.0,carbon,211.9472222222222,211.94722220222218,2e-08,0.9999999999056368,0.30000000002830896,56.92722900944693,70.30512782658639,33.27781044433017,53.67184189962577,2.456426234003216,0.04576750391009673,0.0,,,1e-08,True,True,0,684,4.440892098500626e-16,0.0,0.0,0.0,1e-08,0.9475833333333334,0,0.0,554,3,8.881784197001252e-16,0.0,148.36305553555553,3.853166666666665,3.997916666666667,55.73308333333334
spatial_wue_coarse,0.0,0.0,2.456426234003217,0.0,2.456426234003217,0.0582254091812473,0.17496766885745085,-13.083310813418725,-1.0000007932831068e-08,38.354010220005065,1e-08,33.27781044433017,screened_water_cap_0.00,equal_site_portfolio,hub_policy_compliant,central,factorial_046,portfolio_mean,central,gentd26_hourly_service_demand.csv,gentd26_aligned_regional_hourly_cef.csv,capacity_scenarios.csv,energy_calibration_bounds.csv,trace_timestamp_anonymized,single_row_default,0.3,20.0,carbon,211.9472222222222,211.94722220222218,2e-08,0.9999999999056368,0.30000000002830896,56.92722900944693,70.30512782658639,33.33603585351142,65.46631336086396,0.0,0.0,0.0,,,1e-08,True,True,0,0,4.440892098500626e-16,0.0,0.0,0.0,1e-08,0.9475833333333334,0,0.0,554,3,0.0,0.0,148.36305553555553,0.0,0.0,63.5841666666667
spatial_wue_coarse,0.25,0.6141065585008042,2.456426234003217,0.25000000000000006,1.8423196755024125,0.019204183413116027,0.05770867480971997,-13.185050437370172,-1.0000007932831068e-08,38.354010220005065,1e-08,33.27781044433017,screened_water_cap_0.25,equal_site_portfolio,hub_policy_compliant,central,factorial_046,portfolio_mean,central,gentd26_hourly_service_demand.csv,gentd26_aligned_regional_hourly_cef.csv,capacity_scenarios.csv,energy_calibration_bounds.csv,trace_timestamp_anonymized,single_row_default,0.3,20.0,carbon,211.9472222222222,211.94722220222218,2e-08,0.9999999999056368,0.30000000002830896,56.92722900944693,70.30512782658639,33.29701462774329,65.04939987249678,0.6141065585008043,0.009440618356272518,0.0,,,1e-08,True,True,0,680,4.440892098500626e-16,0.0,0.0,0.0,1e-08,0.9475833333333334,0,0.0,554,3,-1.1102230246251565e-16,1.1102230246251565e-16,148.36305553555553,0.6614279166666668,2.6765000000000003,60.246238750000025
spatial_wue_coarse,0.5,1.2282131170016084,2.456426234003217,0.5000000000000001,1.2282131170016082,0.0077772975399454936,0.023370821084989224,-13.214843634502948,-1.0000007932831068e-08,38.354010220005065,1e-08,33.27781044433017,screened_water_cap_0.50,equal_site_portfolio,hub_policy_compliant,central,factorial_046,portfolio_mean,central,gentd26_hourly_service_demand.csv,gentd26_aligned_regional_hourly_cef.csv,capacity_scenarios.csv,energy_calibration_bounds.csv,trace_timestamp_anonymized,single_row_default,0.3,20.0,carbon,211.9472222222222,211.94722220222218,2e-08,0.9999999999056368,0.30000000002830896,56.92722900944693,70.30512782658639,33.28558774187012,65.16235311205553,1.2282131170016086,0.018848507740190555,0.0,,,1e-08,True,True,0,682,4.440892098500626e-16,0.0,0.0,0.0,1e-08,0.9475833333333334,0,0.0,554,3,-2.220446049250313e-16,2.220446049250313e-16,148.36305553555553,1.699416666666667,3.2609953703703702,58.623754629629644
spatial_wue_coarse,0.75,1.8423196755024125,2.456426234003217,0.75,0.6141065585008043,0.0017008420766018162,0.005111039620375735,-13.230686711741779,-1.0000007932831068e-08,38.354010220005065,1e-08,33.27781044433017,screened_water_cap_0.75,equal_site_portfolio,hub_policy_compliant,central,factorial_046,portfolio_mean,central,gentd26_hourly_service_demand.csv,gentd26_aligned_regional_hourly_cef.csv,capacity_scenarios.csv,energy_calibration_bounds.csv,trace_timestamp_anonymized,single_row_default,0.3,20.0,carbon,211.9472222222222,211.94722220222218,2e-08,0.9999999999056368,0.30000000002830896,56.92722900944693,70.30512782658639,33.27951128640677,65.33465637820856,1.8423196755024125,0.028198199510495806,0.0,,,1e-08,True,True,0,689,4.440892098500626e-16,0.0,0.0,0.0,1e-08,0.9475833333333334,0,0.0,554,3,0.0,0.0,148.36305553555553,2.779583749999999,3.611166666666667,57.19341625000002
spatial_wue_coarse,1.0,2.456426234003217,2.456426234003217,0.9999999999999997,8.881784197001252e-16,0.0,0.0,-13.23512129906874,-1.0000007932831068e-08,38.354010220005065,1e-08,33.27781044433017,screened_water_cap_1.00,equal_site_portfolio,hub_policy_compliant,central,factorial_046,portfolio_mean,central,gentd26_hourly_service_demand.csv,gentd26_aligned_regional_hourly_cef.csv,capacity_scenarios.csv,energy_calibration_bounds.csv,trace_timestamp_anonymized,single_row_default,0.3,20.0,carbon,211.9472222222222,211.94722220222218,2e-08,0.9999999999056368,0.30000000002830896,56.92722900944693,70.30512782658639,33.27781044433017,65.49769492392613,2.456426234003216,0.03750401043664653,0.0,,,1e-08,True,True,0,684,4.440892098500626e-16,0.0,0.0,0.0,1e-08,0.9475833333333334,0,0.0,554,3,8.881784197001252e-16,0.0,148.36305553555553,3.853166666666665,3.997916666666667,55.73308333333334
spatial_wue_coarse,0.0,0.0,2.456426234003217,0.0,2.456426234003217,0.0582254091812473,0.17496766885745085,-13.083310813418725,-1.0000007932831068e-08,38.354010220005065,1e-08,33.27781044433017,screened_water_cap_0.00,equal_site_portfolio,hub_policy_compliant,central,factorial_047,portfolio_mean,central,gentd26_hourly_service_demand.csv,gentd26_aligned_regional_hourly_cef.csv,capacity_scenarios.csv,energy_calibration_bounds.csv,trace_timestamp_anonymized,single_row_default,0.3,20.0,carbon,211.9472222222222,211.94722220222218,2e-08,0.9999999999056368,0.30000000002830896,56.92722900944693,70.30512782658639,33.33603585351142,79.98275675964275,0.0,0.0,0.0,,,1e-08,True,True,0,0,4.440892098500626e-16,0.0,0.0,0.0,1e-08,0.9475833333333334,0,0.0,554,3,0.0,0.0,148.36305553555553,0.0,0.0,63.5841666666667
spatial_wue_coarse,0.25,0.6141065585008042,2.456426234003217,0.25000000000000006,1.8423196755024125,0.019204183413116027,0.05770867480971997,-13.185050437370172,-1.0000007932831068e-08,38.354010220005065,1e-08,33.27781044433017,screened_water_cap_0.25,equal_site_portfolio,hub_policy_compliant,central,factorial_047,portfolio_mean,central,gentd26_hourly_service_demand.csv,gentd26_aligned_regional_hourly_cef.csv,capacity_scenarios.csv,energy_calibration_bounds.csv,trace_timestamp_anonymized,single_row_default,0.3,20.0,carbon,211.9472222222222,211.94722220222218,2e-08,0.9999999999056368,0.30000000002830896,56.92722900944693,70.30512782658639,33.29701462774329,78.80378497576444,0.6141065585008043,0.007792856126005477,0.0,,,1e-08,True,True,0,680,4.440892098500626e-16,0.0,0.0,0.0,1e-08,0.9475833333333334,0,0.0,554,3,-1.1102230246251565e-16,1.1102230246251565e-16,148.36305553555553,0.6614279166666668,2.6765000000000003,60.246238750000025
spatial_wue_coarse,0.5,1.2282131170016084,2.456426234003217,0.5000000000000001,1.2282131170016082,0.0077772975399454936,0.023370821084989224,-13.214843634502948,-1.0000007932831068e-08,38.354010220005065,1e-08,33.27781044433017,screened_water_cap_0.50,equal_site_portfolio,hub_policy_compliant,central,factorial_047,portfolio_mean,central,gentd26_hourly_service_demand.csv,gentd26_aligned_regional_hourly_cef.csv,capacity_scenarios.csv,energy_calibration_bounds.csv,trace_timestamp_anonymized,single_row_default,0.3,20.0,carbon,211.9472222222222,211.94722220222218,2e-08,0.9999999999056368,0.30000000002830896,56.92722900944693,70.30512782658639,33.28558774187012,78.5463205448008,1.2282131170016086,0.015636800151587842,0.0,,,1e-08,True,True,0,682,4.440892098500626e-16,0.0,0.0,0.0,1e-08,0.9475833333333334,0,0.0,554,3,-2.220446049250313e-16,2.220446049250313e-16,148.36305553555553,1.699416666666667,3.2609953703703702,58.623754629629644
spatial_wue_coarse,0.75,1.8423196755024125,2.456426234003217,0.75,0.6141065585008043,0.0017008420766018162,0.005111039620375735,-13.230686711741779,-1.0000007932831068e-08,38.354010220005065,1e-08,33.27781044433017,screened_water_cap_0.75,equal_site_portfolio,hub_policy_compliant,central,factorial_047,portfolio_mean,central,gentd26_hourly_service_demand.csv,gentd26_aligned_regional_hourly_cef.csv,capacity_scenarios.csv,energy_calibration_bounds.csv,trace_timestamp_anonymized,single_row_default,0.3,20.0,carbon,211.9472222222222,211.94722220222218,2e-08,0.9999999999056368,0.30000000002830896,56.92722900944693,70.30512782658639,33.27951128640677,78.39207355139246,1.8423196755024125,0.023501351502006388,0.0,,,1e-08,True,True,0,689,4.440892098500626e-16,0.0,0.0,0.0,1e-08,0.9475833333333334,0,0.0,554,3,0.0,0.0,148.36305553555553,2.779583749999999,3.611166666666667,57.19341625000002
spatial_wue_coarse,1.0,2.456426234003217,2.456426234003217,0.9999999999999997,8.881784197001252e-16,0.0,0.0,-13.23512129906874,-1.0000007932831068e-08,38.354010220005065,1e-08,33.27781044433017,screened_water_cap_1.00,equal_site_portfolio,hub_policy_compliant,central,factorial_047,portfolio_mean,central,gentd26_hourly_service_demand.csv,gentd26_aligned_regional_hourly_cef.csv,capacity_scenarios.csv,energy_calibration_bounds.csv,trace_timestamp_anonymized,single_row_default,0.3,20.0,carbon,211.9472222222222,211.94722220222218,2e-08,0.9999999999056368,0.30000000002830896,56.92722900944693,70.30512782658639,33.27781044433017,78.22171400070502,2.456426234003216,0.03140338031944782,0.0,,,1e-08,True,True,0,684,4.440892098500626e-16,0.0,0.0,0.0,1e-08,0.9475833333333334,0,0.0,554,3,8.881784197001252e-16,0.0,148.36305553555553,3.853166666666665,3.997916666666667,55.73308333333334
spatial_wue_coarse,0.0,0.0,3.304733416662245,0.0,3.304733416662245,0.0582254091812473,0.17496766885745085,-13.083310813418725,-1.0000007932831068e-08,38.354010220005065,1e-08,33.27781044433017,screened_water_cap_0.00,equal_site_portfolio,hub_policy_compliant,central,factorial_048,portfolio_mean,central,gentd26_hourly_service_demand.csv,gentd26_aligned_regional_hourly_cef.csv,capacity_scenarios.csv,energy_calibration_bounds.csv,trace_timestamp_anonymized,single_row_default,0.3,20.0,carbon,211.9472222222222,211.94722220222218,2e-08,0.9999999999056368,0.30000000002830896,56.92722900944693,70.30512782658639,33.33603585351142,51.97456008435192,0.0,0.0,0.0,,,1e-08,True,True,0,0,4.440892098500626e-16,0.0,0.0,0.0,1e-08,0.9475833333333334,0,0.0,554,3,0.0,0.0,148.36305553555553,0.0,0.0,63.5841666666667
spatial_wue_coarse,0.25,0.8261833541655612,3.304733416662245,0.25,2.4785500624966836,0.02482379217520503,0.07459562947127463,-13.1703984916418,-1.0000007932831068e-08,38.354010220005065,1e-08,33.27781044433017,screened_water_cap_0.25,equal_site_portfolio,hub_policy_compliant,central,factorial_048,portfolio_mean,central,gentd26_hourly_service_demand.csv,gentd26_aligned_regional_hourly_cef.csv,capacity_scenarios.csv,energy_calibration_bounds.csv,trace_timestamp_anonymized,single_row_default,0.3,20.0,carbon,211.9472222222222,211.94722220222218,2e-08,0.9999999999056368,0.30000000002830896,56.92722900944693,70.30512782658639,33.30263423650538,52.57607751715786,0.8261833541655612,0.015714054626763316,0.0,,,1e-08,True,True,0,677,4.440892098500626e-16,0.0,0.0,0.0,1e-08,0.9475833333333334,0,0.0,554,3,0.0,0.0,148.36305553555553,0.4752484375,1.8482499999999997,61.26066822916669
spatial_wue_coarse,0.5,1.6523667083311224,3.304733416662245,0.5,1.6523667083311224,0.00966202484798373,0.029034436818342613,-13.209929605181825,-1.0000007932831068e-08,38.354010220005065,1e-08,33.27781044433017,screened_water_cap_0.50,equal_site_portfolio,hub_policy_compliant,central,factorial_048,portfolio_mean,central,gentd26_hourly_service_demand.csv,gentd26_aligned_regional_hourly_cef.csv,capacity_scenarios.csv,energy_calibration_bounds.csv,trace_timestamp_anonymized,single_row_default,0.3,20.0,carbon,211.9472222222222,211.94722220222218,2e-08,0.9999999999056368,0.30000000002830896,56.92722900944693,70.30512782658639,33.287472469178155,53.237938581676296,1.6523667083311224,0.03103739085983022,0.0,,,1e-08,True,True,0,686,4.440892098500626e-16,0.0,0.0,0.0,1e-08,0.9475833333333334,0,0.0,554,3,0.0,0.0,148.36305553555553,1.7948333333333335,2.2280887681159407,59.561244565217415
spatial_wue_coarse,0.75,2.4785500624966836,3.304733416662245,0.75,0.8261833541655612,0.0019433619071236308,0.005839813020069862,-13.230054392385515,-1.0000007932831068e-08,38.354010220005065,1e-08,33.27781044433017,screened_water_cap_0.75,equal_site_portfolio,hub_policy_compliant,central,factorial_048,portfolio_mean,central,gentd26_hourly_service_demand.csv,gentd26_aligned_regional_hourly_cef.csv,capacity_scenarios.csv,energy_calibration_bounds.csv,trace_timestamp_anonymized,single_row_default,0.3,20.0,carbon,211.9472222222222,211.94722220222218,2e-08,0.9999999999056368,0.30000000002830896,56.92722900944693,70.30512782658639,33.279753806237295,53.891783239989664,2.4785500624966836,0.04599124232833901,0.0,,,1e-08,True,True,0,688,4.440892098500626e-16,0.0,0.0,0.0,1e-08,0.9475833333333334,0,0.0,554,3,0.0,0.0,148.36305553555553,3.0022515624999992,2.8030000000000004,57.77891510416668
spatial_wue_coarse,1.0,3.304733416662245,3.304733416662245,1.0000000000000002,-4.440892098500626e-16,0.0,0.0,-13.23512129906874,-1.0000007932831068e-08,38.354010220005065,1e-08,33.27781044433017,screened_water_cap_1.00,equal_site_portfolio,hub_policy_compliant,central,factorial_048,portfolio_mean,central,gentd26_hourly_service_demand.csv,gentd26_aligned_regional_hourly_cef.csv,capacity_scenarios.csv,energy_calibration_bounds.csv,trace_timestamp_anonymized,single_row_default,0.3,20.0,carbon,211.9472222222222,211.94722220222218,2e-08,0.9999999999056368,0.300000000028309,56.92722900944693,70.30512782658639,33.27781044433017,54.5201490822848,3.3047334166622453,0.060614900587937864,0.0,,,1e-08,True,True,0,686,4.440892098500626e-16,0.0,8.118505867571457e-16,0.0,1e-08,0.9475833333333334,0,-8.118505867571457e-16,554,3,-4.440892098500626e-16,4.440892098500626e-16,148.36305553555553,3.8531666666666675,3.997916666666667,55.73308333333334
spatial_wue_coarse,0.0,0.0,3.304733416662245,0.0,3.304733416662245,0.0582254091812473,0.17496766885745085,-13.083310813418725,-1.0000007932831068e-08,38.354010220005065,1e-08,33.27781044433017,screened_water_cap_0.00,equal_site_portfolio,hub_policy_compliant,central,factorial_049,portfolio_mean,central,gentd26_hourly_service_demand.csv,gentd26_aligned_regional_hourly_cef.csv,capacity_scenarios.csv,energy_calibration_bounds.csv,trace_timestamp_anonymized,single_row_default,0.3,20.0,carbon,211.9472222222222,211.94722220222218,2e-08,0.9999999999056368,0.30000000002830896,56.92722900944693,70.30512782658639,33.33603585351142,65.46631336086396,0.0,0.0,0.0,,,1e-08,True,True,0,0,4.440892098500626e-16,0.0,0.0,0.0,1e-08,0.9475833333333334,0,0.0,554,3,0.0,0.0,148.36305553555553,0.0,0.0,63.5841666666667
spatial_wue_coarse,0.25,0.8261833541655612,3.304733416662245,0.25,2.4785500624966836,0.02482379217520503,0.07459562947127463,-13.1703984916418,-1.0000007932831068e-08,38.354010220005065,1e-08,33.27781044433017,screened_water_cap_0.25,equal_site_portfolio,hub_policy_compliant,central,factorial_049,portfolio_mean,central,gentd26_hourly_service_demand.csv,gentd26_aligned_regional_hourly_cef.csv,capacity_scenarios.csv,energy_calibration_bounds.csv,trace_timestamp_anonymized,single_row_default,0.3,20.0,carbon,211.9472222222222,211.94722220222218,2e-08,0.9999999999056368,0.30000000002830896,56.92722900944693,70.30512782658639,33.30263423650538,65.57481391068629,0.8261833541655612,0.012599095672476223,0.0,,,1e-08,True,True,0,677,4.440892098500626e-16,0.0,0.0,0.0,1e-08,0.9475833333333334,0,0.0,554,3,0.0,0.0,148.36305553555553,0.4752484375,1.8482499999999997,61.26066822916669
spatial_wue_coarse,0.5,1.6523667083311224,3.304733416662245,0.5,1.6523667083311224,0.00966202484798373,0.029034436818342613,-13.209929605181825,-1.0000007932831068e-08,38.354010220005065,1e-08,33.27781044433017,screened_water_cap_0.50,equal_site_portfolio,hub_policy_compliant,central,factorial_049,portfolio_mean,central,gentd26_hourly_service_demand.csv,gentd26_aligned_regional_hourly_cef.csv,capacity_scenarios.csv,energy_calibration_bounds.csv,trace_timestamp_anonymized,single_row_default,0.3,20.0,carbon,211.9472222222222,211.94722220222218,2e-08,0.9999999999056368,0.30000000002830896,56.92722900944693,70.30512782658639,33.287472469178155,65.87607883959019,1.6523667083311224,0.025082954806018045,0.0,,,1e-08,True,True,0,686,4.440892098500626e-16,0.0,0.0,0.0,1e-08,0.9475833333333334,0,0.0,554,3,0.0,0.0,148.36305553555553,1.7948333333333335,2.2280887681159407,59.561244565217415
spatial_wue_coarse,0.75,2.4785500624966836,3.304733416662245,0.75,0.8261833541655612,0.0019433619071236308,0.005839813020069862,-13.230054392385515,-1.0000007932831068e-08,38.354010220005065,1e-08,33.27781044433017,screened_water_cap_0.75,equal_site_portfolio,hub_policy_compliant,central,factorial_049,portfolio_mean,central,gentd26_hourly_service_demand.csv,gentd26_aligned_regional_hourly_cef.csv,capacity_scenarios.csv,energy_calibration_bounds.csv,trace_timestamp_anonymized,single_row_default,0.3,20.0,carbon,211.9472222222222,211.94722220222218,2e-08,0.9999999999056368,0.30000000002830896,56.92722900944693,70.30512782658639,33.279753806237295,66.15173580422791,2.4785500624966836,0.03746764967485969,0.0,,,1e-08,True,True,0,688,4.440892098500626e-16,0.0,0.0,0.0,1e-08,0.9475833333333334,0,0.0,554,3,0.0,0.0,148.36305553555553,3.0022515624999992,2.8030000000000004,57.77891510416668
spatial_wue_coarse,1.0,3.304733416662245,3.304733416662245,1.0000000000000002,-4.440892098500626e-16,0.0,0.0,-13.23512129906874,-1.0000007932831068e-08,38.354010220005065,1e-08,33.27781044433017,screened_water_cap_1.00,equal_site_portfolio,hub_policy_compliant,central,factorial_049,portfolio_mean,central,gentd26_hourly_service_demand.csv,gentd26_aligned_regional_hourly_cef.csv,capacity_scenarios.csv,energy_calibration_bounds.csv,trace_timestamp_anonymized,single_row_default,0.3,20.0,carbon,211.9472222222222,211.94722220222218,2e-08,0.9999999999056368,0.300000000028309,56.92722900944693,70.30512782658639,33.27781044433017,66.34600210658517,3.3047334166622453,0.0498105886071805,0.0,,,1e-08,True,True,0,686,4.440892098500626e-16,0.0,8.118505867571457e-16,0.0,1e-08,0.9475833333333334,0,-8.118505867571457e-16,554,3,-4.440892098500626e-16,4.440892098500626e-16,148.36305553555553,3.8531666666666675,3.997916666666667,55.73308333333334
spatial_wue_coarse,0.0,0.0,3.304733416662245,0.0,3.304733416662245,0.0582254091812473,0.17496766885745085,-13.083310813418725,-1.0000007932831068e-08,38.354010220005065,1e-08,33.27781044433017,screened_water_cap_0.00,equal_site_portfolio,hub_policy_compliant,central,factorial_050,portfolio_mean,central,gentd26_hourly_service_demand.csv,gentd26_aligned_regional_hourly_cef.csv,capacity_scenarios.csv,energy_calibration_bounds.csv,trace_timestamp_anonymized,single_row_default,0.3,20.0,carbon,211.9472222222222,211.94722220222218,2e-08,0.9999999999056368,0.30000000002830896,56.92722900944693,70.30512782658639,33.33603585351142,79.98275675964275,0.0,0.0,0.0,,,1e-08,True,True,0,0,4.440892098500626e-16,0.0,0.0,0.0,1e-08,0.9475833333333334,0,0.0,554,3,0.0,0.0,148.36305553555553,0.0,0.0,63.5841666666667
spatial_wue_coarse,0.25,0.8261833541655612,3.304733416662245,0.25,2.4785500624966836,0.02482379217520503,0.07459562947127463,-13.1703984916418,-1.0000007932831068e-08,38.354010220005065,1e-08,33.27781044433017,screened_water_cap_0.25,equal_site_portfolio,hub_policy_compliant,central,factorial_050,portfolio_mean,central,gentd26_hourly_service_demand.csv,gentd26_aligned_regional_hourly_cef.csv,capacity_scenarios.csv,energy_calibration_bounds.csv,trace_timestamp_anonymized,single_row_default,0.3,20.0,carbon,211.9472222222222,211.94722220222218,2e-08,0.9999999999056368,0.30000000002830896,56.92722900944693,70.30512782658639,33.30263423650538,79.56079610625484,0.8261833541655612,0.010384302251855031,0.0,,,1e-08,True,True,0,677,4.440892098500626e-16,0.0,0.0,0.0,1e-08,0.9475833333333334,0,0.0,554,3,0.0,0.0,148.36305553555553,0.4752484375,1.8482499999999997,61.26066822916669
spatial_wue_coarse,0.5,1.6523667083311224,3.304733416662245,0.5,1.6523667083311224,0.00966202484798373,0.029034436818342613,-13.209929605181825,-1.0000007932831068e-08,38.354010220005065,1e-08,33.27781044433017,screened_water_cap_0.50,equal_site_portfolio,hub_policy_compliant,central,factorial_050,portfolio_mean,central,gentd26_hourly_service_demand.csv,gentd26_aligned_regional_hourly_cef.csv,capacity_scenarios.csv,energy_calibration_bounds.csv,trace_timestamp_anonymized,single_row_default,0.3,20.0,carbon,211.9472222222222,211.94722220222218,2e-08,0.9999999999056368,0.30000000002830896,56.92722900944693,70.30512782658639,33.287472469178155,79.47407785126971,1.6523667083311224,0.020791266196550445,0.0,,,1e-08,True,True,0,686,4.440892098500626e-16,0.0,0.0,0.0,1e-08,0.9475833333333334,0,0.0,554,3,0.0,0.0,148.36305553555553,1.7948333333333335,2.2280887681159407,59.561244565217415
spatial_wue_coarse,0.75,2.4785500624966836,3.304733416662245,0.75,0.8261833541655612,0.0019433619071236308,0.005839813020069862,-13.230054392385515,-1.0000007932831068e-08,38.354010220005065,1e-08,33.27781044433017,screened_water_cap_0.75,equal_site_portfolio,hub_policy_compliant,central,factorial_050,portfolio_mean,central,gentd26_hourly_service_demand.csv,gentd26_aligned_regional_hourly_cef.csv,capacity_scenarios.csv,energy_calibration_bounds.csv,trace_timestamp_anonymized,single_row_default,0.3,20.0,carbon,211.9472222222222,211.94722220222218,2e-08,0.9999999999056368,0.30000000002830896,56.92722900944693,70.30512782658639,33.279753806237295,79.3428240062564,2.4785500624966836,0.031238490607559462,0.0,,,1e-08,True,True,0,688,4.440892098500626e-16,0.0,0.0,0.0,1e-08,0.9475833333333334,0,0.0,554,3,0.0,0.0,148.36305553555553,3.0022515624999992,2.8030000000000004,57.77891510416668
spatial_wue_coarse,1.0,3.304733416662245,3.304733416662245,1.0000000000000002,-4.440892098500626e-16,0.0,0.0,-13.23512129906874,-1.0000007932831068e-08,38.354010220005065,1e-08,33.27781044433017,screened_water_cap_1.00,equal_site_portfolio,hub_policy_compliant,central,factorial_050,portfolio_mean,central,gentd26_hourly_service_demand.csv,gentd26_aligned_regional_hourly_cef.csv,capacity_scenarios.csv,energy_calibration_bounds.csv,trace_timestamp_anonymized,single_row_default,0.3,20.0,carbon,211.9472222222222,211.94722220222218,2e-08,0.9999999999056368,0.300000000028309,56.92722900944693,70.30512782658639,33.27781044433017,79.07002118336405,3.3047334166622453,0.04179502379288024,0.0,,,1e-08,True,True,0,686,4.440892098500626e-16,0.0,8.118505867571457e-16,0.0,1e-08,0.9475833333333334,0,-8.118505867571457e-16,554,3,-4.440892098500626e-16,4.440892098500626e-16,148.36305553555553,3.8531666666666675,3.997916666666667,55.73308333333334
spatial_wue_coarse,0.0,0.0,4.2174689929409475,0.0,4.2174689929409475,0.0582254091812473,0.17496766885745085,-13.083310813418725,-1.0000007932831068e-08,38.354010220005065,1e-08,33.27781044433017,screened_water_cap_0.00,equal_site_portfolio,hub_policy_compliant,central,factorial_051,portfolio_mean,central,gentd26_hourly_service_demand.csv,gentd26_aligned_regional_hourly_cef.csv,capacity_scenarios.csv,energy_calibration_bounds.csv,trace_timestamp_anonymized,single_row_default,0.3,20.0,carbon,211.9472222222222,211.94722220222218,2e-08,0.9999999999056368,0.30000000002830896,56.92722900944693,70.30512782658639,33.33603585351142,51.97456008435192,0.0,0.0,0.0,,,1e-08,True,True,0,0,4.440892098500626e-16,0.0,0.0,0.0,1e-08,0.9475833333333334,0,0.0,554,3,0.0,0.0,148.36305553555553,0.0,0.0,63.5841666666667
spatial_wue_coarse,0.25,1.0543672482352369,4.2174689929409475,0.25,3.1631017447057106,0.02847432026741359,0.08556548609184311,-13.160880508851292,-1.0000007932831068e-08,38.354010220005065,1e-08,33.27781044433017,screened_water_cap_0.25,equal_site_portfolio,hub_policy_compliant,central,factorial_051,portfolio_mean,central,gentd26_hourly_service_demand.csv,gentd26_aligned_regional_hourly_cef.csv,capacity_scenarios.csv,energy_calibration_bounds.csv,trace_timestamp_anonymized,single_row_default,0.3,20.0,carbon,211.9472222222222,211.94722220222218,2e-08,0.9999999999056368,0.30000000002830896,56.92722900944693,70.30512782658639,33.306284764597585,52.83914122790481,1.0543672482352369,0.01995428433795999,0.0,,,1e-08,True,True,0,678,4.440892098500626e-16,0.0,0.0,0.0,1e-08,0.9475833333333334,0,0.0,554,3,0.0,0.0,148.36305553555553,0.909104166666667,1.0536666666666663,61.62139583333336
spatial_wue_coarse,0.5,2.1087344964704737,4.2174689929409475,0.5000000000000001,2.1087344964704733,0.009671953295018909,0.029064271855272494,-13.209903718848215,-1.0000007932831068e-08,38.354010220005065,1e-08,33.27781044433017,screened_water_cap_0.50,equal_site_portfolio,hub_policy_compliant,central,factorial_051,portfolio_mean,central,gentd26_hourly_service_demand.csv,gentd26_aligned_regional_hourly_cef.csv,capacity_scenarios.csv,energy_calibration_bounds.csv,trace_timestamp_anonymized,single_row_default,0.3,20.0,carbon,211.9472222222222,211.94722220222218,2e-08,0.9999999999056368,0.30000000002830896,56.92722900944693,70.30512782658639,33.28748239762519,53.703722371457715,2.108734496470474,0.03926607697479119,0.0,,,1e-08,True,True,0,683,4.440892098500626e-16,0.0,0.0,0.0,1e-08,0.9475833333333334,0,0.0,554,3,-4.440892098500626e-16,4.440892098500626e-16,148.36305553555553,2.003625000000001,1.9219166666666663,59.65862500000002
spatial_wue_coarse,0.75,3.1631017447057106,4.2174689929409475,0.7500000000000002,1.054367248235236,0.0017832854951365107,0.005358782538045226,-13.230471757899764,-1.0000007932831068e-08,38.354010220005065,1e-08,33.27781044433017,screened_water_cap_0.75,equal_site_portfolio,hub_policy_compliant,central,factorial_051,portfolio_mean,central,gentd26_hourly_service_demand.csv,gentd26_aligned_regional_hourly_cef.csv,capacity_scenarios.csv,energy_calibration_bounds.csv,trace_timestamp_anonymized,single_row_default,0.3,20.0,carbon,211.9472222222222,211.94722220222218,2e-08,0.9999999999056368,0.30000000002830896,56.92722900944693,70.30512782658639,33.27959372982531,54.568303515010605,3.1631017447057115,0.057965916859328566,0.0,,,1e-08,True,True,0,688,4.440892098500626e-16,0.0,0.0,0.0,1e-08,0.9475833333333334,0,0.0,554,3,-8.881784197001252e-16,8.881784197001252e-16,148.36305553555553,3.0441666666666665,2.844145833333336,57.69585416666668
spatial_wue_coarse,1.0,4.2174689929409475,4.2174689929409475,1.0000000000000004,-1.7763568394002505e-15,0.0,0.0,-13.23512129906874,-1.0000007932831068e-08,38.354010220005065,1e-08,33.27781044433017,screened_water_cap_1.00,equal_site_portfolio,hub_policy_compliant,central,factorial_051,portfolio_mean,central,gentd26_hourly_service_demand.csv,gentd26_aligned_regional_hourly_cef.csv,capacity_scenarios.csv,energy_calibration_bounds.csv,trace_timestamp_anonymized,single_row_default,0.3,20.0,carbon,211.9472222222222,211.94722220222218,2e-08,0.9999999999056368,0.300000000028309,56.92722900944693,70.30512782658639,33.27781044433017,55.432884658563495,4.217468992940949,0.0760824376887162,0.0,,,1e-08,True,True,0,684,4.440892098500626e-16,0.0,2.9108659926890823e-15,0.0,1e-08,0.9475833333333334,0,-2.9108659926890823e-15,554,3,-1.7763568394002505e-15,1.7763568394002505e-15,148.36305553555553,3.8531666666666693,3.997916666666667,55.73308333333334
spatial_wue_coarse,0.0,0.0,4.2174689929409475,0.0,4.2174689929409475,0.0582254091812473,0.17496766885745085,-13.083310813418725,-1.0000007932831068e-08,38.354010220005065,1e-08,33.27781044433017,screened_water_cap_0.00,equal_site_portfolio,hub_policy_compliant,central,factorial_052,portfolio_mean,central,gentd26_hourly_service_demand.csv,gentd26_aligned_regional_hourly_cef.csv,capacity_scenarios.csv,energy_calibration_bounds.csv,trace_timestamp_anonymized,single_row_default,0.3,20.0,carbon,211.9472222222222,211.94722220222218,2e-08,0.9999999999056368,0.30000000002830896,56.92722900944693,70.30512782658639,33.33603585351142,65.46631336086396,0.0,0.0,0.0,,,1e-08,True,True,0,0,4.440892098500626e-16,0.0,0.0,0.0,1e-08,0.9475833333333334,0,0.0,554,3,0.0,0.0,148.36305553555553,0.0,0.0,63.5841666666667
spatial_wue_coarse,0.25,1.0543672482352369,4.2174689929409475,0.25,3.1631017447057106,0.02847432026741359,0.08556548609184311,-13.160880508851292,-1.0000007932831068e-08,38.354010220005065,1e-08,33.27781044433017,screened_water_cap_0.25,equal_site_portfolio,hub_policy_compliant,central,factorial_052,portfolio_mean,central,gentd26_hourly_service_demand.csv,gentd26_aligned_regional_hourly_cef.csv,capacity_scenarios.csv,energy_calibration_bounds.csv,trace_timestamp_anonymized,single_row_default,0.3,20.0,carbon,211.9472222222222,211.94722220222218,2e-08,0.9999999999056368,0.30000000002830896,56.92722900944693,70.30512782658639,33.306284764597585,65.91441944136395,1.0543672482352369,0.015996002956123724,0.0,,,1e-08,True,True,0,678,4.440892098500626e-16,0.0,0.0,0.0,1e-08,0.9475833333333334,0,0.0,554,3,0.0,0.0,148.36305553555553,0.909104166666667,1.0536666666666663,61.62139583333336
spatial_wue_coarse,0.5,2.1087344964704737,4.2174689929409475,0.5000000000000001,2.1087344964704733,0.009671953295018909,0.029064271855272494,-13.209903718848215,-1.0000007932831068e-08,38.354010220005065,1e-08,33.27781044433017,screened_water_cap_0.50,equal_site_portfolio,hub_policy_compliant,central,factorial_052,portfolio_mean,central,gentd26_hourly_service_demand.csv,gentd26_aligned_regional_hourly_cef.csv,capacity_scenarios.csv,energy_calibration_bounds.csv,trace_timestamp_anonymized,single_row_default,0.3,20.0,carbon,211.9472222222222,211.94722220222218,2e-08,0.9999999999056368,0.30000000002830896,56.92722900944693,70.30512782658639,33.28748239762519,66.36252552186392,2.108734496470474,0.03177598320569833,0.0,,,1e-08,True,True,0,683,4.440892098500626e-16,0.0,0.0,0.0,1e-08,0.9475833333333334,0,0.0,554,3,-4.440892098500626e-16,4.440892098500626e-16,148.36305553555553,2.003625000000001,1.9219166666666663,59.65862500000002
spatial_wue_coarse,0.75,3.1631017447057106,4.2174689929409475,0.7500000000000002,1.054367248235236,0.0017832854951365107,0.005358782538045226,-13.230471757899764,-1.0000007932831068e-08,38.354010220005065,1e-08,33.27781044433017,screened_water_cap_0.75,equal_site_portfolio,hub_policy_compliant,central,factorial_052,portfolio_mean,central,gentd26_hourly_service_demand.csv,gentd26_aligned_regional_hourly_cef.csv,capacity_scenarios.csv,energy_calibration_bounds.csv,trace_timestamp_anonymized,single_row_default,0.3,20.0,carbon,211.9472222222222,211.94722220222218,2e-08,0.9999999999056368,0.30000000002830896,56.92722900944693,70.30512782658639,33.27959372982531,66.8106316023639,3.1631017447057115,0.04734428741119392,0.0,,,1e-08,True,True,0,688,4.440892098500626e-16,0.0,0.0,0.0,1e-08,0.9475833333333334,0,0.0,554,3,-8.881784197001252e-16,8.881784197001252e-16,148.36305553555553,3.0441666666666665,2.844145833333336,57.69585416666668
spatial_wue_coarse,1.0,4.2174689929409475,4.2174689929409475,1.0000000000000004,-1.7763568394002505e-15,0.0,0.0,-13.23512129906874,-1.0000007932831068e-08,38.354010220005065,1e-08,33.27781044433017,screened_water_cap_1.00,equal_site_portfolio,hub_policy_compliant,central,factorial_052,portfolio_mean,central,gentd26_hourly_service_demand.csv,gentd26_aligned_regional_hourly_cef.csv,capacity_scenarios.csv,energy_calibration_bounds.csv,trace_timestamp_anonymized,single_row_default,0.3,20.0,carbon,211.9472222222222,211.94722220222218,2e-08,0.9999999999056368,0.300000000028309,56.92722900944693,70.30512782658639,33.27781044433017,67.25873768286387,4.217468992940949,0.06270514639788538,0.0,,,1e-08,True,True,0,684,4.440892098500626e-16,0.0,2.9108659926890823e-15,0.0,1e-08,0.9475833333333334,0,-2.9108659926890823e-15,554,3,-1.7763568394002505e-15,1.7763568394002505e-15,148.36305553555553,3.8531666666666693,3.997916666666667,55.73308333333334
spatial_wue_coarse,0.0,0.0,4.2174689929409475,0.0,4.2174689929409475,0.0582254091812473,0.17496766885745085,-13.083310813418725,-1.0000007932831068e-08,38.354010220005065,1e-08,33.27781044433017,screened_water_cap_0.00,equal_site_portfolio,hub_policy_compliant,central,factorial_053,portfolio_mean,central,gentd26_hourly_service_demand.csv,gentd26_aligned_regional_hourly_cef.csv,capacity_scenarios.csv,energy_calibration_bounds.csv,trace_timestamp_anonymized,single_row_default,0.3,20.0,carbon,211.9472222222222,211.94722220222218,2e-08,0.9999999999056368,0.30000000002830896,56.92722900944693,70.30512782658639,33.33603585351142,79.98275675964275,0.0,0.0,0.0,,,1e-08,True,True,0,0,4.440892098500626e-16,0.0,0.0,0.0,1e-08,0.9475833333333334,0,0.0,554,3,0.0,0.0,148.36305553555553,0.0,0.0,63.5841666666667
spatial_wue_coarse,0.25,1.0543672482352369,4.2174689929409475,0.25,3.1631017447057106,0.02847432026741359,0.08556548609184311,-13.160880508851292,-1.0000007932831068e-08,38.354010220005065,1e-08,33.27781044433017,screened_water_cap_0.25,equal_site_portfolio,hub_policy_compliant,central,factorial_053,portfolio_mean,central,gentd26_hourly_service_demand.csv,gentd26_aligned_regional_hourly_cef.csv,capacity_scenarios.csv,energy_calibration_bounds.csv,trace_timestamp_anonymized,single_row_default,0.3,20.0,carbon,211.9472222222222,211.94722220222218,2e-08,0.9999999999056368,0.30000000002830896,56.92722900944693,70.30512782658639,33.306284764597585,79.98275675964275,1.0543672482352369,0.013182431950973256,0.0,,,1e-08,True,True,0,678,4.440892098500626e-16,0.0,0.0,0.0,1e-08,0.9475833333333334,0,0.0,554,3,0.0,0.0,148.36305553555553,0.909104166666667,1.0536666666666663,61.62139583333336
spatial_wue_coarse,0.5,2.1087344964704737,4.2174689929409475,0.5000000000000001,2.1087344964704733,0.009671953295018909,0.029064271855272494,-13.209903718848215,-1.0000007932831068e-08,38.354010220005065,1e-08,33.27781044433017,screened_water_cap_0.50,equal_site_portfolio,hub_policy_compliant,central,factorial_053,portfolio_mean,central,gentd26_hourly_service_demand.csv,gentd26_aligned_regional_hourly_cef.csv,capacity_scenarios.csv,energy_calibration_bounds.csv,trace_timestamp_anonymized,single_row_default,0.3,20.0,carbon,211.9472222222222,211.94722220222218,2e-08,0.9999999999056368,0.30000000002830896,56.92722900944693,70.30512782658639,33.28748239762519,79.98275675964275,2.108734496470474,0.02636486390194652,0.0,,,1e-08,True,True,0,683,4.440892098500626e-16,0.0,0.0,0.0,1e-08,0.9475833333333334,0,0.0,554,3,-4.440892098500626e-16,4.440892098500626e-16,148.36305553555553,2.003625000000001,1.9219166666666663,59.65862500000002
spatial_wue_coarse,0.75,3.1631017447057106,4.2174689929409475,0.7500000000000002,1.054367248235236,0.0017832854951365107,0.005358782538045226,-13.230471757899764,-1.0000007932831068e-08,38.354010220005065,1e-08,33.27781044433017,screened_water_cap_0.75,equal_site_portfolio,hub_policy_compliant,central,factorial_053,portfolio_mean,central,gentd26_hourly_service_demand.csv,gentd26_aligned_regional_hourly_cef.csv,capacity_scenarios.csv,energy_calibration_bounds.csv,trace_timestamp_anonymized,single_row_default,0.3,20.0,carbon,211.9472222222222,211.94722220222218,2e-08,0.9999999999056368,0.30000000002830896,56.92722900944693,70.30512782658639,33.27959372982531,79.98275675964275,3.1631017447057115,0.03954729585291978,0.0,,,1e-08,True,True,0,688,4.440892098500626e-16,0.0,0.0,0.0,1e-08,0.9475833333333334,0,0.0,554,3,-8.881784197001252e-16,8.881784197001252e-16,148.36305553555553,3.0441666666666665,2.844145833333336,57.69585416666668
spatial_wue_coarse,1.0,4.2174689929409475,4.2174689929409475,1.0000000000000004,-1.7763568394002505e-15,0.0,0.0,-13.23512129906874,-1.0000007932831068e-08,38.354010220005065,1e-08,33.27781044433017,screened_water_cap_1.00,equal_site_portfolio,hub_policy_compliant,central,factorial_053,portfolio_mean,central,gentd26_hourly_service_demand.csv,gentd26_aligned_regional_hourly_cef.csv,capacity_scenarios.csv,energy_calibration_bounds.csv,trace_timestamp_anonymized,single_row_default,0.3,20.0,carbon,211.9472222222222,211.94722220222218,2e-08,0.9999999999056368,0.300000000028309,56.92722900944693,70.30512782658639,33.27781044433017,79.98275675964275,4.217468992940949,0.052729727803893046,0.0,,,1e-08,True,True,0,684,4.440892098500626e-16,0.0,2.9108659926890823e-15,0.0,1e-08,0.9475833333333334,0,-2.9108659926890823e-15,554,3,-1.7763568394002505e-15,1.7763568394002505e-15,148.36305553555553,3.8531666666666693,3.997916666666667,55.73308333333334
spatial_wue_coarse,0.0,0.0,0.7591444187293707,0.0,0.7591444187293707,0.0582254091812473,0.17496766885745085,-13.083310813418725,-1.0000007932831068e-08,38.354010220005065,1e-08,33.27781044433017,screened_water_cap_0.00,equal_site_portfolio,hub_policy_compliant,central,factorial_054,portfolio_mean,central,gentd26_hourly_service_demand.csv,gentd26_aligned_regional_hourly_cef.csv,capacity_scenarios.csv,energy_calibration_bounds.csv,trace_timestamp_anonymized,single_row_default,0.3,20.0,carbon,211.9472222222222,211.94722220222218,2e-08,0.9999999999056368,0.30000000002830896,56.92722900944693,70.30512782658639,33.33603585351142,85.84626134360303,0.0,0.0,0.0,,,1e-08,True,True,0,0,4.440892098500626e-16,0.0,0.0,0.0,1e-08,0.9475833333333334,0,0.0,554,3,0.0,0.0,148.36305553555553,0.0,0.0,63.5841666666667
spatial_wue_coarse,0.25,0.18978610468234267,0.7591444187293707,0.25000000000000006,0.569358314047028,0.02847432026741359,0.08556548609184311,-13.160880508851292,-1.0000007932831068e-08,38.354010220005065,1e-08,33.27781044433017,screened_water_cap_0.25,equal_site_portfolio,hub_policy_compliant,central,factorial_054,portfolio_mean,central,gentd26_hourly_service_demand.csv,gentd26_aligned_regional_hourly_cef.csv,capacity_scenarios.csv,energy_calibration_bounds.csv,trace_timestamp_anonymized,single_row_default,0.3,20.0,carbon,211.9472222222222,211.94722220222218,2e-08,0.9999999999056368,0.30000000002830896,56.92722900944693,70.30512782658639,33.306284764597585,85.84626134360303,0.18978610468234272,0.002210767268276441,0.0,,,1e-08,True,True,0,674,4.440892098500626e-16,0.0,0.0,0.0,1e-08,0.9475833333333334,0,0.0,554,3,-5.551115123125783e-17,5.551115123125783e-17,148.36305553555553,0.9091041666666675,1.0536666666666663,61.62139583333336
spatial_wue_coarse,0.5,0.37957220936468533,0.7591444187293707,0.5000000000000001,0.3795722093646853,0.009671953295018909,0.029064271855272494,-13.209903718848215,-1.0000007932831068e-08,38.354010220005065,1e-08,33.27781044433017,screened_water_cap_0.50,equal_site_portfolio,hub_policy_compliant,central,factorial_054,portfolio_mean,central,gentd26_hourly_service_demand.csv,gentd26_aligned_regional_hourly_cef.csv,capacity_scenarios.csv,energy_calibration_bounds.csv,trace_timestamp_anonymized,single_row_default,0.3,20.0,carbon,211.9472222222222,211.94722220222218,2e-08,0.9999999999056368,0.30000000002830896,56.92722900944693,70.30512782658639,33.28748239762519,85.84626134360303,0.3795722093646854,0.0044215345365528815,0.0,,,1e-08,True,True,0,686,4.440892098500626e-16,0.0,0.0,0.0,1e-08,0.9475833333333334,0,0.0,554,3,-5.551115123125783e-17,5.551115123125783e-17,148.36305553555553,2.0036250000000013,1.9219166666666663,59.658625000000015
spatial_wue_coarse,0.75,0.569358314047028,0.7591444187293707,0.7500000000000001,0.18978610468234258,0.0017832854951365107,0.005358782538045226,-13.230471757899764,-1.0000007932831068e-08,38.354010220005065,1e-08,33.27781044433017,screened_water_cap_0.75,equal_site_portfolio,hub_policy_compliant,central,factorial_054,portfolio_mean,central,gentd26_hourly_service_demand.csv,gentd26_aligned_regional_hourly_cef.csv,capacity_scenarios.csv,energy_calibration_bounds.csv,trace_timestamp_anonymized,single_row_default,0.3,20.0,carbon,211.9472222222222,211.94722220222218,2e-08,0.9999999999056368,0.30000000002830896,56.92722900944693,70.30512782658639,33.27959372982531,85.84626134360303,0.5693583140470281,0.006632301804829322,0.0,,,1e-08,True,True,0,686,4.440892098500626e-16,0.0,0.0,0.0,1e-08,0.9475833333333334,0,0.0,554,3,-1.1102230246251565e-16,1.1102230246251565e-16,148.36305553555553,3.0441666666666665,2.8441458333333363,57.69585416666668
spatial_wue_coarse,1.0,0.7591444187293707,0.7591444187293707,1.0000000000000004,-3.3306690738754696e-16,0.0,0.0,-13.23512129906874,-1.0000007932831068e-08,38.354010220005065,1e-08,33.27781044433017,screened_water_cap_1.00,equal_site_portfolio,hub_policy_compliant,central,factorial_054,portfolio_mean,central,gentd26_hourly_service_demand.csv,gentd26_aligned_regional_hourly_cef.csv,capacity_scenarios.csv,energy_calibration_bounds.csv,trace_timestamp_anonymized,single_row_default,0.3,20.0,carbon,211.9472222222222,211.94722220222218,2e-08,0.9999999999056368,0.300000000028309,56.92722900944693,70.30512782658639,33.27781044433017,85.84626134360303,0.759144418729371,0.008843069073105767,0.0,,,1e-08,True,True,0,684,4.440892098500626e-16,0.0,2.9698465908722937e-15,0.0,1e-08,0.9475833333333334,0,-2.9698465908722937e-15,554,3,-3.3306690738754696e-16,3.3306690738754696e-16,148.36305553555553,3.8531666666666693,3.997916666666667,55.73308333333334
spatial_wue_coarse,0.0,0.0,0.7591444187293707,0.0,0.7591444187293707,0.0582254091812473,0.17496766885745085,-13.083310813418725,-1.0000007932831068e-08,38.354010220005065,1e-08,33.27781044433017,screened_water_cap_0.00,equal_site_portfolio,hub_policy_compliant,central,factorial_055,portfolio_mean,central,gentd26_hourly_service_demand.csv,gentd26_aligned_regional_hourly_cef.csv,capacity_scenarios.csv,energy_calibration_bounds.csv,trace_timestamp_anonymized,single_row_default,0.3,20.0,carbon,211.9472222222222,211.94722220222218,2e-08,0.9999999999056368,0.30000000002830896,56.92722900944693,70.30512782658639,33.33603585351142,99.33801462011508,0.0,0.0,0.0,,,1e-08,True,True,0,0,4.440892098500626e-16,0.0,0.0,0.0,1e-08,0.9475833333333334,0,0.0,554,3,0.0,0.0,148.36305553555553,0.0,0.0,63.5841666666667
spatial_wue_coarse,0.25,0.18978610468234267,0.7591444187293707,0.25000000000000006,0.569358314047028,0.02847432026741359,0.08556548609184311,-13.160880508851292,-1.0000007932831068e-08,38.354010220005065,1e-08,33.27781044433017,screened_water_cap_0.25,equal_site_portfolio,hub_policy_compliant,central,factorial_055,portfolio_mean,central,gentd26_hourly_service_demand.csv,gentd26_aligned_regional_hourly_cef.csv,capacity_scenarios.csv,energy_calibration_bounds.csv,trace_timestamp_anonymized,single_row_default,0.3,20.0,carbon,211.9472222222222,211.94722220222218,2e-08,0.9999999999056368,0.30000000002830896,56.92722900944693,70.30512782658639,33.306284764597585,98.92153955706218,0.18978610468234272,0.0019185518698166437,0.0,,,1e-08,True,True,0,674,4.440892098500626e-16,0.0,0.0,0.0,1e-08,0.9475833333333334,0,0.0,554,3,-5.551115123125783e-17,5.551115123125783e-17,148.36305553555553,0.9091041666666675,1.0536666666666663,61.62139583333336
spatial_wue_coarse,0.5,0.37957220936468533,0.7591444187293707,0.5000000000000001,0.3795722093646853,0.009671953295018909,0.029064271855272494,-13.209903718848215,-1.0000007932831068e-08,38.354010220005065,1e-08,33.27781044433017,screened_water_cap_0.50,equal_site_portfolio,hub_policy_compliant,central,factorial_055,portfolio_mean,central,gentd26_hourly_service_demand.csv,gentd26_aligned_regional_hourly_cef.csv,capacity_scenarios.csv,energy_calibration_bounds.csv,trace_timestamp_anonymized,single_row_default,0.3,20.0,carbon,211.9472222222222,211.94722220222218,2e-08,0.9999999999056368,0.30000000002830896,56.92722900944693,70.30512782658639,33.28748239762519,98.50506449400925,0.3795722093646854,0.003853326844811819,0.0,,,1e-08,True,True,0,686,4.440892098500626e-16,0.0,0.0,0.0,1e-08,0.9475833333333334,0,0.0,554,3,-5.551115123125783e-17,5.551115123125783e-17,148.36305553555553,2.0036250000000013,1.9219166666666663,59.658625000000015
spatial_wue_coarse,0.75,0.569358314047028,0.7591444187293707,0.7500000000000001,0.18978610468234258,0.0017832854951365107,0.005358782538045226,-13.230471757899764,-1.0000007932831068e-08,38.354010220005065,1e-08,33.27781044433017,screened_water_cap_0.75,equal_site_portfolio,hub_policy_compliant,central,factorial_055,portfolio_mean,central,gentd26_hourly_service_demand.csv,gentd26_aligned_regional_hourly_cef.csv,capacity_scenarios.csv,energy_calibration_bounds.csv,trace_timestamp_anonymized,single_row_default,0.3,20.0,carbon,211.9472222222222,211.94722220222218,2e-08,0.9999999999056368,0.30000000002830896,56.92722900944693,70.30512782658639,33.27959372982531,98.08858943095633,0.5693583140470281,0.005804531570390195,0.0,,,1e-08,True,True,0,686,4.440892098500626e-16,0.0,0.0,0.0,1e-08,0.9475833333333334,0,0.0,554,3,-1.1102230246251565e-16,1.1102230246251565e-16,148.36305553555553,3.0441666666666665,2.8441458333333363,57.69585416666668
spatial_wue_coarse,1.0,0.7591444187293707,0.7591444187293707,1.0000000000000004,-3.3306690738754696e-16,0.0,0.0,-13.23512129906874,-1.0000007932831068e-08,38.354010220005065,1e-08,33.27781044433017,screened_water_cap_1.00,equal_site_portfolio,hub_policy_compliant,central,factorial_055,portfolio_mean,central,gentd26_hourly_service_demand.csv,gentd26_aligned_regional_hourly_cef.csv,capacity_scenarios.csv,energy_calibration_bounds.csv,trace_timestamp_anonymized,single_row_default,0.3,20.0,carbon,211.9472222222222,211.94722220222218,2e-08,0.9999999999056368,0.300000000028309,56.92722900944693,70.30512782658639,33.27781044433017,97.67211436790342,0.759144418729371,0.007772376216510346,0.0,,,1e-08,True,True,0,684,4.440892098500626e-16,0.0,2.9698465908722937e-15,0.0,1e-08,0.9475833333333334,0,-2.9698465908722937e-15,554,3,-3.3306690738754696e-16,3.3306690738754696e-16,148.36305553555553,3.8531666666666693,3.997916666666667,55.73308333333334
spatial_wue_coarse,0.0,0.0,0.7591444187293707,0.0,0.7591444187293707,0.0582254091812473,0.17496766885745085,-13.083310813418725,-1.0000007932831068e-08,38.354010220005065,1e-08,33.27781044433017,screened_water_cap_0.00,equal_site_portfolio,hub_policy_compliant,central,factorial_056,portfolio_mean,central,gentd26_hourly_service_demand.csv,gentd26_aligned_regional_hourly_cef.csv,capacity_scenarios.csv,energy_calibration_bounds.csv,trace_timestamp_anonymized,single_row_default,0.3,20.0,carbon,211.9472222222222,211.94722220222218,2e-08,0.9999999999056368,0.30000000002830896,56.92722900944693,70.30512782658639,33.33603585351142,113.85445801889387,0.0,0.0,0.0,,,1e-08,True,True,0,0,4.440892098500626e-16,0.0,0.0,0.0,1e-08,0.9475833333333334,0,0.0,554,3,0.0,0.0,148.36305553555553,0.0,0.0,63.5841666666667
spatial_wue_coarse,0.25,0.18978610468234267,0.7591444187293707,0.25000000000000006,0.569358314047028,0.02847432026741359,0.08556548609184311,-13.160880508851292,-1.0000007932831068e-08,38.354010220005065,1e-08,33.27781044433017,screened_water_cap_0.25,equal_site_portfolio,hub_policy_compliant,central,factorial_056,portfolio_mean,central,gentd26_hourly_service_demand.csv,gentd26_aligned_regional_hourly_cef.csv,capacity_scenarios.csv,energy_calibration_bounds.csv,trace_timestamp_anonymized,single_row_default,0.3,20.0,carbon,211.9472222222222,211.94722220222218,2e-08,0.9999999999056368,0.30000000002830896,56.92722900944693,70.30512782658639,33.306284764597585,112.98987687534098,0.18978610468234272,0.0016796735241310968,0.0,,,1e-08,True,True,0,674,4.440892098500626e-16,0.0,0.0,0.0,1e-08,0.9475833333333334,0,0.0,554,3,-5.551115123125783e-17,5.551115123125783e-17,148.36305553555553,0.9091041666666675,1.0536666666666663,61.62139583333336
spatial_wue_coarse,0.5,0.37957220936468533,0.7591444187293707,0.5000000000000001,0.3795722093646853,0.009671953295018909,0.029064271855272494,-13.209903718848215,-1.0000007932831068e-08,38.354010220005065,1e-08,33.27781044433017,screened_water_cap_0.50,equal_site_portfolio,hub_policy_compliant,central,factorial_056,portfolio_mean,central,gentd26_hourly_service_demand.csv,gentd26_aligned_regional_hourly_cef.csv,capacity_scenarios.csv,energy_calibration_bounds.csv,trace_timestamp_anonymized,single_row_default,0.3,20.0,carbon,211.9472222222222,211.94722220222218,2e-08,0.9999999999056368,0.30000000002830896,56.92722900944693,70.30512782658639,33.28748239762519,112.12529573178809,0.3795722093646854,0.0033852504636656647,0.0,,,1e-08,True,True,0,686,4.440892098500626e-16,0.0,0.0,0.0,1e-08,0.9475833333333334,0,0.0,554,3,-5.551115123125783e-17,5.551115123125783e-17,148.36305553555553,2.0036250000000013,1.9219166666666663,59.658625000000015
spatial_wue_coarse,0.75,0.569358314047028,0.7591444187293707,0.7500000000000001,0.18978610468234258,0.0017832854951365107,0.005358782538045226,-13.230471757899764,-1.0000007932831068e-08,38.354010220005065,1e-08,33.27781044433017,screened_water_cap_0.75,equal_site_portfolio,hub_policy_compliant,central,factorial_056,portfolio_mean,central,gentd26_hourly_service_demand.csv,gentd26_aligned_regional_hourly_cef.csv,capacity_scenarios.csv,energy_calibration_bounds.csv,trace_timestamp_anonymized,single_row_default,0.3,20.0,carbon,211.9472222222222,211.94722220222218,2e-08,0.9999999999056368,0.30000000002830896,56.92722900944693,70.30512782658639,33.27959372982531,111.26071458823519,0.5693583140470281,0.005117334686858398,0.0,,,1e-08,True,True,0,686,4.440892098500626e-16,0.0,0.0,0.0,1e-08,0.9475833333333334,0,0.0,554,3,-1.1102230246251565e-16,1.1102230246251565e-16,148.36305553555553,3.0441666666666665,2.8441458333333363,57.69585416666668
spatial_wue_coarse,1.0,0.7591444187293707,0.7591444187293707,1.0000000000000004,-3.3306690738754696e-16,0.0,0.0,-13.23512129906874,-1.0000007932831068e-08,38.354010220005065,1e-08,33.27781044433017,screened_water_cap_1.00,equal_site_portfolio,hub_policy_compliant,central,factorial_056,portfolio_mean,central,gentd26_hourly_service_demand.csv,gentd26_aligned_regional_hourly_cef.csv,capacity_scenarios.csv,energy_calibration_bounds.csv,trace_timestamp_anonymized,single_row_default,0.3,20.0,carbon,211.9472222222222,211.94722220222218,2e-08,0.9999999999056368,0.300000000028309,56.92722900944693,70.30512782658639,33.27781044433017,110.39613344468229,0.759144418729371,0.006876548979043418,0.0,,,1e-08,True,True,0,684,4.440892098500626e-16,0.0,2.9698465908722937e-15,0.0,1e-08,0.9475833333333334,0,-2.9698465908722937e-15,554,3,-3.3306690738754696e-16,3.3306690738754696e-16,148.36305553555553,3.8531666666666693,3.997916666666667,55.73308333333334
spatial_wue_coarse,0.0,0.0,1.607451601388399,0.0,1.607451601388399,0.0582254091812473,0.17496766885745085,-13.083310813418725,-1.0000007932831068e-08,38.354010220005065,1e-08,33.27781044433017,screened_water_cap_0.00,equal_site_portfolio,hub_policy_compliant,central,factorial_057,portfolio_mean,central,gentd26_hourly_service_demand.csv,gentd26_aligned_regional_hourly_cef.csv,capacity_scenarios.csv,energy_calibration_bounds.csv,trace_timestamp_anonymized,single_row_default,0.3,20.0,carbon,211.9472222222222,211.94722220222218,2e-08,0.9999999999056368,0.30000000002830896,56.92722900944693,70.30512782658639,33.33603585351142,85.84626134360303,0.0,0.0,0.0,,,1e-08,True,True,0,0,4.440892098500626e-16,0.0,0.0,0.0,1e-08,0.9475833333333334,0,0.0,554,3,0.0,0.0,148.36305553555553,0.0,0.0,63.5841666666667
spatial_wue_coarse,0.25,0.40186290034709976,1.607451601388399,0.2500000000000001,1.2055887010412991,0.02397136308472625,0.0720340754534643,-13.172621020878218,-1.0000007932831068e-08,38.354010220005065,1e-08,33.27781044433017,screened_water_cap_0.25,equal_site_portfolio,hub_policy_compliant,central,factorial_057,portfolio_mean,central,gentd26_hourly_service_demand.csv,gentd26_aligned_regional_hourly_cef.csv,capacity_scenarios.csv,energy_calibration_bounds.csv,trace_timestamp_anonymized,single_row_default,0.3,20.0,carbon,211.9472222222222,211.94722220222218,2e-08,0.9999999999056368,0.30000000002830896,56.92722900944693,70.30512782658639,33.3017818074149,85.94566391005635,0.4018629003470999,0.004675778649725209,0.0,,,1e-08,True,True,0,685,4.440892098500626e-16,0.0,0.0,0.0,1e-08,0.9475833333333334,0,0.0,554,3,-1.6653345369377348e-16,1.6653345369377348e-16,148.36305553555553,2.659583333333333,0.46846612318840614,60.456117210144946
spatial_wue_coarse,0.5,0.8037258006941995,1.607451601388399,0.5,0.8037258006941995,0.007446854758136112,0.02237783874210475,-13.215705194428262,-1.0000007932831068e-08,38.354010220005065,1e-08,33.27781044433017,screened_water_cap_0.50,equal_site_portfolio,hub_policy_compliant,central,factorial_057,portfolio_mean,central,gentd26_hourly_service_demand.csv,gentd26_aligned_regional_hourly_cef.csv,capacity_scenarios.csv,energy_calibration_bounds.csv,trace_timestamp_anonymized,single_row_default,0.3,20.0,carbon,211.9472222222222,211.94722220222218,2e-08,0.9999999999056368,0.30000000002830896,56.92722900944693,70.30512782658639,33.28525729908831,86.20626056306448,0.8037258006941995,0.009323288070316323,0.0,,,1e-08,True,True,0,682,4.440892098500626e-16,0.0,0.0,0.0,1e-08,0.9475833333333334,0,0.0,554,3,0.0,0.0,148.36305553555553,2.892416666666666,1.6966105072463766,58.995139492753644
spatial_wue_coarse,0.75,1.2055887010412993,1.607451601388399,0.7499999999999999,0.4018629003470999,0.0013964803023469585,0.004196430845970767,-13.231480270935482,-1.0000007932831068e-08,38.354010220005065,1e-08,33.27781044433017,screened_water_cap_0.75,equal_site_portfolio,hub_policy_compliant,central,factorial_057,portfolio_mean,central,gentd26_hourly_service_demand.csv,gentd26_aligned_regional_hourly_cef.csv,capacity_scenarios.csv,energy_calibration_bounds.csv,trace_timestamp_anonymized,single_row_default,0.3,20.0,carbon,211.9472222222222,211.94722220222218,2e-08,0.9999999999056368,0.30000000002830896,56.92722900944693,70.30512782658639,33.27920692463252,86.44102237322095,1.2055887010412991,0.013946950972375187,0.0,,,1e-08,True,True,0,687,4.440892098500626e-16,0.0,0.0,0.0,1e-08,0.9475833333333334,0,0.0,554,3,2.220446049250313e-16,0.0,148.36305553555553,3.5141892361111102,2.8030000000000004,57.26697743055557
spatial_wue_coarse,1.0,1.607451601388399,1.607451601388399,1.0,0.0,0.0,0.0,-13.23512129906874,-1.0000007932831068e-08,38.354010220005065,1e-08,33.27781044433017,screened_water_cap_1.00,equal_site_portfolio,hub_policy_compliant,central,factorial_057,portfolio_mean,central,gentd26_hourly_service_demand.csv,gentd26_aligned_regional_hourly_cef.csv,capacity_scenarios.csv,energy_calibration_bounds.csv,trace_timestamp_anonymized,single_row_default,0.3,20.0,carbon,211.9472222222222,211.94722220222218,2e-08,0.9999999999056368,0.300000000028309,56.92722900944693,70.30512782658639,33.27781044433017,86.69456852626206,1.607451601388399,0.018541549127168905,0.0,,,1e-08,True,True,0,683,4.440892098500626e-16,0.0,5.551115123125783e-17,0.0,1e-08,0.9475833333333334,0,-5.551115123125783e-17,554,3,0.0,0.0,148.36305553555553,3.8531666666666666,3.997916666666667,55.73308333333334
spatial_wue_coarse,0.0,0.0,1.607451601388399,0.0,1.607451601388399,0.0582254091812473,0.17496766885745085,-13.083310813418725,-1.0000007932831068e-08,38.354010220005065,1e-08,33.27781044433017,screened_water_cap_0.00,equal_site_portfolio,hub_policy_compliant,central,factorial_058,portfolio_mean,central,gentd26_hourly_service_demand.csv,gentd26_aligned_regional_hourly_cef.csv,capacity_scenarios.csv,energy_calibration_bounds.csv,trace_timestamp_anonymized,single_row_default,0.3,20.0,carbon,211.9472222222222,211.94722220222218,2e-08,0.9999999999056368,0.30000000002830896,56.92722900944693,70.30512782658639,33.33603585351142,99.33801462011508,0.0,0.0,0.0,,,1e-08,True,True,0,0,4.440892098500626e-16,0.0,0.0,0.0,1e-08,0.9475833333333334,0,0.0,554,3,0.0,0.0,148.36305553555553,0.0,0.0,63.5841666666667
spatial_wue_coarse,0.25,0.40186290034709976,1.607451601388399,0.2500000000000001,1.2055887010412991,0.02397136308472625,0.0720340754534643,-13.172621020878218,-1.0000007932831068e-08,38.354010220005065,1e-08,33.27781044433017,screened_water_cap_0.25,equal_site_portfolio,hub_policy_compliant,central,factorial_058,portfolio_mean,central,gentd26_hourly_service_demand.csv,gentd26_aligned_regional_hourly_cef.csv,capacity_scenarios.csv,energy_calibration_bounds.csv,trace_timestamp_anonymized,single_row_default,0.3,20.0,carbon,211.9472222222222,211.94722220222218,2e-08,0.9999999999056368,0.30000000002830896,56.92722900944693,70.30512782658639,33.3017818074149,98.77368478719038,0.4018629003470999,0.004068521906547483,0.0,,,1e-08,True,True,0,685,4.440892098500626e-16,0.0,0.0,0.0,1e-08,0.9475833333333334,0,0.0,554,3,-1.6653345369377348e-16,1.6653345369377348e-16,148.36305553555553,2.659583333333333,0.46846612318840614,60.456117210144946
spatial_wue_coarse,0.5,0.8037258006941995,1.607451601388399,0.5,0.8037258006941995,0.007446854758136112,0.02237783874210475,-13.215705194428262,-1.0000007932831068e-08,38.354010220005065,1e-08,33.27781044433017,screened_water_cap_0.50,equal_site_portfolio,hub_policy_compliant,central,factorial_058,portfolio_mean,central,gentd26_hourly_service_demand.csv,gentd26_aligned_regional_hourly_cef.csv,capacity_scenarios.csv,energy_calibration_bounds.csv,trace_timestamp_anonymized,single_row_default,0.3,20.0,carbon,211.9472222222222,211.94722220222218,2e-08,0.9999999999056368,0.30000000002830896,56.92722900944693,70.30512782658639,33.28525729908831,98.72428050853796,0.8037258006941995,0.008141115808128792,0.0,,,1e-08,True,True,0,682,4.440892098500626e-16,0.0,0.0,0.0,1e-08,0.9475833333333334,0,0.0,554,3,0.0,0.0,148.36305553555553,2.892416666666666,1.6966105072463766,58.995139492753644
spatial_wue_coarse,0.75,1.2055887010412993,1.607451601388399,0.7499999999999999,0.4018629003470999,0.0013964803023469585,0.004196430845970767,-13.231480270935482,-1.0000007932831068e-08,38.354010220005065,1e-08,33.27781044433017,screened_water_cap_0.75,equal_site_portfolio,hub_policy_compliant,central,factorial_058,portfolio_mean,central,gentd26_hourly_service_demand.csv,gentd26_aligned_regional_hourly_cef.csv,capacity_scenarios.csv,energy_calibration_bounds.csv,trace_timestamp_anonymized,single_row_default,0.3,20.0,carbon,211.9472222222222,211.94722220222218,2e-08,0.9999999999056368,0.30000000002830896,56.92722900944693,70.30512782658639,33.27920692463252,98.59234825966499,1.2055887010412991,0.012228014874603775,0.0,,,1e-08,True,True,0,687,4.440892098500626e-16,0.0,0.0,0.0,1e-08,0.9475833333333334,0,0.0,554,3,2.220446049250313e-16,0.0,148.36305553555553,3.5141892361111102,2.8030000000000004,57.26697743055557
spatial_wue_coarse,1.0,1.607451601388399,1.607451601388399,1.0,0.0,0.0,0.0,-13.23512129906874,-1.0000007932831068e-08,38.354010220005065,1e-08,33.27781044433017,screened_water_cap_1.00,equal_site_portfolio,hub_policy_compliant,central,factorial_058,portfolio_mean,central,gentd26_hourly_service_demand.csv,gentd26_aligned_regional_hourly_cef.csv,capacity_scenarios.csv,energy_calibration_bounds.csv,trace_timestamp_anonymized,single_row_default,0.3,20.0,carbon,211.9472222222222,211.94722220222218,2e-08,0.9999999999056368,0.300000000028309,56.92722900944693,70.30512782658639,33.27781044433017,98.52042155056245,1.607451601388399,0.0163159228928332,0.0,,,1e-08,True,True,0,683,4.440892098500626e-16,0.0,5.551115123125783e-17,0.0,1e-08,0.9475833333333334,0,-5.551115123125783e-17,554,3,0.0,0.0,148.36305553555553,3.8531666666666666,3.997916666666667,55.73308333333334
spatial_wue_coarse,0.0,0.0,1.607451601388399,0.0,1.607451601388399,0.0582254091812473,0.17496766885745085,-13.083310813418725,-1.0000007932831068e-08,38.354010220005065,1e-08,33.27781044433017,screened_water_cap_0.00,equal_site_portfolio,hub_policy_compliant,central,factorial_059,portfolio_mean,central,gentd26_hourly_service_demand.csv,gentd26_aligned_regional_hourly_cef.csv,capacity_scenarios.csv,energy_calibration_bounds.csv,trace_timestamp_anonymized,single_row_default,0.3,20.0,carbon,211.9472222222222,211.94722220222218,2e-08,0.9999999999056368,0.30000000002830896,56.92722900944693,70.30512782658639,33.33603585351142,113.85445801889387,0.0,0.0,0.0,,,1e-08,True,True,0,0,4.440892098500626e-16,0.0,0.0,0.0,1e-08,0.9475833333333334,0,0.0,554,3,0.0,0.0,148.36305553555553,0.0,0.0,63.5841666666667
spatial_wue_coarse,0.25,0.40186290034709976,1.607451601388399,0.2500000000000001,1.2055887010412991,0.02397136308472625,0.0720340754534643,-13.172621020878218,-1.0000007932831068e-08,38.354010220005065,1e-08,33.27781044433017,screened_water_cap_0.25,equal_site_portfolio,hub_policy_compliant,central,factorial_059,portfolio_mean,central,gentd26_hourly_service_demand.csv,gentd26_aligned_regional_hourly_cef.csv,capacity_scenarios.csv,energy_calibration_bounds.csv,trace_timestamp_anonymized,single_row_default,0.3,20.0,carbon,211.9472222222222,211.94722220222218,2e-08,0.9999999999056368,0.30000000002830896,56.92722900944693,70.30512782658639,33.3017818074149,112.57598573094216,0.4018629003470999,0.0035697035894276478,0.0,,,1e-08,True,True,0,685,4.440892098500626e-16,0.0,0.0,0.0,1e-08,0.9475833333333334,0,0.0,554,3,-1.6653345369377348e-16,1.6653345369377348e-16,148.36305553555553,2.659583333333333,0.46846612318840614,60.456117210144946
spatial_wue_coarse,0.5,0.8037258006941995,1.607451601388399,0.5,0.8037258006941995,0.007446854758136112,0.02237783874210475,-13.215705194428262,-1.0000007932831068e-08,38.354010220005065,1e-08,33.27781044433017,screened_water_cap_0.50,equal_site_portfolio,hub_policy_compliant,central,factorial_059,portfolio_mean,central,gentd26_hourly_service_demand.csv,gentd26_aligned_regional_hourly_cef.csv,capacity_scenarios.csv,energy_calibration_bounds.csv,trace_timestamp_anonymized,single_row_default,0.3,20.0,carbon,211.9472222222222,211.94722220222218,2e-08,0.9999999999056368,0.30000000002830896,56.92722900944693,70.30512782658639,33.28525729908831,112.19303614607273,0.8037258006941995,0.007163776187033277,0.0,,,1e-08,True,True,0,682,4.440892098500626e-16,0.0,0.0,0.0,1e-08,0.9475833333333334,0,0.0,554,3,0.0,0.0,148.36305553555553,2.892416666666666,1.6966105072463766,58.995139492753644
spatial_wue_coarse,0.75,1.2055887010412993,1.607451601388399,0.7499999999999999,0.4018629003470999,0.0013964803023469585,0.004196430845970767,-13.231480270935482,-1.0000007932831068e-08,38.354010220005065,1e-08,33.27781044433017,screened_water_cap_0.75,equal_site_portfolio,hub_policy_compliant,central,factorial_059,portfolio_mean,central,gentd26_hourly_service_demand.csv,gentd26_aligned_regional_hourly_cef.csv,capacity_scenarios.csv,energy_calibration_bounds.csv,trace_timestamp_anonymized,single_row_default,0.3,20.0,carbon,211.9472222222222,211.94722220222218,2e-08,0.9999999999056368,0.30000000002830896,56.92722900944693,70.30512782658639,33.27920692463252,111.66655965647186,1.2055887010412991,0.010796327071865931,0.0,,,1e-08,True,True,0,687,4.440892098500626e-16,0.0,0.0,0.0,1e-08,0.9475833333333334,0,0.0,554,3,2.220446049250313e-16,0.0,148.36305553555553,3.5141892361111102,2.8030000000000004,57.26697743055557
spatial_wue_coarse,1.0,1.607451601388399,1.607451601388399,1.0,0.0,0.0,0.0,-13.23512129906874,-1.0000007932831068e-08,38.354010220005065,1e-08,33.27781044433017,screened_water_cap_1.00,equal_site_portfolio,hub_policy_compliant,central,factorial_059,portfolio_mean,central,gentd26_hourly_service_demand.csv,gentd26_aligned_regional_hourly_cef.csv,capacity_scenarios.csv,energy_calibration_bounds.csv,trace_timestamp_anonymized,single_row_default,0.3,20.0,carbon,211.9472222222222,211.94722220222218,2e-08,0.9999999999056368,0.300000000028309,56.92722900944693,70.30512782658639,33.27781044433017,111.2444406273413,1.607451601388399,0.014449725238614078,0.0,,,1e-08,True,True,0,683,4.440892098500626e-16,0.0,5.551115123125783e-17,0.0,1e-08,0.9475833333333334,0,-5.551115123125783e-17,554,3,0.0,0.0,148.36305553555553,3.8531666666666666,3.997916666666667,55.73308333333334
spatial_wue_coarse,0.0,0.0,2.5201871776671005,0.0,2.5201871776671005,0.0582254091812473,0.17496766885745085,-13.083310813418725,-1.0000007932831068e-08,38.354010220005065,1e-08,33.27781044433017,screened_water_cap_0.00,equal_site_portfolio,hub_policy_compliant,central,factorial_060,portfolio_mean,central,gentd26_hourly_service_demand.csv,gentd26_aligned_regional_hourly_cef.csv,capacity_scenarios.csv,energy_calibration_bounds.csv,trace_timestamp_anonymized,single_row_default,0.3,20.0,carbon,211.9472222222222,211.94722220222218,2e-08,0.9999999999056368,0.30000000002830896,56.92722900944693,70.30512782658639,33.33603585351142,85.84626134360303,0.0,0.0,0.0,,,1e-08,True,True,0,0,4.440892098500626e-16,0.0,0.0,0.0,1e-08,0.9475833333333334,0,0.0,554,3,0.0,0.0,148.36305553555553,0.0,0.0,63.5841666666667
spatial_wue_coarse,0.25,0.6300467944167751,2.5201871776671005,0.2500000000000001,1.8901403832503252,0.020445187297553957,0.061437898180694006,-13.181814781235857,-1.0000007932831068e-08,38.354010220005065,1e-08,33.27781044433017,screened_water_cap_0.25,equal_site_portfolio,hub_policy_compliant,central,factorial_060,portfolio_mean,central,gentd26_hourly_service_demand.csv,gentd26_aligned_regional_hourly_cef.csv,capacity_scenarios.csv,energy_calibration_bounds.csv,trace_timestamp_anonymized,single_row_default,0.3,20.0,carbon,211.9472222222222,211.94722220222218,2e-08,0.9999999999056368,0.30000000002830896,56.92722900944693,70.30512782658639,33.298255631627725,86.12314535214524,0.6300467944167754,0.007315650071076758,0.0,,,1e-08,True,True,0,678,4.440892098500626e-16,0.0,0.0,0.0,1e-08,0.9475833333333334,0,0.0,554,3,-2.220446049250313e-16,2.220446049250313e-16,148.36305553555553,3.023833333333333,0.6285816666666666,59.93175166666669
spatial_wue_coarse,0.5,1.2600935888335503,2.5201871776671005,0.5,1.2600935888335503,0.005832309574216765,0.01752612175003332,-13.219914780791353,-1.0000007932831068e-08,38.354010220005065,1e-08,33.27781044433017,screened_water_cap_0.50,equal_site_portfolio,hub_policy_compliant,central,factorial_060,portfolio_mean,central,gentd26_hourly_service_demand.csv,gentd26_aligned_regional_hourly_cef.csv,capacity_scenarios.csv,energy_calibration_bounds.csv,trace_timestamp_anonymized,single_row_default,0.3,20.0,carbon,211.9472222222222,211.94722220222218,2e-08,0.9999999999056368,0.30000000002830896,56.92722900944693,70.30512782658639,33.28364275390439,86.6381715297583,1.2600935888335503,0.014544323438321132,0.0,,,1e-08,True,True,0,689,4.440892098500626e-16,0.0,0.0,0.0,1e-08,0.9475833333333334,0,0.0,554,3,0.0,0.0,148.36305553555553,3.0441666666666665,1.797793333333333,58.74220666666668
spatial_wue_coarse,0.75,1.8901403832503254,2.5201871776671005,0.75,0.6300467944167751,0.0011942248641645392,0.0035886521625672074,-13.232007609372898,-1.0000007932831068e-08,38.354010220005065,1e-08,33.27781044433017,screened_water_cap_0.75,equal_site_portfolio,hub_policy_compliant,central,factorial_060,portfolio_mean,central,gentd26_hourly_service_demand.csv,gentd26_aligned_regional_hourly_cef.csv,capacity_scenarios.csv,energy_calibration_bounds.csv,trace_timestamp_anonymized,single_row_default,0.3,20.0,carbon,211.9472222222222,211.94722220222218,2e-08,0.9999999999056368,0.300000000028309,56.92722900944693,70.30512782658639,33.279004669194336,87.09066573111902,1.8901403832503254,0.02170313393958757,0.0,,,1e-08,True,True,0,690,4.440892098500626e-16,0.0,0.0,0.0,1e-08,0.9475833333333334,0,0.0,554,3,0.0,0.0,148.36305553555553,3.8531666666666666,2.8250450000000003,56.905955000000006
spatial_wue_coarse,1.0,2.5201871776671005,2.5201871776671005,1.0000000000000004,-8.881784197001252e-16,0.0,0.0,-13.23512129906874,-1.0000007932831068e-08,38.354010220005065,1e-08,33.27781044433017,screened_water_cap_1.00,equal_site_portfolio,hub_policy_compliant,central,factorial_060,portfolio_mean,central,gentd26_hourly_service_demand.csv,gentd26_aligned_regional_hourly_cef.csv,capacity_scenarios.csv,energy_calibration_bounds.csv,trace_timestamp_anonymized,single_row_default,0.3,20.0,carbon,211.9472222222222,211.94722220222218,2e-08,0.9999999999056368,0.300000000028309,56.92722900944693,70.30512782658639,33.27781044433017,87.60730410254077,2.5201871776671014,0.0287668614333495,0.0,,,1e-08,True,True,0,682,4.440892098500626e-16,0.0,9.43689570931383e-16,0.0,1e-08,0.9475833333333334,0,-9.43689570931383e-16,554,3,-8.881784197001252e-16,8.881784197001252e-16,148.36305553555553,3.8531666666666666,3.9979166666666677,55.73308333333334
spatial_wue_coarse,0.0,0.0,2.5201871776671005,0.0,2.5201871776671005,0.0582254091812473,0.17496766885745085,-13.083310813418725,-1.0000007932831068e-08,38.354010220005065,1e-08,33.27781044433017,screened_water_cap_0.00,equal_site_portfolio,hub_policy_compliant,central,factorial_061,portfolio_mean,central,gentd26_hourly_service_demand.csv,gentd26_aligned_regional_hourly_cef.csv,capacity_scenarios.csv,energy_calibration_bounds.csv,trace_timestamp_anonymized,single_row_default,0.3,20.0,carbon,211.9472222222222,211.94722220222218,2e-08,0.9999999999056368,0.30000000002830896,56.92722900944693,70.30512782658639,33.33603585351142,99.33801462011508,0.0,0.0,0.0,,,1e-08,True,True,0,0,4.440892098500626e-16,0.0,0.0,0.0,1e-08,0.9475833333333334,0,0.0,554,3,0.0,0.0,148.36305553555553,0.0,0.0,63.5841666666667
spatial_wue_coarse,0.25,0.6300467944167751,2.5201871776671005,0.2500000000000001,1.8901403832503252,0.020445187297553957,0.061437898180694006,-13.181814781235857,-1.0000007932831068e-08,38.354010220005065,1e-08,33.27781044433017,screened_water_cap_0.25,equal_site_portfolio,hub_policy_compliant,central,factorial_061,portfolio_mean,central,gentd26_hourly_service_demand.csv,gentd26_aligned_regional_hourly_cef.csv,capacity_scenarios.csv,energy_calibration_bounds.csv,trace_timestamp_anonymized,single_row_default,0.3,20.0,carbon,211.9472222222222,211.94722220222218,2e-08,0.9999999999056368,0.30000000002830896,56.92722900944693,70.30512782658639,33.298255631627725,98.8399025152103,0.6300467944167754,0.006374417400096267,0.0,,,1e-08,True,True,0,678,4.440892098500626e-16,0.0,0.0,0.0,1e-08,0.9475833333333334,0,0.0,554,3,-2.220446049250313e-16,2.220446049250313e-16,148.36305553555553,3.023833333333333,0.6285816666666666,59.93175166666669
spatial_wue_coarse,0.5,1.2600935888335503,2.5201871776671005,0.5,1.2600935888335503,0.005832309574216765,0.01752612175003332,-13.219914780791353,-1.0000007932831068e-08,38.354010220005065,1e-08,33.27781044433017,screened_water_cap_0.50,equal_site_portfolio,hub_policy_compliant,central,factorial_061,portfolio_mean,central,gentd26_hourly_service_demand.csv,gentd26_aligned_regional_hourly_cef.csv,capacity_scenarios.csv,energy_calibration_bounds.csv,trace_timestamp_anonymized,single_row_default,0.3,20.0,carbon,211.9472222222222,211.94722220222218,2e-08,0.9999999999056368,0.30000000002830896,56.92722900944693,70.30512782658639,33.28364275390439,99.10252233928185,1.2600935888335503,0.012715050627264203,0.0,,,1e-08,True,True,0,689,4.440892098500626e-16,0.0,0.0,0.0,1e-08,0.9475833333333334,0,0.0,554,3,0.0,0.0,148.36305553555553,3.0441666666666665,1.797793333333333,58.74220666666668
spatial_wue_coarse,0.75,1.8901403832503254,2.5201871776671005,0.75,0.6300467944167751,0.0011942248641645392,0.0035886521625672074,-13.232007609372898,-1.0000007932831068e-08,38.354010220005065,1e-08,33.27781044433017,screened_water_cap_0.75,equal_site_portfolio,hub_policy_compliant,central,factorial_061,portfolio_mean,central,gentd26_hourly_service_demand.csv,gentd26_aligned_regional_hourly_cef.csv,capacity_scenarios.csv,energy_calibration_bounds.csv,trace_timestamp_anonymized,single_row_default,0.3,20.0,carbon,211.9472222222222,211.94722220222218,2e-08,0.9999999999056368,0.300000000028309,56.92722900944693,70.30512782658639,33.279004669194336,99.16538723921401,1.8901403832503254,0.019060485073191823,0.0,,,1e-08,True,True,0,690,4.440892098500626e-16,0.0,0.0,0.0,1e-08,0.9475833333333334,0,0.0,554,3,0.0,0.0,148.36305553555553,3.8531666666666666,2.8250450000000003,56.905955000000006
spatial_wue_coarse,1.0,2.5201871776671005,2.5201871776671005,1.0000000000000004,-8.881784197001252e-16,0.0,0.0,-13.23512129906874,-1.0000007932831068e-08,38.354010220005065,1e-08,33.27781044433017,screened_water_cap_1.00,equal_site_portfolio,hub_policy_compliant,central,factorial_061,portfolio_mean,central,gentd26_hourly_service_demand.csv,gentd26_aligned_regional_hourly_cef.csv,capacity_scenarios.csv,energy_calibration_bounds.csv,trace_timestamp_anonymized,single_row_default,0.3,20.0,carbon,211.9472222222222,211.94722220222218,2e-08,0.9999999999056368,0.300000000028309,56.92722900944693,70.30512782658639,33.27781044433017,99.43315712684114,2.5201871776671014,0.02534554117045931,0.0,,,1e-08,True,True,0,682,4.440892098500626e-16,0.0,9.43689570931383e-16,0.0,1e-08,0.9475833333333334,0,-9.43689570931383e-16,554,3,-8.881784197001252e-16,8.881784197001252e-16,148.36305553555553,3.8531666666666666,3.9979166666666677,55.73308333333334
spatial_wue_coarse,0.0,0.0,2.5201871776671005,0.0,2.5201871776671005,0.0582254091812473,0.17496766885745085,-13.083310813418725,-1.0000007932831068e-08,38.354010220005065,1e-08,33.27781044433017,screened_water_cap_0.00,equal_site_portfolio,hub_policy_compliant,central,factorial_062,portfolio_mean,central,gentd26_hourly_service_demand.csv,gentd26_aligned_regional_hourly_cef.csv,capacity_scenarios.csv,energy_calibration_bounds.csv,trace_timestamp_anonymized,single_row_default,0.3,20.0,carbon,211.9472222222222,211.94722220222218,2e-08,0.9999999999056368,0.30000000002830896,56.92722900944693,70.30512782658639,33.33603585351142,113.85445801889387,0.0,0.0,0.0,,,1e-08,True,True,0,0,4.440892098500626e-16,0.0,0.0,0.0,1e-08,0.9475833333333334,0,0.0,554,3,0.0,0.0,148.36305553555553,0.0,0.0,63.5841666666667
spatial_wue_coarse,0.25,0.6300467944167751,2.5201871776671005,0.2500000000000001,1.8901403832503252,0.020445187297553957,0.061437898180694006,-13.181814781235857,-1.0000007932831068e-08,38.354010220005065,1e-08,33.27781044433017,screened_water_cap_0.25,equal_site_portfolio,hub_policy_compliant,central,factorial_062,portfolio_mean,central,gentd26_hourly_service_demand.csv,gentd26_aligned_regional_hourly_cef.csv,capacity_scenarios.csv,energy_calibration_bounds.csv,trace_timestamp_anonymized,single_row_default,0.3,20.0,carbon,211.9472222222222,211.94722220222218,2e-08,0.9999999999056368,0.30000000002830896,56.92722900944693,70.30512782658639,33.298255631627725,112.52248933622968,0.6300467944167754,0.005599296621799093,0.0,,,1e-08,True,True,0,678,4.440892098500626e-16,0.0,0.0,0.0,1e-08,0.9475833333333334,0,0.0,554,3,-2.220446049250313e-16,2.220446049250313e-16,148.36305553555553,3.023833333333333,0.6285816666666666,59.93175166666669
spatial_wue_coarse,0.5,1.2600935888335503,2.5201871776671005,0.5,1.2600935888335503,0.005832309574216765,0.01752612175003332,-13.219914780791353,-1.0000007932831068e-08,38.354010220005065,1e-08,33.27781044433017,screened_water_cap_0.50,equal_site_portfolio,hub_policy_compliant,central,factorial_062,portfolio_mean,central,gentd26_hourly_service_demand.csv,gentd26_aligned_regional_hourly_cef.csv,capacity_scenarios.csv,energy_calibration_bounds.csv,trace_timestamp_anonymized,single_row_default,0.3,20.0,carbon,211.9472222222222,211.94722220222218,2e-08,0.9999999999056368,0.30000000002830896,56.92722900944693,70.30512782658639,33.28364275390439,112.51353270395911,1.2600935888335503,0.011199484706866823,0.0,,,1e-08,True,True,0,689,4.440892098500626e-16,0.0,0.0,0.0,1e-08,0.9475833333333334,0,0.0,554,3,0.0,0.0,148.36305553555553,3.0441666666666665,1.797793333333333,58.74220666666668
spatial_wue_coarse,0.75,1.8901403832503254,2.5201871776671005,0.75,0.6300467944167751,0.0011942248641645392,0.0035886521625672074,-13.232007609372898,-1.0000007932831068e-08,38.354010220005065,1e-08,33.27781044433017,screened_water_cap_0.75,equal_site_portfolio,hub_policy_compliant,central,factorial_062,portfolio_mean,central,gentd26_hourly_service_demand.csv,gentd26_aligned_regional_hourly_cef.csv,capacity_scenarios.csv,energy_calibration_bounds.csv,trace_timestamp_anonymized,single_row_default,0.3,20.0,carbon,211.9472222222222,211.94722220222218,2e-08,0.9999999999056368,0.300000000028309,56.92722900944693,70.30512782658639,33.279004669194336,112.15717620362003,1.8901403832503254,0.016852603170204622,0.0,,,1e-08,True,True,0,690,4.440892098500626e-16,0.0,0.0,0.0,1e-08,0.9475833333333334,0,0.0,554,3,0.0,0.0,148.36305553555553,3.8531666666666666,2.8250450000000003,56.905955000000006
spatial_wue_coarse,1.0,2.5201871776671005,2.5201871776671005,1.0000000000000004,-8.881784197001252e-16,0.0,0.0,-13.23512129906874,-1.0000007932831068e-08,38.354010220005065,1e-08,33.27781044433017,screened_water_cap_1.00,equal_site_portfolio,hub_policy_compliant,central,factorial_062,portfolio_mean,central,gentd26_hourly_service_demand.csv,gentd26_aligned_regional_hourly_cef.csv,capacity_scenarios.csv,energy_calibration_bounds.csv,trace_timestamp_anonymized,single_row_default,0.3,20.0,carbon,211.9472222222222,211.94722220222218,2e-08,0.9999999999056368,0.300000000028309,56.92722900944693,70.30512782658639,33.27781044433017,112.15717620362003,2.5201871776671014,0.02247013756027284,0.0,,,1e-08,True,True,0,682,4.440892098500626e-16,0.0,9.43689570931383e-16,0.0,1e-08,0.9475833333333334,0,-9.43689570931383e-16,554,3,-8.881784197001252e-16,8.881784197001252e-16,148.36305553555553,3.8531666666666666,3.9979166666666677,55.73308333333334
spatial_wue_coarse,0.0,0.0,1.5767374882820158,0.0,1.5767374882820158,0.0582254091812473,0.17496766885745085,-13.083310813418725,-1.0000007932831068e-08,38.354010220005065,1e-08,33.27781044433017,screened_water_cap_0.00,equal_site_portfolio,hub_policy_compliant,central,factorial_063,portfolio_mean,central,gentd26_hourly_service_demand.csv,gentd26_aligned_regional_hourly_cef.csv,capacity_scenarios.csv,energy_calibration_bounds.csv,trace_timestamp_anonymized,single_row_default,0.3,20.0,carbon,211.9472222222222,211.94722220222218,2e-08,0.9999999999056368,0.30000000002830896,56.92722900944693,70.30512782658639,33.33603585351142,85.84626134360303,0.0,0.0,0.0,,,1e-08,True,True,0,0,4.440892098500626e-16,0.0,0.0,0.0,1e-08,0.9475833333333334,0,0.0,554,3,0.0,0.0,148.36305553555553,0.0,0.0,63.5841666666667
spatial_wue_coarse,0.25,0.39418437207050394,1.5767374882820158,0.24999999999999992,1.182553116211512,0.021766215712673898,0.06540759569830801,-13.178370477999923,-1.0000007932831068e-08,38.354010220005065,1e-08,33.27781044433017,screened_water_cap_0.25,equal_site_portfolio,hub_policy_compliant,central,factorial_063,portfolio_mean,central,gentd26_hourly_service_demand.csv,gentd26_aligned_regional_hourly_cef.csv,capacity_scenarios.csv,energy_calibration_bounds.csv,trace_timestamp_anonymized,single_row_default,0.3,20.0,carbon,211.9472222222222,211.94722220222218,2e-08,0.9999999999056368,0.30000000002830896,56.92722900944693,70.30512782658639,33.299576660042845,85.98205899242744,0.39418437207050383,0.004584495610941583,0.0,,,1e-08,True,True,0,678,4.440892098500626e-16,0.0,0.0,0.0,1e-08,0.9475833333333334,0,0.0,554,3,1.1102230246251565e-16,0.0,148.36305553555553,0.6399894927536229,2.03225,60.91192717391307
spatial_wue_coarse,0.5,0.7883687441410079,1.5767374882820158,0.5,0.7883687441410079,0.008597023922611413,0.025834103289312793,-13.2127063706863,-9.999979511121637e-09,38.354010220005065,1e-08,33.27781044433017,screened_water_cap_0.50,equal_site_portfolio,hub_policy_compliant,central,factorial_063,portfolio_mean,central,gentd26_hourly_service_demand.csv,gentd26_aligned_regional_hourly_cef.csv,capacity_scenarios.csv,energy_calibration_bounds.csv,trace_timestamp_anonymized,single_row_default,0.3,20.0,carbon,211.9472222222222,211.9472222022222,2e-08,0.9999999999056369,0.30000000002830896,56.92722900944693,70.30512782658639,33.28640746825278,86.20685599448299,0.7883687441410079,0.0091450817344674,0.0,,,1e-08,True,True,0,681,4.440892098500626e-16,0.0,0.0,0.0,1e-08,0.9475833333333334,0,0.0,554,3,0.0,0.0,148.36305553555553,1.699416666666667,2.7246296296296286,59.16012037037039
spatial_wue_coarse,0.75,1.182553116211512,1.5767374882820158,0.7500000000000001,0.39418437207050383,0.002028651680646476,0.00609610924986459,-13.229832017272635,-1.0000007932831068e-08,38.354010220005065,1e-08,33.27781044433017,screened_water_cap_0.75,equal_site_portfolio,hub_policy_compliant,central,factorial_063,portfolio_mean,central,gentd26_hourly_service_demand.csv,gentd26_aligned_regional_hourly_cef.csv,capacity_scenarios.csv,energy_calibration_bounds.csv,trace_timestamp_anonymized,single_row_default,0.3,20.0,carbon,211.9472222222222,211.94722220222218,2e-08,0.9999999999056368,0.30000000002830896,56.92722900944693,70.30512782658639,33.27983909601082,86.45999545518015,1.182553116211512,0.013677459847017152,0.0,,,1e-08,True,True,0,686,4.440892098500626e-16,0.0,0.0,0.0,1e-08,0.9475833333333334,0,0.0,554,3,0.0,0.0,148.36305553555553,2.892416666666666,2.9903182870370384,57.70143171296298
spatial_wue_coarse,1.0,1.5767374882820158,1.5767374882820158,1.0,0.0,0.0,0.0,-13.23512129906874,-1.0000007932831068e-08,38.354010220005065,1e-08,33.27781044433017,screened_water_cap_1.00,equal_site_portfolio,hub_policy_compliant,central,factorial_063,portfolio_mean,central,gentd26_hourly_service_demand.csv,gentd26_aligned_regional_hourly_cef.csv,capacity_scenarios.csv,energy_calibration_bounds.csv,trace_timestamp_anonymized,single_row_default,0.3,20.0,carbon,211.9472222222222,211.94722220222218,2e-08,0.9999999999056368,0.30000000002830896,56.92722900944693,70.30512782658639,33.27781044433017,86.66385441315569,1.5767374882820158,0.01819371523409493,0.0,,,1e-08,True,True,0,691,4.440892098500626e-16,0.0,0.0,0.0,1e-08,0.9475833333333334,0,0.0,554,3,0.0,0.0,148.36305553555553,3.8531666666666657,3.997916666666667,55.73308333333334
spatial_wue_coarse,0.0,0.0,1.5767374882820158,0.0,1.5767374882820158,0.0582254091812473,0.17496766885745085,-13.083310813418725,-1.0000007932831068e-08,38.354010220005065,1e-08,33.27781044433017,screened_water_cap_0.00,equal_site_portfolio,hub_policy_compliant,central,factorial_064,portfolio_mean,central,gentd26_hourly_service_demand.csv,gentd26_aligned_regional_hourly_cef.csv,capacity_scenarios.csv,energy_calibration_bounds.csv,trace_timestamp_anonymized,single_row_default,0.3,20.0,carbon,211.9472222222222,211.94722220222218,2e-08,0.9999999999056368,0.30000000002830896,56.92722900944693,70.30512782658639,33.33603585351142,99.33801462011508,0.0,0.0,0.0,,,1e-08,True,True,0,0,4.440892098500626e-16,0.0,0.0,0.0,1e-08,0.9475833333333334,0,0.0,554,3,0.0,0.0,148.36305553555553,0.0,0.0,63.5841666666667
spatial_wue_coarse,0.25,0.39418437207050394,1.5767374882820158,0.24999999999999992,1.182553116211512,0.021766215712673898,0.06540759569830801,-13.178370477999923,-1.0000007932831068e-08,38.354010220005065,1e-08,33.27781044433017,screened_water_cap_0.25,equal_site_portfolio,hub_policy_compliant,central,factorial_064,portfolio_mean,central,gentd26_hourly_service_demand.csv,gentd26_aligned_regional_hourly_cef.csv,capacity_scenarios.csv,energy_calibration_bounds.csv,trace_timestamp_anonymized,single_row_default,0.3,20.0,carbon,211.9472222222222,211.94722220222218,2e-08,0.9999999999056368,0.30000000002830896,56.92722900944693,70.30512782658639,33.299576660042845,98.90679695959386,0.39418437207050383,0.003985412369905569,0.0,,,1e-08,True,True,0,678,4.440892098500626e-16,0.0,0.0,0.0,1e-08,0.9475833333333334,0,0.0,554,3,1.1102230246251565e-16,0.0,148.36305553555553,0.6399894927536229,2.03225,60.91192717391307
spatial_wue_coarse,0.5,0.7883687441410079,1.5767374882820158,0.5,0.7883687441410079,0.008597023922611413,0.025834103289312793,-13.2127063706863,-9.999979511121637e-09,38.354010220005065,1e-08,33.27781044433017,screened_water_cap_0.50,equal_site_portfolio,hub_policy_compliant,central,factorial_064,portfolio_mean,central,gentd26_hourly_service_demand.csv,gentd26_aligned_regional_hourly_cef.csv,capacity_scenarios.csv,energy_calibration_bounds.csv,trace_timestamp_anonymized,single_row_default,0.3,20.0,carbon,211.9472222222222,211.9472222022222,2e-08,0.9999999999056369,0.30000000002830896,56.92722900944693,70.30512782658639,33.28640746825278,98.75988278856104,0.7883687441410079,0.007982682055514969,0.0,,,1e-08,True,True,0,681,4.440892098500626e-16,0.0,0.0,0.0,1e-08,0.9475833333333334,0,0.0,554,3,0.0,0.0,148.36305553555553,1.699416666666667,2.7246296296296286,59.16012037037039
spatial_wue_coarse,0.75,1.182553116211512,1.5767374882820158,0.7500000000000001,0.39418437207050383,0.002028651680646476,0.00609610924986459,-13.229832017272635,-1.0000007932831068e-08,38.354010220005065,1e-08,33.27781044433017,screened_water_cap_0.75,equal_site_portfolio,hub_policy_compliant,central,factorial_064,portfolio_mean,central,gentd26_hourly_service_demand.csv,gentd26_aligned_regional_hourly_cef.csv,capacity_scenarios.csv,energy_calibration_bounds.csv,trace_timestamp_anonymized,single_row_default,0.3,20.0,carbon,211.9472222222222,211.94722220222218,2e-08,0.9999999999056368,0.30000000002830896,56.92722900944693,70.30512782658639,33.27983909601082,98.70350702707783,1.182553116211512,0.011980862198615659,0.0,,,1e-08,True,True,0,686,4.440892098500626e-16,0.0,0.0,0.0,1e-08,0.9475833333333334,0,0.0,554,3,0.0,0.0,148.36305553555553,2.892416666666666,2.9903182870370384,57.70143171296298
spatial_wue_coarse,1.0,1.5767374882820158,1.5767374882820158,1.0,0.0,0.0,0.0,-13.23512129906874,-1.0000007932831068e-08,38.354010220005065,1e-08,33.27781044433017,screened_water_cap_1.00,equal_site_portfolio,hub_policy_compliant,central,factorial_064,portfolio_mean,central,gentd26_hourly_service_demand.csv,gentd26_aligned_regional_hourly_cef.csv,capacity_scenarios.csv,energy_calibration_bounds.csv,trace_timestamp_anonymized,single_row_default,0.3,20.0,carbon,211.9472222222222,211.94722220222218,2e-08,0.9999999999056368,0.30000000002830896,56.92722900944693,70.30512782658639,33.27781044433017,98.48970743745605,1.5767374882820158,0.016009160036172226,0.0,,,1e-08,True,True,0,691,4.440892098500626e-16,0.0,0.0,0.0,1e-08,0.9475833333333334,0,0.0,554,3,0.0,0.0,148.36305553555553,3.8531666666666657,3.997916666666667,55.73308333333334
spatial_wue_coarse,0.0,0.0,1.5767374882820158,0.0,1.5767374882820158,0.0582254091812473,0.17496766885745085,-13.083310813418725,-1.0000007932831068e-08,38.354010220005065,1e-08,33.27781044433017,screened_water_cap_0.00,equal_site_portfolio,hub_policy_compliant,central,factorial_065,portfolio_mean,central,gentd26_hourly_service_demand.csv,gentd26_aligned_regional_hourly_cef.csv,capacity_scenarios.csv,energy_calibration_bounds.csv,trace_timestamp_anonymized,single_row_default,0.3,20.0,carbon,211.9472222222222,211.94722220222218,2e-08,0.9999999999056368,0.30000000002830896,56.92722900944693,70.30512782658639,33.33603585351142,113.85445801889387,0.0,0.0,0.0,,,1e-08,True,True,0,0,4.440892098500626e-16,0.0,0.0,0.0,1e-08,0.9475833333333334,0,0.0,554,3,0.0,0.0,148.36305553555553,0.0,0.0,63.5841666666667
spatial_wue_coarse,0.25,0.39418437207050394,1.5767374882820158,0.24999999999999992,1.182553116211512,0.021766215712673898,0.06540759569830801,-13.178370477999923,-1.0000007932831068e-08,38.354010220005065,1e-08,33.27781044433017,screened_water_cap_0.25,equal_site_portfolio,hub_policy_compliant,central,factorial_065,portfolio_mean,central,gentd26_hourly_service_demand.csv,gentd26_aligned_regional_hourly_cef.csv,capacity_scenarios.csv,energy_calibration_bounds.csv,trace_timestamp_anonymized,single_row_default,0.3,20.0,carbon,211.9472222222222,211.94722220222218,2e-08,0.9999999999056368,0.30000000002830896,56.92722900944693,70.30512782658639,33.299576660042845,112.81316059515268,0.39418437207050383,0.0034941346381127895,0.0,,,1e-08,True,True,0,678,4.440892098500626e-16,0.0,0.0,0.0,1e-08,0.9475833333333334,0,0.0,554,3,1.1102230246251565e-16,0.0,148.36305553555553,0.6399894927536229,2.03225,60.91192717391307
spatial_wue_coarse,0.5,0.7883687441410079,1.5767374882820158,0.5,0.7883687441410079,0.008597023922611413,0.025834103289312793,-13.2127063706863,-9.999979511121637e-09,38.354010220005065,1e-08,33.27781044433017,screened_water_cap_0.50,equal_site_portfolio,hub_policy_compliant,central,factorial_065,portfolio_mean,central,gentd26_hourly_service_demand.csv,gentd26_aligned_regional_hourly_cef.csv,capacity_scenarios.csv,energy_calibration_bounds.csv,trace_timestamp_anonymized,single_row_default,0.3,20.0,carbon,211.9472222222222,211.9472222022222,2e-08,0.9999999999056369,0.30000000002830896,56.92722900944693,70.30512782658639,33.28640746825278,112.26630402269566,0.7883687441410079,0.007022309596846013,0.0,,,1e-08,True,True,0,681,4.440892098500626e-16,0.0,0.0,0.0,1e-08,0.9475833333333334,0,0.0,554,3,0.0,0.0,148.36305553555553,1.699416666666667,2.7246296296296286,59.16012037037039
spatial_wue_coarse,0.75,1.182553116211512,1.5767374882820158,0.7500000000000001,0.39418437207050383,0.002028651680646476,0.00609610924986459,-13.229832017272635,-1.0000007932831068e-08,38.354010220005065,1e-08,33.27781044433017,screened_water_cap_0.75,equal_site_portfolio,hub_policy_compliant,central,factorial_065,portfolio_mean,central,gentd26_hourly_service_demand.csv,gentd26_aligned_regional_hourly_cef.csv,capacity_scenarios.csv,energy_calibration_bounds.csv,trace_timestamp_anonymized,single_row_default,0.3,20.0,carbon,211.9472222222222,211.94722220222218,2e-08,0.9999999999056368,0.30000000002830896,56.92722900944693,70.30512782658639,33.27983909601082,111.87690555380318,1.182553116211512,0.010570127144272912,0.0,,,1e-08,True,True,0,686,4.440892098500626e-16,0.0,0.0,0.0,1e-08,0.9475833333333334,0,0.0,554,3,0.0,0.0,148.36305553555553,2.892416666666666,2.9903182870370384,57.70143171296298
spatial_wue_coarse,1.0,1.5767374882820158,1.5767374882820158,1.0,0.0,0.0,0.0,-13.23512129906874,-1.0000007932831068e-08,38.354010220005065,1e-08,33.27781044433017,screened_water_cap_1.00,equal_site_portfolio,hub_policy_compliant,central,factorial_065,portfolio_mean,central,gentd26_hourly_service_demand.csv,gentd26_aligned_regional_hourly_cef.csv,capacity_scenarios.csv,energy_calibration_bounds.csv,trace_timestamp_anonymized,single_row_default,0.3,20.0,carbon,211.9472222222222,211.94722220222218,2e-08,0.9999999999056368,0.30000000002830896,56.92722900944693,70.30512782658639,33.27781044433017,111.21372651423493,1.5767374882820158,0.014177543885108456,0.0,,,1e-08,True,True,0,691,4.440892098500626e-16,0.0,0.0,0.0,1e-08,0.9475833333333334,0,0.0,554,3,0.0,0.0,148.36305553555553,3.8531666666666657,3.997916666666667,55.73308333333334
spatial_wue_coarse,0.0,0.0,2.4250446709410443,0.0,2.4250446709410443,0.0582254091812473,0.17496766885745085,-13.083310813418725,-1.0000007932831068e-08,38.354010220005065,1e-08,33.27781044433017,screened_water_cap_0.00,equal_site_portfolio,hub_policy_compliant,central,factorial_066,portfolio_mean,central,gentd26_hourly_service_demand.csv,gentd26_aligned_regional_hourly_cef.csv,capacity_scenarios.csv,energy_calibration_bounds.csv,trace_timestamp_anonymized,single_row_default,0.3,20.0,carbon,211.9472222222222,211.94722220222218,2e-08,0.9999999999056368,0.30000000002830896,56.92722900944693,70.30512782658639,33.33603585351142,85.84626134360303,0.0,0.0,0.0,,,1e-08,True,True,0,0,4.440892098500626e-16,0.0,0.0,0.0,1e-08,0.9475833333333334,0,0.0,554,3,0.0,0.0,148.36305553555553,0.0,0.0,63.5841666666667
spatial_wue_coarse,0.25,0.6062611677352611,2.4250446709410443,0.25,1.818783503205783,0.02847432026741359,0.08556548609184311,-13.160880508851292,-1.0000007932831068e-08,38.354010220005065,1e-08,33.27781044433017,screened_water_cap_0.25,equal_site_portfolio,hub_policy_compliant,central,factorial_066,portfolio_mean,central,gentd26_hourly_service_demand.csv,gentd26_aligned_regional_hourly_cef.csv,capacity_scenarios.csv,energy_calibration_bounds.csv,trace_timestamp_anonymized,single_row_default,0.3,20.0,carbon,211.9472222222222,211.94722220222218,2e-08,0.9999999999056368,0.30000000002830896,56.92722900944693,70.30512782658639,33.306284764597585,86.26273640665596,0.6062611677352611,0.0070280771627421095,0.0,,,1e-08,True,True,0,674,4.440892098500626e-16,0.0,0.0,0.0,1e-08,0.9475833333333334,0,0.0,554,3,0.0,0.0,148.36305553555553,0.9091041666666666,1.0536666666666663,61.62139583333336
spatial_wue_coarse,0.5,1.2125223354705221,2.4250446709410443,0.5,1.2125223354705221,0.009671953295018909,0.029064271855272494,-13.209903718848215,-1.0000007932831068e-08,38.354010220005065,1e-08,33.27781044433017,screened_water_cap_0.50,equal_site_portfolio,hub_policy_compliant,central,factorial_066,portfolio_mean,central,gentd26_hourly_service_demand.csv,gentd26_aligned_regional_hourly_cef.csv,capacity_scenarios.csv,energy_calibration_bounds.csv,trace_timestamp_anonymized,single_row_default,0.3,20.0,carbon,211.9472222222222,211.94722220222218,2e-08,0.9999999999056368,0.30000000002830896,56.92722900944693,70.30512782658639,33.28748239762519,86.67921146970887,1.2125223354705221,0.013988617511757742,0.0,,,1e-08,True,True,0,681,4.440892098500626e-16,0.0,0.0,0.0,1e-08,0.9475833333333334,0,0.0,554,3,0.0,0.0,148.36305553555553,2.003625,1.9219166666666663,59.65862500000002
spatial_wue_coarse,0.75,1.818783503205783,2.4250446709410443,0.7499999999999997,0.6062611677352618,0.0017832854951365107,0.005358782538045226,-13.230471757899764,-1.0000007932831068e-08,38.354010220005065,1e-08,33.27781044433017,screened_water_cap_0.75,equal_site_portfolio,hub_policy_compliant,central,factorial_066,portfolio_mean,central,gentd26_hourly_service_demand.csv,gentd26_aligned_regional_hourly_cef.csv,capacity_scenarios.csv,energy_calibration_bounds.csv,trace_timestamp_anonymized,single_row_default,0.3,20.0,carbon,211.9472222222222,211.94722220222218,2e-08,0.9999999999056368,0.30000000002830896,56.92722900944693,70.30512782658639,33.27959372982531,87.0956865327618,1.8187835032057824,0.020882589891769568,0.0,,,1e-08,True,True,0,684,4.440892098500626e-16,0.0,0.0,0.0,1e-08,0.9475833333333334,0,0.0,554,3,6.661338147750939e-16,0.0,148.36305553555553,3.0441666666666665,2.844145833333332,57.695854166666685
spatial_wue_coarse,1.0,2.4250446709410443,2.4250446709410443,1.0,0.0,0.0,0.0,-13.23512129906874,-1.0000007932831068e-08,38.354010220005065,1e-08,33.27781044433017,screened_water_cap_1.00,equal_site_portfolio,hub_policy_compliant,central,factorial_066,portfolio_mean,central,gentd26_hourly_service_demand.csv,gentd26_aligned_regional_hourly_cef.csv,capacity_scenarios.csv,energy_calibration_bounds.csv,trace_timestamp_anonymized,single_row_default,0.3,20.0,carbon,211.9472222222222,211.94722220222218,2e-08,0.9999999999056368,0.30000000002830896,56.92722900944693,70.30512782658639,33.27781044433017,87.5121615958147,2.4250446709410443,0.02771094470436464,0.0,,,1e-08,True,True,0,683,4.440892098500626e-16,0.0,0.0,0.0,1e-08,0.9475833333333334,0,0.0,554,3,0.0,0.0,148.36305553555553,3.8531666666666657,3.997916666666667,55.73308333333334
spatial_wue_coarse,0.0,0.0,2.4250446709410443,0.0,2.4250446709410443,0.0582254091812473,0.17496766885745085,-13.083310813418725,-1.0000007932831068e-08,38.354010220005065,1e-08,33.27781044433017,screened_water_cap_0.00,equal_site_portfolio,hub_policy_compliant,central,factorial_067,portfolio_mean,central,gentd26_hourly_service_demand.csv,gentd26_aligned_regional_hourly_cef.csv,capacity_scenarios.csv,energy_calibration_bounds.csv,trace_timestamp_anonymized,single_row_default,0.3,20.0,carbon,211.9472222222222,211.94722220222218,2e-08,0.9999999999056368,0.30000000002830896,56.92722900944693,70.30512782658639,33.33603585351142,99.33801462011508,0.0,0.0,0.0,,,1e-08,True,True,0,0,4.440892098500626e-16,0.0,0.0,0.0,1e-08,0.9475833333333334,0,0.0,554,3,0.0,0.0,148.36305553555553,0.0,0.0,63.5841666666667
spatial_wue_coarse,0.25,0.6062611677352611,2.4250446709410443,0.25,1.818783503205783,0.02847432026741359,0.08556548609184311,-13.160880508851292,-1.0000007932831068e-08,38.354010220005065,1e-08,33.27781044433017,screened_water_cap_0.25,equal_site_portfolio,hub_policy_compliant,central,factorial_067,portfolio_mean,central,gentd26_hourly_service_demand.csv,gentd26_aligned_regional_hourly_cef.csv,capacity_scenarios.csv,energy_calibration_bounds.csv,trace_timestamp_anonymized,single_row_default,0.3,20.0,carbon,211.9472222222222,211.94722220222218,2e-08,0.9999999999056368,0.30000000002830896,56.92722900944693,70.30512782658639,33.306284764597585,99.33801462011508,0.6062611677352611,0.006103012729353446,0.0,,,1e-08,True,True,0,674,4.440892098500626e-16,0.0,0.0,0.0,1e-08,0.9475833333333334,0,0.0,554,3,0.0,0.0,148.36305553555553,0.9091041666666666,1.0536666666666663,61.62139583333336
spatial_wue_coarse,0.5,1.2125223354705221,2.4250446709410443,0.5,1.2125223354705221,0.009671953295018909,0.029064271855272494,-13.209903718848215,-1.0000007932831068e-08,38.354010220005065,1e-08,33.27781044433017,screened_water_cap_0.50,equal_site_portfolio,hub_policy_compliant,central,factorial_067,portfolio_mean,central,gentd26_hourly_service_demand.csv,gentd26_aligned_regional_hourly_cef.csv,capacity_scenarios.csv,energy_calibration_bounds.csv,trace_timestamp_anonymized,single_row_default,0.3,20.0,carbon,211.9472222222222,211.94722220222218,2e-08,0.9999999999056368,0.30000000002830896,56.92722900944693,70.30512782658639,33.28748239762519,99.33801462011508,1.2125223354705221,0.012206025458706892,0.0,,,1e-08,True,True,0,681,4.440892098500626e-16,0.0,0.0,0.0,1e-08,0.9475833333333334,0,0.0,554,3,0.0,0.0,148.36305553555553,2.003625,1.9219166666666663,59.65862500000002
spatial_wue_coarse,0.75,1.818783503205783,2.4250446709410443,0.7499999999999997,0.6062611677352618,0.0017832854951365107,0.005358782538045226,-13.230471757899764,-1.0000007932831068e-08,38.354010220005065,1e-08,33.27781044433017,screened_water_cap_0.75,equal_site_portfolio,hub_policy_compliant,central,factorial_067,portfolio_mean,central,gentd26_hourly_service_demand.csv,gentd26_aligned_regional_hourly_cef.csv,capacity_scenarios.csv,energy_calibration_bounds.csv,trace_timestamp_anonymized,single_row_default,0.3,20.0,carbon,211.9472222222222,211.94722220222218,2e-08,0.9999999999056368,0.30000000002830896,56.92722900944693,70.30512782658639,33.27959372982531,99.33801462011508,1.8187835032057824,0.01830903818806033,0.0,,,1e-08,True,True,0,684,4.440892098500626e-16,0.0,0.0,0.0,1e-08,0.9475833333333334,0,0.0,554,3,6.661338147750939e-16,0.0,148.36305553555553,3.0441666666666665,2.844145833333332,57.695854166666685
spatial_wue_coarse,1.0,2.4250446709410443,2.4250446709410443,1.0,0.0,0.0,0.0,-13.23512129906874,-1.0000007932831068e-08,38.354010220005065,1e-08,33.27781044433017,screened_water_cap_1.00,equal_site_portfolio,hub_policy_compliant,central,factorial_067,portfolio_mean,central,gentd26_hourly_service_demand.csv,gentd26_aligned_regional_hourly_cef.csv,capacity_scenarios.csv,energy_calibration_bounds.csv,trace_timestamp_anonymized,single_row_default,0.3,20.0,carbon,211.9472222222222,211.94722220222218,2e-08,0.9999999999056368,0.30000000002830896,56.92722900944693,70.30512782658639,33.27781044433017,99.33801462011508,2.4250446709410443,0.024412050917413785,0.0,,,1e-08,True,True,0,683,4.440892098500626e-16,0.0,0.0,0.0,1e-08,0.9475833333333334,0,0.0,554,3,0.0,0.0,148.36305553555553,3.8531666666666657,3.997916666666667,55.73308333333334
spatial_wue_coarse,0.0,0.0,2.4250446709410443,0.0,2.4250446709410443,0.0582254091812473,0.17496766885745085,-13.083310813418725,-1.0000007932831068e-08,38.354010220005065,1e-08,33.27781044433017,screened_water_cap_0.00,equal_site_portfolio,hub_policy_compliant,central,factorial_068,portfolio_mean,central,gentd26_hourly_service_demand.csv,gentd26_aligned_regional_hourly_cef.csv,capacity_scenarios.csv,energy_calibration_bounds.csv,trace_timestamp_anonymized,single_row_default,0.3,20.0,carbon,211.9472222222222,211.94722220222218,2e-08,0.9999999999056368,0.30000000002830896,56.92722900944693,70.30512782658639,33.33603585351142,113.85445801889387,0.0,0.0,0.0,,,1e-08,True,True,0,0,4.440892098500626e-16,0.0,0.0,0.0,1e-08,0.9475833333333334,0,0.0,554,3,0.0,0.0,148.36305553555553,0.0,0.0,63.5841666666667
spatial_wue_coarse,0.25,0.6062611677352611,2.4250446709410443,0.25,1.818783503205783,0.02847432026741359,0.08556548609184311,-13.160880508851292,-1.0000007932831068e-08,38.354010220005065,1e-08,33.27781044433017,screened_water_cap_0.25,equal_site_portfolio,hub_policy_compliant,central,factorial_068,portfolio_mean,central,gentd26_hourly_service_demand.csv,gentd26_aligned_regional_hourly_cef.csv,capacity_scenarios.csv,energy_calibration_bounds.csv,trace_timestamp_anonymized,single_row_default,0.3,20.0,carbon,211.9472222222222,211.94722220222218,2e-08,0.9999999999056368,0.30000000002830896,56.92722900944693,70.30512782658639,33.306284764597585,113.4063519383939,0.6062611677352611,0.0053459189663785526,0.0,,,1e-08,True,True,0,674,4.440892098500626e-16,0.0,0.0,0.0,1e-08,0.9475833333333334,0,0.0,554,3,0.0,0.0,148.36305553555553,0.9091041666666666,1.0536666666666663,61.62139583333336
spatial_wue_coarse,0.5,1.2125223354705221,2.4250446709410443,0.5,1.2125223354705221,0.009671953295018909,0.029064271855272494,-13.209903718848215,-1.0000007932831068e-08,38.354010220005065,1e-08,33.27781044433017,screened_water_cap_0.50,equal_site_portfolio,hub_policy_compliant,central,factorial_068,portfolio_mean,central,gentd26_hourly_service_demand.csv,gentd26_aligned_regional_hourly_cef.csv,capacity_scenarios.csv,energy_calibration_bounds.csv,trace_timestamp_anonymized,single_row_default,0.3,20.0,carbon,211.9472222222222,211.94722220222218,2e-08,0.9999999999056368,0.30000000002830896,56.92722900944693,70.30512782658639,33.28748239762519,112.9582458578939,1.2125223354705221,0.010734252521909068,0.0,,,1e-08,True,True,0,681,4.440892098500626e-16,0.0,0.0,0.0,1e-08,0.9475833333333334,0,0.0,554,3,0.0,0.0,148.36305553555553,2.003625,1.9219166666666663,59.65862500000002
spatial_wue_coarse,0.75,1.818783503205783,2.4250446709410443,0.7499999999999997,0.6062611677352618,0.0017832854951365107,0.005358782538045226,-13.230471757899764,-1.0000007932831068e-08,38.354010220005065,1e-08,33.27781044433017,screened_water_cap_0.75,equal_site_portfolio,hub_policy_compliant,central,factorial_068,portfolio_mean,central,gentd26_hourly_service_demand.csv,gentd26_aligned_regional_hourly_cef.csv,capacity_scenarios.csv,energy_calibration_bounds.csv,trace_timestamp_anonymized,single_row_default,0.3,20.0,carbon,211.9472222222222,211.94722220222218,2e-08,0.9999999999056368,0.30000000002830896,56.92722900944693,70.30512782658639,33.27959372982531,112.51013977739395,1.8187835032057824,0.01616550745385547,0.0,,,1e-08,True,True,0,684,4.440892098500626e-16,0.0,0.0,0.0,1e-08,0.9475833333333334,0,0.0,554,3,6.661338147750939e-16,0.0,148.36305553555553,3.0441666666666665,2.844145833333332,57.695854166666685
spatial_wue_coarse,1.0,2.4250446709410443,2.4250446709410443,1.0,0.0,0.0,0.0,-13.23512129906874,-1.0000007932831068e-08,38.354010220005065,1e-08,33.27781044433017,screened_water_cap_1.00,equal_site_portfolio,hub_policy_compliant,central,factorial_068,portfolio_mean,central,gentd26_hourly_service_demand.csv,gentd26_aligned_regional_hourly_cef.csv,capacity_scenarios.csv,energy_calibration_bounds.csv,trace_timestamp_anonymized,single_row_default,0.3,20.0,carbon,211.9472222222222,211.94722220222218,2e-08,0.9999999999056368,0.30000000002830896,56.92722900944693,70.30512782658639,33.27781044433017,112.06203369689396,2.4250446709410443,0.021640198655508244,0.0,,,1e-08,True,True,0,683,4.440892098500626e-16,0.0,0.0,0.0,1e-08,0.9475833333333334,0,0.0,554,3,0.0,0.0,148.36305553555553,3.8531666666666657,3.997916666666667,55.73308333333334
spatial_wue_coarse,0.0,0.0,3.337780247219746,0.0,3.337780247219746,0.0582254091812473,0.17496766885745085,-13.083310813418725,-1.0000007932831068e-08,38.354010220005065,1e-08,33.27781044433017,screened_water_cap_0.00,equal_site_portfolio,hub_policy_compliant,central,factorial_069,portfolio_mean,central,gentd26_hourly_service_demand.csv,gentd26_aligned_regional_hourly_cef.csv,capacity_scenarios.csv,energy_calibration_bounds.csv,trace_timestamp_anonymized,single_row_default,0.3,20.0,carbon,211.9472222222222,211.94722220222218,2e-08,0.9999999999056368,0.30000000002830896,56.92722900944693,70.30512782658639,33.33603585351142,85.84626134360303,0.0,0.0,0.0,,,1e-08,True,True,0,0,4.440892098500626e-16,0.0,0.0,0.0,1e-08,0.9475833333333334,0,0.0,554,3,0.0,0.0,148.36305553555553,0.0,0.0,63.5841666666667
spatial_wue_coarse,0.25,0.8344450618049365,3.337780247219746,0.25000000000000006,2.503335185414809,0.027706894841628582,0.08325936854522986,-13.162881408943317,-1.0000007932831068e-08,38.354010220005065,1e-08,33.27781044433017,screened_water_cap_0.25,equal_site_portfolio,hub_policy_compliant,central,factorial_069,portfolio_mean,central,gentd26_hourly_service_demand.csv,gentd26_aligned_regional_hourly_cef.csv,capacity_scenarios.csv,energy_calibration_bounds.csv,trace_timestamp_anonymized,single_row_default,0.3,20.0,carbon,211.9472222222222,211.94722220222218,2e-08,0.9999999999056368,0.30000000002830896,56.92722900944693,70.30512782658639,33.3055173391718,86.46066960873291,0.8344450618049367,0.009651151969804476,0.0,,,1e-08,True,True,0,678,4.440892098500626e-16,0.0,0.0,0.0,1e-08,0.9475833333333334,0,0.0,554,3,-2.220446049250313e-16,2.220446049250313e-16,148.36305553555553,1.699416666666667,0.5762072916666667,61.30854270833336
spatial_wue_coarse,0.5,1.668890123609873,3.337780247219746,0.5,1.668890123609873,0.009097418803705182,0.027337792607862177,-13.211401696473036,-1.0000007932831068e-08,38.354010220005065,1e-08,33.27781044433017,screened_water_cap_0.50,equal_site_portfolio,hub_policy_compliant,central,factorial_069,portfolio_mean,central,gentd26_hourly_service_demand.csv,gentd26_aligned_regional_hourly_cef.csv,capacity_scenarios.csv,energy_calibration_bounds.csv,trace_timestamp_anonymized,single_row_default,0.3,20.0,carbon,211.9472222222222,211.94722220222218,2e-08,0.9999999999056368,0.30000000002830896,56.92722900944693,70.30512782658639,33.28690786313388,87.12352189205167,1.668890123609873,0.019155448349272103,0.0,,,1e-08,True,True,0,680,4.440892098500626e-16,0.0,0.0,0.0,1e-08,0.9475833333333334,0,0.0,554,3,0.0,0.0,148.36305553555553,2.2199891304347816,1.8302499999999997,59.53392753623191
spatial_wue_coarse,0.75,2.5033351854148096,3.337780247219746,0.75,0.8344450618049364,0.0016325002627155527,0.004905672100763425,-13.230864898621043,-1.0000007932831068e-08,38.354010220005065,1e-08,33.27781044433017,screened_water_cap_0.75,equal_site_portfolio,hub_policy_compliant,central,factorial_069,portfolio_mean,central,gentd26_hourly_service_demand.csv,gentd26_aligned_regional_hourly_cef.csv,capacity_scenarios.csv,energy_calibration_bounds.csv,trace_timestamp_anonymized,single_row_default,0.3,20.0,carbon,211.9472222222222,211.94722220222218,2e-08,0.9999999999056368,0.30000000002830896,56.92722900944693,70.30512782658639,33.27944294459289,87.7662705502959,2.5033351854148096,0.028522747630939066,0.0,,,1e-08,True,True,0,685,4.440892098500626e-16,0.0,0.0,0.0,1e-08,0.9475833333333334,0,0.0,554,3,0.0,0.0,148.36305553555553,3.229766304347827,2.8030000000000004,57.55140036231886
spatial_wue_coarse,1.0,3.337780247219746,3.337780247219746,1.0000000000000002,-8.881784197001252e-16,0.0,0.0,-13.23512129906874,-1.0000007932831068e-08,38.354010220005065,1e-08,33.27781044433017,screened_water_cap_1.00,equal_site_portfolio,hub_policy_compliant,central,factorial_069,portfolio_mean,central,gentd26_hourly_service_demand.csv,gentd26_aligned_regional_hourly_cef.csv,capacity_scenarios.csv,energy_calibration_bounds.csv,trace_timestamp_anonymized,single_row_default,0.3,20.0,carbon,211.9472222222222,211.94722220222218,2e-08,0.9999999999056368,0.300000000028309,56.92722900944693,70.30512782658639,33.27781044433017,88.42489717209341,3.337780247219747,0.037747063937475955,0.0,,,1e-08,True,True,0,686,4.440892098500626e-16,0.0,2.7131075164277263e-15,0.0,1e-08,0.9475833333333334,0,-2.7131075164277263e-15,554,3,-8.881784197001252e-16,8.881784197001252e-16,148.36305553555553,3.8531666666666693,3.997916666666667,55.73308333333334
spatial_wue_coarse,0.0,0.0,3.337780247219746,0.0,3.337780247219746,0.0582254091812473,0.17496766885745085,-13.083310813418725,-1.0000007932831068e-08,38.354010220005065,1e-08,33.27781044433017,screened_water_cap_0.00,equal_site_portfolio,hub_policy_compliant,central,factorial_070,portfolio_mean,central,gentd26_hourly_service_demand.csv,gentd26_aligned_regional_hourly_cef.csv,capacity_scenarios.csv,energy_calibration_bounds.csv,trace_timestamp_anonymized,single_row_default,0.3,20.0,carbon,211.9472222222222,211.94722220222218,2e-08,0.9999999999056368,0.30000000002830896,56.92722900944693,70.30512782658639,33.33603585351142,99.33801462011508,0.0,0.0,0.0,,,1e-08,True,True,0,0,4.440892098500626e-16,0.0,0.0,0.0,1e-08,0.9475833333333334,0,0.0,554,3,0.0,0.0,148.36305553555553,0.0,0.0,63.5841666666667
spatial_wue_coarse,0.25,0.8344450618049365,3.337780247219746,0.25000000000000006,2.503335185414809,0.027706894841628582,0.08325936854522986,-13.162881408943317,-1.0000007932831068e-08,38.354010220005065,1e-08,33.27781044433017,screened_water_cap_0.25,equal_site_portfolio,hub_policy_compliant,central,factorial_070,portfolio_mean,central,gentd26_hourly_service_demand.csv,gentd26_aligned_regional_hourly_cef.csv,capacity_scenarios.csv,energy_calibration_bounds.csv,trace_timestamp_anonymized,single_row_default,0.3,20.0,carbon,211.9472222222222,211.94722220222218,2e-08,0.9999999999056368,0.30000000002830896,56.92722900944693,70.30512782658639,33.3055173391718,99.46956435920804,0.8344450618049367,0.008388948591265153,0.0,,,1e-08,True,True,0,678,4.440892098500626e-16,0.0,0.0,0.0,1e-08,0.9475833333333334,0,0.0,554,3,-2.220446049250313e-16,2.220446049250313e-16,148.36305553555553,1.699416666666667,0.5762072916666667,61.30854270833336
spatial_wue_coarse,0.5,1.668890123609873,3.337780247219746,0.5,1.668890123609873,0.009097418803705182,0.027337792607862177,-13.211401696473036,-1.0000007932831068e-08,38.354010220005065,1e-08,33.27781044433017,screened_water_cap_0.50,equal_site_portfolio,hub_policy_compliant,central,factorial_070,portfolio_mean,central,gentd26_hourly_service_demand.csv,gentd26_aligned_regional_hourly_cef.csv,capacity_scenarios.csv,energy_calibration_bounds.csv,trace_timestamp_anonymized,single_row_default,0.3,20.0,carbon,211.9472222222222,211.94722220222218,2e-08,0.9999999999056368,0.30000000002830896,56.92722900944693,70.30512782658639,33.28690786313388,99.75586582307096,1.668890123609873,0.016729744259549113,0.0,,,1e-08,True,True,0,680,4.440892098500626e-16,0.0,0.0,0.0,1e-08,0.9475833333333334,0,0.0,554,3,0.0,0.0,148.36305553555553,2.2199891304347816,1.8302499999999997,59.53392753623191
spatial_wue_coarse,0.75,2.5033351854148096,3.337780247219746,0.75,0.8344450618049364,0.0016325002627155527,0.004905672100763425,-13.230864898621043,-1.0000007932831068e-08,38.354010220005065,1e-08,33.27781044433017,screened_water_cap_0.75,equal_site_portfolio,hub_policy_compliant,central,factorial_070,portfolio_mean,central,gentd26_hourly_service_demand.csv,gentd26_aligned_regional_hourly_cef.csv,capacity_scenarios.csv,energy_calibration_bounds.csv,trace_timestamp_anonymized,single_row_default,0.3,20.0,carbon,211.9472222222222,211.94722220222218,2e-08,0.9999999999056368,0.30000000002830896,56.92722900944693,70.30512782658639,33.27944294459289,99.97794737350144,2.5033351854148096,0.025038873583418896,0.0,,,1e-08,True,True,0,685,4.440892098500626e-16,0.0,0.0,0.0,1e-08,0.9475833333333334,0,0.0,554,3,0.0,0.0,148.36305553555553,3.229766304347827,2.8030000000000004,57.55140036231886
spatial_wue_coarse,1.0,3.337780247219746,3.337780247219746,1.0000000000000002,-8.881784197001252e-16,0.0,0.0,-13.23512129906874,-1.0000007932831068e-08,38.354010220005065,1e-08,33.27781044433017,screened_water_cap_1.00,equal_site_portfolio,hub_policy_compliant,central,factorial_070,portfolio_mean,central,gentd26_hourly_service_demand.csv,gentd26_aligned_regional_hourly_cef.csv,capacity_scenarios.csv,energy_calibration_bounds.csv,trace_timestamp_anonymized,single_row_default,0.3,20.0,carbon,211.9472222222222,211.94722220222218,2e-08,0.9999999999056368,0.300000000028309,56.92722900944693,70.30512782658639,33.27781044433017,100.25075019639378,3.337780247219747,0.033294316907164785,0.0,,,1e-08,True,True,0,686,4.440892098500626e-16,0.0,2.7131075164277263e-15,0.0,1e-08,0.9475833333333334,0,-2.7131075164277263e-15,554,3,-8.881784197001252e-16,8.881784197001252e-16,148.36305553555553,3.8531666666666693,3.997916666666667,55.73308333333334
spatial_wue_coarse,0.0,0.0,3.337780247219746,0.0,3.337780247219746,0.0582254091812473,0.17496766885745085,-13.083310813418725,-1.0000007932831068e-08,38.354010220005065,1e-08,33.27781044433017,screened_water_cap_0.00,equal_site_portfolio,hub_policy_compliant,central,factorial_071,portfolio_mean,central,gentd26_hourly_service_demand.csv,gentd26_aligned_regional_hourly_cef.csv,capacity_scenarios.csv,energy_calibration_bounds.csv,trace_timestamp_anonymized,single_row_default,0.3,20.0,carbon,211.9472222222222,211.94722220222218,2e-08,0.9999999999056368,0.30000000002830896,56.92722900944693,70.30512782658639,33.33603585351142,113.85445801889387,0.0,0.0,0.0,,,1e-08,True,True,0,0,4.440892098500626e-16,0.0,0.0,0.0,1e-08,0.9475833333333334,0,0.0,554,3,0.0,0.0,148.36305553555553,0.0,0.0,63.5841666666667
spatial_wue_coarse,0.25,0.8344450618049365,3.337780247219746,0.25000000000000006,2.503335185414809,0.027706894841628582,0.08325936854522986,-13.162881408943317,-1.0000007932831068e-08,38.354010220005065,1e-08,33.27781044433017,screened_water_cap_0.25,equal_site_portfolio,hub_policy_compliant,central,factorial_071,portfolio_mean,central,gentd26_hourly_service_demand.csv,gentd26_aligned_regional_hourly_cef.csv,capacity_scenarios.csv,energy_calibration_bounds.csv,trace_timestamp_anonymized,single_row_default,0.3,20.0,carbon,211.9472222222222,211.94722220222218,2e-08,0.9999999999056368,0.30000000002830896,56.92722900944693,70.30512782658639,33.3055173391718,113.46647643250405,0.8344450618049367,0.0073541109941958,0.0,,,1e-08,True,True,0,678,4.440892098500626e-16,0.0,0.0,0.0,1e-08,0.9475833333333334,0,0.0,554,3,-2.220446049250313e-16,2.220446049250313e-16,148.36305553555553,1.699416666666667,0.5762072916666667,61.30854270833336
spatial_wue_coarse,0.5,1.668890123609873,3.337780247219746,0.5,1.668890123609873,0.009097418803705182,0.027337792607862177,-13.211401696473036,-1.0000007932831068e-08,38.354010220005065,1e-08,33.27781044433017,screened_water_cap_0.50,equal_site_portfolio,hub_policy_compliant,central,factorial_071,portfolio_mean,central,gentd26_hourly_service_demand.csv,gentd26_aligned_regional_hourly_cef.csv,capacity_scenarios.csv,energy_calibration_bounds.csv,trace_timestamp_anonymized,single_row_default,0.3,20.0,carbon,211.9472222222222,211.94722220222218,2e-08,0.9999999999056368,0.30000000002830896,56.92722900944693,70.30512782658639,33.28690786313388,113.34762828049683,1.668890123609873,0.014723643969681814,0.0,,,1e-08,True,True,0,680,4.440892098500626e-16,0.0,0.0,0.0,1e-08,0.9475833333333334,0,0.0,554,3,0.0,0.0,148.36305553555553,2.2199891304347816,1.8302499999999997,59.53392753623191
spatial_wue_coarse,0.75,2.5033351854148096,3.337780247219746,0.75,0.8344450618049364,0.0016325002627155527,0.004905672100763425,-13.230864898621043,-1.0000007932831068e-08,38.354010220005065,1e-08,33.27781044433017,screened_water_cap_0.75,equal_site_portfolio,hub_policy_compliant,central,factorial_071,portfolio_mean,central,gentd26_hourly_service_demand.csv,gentd26_aligned_regional_hourly_cef.csv,capacity_scenarios.csv,energy_calibration_bounds.csv,trace_timestamp_anonymized,single_row_default,0.3,20.0,carbon,211.9472222222222,211.94722220222218,2e-08,0.9999999999056368,0.30000000002830896,56.92722900944693,70.30512782658639,33.27944294459289,113.11709332252008,2.5033351854148096,0.02213047658745338,0.0,,,1e-08,True,True,0,685,4.440892098500626e-16,0.0,0.0,0.0,1e-08,0.9475833333333334,0,0.0,554,3,0.0,0.0,148.36305553555553,3.229766304347827,2.8030000000000004,57.55140036231886
spatial_wue_coarse,1.0,3.337780247219746,3.337780247219746,1.0000000000000002,-8.881784197001252e-16,0.0,0.0,-13.23512129906874,-1.0000007932831068e-08,38.354010220005065,1e-08,33.27781044433017,screened_water_cap_1.00,equal_site_portfolio,hub_policy_compliant,central,factorial_071,portfolio_mean,central,gentd26_hourly_service_demand.csv,gentd26_aligned_regional_hourly_cef.csv,capacity_scenarios.csv,energy_calibration_bounds.csv,trace_timestamp_anonymized,single_row_default,0.3,20.0,carbon,211.9472222222222,211.94722220222218,2e-08,0.9999999999056368,0.300000000028309,56.92722900944693,70.30512782658639,33.27781044433017,112.97476927317267,3.337780247219747,0.029544475007061123,0.0,,,1e-08,True,True,0,686,4.440892098500626e-16,0.0,2.7131075164277263e-15,0.0,1e-08,0.9475833333333334,0,-2.7131075164277263e-15,554,3,-8.881784197001252e-16,8.881784197001252e-16,148.36305553555553,3.8531666666666693,3.997916666666667,55.73308333333334
spatial_wue_coarse,0.0,0.0,2.456426234003217,0.0,2.456426234003217,0.0582254091812473,0.17496766885745085,-13.083310813418725,-1.0000007932831068e-08,38.354010220005065,1e-08,33.27781044433017,screened_water_cap_0.00,equal_site_portfolio,hub_policy_compliant,central,factorial_072,portfolio_mean,central,gentd26_hourly_service_demand.csv,gentd26_aligned_regional_hourly_cef.csv,capacity_scenarios.csv,energy_calibration_bounds.csv,trace_timestamp_anonymized,single_row_default,0.3,20.0,carbon,211.9472222222222,211.94722220222218,2e-08,0.9999999999056368,0.30000000002830896,56.92722900944693,70.30512782658639,33.33603585351142,85.84626134360303,0.0,0.0,0.0,,,1e-08,True,True,0,0,4.440892098500626e-16,0.0,0.0,0.0,1e-08,0.9475833333333334,0,0.0,554,3,0.0,0.0,148.36305553555553,0.0,0.0,63.5841666666667
spatial_wue_coarse,0.25,0.6141065585008042,2.456426234003217,0.25000000000000006,1.8423196755024125,0.019204183413116027,0.05770867480971997,-13.185050437370172,-1.0000007932831068e-08,38.354010220005065,1e-08,33.27781044433017,screened_water_cap_0.25,equal_site_portfolio,hub_policy_compliant,central,factorial_072,portfolio_mean,central,gentd26_hourly_service_demand.csv,gentd26_aligned_regional_hourly_cef.csv,capacity_scenarios.csv,energy_calibration_bounds.csv,trace_timestamp_anonymized,single_row_default,0.3,20.0,carbon,211.9472222222222,211.94722220222218,2e-08,0.9999999999056368,0.30000000002830896,56.92722900944693,70.30512782658639,33.29701462774329,86.1376138004756,0.6141065585008043,0.007129365806711185,0.0,,,1e-08,True,True,0,680,4.440892098500626e-16,0.0,0.0,0.0,1e-08,0.9475833333333334,0,0.0,554,3,-1.1102230246251565e-16,1.1102230246251565e-16,148.36305553555553,0.6614279166666668,2.6765000000000003,60.246238750000025
spatial_wue_coarse,0.5,1.2282131170016084,2.456426234003217,0.5000000000000001,1.2282131170016082,0.0077772975399454936,0.023370821084989224,-13.214843634502948,-1.0000007932831068e-08,38.354010220005065,1e-08,33.27781044433017,screened_water_cap_0.50,equal_site_portfolio,hub_policy_compliant,central,factorial_072,portfolio_mean,central,gentd26_hourly_service_demand.csv,gentd26_aligned_regional_hourly_cef.csv,capacity_scenarios.csv,energy_calibration_bounds.csv,trace_timestamp_anonymized,single_row_default,0.3,20.0,carbon,211.9472222222222,211.94722220222218,2e-08,0.9999999999056368,0.30000000002830896,56.92722900944693,70.30512782658639,33.28558774187012,86.5948375808728,1.2282131170016086,0.01418344501027043,0.0,,,1e-08,True,True,0,682,4.440892098500626e-16,0.0,0.0,0.0,1e-08,0.9475833333333334,0,0.0,554,3,-2.220446049250313e-16,2.220446049250313e-16,148.36305553555553,1.699416666666667,3.2609953703703702,58.623754629629644
spatial_wue_coarse,0.75,1.8423196755024125,2.456426234003217,0.75,0.6141065585008043,0.0017008420766018162,0.005111039620375735,-13.230686711741779,-1.0000007932831068e-08,38.354010220005065,1e-08,33.27781044433017,screened_water_cap_0.75,equal_site_portfolio,hub_policy_compliant,central,factorial_072,portfolio_mean,central,gentd26_hourly_service_demand.csv,gentd26_aligned_regional_hourly_cef.csv,capacity_scenarios.csv,energy_calibration_bounds.csv,trace_timestamp_anonymized,single_row_default,0.3,20.0,carbon,211.9472222222222,211.94722220222218,2e-08,0.9999999999056368,0.30000000002830896,56.92722900944693,70.30512782658639,33.27951128640677,87.07064050002997,1.8423196755024125,0.021158908042048667,0.0,,,1e-08,True,True,0,689,4.440892098500626e-16,0.0,0.0,0.0,1e-08,0.9475833333333334,0,0.0,554,3,0.0,0.0,148.36305553555553,2.779583749999999,3.611166666666667,57.19341625000002
spatial_wue_coarse,1.0,2.456426234003217,2.456426234003217,0.9999999999999997,8.881784197001252e-16,0.0,0.0,-13.23512129906874,-1.0000007932831068e-08,38.354010220005065,1e-08,33.27781044433017,screened_water_cap_1.00,equal_site_portfolio,hub_policy_compliant,central,factorial_072,portfolio_mean,central,gentd26_hourly_service_demand.csv,gentd26_aligned_regional_hourly_cef.csv,capacity_scenarios.csv,energy_calibration_bounds.csv,trace_timestamp_anonymized,single_row_default,0.3,20.0,carbon,211.9472222222222,211.94722220222218,2e-08,0.9999999999056368,0.30000000002830896,56.92722900944693,70.30512782658639,33.27781044433017,87.54354315887689,2.456426234003216,0.028059479264452583,0.0,,,1e-08,True,True,0,684,4.440892098500626e-16,0.0,0.0,0.0,1e-08,0.9475833333333334,0,0.0,554,3,8.881784197001252e-16,0.0,148.36305553555553,3.853166666666665,3.997916666666667,55.73308333333334
spatial_wue_coarse,0.0,0.0,2.456426234003217,0.0,2.456426234003217,0.0582254091812473,0.17496766885745085,-13.083310813418725,-1.0000007932831068e-08,38.354010220005065,1e-08,33.27781044433017,screened_water_cap_0.00,equal_site_portfolio,hub_policy_compliant,central,factorial_073,portfolio_mean,central,gentd26_hourly_service_demand.csv,gentd26_aligned_regional_hourly_cef.csv,capacity_scenarios.csv,energy_calibration_bounds.csv,trace_timestamp_anonymized,single_row_default,0.3,20.0,carbon,211.9472222222222,211.94722220222218,2e-08,0.9999999999056368,0.30000000002830896,56.92722900944693,70.30512782658639,33.33603585351142,99.33801462011508,0.0,0.0,0.0,,,1e-08,True,True,0,0,4.440892098500626e-16,0.0,0.0,0.0,1e-08,0.9475833333333334,0,0.0,554,3,0.0,0.0,148.36305553555553,0.0,0.0,63.5841666666667
spatial_wue_coarse,0.25,0.6141065585008042,2.456426234003217,0.25000000000000006,1.8423196755024125,0.019204183413116027,0.05770867480971997,-13.185050437370172,-1.0000007932831068e-08,38.354010220005065,1e-08,33.27781044433017,screened_water_cap_0.25,equal_site_portfolio,hub_policy_compliant,central,factorial_073,portfolio_mean,central,gentd26_hourly_service_demand.csv,gentd26_aligned_regional_hourly_cef.csv,capacity_scenarios.csv,energy_calibration_bounds.csv,trace_timestamp_anonymized,single_row_default,0.3,20.0,carbon,211.9472222222222,211.94722220222218,2e-08,0.9999999999056368,0.30000000002830896,56.92722900944693,70.30512782658639,33.29701462774329,98.9211011317479,0.6141065585008043,0.0062080441025712755,0.0,,,1e-08,True,True,0,680,4.440892098500626e-16,0.0,0.0,0.0,1e-08,0.9475833333333334,0,0.0,554,3,-1.1102230246251565e-16,1.1102230246251565e-16,148.36305553555553,0.6614279166666668,2.6765000000000003,60.246238750000025
spatial_wue_coarse,0.5,1.2282131170016084,2.456426234003217,0.5000000000000001,1.2282131170016082,0.0077772975399454936,0.023370821084989224,-13.214843634502948,-1.0000007932831068e-08,38.354010220005065,1e-08,33.27781044433017,screened_water_cap_0.50,equal_site_portfolio,hub_policy_compliant,central,factorial_073,portfolio_mean,central,gentd26_hourly_service_demand.csv,gentd26_aligned_regional_hourly_cef.csv,capacity_scenarios.csv,energy_calibration_bounds.csv,trace_timestamp_anonymized,single_row_default,0.3,20.0,carbon,211.9472222222222,211.94722220222218,2e-08,0.9999999999056368,0.30000000002830896,56.92722900944693,70.30512782658639,33.28558774187012,99.03405437130664,1.2282131170016086,0.012401927042153508,0.0,,,1e-08,True,True,0,682,4.440892098500626e-16,0.0,0.0,0.0,1e-08,0.9475833333333334,0,0.0,554,3,-2.220446049250313e-16,2.220446049250313e-16,148.36305553555553,1.699416666666667,3.2609953703703702,58.623754629629644
spatial_wue_coarse,0.75,1.8423196755024125,2.456426234003217,0.75,0.6141065585008043,0.0017008420766018162,0.005111039620375735,-13.230686711741779,-1.0000007932831068e-08,38.354010220005065,1e-08,33.27781044433017,screened_water_cap_0.75,equal_site_portfolio,hub_policy_compliant,central,factorial_073,portfolio_mean,central,gentd26_hourly_service_demand.csv,gentd26_aligned_regional_hourly_cef.csv,capacity_scenarios.csv,energy_calibration_bounds.csv,trace_timestamp_anonymized,single_row_default,0.3,20.0,carbon,211.9472222222222,211.94722220222218,2e-08,0.9999999999056368,0.30000000002830896,56.92722900944693,70.30512782658639,33.27951128640677,99.20635763745969,1.8423196755024125,0.01857058075083249,0.0,,,1e-08,True,True,0,689,4.440892098500626e-16,0.0,0.0,0.0,1e-08,0.9475833333333334,0,0.0,554,3,0.0,0.0,148.36305553555553,2.779583749999999,3.611166666666667,57.19341625000002
spatial_wue_coarse,1.0,2.456426234003217,2.456426234003217,0.9999999999999997,8.881784197001252e-16,0.0,0.0,-13.23512129906874,-1.0000007932831068e-08,38.354010220005065,1e-08,33.27781044433017,screened_water_cap_1.00,equal_site_portfolio,hub_policy_compliant,central,factorial_073,portfolio_mean,central,gentd26_hourly_service_demand.csv,gentd26_aligned_regional_hourly_cef.csv,capacity_scenarios.csv,energy_calibration_bounds.csv,trace_timestamp_anonymized,single_row_default,0.3,20.0,carbon,211.9472222222222,211.94722220222218,2e-08,0.9999999999056368,0.30000000002830896,56.92722900944693,70.30512782658639,33.27781044433017,99.36939618317726,2.456426234003216,0.024720148540251233,0.0,,,1e-08,True,True,0,684,4.440892098500626e-16,0.0,0.0,0.0,1e-08,0.9475833333333334,0,0.0,554,3,8.881784197001252e-16,0.0,148.36305553555553,3.853166666666665,3.997916666666667,55.73308333333334
spatial_wue_coarse,0.0,0.0,2.456426234003217,0.0,2.456426234003217,0.0582254091812473,0.17496766885745085,-13.083310813418725,-1.0000007932831068e-08,38.354010220005065,1e-08,33.27781044433017,screened_water_cap_0.00,equal_site_portfolio,hub_policy_compliant,central,factorial_074,portfolio_mean,central,gentd26_hourly_service_demand.csv,gentd26_aligned_regional_hourly_cef.csv,capacity_scenarios.csv,energy_calibration_bounds.csv,trace_timestamp_anonymized,single_row_default,0.3,20.0,carbon,211.9472222222222,211.94722220222218,2e-08,0.9999999999056368,0.30000000002830896,56.92722900944693,70.30512782658639,33.33603585351142,113.85445801889387,0.0,0.0,0.0,,,1e-08,True,True,0,0,4.440892098500626e-16,0.0,0.0,0.0,1e-08,0.9475833333333334,0,0.0,554,3,0.0,0.0,148.36305553555553,0.0,0.0,63.5841666666667
spatial_wue_coarse,0.25,0.6141065585008042,2.456426234003217,0.25000000000000006,1.8423196755024125,0.019204183413116027,0.05770867480971997,-13.185050437370172,-1.0000007932831068e-08,38.354010220005065,1e-08,33.27781044433017,screened_water_cap_0.25,equal_site_portfolio,hub_policy_compliant,central,factorial_074,portfolio_mean,central,gentd26_hourly_service_demand.csv,gentd26_aligned_regional_hourly_cef.csv,capacity_scenarios.csv,energy_calibration_bounds.csv,trace_timestamp_anonymized,single_row_default,0.3,20.0,carbon,211.9472222222222,211.94722220222218,2e-08,0.9999999999056368,0.30000000002830896,56.92722900944693,70.30512782658639,33.29701462774329,112.67548623501557,0.6141065585008043,0.005450223282994466,0.0,,,1e-08,True,True,0,680,4.440892098500626e-16,0.0,0.0,0.0,1e-08,0.9475833333333334,0,0.0,554,3,-1.1102230246251565e-16,1.1102230246251565e-16,148.36305553555553,0.6614279166666668,2.6765000000000003,60.246238750000025
spatial_wue_coarse,0.5,1.2282131170016084,2.456426234003217,0.5000000000000001,1.2282131170016082,0.0077772975399454936,0.023370821084989224,-13.214843634502948,-1.0000007932831068e-08,38.354010220005065,1e-08,33.27781044433017,screened_water_cap_0.50,equal_site_portfolio,hub_policy_compliant,central,factorial_074,portfolio_mean,central,gentd26_hourly_service_demand.csv,gentd26_aligned_regional_hourly_cef.csv,capacity_scenarios.csv,energy_calibration_bounds.csv,trace_timestamp_anonymized,single_row_default,0.3,20.0,carbon,211.9472222222222,211.94722220222218,2e-08,0.9999999999056368,0.30000000002830896,56.92722900944693,70.30512782658639,33.28558774187012,112.41802180405193,1.2282131170016086,0.01092541122225422,0.0,,,1e-08,True,True,0,682,4.440892098500626e-16,0.0,0.0,0.0,1e-08,0.9475833333333334,0,0.0,554,3,-2.220446049250313e-16,2.220446049250313e-16,148.36305553555553,1.699416666666667,3.2609953703703702,58.623754629629644
spatial_wue_coarse,0.75,1.8423196755024125,2.456426234003217,0.75,0.6141065585008043,0.0017008420766018162,0.005111039620375735,-13.230686711741779,-1.0000007932831068e-08,38.354010220005065,1e-08,33.27781044433017,screened_water_cap_0.75,equal_site_portfolio,hub_policy_compliant,central,factorial_074,portfolio_mean,central,gentd26_hourly_service_demand.csv,gentd26_aligned_regional_hourly_cef.csv,capacity_scenarios.csv,energy_calibration_bounds.csv,trace_timestamp_anonymized,single_row_default,0.3,20.0,carbon,211.9472222222222,211.94722220222218,2e-08,0.9999999999056368,0.30000000002830896,56.92722900944693,70.30512782658639,33.27951128640677,112.26377481064358,1.8423196755024125,0.016410633604739117,0.0,,,1e-08,True,True,0,689,4.440892098500626e-16,0.0,0.0,0.0,1e-08,0.9475833333333334,0,0.0,554,3,0.0,0.0,148.36305553555553,2.779583749999999,3.611166666666667,57.19341625000002
spatial_wue_coarse,1.0,2.456426234003217,2.456426234003217,0.9999999999999997,8.881784197001252e-16,0.0,0.0,-13.23512129906874,-1.0000007932831068e-08,38.354010220005065,1e-08,33.27781044433017,screened_water_cap_1.00,equal_site_portfolio,hub_policy_compliant,central,factorial_074,portfolio_mean,central,gentd26_hourly_service_demand.csv,gentd26_aligned_regional_hourly_cef.csv,capacity_scenarios.csv,energy_calibration_bounds.csv,trace_timestamp_anonymized,single_row_default,0.3,20.0,carbon,211.9472222222222,211.94722220222218,2e-08,0.9999999999056368,0.30000000002830896,56.92722900944693,70.30512782658639,33.27781044433017,112.09341525995613,2.456426234003216,0.02191409930999525,0.0,,,1e-08,True,True,0,684,4.440892098500626e-16,0.0,0.0,0.0,1e-08,0.9475833333333334,0,0.0,554,3,8.881784197001252e-16,0.0,148.36305553555553,3.853166666666665,3.997916666666667,55.73308333333334
spatial_wue_coarse,0.0,0.0,3.304733416662245,0.0,3.304733416662245,0.0582254091812473,0.17496766885745085,-13.083310813418725,-1.0000007932831068e-08,38.354010220005065,1e-08,33.27781044433017,screened_water_cap_0.00,equal_site_portfolio,hub_policy_compliant,central,factorial_075,portfolio_mean,central,gentd26_hourly_service_demand.csv,gentd26_aligned_regional_hourly_cef.csv,capacity_scenarios.csv,energy_calibration_bounds.csv,trace_timestamp_anonymized,single_row_default,0.3,20.0,carbon,211.9472222222222,211.94722220222218,2e-08,0.9999999999056368,0.30000000002830896,56.92722900944693,70.30512782658639,33.33603585351142,85.84626134360303,0.0,0.0,0.0,,,1e-08,True,True,0,0,4.440892098500626e-16,0.0,0.0,0.0,1e-08,0.9475833333333334,0,0.0,554,3,0.0,0.0,148.36305553555553,0.0,0.0,63.5841666666667
spatial_wue_coarse,0.25,0.8261833541655612,3.304733416662245,0.25,2.4785500624966836,0.02482379217520503,0.07459562947127463,-13.1703984916418,-1.0000007932831068e-08,38.354010220005065,1e-08,33.27781044433017,screened_water_cap_0.25,equal_site_portfolio,hub_policy_compliant,central,factorial_075,portfolio_mean,central,gentd26_hourly_service_demand.csv,gentd26_aligned_regional_hourly_cef.csv,capacity_scenarios.csv,energy_calibration_bounds.csv,trace_timestamp_anonymized,single_row_default,0.3,20.0,carbon,211.9472222222222,211.94722220222218,2e-08,0.9999999999056368,0.30000000002830896,56.92722900944693,70.30512782658639,33.30263423650538,86.44777877640898,0.8261833541655612,0.009557022353372729,0.0,,,1e-08,True,True,0,677,4.440892098500626e-16,0.0,0.0,0.0,1e-08,0.9475833333333334,0,0.0,554,3,0.0,0.0,148.36305553555553,0.4752484375,1.8482499999999997,61.26066822916669
spatial_wue_coarse,0.5,1.6523667083311224,3.304733416662245,0.5,1.6523667083311224,0.00966202484798373,0.029034436818342613,-13.209929605181825,-1.0000007932831068e-08,38.354010220005065,1e-08,33.27781044433017,screened_water_cap_0.50,equal_site_portfolio,hub_policy_compliant,central,factorial_075,portfolio_mean,central,gentd26_hourly_service_demand.csv,gentd26_aligned_regional_hourly_cef.csv,capacity_scenarios.csv,energy_calibration_bounds.csv,trace_timestamp_anonymized,single_row_default,0.3,20.0,carbon,211.9472222222222,211.94722220222218,2e-08,0.9999999999056368,0.30000000002830896,56.92722900944693,70.30512782658639,33.287472469178155,87.1096398409274,1.6523667083311224,0.018968815751603856,0.0,,,1e-08,True,True,0,686,4.440892098500626e-16,0.0,0.0,0.0,1e-08,0.9475833333333334,0,0.0,554,3,0.0,0.0,148.36305553555553,1.7948333333333335,2.2280887681159407,59.561244565217415
spatial_wue_coarse,0.75,2.4785500624966836,3.304733416662245,0.75,0.8261833541655612,0.0019433619071236308,0.005839813020069862,-13.230054392385515,-1.0000007932831068e-08,38.354010220005065,1e-08,33.27781044433017,screened_water_cap_0.75,equal_site_portfolio,hub_policy_compliant,central,factorial_075,portfolio_mean,central,gentd26_hourly_service_demand.csv,gentd26_aligned_regional_hourly_cef.csv,capacity_scenarios.csv,energy_calibration_bounds.csv,trace_timestamp_anonymized,single_row_default,0.3,20.0,carbon,211.9472222222222,211.94722220222218,2e-08,0.9999999999056368,0.30000000002830896,56.92722900944693,70.30512782658639,33.279753806237295,87.76348449924077,2.4785500624966836,0.028241244939609538,0.0,,,1e-08,True,True,0,688,4.440892098500626e-16,0.0,0.0,0.0,1e-08,0.9475833333333334,0,0.0,554,3,0.0,0.0,148.36305553555553,3.0022515624999992,2.8030000000000004,57.77891510416668
spatial_wue_coarse,1.0,3.304733416662245,3.304733416662245,1.0000000000000002,-4.440892098500626e-16,0.0,0.0,-13.23512129906874,-1.0000007932831068e-08,38.354010220005065,1e-08,33.27781044433017,screened_water_cap_1.00,equal_site_portfolio,hub_policy_compliant,central,factorial_075,portfolio_mean,central,gentd26_hourly_service_demand.csv,gentd26_aligned_regional_hourly_cef.csv,capacity_scenarios.csv,energy_calibration_bounds.csv,trace_timestamp_anonymized,single_row_default,0.3,20.0,carbon,211.9472222222222,211.94722220222218,2e-08,0.9999999999056368,0.300000000028309,56.92722900944693,70.30512782658639,33.27781044433017,88.39185034153591,3.3047334166622453,0.03738730894186666,0.0,,,1e-08,True,True,0,686,4.440892098500626e-16,0.0,8.118505867571457e-16,0.0,1e-08,0.9475833333333334,0,-8.118505867571457e-16,554,3,-4.440892098500626e-16,4.440892098500626e-16,148.36305553555553,3.8531666666666675,3.997916666666667,55.73308333333334
spatial_wue_coarse,0.0,0.0,3.304733416662245,0.0,3.304733416662245,0.0582254091812473,0.17496766885745085,-13.083310813418725,-1.0000007932831068e-08,38.354010220005065,1e-08,33.27781044433017,screened_water_cap_0.00,equal_site_portfolio,hub_policy_compliant,central,factorial_076,portfolio_mean,central,gentd26_hourly_service_demand.csv,gentd26_aligned_regional_hourly_cef.csv,capacity_scenarios.csv,energy_calibration_bounds.csv,trace_timestamp_anonymized,single_row_default,0.3,20.0,carbon,211.9472222222222,211.94722220222218,2e-08,0.9999999999056368,0.30000000002830896,56.92722900944693,70.30512782658639,33.33603585351142,99.33801462011508,0.0,0.0,0.0,,,1e-08,True,True,0,0,4.440892098500626e-16,0.0,0.0,0.0,1e-08,0.9475833333333334,0,0.0,554,3,0.0,0.0,148.36305553555553,0.0,0.0,63.5841666666667
spatial_wue_coarse,0.25,0.8261833541655612,3.304733416662245,0.25,2.4785500624966836,0.02482379217520503,0.07459562947127463,-13.1703984916418,-1.0000007932831068e-08,38.354010220005065,1e-08,33.27781044433017,screened_water_cap_0.25,equal_site_portfolio,hub_policy_compliant,central,factorial_076,portfolio_mean,central,gentd26_hourly_service_demand.csv,gentd26_aligned_regional_hourly_cef.csv,capacity_scenarios.csv,energy_calibration_bounds.csv,trace_timestamp_anonymized,single_row_default,0.3,20.0,carbon,211.9472222222222,211.94722220222218,2e-08,0.9999999999056368,0.30000000002830896,56.92722900944693,70.30512782658639,33.30263423650538,99.44651516993738,0.8261833541655612,0.008307816043164034,0.0,,,1e-08,True,True,0,677,4.440892098500626e-16,0.0,0.0,0.0,1e-08,0.9475833333333334,0,0.0,554,3,0.0,0.0,148.36305553555553,0.4752484375,1.8482499999999997,61.26066822916669
spatial_wue_coarse,0.5,1.6523667083311224,3.304733416662245,0.5,1.6523667083311224,0.00966202484798373,0.029034436818342613,-13.209929605181825,-1.0000007932831068e-08,38.354010220005065,1e-08,33.27781044433017,screened_water_cap_0.50,equal_site_portfolio,hub_policy_compliant,central,factorial_076,portfolio_mean,central,gentd26_hourly_service_demand.csv,gentd26_aligned_regional_hourly_cef.csv,capacity_scenarios.csv,energy_calibration_bounds.csv,trace_timestamp_anonymized,single_row_default,0.3,20.0,carbon,211.9472222222222,211.94722220222218,2e-08,0.9999999999056368,0.30000000002830896,56.92722900944693,70.30512782658639,33.287472469178155,99.74778009884132,1.6523667083311224,0.016565448440995594,0.0,,,1e-08,True,True,0,686,4.440892098500626e-16,0.0,0.0,0.0,1e-08,0.9475833333333334,0,0.0,554,3,0.0,0.0,148.36305553555553,1.7948333333333335,2.2280887681159407,59.561244565217415
spatial_wue_coarse,0.75,2.4785500624966836,3.304733416662245,0.75,0.8261833541655612,0.0019433619071236308,0.005839813020069862,-13.230054392385515,-1.0000007932831068e-08,38.354010220005065,1e-08,33.27781044433017,screened_water_cap_0.75,equal_site_portfolio,hub_policy_compliant,central,factorial_076,portfolio_mean,central,gentd26_hourly_service_demand.csv,gentd26_aligned_regional_hourly_cef.csv,capacity_scenarios.csv,energy_calibration_bounds.csv,trace_timestamp_anonymized,single_row_default,0.3,20.0,carbon,211.9472222222222,211.94722220222218,2e-08,0.9999999999056368,0.30000000002830896,56.92722900944693,70.30512782658639,33.279753806237295,100.02343706347901,2.4785500624966836,0.02477969299259026,0.0,,,1e-08,True,True,0,688,4.440892098500626e-16,0.0,0.0,0.0,1e-08,0.9475833333333334,0,0.0,554,3,0.0,0.0,148.36305553555553,3.0022515624999992,2.8030000000000004,57.77891510416668
spatial_wue_coarse,1.0,3.304733416662245,3.304733416662245,1.0000000000000002,-4.440892098500626e-16,0.0,0.0,-13.23512129906874,-1.0000007932831068e-08,38.354010220005065,1e-08,33.27781044433017,screened_water_cap_1.00,equal_site_portfolio,hub_policy_compliant,central,factorial_076,portfolio_mean,central,gentd26_hourly_service_demand.csv,gentd26_aligned_regional_hourly_cef.csv,capacity_scenarios.csv,energy_calibration_bounds.csv,trace_timestamp_anonymized,single_row_default,0.3,20.0,carbon,211.9472222222222,211.94722220222218,2e-08,0.9999999999056368,0.300000000028309,56.92722900944693,70.30512782658639,33.27781044433017,100.21770336583629,3.3047334166622453,0.03297554529461321,0.0,,,1e-08,True,True,0,686,4.440892098500626e-16,0.0,8.118505867571457e-16,0.0,1e-08,0.9475833333333334,0,-8.118505867571457e-16,554,3,-4.440892098500626e-16,4.440892098500626e-16,148.36305553555553,3.8531666666666675,3.997916666666667,55.73308333333334
spatial_wue_coarse,0.0,0.0,3.304733416662245,0.0,3.304733416662245,0.0582254091812473,0.17496766885745085,-13.083310813418725,-1.0000007932831068e-08,38.354010220005065,1e-08,33.27781044433017,screened_water_cap_0.00,equal_site_portfolio,hub_policy_compliant,central,factorial_077,portfolio_mean,central,gentd26_hourly_service_demand.csv,gentd26_aligned_regional_hourly_cef.csv,capacity_scenarios.csv,energy_calibration_bounds.csv,trace_timestamp_anonymized,single_row_default,0.3,20.0,carbon,211.9472222222222,211.94722220222218,2e-08,0.9999999999056368,0.30000000002830896,56.92722900944693,70.30512782658639,33.33603585351142,113.85445801889387,0.0,0.0,0.0,,,1e-08,True,True,0,0,4.440892098500626e-16,0.0,0.0,0.0,1e-08,0.9475833333333334,0,0.0,554,3,0.0,0.0,148.36305553555553,0.0,0.0,63.5841666666667
spatial_wue_coarse,0.25,0.8261833541655612,3.304733416662245,0.25,2.4785500624966836,0.02482379217520503,0.07459562947127463,-13.1703984916418,-1.0000007932831068e-08,38.354010220005065,1e-08,33.27781044433017,screened_water_cap_0.25,equal_site_portfolio,hub_policy_compliant,central,factorial_077,portfolio_mean,central,gentd26_hourly_service_demand.csv,gentd26_aligned_regional_hourly_cef.csv,capacity_scenarios.csv,energy_calibration_bounds.csv,trace_timestamp_anonymized,single_row_default,0.3,20.0,carbon,211.9472222222222,211.94722220222218,2e-08,0.9999999999056368,0.30000000002830896,56.92722900944693,70.30512782658639,33.30263423650538,113.43249736550595,0.8261833541655612,0.007283480249080701,0.0,,,1e-08,True,True,0,677,4.440892098500626e-16,0.0,0.0,0.0,1e-08,0.9475833333333334,0,0.0,554,3,0.0,0.0,148.36305553555553,0.4752484375,1.8482499999999997,61.26066822916669
spatial_wue_coarse,0.5,1.6523667083311224,3.304733416662245,0.5,1.6523667083311224,0.00966202484798373,0.029034436818342613,-13.209929605181825,-1.0000007932831068e-08,38.354010220005065,1e-08,33.27781044433017,screened_water_cap_0.50,equal_site_portfolio,hub_policy_compliant,central,factorial_077,portfolio_mean,central,gentd26_hourly_service_demand.csv,gentd26_aligned_regional_hourly_cef.csv,capacity_scenarios.csv,energy_calibration_bounds.csv,trace_timestamp_anonymized,single_row_default,0.3,20.0,carbon,211.9472222222222,211.94722220222218,2e-08,0.9999999999056368,0.30000000002830896,56.92722900944693,70.30512782658639,33.287472469178155,113.34577911052082,1.6523667083311224,0.014578105345413333,0.0,,,1e-08,True,True,0,686,4.440892098500626e-16,0.0,0.0,0.0,1e-08,0.9475833333333334,0,0.0,554,3,0.0,0.0,148.36305553555553,1.7948333333333335,2.2280887681159407,59.561244565217415
spatial_wue_coarse,0.75,2.4785500624966836,3.304733416662245,0.75,0.8261833541655612,0.0019433619071236308,0.005839813020069862,-13.230054392385515,-1.0000007932831068e-08,38.354010220005065,1e-08,33.27781044433017,screened_water_cap_0.75,equal_site_portfolio,hub_policy_compliant,central,factorial_077,portfolio_mean,central,gentd26_hourly_service_demand.csv,gentd26_aligned_regional_hourly_cef.csv,capacity_scenarios.csv,energy_calibration_bounds.csv,trace_timestamp_anonymized,single_row_default,0.3,20.0,carbon,211.9472222222222,211.94722220222218,2e-08,0.9999999999056368,0.30000000002830896,56.92722900944693,70.30512782658639,33.279753806237295,113.21452526550752,2.4785500624966836,0.021892509434492242,0.0,,,1e-08,True,True,0,688,4.440892098500626e-16,0.0,0.0,0.0,1e-08,0.9475833333333334,0,0.0,554,3,0.0,0.0,148.36305553555553,3.0022515624999992,2.8030000000000004,57.77891510416668
spatial_wue_coarse,1.0,3.304733416662245,3.304733416662245,1.0000000000000002,-4.440892098500626e-16,0.0,0.0,-13.23512129906874,-1.0000007932831068e-08,38.354010220005065,1e-08,33.27781044433017,screened_water_cap_1.00,equal_site_portfolio,hub_policy_compliant,central,factorial_077,portfolio_mean,central,gentd26_hourly_service_demand.csv,gentd26_aligned_regional_hourly_cef.csv,capacity_scenarios.csv,energy_calibration_bounds.csv,trace_timestamp_anonymized,single_row_default,0.3,20.0,carbon,211.9472222222222,211.94722220222218,2e-08,0.9999999999056368,0.300000000028309,56.92722900944693,70.30512782658639,33.27781044433017,112.94172244261517,3.3047334166622453,0.029260519010955895,0.0,,,1e-08,True,True,0,686,4.440892098500626e-16,0.0,8.118505867571457e-16,0.0,1e-08,0.9475833333333334,0,-8.118505867571457e-16,554,3,-4.440892098500626e-16,4.440892098500626e-16,148.36305553555553,3.8531666666666675,3.997916666666667,55.73308333333334
spatial_wue_coarse,0.0,0.0,4.2174689929409475,0.0,4.2174689929409475,0.0582254091812473,0.17496766885745085,-13.083310813418725,-1.0000007932831068e-08,38.354010220005065,1e-08,33.27781044433017,screened_water_cap_0.00,equal_site_portfolio,hub_policy_compliant,central,factorial_078,portfolio_mean,central,gentd26_hourly_service_demand.csv,gentd26_aligned_regional_hourly_cef.csv,capacity_scenarios.csv,energy_calibration_bounds.csv,trace_timestamp_anonymized,single_row_default,0.3,20.0,carbon,211.9472222222222,211.94722220222218,2e-08,0.9999999999056368,0.30000000002830896,56.92722900944693,70.30512782658639,33.33603585351142,85.84626134360303,0.0,0.0,0.0,,,1e-08,True,True,0,0,4.440892098500626e-16,0.0,0.0,0.0,1e-08,0.9475833333333334,0,0.0,554,3,0.0,0.0,148.36305553555553,0.0,0.0,63.5841666666667
spatial_wue_coarse,0.25,1.0543672482352369,4.2174689929409475,0.25,3.1631017447057106,0.02847432026741359,0.08556548609184311,-13.160880508851292,-1.0000007932831068e-08,38.354010220005065,1e-08,33.27781044433017,screened_water_cap_0.25,equal_site_portfolio,hub_policy_compliant,central,factorial_078,portfolio_mean,central,gentd26_hourly_service_demand.csv,gentd26_aligned_regional_hourly_cef.csv,capacity_scenarios.csv,energy_calibration_bounds.csv,trace_timestamp_anonymized,single_row_default,0.3,20.0,carbon,211.9472222222222,211.94722220222218,2e-08,0.9999999999056368,0.30000000002830896,56.92722900944693,70.30512782658639,33.306284764597585,86.71084248715593,1.0543672482352369,0.012159577948875486,0.0,,,1e-08,True,True,0,678,4.440892098500626e-16,0.0,0.0,0.0,1e-08,0.9475833333333334,0,0.0,554,3,0.0,0.0,148.36305553555553,0.909104166666667,1.0536666666666663,61.62139583333336
spatial_wue_coarse,0.5,2.1087344964704737,4.2174689929409475,0.5000000000000001,2.1087344964704733,0.009671953295018909,0.029064271855272494,-13.209903718848215,-1.0000007932831068e-08,38.354010220005065,1e-08,33.27781044433017,screened_water_cap_0.50,equal_site_portfolio,hub_policy_compliant,central,factorial_078,portfolio_mean,central,gentd26_hourly_service_demand.csv,gentd26_aligned_regional_hourly_cef.csv,capacity_scenarios.csv,energy_calibration_bounds.csv,trace_timestamp_anonymized,single_row_default,0.3,20.0,carbon,211.9472222222222,211.94722220222218,2e-08,0.9999999999056368,0.30000000002830896,56.92722900944693,70.30512782658639,33.28748239762519,87.57542363070883,2.108734496470474,0.02407906703783314,0.0,,,1e-08,True,True,0,683,4.440892098500626e-16,0.0,0.0,0.0,1e-08,0.9475833333333334,0,0.0,554,3,-4.440892098500626e-16,4.440892098500626e-16,148.36305553555553,2.003625000000001,1.9219166666666663,59.65862500000002
spatial_wue_coarse,0.75,3.1631017447057106,4.2174689929409475,0.7500000000000002,1.054367248235236,0.0017832854951365107,0.005358782538045226,-13.230471757899764,-1.0000007932831068e-08,38.354010220005065,1e-08,33.27781044433017,screened_water_cap_0.75,equal_site_portfolio,hub_policy_compliant,central,factorial_078,portfolio_mean,central,gentd26_hourly_service_demand.csv,gentd26_aligned_regional_hourly_cef.csv,capacity_scenarios.csv,energy_calibration_bounds.csv,trace_timestamp_anonymized,single_row_default,0.3,20.0,carbon,211.9472222222222,211.94722220222218,2e-08,0.9999999999056368,0.30000000002830896,56.92722900944693,70.30512782658639,33.27959372982531,88.44000477426172,3.1631017447057115,0.0357655085250092,0.0,,,1e-08,True,True,0,688,4.440892098500626e-16,0.0,0.0,0.0,1e-08,0.9475833333333334,0,0.0,554,3,-8.881784197001252e-16,8.881784197001252e-16,148.36305553555553,3.0441666666666665,2.844145833333336,57.69585416666668
spatial_wue_coarse,1.0,4.2174689929409475,4.2174689929409475,1.0000000000000004,-1.7763568394002505e-15,0.0,0.0,-13.23512129906874,-1.0000007932831068e-08,38.354010220005065,1e-08,33.27781044433017,screened_water_cap_1.00,equal_site_portfolio,hub_policy_compliant,central,factorial_078,portfolio_mean,central,gentd26_hourly_service_demand.csv,gentd26_aligned_regional_hourly_cef.csv,capacity_scenarios.csv,energy_calibration_bounds.csv,trace_timestamp_anonymized,single_row_default,0.3,20.0,carbon,211.9472222222222,211.94722220222218,2e-08,0.9999999999056368,0.300000000028309,56.92722900944693,70.30512782658639,33.27781044433017,89.30458591781462,4.217468992940949,0.04722567099546499,0.0,,,1e-08,True,True,0,684,4.440892098500626e-16,0.0,2.9108659926890823e-15,0.0,1e-08,0.9475833333333334,0,-2.9108659926890823e-15,554,3,-1.7763568394002505e-15,1.7763568394002505e-15,148.36305553555553,3.8531666666666693,3.997916666666667,55.73308333333334
spatial_wue_coarse,0.0,0.0,4.2174689929409475,0.0,4.2174689929409475,0.0582254091812473,0.17496766885745085,-13.083310813418725,-1.0000007932831068e-08,38.354010220005065,1e-08,33.27781044433017,screened_water_cap_0.00,equal_site_portfolio,hub_policy_compliant,central,factorial_079,portfolio_mean,central,gentd26_hourly_service_demand.csv,gentd26_aligned_regional_hourly_cef.csv,capacity_scenarios.csv,energy_calibration_bounds.csv,trace_timestamp_anonymized,single_row_default,0.3,20.0,carbon,211.9472222222222,211.94722220222218,2e-08,0.9999999999056368,0.30000000002830896,56.92722900944693,70.30512782658639,33.33603585351142,99.33801462011508,0.0,0.0,0.0,,,1e-08,True,True,0,0,4.440892098500626e-16,0.0,0.0,0.0,1e-08,0.9475833333333334,0,0.0,554,3,0.0,0.0,148.36305553555553,0.0,0.0,63.5841666666667
spatial_wue_coarse,0.25,1.0543672482352369,4.2174689929409475,0.25,3.1631017447057106,0.02847432026741359,0.08556548609184311,-13.160880508851292,-1.0000007932831068e-08,38.354010220005065,1e-08,33.27781044433017,screened_water_cap_0.25,equal_site_portfolio,hub_policy_compliant,central,factorial_079,portfolio_mean,central,gentd26_hourly_service_demand.csv,gentd26_aligned_regional_hourly_cef.csv,capacity_scenarios.csv,energy_calibration_bounds.csv,trace_timestamp_anonymized,single_row_default,0.3,20.0,carbon,211.9472222222222,211.94722220222218,2e-08,0.9999999999056368,0.30000000002830896,56.92722900944693,70.30512782658639,33.306284764597585,99.78612070061506,1.0543672482352369,0.010566271549914436,0.0,,,1e-08,True,True,0,678,4.440892098500626e-16,0.0,0.0,0.0,1e-08,0.9475833333333334,0,0.0,554,3,0.0,0.0,148.36305553555553,0.909104166666667,1.0536666666666663,61.62139583333336
spatial_wue_coarse,0.5,2.1087344964704737,4.2174689929409475,0.5000000000000001,2.1087344964704733,0.009671953295018909,0.029064271855272494,-13.209903718848215,-1.0000007932831068e-08,38.354010220005065,1e-08,33.27781044433017,screened_water_cap_0.50,equal_site_portfolio,hub_policy_compliant,central,factorial_079,portfolio_mean,central,gentd26_hourly_service_demand.csv,gentd26_aligned_regional_hourly_cef.csv,capacity_scenarios.csv,energy_calibration_bounds.csv,trace_timestamp_anonymized,single_row_default,0.3,20.0,carbon,211.9472222222222,211.94722220222218,2e-08,0.9999999999056368,0.30000000002830896,56.92722900944693,70.30512782658639,33.28748239762519,100.23422678111504,2.108734496470474,0.021038068174810097,0.0,,,1e-08,True,True,0,683,4.440892098500626e-16,0.0,0.0,0.0,1e-08,0.9475833333333334,0,0.0,554,3,-4.440892098500626e-16,4.440892098500626e-16,148.36305553555553,2.003625000000001,1.9219166666666663,59.65862500000002
spatial_wue_coarse,0.75,3.1631017447057106,4.2174689929409475,0.7500000000000002,1.054367248235236,0.0017832854951365107,0.005358782538045226,-13.230471757899764,-1.0000007932831068e-08,38.354010220005065,1e-08,33.27781044433017,screened_water_cap_0.75,equal_site_portfolio,hub_policy_compliant,central,factorial_079,portfolio_mean,central,gentd26_hourly_service_demand.csv,gentd26_aligned_regional_hourly_cef.csv,capacity_scenarios.csv,energy_calibration_bounds.csv,trace_timestamp_anonymized,single_row_default,0.3,20.0,carbon,211.9472222222222,211.94722220222218,2e-08,0.9999999999056368,0.30000000002830896,56.92722900944693,70.30512782658639,33.27959372982531,100.68233286161501,3.1631017447057115,0.03141665131114219,0.0,,,1e-08,True,True,0,688,4.440892098500626e-16,0.0,0.0,0.0,1e-08,0.9475833333333334,0,0.0,554,3,-8.881784197001252e-16,8.881784197001252e-16,148.36305553555553,3.0441666666666665,2.844145833333336,57.69585416666668
spatial_wue_coarse,1.0,4.2174689929409475,4.2174689929409475,1.0000000000000004,-1.7763568394002505e-15,0.0,0.0,-13.23512129906874,-1.0000007932831068e-08,38.354010220005065,1e-08,33.27781044433017,screened_water_cap_1.00,equal_site_portfolio,hub_policy_compliant,central,factorial_079,portfolio_mean,central,gentd26_hourly_service_demand.csv,gentd26_aligned_regional_hourly_cef.csv,capacity_scenarios.csv,energy_calibration_bounds.csv,trace_timestamp_anonymized,single_row_default,0.3,20.0,carbon,211.9472222222222,211.94722220222218,2e-08,0.9999999999056368,0.300000000028309,56.92722900944693,70.30512782658639,33.27781044433017,101.13043894211498,4.217468992940949,0.04170326003781061,0.0,,,1e-08,True,True,0,684,4.440892098500626e-16,0.0,2.9108659926890823e-15,0.0,1e-08,0.9475833333333334,0,-2.9108659926890823e-15,554,3,-1.7763568394002505e-15,1.7763568394002505e-15,148.36305553555553,3.8531666666666693,3.997916666666667,55.73308333333334
spatial_wue_coarse,0.0,0.0,4.2174689929409475,0.0,4.2174689929409475,0.0582254091812473,0.17496766885745085,-13.083310813418725,-1.0000007932831068e-08,38.354010220005065,1e-08,33.27781044433017,screened_water_cap_0.00,equal_site_portfolio,hub_policy_compliant,central,factorial_080,portfolio_mean,central,gentd26_hourly_service_demand.csv,gentd26_aligned_regional_hourly_cef.csv,capacity_scenarios.csv,energy_calibration_bounds.csv,trace_timestamp_anonymized,single_row_default,0.3,20.0,carbon,211.9472222222222,211.94722220222218,2e-08,0.9999999999056368,0.30000000002830896,56.92722900944693,70.30512782658639,33.33603585351142,113.85445801889387,0.0,0.0,0.0,,,1e-08,True,True,0,0,4.440892098500626e-16,0.0,0.0,0.0,1e-08,0.9475833333333334,0,0.0,554,3,0.0,0.0,148.36305553555553,0.0,0.0,63.5841666666667
spatial_wue_coarse,0.25,1.0543672482352369,4.2174689929409475,0.25,3.1631017447057106,0.02847432026741359,0.08556548609184311,-13.160880508851292,-1.0000007932831068e-08,38.354010220005065,1e-08,33.27781044433017,screened_water_cap_0.25,equal_site_portfolio,hub_policy_compliant,central,factorial_080,portfolio_mean,central,gentd26_hourly_service_demand.csv,gentd26_aligned_regional_hourly_cef.csv,capacity_scenarios.csv,energy_calibration_bounds.csv,trace_timestamp_anonymized,single_row_default,0.3,20.0,carbon,211.9472222222222,211.94722220222218,2e-08,0.9999999999056368,0.30000000002830896,56.92722900944693,70.30512782658639,33.306284764597585,113.85445801889387,1.0543672482352369,0.009260658445717313,0.0,,,1e-08,True,True,0,678,4.440892098500626e-16,0.0,0.0,0.0,1e-08,0.9475833333333334,0,0.0,554,3,0.0,0.0,148.36305553555553,0.909104166666667,1.0536666666666663,61.62139583333336
spatial_wue_coarse,0.5,2.1087344964704737,4.2174689929409475,0.5000000000000001,2.1087344964704733,0.009671953295018909,0.029064271855272494,-13.209903718848215,-1.0000007932831068e-08,38.354010220005065,1e-08,33.27781044433017,screened_water_cap_0.50,equal_site_portfolio,hub_policy_compliant,central,factorial_080,portfolio_mean,central,gentd26_hourly_service_demand.csv,gentd26_aligned_regional_hourly_cef.csv,capacity_scenarios.csv,energy_calibration_bounds.csv,trace_timestamp_anonymized,single_row_default,0.3,20.0,carbon,211.9472222222222,211.94722220222218,2e-08,0.9999999999056368,0.30000000002830896,56.92722900944693,70.30512782658639,33.28748239762519,113.85445801889387,2.108734496470474,0.018521316891434634,0.0,,,1e-08,True,True,0,683,4.440892098500626e-16,0.0,0.0,0.0,1e-08,0.9475833333333334,0,0.0,554,3,-4.440892098500626e-16,4.440892098500626e-16,148.36305553555553,2.003625000000001,1.9219166666666663,59.65862500000002
spatial_wue_coarse,0.75,3.1631017447057106,4.2174689929409475,0.7500000000000002,1.054367248235236,0.0017832854951365107,0.005358782538045226,-13.230471757899764,-1.0000007932831068e-08,38.354010220005065,1e-08,33.27781044433017,screened_water_cap_0.75,equal_site_portfolio,hub_policy_compliant,central,factorial_080,portfolio_mean,central,gentd26_hourly_service_demand.csv,gentd26_aligned_regional_hourly_cef.csv,capacity_scenarios.csv,energy_calibration_bounds.csv,trace_timestamp_anonymized,single_row_default,0.3,20.0,carbon,211.9472222222222,211.94722220222218,2e-08,0.9999999999056368,0.30000000002830896,56.92722900944693,70.30512782658639,33.27959372982531,113.85445801889387,3.1631017447057115,0.02778197533715195,0.0,,,1e-08,True,True,0,688,4.440892098500626e-16,0.0,0.0,0.0,1e-08,0.9475833333333334,0,0.0,554,3,-8.881784197001252e-16,8.881784197001252e-16,148.36305553555553,3.0441666666666665,2.844145833333336,57.69585416666668
spatial_wue_coarse,1.0,4.2174689929409475,4.2174689929409475,1.0000000000000004,-1.7763568394002505e-15,0.0,0.0,-13.23512129906874,-1.0000007932831068e-08,38.354010220005065,1e-08,33.27781044433017,screened_water_cap_1.00,equal_site_portfolio,hub_policy_compliant,central,factorial_080,portfolio_mean,central,gentd26_hourly_service_demand.csv,gentd26_aligned_regional_hourly_cef.csv,capacity_scenarios.csv,energy_calibration_bounds.csv,trace_timestamp_anonymized,single_row_default,0.3,20.0,carbon,211.9472222222222,211.94722220222218,2e-08,0.9999999999056368,0.300000000028309,56.92722900944693,70.30512782658639,33.27781044433017,113.85445801889387,4.217468992940949,0.037042633782869275,0.0,,,1e-08,True,True,0,684,4.440892098500626e-16,0.0,2.9108659926890823e-15,0.0,1e-08,0.9475833333333334,0,-2.9108659926890823e-15,554,3,-1.7763568394002505e-15,1.7763568394002505e-15,148.36305553555553,3.8531666666666693,3.997916666666667,55.73308333333334
