run_family,cap_fraction_of_carbon_first,high_stress_water_cap_l,carbon_first_high_stress_water_l,achieved_fraction_of_carbon_first_high_stress_water,screened_direct_water_avoided_l_vs_carbon_first,additional_carbon_kgco2e_vs_carbon_first,additional_carbon_pct_vs_carbon_first,carbon_change_pct_vs_status_quo,service_difference_vs_status_quo_accelerator_hours,status_quo_carbon_kgco2e,status_quo_unserved_accelerator_hours,carbon_first_carbon_kgco2e,policy,carbon_mapping,pue_scenario,capacity_scenario,wue_profile,water_risk_mapping,energy_level,demand_filename,carbon_filename,capacity_filename,energy_filename,timestamp_column,energy_workload_class,migration_limit,max_latency_ms,second_stage_objective,demand_accelerator_hours,served_accelerator_hours,unserved_accelerator_hours,service_rate,migration_share,it_energy_kwh,facility_energy_kwh,carbon_kgco2e,direct_water_l,high_stress_direct_water_l,high_stress_water_share,stage_one_optimal_unserved_accelerator_hours,direct_water_cap_l,carbon_cap_kgco2e,fixed_total_unserved_accelerator_hours,solver_stage_one_optimal,solver_stage_two_optimal,solver_stage_one_iterations,solver_stage_two_iterations,max_abs_demand_balance_error,max_capacity_violation,max_migration_violation,ineligible_latency_assignment,service_gap_vs_status_quo_unserved,minimum_capacity_slack,binding_capacity_region_hours,minimum_migration_slack,binding_migration_hours,eligible_destination_count,high_stress_water_cap_slack_l,high_stress_water_cap_violation_l,assigned_east_accelerator_hours,assigned_north_accelerator_hours,assigned_northwest_accelerator_hours,assigned_southwest_accelerator_hours
scenario_coarse,0.0,0.0,9.723666453628567,0.0,9.723666453628567,2.2717672254274746,4.602610268522178,-5.108602429970688e-09,-1.0000007932831068e-08,51.630002944097214,3.7516666766666673,49.35823571603217,screened_water_cap_0.00,conservative_site_selection,uniform_new_build,tight,uniform_google_ai_2024,portfolio_mean,central,gentd26_hourly_service_demand.csv,gentd26_aligned_regional_hourly_cef.csv,capacity_scenarios.csv,energy_calibration_bounds.csv,trace_timestamp_anonymized,single_row_default,0.15,15.0,carbon,211.9472222222222,208.19555553555554,3.7516666866666672,0.9822990523426954,0.0,55.91956311375206,69.8994538921901,51.630002941459644,64.30749758081487,0.0,0.0,0.8814722222222227,,,3.7516666766666673,True,True,0,0,0.0,0.0,0.0,0.0,9.99999993922529e-09,0.0,11,0.0,184,1,0.0,0.0,208.1955555355556,0.0,0.0,0.0
scenario_coarse,0.25,2.430916613407142,9.723666453628567,0.24999999999999994,7.2927498402214255,1.3037614772851072,2.6414264172364366,-1.874889977883698,-1.0000007932831068e-08,51.630002944097214,3.7516666766666673,49.35823571603217,screened_water_cap_0.25,conservative_site_selection,uniform_new_build,tight,uniform_google_ai_2024,portfolio_mean,central,gentd26_hourly_service_demand.csv,gentd26_aligned_regional_hourly_cef.csv,capacity_scenarios.csv,energy_calibration_bounds.csv,trace_timestamp_anonymized,single_row_default,0.15,15.0,carbon,211.9472222222222,208.19555553555554,3.7516666866666672,0.9822990523426954,0.03780144936214043,55.91956311375206,69.8994538921901,50.661997193317276,64.30749758081485,2.4309166134071414,0.03780144936214044,0.8814722222222227,,,3.7516666766666673,True,True,0,374,2.220446049250313e-16,0.0,0.0,0.0,9.99999993922529e-09,0.0,11,0.0,291,1,4.440892098500626e-16,0.0,200.32546178555558,7.870093749999999,0.0,0.0
scenario_coarse,0.5,4.861833226814284,9.723666453628567,0.4999999999999999,4.8618332268142845,0.6124425217926586,1.2408112099390411,-3.213876838374452,-9.999979511121637e-09,51.630002944097214,3.7516666766666673,49.35823571603217,screened_water_cap_0.50,conservative_site_selection,uniform_new_build,tight,uniform_google_ai_2024,portfolio_mean,central,gentd26_hourly_service_demand.csv,gentd26_aligned_regional_hourly_cef.csv,capacity_scenarios.csv,energy_calibration_bounds.csv,trace_timestamp_anonymized,single_row_default,0.15,15.0,carbon,211.9472222222222,208.19555553555557,3.7516666866666672,0.9822990523426955,0.07560289872428085,55.91956311375206,69.89945389219008,49.97067823782483,64.30749758081487,4.861833226814283,0.07560289872428086,0.8814722222222227,,,3.7516666766666673,True,True,0,375,2.220446049250313e-16,0.0,0.0,0.0,9.99999993922529e-09,0.0,11,0.0,360,1,8.881784197001252e-16,0.0,192.4553680355556,15.740187500000001,0.0,0.0
scenario_coarse,0.75,7.2927498402214255,9.723666453628567,0.75,2.430916613407142,0.16372449933558642,0.33170654696315083,-4.082980066865305,-1.0000007932831068e-08,51.630002944097214,3.7516666766666673,49.35823571603217,screened_water_cap_0.75,conservative_site_selection,uniform_new_build,tight,uniform_google_ai_2024,portfolio_mean,central,gentd26_hourly_service_demand.csv,gentd26_aligned_regional_hourly_cef.csv,capacity_scenarios.csv,energy_calibration_bounds.csv,trace_timestamp_anonymized,single_row_default,0.15,15.0,carbon,211.9472222222222,208.19555553555554,3.751666686666668,0.9822990523426954,0.11340434808642132,55.91956311375206,69.89945389219008,49.521960215367756,64.30749758081487,7.2927498402214255,0.1134043480864213,0.8814722222222227,,,3.7516666766666673,True,True,0,377,2.220446049250313e-16,0.0,0.0,0.0,1.000000082740371e-08,0.0,7,0.0,446,1,0.0,0.0,184.58527428555556,23.610281250000018,0.0,0.0
scenario_coarse,1.0,9.723666453628567,9.723666453628567,1.0,0.0,0.0,0.0,-4.400091223168856,-9.999979511121637e-09,51.630002944097214,3.7516666766666673,49.35823571603217,screened_water_cap_1.00,conservative_site_selection,uniform_new_build,tight,uniform_google_ai_2024,portfolio_mean,central,gentd26_hourly_service_demand.csv,gentd26_aligned_regional_hourly_cef.csv,capacity_scenarios.csv,energy_calibration_bounds.csv,trace_timestamp_anonymized,single_row_default,0.15,15.0,carbon,211.9472222222222,208.19555553555557,3.7516666866666672,0.9822990523426955,0.1512057974485617,55.91956311375206,69.89945389219008,49.35823571603217,64.30749758081487,9.723666453628567,0.15120579744856175,0.8814722222222227,,,3.7516666766666673,True,True,0,383,4.440892098500626e-16,0.0,0.0,0.0,9.99999993922529e-09,0.0,3,0.0,539,1,0.0,0.0,176.71518053555562,31.480375000000016,0.0,0.0
scenario_coarse,0.0,0.0,7.496240799820507,0.0,7.496240799820507,1.5979918608075394,3.2683569401870116,-2.2064525947968483,-1.0000007932831068e-08,51.630002944097214,3.7516666766666673,48.89281954363595,screened_water_cap_0.00,conservative_site_selection,uniform_new_build,tight,uniform_google_ai_2024,portfolio_mean,central,gentd26_hourly_service_demand.csv,gentd26_aligned_regional_hourly_cef.csv,capacity_scenarios.csv,energy_calibration_bounds.csv,trace_timestamp_anonymized,single_row_default,0.15,20.0,carbon,211.9472222222222,208.19555553555554,3.7516666866666672,0.9822990523426954,0.13811974320343137,55.91956311375206,69.89945389219008,50.49081140444349,64.30749758081487,0.0,0.0,0.8814722222222227,,,3.7516666766666673,True,True,0,334,4.440892098500626e-16,0.0,0.0,0.0,9.99999993922529e-09,0.0,3,0.0,506,3,0.0,0.0,179.43963886888895,0.0,0.0,28.755916666666668
scenario_coarse,0.25,1.8740601999551267,7.496240799820507,0.25,5.622180599865381,0.9428112780908009,1.928322577611552,-3.4754445478403895,-1.0000036354540498e-08,51.630002944097214,3.7516666766666673,48.89281954363595,screened_water_cap_0.25,conservative_site_selection,uniform_new_build,tight,uniform_google_ai_2024,portfolio_mean,central,gentd26_hourly_service_demand.csv,gentd26_aligned_regional_hourly_cef.csv,capacity_scenarios.csv,energy_calibration_bounds.csv,trace_timestamp_anonymized,single_row_default,0.15,20.0,carbon,211.9472222222222,208.1955555355555,3.7516666866666672,0.9822990523426953,0.14550963038286213,55.91956311375206,69.89945389219008,49.83563082172675,64.30749758081487,1.8740601999551267,0.02914217269300529,0.8814722222222227,,,3.7516666766666673,True,True,0,756,4.440892098500626e-16,0.0,0.0,0.0,9.99999993922529e-09,0.0,3,0.0,530,3,0.0,0.0,177.90109720222222,5.6821875,0.3850833333333332,24.2271875
scenario_coarse,0.5,3.7481203999102535,7.496240799820507,0.5,3.7481203999102535,0.4629094649881651,0.9467841480792938,-4.404946360230866,-9.999979511121637e-09,51.630002944097214,3.7516666766666673,48.89281954363595,screened_water_cap_0.50,conservative_site_selection,uniform_new_build,tight,uniform_google_ai_2024,portfolio_mean,central,gentd26_hourly_service_demand.csv,gentd26_aligned_regional_hourly_cef.csv,capacity_scenarios.csv,energy_calibration_bounds.csv,trace_timestamp_anonymized,single_row_default,0.15,20.0,carbon,211.9472222222222,208.19555553555557,3.7516666866666672,0.9822990523426955,0.1512714408607446,55.91956311375206,69.89945389219008,49.35572900862412,64.30749758081487,3.7481203999102535,0.05828434538601058,0.8814722222222227,,,3.7516666766666673,True,True,0,777,4.440892098500626e-16,0.0,0.0,0.0,9.99999993922529e-09,0.0,3,0.0,540,3,0.0,0.0,176.7015138688889,10.769708333333329,1.3648333333333333,19.35949999999999
scenario_coarse,0.75,5.622180599865381,7.496240799820507,0.7499999999999999,1.8740601999551272,0.13848829350351366,0.2832487363096714,-5.033304200605038,-1.0000036354540498e-08,51.630002944097214,3.7516666766666673,48.89281954363595,screened_water_cap_0.75,conservative_site_selection,uniform_new_build,tight,uniform_google_ai_2024,portfolio_mean,central,gentd26_hourly_service_demand.csv,gentd26_aligned_regional_hourly_cef.csv,capacity_scenarios.csv,energy_calibration_bounds.csv,trace_timestamp_anonymized,single_row_default,0.15,20.0,carbon,211.9472222222222,208.1955555355555,3.7516666866666672,0.9822990523426953,0.15256309507485558,55.91956311375206,69.89945389219008,49.031307837139465,64.30749758081487,5.62218059986538,0.08742651807901586,0.8814722222222227,,,3.7516666766666673,True,True,0,787,4.440892098500626e-16,0.0,0.0,0.0,9.99999993922529e-09,0.0,3,0.0,551,3,8.881784197001252e-16,0.0,176.43259720222224,15.616395833333328,2.585416666666667,13.561145833333326
scenario_coarse,1.0,7.496240799820507,7.496240799820507,0.9999999999999998,1.7763568394002505e-15,0.0,0.0,-5.3015364020509,-9.999979511121637e-09,51.630002944097214,3.7516666766666673,48.89281954363595,screened_water_cap_1.00,conservative_site_selection,uniform_new_build,tight,uniform_google_ai_2024,portfolio_mean,central,gentd26_hourly_service_demand.csv,gentd26_aligned_regional_hourly_cef.csv,capacity_scenarios.csv,energy_calibration_bounds.csv,trace_timestamp_anonymized,single_row_default,0.15,20.0,carbon,211.9472222222222,208.19555553555557,3.7516666866666672,0.9822990523426955,0.1527029875904526,55.91956311375206,69.89945389219008,48.89281954363595,64.30749758081487,7.496240799820505,0.11656869077202113,0.8814722222222227,,,3.7516666766666673,True,True,0,809,4.440892098500626e-16,0.0,0.0,0.0,9.99999993922529e-09,0.0,3,0.0,554,3,1.7763568394002505e-15,0.0,176.40347220222225,19.913791666666672,4.355291666666667,7.523
scenario_coarse,0.0,0.0,7.496240799820507,0.0,7.496240799820507,1.5979918608075394,3.2683569401870116,-2.2064525947968483,-1.0000007932831068e-08,51.630002944097214,3.7516666766666673,48.89281954363595,screened_water_cap_0.00,conservative_site_selection,uniform_new_build,tight,uniform_google_ai_2024,portfolio_mean,central,gentd26_hourly_service_demand.csv,gentd26_aligned_regional_hourly_cef.csv,capacity_scenarios.csv,energy_calibration_bounds.csv,trace_timestamp_anonymized,single_row_default,0.15,35.0,carbon,211.9472222222222,208.19555553555554,3.7516666866666672,0.9822990523426954,0.13811974320343137,55.91956311375206,69.89945389219008,50.49081140444349,64.30749758081487,0.0,0.0,0.8814722222222227,,,3.7516666766666673,True,True,0,334,4.440892098500626e-16,0.0,0.0,0.0,9.99999993922529e-09,0.0,3,0.0,506,3,0.0,0.0,179.43963886888895,0.0,0.0,28.755916666666668
scenario_coarse,0.25,1.8740601999551267,7.496240799820507,0.25,5.622180599865381,0.9428112780908009,1.928322577611552,-3.4754445478403895,-1.0000036354540498e-08,51.630002944097214,3.7516666766666673,48.89281954363595,screened_water_cap_0.25,conservative_site_selection,uniform_new_build,tight,uniform_google_ai_2024,portfolio_mean,central,gentd26_hourly_service_demand.csv,gentd26_aligned_regional_hourly_cef.csv,capacity_scenarios.csv,energy_calibration_bounds.csv,trace_timestamp_anonymized,single_row_default,0.15,35.0,carbon,211.9472222222222,208.1955555355555,3.7516666866666672,0.9822990523426953,0.14550963038286213,55.91956311375206,69.89945389219008,49.83563082172675,64.30749758081487,1.8740601999551267,0.02914217269300529,0.8814722222222227,,,3.7516666766666673,True,True,0,756,4.440892098500626e-16,0.0,0.0,0.0,9.99999993922529e-09,0.0,3,0.0,530,3,0.0,0.0,177.90109720222222,5.6821875,0.3850833333333332,24.2271875
scenario_coarse,0.5,3.7481203999102535,7.496240799820507,0.5,3.7481203999102535,0.4629094649881651,0.9467841480792938,-4.404946360230866,-9.999979511121637e-09,51.630002944097214,3.7516666766666673,48.89281954363595,screened_water_cap_0.50,conservative_site_selection,uniform_new_build,tight,uniform_google_ai_2024,portfolio_mean,central,gentd26_hourly_service_demand.csv,gentd26_aligned_regional_hourly_cef.csv,capacity_scenarios.csv,energy_calibration_bounds.csv,trace_timestamp_anonymized,single_row_default,0.15,35.0,carbon,211.9472222222222,208.19555553555557,3.7516666866666672,0.9822990523426955,0.1512714408607446,55.91956311375206,69.89945389219008,49.35572900862412,64.30749758081487,3.7481203999102535,0.05828434538601058,0.8814722222222227,,,3.7516666766666673,True,True,0,777,4.440892098500626e-16,0.0,0.0,0.0,9.99999993922529e-09,0.0,3,0.0,540,3,0.0,0.0,176.7015138688889,10.769708333333329,1.3648333333333333,19.35949999999999
scenario_coarse,0.75,5.622180599865381,7.496240799820507,0.7499999999999999,1.8740601999551272,0.13848829350351366,0.2832487363096714,-5.033304200605038,-1.0000036354540498e-08,51.630002944097214,3.7516666766666673,48.89281954363595,screened_water_cap_0.75,conservative_site_selection,uniform_new_build,tight,uniform_google_ai_2024,portfolio_mean,central,gentd26_hourly_service_demand.csv,gentd26_aligned_regional_hourly_cef.csv,capacity_scenarios.csv,energy_calibration_bounds.csv,trace_timestamp_anonymized,single_row_default,0.15,35.0,carbon,211.9472222222222,208.1955555355555,3.7516666866666672,0.9822990523426953,0.15256309507485558,55.91956311375206,69.89945389219008,49.031307837139465,64.30749758081487,5.62218059986538,0.08742651807901586,0.8814722222222227,,,3.7516666766666673,True,True,0,787,4.440892098500626e-16,0.0,0.0,0.0,9.99999993922529e-09,0.0,3,0.0,551,3,8.881784197001252e-16,0.0,176.43259720222224,15.616395833333328,2.585416666666667,13.561145833333326
scenario_coarse,1.0,7.496240799820507,7.496240799820507,0.9999999999999998,1.7763568394002505e-15,0.0,0.0,-5.3015364020509,-9.999979511121637e-09,51.630002944097214,3.7516666766666673,48.89281954363595,screened_water_cap_1.00,conservative_site_selection,uniform_new_build,tight,uniform_google_ai_2024,portfolio_mean,central,gentd26_hourly_service_demand.csv,gentd26_aligned_regional_hourly_cef.csv,capacity_scenarios.csv,energy_calibration_bounds.csv,trace_timestamp_anonymized,single_row_default,0.15,35.0,carbon,211.9472222222222,208.19555553555557,3.7516666866666672,0.9822990523426955,0.1527029875904526,55.91956311375206,69.89945389219008,48.89281954363595,64.30749758081487,7.496240799820505,0.11656869077202113,0.8814722222222227,,,3.7516666766666673,True,True,0,809,4.440892098500626e-16,0.0,0.0,0.0,9.99999993922529e-09,0.0,3,0.0,554,3,1.7763568394002505e-15,0.0,176.40347220222225,19.913791666666672,4.355291666666667,7.523
scenario_coarse,0.0,0.0,19.447332907257135,0.0,19.447332907257135,4.523563279108096,9.60285538778134,-5.108602429970688e-09,-1.0000007932831068e-08,51.630002944097214,3.7516666766666673,47.10643966235155,screened_water_cap_0.00,conservative_site_selection,uniform_new_build,tight,uniform_google_ai_2024,portfolio_mean,central,gentd26_hourly_service_demand.csv,gentd26_aligned_regional_hourly_cef.csv,capacity_scenarios.csv,energy_calibration_bounds.csv,trace_timestamp_anonymized,single_row_default,0.3,15.0,carbon,211.9472222222222,208.19555553555554,3.7516666866666672,0.9822990523426954,0.0,55.91956311375206,69.8994538921901,51.630002941459644,64.30749758081487,0.0,0.0,0.0,,,3.7516666766666673,True,True,0,0,0.0,0.0,0.0,0.0,9.99999993922529e-09,0.0,11,0.0,184,1,0.0,0.0,208.1955555355556,0.0,0.0,0.0
scenario_coarse,0.25,4.861833226814284,19.447332907257135,0.24999999999999994,14.585499680442851,2.5875517828233683,5.492989496489997,-3.7497799506587826,-1.0000007932831068e-08,51.630002944097214,3.7516666766666673,47.10643966235155,screened_water_cap_0.25,conservative_site_selection,uniform_new_build,tight,uniform_google_ai_2024,portfolio_mean,central,gentd26_hourly_service_demand.csv,gentd26_aligned_regional_hourly_cef.csv,capacity_scenarios.csv,energy_calibration_bounds.csv,trace_timestamp_anonymized,single_row_default,0.3,15.0,carbon,211.9472222222222,208.19555553555554,3.7516666866666672,0.9822990523426954,0.07560289872428086,55.91956311375206,69.8994538921901,49.693991445174916,64.30749758081487,4.861833226814283,0.07560289872428086,0.0,,,3.7516666766666673,True,True,0,384,2.220446049250313e-16,0.0,0.0,0.0,9.99999993922529e-09,0.0,11,0.0,291,1,8.881784197001252e-16,0.0,192.45536803555558,15.740187499999998,0.0,0.0
scenario_coarse,0.5,9.723666453628567,19.447332907257135,0.5,9.723666453628567,1.2060212005387854,2.5602045265642692,-6.425608932850491,-1.0000036354540498e-08,51.630002944097214,3.7516666766666673,47.10643966235155,screened_water_cap_0.50,conservative_site_selection,uniform_new_build,tight,uniform_google_ai_2024,portfolio_mean,central,gentd26_hourly_service_demand.csv,gentd26_aligned_regional_hourly_cef.csv,capacity_scenarios.csv,energy_calibration_bounds.csv,trace_timestamp_anonymized,single_row_default,0.3,15.0,carbon,211.9472222222222,208.1955555355555,3.7516666866666672,0.9822990523426953,0.15120579744856177,55.919563113752076,69.8994538921901,48.31246086289033,64.30749758081487,9.723666453628567,0.15120579744856175,0.0,,,3.7516666766666673,True,True,0,387,2.220446049250313e-16,0.0,0.0,0.0,9.99999993922529e-09,0.0,11,0.0,361,1,0.0,0.0,176.71518053555556,31.48037500000001,0.0,0.0
scenario_coarse,0.75,14.585499680442851,19.447332907257135,0.75,4.861833226814284,0.31965625792521024,0.6785829288233902,-8.14237223339357,-9.999979511121637e-09,51.630002944097214,3.7516666766666673,47.10643966235155,screened_water_cap_0.75,conservative_site_selection,uniform_new_build,tight,uniform_google_ai_2024,portfolio_mean,central,gentd26_hourly_service_demand.csv,gentd26_aligned_regional_hourly_cef.csv,capacity_scenarios.csv,energy_calibration_bounds.csv,trace_timestamp_anonymized,single_row_default,0.3,15.0,carbon,211.9472222222222,208.19555553555557,3.751666686666667,0.9822990523426955,0.22680869617284258,55.91956311375206,69.89945389219008,47.42609592027676,64.30749758081487,14.585499680442851,0.2268086961728426,0.0,,,3.7516666766666673,True,True,0,391,4.440892098500626e-16,0.0,0.0,0.0,9.99999949513608e-09,0.0,6,0.0,445,1,0.0,0.0,160.97499303555549,47.22056250000004,0.0,0.0
scenario_coarse,1.0,19.447332907257135,19.447332907257135,1.0,0.0,0.0,0.0,-8.761501111366565,-1.0000036354540498e-08,51.630002944097214,3.7516666766666673,47.10643966235155,screened_water_cap_1.00,conservative_site_selection,uniform_new_build,tight,uniform_google_ai_2024,portfolio_mean,central,gentd26_hourly_service_demand.csv,gentd26_aligned_regional_hourly_cef.csv,capacity_scenarios.csv,energy_calibration_bounds.csv,trace_timestamp_anonymized,single_row_default,0.3,15.0,carbon,211.9472222222222,208.1955555355555,3.7516666866666672,0.9822990523426953,0.3024115948971235,55.91956311375206,69.89945389219008,47.10643966235155,64.30749758081487,19.447332907257135,0.3024115948971235,0.0,,,3.7516666766666673,True,True,0,400,4.440892098500626e-16,0.0,0.0,0.0,9.99999993922529e-09,0.04436111111111085,0,0.0,539,1,0.0,0.0,145.23480553555552,62.96075000000003,0.0,0.0
scenario_coarse,0.0,0.0,14.992481599641014,0.0,14.992481599641014,3.1959837216151,6.921368028005914,-4.3742238546225165,-1.0000007932831068e-08,51.630002944097214,3.7516666766666673,46.175607317559106,screened_water_cap_0.00,conservative_site_selection,uniform_new_build,tight,uniform_google_ai_2024,portfolio_mean,central,gentd26_hourly_service_demand.csv,gentd26_aligned_regional_hourly_cef.csv,capacity_scenarios.csv,energy_calibration_bounds.csv,trace_timestamp_anonymized,single_row_default,0.3,20.0,carbon,211.9472222222222,208.19555553555554,3.7516666866666672,0.9822990523426954,0.27623948640686274,55.91956311375206,69.89945389219008,49.371591039174206,64.30749758081487,0.0,0.0,0.0,,,3.7516666766666673,True,True,0,342,4.440892098500626e-16,0.0,0.0,0.0,9.99999993922529e-09,0.04436111111111085,0,0.0,506,3,0.0,0.0,150.68372220222219,0.0,0.0,57.511833333333335
scenario_coarse,0.25,3.7481203999102535,14.992481599641014,0.25,11.244361199730761,1.8856225561816373,4.0835901587906065,-6.912207760709577,-9.999979511121637e-09,51.630002944097214,3.7516666766666673,46.175607317559106,screened_water_cap_0.25,conservative_site_selection,uniform_new_build,tight,uniform_google_ai_2024,portfolio_mean,central,gentd26_hourly_service_demand.csv,gentd26_aligned_regional_hourly_cef.csv,capacity_scenarios.csv,energy_calibration_bounds.csv,trace_timestamp_anonymized,single_row_default,0.3,20.0,carbon,211.9472222222222,208.19555553555557,3.7516666866666672,0.9822990523426955,0.2910192607657242,55.91956311375206,69.89945389219008,48.06122987374074,64.30749758081487,3.7481203999102535,0.05828434538601058,0.0,,,3.7516666766666673,True,True,0,751,4.440892098500626e-16,0.0,0.0,0.0,9.99999993922529e-09,0.04436111111111085,0,0.0,530,3,0.0,0.0,147.60663886888884,11.364375,0.7701666666666664,48.454375
scenario_coarse,0.5,7.496240799820507,14.992481599641014,0.5,7.496240799820507,0.9258189299763373,2.004995675767285,-8.771211385490574,-1.0000007932831068e-08,51.630002944097214,3.7516666766666673,46.175607317559106,screened_water_cap_0.50,conservative_site_selection,uniform_new_build,tight,uniform_google_ai_2024,portfolio_mean,central,gentd26_hourly_service_demand.csv,gentd26_aligned_regional_hourly_cef.csv,capacity_scenarios.csv,energy_calibration_bounds.csv,trace_timestamp_anonymized,single_row_default,0.3,20.0,carbon,211.9472222222222,208.19555553555554,3.7516666866666672,0.9822990523426954,0.30254288172148924,55.91956311375206,69.89945389219008,47.10142624753544,64.30749758081487,7.496240799820507,0.11656869077202116,0.0,,,3.7516666766666673,True,True,0,763,4.440892098500626e-16,0.0,0.0,0.0,9.99999993922529e-09,0.04436111111111085,0,0.0,540,3,0.0,0.0,145.2074722022222,21.539416666666657,2.7296666666666667,38.71899999999998
scenario_coarse,0.75,11.244361199730761,14.992481599641014,0.7499999999999999,3.7481203999102544,0.2769765870070273,0.5998331220685493,-10.027927066238929,-1.0000007932831068e-08,51.630002944097214,3.7516666766666673,46.175607317559106,screened_water_cap_0.75,conservative_site_selection,uniform_new_build,tight,uniform_google_ai_2024,portfolio_mean,central,gentd26_hourly_service_demand.csv,gentd26_aligned_regional_hourly_cef.csv,capacity_scenarios.csv,energy_calibration_bounds.csv,trace_timestamp_anonymized,single_row_default,0.3,20.0,carbon,211.9472222222222,208.19555553555554,3.7516666866666672,0.9822990523426954,0.3051261901497111,55.91956311375206,69.89945389219008,46.45258390456613,64.30749758081487,11.24436119973076,0.17485303615803172,0.0,,,3.7516666766666673,True,True,0,769,4.440892098500626e-16,0.0,0.0,0.0,9.99999993922529e-09,0.04436111111111085,0,0.0,551,3,1.7763568394002505e-15,0.0,144.66963886888885,31.232791666666657,5.170833333333334,27.12229166666665
scenario_coarse,1.0,14.992481599641014,14.992481599641014,0.9999999999999998,3.552713678800501e-15,0.0,0.0,-10.564391469130651,-1.0000036354540498e-08,51.630002944097214,3.7516666766666673,46.175607317559106,screened_water_cap_1.00,conservative_site_selection,uniform_new_build,tight,uniform_google_ai_2024,portfolio_mean,central,gentd26_hourly_service_demand.csv,gentd26_aligned_regional_hourly_cef.csv,capacity_scenarios.csv,energy_calibration_bounds.csv,trace_timestamp_anonymized,single_row_default,0.3,20.0,carbon,211.9472222222222,208.1955555355555,3.7516666866666672,0.9822990523426953,0.3054059751809053,55.91956311375206,69.89945389219008,46.175607317559106,64.30749758081487,14.99248159964101,0.23313738154404226,0.0,,,3.7516666766666673,True,True,0,783,4.440892098500626e-16,0.0,0.0,0.0,9.99999993922529e-09,0.04436111111111085,0,0.0,554,3,3.552713678800501e-15,0.0,144.61138886888887,39.827583333333344,8.710583333333334,15.046
scenario_coarse,0.0,0.0,14.992481599641014,0.0,14.992481599641014,3.1959837216151,6.921368028005914,-4.3742238546225165,-1.0000007932831068e-08,51.630002944097214,3.7516666766666673,46.175607317559106,screened_water_cap_0.00,conservative_site_selection,uniform_new_build,tight,uniform_google_ai_2024,portfolio_mean,central,gentd26_hourly_service_demand.csv,gentd26_aligned_regional_hourly_cef.csv,capacity_scenarios.csv,energy_calibration_bounds.csv,trace_timestamp_anonymized,single_row_default,0.3,35.0,carbon,211.9472222222222,208.19555553555554,3.7516666866666672,0.9822990523426954,0.27623948640686274,55.91956311375206,69.89945389219008,49.371591039174206,64.30749758081487,0.0,0.0,0.0,,,3.7516666766666673,True,True,0,342,4.440892098500626e-16,0.0,0.0,0.0,9.99999993922529e-09,0.04436111111111085,0,0.0,506,3,0.0,0.0,150.68372220222219,0.0,0.0,57.511833333333335
scenario_coarse,0.25,3.7481203999102535,14.992481599641014,0.25,11.244361199730761,1.8856225561816373,4.0835901587906065,-6.912207760709577,-9.999979511121637e-09,51.630002944097214,3.7516666766666673,46.175607317559106,screened_water_cap_0.25,conservative_site_selection,uniform_new_build,tight,uniform_google_ai_2024,portfolio_mean,central,gentd26_hourly_service_demand.csv,gentd26_aligned_regional_hourly_cef.csv,capacity_scenarios.csv,energy_calibration_bounds.csv,trace_timestamp_anonymized,single_row_default,0.3,35.0,carbon,211.9472222222222,208.19555553555557,3.7516666866666672,0.9822990523426955,0.2910192607657242,55.91956311375206,69.89945389219008,48.06122987374074,64.30749758081487,3.7481203999102535,0.05828434538601058,0.0,,,3.7516666766666673,True,True,0,751,4.440892098500626e-16,0.0,0.0,0.0,9.99999993922529e-09,0.04436111111111085,0,0.0,530,3,0.0,0.0,147.60663886888884,11.364375,0.7701666666666664,48.454375
scenario_coarse,0.5,7.496240799820507,14.992481599641014,0.5,7.496240799820507,0.9258189299763373,2.004995675767285,-8.771211385490574,-1.0000007932831068e-08,51.630002944097214,3.7516666766666673,46.175607317559106,screened_water_cap_0.50,conservative_site_selection,uniform_new_build,tight,uniform_google_ai_2024,portfolio_mean,central,gentd26_hourly_service_demand.csv,gentd26_aligned_regional_hourly_cef.csv,capacity_scenarios.csv,energy_calibration_bounds.csv,trace_timestamp_anonymized,single_row_default,0.3,35.0,carbon,211.9472222222222,208.19555553555554,3.7516666866666672,0.9822990523426954,0.30254288172148924,55.91956311375206,69.89945389219008,47.10142624753544,64.30749758081487,7.496240799820507,0.11656869077202116,0.0,,,3.7516666766666673,True,True,0,763,4.440892098500626e-16,0.0,0.0,0.0,9.99999993922529e-09,0.04436111111111085,0,0.0,540,3,0.0,0.0,145.2074722022222,21.539416666666657,2.7296666666666667,38.71899999999998
scenario_coarse,0.75,11.244361199730761,14.992481599641014,0.7499999999999999,3.7481203999102544,0.2769765870070273,0.5998331220685493,-10.027927066238929,-1.0000007932831068e-08,51.630002944097214,3.7516666766666673,46.175607317559106,screened_water_cap_0.75,conservative_site_selection,uniform_new_build,tight,uniform_google_ai_2024,portfolio_mean,central,gentd26_hourly_service_demand.csv,gentd26_aligned_regional_hourly_cef.csv,capacity_scenarios.csv,energy_calibration_bounds.csv,trace_timestamp_anonymized,single_row_default,0.3,35.0,carbon,211.9472222222222,208.19555553555554,3.7516666866666672,0.9822990523426954,0.3051261901497111,55.91956311375206,69.89945389219008,46.45258390456613,64.30749758081487,11.24436119973076,0.17485303615803172,0.0,,,3.7516666766666673,True,True,0,769,4.440892098500626e-16,0.0,0.0,0.0,9.99999993922529e-09,0.04436111111111085,0,0.0,551,3,1.7763568394002505e-15,0.0,144.66963886888885,31.232791666666657,5.170833333333334,27.12229166666665
scenario_coarse,1.0,14.992481599641014,14.992481599641014,0.9999999999999998,3.552713678800501e-15,0.0,0.0,-10.564391469130651,-1.0000036354540498e-08,51.630002944097214,3.7516666766666673,46.175607317559106,screened_water_cap_1.00,conservative_site_selection,uniform_new_build,tight,uniform_google_ai_2024,portfolio_mean,central,gentd26_hourly_service_demand.csv,gentd26_aligned_regional_hourly_cef.csv,capacity_scenarios.csv,energy_calibration_bounds.csv,trace_timestamp_anonymized,single_row_default,0.3,35.0,carbon,211.9472222222222,208.1955555355555,3.7516666866666672,0.9822990523426953,0.3054059751809053,55.91956311375206,69.89945389219008,46.175607317559106,64.30749758081487,14.99248159964101,0.23313738154404226,0.0,,,3.7516666766666673,True,True,0,783,4.440892098500626e-16,0.0,0.0,0.0,9.99999993922529e-09,0.04436111111111085,0,0.0,554,3,3.552713678800501e-15,0.0,144.61138886888887,39.827583333333344,8.710583333333334,15.046
scenario_coarse,0.0,0.0,32.27931719969362,0.0,32.27931719969362,7.499160142549236,16.993013654238197,-5.108602429970688e-09,-1.0000007932831068e-08,51.630002944097214,3.7516666766666673,44.13084279891041,screened_water_cap_0.00,conservative_site_selection,uniform_new_build,tight,uniform_google_ai_2024,portfolio_mean,central,gentd26_hourly_service_demand.csv,gentd26_aligned_regional_hourly_cef.csv,capacity_scenarios.csv,energy_calibration_bounds.csv,trace_timestamp_anonymized,single_row_default,0.5,15.0,carbon,211.9472222222222,208.19555553555554,3.7516666866666672,0.9822990523426954,0.0,55.91956311375206,69.8994538921901,51.630002941459644,64.30749758081487,0.0,0.0,0.0,,,3.7516666766666673,True,True,0,0,0.0,0.0,0.0,0.0,9.99999993922529e-09,0.0,11,0.0,184,1,0.0,0.0,208.1955555355556,0.0,0.0,0.0
scenario_coarse,0.25,8.069829299923406,32.27931719969362,0.2499999999999999,24.20948789977022,4.283233063958143,9.70575858583851,-6.228795076209337,-1.0000007932831068e-08,51.630002944097214,3.7516666766666673,44.13084279891041,screened_water_cap_0.25,conservative_site_selection,uniform_new_build,tight,uniform_google_ai_2024,portfolio_mean,central,gentd26_hourly_service_demand.csv,gentd26_aligned_regional_hourly_cef.csv,capacity_scenarios.csv,energy_calibration_bounds.csv,trace_timestamp_anonymized,single_row_default,0.5,15.0,carbon,211.9472222222222,208.19555553555554,3.7516666866666672,0.9822990523426954,0.12548815617933343,55.91956311375206,69.89945389219008,48.41407586286855,64.30749758081487,8.069829299923402,0.12548815617933343,0.0,,,3.7516666766666673,True,True,0,401,0.0,0.0,0.0,0.0,9.99999993922529e-09,0.0,11,0.0,291,1,3.552713678800501e-15,0.0,182.06947914666674,26.126076388888876,0.0,0.0
scenario_coarse,0.5,16.13965859984681,32.27931719969362,0.5,16.13965859984681,1.9878398067307614,4.504422940184227,-10.674646570180268,-1.0000007932831068e-08,51.630002944097214,3.7516666766666673,44.13084279891041,screened_water_cap_0.50,conservative_site_selection,uniform_new_build,tight,uniform_google_ai_2024,portfolio_mean,central,gentd26_hourly_service_demand.csv,gentd26_aligned_regional_hourly_cef.csv,capacity_scenarios.csv,energy_calibration_bounds.csv,trace_timestamp_anonymized,single_row_default,0.5,15.0,carbon,211.9472222222222,208.19555553555554,3.7516666866666672,0.9822990523426954,0.25097631235866696,55.91956311375207,69.89945389219008,46.11868260564117,64.30749758081487,16.13965859984681,0.25097631235866696,0.0,,,3.7516666766666673,True,True,0,413,0.0,0.0,0.0,0.0,9.99999993922529e-09,0.0,10,0.0,364,1,0.0,0.0,155.94340275777787,52.252152777777795,0.0,0.0
scenario_coarse,0.75,24.209487899770217,32.27931719969362,0.7500000000000003,8.069829299923395,0.517789833482766,1.1733060160263875,-13.521925069931084,-1.0000007932831068e-08,51.630002944097214,3.7516666766666673,44.13084279891041,screened_water_cap_0.75,conservative_site_selection,uniform_new_build,tight,uniform_google_ai_2024,portfolio_mean,central,gentd26_hourly_service_demand.csv,gentd26_aligned_regional_hourly_cef.csv,capacity_scenarios.csv,energy_calibration_bounds.csv,trace_timestamp_anonymized,single_row_default,0.5,15.0,carbon,211.9472222222222,208.19555553555554,3.7516666866666677,0.9822990523426954,0.37646446853800064,55.91956311375206,69.89945389219008,44.64863263239317,64.30749758081487,24.209487899770227,0.3764644685380006,0.0,,,3.7516666766666673,True,True,0,408,0.0,0.0,0.0,0.0,1.00000003833145e-08,0.0,7,0.0,448,1,-1.0658141036401503e-14,1.0658141036401503e-14,129.8173263688888,78.37822916666677,0.0,0.0
scenario_coarse,1.0,32.27931719969362,32.27931719969362,1.0,0.0,0.0,0.0,-14.524810609262563,-1.0000007932831068e-08,51.630002944097214,3.7516666766666673,44.13084279891041,screened_water_cap_1.00,conservative_site_selection,uniform_new_build,tight,uniform_google_ai_2024,portfolio_mean,central,gentd26_hourly_service_demand.csv,gentd26_aligned_regional_hourly_cef.csv,capacity_scenarios.csv,energy_calibration_bounds.csv,trace_timestamp_anonymized,single_row_default,0.5,15.0,carbon,211.9472222222222,208.19555553555554,3.7516666866666677,0.9822990523426954,0.5019526247173338,55.91956311375206,69.8994538921901,44.13084279891041,64.30749758081487,32.27931719969362,0.5019526247173339,0.0,,,3.7516666766666673,True,True,0,418,0.0,0.0,0.0,0.0,1.00000003833145e-08,0.0,3,0.0,536,1,0.0,0.0,103.69124998000001,104.50430555555556,0.0,0.0
scenario_coarse,0.0,0.0,25.09695022532666,0.0,25.09695022532666,5.33350950586793,12.526680654601918,-7.203750103173812,-9.999979511121637e-09,51.630002944097214,3.7516666766666673,42.57719704787524,screened_water_cap_0.00,conservative_site_selection,uniform_new_build,tight,uniform_google_ai_2024,portfolio_mean,central,gentd26_hourly_service_demand.csv,gentd26_aligned_regional_hourly_cef.csv,capacity_scenarios.csv,energy_calibration_bounds.csv,trace_timestamp_anonymized,single_row_default,0.5,20.0,carbon,211.9472222222222,208.19555553555557,3.7516666866666677,0.9822990523426955,0.4583324439002326,55.91956311375206,69.8994538921901,47.91070655374317,64.30749758081487,0.0,0.0,0.0,,,3.7516666766666673,True,True,0,345,0.0,0.0,0.0,0.0,1.00000003833145e-08,0.0,3,0.0,503,3,0.0,0.0,112.77277775777779,0.0,0.0,95.42277777777778
scenario_coarse,0.25,6.274237556331665,25.09695022532666,0.24999999999999992,18.822712668994996,3.141845117130451,7.379173207662437,-11.448693476720628,-9.999979511121637e-09,51.630002944097214,3.7516666766666673,42.57719704787524,screened_water_cap_0.25,conservative_site_selection,uniform_new_build,tight,uniform_google_ai_2024,portfolio_mean,central,gentd26_hourly_service_demand.csv,gentd26_aligned_regional_hourly_cef.csv,capacity_scenarios.csv,energy_calibration_bounds.csv,trace_timestamp_anonymized,single_row_default,0.5,20.0,carbon,211.9472222222222,208.19555553555557,3.7516666866666677,0.9822990523426955,0.4829654011650018,55.91956311375206,69.8994538921901,45.71904216500569,64.30749758081487,6.274237556331663,0.09756619044998391,0.0,,,3.7516666766666673,True,True,0,753,2.220446049250313e-16,0.0,0.0,0.0,1.00000003833145e-08,0.0,3,0.0,527,3,1.7763568394002505e-15,0.0,107.64430553555557,19.0292361111111,1.283611111111111,80.23840277777781
scenario_coarse,0.5,12.54847511266333,25.09695022532666,0.5000000000000001,12.548475112663327,1.5379208546491512,3.612076325550184,-14.555267505426306,-9.999979511121637e-09,51.630002944097214,3.7516666766666673,42.57719704787524,screened_water_cap_0.50,conservative_site_selection,uniform_new_build,tight,uniform_google_ai_2024,portfolio_mean,central,gentd26_hourly_service_demand.csv,gentd26_aligned_regional_hourly_cef.csv,capacity_scenarios.csv,energy_calibration_bounds.csv,trace_timestamp_anonymized,single_row_default,0.5,20.0,carbon,211.9472222222222,208.19555553555557,3.7516666866666677,0.9822990523426955,0.5028598913897803,55.91956311375206,69.89945389219008,44.11511790252439,64.30749758081487,12.548475112663331,0.1951323808999679,0.0,,,3.7516666766666673,True,True,0,760,0.0,0.0,0.0,0.0,1.00000003833145e-08,0.0,3,0.0,539,3,-1.7763568394002505e-15,1.7763568394002505e-15,103.50236109111113,36.04680555555556,4.578888888888888,64.06749999999997
scenario_coarse,0.75,18.822712668994996,25.09695022532666,0.7500000000000001,6.274237556331663,0.46005305047349765,1.0805151169444027,-16.642944713856302,-9.999979511121637e-09,51.630002944097214,3.7516666766666673,42.57719704787524,screened_water_cap_0.75,conservative_site_selection,uniform_new_build,tight,uniform_google_ai_2024,portfolio_mean,central,gentd26_hourly_service_demand.csv,gentd26_aligned_regional_hourly_cef.csv,capacity_scenarios.csv,energy_calibration_bounds.csv,trace_timestamp_anonymized,single_row_default,0.5,20.0,carbon,211.9472222222222,208.19555553555557,3.7516666866666677,0.9822990523426955,0.5069525980335002,55.91956311375206,69.89945389219008,43.037250098348736,64.30749758081487,18.822712668994996,0.2926985713499518,0.0,,,3.7516666766666673,True,True,0,776,4.440892098500626e-16,0.0,0.0,0.0,1.00000003833145e-08,0.0,3,0.0,550,3,0.0,0.0,102.6502777577778,52.22145833333334,8.717083333333331,44.6067361111111
scenario_coarse,1.0,25.09695022532666,25.09695022532666,1.0000000000000007,-1.4210854715202004e-14,0.0,0.0,-17.534002285500495,-9.999979511121637e-09,51.630002944097214,3.7516666766666673,42.57719704787524,screened_water_cap_1.00,conservative_site_selection,uniform_new_build,tight,uniform_google_ai_2024,portfolio_mean,central,gentd26_hourly_service_demand.csv,gentd26_aligned_regional_hourly_cef.csv,capacity_scenarios.csv,energy_calibration_bounds.csv,trace_timestamp_anonymized,single_row_default,0.5,20.0,carbon,211.9472222222222,208.19555553555557,3.7516666866666677,0.9822990523426955,0.509009958634842,55.91956311375206,69.89945389219008,42.57719704787524,64.30749758081487,25.096950225326673,0.39026476179993597,0.0,,,3.7516666766666673,True,True,0,774,4.440892098500626e-16,0.0,0.0,0.0,1.00000003833145e-08,0.0,3,0.0,554,3,-1.4210854715202004e-14,1.4210854715202004e-14,102.22194442444446,66.65791666666676,14.593472222222225,24.72222222222218
scenario_coarse,0.0,0.0,25.09695022532666,0.0,25.09695022532666,5.33350950586793,12.526680654601918,-7.203750103173812,-9.999979511121637e-09,51.630002944097214,3.7516666766666673,42.57719704787524,screened_water_cap_0.00,conservative_site_selection,uniform_new_build,tight,uniform_google_ai_2024,portfolio_mean,central,gentd26_hourly_service_demand.csv,gentd26_aligned_regional_hourly_cef.csv,capacity_scenarios.csv,energy_calibration_bounds.csv,trace_timestamp_anonymized,single_row_default,0.5,35.0,carbon,211.9472222222222,208.19555553555557,3.7516666866666677,0.9822990523426955,0.4583324439002326,55.91956311375206,69.8994538921901,47.91070655374317,64.30749758081487,0.0,0.0,0.0,,,3.7516666766666673,True,True,0,345,0.0,0.0,0.0,0.0,1.00000003833145e-08,0.0,3,0.0,503,3,0.0,0.0,112.77277775777779,0.0,0.0,95.42277777777778
scenario_coarse,0.25,6.274237556331665,25.09695022532666,0.24999999999999992,18.822712668994996,3.141845117130451,7.379173207662437,-11.448693476720628,-9.999979511121637e-09,51.630002944097214,3.7516666766666673,42.57719704787524,screened_water_cap_0.25,conservative_site_selection,uniform_new_build,tight,uniform_google_ai_2024,portfolio_mean,central,gentd26_hourly_service_demand.csv,gentd26_aligned_regional_hourly_cef.csv,capacity_scenarios.csv,energy_calibration_bounds.csv,trace_timestamp_anonymized,single_row_default,0.5,35.0,carbon,211.9472222222222,208.19555553555557,3.7516666866666677,0.9822990523426955,0.4829654011650018,55.91956311375206,69.8994538921901,45.71904216500569,64.30749758081487,6.274237556331663,0.09756619044998391,0.0,,,3.7516666766666673,True,True,0,753,2.220446049250313e-16,0.0,0.0,0.0,1.00000003833145e-08,0.0,3,0.0,527,3,1.7763568394002505e-15,0.0,107.64430553555557,19.0292361111111,1.283611111111111,80.23840277777781
scenario_coarse,0.5,12.54847511266333,25.09695022532666,0.5000000000000001,12.548475112663327,1.5379208546491512,3.612076325550184,-14.555267505426306,-9.999979511121637e-09,51.630002944097214,3.7516666766666673,42.57719704787524,screened_water_cap_0.50,conservative_site_selection,uniform_new_build,tight,uniform_google_ai_2024,portfolio_mean,central,gentd26_hourly_service_demand.csv,gentd26_aligned_regional_hourly_cef.csv,capacity_scenarios.csv,energy_calibration_bounds.csv,trace_timestamp_anonymized,single_row_default,0.5,35.0,carbon,211.9472222222222,208.19555553555557,3.7516666866666677,0.9822990523426955,0.5028598913897803,55.91956311375206,69.89945389219008,44.11511790252439,64.30749758081487,12.548475112663331,0.1951323808999679,0.0,,,3.7516666766666673,True,True,0,760,0.0,0.0,0.0,0.0,1.00000003833145e-08,0.0,3,0.0,539,3,-1.7763568394002505e-15,1.7763568394002505e-15,103.50236109111113,36.04680555555556,4.578888888888888,64.06749999999997
scenario_coarse,0.75,18.822712668994996,25.09695022532666,0.7500000000000001,6.274237556331663,0.46005305047349765,1.0805151169444027,-16.642944713856302,-9.999979511121637e-09,51.630002944097214,3.7516666766666673,42.57719704787524,screened_water_cap_0.75,conservative_site_selection,uniform_new_build,tight,uniform_google_ai_2024,portfolio_mean,central,gentd26_hourly_service_demand.csv,gentd26_aligned_regional_hourly_cef.csv,capacity_scenarios.csv,energy_calibration_bounds.csv,trace_timestamp_anonymized,single_row_default,0.5,35.0,carbon,211.9472222222222,208.19555553555557,3.7516666866666677,0.9822990523426955,0.5069525980335002,55.91956311375206,69.89945389219008,43.037250098348736,64.30749758081487,18.822712668994996,0.2926985713499518,0.0,,,3.7516666766666673,True,True,0,776,4.440892098500626e-16,0.0,0.0,0.0,1.00000003833145e-08,0.0,3,0.0,550,3,0.0,0.0,102.6502777577778,52.22145833333334,8.717083333333331,44.6067361111111
scenario_coarse,1.0,25.09695022532666,25.09695022532666,1.0000000000000007,-1.4210854715202004e-14,0.0,0.0,-17.534002285500495,-9.999979511121637e-09,51.630002944097214,3.7516666766666673,42.57719704787524,screened_water_cap_1.00,conservative_site_selection,uniform_new_build,tight,uniform_google_ai_2024,portfolio_mean,central,gentd26_hourly_service_demand.csv,gentd26_aligned_regional_hourly_cef.csv,capacity_scenarios.csv,energy_calibration_bounds.csv,trace_timestamp_anonymized,single_row_default,0.5,35.0,carbon,211.9472222222222,208.19555553555557,3.7516666866666677,0.9822990523426955,0.509009958634842,55.91956311375206,69.89945389219008,42.57719704787524,64.30749758081487,25.096950225326673,0.39026476179993597,0.0,,,3.7516666766666673,True,True,0,774,4.440892098500626e-16,0.0,0.0,0.0,1.00000003833145e-08,0.0,3,0.0,554,3,-1.4210854715202004e-14,1.4210854715202004e-14,102.22194442444446,66.65791666666676,14.593472222222225,24.72222222222218
scenario_coarse,0.0,0.0,9.723666453628567,0.0,9.723666453628567,2.242077952761946,4.455143401975925,-5.017464221879209e-09,-1.0000007932831068e-08,52.56768479821294,1e-08,50.32560684281343,screened_water_cap_0.00,conservative_site_selection,uniform_new_build,central,uniform_google_ai_2024,portfolio_mean,central,gentd26_hourly_service_demand.csv,gentd26_aligned_regional_hourly_cef.csv,capacity_scenarios.csv,energy_calibration_bounds.csv,trace_timestamp_anonymized,single_row_default,0.15,15.0,carbon,211.9472222222222,211.94722220222218,2e-08,0.9999999999056368,0.0,56.92722900944693,71.15903626180867,52.567684795575374,65.46631336086396,0.0,0.0,0.0,,,1e-08,True,True,0,0,0.0,0.0,0.0,0.0,1e-08,0.4919444444444445,0,0.0,184,1,0.0,0.0,211.94722220222224,0.0,0.0,0.0
scenario_coarse,0.25,2.430916613407142,9.723666453628567,0.24999999999999994,7.2927498402214255,1.2740722046195785,2.5316579064789124,-1.841446421876347,-9.999979511121637e-09,52.56768479821294,1e-08,50.32560684281343,screened_water_cap_0.25,conservative_site_selection,uniform_new_build,central,uniform_google_ai_2024,portfolio_mean,central,gentd26_hourly_service_demand.csv,gentd26_aligned_regional_hourly_cef.csv,capacity_scenarios.csv,energy_calibration_bounds.csv,trace_timestamp_anonymized,single_row_default,0.15,15.0,carbon,211.9472222222222,211.9472222022222,2e-08,0.9999999999056369,0.03713232788911485,56.92722900944694,71.15903626180867,51.59967904743301,65.46631336086396,2.4309166134071414,0.03713232788911485,0.0,,,1e-08,True,True,0,1,2.220446049250313e-16,0.0,0.0,0.0,1e-08,0.4919444444444445,0,0.0,291,1,4.440892098500626e-16,0.0,204.0771284522222,7.870093749999999,0.0,0.0
scenario_coarse,0.5,4.861833226814284,9.723666453628567,0.5,4.861833226814284,0.5847215293200918,1.161876758180802,-3.152804679227117,-9.999979511121637e-09,52.56768479821294,1e-08,50.32560684281343,screened_water_cap_0.50,conservative_site_selection,uniform_new_build,central,uniform_google_ai_2024,portfolio_mean,central,gentd26_hourly_service_demand.csv,gentd26_aligned_regional_hourly_cef.csv,capacity_scenarios.csv,energy_calibration_bounds.csv,trace_timestamp_anonymized,single_row_default,0.15,15.0,carbon,211.9472222222222,211.9472222022222,2e-08,0.9999999999056369,0.07426465577822972,56.92722900944693,71.15903626180867,50.91032837213352,65.46631336086396,4.861833226814284,0.07426465577822972,0.0,,,1e-08,True,True,0,1,2.220446049250313e-16,0.0,0.0,0.0,1e-08,0.4919444444444445,0,0.0,370,1,0.0,0.0,196.20703470222222,15.740187500000003,0.0,0.0
scenario_coarse,0.75,7.2927498402214255,9.723666453628567,0.7500000000000002,2.43091661340714,0.14986056631407507,0.29778193590819235,-3.980044769170732,-9.999979511121637e-09,52.56768479821294,1e-08,50.32560684281343,screened_water_cap_0.75,conservative_site_selection,uniform_new_build,central,uniform_google_ai_2024,portfolio_mean,central,gentd26_hourly_service_demand.csv,gentd26_aligned_regional_hourly_cef.csv,capacity_scenarios.csv,energy_calibration_bounds.csv,trace_timestamp_anonymized,single_row_default,0.15,15.0,carbon,211.9472222222222,211.9472222022222,2e-08,0.9999999999056369,0.1113969836673446,56.92722900944694,71.15903626180867,50.4754674091275,65.46631336086396,7.292749840221427,0.11139698366734462,0.0,,,1e-08,True,True,0,1,2.220446049250313e-16,0.0,0.0,0.0,1e-08,0.4919444444444445,0,0.0,454,1,-1.7763568394002505e-15,1.7763568394002505e-15,188.33694095222222,23.610281250000018,0.0,0.0
scenario_coarse,1.0,9.723666453628567,9.723666453628567,1.0,0.0,0.0,0.0,-4.265125930514124,-9.999979511121637e-09,52.56768479821294,1e-08,50.32560684281343,screened_water_cap_1.00,conservative_site_selection,uniform_new_build,central,uniform_google_ai_2024,portfolio_mean,central,gentd26_hourly_service_demand.csv,gentd26_aligned_regional_hourly_cef.csv,capacity_scenarios.csv,energy_calibration_bounds.csv,trace_timestamp_anonymized,single_row_default,0.15,15.0,carbon,211.9472222222222,211.9472222022222,2e-08,0.9999999999056369,0.14852931155645943,56.92722900944694,71.15903626180867,50.32560684281343,65.46631336086396,9.723666453628567,0.14852931155645943,0.0,,,1e-08,True,True,0,0,4.440892098500626e-16,0.0,0.0,0.0,1e-08,1.018152777777778,0,0.0,539,1,0.0,0.0,180.46684720222228,31.480375000000016,0.0,0.0
scenario_coarse,0.0,0.0,7.496240799820507,0.0,7.496240799820507,1.5979918608075536,3.2049453468208755,-2.110616572228996,-1.0000007932831068e-08,52.56768479821294,1e-08,49.8601906704172,screened_water_cap_0.00,conservative_site_selection,uniform_new_build,central,uniform_google_ai_2024,portfolio_mean,central,gentd26_hourly_service_demand.csv,gentd26_aligned_regional_hourly_cef.csv,capacity_scenarios.csv,energy_calibration_bounds.csv,trace_timestamp_anonymized,single_row_default,0.15,20.0,carbon,211.9472222222222,211.94722220222218,2e-08,0.9999999999056368,0.1356748928713498,56.92722900944694,71.15903626180867,51.45818253122475,65.46631336086396,0.0,0.0,0.0,,,1e-08,True,True,0,0,4.440892098500626e-16,0.0,0.0,0.0,1e-08,1.018152777777778,0,0.0,506,3,0.0,0.0,183.1913055355556,0.0,0.0,28.755916666666668
scenario_coarse,0.25,1.8740601999551267,7.496240799820507,0.25,5.622180599865381,0.9428112780908151,1.890909893070658,-3.356972741863873,-9.999979511121637e-09,52.56768479821294,1e-08,49.8601906704172,screened_water_cap_0.25,conservative_site_selection,uniform_new_build,central,uniform_google_ai_2024,portfolio_mean,central,gentd26_hourly_service_demand.csv,gentd26_aligned_regional_hourly_cef.csv,capacity_scenarios.csv,energy_calibration_bounds.csv,trace_timestamp_anonymized,single_row_default,0.15,20.0,carbon,211.9472222222222,211.9472222022222,2e-08,0.9999999999056369,0.14293397204530903,56.92722900944694,71.15903626180867,50.80300194850801,65.46631336086396,1.8740601999551267,0.02862632862224754,0.0,,,1e-08,True,True,0,673,4.440892098500626e-16,0.0,0.0,0.0,1e-08,1.018152777777778,0,0.0,530,3,0.0,0.0,181.65276386888894,5.6821875,0.3850833333333332,24.2271875
scenario_coarse,0.5,3.7481203999102535,7.496240799820507,0.5,3.7481203999102535,0.4629094649881722,0.9284149514149798,-4.269894463535273,-9.999979511121637e-09,52.56768479821294,1e-08,49.8601906704172,screened_water_cap_0.50,conservative_site_selection,uniform_new_build,central,uniform_google_ai_2024,portfolio_mean,central,gentd26_hourly_service_demand.csv,gentd26_aligned_regional_hourly_cef.csv,capacity_scenarios.csv,energy_calibration_bounds.csv,trace_timestamp_anonymized,single_row_default,0.15,20.0,carbon,211.9472222222222,211.9472222022222,2e-08,0.9999999999056369,0.1485937930180453,56.92722900944695,71.15903626180867,50.32310013540537,65.46631336086396,3.7481203999102535,0.05725265724449508,0.0,,,1e-08,True,True,0,698,4.440892098500626e-16,0.0,0.0,0.0,1e-08,1.018152777777778,0,0.0,540,3,0.0,0.0,180.45318053555562,10.769708333333329,1.3648333333333333,19.35949999999999
scenario_coarse,0.75,5.622180599865381,7.496240799820507,0.7499999999999999,1.8740601999551272,0.13848829350351366,0.27775323688379316,-4.887043901883159,-9.999979511121637e-09,52.56768479821294,1e-08,49.8601906704172,screened_water_cap_0.75,conservative_site_selection,uniform_new_build,central,uniform_google_ai_2024,portfolio_mean,central,gentd26_hourly_service_demand.csv,gentd26_aligned_regional_hourly_cef.csv,capacity_scenarios.csv,energy_calibration_bounds.csv,trace_timestamp_anonymized,single_row_default,0.15,20.0,carbon,211.9472222222222,211.9472222022222,2e-08,0.9999999999056369,0.14986258372864064,56.92722900944695,71.15903626180867,49.99867896392071,65.46631336086396,5.62218059986538,0.08587898586674261,0.0,,,1e-08,True,True,0,717,4.440892098500626e-16,0.0,0.0,0.0,1e-08,1.018152777777778,0,0.0,551,3,8.881784197001252e-16,0.0,180.1842638688889,15.616395833333328,2.585416666666667,13.561145833333326
scenario_coarse,1.0,7.496240799820507,7.496240799820507,0.9999999999999998,1.7763568394002505e-15,0.0,0.0,-5.150491481960384,-9.999979511121637e-09,52.56768479821294,1e-08,49.8601906704172,screened_water_cap_1.00,conservative_site_selection,uniform_new_build,central,uniform_google_ai_2024,portfolio_mean,central,gentd26_hourly_service_demand.csv,gentd26_aligned_regional_hourly_cef.csv,capacity_scenarios.csv,energy_calibration_bounds.csv,trace_timestamp_anonymized,single_row_default,0.15,20.0,carbon,211.9472222222222,211.9472222022222,2e-08,0.9999999999056369,0.15000000001415445,56.92722900944694,71.15903626180867,49.8601906704172,65.46631336086396,7.496240799820505,0.11450531448899014,0.0,,,1e-08,True,True,0,739,4.440892098500626e-16,0.0,0.0,0.0,1e-08,1.018152777777778,0,0.0,554,3,1.7763568394002505e-15,0.0,180.15513886888897,19.913791666666672,4.355291666666667,7.523
scenario_coarse,0.0,0.0,7.496240799820507,0.0,7.496240799820507,1.5979918608075536,3.2049453468208755,-2.110616572228996,-1.0000007932831068e-08,52.56768479821294,1e-08,49.8601906704172,screened_water_cap_0.00,conservative_site_selection,uniform_new_build,central,uniform_google_ai_2024,portfolio_mean,central,gentd26_hourly_service_demand.csv,gentd26_aligned_regional_hourly_cef.csv,capacity_scenarios.csv,energy_calibration_bounds.csv,trace_timestamp_anonymized,single_row_default,0.15,35.0,carbon,211.9472222222222,211.94722220222218,2e-08,0.9999999999056368,0.1356748928713498,56.92722900944694,71.15903626180867,51.45818253122475,65.46631336086396,0.0,0.0,0.0,,,1e-08,True,True,0,0,4.440892098500626e-16,0.0,0.0,0.0,1e-08,1.018152777777778,0,0.0,506,3,0.0,0.0,183.1913055355556,0.0,0.0,28.755916666666668
scenario_coarse,0.25,1.8740601999551267,7.496240799820507,0.25,5.622180599865381,0.9428112780908151,1.890909893070658,-3.356972741863873,-9.999979511121637e-09,52.56768479821294,1e-08,49.8601906704172,screened_water_cap_0.25,conservative_site_selection,uniform_new_build,central,uniform_google_ai_2024,portfolio_mean,central,gentd26_hourly_service_demand.csv,gentd26_aligned_regional_hourly_cef.csv,capacity_scenarios.csv,energy_calibration_bounds.csv,trace_timestamp_anonymized,single_row_default,0.15,35.0,carbon,211.9472222222222,211.9472222022222,2e-08,0.9999999999056369,0.14293397204530903,56.92722900944694,71.15903626180867,50.80300194850801,65.46631336086396,1.8740601999551267,0.02862632862224754,0.0,,,1e-08,True,True,0,673,4.440892098500626e-16,0.0,0.0,0.0,1e-08,1.018152777777778,0,0.0,530,3,0.0,0.0,181.65276386888894,5.6821875,0.3850833333333332,24.2271875
scenario_coarse,0.5,3.7481203999102535,7.496240799820507,0.5,3.7481203999102535,0.4629094649881722,0.9284149514149798,-4.269894463535273,-9.999979511121637e-09,52.56768479821294,1e-08,49.8601906704172,screened_water_cap_0.50,conservative_site_selection,uniform_new_build,central,uniform_google_ai_2024,portfolio_mean,central,gentd26_hourly_service_demand.csv,gentd26_aligned_regional_hourly_cef.csv,capacity_scenarios.csv,energy_calibration_bounds.csv,trace_timestamp_anonymized,single_row_default,0.15,35.0,carbon,211.9472222222222,211.9472222022222,2e-08,0.9999999999056369,0.1485937930180453,56.92722900944695,71.15903626180867,50.32310013540537,65.46631336086396,3.7481203999102535,0.05725265724449508,0.0,,,1e-08,True,True,0,698,4.440892098500626e-16,0.0,0.0,0.0,1e-08,1.018152777777778,0,0.0,540,3,0.0,0.0,180.45318053555562,10.769708333333329,1.3648333333333333,19.35949999999999
scenario_coarse,0.75,5.622180599865381,7.496240799820507,0.7499999999999999,1.8740601999551272,0.13848829350351366,0.27775323688379316,-4.887043901883159,-9.999979511121637e-09,52.56768479821294,1e-08,49.8601906704172,screened_water_cap_0.75,conservative_site_selection,uniform_new_build,central,uniform_google_ai_2024,portfolio_mean,central,gentd26_hourly_service_demand.csv,gentd26_aligned_regional_hourly_cef.csv,capacity_scenarios.csv,energy_calibration_bounds.csv,trace_timestamp_anonymized,single_row_default,0.15,35.0,carbon,211.9472222222222,211.9472222022222,2e-08,0.9999999999056369,0.14986258372864064,56.92722900944695,71.15903626180867,49.99867896392071,65.46631336086396,5.62218059986538,0.08587898586674261,0.0,,,1e-08,True,True,0,717,4.440892098500626e-16,0.0,0.0,0.0,1e-08,1.018152777777778,0,0.0,551,3,8.881784197001252e-16,0.0,180.1842638688889,15.616395833333328,2.585416666666667,13.561145833333326
scenario_coarse,1.0,7.496240799820507,7.496240799820507,0.9999999999999998,1.7763568394002505e-15,0.0,0.0,-5.150491481960384,-9.999979511121637e-09,52.56768479821294,1e-08,49.8601906704172,screened_water_cap_1.00,conservative_site_selection,uniform_new_build,central,uniform_google_ai_2024,portfolio_mean,central,gentd26_hourly_service_demand.csv,gentd26_aligned_regional_hourly_cef.csv,capacity_scenarios.csv,energy_calibration_bounds.csv,trace_timestamp_anonymized,single_row_default,0.15,35.0,carbon,211.9472222222222,211.9472222022222,2e-08,0.9999999999056369,0.15000000001415445,56.92722900944694,71.15903626180867,49.8601906704172,65.46631336086396,7.496240799820505,0.11450531448899014,0.0,,,1e-08,True,True,0,739,4.440892098500626e-16,0.0,0.0,0.0,1e-08,1.018152777777778,0,0.0,554,3,1.7763568394002505e-15,0.0,180.15513886888897,19.913791666666672,4.355291666666667,7.523
scenario_coarse,0.0,0.0,19.447332907257135,0.0,19.447332907257135,4.484155905523906,9.325762915150104,-5.017464221879209e-09,-1.0000007932831068e-08,52.56768479821294,1e-08,48.08352889005147,screened_water_cap_0.00,conservative_site_selection,uniform_new_build,central,uniform_google_ai_2024,portfolio_mean,central,gentd26_hourly_service_demand.csv,gentd26_aligned_regional_hourly_cef.csv,capacity_scenarios.csv,energy_calibration_bounds.csv,trace_timestamp_anonymized,single_row_default,0.3,15.0,carbon,211.9472222222222,211.94722220222218,2e-08,0.9999999999056368,0.0,56.92722900944693,71.15903626180867,52.567684795575374,65.46631336086396,0.0,0.0,0.0,,,1e-08,True,True,0,0,0.0,0.0,0.0,0.0,1e-08,0.4919444444444445,0,0.0,184,1,0.0,0.0,211.94722220222224,0.0,0.0,0.0
scenario_coarse,0.25,4.861833226814284,19.447332907257135,0.24999999999999994,14.585499680442851,2.548144409239171,5.299412227138722,-3.682892838735241,-9.999979511121637e-09,52.56768479821294,1e-08,48.08352889005147,screened_water_cap_0.25,conservative_site_selection,uniform_new_build,central,uniform_google_ai_2024,portfolio_mean,central,gentd26_hourly_service_demand.csv,gentd26_aligned_regional_hourly_cef.csv,capacity_scenarios.csv,energy_calibration_bounds.csv,trace_timestamp_anonymized,single_row_default,0.3,15.0,carbon,211.9472222222222,211.9472222022222,2e-08,0.9999999999056369,0.0742646557782297,56.92722900944693,71.15903626180868,50.63167329929064,65.46631336086396,4.861833226814283,0.0742646557782297,0.0,,,1e-08,True,True,0,1,2.220446049250313e-16,0.0,0.0,0.0,1e-08,0.4919444444444445,0,0.0,291,1,8.881784197001252e-16,0.0,196.20703470222224,15.740187499999998,0.0,0.0
scenario_coarse,0.5,9.723666453628567,19.447332907257135,0.5,9.723666453628567,1.1694430586401978,2.432107388195792,-6.30560935343677,-9.999979511121637e-09,52.56768479821294,1e-08,48.08352889005147,screened_water_cap_0.50,conservative_site_selection,uniform_new_build,central,uniform_google_ai_2024,portfolio_mean,central,gentd26_hourly_service_demand.csv,gentd26_aligned_regional_hourly_cef.csv,capacity_scenarios.csv,energy_calibration_bounds.csv,trace_timestamp_anonymized,single_row_default,0.3,15.0,carbon,211.9472222222222,211.9472222022222,2e-08,0.9999999999056369,0.14852931155645943,56.92722900944693,71.15903626180867,49.252971948691666,65.46631336086396,9.723666453628567,0.14852931155645943,0.0,,,1e-08,True,True,0,1,2.220446049250313e-16,0.0,0.0,0.0,1e-08,0.4919444444444445,0,0.0,370,1,0.0,0.0,180.4668472022222,31.480375000000006,0.0,0.0
scenario_coarse,0.75,14.585499680442851,19.447332907257135,0.7500000000000002,4.86183322681428,0.29972113262816436,0.6233343091633481,-7.960089533324011,-1.0000007932831068e-08,52.56768479821294,1e-08,48.08352889005147,screened_water_cap_0.75,conservative_site_selection,uniform_new_build,central,uniform_google_ai_2024,portfolio_mean,central,gentd26_hourly_service_demand.csv,gentd26_aligned_regional_hourly_cef.csv,capacity_scenarios.csv,energy_calibration_bounds.csv,trace_timestamp_anonymized,single_row_default,0.3,15.0,carbon,211.9472222222222,211.94722220222218,2e-08,0.9999999999056368,0.22279396733468923,56.92722900944693,71.15903626180867,48.38325002267963,65.46631336086396,14.585499680442854,0.22279396733468923,0.0,,,1e-08,True,True,0,1,2.220446049250313e-16,0.0,0.0,0.0,1e-08,0.4919444444444445,0,0.0,454,1,-3.552713678800501e-15,3.552713678800501e-15,164.72665970222215,47.220562500000035,0.0,0.0
scenario_coarse,1.0,19.447332907257135,19.447332907257135,1.0,0.0,0.0,0.0,-8.530251856010807,-1.0000007932831068e-08,52.56768479821294,1e-08,48.08352889005147,screened_water_cap_1.00,conservative_site_selection,uniform_new_build,central,uniform_google_ai_2024,portfolio_mean,central,gentd26_hourly_service_demand.csv,gentd26_aligned_regional_hourly_cef.csv,capacity_scenarios.csv,energy_calibration_bounds.csv,trace_timestamp_anonymized,single_row_default,0.3,15.0,carbon,211.9472222222222,211.94722220222218,2e-08,0.9999999999056368,0.29705862311291886,56.92722900944693,71.15903626180867,48.08352889005147,65.46631336086396,19.447332907257135,0.29705862311291886,0.0,,,1e-08,True,True,0,0,4.440892098500626e-16,0.0,0.0,0.0,1e-08,0.9475833333333334,0,0.0,539,1,0.0,0.0,148.9864722022222,62.96075000000003,0.0,0.0
scenario_coarse,0.0,0.0,14.992481599641014,0.0,14.992481599641014,3.1959837216151,6.777944753482901,-4.221233139440539,-9.999979511121637e-09,52.56768479821294,1e-08,47.152696545259026,screened_water_cap_0.00,conservative_site_selection,uniform_new_build,central,uniform_google_ai_2024,portfolio_mean,central,gentd26_hourly_service_demand.csv,gentd26_aligned_regional_hourly_cef.csv,capacity_scenarios.csv,energy_calibration_bounds.csv,trace_timestamp_anonymized,single_row_default,0.3,20.0,carbon,211.9472222222222,211.9472222022222,2e-08,0.9999999999056369,0.2713497857426995,56.92722900944693,71.15903626180867,50.348680266874126,65.46631336086396,0.0,0.0,0.0,,,1e-08,True,True,0,0,4.440892098500626e-16,0.0,0.0,0.0,1e-08,0.9475833333333334,0,0.0,506,3,0.0,0.0,154.43538886888885,0.0,0.0,57.511833333333335
scenario_coarse,0.25,3.7481203999102535,14.992481599641014,0.25,11.244361199730761,1.8856225561816302,3.998970778631361,-6.71394547871027,-9.999979511121637e-09,52.56768479821294,1e-08,47.152696545259026,screened_water_cap_0.25,conservative_site_selection,uniform_new_build,central,uniform_google_ai_2024,portfolio_mean,central,gentd26_hourly_service_demand.csv,gentd26_aligned_regional_hourly_cef.csv,capacity_scenarios.csv,energy_calibration_bounds.csv,trace_timestamp_anonymized,single_row_default,0.3,20.0,carbon,211.9472222222222,211.9472222022222,2e-08,0.9999999999056369,0.28586794409061805,56.92722900944693,71.15903626180867,49.038319101440656,65.46631336086396,3.7481203999102535,0.05725265724449508,0.0,,,1e-08,True,True,0,674,4.440892098500626e-16,0.0,0.0,0.0,1e-08,0.9475833333333334,0,0.0,530,3,0.0,0.0,151.3583055355555,11.364375,0.7701666666666664,48.454375
scenario_coarse,0.5,7.496240799820507,14.992481599641014,0.5,7.496240799820507,0.9258189299763373,1.9634485359447007,-8.539788922053093,-9.999979511121637e-09,52.56768479821294,1e-08,47.152696545259026,screened_water_cap_0.50,conservative_site_selection,uniform_new_build,central,uniform_google_ai_2024,portfolio_mean,central,gentd26_hourly_service_demand.csv,gentd26_aligned_regional_hourly_cef.csv,capacity_scenarios.csv,energy_calibration_bounds.csv,trace_timestamp_anonymized,single_row_default,0.3,20.0,carbon,211.9472222222222,211.9472222022222,2e-08,0.9999999999056369,0.2971875860360906,56.92722900944693,71.15903626180867,48.07851547523536,65.46631336086396,7.496240799820507,0.11450531448899016,0.0,,,1e-08,True,True,0,687,4.440892098500626e-16,0.0,0.0,0.0,1e-08,0.9475833333333334,0,0.0,540,3,0.0,0.0,148.95913886888886,21.539416666666657,2.7296666666666667,38.71899999999998
scenario_coarse,0.75,11.244361199730761,14.992481599641014,0.7499999999999999,3.7481203999102544,0.2769765870070273,0.5874034939681083,-9.774087798748853,-1.0000007932831068e-08,52.56768479821294,1e-08,47.152696545259026,screened_water_cap_0.75,conservative_site_selection,uniform_new_build,central,uniform_google_ai_2024,portfolio_mean,central,gentd26_hourly_service_demand.csv,gentd26_aligned_regional_hourly_cef.csv,capacity_scenarios.csv,energy_calibration_bounds.csv,trace_timestamp_anonymized,single_row_default,0.3,20.0,carbon,211.9472222222222,211.94722220222218,2e-08,0.9999999999056368,0.29972516745728134,56.92722900944693,71.15903626180867,47.42967313226605,65.46631336086396,11.24436119973076,0.17175797173348523,0.0,,,1e-08,True,True,0,700,4.440892098500626e-16,0.0,0.0,0.0,1e-08,0.9475833333333334,0,0.0,551,3,1.7763568394002505e-15,0.0,148.42130553555552,31.232791666666657,5.170833333333334,27.12229166666665
scenario_coarse,1.0,14.992481599641014,14.992481599641014,0.9999999999999998,3.552713678800501e-15,0.0,0.0,-10.300982958903294,-1.0000007932831068e-08,52.56768479821294,1e-08,47.152696545259026,screened_water_cap_1.00,conservative_site_selection,uniform_new_build,central,uniform_google_ai_2024,portfolio_mean,central,gentd26_hourly_service_demand.csv,gentd26_aligned_regional_hourly_cef.csv,capacity_scenarios.csv,energy_calibration_bounds.csv,trace_timestamp_anonymized,single_row_default,0.3,20.0,carbon,211.9472222222222,211.94722220222218,2e-08,0.9999999999056368,0.30000000002830896,56.92722900944693,71.15903626180867,47.152696545259026,65.46631336086396,14.99248159964101,0.22901062897798027,0.0,,,1e-08,True,True,0,707,4.440892098500626e-16,0.0,0.0,0.0,1e-08,0.9475833333333334,0,0.0,554,3,3.552713678800501e-15,0.0,148.36305553555553,39.827583333333344,8.710583333333334,15.046
scenario_coarse,0.0,0.0,14.992481599641014,0.0,14.992481599641014,3.1959837216151,6.777944753482901,-4.221233139440539,-9.999979511121637e-09,52.56768479821294,1e-08,47.152696545259026,screened_water_cap_0.00,conservative_site_selection,uniform_new_build,central,uniform_google_ai_2024,portfolio_mean,central,gentd26_hourly_service_demand.csv,gentd26_aligned_regional_hourly_cef.csv,capacity_scenarios.csv,energy_calibration_bounds.csv,trace_timestamp_anonymized,single_row_default,0.3,35.0,carbon,211.9472222222222,211.9472222022222,2e-08,0.9999999999056369,0.2713497857426995,56.92722900944693,71.15903626180867,50.348680266874126,65.46631336086396,0.0,0.0,0.0,,,1e-08,True,True,0,0,4.440892098500626e-16,0.0,0.0,0.0,1e-08,0.9475833333333334,0,0.0,506,3,0.0,0.0,154.43538886888885,0.0,0.0,57.511833333333335
scenario_coarse,0.25,3.7481203999102535,14.992481599641014,0.25,11.244361199730761,1.8856225561816302,3.998970778631361,-6.71394547871027,-9.999979511121637e-09,52.56768479821294,1e-08,47.152696545259026,screened_water_cap_0.25,conservative_site_selection,uniform_new_build,central,uniform_google_ai_2024,portfolio_mean,central,gentd26_hourly_service_demand.csv,gentd26_aligned_regional_hourly_cef.csv,capacity_scenarios.csv,energy_calibration_bounds.csv,trace_timestamp_anonymized,single_row_default,0.3,35.0,carbon,211.9472222222222,211.9472222022222,2e-08,0.9999999999056369,0.28586794409061805,56.92722900944693,71.15903626180867,49.038319101440656,65.46631336086396,3.7481203999102535,0.05725265724449508,0.0,,,1e-08,True,True,0,674,4.440892098500626e-16,0.0,0.0,0.0,1e-08,0.9475833333333334,0,0.0,530,3,0.0,0.0,151.3583055355555,11.364375,0.7701666666666664,48.454375
scenario_coarse,0.5,7.496240799820507,14.992481599641014,0.5,7.496240799820507,0.9258189299763373,1.9634485359447007,-8.539788922053093,-9.999979511121637e-09,52.56768479821294,1e-08,47.152696545259026,screened_water_cap_0.50,conservative_site_selection,uniform_new_build,central,uniform_google_ai_2024,portfolio_mean,central,gentd26_hourly_service_demand.csv,gentd26_aligned_regional_hourly_cef.csv,capacity_scenarios.csv,energy_calibration_bounds.csv,trace_timestamp_anonymized,single_row_default,0.3,35.0,carbon,211.9472222222222,211.9472222022222,2e-08,0.9999999999056369,0.2971875860360906,56.92722900944693,71.15903626180867,48.07851547523536,65.46631336086396,7.496240799820507,0.11450531448899016,0.0,,,1e-08,True,True,0,687,4.440892098500626e-16,0.0,0.0,0.0,1e-08,0.9475833333333334,0,0.0,540,3,0.0,0.0,148.95913886888886,21.539416666666657,2.7296666666666667,38.71899999999998
scenario_coarse,0.75,11.244361199730761,14.992481599641014,0.7499999999999999,3.7481203999102544,0.2769765870070273,0.5874034939681083,-9.774087798748853,-1.0000007932831068e-08,52.56768479821294,1e-08,47.152696545259026,screened_water_cap_0.75,conservative_site_selection,uniform_new_build,central,uniform_google_ai_2024,portfolio_mean,central,gentd26_hourly_service_demand.csv,gentd26_aligned_regional_hourly_cef.csv,capacity_scenarios.csv,energy_calibration_bounds.csv,trace_timestamp_anonymized,single_row_default,0.3,35.0,carbon,211.9472222222222,211.94722220222218,2e-08,0.9999999999056368,0.29972516745728134,56.92722900944693,71.15903626180867,47.42967313226605,65.46631336086396,11.24436119973076,0.17175797173348523,0.0,,,1e-08,True,True,0,700,4.440892098500626e-16,0.0,0.0,0.0,1e-08,0.9475833333333334,0,0.0,551,3,1.7763568394002505e-15,0.0,148.42130553555552,31.232791666666657,5.170833333333334,27.12229166666665
scenario_coarse,1.0,14.992481599641014,14.992481599641014,0.9999999999999998,3.552713678800501e-15,0.0,0.0,-10.300982958903294,-1.0000007932831068e-08,52.56768479821294,1e-08,47.152696545259026,screened_water_cap_1.00,conservative_site_selection,uniform_new_build,central,uniform_google_ai_2024,portfolio_mean,central,gentd26_hourly_service_demand.csv,gentd26_aligned_regional_hourly_cef.csv,capacity_scenarios.csv,energy_calibration_bounds.csv,trace_timestamp_anonymized,single_row_default,0.3,35.0,carbon,211.9472222222222,211.94722220222218,2e-08,0.9999999999056368,0.30000000002830896,56.92722900944693,71.15903626180867,47.152696545259026,65.46631336086396,14.99248159964101,0.22901062897798027,0.0,,,1e-08,True,True,0,707,4.440892098500626e-16,0.0,0.0,0.0,1e-08,0.9475833333333334,0,0.0,554,3,3.552713678800501e-15,0.0,148.36305553555553,39.827583333333344,8.710583333333334,15.046
scenario_coarse,0.0,0.0,32.41222151209522,0.0,32.41222151209522,7.473593175873177,16.573331244592282,-5.017464221879209e-09,-1.0000007932831068e-08,52.56768479821294,1e-08,45.0940916197022,screened_water_cap_0.00,conservative_site_selection,uniform_new_build,central,uniform_google_ai_2024,portfolio_mean,central,gentd26_hourly_service_demand.csv,gentd26_aligned_regional_hourly_cef.csv,capacity_scenarios.csv,energy_calibration_bounds.csv,trace_timestamp_anonymized,single_row_default,0.5,15.0,carbon,211.9472222222222,211.94722220222218,2e-08,0.9999999999056368,0.0,56.92722900944693,71.15903626180867,52.567684795575374,65.46631336086396,0.0,0.0,0.0,,,1e-08,True,True,0,0,0.0,0.0,0.0,0.0,1e-08,0.4919444444444445,0,0.0,184,1,0.0,0.0,211.94722220222224,0.0,0.0,0.0
scenario_coarse,0.25,8.103055378023805,32.41222151209522,0.2499999999999999,24.30916613407142,4.246907348731959,9.417879806844653,-6.138154727880418,-9.999979511121637e-09,52.56768479821294,1e-08,45.0940916197022,screened_water_cap_0.25,conservative_site_selection,uniform_new_build,central,uniform_google_ai_2024,portfolio_mean,central,gentd26_hourly_service_demand.csv,gentd26_aligned_regional_hourly_cef.csv,capacity_scenarios.csv,energy_calibration_bounds.csv,trace_timestamp_anonymized,single_row_default,0.5,15.0,carbon,211.9472222222222,211.9472222022222,2e-08,0.9999999999056369,0.12377442629704948,56.92722900944694,71.15903626180867,49.34099896843416,65.46631336086396,8.103055378023802,0.12377442629704948,0.0,,,1e-08,True,True,0,1,0.0,0.0,0.0,0.0,1e-08,0.4919444444444445,0,0.0,291,1,3.552713678800501e-15,0.0,185.7135763688889,26.233645833333316,0.0,0.0
scenario_coarse,0.5,16.20611075604761,32.41222151209522,0.5,16.20611075604761,1.9490717644003368,4.322233122772912,-10.509348919049621,-1.0000007932831068e-08,52.56768479821294,1e-08,45.0940916197022,screened_water_cap_0.50,conservative_site_selection,uniform_new_build,central,uniform_google_ai_2024,portfolio_mean,central,gentd26_hourly_service_demand.csv,gentd26_aligned_regional_hourly_cef.csv,capacity_scenarios.csv,energy_calibration_bounds.csv,trace_timestamp_anonymized,single_row_default,0.5,15.0,carbon,211.9472222222222,211.94722220222218,2e-08,0.9999999999056368,0.24754885259409912,56.92722900944693,71.15903626180867,47.043163384102535,65.46631336086396,16.20611075604761,0.24754885259409906,0.0,,,1e-08,True,True,0,1,0.0,0.0,0.0,0.0,1e-08,0.4919444444444445,0,0.0,370,1,0.0,0.0,159.4799305355556,52.46729166666669,0.0,0.0
scenario_coarse,0.75,24.30916613407142,32.41222151209522,0.7500000000000004,8.10305537802379,0.4995352210469335,1.107762021818126,-13.266815885528393,-1.0000007932831068e-08,52.56768479821294,1e-08,45.0940916197022,screened_water_cap_0.75,conservative_site_selection,uniform_new_build,central,uniform_google_ai_2024,portfolio_mean,central,gentd26_hourly_service_demand.csv,gentd26_aligned_regional_hourly_cef.csv,capacity_scenarios.csv,energy_calibration_bounds.csv,trace_timestamp_anonymized,single_row_default,0.5,15.0,carbon,211.9472222222222,211.94722220222218,2e-08,0.9999999999056368,0.37132327889114897,56.92722900944693,71.15903626180867,45.59362684074913,65.46631336086396,24.309166134071432,0.3713232788911488,0.0,,,1e-08,True,True,0,1,0.0,0.0,0.0,0.0,1e-08,0.4241666666666666,0,0.0,454,1,-1.4210854715202004e-14,1.4210854715202004e-14,133.2462847022222,78.7009375000001,0.0,0.0
scenario_coarse,1.0,32.41222151209522,32.41222151209522,1.0,0.0,0.0,0.0,-14.217086423339698,-1.0000007932831068e-08,52.56768479821294,1e-08,45.0940916197022,screened_water_cap_1.00,conservative_site_selection,uniform_new_build,central,uniform_google_ai_2024,portfolio_mean,central,gentd26_hourly_service_demand.csv,gentd26_aligned_regional_hourly_cef.csv,capacity_scenarios.csv,energy_calibration_bounds.csv,trace_timestamp_anonymized,single_row_default,0.5,15.0,carbon,211.9472222222222,211.94722220222218,2e-08,0.9999999999056368,0.49509770518819807,56.92722900944693,71.15903626180867,45.0940916197022,65.46631336086396,32.41222151209522,0.4950977051881981,0.0,,,1e-08,True,True,0,0,0.0,0.0,0.0,0.0,1e-08,0.24597222222222226,0,0.0,539,1,0.0,0.0,107.01263886888887,104.93458333333334,0.0,0.0
scenario_coarse,0.0,0.0,24.98746933273502,0.0,24.98746933273502,5.326639536025162,12.233138965685807,-7.035388562389255,-9.999979511121637e-09,52.56768479821294,1e-08,43.542704378381465,screened_water_cap_0.00,conservative_site_selection,uniform_new_build,central,uniform_google_ai_2024,portfolio_mean,central,gentd26_hourly_service_demand.csv,gentd26_aligned_regional_hourly_cef.csv,capacity_scenarios.csv,energy_calibration_bounds.csv,trace_timestamp_anonymized,single_row_default,0.5,20.0,carbon,211.9472222222222,211.9472222022222,2e-08,0.9999999999056369,0.4522496429044993,56.92722900944693,71.15903626180867,48.86934391440663,65.46631336086396,0.0,0.0,0.0,,,1e-08,True,True,0,0,0.0,0.0,0.0,0.0,1e-08,0.24597222222222226,0,0.0,506,3,0.0,0.0,116.09416664666671,0.0,0.0,95.85305555555557
scenario_coarse,0.25,6.246867333183755,24.98746933273502,0.24999999999999997,18.740601999551266,3.1427042603027076,7.217521982541419,-11.189909127838815,-9.999979511121637e-09,52.56768479821294,1e-08,43.542704378381465,screened_water_cap_0.25,conservative_site_selection,uniform_new_build,central,uniform_google_ai_2024,portfolio_mean,central,gentd26_hourly_service_demand.csv,gentd26_aligned_regional_hourly_cef.csv,capacity_scenarios.csv,energy_calibration_bounds.csv,trace_timestamp_anonymized,single_row_default,0.5,20.0,carbon,211.9472222222222,211.9472222022222,2e-08,0.9999999999056369,0.47644657348436353,56.92722900944693,71.15903626180867,46.68540863868417,65.46631336086396,6.246867333183754,0.09542109540749179,0.0,,,1e-08,True,True,0,671,2.220446049250313e-16,0.0,0.0,0.0,1e-08,0.24597222222222226,0,0.0,530,3,8.881784197001252e-16,0.0,110.96569442444444,18.940624999999994,1.283611111111111,80.75729166666669
scenario_coarse,0.5,12.49373466636751,24.98746933273502,0.5000000000000001,12.493734666367509,1.543031549960567,3.5437200605451302,-14.232981533410161,-9.999979511121637e-09,52.56768479821294,1e-08,43.542704378381465,screened_water_cap_0.50,conservative_site_selection,uniform_new_build,central,uniform_google_ai_2024,portfolio_mean,central,gentd26_hourly_service_demand.csv,gentd26_aligned_regional_hourly_cef.csv,capacity_scenarios.csv,energy_calibration_bounds.csv,trace_timestamp_anonymized,single_row_default,0.5,20.0,carbon,211.9472222222222,211.9472222022222,2e-08,0.9999999999056369,0.4953126433934844,56.92722900944693,71.15903626180867,45.08573592834203,65.46631336086396,12.493734666367512,0.19084219081498363,0.0,,,1e-08,True,True,0,683,0.0,0.0,0.0,0.0,1e-08,0.24597222222222226,0,0.0,540,3,-1.7763568394002505e-15,1.7763568394002505e-15,106.96708331333335,35.899027777777775,4.549444444444444,64.53166666666665
scenario_coarse,0.75,18.740601999551266,24.98746933273502,0.75,6.246867333183754,0.4616276450117027,1.0601721955536103,-16.29014632790312,-9.999979511121637e-09,52.56768479821294,1e-08,43.542704378381465,screened_water_cap_0.75,conservative_site_selection,uniform_new_build,central,uniform_google_ai_2024,portfolio_mean,central,gentd26_hourly_service_demand.csv,gentd26_aligned_regional_hourly_cef.csv,capacity_scenarios.csv,energy_calibration_bounds.csv,trace_timestamp_anonymized,single_row_default,0.5,20.0,carbon,211.9472222222222,211.9472222022222,2e-08,0.9999999999056369,0.49954194576213556,56.92722900944693,71.15903626180867,44.00433202339317,65.46631336086396,18.740601999551266,0.2862632862224754,0.0,,,1e-08,True,True,0,689,5.551115123125783e-17,0.0,0.0,0.0,1e-08,0.24597222222222226,0,0.0,551,3,0.0,0.0,106.07069442444444,52.05465277777778,8.618055555555554,45.20381944444441
scenario_coarse,1.0,24.98746933273502,24.98746933273502,1.0000000000000007,-1.7763568394002505e-14,0.0,0.0,-17.168304928160506,-9.999979511121637e-09,52.56768479821294,1e-08,43.542704378381465,screened_water_cap_1.00,conservative_site_selection,uniform_new_build,central,uniform_google_ai_2024,portfolio_mean,central,gentd26_hourly_service_demand.csv,gentd26_aligned_regional_hourly_cef.csv,capacity_scenarios.csv,energy_calibration_bounds.csv,trace_timestamp_anonymized,single_row_default,0.5,20.0,carbon,211.9472222222222,211.9472222022222,2e-08,0.9999999999056369,0.5000000000471815,56.92722900944693,71.15903626180867,43.542704378381465,65.46631336086396,24.98746933273504,0.38168438162996743,0.0,,,1e-08,True,True,0,699,0.0,0.0,0.0,0.0,1e-08,0.24597222222222226,0,0.0,554,3,-1.7763568394002505e-14,1.7763568394002505e-14,105.97361109111111,66.37930555555566,14.51763888888889,25.076666666666615
scenario_coarse,0.0,0.0,24.98746933273502,0.0,24.98746933273502,5.326639536025162,12.233138965685807,-7.035388562389255,-9.999979511121637e-09,52.56768479821294,1e-08,43.542704378381465,screened_water_cap_0.00,conservative_site_selection,uniform_new_build,central,uniform_google_ai_2024,portfolio_mean,central,gentd26_hourly_service_demand.csv,gentd26_aligned_regional_hourly_cef.csv,capacity_scenarios.csv,energy_calibration_bounds.csv,trace_timestamp_anonymized,single_row_default,0.5,35.0,carbon,211.9472222222222,211.9472222022222,2e-08,0.9999999999056369,0.4522496429044993,56.92722900944693,71.15903626180867,48.86934391440663,65.46631336086396,0.0,0.0,0.0,,,1e-08,True,True,0,0,0.0,0.0,0.0,0.0,1e-08,0.24597222222222226,0,0.0,506,3,0.0,0.0,116.09416664666671,0.0,0.0,95.85305555555557
scenario_coarse,0.25,6.246867333183755,24.98746933273502,0.24999999999999997,18.740601999551266,3.1427042603027076,7.217521982541419,-11.189909127838815,-9.999979511121637e-09,52.56768479821294,1e-08,43.542704378381465,screened_water_cap_0.25,conservative_site_selection,uniform_new_build,central,uniform_google_ai_2024,portfolio_mean,central,gentd26_hourly_service_demand.csv,gentd26_aligned_regional_hourly_cef.csv,capacity_scenarios.csv,energy_calibration_bounds.csv,trace_timestamp_anonymized,single_row_default,0.5,35.0,carbon,211.9472222222222,211.9472222022222,2e-08,0.9999999999056369,0.47644657348436353,56.92722900944693,71.15903626180867,46.68540863868417,65.46631336086396,6.246867333183754,0.09542109540749179,0.0,,,1e-08,True,True,0,671,2.220446049250313e-16,0.0,0.0,0.0,1e-08,0.24597222222222226,0,0.0,530,3,8.881784197001252e-16,0.0,110.96569442444444,18.940624999999994,1.283611111111111,80.75729166666669
scenario_coarse,0.5,12.49373466636751,24.98746933273502,0.5000000000000001,12.493734666367509,1.543031549960567,3.5437200605451302,-14.232981533410161,-9.999979511121637e-09,52.56768479821294,1e-08,43.542704378381465,screened_water_cap_0.50,conservative_site_selection,uniform_new_build,central,uniform_google_ai_2024,portfolio_mean,central,gentd26_hourly_service_demand.csv,gentd26_aligned_regional_hourly_cef.csv,capacity_scenarios.csv,energy_calibration_bounds.csv,trace_timestamp_anonymized,single_row_default,0.5,35.0,carbon,211.9472222222222,211.9472222022222,2e-08,0.9999999999056369,0.4953126433934844,56.92722900944693,71.15903626180867,45.08573592834203,65.46631336086396,12.493734666367512,0.19084219081498363,0.0,,,1e-08,True,True,0,683,0.0,0.0,0.0,0.0,1e-08,0.24597222222222226,0,0.0,540,3,-1.7763568394002505e-15,1.7763568394002505e-15,106.96708331333335,35.899027777777775,4.549444444444444,64.53166666666665
scenario_coarse,0.75,18.740601999551266,24.98746933273502,0.75,6.246867333183754,0.4616276450117027,1.0601721955536103,-16.29014632790312,-9.999979511121637e-09,52.56768479821294,1e-08,43.542704378381465,screened_water_cap_0.75,conservative_site_selection,uniform_new_build,central,uniform_google_ai_2024,portfolio_mean,central,gentd26_hourly_service_demand.csv,gentd26_aligned_regional_hourly_cef.csv,capacity_scenarios.csv,energy_calibration_bounds.csv,trace_timestamp_anonymized,single_row_default,0.5,35.0,carbon,211.9472222222222,211.9472222022222,2e-08,0.9999999999056369,0.49954194576213556,56.92722900944693,71.15903626180867,44.00433202339317,65.46631336086396,18.740601999551266,0.2862632862224754,0.0,,,1e-08,True,True,0,689,5.551115123125783e-17,0.0,0.0,0.0,1e-08,0.24597222222222226,0,0.0,551,3,0.0,0.0,106.07069442444444,52.05465277777778,8.618055555555554,45.20381944444441
scenario_coarse,1.0,24.98746933273502,24.98746933273502,1.0000000000000007,-1.7763568394002505e-14,0.0,0.0,-17.168304928160506,-9.999979511121637e-09,52.56768479821294,1e-08,43.542704378381465,screened_water_cap_1.00,conservative_site_selection,uniform_new_build,central,uniform_google_ai_2024,portfolio_mean,central,gentd26_hourly_service_demand.csv,gentd26_aligned_regional_hourly_cef.csv,capacity_scenarios.csv,energy_calibration_bounds.csv,trace_timestamp_anonymized,single_row_default,0.5,35.0,carbon,211.9472222222222,211.9472222022222,2e-08,0.9999999999056369,0.5000000000471815,56.92722900944693,71.15903626180867,43.542704378381465,65.46631336086396,24.98746933273504,0.38168438162996743,0.0,,,1e-08,True,True,0,699,0.0,0.0,0.0,0.0,1e-08,0.24597222222222226,0,0.0,554,3,-1.7763568394002505e-14,1.7763568394002505e-14,105.97361109111111,66.37930555555566,14.51763888888889,25.076666666666615
scenario_coarse,0.0,0.0,9.723666453628567,0.0,9.723666453628567,2.242077952761946,4.455143401975925,-5.017464221879209e-09,-1.0000007932831068e-08,52.56768479821294,1e-08,50.32560684281343,screened_water_cap_0.00,conservative_site_selection,uniform_new_build,ample,uniform_google_ai_2024,portfolio_mean,central,gentd26_hourly_service_demand.csv,gentd26_aligned_regional_hourly_cef.csv,capacity_scenarios.csv,energy_calibration_bounds.csv,trace_timestamp_anonymized,single_row_default,0.15,15.0,carbon,211.9472222222222,211.94722220222218,2e-08,0.9999999999056368,0.0,56.92722900944693,71.15903626180867,52.567684795575374,65.46631336086396,0.0,0.0,0.0,,,1e-08,True,True,0,0,0.0,0.0,0.0,0.0,1e-08,1.4919444444444445,0,0.0,184,1,0.0,0.0,211.94722220222224,0.0,0.0,0.0
scenario_coarse,0.25,2.430916613407142,9.723666453628567,0.24999999999999994,7.2927498402214255,1.2740722046195785,2.5316579064789124,-1.841446421876347,-9.999979511121637e-09,52.56768479821294,1e-08,50.32560684281343,screened_water_cap_0.25,conservative_site_selection,uniform_new_build,ample,uniform_google_ai_2024,portfolio_mean,central,gentd26_hourly_service_demand.csv,gentd26_aligned_regional_hourly_cef.csv,capacity_scenarios.csv,energy_calibration_bounds.csv,trace_timestamp_anonymized,single_row_default,0.15,15.0,carbon,211.9472222222222,211.9472222022222,2e-08,0.9999999999056369,0.03713232788911485,56.92722900944694,71.15903626180867,51.59967904743301,65.46631336086396,2.4309166134071414,0.03713232788911485,0.0,,,1e-08,True,True,0,1,2.220446049250313e-16,0.0,0.0,0.0,1e-08,1.4919444444444445,0,0.0,291,1,4.440892098500626e-16,0.0,204.0771284522222,7.870093749999999,0.0,0.0
scenario_coarse,0.5,4.861833226814284,9.723666453628567,0.5,4.861833226814284,0.5847215293200918,1.161876758180802,-3.152804679227117,-9.999979511121637e-09,52.56768479821294,1e-08,50.32560684281343,screened_water_cap_0.50,conservative_site_selection,uniform_new_build,ample,uniform_google_ai_2024,portfolio_mean,central,gentd26_hourly_service_demand.csv,gentd26_aligned_regional_hourly_cef.csv,capacity_scenarios.csv,energy_calibration_bounds.csv,trace_timestamp_anonymized,single_row_default,0.15,15.0,carbon,211.9472222222222,211.9472222022222,2e-08,0.9999999999056369,0.07426465577822972,56.92722900944693,71.15903626180867,50.91032837213352,65.46631336086396,4.861833226814284,0.07426465577822972,0.0,,,1e-08,True,True,0,1,2.220446049250313e-16,0.0,0.0,0.0,1e-08,1.4919444444444445,0,0.0,370,1,0.0,0.0,196.20703470222222,15.740187500000003,0.0,0.0
scenario_coarse,0.75,7.2927498402214255,9.723666453628567,0.7500000000000002,2.43091661340714,0.14986056631407507,0.29778193590819235,-3.980044769170732,-9.999979511121637e-09,52.56768479821294,1e-08,50.32560684281343,screened_water_cap_0.75,conservative_site_selection,uniform_new_build,ample,uniform_google_ai_2024,portfolio_mean,central,gentd26_hourly_service_demand.csv,gentd26_aligned_regional_hourly_cef.csv,capacity_scenarios.csv,energy_calibration_bounds.csv,trace_timestamp_anonymized,single_row_default,0.15,15.0,carbon,211.9472222222222,211.9472222022222,2e-08,0.9999999999056369,0.1113969836673446,56.92722900944694,71.15903626180867,50.4754674091275,65.46631336086396,7.292749840221427,0.11139698366734462,0.0,,,1e-08,True,True,0,1,2.220446049250313e-16,0.0,0.0,0.0,1e-08,1.4919444444444445,0,0.0,454,1,-1.7763568394002505e-15,1.7763568394002505e-15,188.33694095222222,23.610281250000018,0.0,0.0
scenario_coarse,1.0,9.723666453628567,9.723666453628567,1.0,0.0,0.0,0.0,-4.265125930514124,-9.999979511121637e-09,52.56768479821294,1e-08,50.32560684281343,screened_water_cap_1.00,conservative_site_selection,uniform_new_build,ample,uniform_google_ai_2024,portfolio_mean,central,gentd26_hourly_service_demand.csv,gentd26_aligned_regional_hourly_cef.csv,capacity_scenarios.csv,energy_calibration_bounds.csv,trace_timestamp_anonymized,single_row_default,0.15,15.0,carbon,211.9472222222222,211.9472222022222,2e-08,0.9999999999056369,0.14852931155645943,56.92722900944694,71.15903626180867,50.32560684281343,65.46631336086396,9.723666453628567,0.14852931155645943,0.0,,,1e-08,True,True,0,0,4.440892098500626e-16,0.0,0.0,0.0,1e-08,2.018152777777778,0,0.0,539,1,0.0,0.0,180.46684720222228,31.480375000000016,0.0,0.0
scenario_coarse,0.0,0.0,7.496240799820507,0.0,7.496240799820507,1.5979918608075536,3.2049453468208755,-2.110616572228996,-1.0000007932831068e-08,52.56768479821294,1e-08,49.8601906704172,screened_water_cap_0.00,conservative_site_selection,uniform_new_build,ample,uniform_google_ai_2024,portfolio_mean,central,gentd26_hourly_service_demand.csv,gentd26_aligned_regional_hourly_cef.csv,capacity_scenarios.csv,energy_calibration_bounds.csv,trace_timestamp_anonymized,single_row_default,0.15,20.0,carbon,211.9472222222222,211.94722220222218,2e-08,0.9999999999056368,0.1356748928713498,56.92722900944694,71.15903626180867,51.45818253122475,65.46631336086396,0.0,0.0,0.0,,,1e-08,True,True,0,0,4.440892098500626e-16,0.0,0.0,0.0,1e-08,2.018152777777778,0,0.0,506,3,0.0,0.0,183.1913055355556,0.0,0.0,28.755916666666668
scenario_coarse,0.25,1.8740601999551267,7.496240799820507,0.25,5.622180599865381,0.9428112780908151,1.890909893070658,-3.356972741863873,-9.999979511121637e-09,52.56768479821294,1e-08,49.8601906704172,screened_water_cap_0.25,conservative_site_selection,uniform_new_build,ample,uniform_google_ai_2024,portfolio_mean,central,gentd26_hourly_service_demand.csv,gentd26_aligned_regional_hourly_cef.csv,capacity_scenarios.csv,energy_calibration_bounds.csv,trace_timestamp_anonymized,single_row_default,0.15,20.0,carbon,211.9472222222222,211.9472222022222,2e-08,0.9999999999056369,0.14293397204530903,56.92722900944694,71.15903626180867,50.80300194850801,65.46631336086396,1.8740601999551267,0.02862632862224754,0.0,,,1e-08,True,True,0,672,4.440892098500626e-16,0.0,0.0,0.0,1e-08,2.018152777777778,0,0.0,530,3,0.0,0.0,181.65276386888894,5.6821875,0.3850833333333332,24.2271875
scenario_coarse,0.5,3.7481203999102535,7.496240799820507,0.5,3.7481203999102535,0.4629094649881722,0.9284149514149798,-4.269894463535273,-9.999979511121637e-09,52.56768479821294,1e-08,49.8601906704172,screened_water_cap_0.50,conservative_site_selection,uniform_new_build,ample,uniform_google_ai_2024,portfolio_mean,central,gentd26_hourly_service_demand.csv,gentd26_aligned_regional_hourly_cef.csv,capacity_scenarios.csv,energy_calibration_bounds.csv,trace_timestamp_anonymized,single_row_default,0.15,20.0,carbon,211.9472222222222,211.9472222022222,2e-08,0.9999999999056369,0.1485937930180453,56.92722900944695,71.15903626180867,50.32310013540537,65.46631336086396,3.7481203999102535,0.05725265724449508,0.0,,,1e-08,True,True,0,691,4.440892098500626e-16,0.0,0.0,0.0,1e-08,2.018152777777778,0,0.0,540,3,0.0,0.0,180.45318053555562,10.769708333333329,1.3648333333333333,19.35949999999999
scenario_coarse,0.75,5.622180599865381,7.496240799820507,0.7499999999999999,1.8740601999551272,0.13848829350351366,0.27775323688379316,-4.887043901883159,-9.999979511121637e-09,52.56768479821294,1e-08,49.8601906704172,screened_water_cap_0.75,conservative_site_selection,uniform_new_build,ample,uniform_google_ai_2024,portfolio_mean,central,gentd26_hourly_service_demand.csv,gentd26_aligned_regional_hourly_cef.csv,capacity_scenarios.csv,energy_calibration_bounds.csv,trace_timestamp_anonymized,single_row_default,0.15,20.0,carbon,211.9472222222222,211.9472222022222,2e-08,0.9999999999056369,0.14986258372864064,56.92722900944695,71.15903626180867,49.99867896392071,65.46631336086396,5.62218059986538,0.08587898586674261,0.0,,,1e-08,True,True,0,717,4.440892098500626e-16,0.0,0.0,0.0,1e-08,2.018152777777778,0,0.0,551,3,8.881784197001252e-16,0.0,180.1842638688889,15.616395833333328,2.585416666666667,13.561145833333326
scenario_coarse,1.0,7.496240799820507,7.496240799820507,0.9999999999999998,1.7763568394002505e-15,0.0,0.0,-5.150491481960384,-9.999979511121637e-09,52.56768479821294,1e-08,49.8601906704172,screened_water_cap_1.00,conservative_site_selection,uniform_new_build,ample,uniform_google_ai_2024,portfolio_mean,central,gentd26_hourly_service_demand.csv,gentd26_aligned_regional_hourly_cef.csv,capacity_scenarios.csv,energy_calibration_bounds.csv,trace_timestamp_anonymized,single_row_default,0.15,20.0,carbon,211.9472222222222,211.9472222022222,2e-08,0.9999999999056369,0.15000000001415445,56.92722900944694,71.15903626180867,49.8601906704172,65.46631336086396,7.496240799820505,0.11450531448899014,0.0,,,1e-08,True,True,0,728,4.440892098500626e-16,0.0,0.0,0.0,1e-08,2.018152777777778,0,0.0,554,3,1.7763568394002505e-15,0.0,180.15513886888897,19.913791666666672,4.355291666666667,7.523
scenario_coarse,0.0,0.0,7.496240799820507,0.0,7.496240799820507,1.5979918608075536,3.2049453468208755,-2.110616572228996,-1.0000007932831068e-08,52.56768479821294,1e-08,49.8601906704172,screened_water_cap_0.00,conservative_site_selection,uniform_new_build,ample,uniform_google_ai_2024,portfolio_mean,central,gentd26_hourly_service_demand.csv,gentd26_aligned_regional_hourly_cef.csv,capacity_scenarios.csv,energy_calibration_bounds.csv,trace_timestamp_anonymized,single_row_default,0.15,35.0,carbon,211.9472222222222,211.94722220222218,2e-08,0.9999999999056368,0.1356748928713498,56.92722900944694,71.15903626180867,51.45818253122475,65.46631336086396,0.0,0.0,0.0,,,1e-08,True,True,0,0,4.440892098500626e-16,0.0,0.0,0.0,1e-08,2.018152777777778,0,0.0,506,3,0.0,0.0,183.1913055355556,0.0,0.0,28.755916666666668
scenario_coarse,0.25,1.8740601999551267,7.496240799820507,0.25,5.622180599865381,0.9428112780908151,1.890909893070658,-3.356972741863873,-9.999979511121637e-09,52.56768479821294,1e-08,49.8601906704172,screened_water_cap_0.25,conservative_site_selection,uniform_new_build,ample,uniform_google_ai_2024,portfolio_mean,central,gentd26_hourly_service_demand.csv,gentd26_aligned_regional_hourly_cef.csv,capacity_scenarios.csv,energy_calibration_bounds.csv,trace_timestamp_anonymized,single_row_default,0.15,35.0,carbon,211.9472222222222,211.9472222022222,2e-08,0.9999999999056369,0.14293397204530903,56.92722900944694,71.15903626180867,50.80300194850801,65.46631336086396,1.8740601999551267,0.02862632862224754,0.0,,,1e-08,True,True,0,672,4.440892098500626e-16,0.0,0.0,0.0,1e-08,2.018152777777778,0,0.0,530,3,0.0,0.0,181.65276386888894,5.6821875,0.3850833333333332,24.2271875
scenario_coarse,0.5,3.7481203999102535,7.496240799820507,0.5,3.7481203999102535,0.4629094649881722,0.9284149514149798,-4.269894463535273,-9.999979511121637e-09,52.56768479821294,1e-08,49.8601906704172,screened_water_cap_0.50,conservative_site_selection,uniform_new_build,ample,uniform_google_ai_2024,portfolio_mean,central,gentd26_hourly_service_demand.csv,gentd26_aligned_regional_hourly_cef.csv,capacity_scenarios.csv,energy_calibration_bounds.csv,trace_timestamp_anonymized,single_row_default,0.15,35.0,carbon,211.9472222222222,211.9472222022222,2e-08,0.9999999999056369,0.1485937930180453,56.92722900944695,71.15903626180867,50.32310013540537,65.46631336086396,3.7481203999102535,0.05725265724449508,0.0,,,1e-08,True,True,0,691,4.440892098500626e-16,0.0,0.0,0.0,1e-08,2.018152777777778,0,0.0,540,3,0.0,0.0,180.45318053555562,10.769708333333329,1.3648333333333333,19.35949999999999
scenario_coarse,0.75,5.622180599865381,7.496240799820507,0.7499999999999999,1.8740601999551272,0.13848829350351366,0.27775323688379316,-4.887043901883159,-9.999979511121637e-09,52.56768479821294,1e-08,49.8601906704172,screened_water_cap_0.75,conservative_site_selection,uniform_new_build,ample,uniform_google_ai_2024,portfolio_mean,central,gentd26_hourly_service_demand.csv,gentd26_aligned_regional_hourly_cef.csv,capacity_scenarios.csv,energy_calibration_bounds.csv,trace_timestamp_anonymized,single_row_default,0.15,35.0,carbon,211.9472222222222,211.9472222022222,2e-08,0.9999999999056369,0.14986258372864064,56.92722900944695,71.15903626180867,49.99867896392071,65.46631336086396,5.62218059986538,0.08587898586674261,0.0,,,1e-08,True,True,0,717,4.440892098500626e-16,0.0,0.0,0.0,1e-08,2.018152777777778,0,0.0,551,3,8.881784197001252e-16,0.0,180.1842638688889,15.616395833333328,2.585416666666667,13.561145833333326
scenario_coarse,1.0,7.496240799820507,7.496240799820507,0.9999999999999998,1.7763568394002505e-15,0.0,0.0,-5.150491481960384,-9.999979511121637e-09,52.56768479821294,1e-08,49.8601906704172,screened_water_cap_1.00,conservative_site_selection,uniform_new_build,ample,uniform_google_ai_2024,portfolio_mean,central,gentd26_hourly_service_demand.csv,gentd26_aligned_regional_hourly_cef.csv,capacity_scenarios.csv,energy_calibration_bounds.csv,trace_timestamp_anonymized,single_row_default,0.15,35.0,carbon,211.9472222222222,211.9472222022222,2e-08,0.9999999999056369,0.15000000001415445,56.92722900944694,71.15903626180867,49.8601906704172,65.46631336086396,7.496240799820505,0.11450531448899014,0.0,,,1e-08,True,True,0,728,4.440892098500626e-16,0.0,0.0,0.0,1e-08,2.018152777777778,0,0.0,554,3,1.7763568394002505e-15,0.0,180.15513886888897,19.913791666666672,4.355291666666667,7.523
scenario_coarse,0.0,0.0,19.447332907257135,0.0,19.447332907257135,4.484155905523906,9.325762915150104,-5.017464221879209e-09,-1.0000007932831068e-08,52.56768479821294,1e-08,48.08352889005147,screened_water_cap_0.00,conservative_site_selection,uniform_new_build,ample,uniform_google_ai_2024,portfolio_mean,central,gentd26_hourly_service_demand.csv,gentd26_aligned_regional_hourly_cef.csv,capacity_scenarios.csv,energy_calibration_bounds.csv,trace_timestamp_anonymized,single_row_default,0.3,15.0,carbon,211.9472222222222,211.94722220222218,2e-08,0.9999999999056368,0.0,56.92722900944693,71.15903626180867,52.567684795575374,65.46631336086396,0.0,0.0,0.0,,,1e-08,True,True,0,0,0.0,0.0,0.0,0.0,1e-08,1.4919444444444445,0,0.0,184,1,0.0,0.0,211.94722220222224,0.0,0.0,0.0
scenario_coarse,0.25,4.861833226814284,19.447332907257135,0.24999999999999994,14.585499680442851,2.548144409239171,5.299412227138722,-3.682892838735241,-9.999979511121637e-09,52.56768479821294,1e-08,48.08352889005147,screened_water_cap_0.25,conservative_site_selection,uniform_new_build,ample,uniform_google_ai_2024,portfolio_mean,central,gentd26_hourly_service_demand.csv,gentd26_aligned_regional_hourly_cef.csv,capacity_scenarios.csv,energy_calibration_bounds.csv,trace_timestamp_anonymized,single_row_default,0.3,15.0,carbon,211.9472222222222,211.9472222022222,2e-08,0.9999999999056369,0.0742646557782297,56.92722900944693,71.15903626180868,50.63167329929064,65.46631336086396,4.861833226814283,0.0742646557782297,0.0,,,1e-08,True,True,0,1,2.220446049250313e-16,0.0,0.0,0.0,1e-08,1.4919444444444445,0,0.0,291,1,8.881784197001252e-16,0.0,196.20703470222224,15.740187499999998,0.0,0.0
scenario_coarse,0.5,9.723666453628567,19.447332907257135,0.5,9.723666453628567,1.1694430586401978,2.432107388195792,-6.30560935343677,-9.999979511121637e-09,52.56768479821294,1e-08,48.08352889005147,screened_water_cap_0.50,conservative_site_selection,uniform_new_build,ample,uniform_google_ai_2024,portfolio_mean,central,gentd26_hourly_service_demand.csv,gentd26_aligned_regional_hourly_cef.csv,capacity_scenarios.csv,energy_calibration_bounds.csv,trace_timestamp_anonymized,single_row_default,0.3,15.0,carbon,211.9472222222222,211.9472222022222,2e-08,0.9999999999056369,0.14852931155645943,56.92722900944693,71.15903626180867,49.252971948691666,65.46631336086396,9.723666453628567,0.14852931155645943,0.0,,,1e-08,True,True,0,1,2.220446049250313e-16,0.0,0.0,0.0,1e-08,1.4919444444444445,0,0.0,370,1,0.0,0.0,180.4668472022222,31.480375000000006,0.0,0.0
scenario_coarse,0.75,14.585499680442851,19.447332907257135,0.7500000000000002,4.86183322681428,0.29972113262816436,0.6233343091633481,-7.960089533324011,-1.0000007932831068e-08,52.56768479821294,1e-08,48.08352889005147,screened_water_cap_0.75,conservative_site_selection,uniform_new_build,ample,uniform_google_ai_2024,portfolio_mean,central,gentd26_hourly_service_demand.csv,gentd26_aligned_regional_hourly_cef.csv,capacity_scenarios.csv,energy_calibration_bounds.csv,trace_timestamp_anonymized,single_row_default,0.3,15.0,carbon,211.9472222222222,211.94722220222218,2e-08,0.9999999999056368,0.22279396733468923,56.92722900944693,71.15903626180867,48.38325002267963,65.46631336086396,14.585499680442854,0.22279396733468923,0.0,,,1e-08,True,True,0,1,2.220446049250313e-16,0.0,0.0,0.0,1e-08,1.4919444444444445,0,0.0,454,1,-3.552713678800501e-15,3.552713678800501e-15,164.72665970222215,47.220562500000035,0.0,0.0
scenario_coarse,1.0,19.447332907257135,19.447332907257135,1.0,0.0,0.0,0.0,-8.530251856010807,-1.0000007932831068e-08,52.56768479821294,1e-08,48.08352889005147,screened_water_cap_1.00,conservative_site_selection,uniform_new_build,ample,uniform_google_ai_2024,portfolio_mean,central,gentd26_hourly_service_demand.csv,gentd26_aligned_regional_hourly_cef.csv,capacity_scenarios.csv,energy_calibration_bounds.csv,trace_timestamp_anonymized,single_row_default,0.3,15.0,carbon,211.9472222222222,211.94722220222218,2e-08,0.9999999999056368,0.29705862311291886,56.92722900944693,71.15903626180867,48.08352889005147,65.46631336086396,19.447332907257135,0.29705862311291886,0.0,,,1e-08,True,True,0,0,4.440892098500626e-16,0.0,0.0,0.0,1e-08,1.9475833333333334,0,0.0,539,1,0.0,0.0,148.9864722022222,62.96075000000003,0.0,0.0
scenario_coarse,0.0,0.0,14.992481599641014,0.0,14.992481599641014,3.1959837216151,6.777944753482901,-4.221233139440539,-9.999979511121637e-09,52.56768479821294,1e-08,47.152696545259026,screened_water_cap_0.00,conservative_site_selection,uniform_new_build,ample,uniform_google_ai_2024,portfolio_mean,central,gentd26_hourly_service_demand.csv,gentd26_aligned_regional_hourly_cef.csv,capacity_scenarios.csv,energy_calibration_bounds.csv,trace_timestamp_anonymized,single_row_default,0.3,20.0,carbon,211.9472222222222,211.9472222022222,2e-08,0.9999999999056369,0.2713497857426995,56.92722900944693,71.15903626180867,50.348680266874126,65.46631336086396,0.0,0.0,0.0,,,1e-08,True,True,0,0,4.440892098500626e-16,0.0,0.0,0.0,1e-08,1.9475833333333334,0,0.0,506,3,0.0,0.0,154.43538886888885,0.0,0.0,57.511833333333335
scenario_coarse,0.25,3.7481203999102535,14.992481599641014,0.25,11.244361199730761,1.8856225561816302,3.998970778631361,-6.71394547871027,-9.999979511121637e-09,52.56768479821294,1e-08,47.152696545259026,screened_water_cap_0.25,conservative_site_selection,uniform_new_build,ample,uniform_google_ai_2024,portfolio_mean,central,gentd26_hourly_service_demand.csv,gentd26_aligned_regional_hourly_cef.csv,capacity_scenarios.csv,energy_calibration_bounds.csv,trace_timestamp_anonymized,single_row_default,0.3,20.0,carbon,211.9472222222222,211.9472222022222,2e-08,0.9999999999056369,0.28586794409061805,56.92722900944693,71.15903626180867,49.038319101440656,65.46631336086396,3.7481203999102535,0.05725265724449508,0.0,,,1e-08,True,True,0,666,4.440892098500626e-16,0.0,0.0,0.0,1e-08,1.9475833333333334,0,0.0,530,3,0.0,0.0,151.3583055355555,11.364375,0.7701666666666664,48.454375
scenario_coarse,0.5,7.496240799820507,14.992481599641014,0.5,7.496240799820507,0.9258189299763373,1.9634485359447007,-8.539788922053093,-9.999979511121637e-09,52.56768479821294,1e-08,47.152696545259026,screened_water_cap_0.50,conservative_site_selection,uniform_new_build,ample,uniform_google_ai_2024,portfolio_mean,central,gentd26_hourly_service_demand.csv,gentd26_aligned_regional_hourly_cef.csv,capacity_scenarios.csv,energy_calibration_bounds.csv,trace_timestamp_anonymized,single_row_default,0.3,20.0,carbon,211.9472222222222,211.9472222022222,2e-08,0.9999999999056369,0.2971875860360906,56.92722900944693,71.15903626180867,48.07851547523536,65.46631336086396,7.496240799820507,0.11450531448899016,0.0,,,1e-08,True,True,0,689,4.440892098500626e-16,0.0,0.0,0.0,1e-08,1.9475833333333334,0,0.0,540,3,0.0,0.0,148.95913886888886,21.539416666666657,2.7296666666666667,38.71899999999998
scenario_coarse,0.75,11.244361199730761,14.992481599641014,0.7499999999999999,3.7481203999102544,0.2769765870070273,0.5874034939681083,-9.774087798748853,-1.0000007932831068e-08,52.56768479821294,1e-08,47.152696545259026,screened_water_cap_0.75,conservative_site_selection,uniform_new_build,ample,uniform_google_ai_2024,portfolio_mean,central,gentd26_hourly_service_demand.csv,gentd26_aligned_regional_hourly_cef.csv,capacity_scenarios.csv,energy_calibration_bounds.csv,trace_timestamp_anonymized,single_row_default,0.3,20.0,carbon,211.9472222222222,211.94722220222218,2e-08,0.9999999999056368,0.29972516745728134,56.92722900944693,71.15903626180867,47.42967313226605,65.46631336086396,11.24436119973076,0.17175797173348523,0.0,,,1e-08,True,True,0,693,4.440892098500626e-16,0.0,0.0,0.0,1e-08,1.9475833333333334,0,0.0,551,3,1.7763568394002505e-15,0.0,148.42130553555552,31.232791666666657,5.170833333333334,27.12229166666665
scenario_coarse,1.0,14.992481599641014,14.992481599641014,0.9999999999999998,3.552713678800501e-15,0.0,0.0,-10.300982958903294,-1.0000007932831068e-08,52.56768479821294,1e-08,47.152696545259026,screened_water_cap_1.00,conservative_site_selection,uniform_new_build,ample,uniform_google_ai_2024,portfolio_mean,central,gentd26_hourly_service_demand.csv,gentd26_aligned_regional_hourly_cef.csv,capacity_scenarios.csv,energy_calibration_bounds.csv,trace_timestamp_anonymized,single_row_default,0.3,20.0,carbon,211.9472222222222,211.94722220222218,2e-08,0.9999999999056368,0.30000000002830896,56.92722900944693,71.15903626180867,47.152696545259026,65.46631336086396,14.99248159964101,0.22901062897798027,0.0,,,1e-08,True,True,0,705,4.440892098500626e-16,0.0,0.0,0.0,1e-08,1.9475833333333334,0,0.0,554,3,3.552713678800501e-15,0.0,148.36305553555553,39.827583333333344,8.710583333333334,15.046
scenario_coarse,0.0,0.0,14.992481599641014,0.0,14.992481599641014,3.1959837216151,6.777944753482901,-4.221233139440539,-9.999979511121637e-09,52.56768479821294,1e-08,47.152696545259026,screened_water_cap_0.00,conservative_site_selection,uniform_new_build,ample,uniform_google_ai_2024,portfolio_mean,central,gentd26_hourly_service_demand.csv,gentd26_aligned_regional_hourly_cef.csv,capacity_scenarios.csv,energy_calibration_bounds.csv,trace_timestamp_anonymized,single_row_default,0.3,35.0,carbon,211.9472222222222,211.9472222022222,2e-08,0.9999999999056369,0.2713497857426995,56.92722900944693,71.15903626180867,50.348680266874126,65.46631336086396,0.0,0.0,0.0,,,1e-08,True,True,0,0,4.440892098500626e-16,0.0,0.0,0.0,1e-08,1.9475833333333334,0,0.0,506,3,0.0,0.0,154.43538886888885,0.0,0.0,57.511833333333335
scenario_coarse,0.25,3.7481203999102535,14.992481599641014,0.25,11.244361199730761,1.8856225561816302,3.998970778631361,-6.71394547871027,-9.999979511121637e-09,52.56768479821294,1e-08,47.152696545259026,screened_water_cap_0.25,conservative_site_selection,uniform_new_build,ample,uniform_google_ai_2024,portfolio_mean,central,gentd26_hourly_service_demand.csv,gentd26_aligned_regional_hourly_cef.csv,capacity_scenarios.csv,energy_calibration_bounds.csv,trace_timestamp_anonymized,single_row_default,0.3,35.0,carbon,211.9472222222222,211.9472222022222,2e-08,0.9999999999056369,0.28586794409061805,56.92722900944693,71.15903626180867,49.038319101440656,65.46631336086396,3.7481203999102535,0.05725265724449508,0.0,,,1e-08,True,True,0,666,4.440892098500626e-16,0.0,0.0,0.0,1e-08,1.9475833333333334,0,0.0,530,3,0.0,0.0,151.3583055355555,11.364375,0.7701666666666664,48.454375
scenario_coarse,0.5,7.496240799820507,14.992481599641014,0.5,7.496240799820507,0.9258189299763373,1.9634485359447007,-8.539788922053093,-9.999979511121637e-09,52.56768479821294,1e-08,47.152696545259026,screened_water_cap_0.50,conservative_site_selection,uniform_new_build,ample,uniform_google_ai_2024,portfolio_mean,central,gentd26_hourly_service_demand.csv,gentd26_aligned_regional_hourly_cef.csv,capacity_scenarios.csv,energy_calibration_bounds.csv,trace_timestamp_anonymized,single_row_default,0.3,35.0,carbon,211.9472222222222,211.9472222022222,2e-08,0.9999999999056369,0.2971875860360906,56.92722900944693,71.15903626180867,48.07851547523536,65.46631336086396,7.496240799820507,0.11450531448899016,0.0,,,1e-08,True,True,0,689,4.440892098500626e-16,0.0,0.0,0.0,1e-08,1.9475833333333334,0,0.0,540,3,0.0,0.0,148.95913886888886,21.539416666666657,2.7296666666666667,38.71899999999998
scenario_coarse,0.75,11.244361199730761,14.992481599641014,0.7499999999999999,3.7481203999102544,0.2769765870070273,0.5874034939681083,-9.774087798748853,-1.0000007932831068e-08,52.56768479821294,1e-08,47.152696545259026,screened_water_cap_0.75,conservative_site_selection,uniform_new_build,ample,uniform_google_ai_2024,portfolio_mean,central,gentd26_hourly_service_demand.csv,gentd26_aligned_regional_hourly_cef.csv,capacity_scenarios.csv,energy_calibration_bounds.csv,trace_timestamp_anonymized,single_row_default,0.3,35.0,carbon,211.9472222222222,211.94722220222218,2e-08,0.9999999999056368,0.29972516745728134,56.92722900944693,71.15903626180867,47.42967313226605,65.46631336086396,11.24436119973076,0.17175797173348523,0.0,,,1e-08,True,True,0,693,4.440892098500626e-16,0.0,0.0,0.0,1e-08,1.9475833333333334,0,0.0,551,3,1.7763568394002505e-15,0.0,148.42130553555552,31.232791666666657,5.170833333333334,27.12229166666665
scenario_coarse,1.0,14.992481599641014,14.992481599641014,0.9999999999999998,3.552713678800501e-15,0.0,0.0,-10.300982958903294,-1.0000007932831068e-08,52.56768479821294,1e-08,47.152696545259026,screened_water_cap_1.00,conservative_site_selection,uniform_new_build,ample,uniform_google_ai_2024,portfolio_mean,central,gentd26_hourly_service_demand.csv,gentd26_aligned_regional_hourly_cef.csv,capacity_scenarios.csv,energy_calibration_bounds.csv,trace_timestamp_anonymized,single_row_default,0.3,35.0,carbon,211.9472222222222,211.94722220222218,2e-08,0.9999999999056368,0.30000000002830896,56.92722900944693,71.15903626180867,47.152696545259026,65.46631336086396,14.99248159964101,0.22901062897798027,0.0,,,1e-08,True,True,0,705,4.440892098500626e-16,0.0,0.0,0.0,1e-08,1.9475833333333334,0,0.0,554,3,3.552713678800501e-15,0.0,148.36305553555553,39.827583333333344,8.710583333333334,15.046
scenario_coarse,0.0,0.0,32.41222151209522,0.0,32.41222151209522,7.473593175873177,16.573331244592282,-5.017464221879209e-09,-1.0000007932831068e-08,52.56768479821294,1e-08,45.0940916197022,screened_water_cap_0.00,conservative_site_selection,uniform_new_build,ample,uniform_google_ai_2024,portfolio_mean,central,gentd26_hourly_service_demand.csv,gentd26_aligned_regional_hourly_cef.csv,capacity_scenarios.csv,energy_calibration_bounds.csv,trace_timestamp_anonymized,single_row_default,0.5,15.0,carbon,211.9472222222222,211.94722220222218,2e-08,0.9999999999056368,0.0,56.92722900944693,71.15903626180867,52.567684795575374,65.46631336086396,0.0,0.0,0.0,,,1e-08,True,True,0,0,0.0,0.0,0.0,0.0,1e-08,1.4919444444444445,0,0.0,184,1,0.0,0.0,211.94722220222224,0.0,0.0,0.0
scenario_coarse,0.25,8.103055378023805,32.41222151209522,0.2499999999999999,24.30916613407142,4.246907348731959,9.417879806844653,-6.138154727880418,-9.999979511121637e-09,52.56768479821294,1e-08,45.0940916197022,screened_water_cap_0.25,conservative_site_selection,uniform_new_build,ample,uniform_google_ai_2024,portfolio_mean,central,gentd26_hourly_service_demand.csv,gentd26_aligned_regional_hourly_cef.csv,capacity_scenarios.csv,energy_calibration_bounds.csv,trace_timestamp_anonymized,single_row_default,0.5,15.0,carbon,211.9472222222222,211.9472222022222,2e-08,0.9999999999056369,0.12377442629704948,56.92722900944694,71.15903626180867,49.34099896843416,65.46631336086396,8.103055378023802,0.12377442629704948,0.0,,,1e-08,True,True,0,1,0.0,0.0,0.0,0.0,1e-08,1.4919444444444445,0,0.0,291,1,3.552713678800501e-15,0.0,185.7135763688889,26.233645833333316,0.0,0.0
scenario_coarse,0.5,16.20611075604761,32.41222151209522,0.5,16.20611075604761,1.9490717644003368,4.322233122772912,-10.509348919049621,-1.0000007932831068e-08,52.56768479821294,1e-08,45.0940916197022,screened_water_cap_0.50,conservative_site_selection,uniform_new_build,ample,uniform_google_ai_2024,portfolio_mean,central,gentd26_hourly_service_demand.csv,gentd26_aligned_regional_hourly_cef.csv,capacity_scenarios.csv,energy_calibration_bounds.csv,trace_timestamp_anonymized,single_row_default,0.5,15.0,carbon,211.9472222222222,211.94722220222218,2e-08,0.9999999999056368,0.24754885259409912,56.92722900944693,71.15903626180867,47.043163384102535,65.46631336086396,16.20611075604761,0.24754885259409906,0.0,,,1e-08,True,True,0,1,0.0,0.0,0.0,0.0,1e-08,1.4919444444444445,0,0.0,370,1,0.0,0.0,159.4799305355556,52.46729166666669,0.0,0.0
scenario_coarse,0.75,24.30916613407142,32.41222151209522,0.7500000000000004,8.10305537802379,0.4995352210469335,1.107762021818126,-13.266815885528393,-1.0000007932831068e-08,52.56768479821294,1e-08,45.0940916197022,screened_water_cap_0.75,conservative_site_selection,uniform_new_build,ample,uniform_google_ai_2024,portfolio_mean,central,gentd26_hourly_service_demand.csv,gentd26_aligned_regional_hourly_cef.csv,capacity_scenarios.csv,energy_calibration_bounds.csv,trace_timestamp_anonymized,single_row_default,0.5,15.0,carbon,211.9472222222222,211.94722220222218,2e-08,0.9999999999056368,0.37132327889114897,56.92722900944693,71.15903626180867,45.59362684074913,65.46631336086396,24.309166134071432,0.3713232788911488,0.0,,,1e-08,True,True,0,1,0.0,0.0,0.0,0.0,1e-08,1.4241666666666666,0,0.0,454,1,-1.4210854715202004e-14,1.4210854715202004e-14,133.2462847022222,78.7009375000001,0.0,0.0
scenario_coarse,1.0,32.41222151209522,32.41222151209522,1.0,0.0,0.0,0.0,-14.217086423339698,-1.0000007932831068e-08,52.56768479821294,1e-08,45.0940916197022,screened_water_cap_1.00,conservative_site_selection,uniform_new_build,ample,uniform_google_ai_2024,portfolio_mean,central,gentd26_hourly_service_demand.csv,gentd26_aligned_regional_hourly_cef.csv,capacity_scenarios.csv,energy_calibration_bounds.csv,trace_timestamp_anonymized,single_row_default,0.5,15.0,carbon,211.9472222222222,211.94722220222218,2e-08,0.9999999999056368,0.49509770518819807,56.92722900944693,71.15903626180867,45.0940916197022,65.46631336086396,32.41222151209522,0.4950977051881981,0.0,,,1e-08,True,True,0,0,0.0,0.0,0.0,0.0,1e-08,1.2459722222222223,0,0.0,539,1,0.0,0.0,107.01263886888887,104.93458333333334,0.0,0.0
scenario_coarse,0.0,0.0,24.98746933273502,0.0,24.98746933273502,5.326639536025162,12.233138965685807,-7.035388562389255,-9.999979511121637e-09,52.56768479821294,1e-08,43.542704378381465,screened_water_cap_0.00,conservative_site_selection,uniform_new_build,ample,uniform_google_ai_2024,portfolio_mean,central,gentd26_hourly_service_demand.csv,gentd26_aligned_regional_hourly_cef.csv,capacity_scenarios.csv,energy_calibration_bounds.csv,trace_timestamp_anonymized,single_row_default,0.5,20.0,carbon,211.9472222222222,211.9472222022222,2e-08,0.9999999999056369,0.4522496429044993,56.92722900944693,71.15903626180867,48.86934391440663,65.46631336086396,0.0,0.0,0.0,,,1e-08,True,True,0,0,0.0,0.0,0.0,0.0,1e-08,1.2459722222222223,0,0.0,506,3,0.0,0.0,116.09416664666671,0.0,0.0,95.85305555555557
scenario_coarse,0.25,6.246867333183755,24.98746933273502,0.24999999999999997,18.740601999551266,3.1427042603027076,7.217521982541419,-11.189909127838815,-9.999979511121637e-09,52.56768479821294,1e-08,43.542704378381465,screened_water_cap_0.25,conservative_site_selection,uniform_new_build,ample,uniform_google_ai_2024,portfolio_mean,central,gentd26_hourly_service_demand.csv,gentd26_aligned_regional_hourly_cef.csv,capacity_scenarios.csv,energy_calibration_bounds.csv,trace_timestamp_anonymized,single_row_default,0.5,20.0,carbon,211.9472222222222,211.9472222022222,2e-08,0.9999999999056369,0.47644657348436353,56.92722900944693,71.15903626180867,46.68540863868417,65.46631336086396,6.246867333183754,0.09542109540749179,0.0,,,1e-08,True,True,0,671,2.220446049250313e-16,0.0,0.0,0.0,1e-08,1.2459722222222223,0,0.0,530,3,8.881784197001252e-16,0.0,110.96569442444444,18.940624999999994,1.283611111111111,80.75729166666669
scenario_coarse,0.5,12.49373466636751,24.98746933273502,0.5000000000000001,12.493734666367509,1.543031549960567,3.5437200605451302,-14.232981533410161,-9.999979511121637e-09,52.56768479821294,1e-08,43.542704378381465,screened_water_cap_0.50,conservative_site_selection,uniform_new_build,ample,uniform_google_ai_2024,portfolio_mean,central,gentd26_hourly_service_demand.csv,gentd26_aligned_regional_hourly_cef.csv,capacity_scenarios.csv,energy_calibration_bounds.csv,trace_timestamp_anonymized,single_row_default,0.5,20.0,carbon,211.9472222222222,211.9472222022222,2e-08,0.9999999999056369,0.4953126433934844,56.92722900944693,71.15903626180867,45.08573592834203,65.46631336086396,12.493734666367512,0.19084219081498363,0.0,,,1e-08,True,True,0,679,0.0,0.0,0.0,0.0,1e-08,1.2459722222222223,0,0.0,540,3,-1.7763568394002505e-15,1.7763568394002505e-15,106.96708331333335,35.899027777777775,4.549444444444444,64.53166666666665
scenario_coarse,0.75,18.740601999551266,24.98746933273502,0.75,6.246867333183754,0.4616276450117027,1.0601721955536103,-16.29014632790312,-9.999979511121637e-09,52.56768479821294,1e-08,43.542704378381465,screened_water_cap_0.75,conservative_site_selection,uniform_new_build,ample,uniform_google_ai_2024,portfolio_mean,central,gentd26_hourly_service_demand.csv,gentd26_aligned_regional_hourly_cef.csv,capacity_scenarios.csv,energy_calibration_bounds.csv,trace_timestamp_anonymized,single_row_default,0.5,20.0,carbon,211.9472222222222,211.9472222022222,2e-08,0.9999999999056369,0.49954194576213556,56.92722900944693,71.15903626180867,44.00433202339317,65.46631336086396,18.740601999551266,0.2862632862224754,0.0,,,1e-08,True,True,0,680,5.551115123125783e-17,0.0,0.0,0.0,1e-08,1.2459722222222223,0,0.0,551,3,0.0,0.0,106.07069442444444,52.05465277777778,8.618055555555554,45.20381944444441
scenario_coarse,1.0,24.98746933273502,24.98746933273502,1.0000000000000007,-1.7763568394002505e-14,0.0,0.0,-17.168304928160506,-9.999979511121637e-09,52.56768479821294,1e-08,43.542704378381465,screened_water_cap_1.00,conservative_site_selection,uniform_new_build,ample,uniform_google_ai_2024,portfolio_mean,central,gentd26_hourly_service_demand.csv,gentd26_aligned_regional_hourly_cef.csv,capacity_scenarios.csv,energy_calibration_bounds.csv,trace_timestamp_anonymized,single_row_default,0.5,20.0,carbon,211.9472222222222,211.9472222022222,2e-08,0.9999999999056369,0.5000000000471815,56.92722900944693,71.15903626180867,43.542704378381465,65.46631336086396,24.98746933273504,0.38168438162996743,0.0,,,1e-08,True,True,0,683,0.0,0.0,0.0,0.0,1e-08,1.2459722222222223,0,0.0,554,3,-1.7763568394002505e-14,1.7763568394002505e-14,105.97361109111111,66.37930555555566,14.51763888888889,25.076666666666615
scenario_coarse,0.0,0.0,24.98746933273502,0.0,24.98746933273502,5.326639536025162,12.233138965685807,-7.035388562389255,-9.999979511121637e-09,52.56768479821294,1e-08,43.542704378381465,screened_water_cap_0.00,conservative_site_selection,uniform_new_build,ample,uniform_google_ai_2024,portfolio_mean,central,gentd26_hourly_service_demand.csv,gentd26_aligned_regional_hourly_cef.csv,capacity_scenarios.csv,energy_calibration_bounds.csv,trace_timestamp_anonymized,single_row_default,0.5,35.0,carbon,211.9472222222222,211.9472222022222,2e-08,0.9999999999056369,0.4522496429044993,56.92722900944693,71.15903626180867,48.86934391440663,65.46631336086396,0.0,0.0,0.0,,,1e-08,True,True,0,0,0.0,0.0,0.0,0.0,1e-08,1.2459722222222223,0,0.0,506,3,0.0,0.0,116.09416664666671,0.0,0.0,95.85305555555557
scenario_coarse,0.25,6.246867333183755,24.98746933273502,0.24999999999999997,18.740601999551266,3.1427042603027076,7.217521982541419,-11.189909127838815,-9.999979511121637e-09,52.56768479821294,1e-08,43.542704378381465,screened_water_cap_0.25,conservative_site_selection,uniform_new_build,ample,uniform_google_ai_2024,portfolio_mean,central,gentd26_hourly_service_demand.csv,gentd26_aligned_regional_hourly_cef.csv,capacity_scenarios.csv,energy_calibration_bounds.csv,trace_timestamp_anonymized,single_row_default,0.5,35.0,carbon,211.9472222222222,211.9472222022222,2e-08,0.9999999999056369,0.47644657348436353,56.92722900944693,71.15903626180867,46.68540863868417,65.46631336086396,6.246867333183754,0.09542109540749179,0.0,,,1e-08,True,True,0,671,2.220446049250313e-16,0.0,0.0,0.0,1e-08,1.2459722222222223,0,0.0,530,3,8.881784197001252e-16,0.0,110.96569442444444,18.940624999999994,1.283611111111111,80.75729166666669
scenario_coarse,0.5,12.49373466636751,24.98746933273502,0.5000000000000001,12.493734666367509,1.543031549960567,3.5437200605451302,-14.232981533410161,-9.999979511121637e-09,52.56768479821294,1e-08,43.542704378381465,screened_water_cap_0.50,conservative_site_selection,uniform_new_build,ample,uniform_google_ai_2024,portfolio_mean,central,gentd26_hourly_service_demand.csv,gentd26_aligned_regional_hourly_cef.csv,capacity_scenarios.csv,energy_calibration_bounds.csv,trace_timestamp_anonymized,single_row_default,0.5,35.0,carbon,211.9472222222222,211.9472222022222,2e-08,0.9999999999056369,0.4953126433934844,56.92722900944693,71.15903626180867,45.08573592834203,65.46631336086396,12.493734666367512,0.19084219081498363,0.0,,,1e-08,True,True,0,679,0.0,0.0,0.0,0.0,1e-08,1.2459722222222223,0,0.0,540,3,-1.7763568394002505e-15,1.7763568394002505e-15,106.96708331333335,35.899027777777775,4.549444444444444,64.53166666666665
scenario_coarse,0.75,18.740601999551266,24.98746933273502,0.75,6.246867333183754,0.4616276450117027,1.0601721955536103,-16.29014632790312,-9.999979511121637e-09,52.56768479821294,1e-08,43.542704378381465,screened_water_cap_0.75,conservative_site_selection,uniform_new_build,ample,uniform_google_ai_2024,portfolio_mean,central,gentd26_hourly_service_demand.csv,gentd26_aligned_regional_hourly_cef.csv,capacity_scenarios.csv,energy_calibration_bounds.csv,trace_timestamp_anonymized,single_row_default,0.5,35.0,carbon,211.9472222222222,211.9472222022222,2e-08,0.9999999999056369,0.49954194576213556,56.92722900944693,71.15903626180867,44.00433202339317,65.46631336086396,18.740601999551266,0.2862632862224754,0.0,,,1e-08,True,True,0,680,5.551115123125783e-17,0.0,0.0,0.0,1e-08,1.2459722222222223,0,0.0,551,3,0.0,0.0,106.07069442444444,52.05465277777778,8.618055555555554,45.20381944444441
scenario_coarse,1.0,24.98746933273502,24.98746933273502,1.0000000000000007,-1.7763568394002505e-14,0.0,0.0,-17.168304928160506,-9.999979511121637e-09,52.56768479821294,1e-08,43.542704378381465,screened_water_cap_1.00,conservative_site_selection,uniform_new_build,ample,uniform_google_ai_2024,portfolio_mean,central,gentd26_hourly_service_demand.csv,gentd26_aligned_regional_hourly_cef.csv,capacity_scenarios.csv,energy_calibration_bounds.csv,trace_timestamp_anonymized,single_row_default,0.5,35.0,carbon,211.9472222222222,211.9472222022222,2e-08,0.9999999999056369,0.5000000000471815,56.92722900944693,71.15903626180867,43.542704378381465,65.46631336086396,24.98746933273504,0.38168438162996743,0.0,,,1e-08,True,True,0,683,0.0,0.0,0.0,0.0,1e-08,1.2459722222222223,0,0.0,554,3,-1.7763568394002505e-14,1.7763568394002505e-14,105.97361109111111,66.37930555555566,14.51763888888889,25.076666666666615
scenario_coarse,0.0,0.0,5.832787602982737,0.0,5.832787602982737,0.6176973513157122,1.668472943817001,-5.4523829895458675e-09,-9.999979511121637e-09,37.63941554213224,3.7516666766666673,37.02171818876428,screened_water_cap_0.00,equal_site_portfolio,uniform_new_build,tight,uniform_google_ai_2024,portfolio_mean,central,gentd26_hourly_service_demand.csv,gentd26_aligned_regional_hourly_cef.csv,capacity_scenarios.csv,energy_calibration_bounds.csv,trace_timestamp_anonymized,single_row_default,0.15,15.0,carbon,211.9472222222222,208.19555553555554,3.7516666866666672,0.9822990523426954,0.0,55.91956311375206,69.8994538921901,37.639415540079995,64.30749758081487,0.0,0.0,0.8814722222222227,,,3.7516666766666673,True,True,0,0,0.0,0.0,0.0,0.0,9.99999993922529e-09,0.0,11,0.0,184,1,0.0,0.0,208.1955555355556,0.0,0.0,0.0
scenario_coarse,0.25,1.4581969007456843,5.832787602982737,0.25,4.374590702237053,0.33926125227993964,0.9163844059050241,-0.7397460802130329,-9.999979511121637e-09,37.63941554213224,3.7516666766666673,37.02171818876428,screened_water_cap_0.25,equal_site_portfolio,uniform_new_build,tight,uniform_google_ai_2024,portfolio_mean,central,gentd26_hourly_service_demand.csv,gentd26_aligned_regional_hourly_cef.csv,capacity_scenarios.csv,energy_calibration_bounds.csv,trace_timestamp_anonymized,single_row_default,0.15,15.0,carbon,211.9472222222222,208.19555553555554,3.7516666866666672,0.9822990523426954,0.022675379319700265,55.91956311375206,69.8994538921901,37.36097944104422,64.30749758081487,1.4581969007456843,0.022675379319700265,0.8814722222222227,,,3.7516666766666673,True,True,0,214,2.220446049250313e-16,0.0,0.0,0.0,9.99999993922529e-09,0.0,11,0.0,243,1,0.0,0.0,203.47464234111112,4.720913194444446,0.0,0.0
scenario_coarse,0.5,2.9163938014913686,5.832787602982737,0.5,2.9163938014913686,0.17714504229599726,0.4784895217255558,-1.170454707456392,-9.999979511121637e-09,37.63941554213224,3.7516666766666673,37.02171818876428,screened_water_cap_0.50,equal_site_portfolio,uniform_new_build,tight,uniform_google_ai_2024,portfolio_mean,central,gentd26_hourly_service_demand.csv,gentd26_aligned_regional_hourly_cef.csv,capacity_scenarios.csv,energy_calibration_bounds.csv,trace_timestamp_anonymized,single_row_default,0.15,15.0,carbon,211.9472222222222,208.19555553555554,3.7516666866666672,0.9822990523426954,0.04535075863940053,55.91956311375207,69.8994538921901,37.19886323106028,64.30749758081487,2.9163938014913686,0.04535075863940053,0.8814722222222227,,,3.7516666766666673,True,True,0,214,2.220446049250313e-16,0.0,0.0,0.0,9.99999993922529e-09,0.0,11,0.0,290,1,0.0,0.0,198.75372914666667,9.441826388888884,0.0,0.0
scenario_coarse,0.75,4.374590702237053,5.832787602982737,0.7499999999999999,1.4581969007456852,0.05428178627663982,0.14662146689106148,-1.4968765029325426,-1.0000007932831068e-08,37.63941554213224,3.7516666766666673,37.02171818876428,screened_water_cap_0.75,equal_site_portfolio,uniform_new_build,tight,uniform_google_ai_2024,portfolio_mean,central,gentd26_hourly_service_demand.csv,gentd26_aligned_regional_hourly_cef.csv,capacity_scenarios.csv,energy_calibration_bounds.csv,trace_timestamp_anonymized,single_row_default,0.15,15.0,carbon,211.9472222222222,208.1955555355555,3.7516666866666677,0.9822990523426953,0.0680261379591008,55.91956311375206,69.89945389219008,37.07599997504092,64.30749758081487,4.374590702237052,0.06802613795910079,0.8814722222222227,,,3.7516666766666673,True,True,0,213,2.220446049250313e-16,0.0,0.0,0.0,1.00000003833145e-08,0.0,11,0.0,330,1,8.881784197001252e-16,0.0,194.03281595222225,14.16273958333333,0.0,0.0
scenario_coarse,1.0,5.832787602982737,5.832787602982737,1.0,0.0,0.0,0.0,-1.641091776987158,-9.999951089412207e-09,37.63941554213224,3.7516666766666673,37.02171818876428,screened_water_cap_1.00,equal_site_portfolio,uniform_new_build,tight,uniform_google_ai_2024,portfolio_mean,central,gentd26_hourly_service_demand.csv,gentd26_aligned_regional_hourly_cef.csv,capacity_scenarios.csv,energy_calibration_bounds.csv,trace_timestamp_anonymized,single_row_default,0.15,15.0,carbon,211.9472222222222,208.19555553555557,3.7516666866666677,0.9822990523426955,0.09070151727880106,55.91956311375207,69.8994538921901,37.02171818876428,64.30749758081487,5.832787602982737,0.09070151727880106,0.8814722222222227,,,3.7516666766666673,True,True,0,203,2.220446049250313e-16,0.0,0.0,0.0,1.00000003833145e-08,0.0,8,0.0,382,1,0.0,0.0,189.31190275777777,18.883652777777787,0.0,0.0
scenario_coarse,0.0,0.0,1.2125223354705221,0.0,1.2125223354705221,0.030325733948565414,0.08614338919321618,-6.390386991561603,-9.999979511121637e-09,37.63941554213224,3.7516666766666673,35.20378549367944,screened_water_cap_0.00,equal_site_portfolio,uniform_new_build,tight,uniform_google_ai_2024,portfolio_mean,central,gentd26_hourly_service_demand.csv,gentd26_aligned_regional_hourly_cef.csv,capacity_scenarios.csv,energy_calibration_bounds.csv,trace_timestamp_anonymized,single_row_default,0.15,20.0,carbon,211.9472222222222,208.19555553555554,3.7516666866666677,0.9822990523426954,0.15270298759045264,55.919563113752076,69.89945389219008,35.234111227628006,64.30749758081487,0.0,0.0,0.8814722222222227,,,3.7516666766666673,True,True,0,395,4.440892098500626e-16,0.0,0.0,0.0,1.00000003833145e-08,0.0,3,0.0,554,3,0.0,0.0,176.40347220222225,0.0,0.0,31.79208333333335
scenario_coarse,0.25,0.30313058386763053,1.2125223354705221,0.25,0.9093917516028915,0.014830375139275986,0.0421272170912923,-6.4315548964987705,-9.999979511121637e-09,37.63941554213224,3.7516666766666673,35.20378549367944,screened_water_cap_0.25,equal_site_portfolio,uniform_new_build,tight,uniform_google_ai_2024,portfolio_mean,central,gentd26_hourly_service_demand.csv,gentd26_aligned_regional_hourly_cef.csv,capacity_scenarios.csv,energy_calibration_bounds.csv,trace_timestamp_anonymized,single_row_default,0.15,20.0,carbon,211.9472222222222,208.19555553555554,3.7516666866666677,0.9822990523426954,0.15270298759045264,55.919563113752076,69.89945389219008,35.218615868818716,64.30749758081487,0.30313058386763053,0.004713767371941165,0.8814722222222227,,,3.7516666766666673,True,True,0,745,4.440892098500626e-16,0.0,0.0,0.0,1.00000003833145e-08,0.0,3,0.0,554,3,0.0,0.0,176.40347220222225,0.4545520833333333,0.5268333333333332,30.81069791666668
scenario_coarse,0.5,0.6062611677352611,1.2125223354705221,0.5,0.6062611677352611,0.005037475674491532,0.014309471563489495,-6.457572567931058,-9.999979511121637e-09,37.63941554213224,3.7516666766666673,35.20378549367944,screened_water_cap_0.50,equal_site_portfolio,uniform_new_build,tight,uniform_google_ai_2024,portfolio_mean,central,gentd26_hourly_service_demand.csv,gentd26_aligned_regional_hourly_cef.csv,capacity_scenarios.csv,energy_calibration_bounds.csv,trace_timestamp_anonymized,single_row_default,0.15,20.0,carbon,211.9472222222222,208.19555553555554,3.7516666866666677,0.9822990523426954,0.15270298759045264,55.919563113752076,69.89945389219008,35.20882296935393,64.30749758081487,0.6062611677352611,0.00942753474388233,0.8814722222222227,,,3.7516666766666673,True,True,0,752,4.440892098500626e-16,0.0,0.0,0.0,1.00000003833145e-08,0.0,3,0.0,554,3,0.0,0.0,176.40347220222225,1.0018125,0.9609583333333331,29.82931250000001
scenario_coarse,0.75,0.9093917516028915,1.2125223354705221,0.7499999999999997,0.3031305838676309,0.000928794528718413,0.0026383370870242118,-6.468488468421518,-9.999979511121637e-09,37.63941554213224,3.7516666766666673,35.20378549367944,screened_water_cap_0.75,equal_site_portfolio,uniform_new_build,tight,uniform_google_ai_2024,portfolio_mean,central,gentd26_hourly_service_demand.csv,gentd26_aligned_regional_hourly_cef.csv,capacity_scenarios.csv,energy_calibration_bounds.csv,trace_timestamp_anonymized,single_row_default,0.15,20.0,carbon,211.9472222222222,208.19555553555554,3.7516666866666677,0.9822990523426954,0.15270298759045264,55.919563113752076,69.89945389219008,35.20471428820816,64.30749758081487,0.9093917516028912,0.01414130211582349,0.8814722222222227,,,3.7516666766666673,True,True,0,749,4.440892098500626e-16,0.0,0.0,0.0,1.00000003833145e-08,0.0,3,0.0,554,3,3.3306690738754696e-16,0.0,176.40347220222225,1.5220833333333332,1.422072916666666,28.847927083333342
scenario_coarse,1.0,1.2125223354705221,1.2125223354705221,1.0,0.0,0.0,0.0,-6.470956079874412,-9.999979511121637e-09,37.63941554213224,3.7516666766666673,35.20378549367944,screened_water_cap_1.00,equal_site_portfolio,uniform_new_build,tight,uniform_google_ai_2024,portfolio_mean,central,gentd26_hourly_service_demand.csv,gentd26_aligned_regional_hourly_cef.csv,capacity_scenarios.csv,energy_calibration_bounds.csv,trace_timestamp_anonymized,single_row_default,0.15,20.0,carbon,211.9472222222222,208.19555553555554,3.7516666866666677,0.9822990523426954,0.15270298759045264,55.919563113752076,69.89945389219008,35.20378549367944,64.30749758081487,1.2125223354705221,0.01885506948776466,0.8814722222222227,,,3.7516666766666673,True,True,0,747,4.440892098500626e-16,0.0,0.0,0.0,1.00000003833145e-08,0.0,3,0.0,554,3,0.0,0.0,176.40347220222225,1.9265833333333329,1.9989583333333334,27.86654166666667
scenario_coarse,0.0,0.0,1.2125223354705221,0.0,1.2125223354705221,0.030325733948565414,0.08614338919321618,-6.390386991561603,-9.999979511121637e-09,37.63941554213224,3.7516666766666673,35.20378549367944,screened_water_cap_0.00,equal_site_portfolio,uniform_new_build,tight,uniform_google_ai_2024,portfolio_mean,central,gentd26_hourly_service_demand.csv,gentd26_aligned_regional_hourly_cef.csv,capacity_scenarios.csv,energy_calibration_bounds.csv,trace_timestamp_anonymized,single_row_default,0.15,35.0,carbon,211.9472222222222,208.19555553555554,3.7516666866666677,0.9822990523426954,0.15270298759045264,55.919563113752076,69.89945389219008,35.234111227628006,64.30749758081487,0.0,0.0,0.8814722222222227,,,3.7516666766666673,True,True,0,395,4.440892098500626e-16,0.0,0.0,0.0,1.00000003833145e-08,0.0,3,0.0,554,3,0.0,0.0,176.40347220222225,0.0,0.0,31.79208333333335
scenario_coarse,0.25,0.30313058386763053,1.2125223354705221,0.25,0.9093917516028915,0.014830375139275986,0.0421272170912923,-6.4315548964987705,-9.999979511121637e-09,37.63941554213224,3.7516666766666673,35.20378549367944,screened_water_cap_0.25,equal_site_portfolio,uniform_new_build,tight,uniform_google_ai_2024,portfolio_mean,central,gentd26_hourly_service_demand.csv,gentd26_aligned_regional_hourly_cef.csv,capacity_scenarios.csv,energy_calibration_bounds.csv,trace_timestamp_anonymized,single_row_default,0.15,35.0,carbon,211.9472222222222,208.19555553555554,3.7516666866666677,0.9822990523426954,0.15270298759045264,55.919563113752076,69.89945389219008,35.218615868818716,64.30749758081487,0.30313058386763053,0.004713767371941165,0.8814722222222227,,,3.7516666766666673,True,True,0,745,4.440892098500626e-16,0.0,0.0,0.0,1.00000003833145e-08,0.0,3,0.0,554,3,0.0,0.0,176.40347220222225,0.4545520833333333,0.5268333333333332,30.81069791666668
scenario_coarse,0.5,0.6062611677352611,1.2125223354705221,0.5,0.6062611677352611,0.005037475674491532,0.014309471563489495,-6.457572567931058,-9.999979511121637e-09,37.63941554213224,3.7516666766666673,35.20378549367944,screened_water_cap_0.50,equal_site_portfolio,uniform_new_build,tight,uniform_google_ai_2024,portfolio_mean,central,gentd26_hourly_service_demand.csv,gentd26_aligned_regional_hourly_cef.csv,capacity_scenarios.csv,energy_calibration_bounds.csv,trace_timestamp_anonymized,single_row_default,0.15,35.0,carbon,211.9472222222222,208.19555553555554,3.7516666866666677,0.9822990523426954,0.15270298759045264,55.919563113752076,69.89945389219008,35.20882296935393,64.30749758081487,0.6062611677352611,0.00942753474388233,0.8814722222222227,,,3.7516666766666673,True,True,0,752,4.440892098500626e-16,0.0,0.0,0.0,1.00000003833145e-08,0.0,3,0.0,554,3,0.0,0.0,176.40347220222225,1.0018125,0.9609583333333331,29.82931250000001
scenario_coarse,0.75,0.9093917516028915,1.2125223354705221,0.7499999999999997,0.3031305838676309,0.000928794528718413,0.0026383370870242118,-6.468488468421518,-9.999979511121637e-09,37.63941554213224,3.7516666766666673,35.20378549367944,screened_water_cap_0.75,equal_site_portfolio,uniform_new_build,tight,uniform_google_ai_2024,portfolio_mean,central,gentd26_hourly_service_demand.csv,gentd26_aligned_regional_hourly_cef.csv,capacity_scenarios.csv,energy_calibration_bounds.csv,trace_timestamp_anonymized,single_row_default,0.15,35.0,carbon,211.9472222222222,208.19555553555554,3.7516666866666677,0.9822990523426954,0.15270298759045264,55.919563113752076,69.89945389219008,35.20471428820816,64.30749758081487,0.9093917516028912,0.01414130211582349,0.8814722222222227,,,3.7516666766666673,True,True,0,749,4.440892098500626e-16,0.0,0.0,0.0,1.00000003833145e-08,0.0,3,0.0,554,3,3.3306690738754696e-16,0.0,176.40347220222225,1.5220833333333332,1.422072916666666,28.847927083333342
scenario_coarse,1.0,1.2125223354705221,1.2125223354705221,1.0,0.0,0.0,0.0,-6.470956079874412,-9.999979511121637e-09,37.63941554213224,3.7516666766666673,35.20378549367944,screened_water_cap_1.00,equal_site_portfolio,uniform_new_build,tight,uniform_google_ai_2024,portfolio_mean,central,gentd26_hourly_service_demand.csv,gentd26_aligned_regional_hourly_cef.csv,capacity_scenarios.csv,energy_calibration_bounds.csv,trace_timestamp_anonymized,single_row_default,0.15,35.0,carbon,211.9472222222222,208.19555553555554,3.7516666866666677,0.9822990523426954,0.15270298759045264,55.919563113752076,69.89945389219008,35.20378549367944,64.30749758081487,1.2125223354705221,0.01885506948776466,0.8814722222222227,,,3.7516666766666673,True,True,0,747,4.440892098500626e-16,0.0,0.0,0.0,1.00000003833145e-08,0.0,3,0.0,554,3,0.0,0.0,176.40347220222225,1.9265833333333329,1.9989583333333334,27.86654166666667
scenario_coarse,0.0,0.0,11.58955634167379,0.0,11.58955634167379,1.2222090825587841,3.356130800379842,-5.4523829895458675e-09,-9.999979511121637e-09,37.63941554213224,3.7516666766666673,36.41720645752121,screened_water_cap_0.00,equal_site_portfolio,uniform_new_build,tight,uniform_google_ai_2024,portfolio_mean,central,gentd26_hourly_service_demand.csv,gentd26_aligned_regional_hourly_cef.csv,capacity_scenarios.csv,energy_calibration_bounds.csv,trace_timestamp_anonymized,single_row_default,0.3,15.0,carbon,211.9472222222222,208.19555553555554,3.7516666866666672,0.9822990523426954,0.0,55.91956311375206,69.8994538921901,37.639415540079995,64.30749758081487,0.0,0.0,0.0,,,3.7516666766666673,True,True,0,0,0.0,0.0,0.0,0.0,9.99999993922529e-09,0.0,11,0.0,184,1,0.0,0.0,208.1955555355556,0.0,0.0,0.0
scenario_coarse,0.25,2.8973890854184474,11.58955634167379,0.25000000000000006,8.692167256255342,0.667707567728435,1.833494747894182,-1.4731937488824842,-9.999951089412207e-09,37.63941554213224,3.7516666766666673,36.41720645752121,screened_water_cap_0.25,equal_site_portfolio,uniform_new_build,tight,uniform_google_ai_2024,portfolio_mean,central,gentd26_hourly_service_demand.csv,gentd26_aligned_regional_hourly_cef.csv,capacity_scenarios.csv,energy_calibration_bounds.csv,trace_timestamp_anonymized,single_row_default,0.3,15.0,carbon,211.9472222222222,208.19555553555557,3.7516666866666672,0.9822990523426955,0.045055229863008035,55.91956311375206,69.89945389219008,37.084914025249645,64.30749758081487,2.897389085418448,0.04505522986300805,0.0,,,3.7516666766666673,True,True,0,220,2.220446049250313e-16,0.0,0.0,0.0,9.99999993922529e-09,0.0,11,0.0,243,1,-4.440892098500626e-16,4.440892098500626e-16,198.81525692444444,9.380298611111115,0.0,0.0
scenario_coarse,0.5,5.794778170836895,11.58955634167379,0.5,5.794778170836895,0.3448365146991108,0.9469054555333534,-2.3309941381258192,-9.999979511121637e-09,37.63941554213224,3.7516666766666673,36.41720645752121,screened_water_cap_0.50,equal_site_portfolio,uniform_new_build,tight,uniform_google_ai_2024,portfolio_mean,central,gentd26_hourly_service_demand.csv,gentd26_aligned_regional_hourly_cef.csv,capacity_scenarios.csv,energy_calibration_bounds.csv,trace_timestamp_anonymized,single_row_default,0.3,15.0,carbon,211.9472222222222,208.19555553555554,3.7516666866666672,0.9822990523426954,0.09011045972601608,55.91956311375206,69.8994538921901,36.76204297222032,64.30749758081487,5.794778170836895,0.09011045972601608,0.0,,,3.7516666766666673,True,True,0,220,2.220446049250313e-16,0.0,0.0,0.0,9.99999993922529e-09,0.0,11,0.0,290,1,0.0,0.0,189.43495831333334,18.760597222222213,0.0,0.0
scenario_coarse,0.75,8.692167256255342,11.58955634167379,0.75,2.897389085418448,0.09977818702063246,0.27398638370852435,-2.9820625039567616,-1.0000007932831068e-08,37.63941554213224,3.7516666766666673,36.41720645752121,screened_water_cap_0.75,equal_site_portfolio,uniform_new_build,tight,uniform_google_ai_2024,portfolio_mean,central,gentd26_hourly_service_demand.csv,gentd26_aligned_regional_hourly_cef.csv,capacity_scenarios.csv,energy_calibration_bounds.csv,trace_timestamp_anonymized,single_row_default,0.3,15.0,carbon,211.9472222222222,208.1955555355555,3.7516666866666677,0.9822990523426953,0.1351656895890241,55.91956311375206,69.89945389219008,36.51698464454184,64.30749758081487,8.692167256255342,0.1351656895890241,0.0,,,3.7516666766666673,True,True,0,219,2.220446049250313e-16,0.0,0.0,0.0,1.00000003833145e-08,0.0,11,0.0,330,1,0.0,0.0,180.05465970222224,28.14089583333333,0.0,0.0
scenario_coarse,1.0,11.58955634167379,11.58955634167379,1.0,0.0,0.0,0.0,-3.247152132962672,-9.999979511121637e-09,37.63941554213224,3.7516666766666673,36.41720645752121,screened_water_cap_1.00,equal_site_portfolio,uniform_new_build,tight,uniform_google_ai_2024,portfolio_mean,central,gentd26_hourly_service_demand.csv,gentd26_aligned_regional_hourly_cef.csv,capacity_scenarios.csv,energy_calibration_bounds.csv,trace_timestamp_anonymized,single_row_default,0.3,15.0,carbon,211.9472222222222,208.19555553555554,3.7516666866666677,0.9822990523426954,0.18022091945203217,55.91956311375206,69.8994538921901,36.41720645752121,64.30749758081487,11.58955634167379,0.18022091945203217,0.0,,,3.7516666766666673,True,True,0,207,2.220446049250313e-16,0.0,0.0,0.0,1.00000003833145e-08,0.0,7,0.0,382,1,0.0,0.0,170.67436109111114,37.52119444444446,0.0,0.0
scenario_coarse,0.0,0.0,2.4250446709410443,0.0,2.4250446709410443,0.060651467897137934,0.18494481621516012,-12.711155341361025,-9.999951089412207e-09,37.63941554213224,3.7516666766666673,32.79435949509429,screened_water_cap_0.00,equal_site_portfolio,uniform_new_build,tight,uniform_google_ai_2024,portfolio_mean,central,gentd26_hourly_service_demand.csv,gentd26_aligned_regional_hourly_cef.csv,capacity_scenarios.csv,energy_calibration_bounds.csv,trace_timestamp_anonymized,single_row_default,0.3,20.0,carbon,211.9472222222222,208.19555553555557,3.7516666866666677,0.9822990523426955,0.30540597518090523,55.91956311375207,69.89945389219008,32.85501096299143,64.30749758081487,0.0,0.0,0.0,,,3.7516666766666673,True,True,0,407,4.440892098500626e-16,0.0,0.0,0.0,1.00000003833145e-08,0.04436111111111085,0,0.0,554,3,0.0,0.0,144.61138886888887,0.0,0.0,63.5841666666667
scenario_coarse,0.25,0.6062611677352611,2.4250446709410443,0.25,1.818783503205783,0.029660750278559078,0.09044467016652291,-12.793491151235347,-9.999951089412207e-09,37.63941554213224,3.7516666766666673,32.79435949509429,screened_water_cap_0.25,equal_site_portfolio,uniform_new_build,tight,uniform_google_ai_2024,portfolio_mean,central,gentd26_hourly_service_demand.csv,gentd26_aligned_regional_hourly_cef.csv,capacity_scenarios.csv,energy_calibration_bounds.csv,trace_timestamp_anonymized,single_row_default,0.3,20.0,carbon,211.9472222222222,208.19555553555557,3.7516666866666677,0.9822990523426955,0.30540597518090523,55.91956311375207,69.89945389219008,32.82402024537285,64.30749758081487,0.6062611677352611,0.00942753474388233,0.0,,,3.7516666766666673,True,True,0,751,4.440892098500626e-16,0.0,0.0,0.0,1.00000003833145e-08,0.04436111111111085,0,0.0,554,3,0.0,0.0,144.61138886888887,0.9091041666666666,1.0536666666666663,61.62139583333336
scenario_coarse,0.5,1.2125223354705221,2.4250446709410443,0.5,1.2125223354705221,0.010074951348983063,0.030721598177541054,-12.845526494099936,-9.999951089412207e-09,37.63941554213224,3.7516666766666673,32.79435949509429,screened_water_cap_0.50,equal_site_portfolio,uniform_new_build,tight,uniform_google_ai_2024,portfolio_mean,central,gentd26_hourly_service_demand.csv,gentd26_aligned_regional_hourly_cef.csv,capacity_scenarios.csv,energy_calibration_bounds.csv,trace_timestamp_anonymized,single_row_default,0.3,20.0,carbon,211.9472222222222,208.19555553555557,3.7516666866666677,0.9822990523426955,0.30540597518090523,55.91956311375207,69.89945389219008,32.804434446443274,64.30749758081487,1.2125223354705221,0.01885506948776466,0.0,,,3.7516666766666673,True,True,0,755,4.440892098500626e-16,0.0,0.0,0.0,1.00000003833145e-08,0.04436111111111085,0,0.0,554,3,0.0,0.0,144.61138886888887,2.003625,1.9219166666666663,59.65862500000002
scenario_coarse,0.75,1.818783503205783,2.4250446709410443,0.7499999999999997,0.6062611677352618,0.001857589057436826,0.0056643553526747326,-12.867358295080876,-9.999951089412207e-09,37.63941554213224,3.7516666766666673,32.79435949509429,screened_water_cap_0.75,equal_site_portfolio,uniform_new_build,tight,uniform_google_ai_2024,portfolio_mean,central,gentd26_hourly_service_demand.csv,gentd26_aligned_regional_hourly_cef.csv,capacity_scenarios.csv,energy_calibration_bounds.csv,trace_timestamp_anonymized,single_row_default,0.3,20.0,carbon,211.9472222222222,208.19555553555557,3.7516666866666677,0.9822990523426955,0.30540597518090523,55.91956311375207,69.89945389219008,32.79621708415173,64.30749758081487,1.8187835032057824,0.02828260423164698,0.0,,,3.7516666766666673,True,True,0,757,4.440892098500626e-16,0.0,0.0,0.0,1.00000003833145e-08,0.04436111111111085,0,0.0,554,3,6.661338147750939e-16,0.0,144.61138886888887,3.0441666666666665,2.844145833333332,57.695854166666685
scenario_coarse,1.0,2.4250446709410443,2.4250446709410443,1.0,0.0,0.0,0.0,-12.872293517986655,-9.999951089412207e-09,37.63941554213224,3.7516666766666673,32.79435949509429,screened_water_cap_1.00,equal_site_portfolio,uniform_new_build,tight,uniform_google_ai_2024,portfolio_mean,central,gentd26_hourly_service_demand.csv,gentd26_aligned_regional_hourly_cef.csv,capacity_scenarios.csv,energy_calibration_bounds.csv,trace_timestamp_anonymized,single_row_default,0.3,20.0,carbon,211.9472222222222,208.19555553555557,3.7516666866666677,0.9822990523426955,0.30540597518090523,55.91956311375207,69.89945389219008,32.79435949509429,64.30749758081487,2.4250446709410443,0.03771013897552932,0.0,,,3.7516666766666673,True,True,0,753,4.440892098500626e-16,0.0,0.0,0.0,1.00000003833145e-08,0.04436111111111085,0,0.0,554,3,0.0,0.0,144.61138886888887,3.8531666666666657,3.997916666666667,55.73308333333334
scenario_coarse,0.0,0.0,2.4250446709410443,0.0,2.4250446709410443,0.060651467897137934,0.18494481621516012,-12.711155341361025,-9.999951089412207e-09,37.63941554213224,3.7516666766666673,32.79435949509429,screened_water_cap_0.00,equal_site_portfolio,uniform_new_build,tight,uniform_google_ai_2024,portfolio_mean,central,gentd26_hourly_service_demand.csv,gentd26_aligned_regional_hourly_cef.csv,capacity_scenarios.csv,energy_calibration_bounds.csv,trace_timestamp_anonymized,single_row_default,0.3,35.0,carbon,211.9472222222222,208.19555553555557,3.7516666866666677,0.9822990523426955,0.30540597518090523,55.91956311375207,69.89945389219008,32.85501096299143,64.30749758081487,0.0,0.0,0.0,,,3.7516666766666673,True,True,0,407,4.440892098500626e-16,0.0,0.0,0.0,1.00000003833145e-08,0.04436111111111085,0,0.0,554,3,0.0,0.0,144.61138886888887,0.0,0.0,63.5841666666667
scenario_coarse,0.25,0.6062611677352611,2.4250446709410443,0.25,1.818783503205783,0.029660750278559078,0.09044467016652291,-12.793491151235347,-9.999951089412207e-09,37.63941554213224,3.7516666766666673,32.79435949509429,screened_water_cap_0.25,equal_site_portfolio,uniform_new_build,tight,uniform_google_ai_2024,portfolio_mean,central,gentd26_hourly_service_demand.csv,gentd26_aligned_regional_hourly_cef.csv,capacity_scenarios.csv,energy_calibration_bounds.csv,trace_timestamp_anonymized,single_row_default,0.3,35.0,carbon,211.9472222222222,208.19555553555557,3.7516666866666677,0.9822990523426955,0.30540597518090523,55.91956311375207,69.89945389219008,32.82402024537285,64.30749758081487,0.6062611677352611,0.00942753474388233,0.0,,,3.7516666766666673,True,True,0,751,4.440892098500626e-16,0.0,0.0,0.0,1.00000003833145e-08,0.04436111111111085,0,0.0,554,3,0.0,0.0,144.61138886888887,0.9091041666666666,1.0536666666666663,61.62139583333336
scenario_coarse,0.5,1.2125223354705221,2.4250446709410443,0.5,1.2125223354705221,0.010074951348983063,0.030721598177541054,-12.845526494099936,-9.999951089412207e-09,37.63941554213224,3.7516666766666673,32.79435949509429,screened_water_cap_0.50,equal_site_portfolio,uniform_new_build,tight,uniform_google_ai_2024,portfolio_mean,central,gentd26_hourly_service_demand.csv,gentd26_aligned_regional_hourly_cef.csv,capacity_scenarios.csv,energy_calibration_bounds.csv,trace_timestamp_anonymized,single_row_default,0.3,35.0,carbon,211.9472222222222,208.19555553555557,3.7516666866666677,0.9822990523426955,0.30540597518090523,55.91956311375207,69.89945389219008,32.804434446443274,64.30749758081487,1.2125223354705221,0.01885506948776466,0.0,,,3.7516666766666673,True,True,0,755,4.440892098500626e-16,0.0,0.0,0.0,1.00000003833145e-08,0.04436111111111085,0,0.0,554,3,0.0,0.0,144.61138886888887,2.003625,1.9219166666666663,59.65862500000002
scenario_coarse,0.75,1.818783503205783,2.4250446709410443,0.7499999999999997,0.6062611677352618,0.001857589057436826,0.0056643553526747326,-12.867358295080876,-9.999951089412207e-09,37.63941554213224,3.7516666766666673,32.79435949509429,screened_water_cap_0.75,equal_site_portfolio,uniform_new_build,tight,uniform_google_ai_2024,portfolio_mean,central,gentd26_hourly_service_demand.csv,gentd26_aligned_regional_hourly_cef.csv,capacity_scenarios.csv,energy_calibration_bounds.csv,trace_timestamp_anonymized,single_row_default,0.3,35.0,carbon,211.9472222222222,208.19555553555557,3.7516666866666677,0.9822990523426955,0.30540597518090523,55.91956311375207,69.89945389219008,32.79621708415173,64.30749758081487,1.8187835032057824,0.02828260423164698,0.0,,,3.7516666766666673,True,True,0,757,4.440892098500626e-16,0.0,0.0,0.0,1.00000003833145e-08,0.04436111111111085,0,0.0,554,3,6.661338147750939e-16,0.0,144.61138886888887,3.0441666666666665,2.844145833333332,57.695854166666685
scenario_coarse,1.0,2.4250446709410443,2.4250446709410443,1.0,0.0,0.0,0.0,-12.872293517986655,-9.999951089412207e-09,37.63941554213224,3.7516666766666673,32.79435949509429,screened_water_cap_1.00,equal_site_portfolio,uniform_new_build,tight,uniform_google_ai_2024,portfolio_mean,central,gentd26_hourly_service_demand.csv,gentd26_aligned_regional_hourly_cef.csv,capacity_scenarios.csv,energy_calibration_bounds.csv,trace_timestamp_anonymized,single_row_default,0.3,35.0,carbon,211.9472222222222,208.19555553555557,3.7516666866666677,0.9822990523426955,0.30540597518090523,55.91956311375207,69.89945389219008,32.79435949509429,64.30749758081487,2.4250446709410443,0.03771013897552932,0.0,,,3.7516666766666673,True,True,0,753,4.440892098500626e-16,0.0,0.0,0.0,1.00000003833145e-08,0.04436111111111085,0,0.0,554,3,0.0,0.0,144.61138886888887,3.8531666666666657,3.997916666666667,55.73308333333334
scenario_coarse,0.0,0.0,19.241824573451893,0.0,19.241824573451893,2.024536342070185,5.684523962061672,-5.4523829895458675e-09,-9.999979511121637e-09,37.63941554213224,3.7516666766666673,35.61487919800981,screened_water_cap_0.00,equal_site_portfolio,uniform_new_build,tight,uniform_google_ai_2024,portfolio_mean,central,gentd26_hourly_service_demand.csv,gentd26_aligned_regional_hourly_cef.csv,capacity_scenarios.csv,energy_calibration_bounds.csv,trace_timestamp_anonymized,single_row_default,0.5,15.0,carbon,211.9472222222222,208.19555553555554,3.7516666866666672,0.9822990523426954,0.0,55.91956311375206,69.8994538921901,37.639415540079995,64.30749758081487,0.0,0.0,0.0,,,3.7516666766666673,True,True,0,0,0.0,0.0,0.0,0.0,9.99999993922529e-09,0.0,11,0.0,184,1,0.0,0.0,208.1955555355556,0.0,0.0,0.0
scenario_coarse,0.25,4.810456143362973,19.241824573451893,0.25,14.43136843008892,1.1026780765599824,3.0961162901307793,-2.4491832678181558,-9.999951089412207e-09,37.63941554213224,3.7516666766666673,35.61487919800981,screened_water_cap_0.25,equal_site_portfolio,uniform_new_build,tight,uniform_google_ai_2024,portfolio_mean,central,gentd26_hourly_service_demand.csv,gentd26_aligned_regional_hourly_cef.csv,capacity_scenarios.csv,energy_calibration_bounds.csv,trace_timestamp_anonymized,single_row_default,0.5,15.0,carbon,211.9472222222222,208.19555553555557,3.7516666866666672,0.9822990523426955,0.07480397036625006,55.91956311375206,69.89945389219008,36.71755727456979,64.30749758081487,4.810456143362973,0.07480397036625007,0.0,,,3.7516666766666673,True,True,0,222,0.0,0.0,0.0,0.0,9.99999993922529e-09,0.0,11,0.0,243,1,0.0,0.0,192.62170136888892,15.573854166666663,0.0,0.0
scenario_coarse,0.5,9.620912286725947,19.241824573451893,0.5,9.620912286725947,0.5658837461874171,1.5888969973511413,-3.875332751387306,-9.999979511121637e-09,37.63941554213224,3.7516666766666673,35.61487919800981,screened_water_cap_0.50,equal_site_portfolio,uniform_new_build,tight,uniform_google_ai_2024,portfolio_mean,central,gentd26_hourly_service_demand.csv,gentd26_aligned_regional_hourly_cef.csv,capacity_scenarios.csv,energy_calibration_bounds.csv,trace_timestamp_anonymized,single_row_default,0.5,15.0,carbon,211.9472222222222,208.19555553555554,3.7516666866666672,0.9822990523426954,0.14960794073250017,55.91956311375207,69.8994538921901,36.18076294419723,64.30749758081487,9.620912286725947,0.14960794073250014,0.0,,,3.7516666766666673,True,True,0,222,0.0,0.0,0.0,0.0,9.99999993922529e-09,0.0,11,0.0,290,1,0.0,0.0,177.04784720222227,31.147708333333334,0.0,0.0
scenario_coarse,0.75,14.43136843008892,19.241824573451893,0.7499999999999999,4.810456143362975,0.15793257923171922,0.44344550027435314,-4.959173084930879,-1.0000007932831068e-08,37.63941554213224,3.7516666766666673,35.61487919800981,screened_water_cap_0.75,equal_site_portfolio,uniform_new_build,tight,uniform_google_ai_2024,portfolio_mean,central,gentd26_hourly_service_demand.csv,gentd26_aligned_regional_hourly_cef.csv,capacity_scenarios.csv,energy_calibration_bounds.csv,trace_timestamp_anonymized,single_row_default,0.5,15.0,carbon,211.9472222222222,208.1955555355555,3.7516666866666677,0.9822990523426953,0.22441191109875025,55.91956311375206,69.89945389219008,35.77281177724153,64.30749758081487,14.431368430088918,0.22441191109875017,0.0,,,3.7516666766666673,True,True,0,219,0.0,0.0,0.0,0.0,1.00000003833145e-08,0.0,11,0.0,328,1,1.7763568394002505e-15,0.0,161.4739930355556,46.72156250000002,0.0,0.0
scenario_coarse,1.0,19.241824573451893,19.241824573451893,1.0,0.0,0.0,0.0,-5.378766686364289,-9.999979511121637e-09,37.63941554213224,3.7516666766666673,35.61487919800981,screened_water_cap_1.00,equal_site_portfolio,uniform_new_build,tight,uniform_google_ai_2024,portfolio_mean,central,gentd26_hourly_service_demand.csv,gentd26_aligned_regional_hourly_cef.csv,capacity_scenarios.csv,energy_calibration_bounds.csv,trace_timestamp_anonymized,single_row_default,0.5,15.0,carbon,211.9472222222222,208.19555553555554,3.7516666866666677,0.9822990523426954,0.2992158814650003,55.91956311375206,69.8994538921901,35.61487919800981,64.30749758081487,19.241824573451893,0.2992158814650003,0.0,,,3.7516666766666673,True,True,0,207,0.0,0.0,0.0,0.0,1.00000003833145e-08,0.0,8,0.0,381,1,0.0,0.0,145.90013886888892,62.29541666666669,0.0,0.0
scenario_coarse,0.0,0.0,4.174645430636677,0.0,4.174645430636677,0.10431337455010237,0.3520284434870069,-20.996646942982487,-9.999979511121637e-09,37.63941554213224,3.7516666766666673,29.632086974798554,screened_water_cap_0.00,equal_site_portfolio,uniform_new_build,tight,uniform_google_ai_2024,portfolio_mean,central,gentd26_hourly_service_demand.csv,gentd26_aligned_regional_hourly_cef.csv,capacity_scenarios.csv,energy_calibration_bounds.csv,trace_timestamp_anonymized,single_row_default,0.5,20.0,carbon,211.9472222222222,208.19555553555554,3.751666686666667,0.9822990523426954,0.5069432585236369,55.91956311375207,69.8994538921901,29.736400349348656,64.30749758081487,0.0,0.0,0.0,,,3.7516666766666673,True,True,0,420,0.0,0.0,0.0,0.0,9.99999949513608e-09,0.0,3,0.0,551,3,0.0,0.0,102.65222220222225,0.0,0.0,105.54333333333334
scenario_coarse,0.25,1.0436613576591693,4.174645430636677,0.25,3.1309840729775082,0.0512145912092663,0.1728349111988825,-21.137719227384455,-9.999979511121637e-09,37.63941554213224,3.7516666766666673,29.632086974798554,screened_water_cap_0.25,equal_site_portfolio,uniform_new_build,tight,uniform_google_ai_2024,portfolio_mean,central,gentd26_hourly_service_demand.csv,gentd26_aligned_regional_hourly_cef.csv,capacity_scenarios.csv,energy_calibration_bounds.csv,trace_timestamp_anonymized,single_row_default,0.5,20.0,carbon,211.9472222222222,208.19555553555554,3.751666686666667,0.9822990523426954,0.5069432585236369,55.91956311375207,69.8994538921901,29.68330156600782,64.30749758081487,1.0436613576591693,0.01622923293427187,0.0,,,3.7516666766666673,True,True,0,753,0.0,0.0,0.0,0.0,9.99999949513608e-09,0.0,3,0.0,551,3,0.0,0.0,102.65222220222225,1.6173611111111112,1.7614930555555555,102.16447916666665
scenario_coarse,0.5,2.0873227153183387,4.174645430636677,0.5,2.0873227153183387,0.017620498411755392,0.0594642504483156,-21.22697165682218,-9.999979511121637e-09,37.63941554213224,3.7516666766666673,29.632086974798554,screened_water_cap_0.50,equal_site_portfolio,uniform_new_build,tight,uniform_google_ai_2024,portfolio_mean,central,gentd26_hourly_service_demand.csv,gentd26_aligned_regional_hourly_cef.csv,capacity_scenarios.csv,energy_calibration_bounds.csv,trace_timestamp_anonymized,single_row_default,0.5,20.0,carbon,211.9472222222222,208.19555553555554,3.751666686666667,0.9822990523426954,0.5081633987765078,55.91956311375207,69.8994538921901,29.64970747321031,64.30749758081487,2.0873227153183387,0.03245846586854374,0.0,,,3.7516666766666673,True,True,0,751,2.220446049250313e-16,0.0,0.0,0.0,9.99999949513608e-09,0.0,3,0.0,552,3,0.0,0.0,102.39819442444447,3.3004861111111117,3.4572222222222218,99.03965277777777
scenario_coarse,0.75,3.1309840729775082,4.174645430636677,0.7499999999999999,1.04366135765917,0.0032756771521462724,0.011054493579654157,-21.26508282580022,-9.999979511121637e-09,37.63941554213224,3.7516666766666673,29.632086974798554,screened_water_cap_0.75,equal_site_portfolio,uniform_new_build,tight,uniform_google_ai_2024,portfolio_mean,central,gentd26_hourly_service_demand.csv,gentd26_aligned_regional_hourly_cef.csv,capacity_scenarios.csv,energy_calibration_bounds.csv,trace_timestamp_anonymized,single_row_default,0.5,20.0,carbon,211.9472222222222,208.19555553555554,3.751666686666667,0.9822990523426954,0.5090099586348422,55.91956311375207,69.8994538921901,29.6353626519507,64.30749758081487,3.1309840729775074,0.0486876988028156,0.0,,,3.7516666766666673,True,True,0,759,0.0,0.0,0.0,0.0,9.99999949513608e-09,0.0,3,0.0,554,3,8.881784197001252e-16,0.0,102.22194442444446,5.149444444444445,4.9871180555555545,95.83704861111111
scenario_coarse,1.0,4.174645430636677,4.174645430636677,1.0,0.0,0.0,0.0,-21.273785610115446,-9.999979511121637e-09,37.63941554213224,3.7516666766666673,29.632086974798554,screened_water_cap_1.00,equal_site_portfolio,uniform_new_build,tight,uniform_google_ai_2024,portfolio_mean,central,gentd26_hourly_service_demand.csv,gentd26_aligned_regional_hourly_cef.csv,capacity_scenarios.csv,energy_calibration_bounds.csv,trace_timestamp_anonymized,single_row_default,0.5,20.0,carbon,211.9472222222222,208.19555553555554,3.751666686666667,0.9822990523426954,0.5090099586348422,55.91956311375207,69.8994538921901,29.632086974798554,64.30749758081487,4.174645430636677,0.06491693173708749,0.0,,,3.7516666766666673,True,True,0,755,0.0,0.0,1.457167719820518e-16,0.0,9.99999949513608e-09,0.0,3,-1.457167719820518e-16,554,3,0.0,0.0,102.22194442444446,6.497777777777777,7.017638888888889,92.45819444444446
scenario_coarse,0.0,0.0,4.174645430636677,0.0,4.174645430636677,0.10431337455010237,0.3520284434870069,-20.996646942982487,-9.999979511121637e-09,37.63941554213224,3.7516666766666673,29.632086974798554,screened_water_cap_0.00,equal_site_portfolio,uniform_new_build,tight,uniform_google_ai_2024,portfolio_mean,central,gentd26_hourly_service_demand.csv,gentd26_aligned_regional_hourly_cef.csv,capacity_scenarios.csv,energy_calibration_bounds.csv,trace_timestamp_anonymized,single_row_default,0.5,35.0,carbon,211.9472222222222,208.19555553555554,3.751666686666667,0.9822990523426954,0.5069432585236369,55.91956311375207,69.8994538921901,29.736400349348656,64.30749758081487,0.0,0.0,0.0,,,3.7516666766666673,True,True,0,420,0.0,0.0,0.0,0.0,9.99999949513608e-09,0.0,3,0.0,551,3,0.0,0.0,102.65222220222225,0.0,0.0,105.54333333333334
scenario_coarse,0.25,1.0436613576591693,4.174645430636677,0.25,3.1309840729775082,0.0512145912092663,0.1728349111988825,-21.137719227384455,-9.999979511121637e-09,37.63941554213224,3.7516666766666673,29.632086974798554,screened_water_cap_0.25,equal_site_portfolio,uniform_new_build,tight,uniform_google_ai_2024,portfolio_mean,central,gentd26_hourly_service_demand.csv,gentd26_aligned_regional_hourly_cef.csv,capacity_scenarios.csv,energy_calibration_bounds.csv,trace_timestamp_anonymized,single_row_default,0.5,35.0,carbon,211.9472222222222,208.19555553555554,3.751666686666667,0.9822990523426954,0.5069432585236369,55.91956311375207,69.8994538921901,29.68330156600782,64.30749758081487,1.0436613576591693,0.01622923293427187,0.0,,,3.7516666766666673,True,True,0,753,0.0,0.0,0.0,0.0,9.99999949513608e-09,0.0,3,0.0,551,3,0.0,0.0,102.65222220222225,1.6173611111111112,1.7614930555555555,102.16447916666665
scenario_coarse,0.5,2.0873227153183387,4.174645430636677,0.5,2.0873227153183387,0.017620498411755392,0.0594642504483156,-21.22697165682218,-9.999979511121637e-09,37.63941554213224,3.7516666766666673,29.632086974798554,screened_water_cap_0.50,equal_site_portfolio,uniform_new_build,tight,uniform_google_ai_2024,portfolio_mean,central,gentd26_hourly_service_demand.csv,gentd26_aligned_regional_hourly_cef.csv,capacity_scenarios.csv,energy_calibration_bounds.csv,trace_timestamp_anonymized,single_row_default,0.5,35.0,carbon,211.9472222222222,208.19555553555554,3.751666686666667,0.9822990523426954,0.5081633987765078,55.91956311375207,69.8994538921901,29.64970747321031,64.30749758081487,2.0873227153183387,0.03245846586854374,0.0,,,3.7516666766666673,True,True,0,751,2.220446049250313e-16,0.0,0.0,0.0,9.99999949513608e-09,0.0,3,0.0,552,3,0.0,0.0,102.39819442444447,3.3004861111111117,3.4572222222222218,99.03965277777777
scenario_coarse,0.75,3.1309840729775082,4.174645430636677,0.7499999999999999,1.04366135765917,0.0032756771521462724,0.011054493579654157,-21.26508282580022,-9.999979511121637e-09,37.63941554213224,3.7516666766666673,29.632086974798554,screened_water_cap_0.75,equal_site_portfolio,uniform_new_build,tight,uniform_google_ai_2024,portfolio_mean,central,gentd26_hourly_service_demand.csv,gentd26_aligned_regional_hourly_cef.csv,capacity_scenarios.csv,energy_calibration_bounds.csv,trace_timestamp_anonymized,single_row_default,0.5,35.0,carbon,211.9472222222222,208.19555553555554,3.751666686666667,0.9822990523426954,0.5090099586348422,55.91956311375207,69.8994538921901,29.6353626519507,64.30749758081487,3.1309840729775074,0.0486876988028156,0.0,,,3.7516666766666673,True,True,0,759,0.0,0.0,0.0,0.0,9.99999949513608e-09,0.0,3,0.0,554,3,8.881784197001252e-16,0.0,102.22194442444446,5.149444444444445,4.9871180555555545,95.83704861111111
scenario_coarse,1.0,4.174645430636677,4.174645430636677,1.0,0.0,0.0,0.0,-21.273785610115446,-9.999979511121637e-09,37.63941554213224,3.7516666766666673,29.632086974798554,screened_water_cap_1.00,equal_site_portfolio,uniform_new_build,tight,uniform_google_ai_2024,portfolio_mean,central,gentd26_hourly_service_demand.csv,gentd26_aligned_regional_hourly_cef.csv,capacity_scenarios.csv,energy_calibration_bounds.csv,trace_timestamp_anonymized,single_row_default,0.5,35.0,carbon,211.9472222222222,208.19555553555554,3.751666686666667,0.9822990523426954,0.5090099586348422,55.91956311375207,69.8994538921901,29.632086974798554,64.30749758081487,4.174645430636677,0.06491693173708749,0.0,,,3.7516666766666673,True,True,0,755,0.0,0.0,1.457167719820518e-16,0.0,9.99999949513608e-09,0.0,3,-1.457167719820518e-16,554,3,0.0,0.0,102.22194442444446,6.497777777777777,7.017638888888889,92.45819444444446
scenario_coarse,0.0,0.0,5.756768738691052,0.0,5.756768738691052,0.6019032185516338,1.5943566237539564,-5.350819787253158e-09,-1.0000007932831068e-08,38.354010220005065,1e-08,37.75210699940118,screened_water_cap_0.00,equal_site_portfolio,uniform_new_build,central,uniform_google_ai_2024,portfolio_mean,central,gentd26_hourly_service_demand.csv,gentd26_aligned_regional_hourly_cef.csv,capacity_scenarios.csv,energy_calibration_bounds.csv,trace_timestamp_anonymized,single_row_default,0.15,15.0,carbon,211.9472222222222,211.94722220222218,2e-08,0.9999999999056368,0.0,56.92722900944693,71.15903626180867,38.35401021795281,65.46631336086396,0.0,0.0,0.0,,,1e-08,True,True,0,0,0.0,0.0,0.0,0.0,1e-08,0.4919444444444445,0,0.0,184,1,0.0,0.0,211.94722220222224,0.0,0.0,0.0
scenario_coarse,0.25,1.439192184672763,5.756768738691052,0.25,4.31757655401829,0.32583780291621167,0.8630983243435475,-0.7197824063353897,-1.0000007932831068e-08,38.354010220005065,1e-08,37.75210699940118,screened_water_cap_0.25,equal_site_portfolio,uniform_new_build,central,uniform_google_ai_2024,portfolio_mean,central,gentd26_hourly_service_demand.csv,gentd26_aligned_regional_hourly_cef.csv,capacity_scenarios.csv,energy_calibration_bounds.csv,trace_timestamp_anonymized,single_row_default,0.15,15.0,carbon,211.9472222222222,211.94722220222218,2e-08,0.9999999999056368,0.021983705982336833,56.92722900944694,71.15903626180867,38.07794480231739,65.46631336086396,1.439192184672763,0.021983705982336836,0.0,,,1e-08,True,True,0,1,2.220446049250313e-16,0.0,0.0,0.0,1e-08,0.4919444444444445,0,0.0,243,1,0.0,0.0,207.28783678555556,4.659385416666669,0.0,0.0
scenario_coarse,0.5,2.878384369345526,5.756768738691052,0.5,2.878384369345526,0.1650829597116683,0.43728144687205095,-1.1389167870231698,-9.999979511121637e-09,38.354010220005065,1e-08,37.75210699940118,screened_water_cap_0.50,equal_site_portfolio,uniform_new_build,central,uniform_google_ai_2024,portfolio_mean,central,gentd26_hourly_service_demand.csv,gentd26_aligned_regional_hourly_cef.csv,capacity_scenarios.csv,energy_calibration_bounds.csv,trace_timestamp_anonymized,single_row_default,0.15,15.0,carbon,211.9472222222222,211.9472222022222,2e-08,0.9999999999056369,0.043967411964673665,56.92722900944694,71.15903626180867,37.91718995911285,65.46631336086396,2.878384369345526,0.04396741196467367,0.0,,,1e-08,True,True,0,1,2.220446049250313e-16,0.0,0.0,0.0,1e-08,0.4919444444444445,0,0.0,290,1,0.0,0.0,202.6284513688889,9.318770833333328,0.0,0.0
scenario_coarse,0.75,4.31757655401829,5.756768738691052,0.7499999999999999,1.4391921846727636,0.04290098232687711,0.11363864360618425,-1.4574805478500874,-9.999979511121637e-09,38.354010220005065,1e-08,37.75210699940118,screened_water_cap_0.75,equal_site_portfolio,uniform_new_build,central,uniform_google_ai_2024,portfolio_mean,central,gentd26_hourly_service_demand.csv,gentd26_aligned_regional_hourly_cef.csv,capacity_scenarios.csv,energy_calibration_bounds.csv,trace_timestamp_anonymized,single_row_default,0.15,15.0,carbon,211.9472222222222,211.9472222022222,2e-08,0.9999999999056369,0.06595111794701052,56.92722900944694,71.15903626180867,37.795007981728055,65.46631336086396,4.317576554018289,0.0659511179470105,0.0,,,1e-08,True,True,0,1,2.220446049250313e-16,0.0,0.0,0.0,1e-08,0.4919444444444445,0,0.0,327,1,8.881784197001252e-16,0.0,197.96906595222225,13.978156250000001,0.0,0.0
scenario_coarse,1.0,5.756768738691052,5.756768738691052,1.0,0.0,0.0,0.0,-1.569335819517359,-9.999979511121637e-09,38.354010220005065,1e-08,37.75210699940118,screened_water_cap_1.00,equal_site_portfolio,uniform_new_build,central,uniform_google_ai_2024,portfolio_mean,central,gentd26_hourly_service_demand.csv,gentd26_aligned_regional_hourly_cef.csv,capacity_scenarios.csv,energy_calibration_bounds.csv,trace_timestamp_anonymized,single_row_default,0.15,15.0,carbon,211.9472222222222,211.9472222022222,2e-08,0.9999999999056369,0.08793482392934734,56.92722900944693,71.15903626180867,37.75210699940118,65.46631336086396,5.756768738691052,0.08793482392934734,0.0,,,1e-08,True,True,0,0,2.220446049250313e-16,0.0,0.0,0.0,1e-08,0.4919444444444445,0,0.0,382,1,0.0,0.0,193.30968053555554,18.637541666666674,0.0,0.0
scenario_coarse,0.0,0.0,1.2125223354705221,0.0,1.2125223354705221,0.030325733948565414,0.08435561802389024,-6.1892243845194095,-9.999979511121637e-09,38.354010220005065,1e-08,35.94986873307888,screened_water_cap_0.00,equal_site_portfolio,uniform_new_build,central,uniform_google_ai_2024,portfolio_mean,central,gentd26_hourly_service_demand.csv,gentd26_aligned_regional_hourly_cef.csv,capacity_scenarios.csv,energy_calibration_bounds.csv,trace_timestamp_anonymized,single_row_default,0.15,20.0,carbon,211.9472222222222,211.9472222022222,2e-08,0.9999999999056369,0.15000000001415448,56.92722900944694,71.15903626180867,35.980194467027445,65.46631336086396,0.0,0.0,0.0,,,1e-08,True,True,0,0,4.440892098500626e-16,0.0,0.0,0.0,1e-08,1.018152777777778,0,0.0,554,3,0.0,0.0,180.1551388688889,0.0,0.0,31.79208333333335
scenario_coarse,0.25,0.30313058386763053,1.2125223354705221,0.25,0.9093917516028915,0.014830375139275986,0.04125293265850871,-6.2296252675572035,-9.999979511121637e-09,38.354010220005065,1e-08,35.94986873307888,screened_water_cap_0.25,equal_site_portfolio,uniform_new_build,central,uniform_google_ai_2024,portfolio_mean,central,gentd26_hourly_service_demand.csv,gentd26_aligned_regional_hourly_cef.csv,capacity_scenarios.csv,energy_calibration_bounds.csv,trace_timestamp_anonymized,single_row_default,0.15,20.0,carbon,211.9472222222222,211.9472222022222,2e-08,0.9999999999056369,0.15000000001415448,56.92722900944693,71.15903626180867,35.964699108218156,65.46631336086396,0.30313058386763053,0.004630329222858657,0.0,,,1e-08,True,True,0,644,4.440892098500626e-16,0.0,0.0,0.0,1e-08,1.018152777777778,0,0.0,554,3,0.0,0.0,180.1551388688889,0.4545520833333333,0.5268333333333332,30.81069791666668
scenario_coarse,0.5,0.6062611677352611,1.2125223354705221,0.5,0.6062611677352611,0.005037475674491532,0.014012500885307588,-6.255158189430599,-9.999979511121637e-09,38.354010220005065,1e-08,35.94986873307888,screened_water_cap_0.50,equal_site_portfolio,uniform_new_build,central,uniform_google_ai_2024,portfolio_mean,central,gentd26_hourly_service_demand.csv,gentd26_aligned_regional_hourly_cef.csv,capacity_scenarios.csv,energy_calibration_bounds.csv,trace_timestamp_anonymized,single_row_default,0.15,20.0,carbon,211.9472222222222,211.9472222022222,2e-08,0.9999999999056369,0.15000000001415448,56.92722900944694,71.15903626180867,35.95490620875337,65.46631336086396,0.6062611677352611,0.009260658445717313,0.0,,,1e-08,True,True,0,652,4.440892098500626e-16,0.0,0.0,0.0,1e-08,1.018152777777778,0,0.0,554,3,0.0,0.0,180.1551388688889,1.0018125,0.9609583333333331,29.82931250000001
scenario_coarse,0.75,0.9093917516028915,1.2125223354705221,0.7499999999999997,0.3031305838676309,0.000928794528718413,0.0025835825316011807,-6.265870709769938,-9.999979511121637e-09,38.354010220005065,1e-08,35.94986873307888,screened_water_cap_0.75,equal_site_portfolio,uniform_new_build,central,uniform_google_ai_2024,portfolio_mean,central,gentd26_hourly_service_demand.csv,gentd26_aligned_regional_hourly_cef.csv,capacity_scenarios.csv,energy_calibration_bounds.csv,trace_timestamp_anonymized,single_row_default,0.15,20.0,carbon,211.9472222222222,211.9472222022222,2e-08,0.9999999999056369,0.15000000001415448,56.92722900944694,71.15903626180867,35.9507975276076,65.46631336086396,0.9093917516028912,0.013890987668575964,0.0,,,1e-08,True,True,0,656,4.440892098500626e-16,0.0,0.0,0.0,1e-08,1.018152777777778,0,0.0,554,3,3.3306690738754696e-16,0.0,180.1551388688889,1.5220833333333332,1.422072916666666,28.847927083333342
scenario_coarse,1.0,1.2125223354705221,1.2125223354705221,1.0,0.0,0.0,0.0,-6.268292345795457,-9.999979511121637e-09,38.354010220005065,1e-08,35.94986873307888,screened_water_cap_1.00,equal_site_portfolio,uniform_new_build,central,uniform_google_ai_2024,portfolio_mean,central,gentd26_hourly_service_demand.csv,gentd26_aligned_regional_hourly_cef.csv,capacity_scenarios.csv,energy_calibration_bounds.csv,trace_timestamp_anonymized,single_row_default,0.15,20.0,carbon,211.9472222222222,211.9472222022222,2e-08,0.9999999999056369,0.15000000001415448,56.92722900944694,71.15903626180867,35.94986873307888,65.46631336086396,1.2125223354705221,0.018521316891434627,0.0,,,1e-08,True,True,0,650,4.440892098500626e-16,0.0,0.0,0.0,1e-08,1.018152777777778,0,0.0,554,3,0.0,0.0,180.1551388688889,1.9265833333333329,1.9989583333333334,27.86654166666667
scenario_coarse,0.0,0.0,1.2125223354705221,0.0,1.2125223354705221,0.030325733948565414,0.08435561802389024,-6.1892243845194095,-9.999979511121637e-09,38.354010220005065,1e-08,35.94986873307888,screened_water_cap_0.00,equal_site_portfolio,uniform_new_build,central,uniform_google_ai_2024,portfolio_mean,central,gentd26_hourly_service_demand.csv,gentd26_aligned_regional_hourly_cef.csv,capacity_scenarios.csv,energy_calibration_bounds.csv,trace_timestamp_anonymized,single_row_default,0.15,35.0,carbon,211.9472222222222,211.9472222022222,2e-08,0.9999999999056369,0.15000000001415448,56.92722900944694,71.15903626180867,35.980194467027445,65.46631336086396,0.0,0.0,0.0,,,1e-08,True,True,0,0,4.440892098500626e-16,0.0,0.0,0.0,1e-08,1.018152777777778,0,0.0,554,3,0.0,0.0,180.1551388688889,0.0,0.0,31.79208333333335
scenario_coarse,0.25,0.30313058386763053,1.2125223354705221,0.25,0.9093917516028915,0.014830375139275986,0.04125293265850871,-6.2296252675572035,-9.999979511121637e-09,38.354010220005065,1e-08,35.94986873307888,screened_water_cap_0.25,equal_site_portfolio,uniform_new_build,central,uniform_google_ai_2024,portfolio_mean,central,gentd26_hourly_service_demand.csv,gentd26_aligned_regional_hourly_cef.csv,capacity_scenarios.csv,energy_calibration_bounds.csv,trace_timestamp_anonymized,single_row_default,0.15,35.0,carbon,211.9472222222222,211.9472222022222,2e-08,0.9999999999056369,0.15000000001415448,56.92722900944693,71.15903626180867,35.964699108218156,65.46631336086396,0.30313058386763053,0.004630329222858657,0.0,,,1e-08,True,True,0,644,4.440892098500626e-16,0.0,0.0,0.0,1e-08,1.018152777777778,0,0.0,554,3,0.0,0.0,180.1551388688889,0.4545520833333333,0.5268333333333332,30.81069791666668
scenario_coarse,0.5,0.6062611677352611,1.2125223354705221,0.5,0.6062611677352611,0.005037475674491532,0.014012500885307588,-6.255158189430599,-9.999979511121637e-09,38.354010220005065,1e-08,35.94986873307888,screened_water_cap_0.50,equal_site_portfolio,uniform_new_build,central,uniform_google_ai_2024,portfolio_mean,central,gentd26_hourly_service_demand.csv,gentd26_aligned_regional_hourly_cef.csv,capacity_scenarios.csv,energy_calibration_bounds.csv,trace_timestamp_anonymized,single_row_default,0.15,35.0,carbon,211.9472222222222,211.9472222022222,2e-08,0.9999999999056369,0.15000000001415448,56.92722900944694,71.15903626180867,35.95490620875337,65.46631336086396,0.6062611677352611,0.009260658445717313,0.0,,,1e-08,True,True,0,652,4.440892098500626e-16,0.0,0.0,0.0,1e-08,1.018152777777778,0,0.0,554,3,0.0,0.0,180.1551388688889,1.0018125,0.9609583333333331,29.82931250000001
scenario_coarse,0.75,0.9093917516028915,1.2125223354705221,0.7499999999999997,0.3031305838676309,0.000928794528718413,0.0025835825316011807,-6.265870709769938,-9.999979511121637e-09,38.354010220005065,1e-08,35.94986873307888,screened_water_cap_0.75,equal_site_portfolio,uniform_new_build,central,uniform_google_ai_2024,portfolio_mean,central,gentd26_hourly_service_demand.csv,gentd26_aligned_regional_hourly_cef.csv,capacity_scenarios.csv,energy_calibration_bounds.csv,trace_timestamp_anonymized,single_row_default,0.15,35.0,carbon,211.9472222222222,211.9472222022222,2e-08,0.9999999999056369,0.15000000001415448,56.92722900944694,71.15903626180867,35.9507975276076,65.46631336086396,0.9093917516028912,0.013890987668575964,0.0,,,1e-08,True,True,0,656,4.440892098500626e-16,0.0,0.0,0.0,1e-08,1.018152777777778,0,0.0,554,3,3.3306690738754696e-16,0.0,180.1551388688889,1.5220833333333332,1.422072916666666,28.847927083333342
scenario_coarse,1.0,1.2125223354705221,1.2125223354705221,1.0,0.0,0.0,0.0,-6.268292345795457,-9.999979511121637e-09,38.354010220005065,1e-08,35.94986873307888,screened_water_cap_1.00,equal_site_portfolio,uniform_new_build,central,uniform_google_ai_2024,portfolio_mean,central,gentd26_hourly_service_demand.csv,gentd26_aligned_regional_hourly_cef.csv,capacity_scenarios.csv,energy_calibration_bounds.csv,trace_timestamp_anonymized,single_row_default,0.15,35.0,carbon,211.9472222222222,211.9472222022222,2e-08,0.9999999999056369,0.15000000001415448,56.92722900944694,71.15903626180867,35.94986873307888,65.46631336086396,1.2125223354705221,0.018521316891434627,0.0,,,1e-08,True,True,0,650,4.440892098500626e-16,0.0,0.0,0.0,1e-08,1.018152777777778,0,0.0,554,3,0.0,0.0,180.1551388688889,1.9265833333333329,1.9989583333333334,27.86654166666667
scenario_coarse,0.0,0.0,11.513537477382105,0.0,11.513537477382105,1.2038064371032746,3.2403764033289706,-5.350819787253158e-09,-1.0000007932831068e-08,38.354010220005065,1e-08,37.15020378084954,screened_water_cap_0.00,equal_site_portfolio,uniform_new_build,central,uniform_google_ai_2024,portfolio_mean,central,gentd26_hourly_service_demand.csv,gentd26_aligned_regional_hourly_cef.csv,capacity_scenarios.csv,energy_calibration_bounds.csv,trace_timestamp_anonymized,single_row_default,0.3,15.0,carbon,211.9472222222222,211.94722220222218,2e-08,0.9999999999056368,0.0,56.92722900944693,71.15903626180867,38.35401021795281,65.46631336086396,0.0,0.0,0.0,,,1e-08,True,True,0,0,0.0,0.0,0.0,0.0,1e-08,0.4919444444444445,0,0.0,184,1,0.0,0.0,211.94722220222224,0.0,0.0,0.0
scenario_coarse,0.25,2.878384369345526,11.513537477382105,0.25,8.63515310803658,0.6516756058324233,1.7541642831266246,-1.439564807319993,-9.999979511121637e-09,38.354010220005065,1e-08,37.15020378084954,screened_water_cap_0.25,equal_site_portfolio,uniform_new_build,central,uniform_google_ai_2024,portfolio_mean,central,gentd26_hourly_service_demand.csv,gentd26_aligned_regional_hourly_cef.csv,capacity_scenarios.csv,energy_calibration_bounds.csv,trace_timestamp_anonymized,single_row_default,0.3,15.0,carbon,211.9472222222222,211.9472222022222,2e-08,0.9999999999056369,0.043967411964673665,56.92722900944693,71.15903626180868,37.80187938668196,65.46631336086396,2.878384369345526,0.04396741196467367,0.0,,,1e-08,True,True,0,1,2.220446049250313e-16,0.0,0.0,0.0,1e-08,0.4919444444444445,0,0.0,243,1,0.0,0.0,202.62845136888885,9.318770833333337,0.0,0.0
scenario_coarse,0.5,5.756768738691052,11.513537477382105,0.5,5.756768738691052,0.33016591942335083,0.8887324585647338,-2.2778335686954976,-9.999979511121637e-09,38.354010220005065,1e-08,37.15020378084954,screened_water_cap_0.50,equal_site_portfolio,uniform_new_build,central,uniform_google_ai_2024,portfolio_mean,central,gentd26_hourly_service_demand.csv,gentd26_aligned_regional_hourly_cef.csv,capacity_scenarios.csv,energy_calibration_bounds.csv,trace_timestamp_anonymized,single_row_default,0.3,15.0,carbon,211.9472222222222,211.9472222022222,2e-08,0.9999999999056369,0.08793482392934733,56.92722900944693,71.15903626180868,37.48036970027289,65.46631336086396,5.756768738691052,0.08793482392934734,0.0,,,1e-08,True,True,0,1,2.220446049250313e-16,0.0,0.0,0.0,1e-08,0.4919444444444445,0,0.0,290,1,0.0,0.0,193.30968053555554,18.637541666666657,0.0,0.0
scenario_coarse,0.75,8.63515310803658,11.513537477382105,0.7499999999999999,2.878384369345527,0.08580196465376133,0.23095960700487694,-2.914961090349366,-9.999979511121637e-09,38.354010220005065,1e-08,37.15020378084954,screened_water_cap_0.75,equal_site_portfolio,uniform_new_build,central,uniform_google_ai_2024,portfolio_mean,central,gentd26_hourly_service_demand.csv,gentd26_aligned_regional_hourly_cef.csv,capacity_scenarios.csv,energy_calibration_bounds.csv,trace_timestamp_anonymized,single_row_default,0.3,15.0,carbon,211.9472222222222,211.9472222022222,2e-08,0.9999999999056369,0.13190223589402103,56.92722900944693,71.15903626180867,37.2360057455033,65.46631336086396,8.635153108036578,0.131902235894021,0.0,,,1e-08,True,True,0,1,2.220446049250313e-16,0.0,0.0,0.0,1e-08,0.4919444444444445,0,0.0,327,1,1.7763568394002505e-15,0.0,183.99090970222218,27.956312500000003,0.0,0.0
scenario_coarse,1.0,11.513537477382105,11.513537477382105,1.0,0.0,0.0,0.0,-3.1386716336839093,-1.0000007932831068e-08,38.354010220005065,1e-08,37.15020378084954,screened_water_cap_1.00,equal_site_portfolio,uniform_new_build,central,uniform_google_ai_2024,portfolio_mean,central,gentd26_hourly_service_demand.csv,gentd26_aligned_regional_hourly_cef.csv,capacity_scenarios.csv,energy_calibration_bounds.csv,trace_timestamp_anonymized,single_row_default,0.3,15.0,carbon,211.9472222222222,211.94722220222218,2e-08,0.9999999999056368,0.17586964785869472,56.92722900944693,71.15903626180867,37.15020378084954,65.46631336086396,11.513537477382105,0.1758696478586947,0.0,,,1e-08,True,True,0,0,2.220446049250313e-16,0.0,0.0,0.0,1e-08,0.4919444444444445,0,0.0,382,1,0.0,0.0,174.67213886888888,37.27508333333335,0.0,0.0
scenario_coarse,0.0,0.0,2.4250446709410443,0.0,2.4250446709410443,0.060651467897137934,0.18080236403394956,-12.378448763687999,-1.0000007932831068e-08,38.354010220005065,1e-08,33.54572724820494,screened_water_cap_0.00,equal_site_portfolio,uniform_new_build,central,uniform_google_ai_2024,portfolio_mean,central,gentd26_hourly_service_demand.csv,gentd26_aligned_regional_hourly_cef.csv,capacity_scenarios.csv,energy_calibration_bounds.csv,trace_timestamp_anonymized,single_row_default,0.3,20.0,carbon,211.9472222222222,211.94722220222218,2e-08,0.9999999999056368,0.30000000002830896,56.92722900944693,71.15903626180867,33.60637871610208,65.46631336086396,0.0,0.0,0.0,,,1e-08,True,True,0,0,4.440892098500626e-16,0.0,0.0,0.0,1e-08,0.9475833333333334,0,0.0,554,3,0.0,0.0,148.36305553555553,0.0,0.0,63.5841666666667
scenario_coarse,0.25,0.6062611677352611,2.4250446709410443,0.25,1.818783503205783,0.029660750278559078,0.08841886198829307,-12.4592505297636,-1.0000007932831068e-08,38.354010220005065,1e-08,33.54572724820494,screened_water_cap_0.25,equal_site_portfolio,uniform_new_build,central,uniform_google_ai_2024,portfolio_mean,central,gentd26_hourly_service_demand.csv,gentd26_aligned_regional_hourly_cef.csv,capacity_scenarios.csv,energy_calibration_bounds.csv,trace_timestamp_anonymized,single_row_default,0.3,20.0,carbon,211.9472222222222,211.94722220222218,2e-08,0.9999999999056368,0.30000000002830896,56.92722900944693,71.15903626180867,33.5753879984835,65.46631336086396,0.6062611677352611,0.009260658445717313,0.0,,,1e-08,True,True,0,642,4.440892098500626e-16,0.0,0.0,0.0,1e-08,0.9475833333333334,0,0.0,554,3,0.0,0.0,148.36305553555553,0.9091041666666666,1.0536666666666663,61.62139583333336
scenario_coarse,0.5,1.2125223354705221,2.4250446709410443,0.5,1.2125223354705221,0.010074951348983063,0.0300334861558893,-12.510316373510388,-1.0000007932831068e-08,38.354010220005065,1e-08,33.54572724820494,screened_water_cap_0.50,equal_site_portfolio,uniform_new_build,central,uniform_google_ai_2024,portfolio_mean,central,gentd26_hourly_service_demand.csv,gentd26_aligned_regional_hourly_cef.csv,capacity_scenarios.csv,energy_calibration_bounds.csv,trace_timestamp_anonymized,single_row_default,0.3,20.0,carbon,211.9472222222222,211.94722220222218,2e-08,0.9999999999056368,0.30000000002830896,56.92722900944693,71.15903626180867,33.55580219955392,65.46631336086396,1.2125223354705221,0.018521316891434627,0.0,,,1e-08,True,True,0,649,4.440892098500626e-16,0.0,0.0,0.0,1e-08,0.9475833333333334,0,0.0,554,3,0.0,0.0,148.36305553555553,2.003625,1.9219166666666663,59.65862500000002
scenario_coarse,0.75,1.818783503205783,2.4250446709410443,0.7499999999999997,0.6062611677352618,0.001857589057436826,0.00553748333935733,-12.53174141418908,-1.0000007932831068e-08,38.354010220005065,1e-08,33.54572724820494,screened_water_cap_0.75,equal_site_portfolio,uniform_new_build,central,uniform_google_ai_2024,portfolio_mean,central,gentd26_hourly_service_demand.csv,gentd26_aligned_regional_hourly_cef.csv,capacity_scenarios.csv,energy_calibration_bounds.csv,trace_timestamp_anonymized,single_row_default,0.3,20.0,carbon,211.9472222222222,211.94722220222218,2e-08,0.9999999999056368,0.30000000002830896,56.92722900944693,71.15903626180867,33.54758483726238,65.46631336086396,1.8187835032057824,0.02778197533715193,0.0,,,1e-08,True,True,0,650,4.440892098500626e-16,0.0,0.0,0.0,1e-08,0.9475833333333334,0,0.0,554,3,6.661338147750939e-16,0.0,148.36305553555553,3.0441666666666665,2.844145833333332,57.695854166666685
scenario_coarse,1.0,2.4250446709410443,2.4250446709410443,1.0,0.0,0.0,0.0,-12.536584686240115,-1.0000007932831068e-08,38.354010220005065,1e-08,33.54572724820494,screened_water_cap_1.00,equal_site_portfolio,uniform_new_build,central,uniform_google_ai_2024,portfolio_mean,central,gentd26_hourly_service_demand.csv,gentd26_aligned_regional_hourly_cef.csv,capacity_scenarios.csv,energy_calibration_bounds.csv,trace_timestamp_anonymized,single_row_default,0.3,20.0,carbon,211.9472222222222,211.94722220222218,2e-08,0.9999999999056368,0.30000000002830896,56.92722900944693,71.15903626180867,33.54572724820494,65.46631336086396,2.4250446709410443,0.037042633782869254,0.0,,,1e-08,True,True,0,650,4.440892098500626e-16,0.0,0.0,0.0,1e-08,0.9475833333333334,0,0.0,554,3,0.0,0.0,148.36305553555553,3.8531666666666657,3.997916666666667,55.73308333333334
scenario_coarse,0.0,0.0,2.4250446709410443,0.0,2.4250446709410443,0.060651467897137934,0.18080236403394956,-12.378448763687999,-1.0000007932831068e-08,38.354010220005065,1e-08,33.54572724820494,screened_water_cap_0.00,equal_site_portfolio,uniform_new_build,central,uniform_google_ai_2024,portfolio_mean,central,gentd26_hourly_service_demand.csv,gentd26_aligned_regional_hourly_cef.csv,capacity_scenarios.csv,energy_calibration_bounds.csv,trace_timestamp_anonymized,single_row_default,0.3,35.0,carbon,211.9472222222222,211.94722220222218,2e-08,0.9999999999056368,0.30000000002830896,56.92722900944693,71.15903626180867,33.60637871610208,65.46631336086396,0.0,0.0,0.0,,,1e-08,True,True,0,0,4.440892098500626e-16,0.0,0.0,0.0,1e-08,0.9475833333333334,0,0.0,554,3,0.0,0.0,148.36305553555553,0.0,0.0,63.5841666666667
scenario_coarse,0.25,0.6062611677352611,2.4250446709410443,0.25,1.818783503205783,0.029660750278559078,0.08841886198829307,-12.4592505297636,-1.0000007932831068e-08,38.354010220005065,1e-08,33.54572724820494,screened_water_cap_0.25,equal_site_portfolio,uniform_new_build,central,uniform_google_ai_2024,portfolio_mean,central,gentd26_hourly_service_demand.csv,gentd26_aligned_regional_hourly_cef.csv,capacity_scenarios.csv,energy_calibration_bounds.csv,trace_timestamp_anonymized,single_row_default,0.3,35.0,carbon,211.9472222222222,211.94722220222218,2e-08,0.9999999999056368,0.30000000002830896,56.92722900944693,71.15903626180867,33.5753879984835,65.46631336086396,0.6062611677352611,0.009260658445717313,0.0,,,1e-08,True,True,0,642,4.440892098500626e-16,0.0,0.0,0.0,1e-08,0.9475833333333334,0,0.0,554,3,0.0,0.0,148.36305553555553,0.9091041666666666,1.0536666666666663,61.62139583333336
scenario_coarse,0.5,1.2125223354705221,2.4250446709410443,0.5,1.2125223354705221,0.010074951348983063,0.0300334861558893,-12.510316373510388,-1.0000007932831068e-08,38.354010220005065,1e-08,33.54572724820494,screened_water_cap_0.50,equal_site_portfolio,uniform_new_build,central,uniform_google_ai_2024,portfolio_mean,central,gentd26_hourly_service_demand.csv,gentd26_aligned_regional_hourly_cef.csv,capacity_scenarios.csv,energy_calibration_bounds.csv,trace_timestamp_anonymized,single_row_default,0.3,35.0,carbon,211.9472222222222,211.94722220222218,2e-08,0.9999999999056368,0.30000000002830896,56.92722900944693,71.15903626180867,33.55580219955392,65.46631336086396,1.2125223354705221,0.018521316891434627,0.0,,,1e-08,True,True,0,649,4.440892098500626e-16,0.0,0.0,0.0,1e-08,0.9475833333333334,0,0.0,554,3,0.0,0.0,148.36305553555553,2.003625,1.9219166666666663,59.65862500000002
scenario_coarse,0.75,1.818783503205783,2.4250446709410443,0.7499999999999997,0.6062611677352618,0.001857589057436826,0.00553748333935733,-12.53174141418908,-1.0000007932831068e-08,38.354010220005065,1e-08,33.54572724820494,screened_water_cap_0.75,equal_site_portfolio,uniform_new_build,central,uniform_google_ai_2024,portfolio_mean,central,gentd26_hourly_service_demand.csv,gentd26_aligned_regional_hourly_cef.csv,capacity_scenarios.csv,energy_calibration_bounds.csv,trace_timestamp_anonymized,single_row_default,0.3,35.0,carbon,211.9472222222222,211.94722220222218,2e-08,0.9999999999056368,0.30000000002830896,56.92722900944693,71.15903626180867,33.54758483726238,65.46631336086396,1.8187835032057824,0.02778197533715193,0.0,,,1e-08,True,True,0,650,4.440892098500626e-16,0.0,0.0,0.0,1e-08,0.9475833333333334,0,0.0,554,3,6.661338147750939e-16,0.0,148.36305553555553,3.0441666666666665,2.844145833333332,57.695854166666685
scenario_coarse,1.0,2.4250446709410443,2.4250446709410443,1.0,0.0,0.0,0.0,-12.536584686240115,-1.0000007932831068e-08,38.354010220005065,1e-08,33.54572724820494,screened_water_cap_1.00,equal_site_portfolio,uniform_new_build,central,uniform_google_ai_2024,portfolio_mean,central,gentd26_hourly_service_demand.csv,gentd26_aligned_regional_hourly_cef.csv,capacity_scenarios.csv,energy_calibration_bounds.csv,trace_timestamp_anonymized,single_row_default,0.3,35.0,carbon,211.9472222222222,211.94722220222218,2e-08,0.9999999999056368,0.30000000002830896,56.92722900944693,71.15903626180867,33.54572724820494,65.46631336086396,2.4250446709410443,0.037042633782869254,0.0,,,1e-08,True,True,0,650,4.440892098500626e-16,0.0,0.0,0.0,1e-08,0.9475833333333334,0,0.0,554,3,0.0,0.0,148.36305553555553,3.8531666666666657,3.997916666666667,55.73308333333334
scenario_coarse,0.0,0.0,19.189229128970172,0.0,19.189229128970172,2.0063440618387816,5.519870390636616,-5.350819787253158e-09,-1.0000007932831068e-08,38.354010220005065,1e-08,36.34766615611403,screened_water_cap_0.00,equal_site_portfolio,uniform_new_build,central,uniform_google_ai_2024,portfolio_mean,central,gentd26_hourly_service_demand.csv,gentd26_aligned_regional_hourly_cef.csv,capacity_scenarios.csv,energy_calibration_bounds.csv,trace_timestamp_anonymized,single_row_default,0.5,15.0,carbon,211.9472222222222,211.94722220222218,2e-08,0.9999999999056368,0.0,56.92722900944693,71.15903626180867,38.35401021795281,65.46631336086396,0.0,0.0,0.0,,,1e-08,True,True,0,0,0.0,0.0,0.0,0.0,1e-08,0.4919444444444445,0,0.0,184,1,0.0,0.0,211.94722220222224,0.0,0.0,0.0
scenario_coarse,0.25,4.797307282242543,19.189229128970172,0.24999999999999994,14.39192184672763,1.0861260097206937,2.988158868455981,-2.3992746752994454,-9.999979511121637e-09,38.354010220005065,1e-08,36.34766615611403,screened_water_cap_0.25,equal_site_portfolio,uniform_new_build,central,uniform_google_ai_2024,portfolio_mean,central,gentd26_hourly_service_demand.csv,gentd26_aligned_regional_hourly_cef.csv,capacity_scenarios.csv,energy_calibration_bounds.csv,trace_timestamp_anonymized,single_row_default,0.5,15.0,carbon,211.9472222222222,211.9472222022222,2e-08,0.9999999999056369,0.07327901994112278,56.92722900944694,71.15903626180867,37.433792165834724,65.46631336086396,4.797307282242542,0.07327901994112276,0.0,,,1e-08,True,True,0,1,0.0,0.0,0.0,0.0,1e-08,0.4919444444444445,0,0.0,243,1,8.881784197001252e-16,0.0,196.41593748000003,15.53128472222222,0.0,0.0
scenario_coarse,0.5,9.594614564485086,19.189229128970172,0.5,9.594614564485086,0.5502765323722372,1.5139253508293704,-3.7963892775919605,-9.999979511121637e-09,38.354010220005065,1e-08,36.34766615611403,screened_water_cap_0.50,equal_site_portfolio,uniform_new_build,central,uniform_google_ai_2024,portfolio_mean,central,gentd26_hourly_service_demand.csv,gentd26_aligned_regional_hourly_cef.csv,capacity_scenarios.csv,energy_calibration_bounds.csv,trace_timestamp_anonymized,single_row_default,0.5,15.0,carbon,211.9472222222222,211.9472222022222,2e-08,0.9999999999056369,0.14655803988224556,56.92722900944694,71.15903626180867,36.89794268848627,65.46631336086396,9.594614564485086,0.14655803988224556,0.0,,,1e-08,True,True,0,1,0.0,0.0,0.0,0.0,1e-08,0.4919444444444445,0,0.0,290,1,0.0,0.0,180.8846527577778,31.062569444444446,0.0,0.0
scenario_coarse,0.75,14.39192184672763,19.189229128970172,0.7500000000000004,4.797307282242535,0.14300327442293082,0.3934317923157016,-4.858268480348382,-1.0000007932831068e-08,38.354010220005065,1e-08,36.34766615611403,screened_water_cap_0.75,equal_site_portfolio,uniform_new_build,central,uniform_google_ai_2024,portfolio_mean,central,gentd26_hourly_service_demand.csv,gentd26_aligned_regional_hourly_cef.csv,capacity_scenarios.csv,energy_calibration_bounds.csv,trace_timestamp_anonymized,single_row_default,0.5,15.0,carbon,211.9472222222222,211.94722220222218,2e-08,0.9999999999056368,0.21983705982336849,56.92722900944693,71.15903626180867,36.49066943053696,65.46631336086396,14.391921846727637,0.21983705982336846,0.0,,,1e-08,True,True,0,1,0.0,0.0,0.0,0.0,1e-08,0.4919444444444445,0,0.0,327,1,-7.105427357601002e-15,7.105427357601002e-15,165.35336803555555,46.593854166666716,0.0,0.0
scenario_coarse,1.0,19.189229128970172,19.189229128970172,1.0,0.0,0.0,0.0,-5.231119385905947,-1.0000007932831068e-08,38.354010220005065,1e-08,36.34766615611403,screened_water_cap_1.00,equal_site_portfolio,uniform_new_build,central,uniform_google_ai_2024,portfolio_mean,central,gentd26_hourly_service_demand.csv,gentd26_aligned_regional_hourly_cef.csv,capacity_scenarios.csv,energy_calibration_bounds.csv,trace_timestamp_anonymized,single_row_default,0.5,15.0,carbon,211.9472222222222,211.94722220222218,2e-08,0.9999999999056368,0.29311607976449117,56.92722900944694,71.15903626180867,36.34766615611403,65.46631336086396,19.189229128970172,0.2931160797644911,0.0,,,1e-08,True,True,0,0,0.0,0.0,0.0,0.0,1e-08,0.4241666666666666,0,0.0,382,1,0.0,0.0,149.82208331333334,62.12513888888891,0.0,0.0
scenario_coarse,0.0,0.0,4.041741118235074,0.0,4.041741118235074,0.10108577982856559,0.3331743438596213,-20.630747935912797,-1.0000007932831068e-08,38.354010220005065,1e-08,30.340205268373023,screened_water_cap_0.00,equal_site_portfolio,uniform_new_build,central,uniform_google_ai_2024,portfolio_mean,central,gentd26_hourly_service_demand.csv,gentd26_aligned_regional_hourly_cef.csv,capacity_scenarios.csv,energy_calibration_bounds.csv,trace_timestamp_anonymized,single_row_default,0.5,20.0,carbon,211.9472222222222,211.94722220222218,2e-08,0.9999999999056368,0.5000000000471817,56.92722900944693,71.15903626180867,30.441291048201588,65.46631336086396,0.0,0.0,0.0,,,1e-08,True,True,0,0,0.0,0.0,0.0,0.0,1e-08,0.24597222222222226,0,0.0,554,3,0.0,0.0,105.97361109111111,0.0,0.0,105.97361111111111
scenario_coarse,0.25,1.0104352795587686,4.041741118235074,0.25,3.031305838676306,0.049434583797602016,0.1629342430623959,-20.76541754603879,-1.0000007932831068e-08,38.354010220005065,1e-08,30.340205268373023,screened_water_cap_0.25,equal_site_portfolio,uniform_new_build,central,uniform_google_ai_2024,portfolio_mean,central,gentd26_hourly_service_demand.csv,gentd26_aligned_regional_hourly_cef.csv,capacity_scenarios.csv,energy_calibration_bounds.csv,trace_timestamp_anonymized,single_row_default,0.5,20.0,carbon,211.9472222222222,211.94722220222218,2e-08,0.9999999999056368,0.5000000000471816,56.92722900944693,71.15903626180867,30.389639852170625,65.46631336086396,1.0104352795587686,0.015434430742862191,0.0,,,1e-08,True,True,0,645,0.0,0.0,0.0,0.0,1e-08,0.24597222222222226,0,0.0,554,3,0.0,0.0,105.97361109111111,1.5151736111111118,1.7561111111111107,102.70232638888888
scenario_coarse,0.5,2.020870559117537,4.041741118235074,0.5,2.020870559117537,0.016791585581639623,0.055344337433149704,-20.85052728561677,-1.0000007932831068e-08,38.354010220005065,1e-08,30.340205268373023,screened_water_cap_0.50,equal_site_portfolio,uniform_new_build,central,uniform_google_ai_2024,portfolio_mean,central,gentd26_hourly_service_demand.csv,gentd26_aligned_regional_hourly_cef.csv,capacity_scenarios.csv,energy_calibration_bounds.csv,trace_timestamp_anonymized,single_row_default,0.5,20.0,carbon,211.9472222222222,211.94722220222218,2e-08,0.9999999999056368,0.5000000000471817,56.92722900944693,71.15903626180867,30.356996853954662,65.46631336086396,2.020870559117537,0.030868861485724382,0.0,,,1e-08,True,True,0,650,0.0,0.0,0.0,0.0,1e-08,0.24597222222222226,0,0.0,554,3,0.0,0.0,105.97361109111112,3.3393750000000004,3.203194444444444,99.43104166666666
scenario_coarse,0.75,3.031305838676306,4.041741118235074,0.7499999999999999,1.0104352795587692,0.003095981762395894,0.010204221543697045,-20.886235686747934,-9.999979511121637e-09,38.354010220005065,1e-08,30.340205268373023,screened_water_cap_0.75,equal_site_portfolio,uniform_new_build,central,uniform_google_ai_2024,portfolio_mean,central,gentd26_hourly_service_demand.csv,gentd26_aligned_regional_hourly_cef.csv,capacity_scenarios.csv,energy_calibration_bounds.csv,trace_timestamp_anonymized,single_row_default,0.5,20.0,carbon,211.9472222222222,211.9472222022222,2e-08,0.9999999999056369,0.5000000000471816,56.92722900944693,71.15903626180867,30.34330125013542,65.46631336086396,3.031305838676305,0.04630329222858656,0.0,,,1e-08,True,True,0,654,4.440892098500626e-16,0.0,0.0,0.0,1e-08,0.24597222222222226,0,0.0,554,3,8.881784197001252e-16,0.0,105.97361109111111,5.073611111111111,4.740243055555555,96.15975694444447
scenario_coarse,1.0,4.041741118235074,4.041741118235074,0.9999999999999998,8.881784197001252e-16,0.0,0.0,-20.89430780683299,-9.999979511121637e-09,38.354010220005065,1e-08,30.340205268373023,screened_water_cap_1.00,equal_site_portfolio,uniform_new_build,central,uniform_google_ai_2024,portfolio_mean,central,gentd26_hourly_service_demand.csv,gentd26_aligned_regional_hourly_cef.csv,capacity_scenarios.csv,energy_calibration_bounds.csv,trace_timestamp_anonymized,single_row_default,0.5,20.0,carbon,211.9472222222222,211.9472222022222,2e-08,0.9999999999056369,0.5000000000471816,56.92722900944693,71.15903626180867,30.340205268373023,65.46631336086396,4.041741118235073,0.06173772297144875,0.0,,,1e-08,True,True,0,651,0.0,0.0,0.0,0.0,1e-08,0.24597222222222226,0,0.0,554,3,8.881784197001252e-16,0.0,105.97361109111111,6.421944444444444,6.663194444444444,92.88847222222223
scenario_coarse,0.0,0.0,4.041741118235074,0.0,4.041741118235074,0.10108577982856559,0.3331743438596213,-20.630747935912797,-1.0000007932831068e-08,38.354010220005065,1e-08,30.340205268373023,screened_water_cap_0.00,equal_site_portfolio,uniform_new_build,central,uniform_google_ai_2024,portfolio_mean,central,gentd26_hourly_service_demand.csv,gentd26_aligned_regional_hourly_cef.csv,capacity_scenarios.csv,energy_calibration_bounds.csv,trace_timestamp_anonymized,single_row_default,0.5,35.0,carbon,211.9472222222222,211.94722220222218,2e-08,0.9999999999056368,0.5000000000471817,56.92722900944693,71.15903626180867,30.441291048201588,65.46631336086396,0.0,0.0,0.0,,,1e-08,True,True,0,0,0.0,0.0,0.0,0.0,1e-08,0.24597222222222226,0,0.0,554,3,0.0,0.0,105.97361109111111,0.0,0.0,105.97361111111111
scenario_coarse,0.25,1.0104352795587686,4.041741118235074,0.25,3.031305838676306,0.049434583797602016,0.1629342430623959,-20.76541754603879,-1.0000007932831068e-08,38.354010220005065,1e-08,30.340205268373023,screened_water_cap_0.25,equal_site_portfolio,uniform_new_build,central,uniform_google_ai_2024,portfolio_mean,central,gentd26_hourly_service_demand.csv,gentd26_aligned_regional_hourly_cef.csv,capacity_scenarios.csv,energy_calibration_bounds.csv,trace_timestamp_anonymized,single_row_default,0.5,35.0,carbon,211.9472222222222,211.94722220222218,2e-08,0.9999999999056368,0.5000000000471816,56.92722900944693,71.15903626180867,30.389639852170625,65.46631336086396,1.0104352795587686,0.015434430742862191,0.0,,,1e-08,True,True,0,645,0.0,0.0,0.0,0.0,1e-08,0.24597222222222226,0,0.0,554,3,0.0,0.0,105.97361109111111,1.5151736111111118,1.7561111111111107,102.70232638888888
scenario_coarse,0.5,2.020870559117537,4.041741118235074,0.5,2.020870559117537,0.016791585581639623,0.055344337433149704,-20.85052728561677,-1.0000007932831068e-08,38.354010220005065,1e-08,30.340205268373023,screened_water_cap_0.50,equal_site_portfolio,uniform_new_build,central,uniform_google_ai_2024,portfolio_mean,central,gentd26_hourly_service_demand.csv,gentd26_aligned_regional_hourly_cef.csv,capacity_scenarios.csv,energy_calibration_bounds.csv,trace_timestamp_anonymized,single_row_default,0.5,35.0,carbon,211.9472222222222,211.94722220222218,2e-08,0.9999999999056368,0.5000000000471817,56.92722900944693,71.15903626180867,30.356996853954662,65.46631336086396,2.020870559117537,0.030868861485724382,0.0,,,1e-08,True,True,0,650,0.0,0.0,0.0,0.0,1e-08,0.24597222222222226,0,0.0,554,3,0.0,0.0,105.97361109111112,3.3393750000000004,3.203194444444444,99.43104166666666
scenario_coarse,0.75,3.031305838676306,4.041741118235074,0.7499999999999999,1.0104352795587692,0.003095981762395894,0.010204221543697045,-20.886235686747934,-9.999979511121637e-09,38.354010220005065,1e-08,30.340205268373023,screened_water_cap_0.75,equal_site_portfolio,uniform_new_build,central,uniform_google_ai_2024,portfolio_mean,central,gentd26_hourly_service_demand.csv,gentd26_aligned_regional_hourly_cef.csv,capacity_scenarios.csv,energy_calibration_bounds.csv,trace_timestamp_anonymized,single_row_default,0.5,35.0,carbon,211.9472222222222,211.9472222022222,2e-08,0.9999999999056369,0.5000000000471816,56.92722900944693,71.15903626180867,30.34330125013542,65.46631336086396,3.031305838676305,0.04630329222858656,0.0,,,1e-08,True,True,0,654,4.440892098500626e-16,0.0,0.0,0.0,1e-08,0.24597222222222226,0,0.0,554,3,8.881784197001252e-16,0.0,105.97361109111111,5.073611111111111,4.740243055555555,96.15975694444447
scenario_coarse,1.0,4.041741118235074,4.041741118235074,0.9999999999999998,8.881784197001252e-16,0.0,0.0,-20.89430780683299,-9.999979511121637e-09,38.354010220005065,1e-08,30.340205268373023,screened_water_cap_1.00,equal_site_portfolio,uniform_new_build,central,uniform_google_ai_2024,portfolio_mean,central,gentd26_hourly_service_demand.csv,gentd26_aligned_regional_hourly_cef.csv,capacity_scenarios.csv,energy_calibration_bounds.csv,trace_timestamp_anonymized,single_row_default,0.5,35.0,carbon,211.9472222222222,211.9472222022222,2e-08,0.9999999999056369,0.5000000000471816,56.92722900944693,71.15903626180867,30.340205268373023,65.46631336086396,4.041741118235073,0.06173772297144875,0.0,,,1e-08,True,True,0,651,0.0,0.0,0.0,0.0,1e-08,0.24597222222222226,0,0.0,554,3,8.881784197001252e-16,0.0,105.97361109111111,6.421944444444444,6.663194444444444,92.88847222222223
scenario_coarse,0.0,0.0,5.756768738691052,0.0,5.756768738691052,0.6019032185516338,1.5943566237539564,-5.350819787253158e-09,-1.0000007932831068e-08,38.354010220005065,1e-08,37.75210699940118,screened_water_cap_0.00,equal_site_portfolio,uniform_new_build,ample,uniform_google_ai_2024,portfolio_mean,central,gentd26_hourly_service_demand.csv,gentd26_aligned_regional_hourly_cef.csv,capacity_scenarios.csv,energy_calibration_bounds.csv,trace_timestamp_anonymized,single_row_default,0.15,15.0,carbon,211.9472222222222,211.94722220222218,2e-08,0.9999999999056368,0.0,56.92722900944693,71.15903626180867,38.35401021795281,65.46631336086396,0.0,0.0,0.0,,,1e-08,True,True,0,0,0.0,0.0,0.0,0.0,1e-08,1.4919444444444445,0,0.0,184,1,0.0,0.0,211.94722220222224,0.0,0.0,0.0
scenario_coarse,0.25,1.439192184672763,5.756768738691052,0.25,4.31757655401829,0.32583780291621167,0.8630983243435475,-0.7197824063353897,-1.0000007932831068e-08,38.354010220005065,1e-08,37.75210699940118,screened_water_cap_0.25,equal_site_portfolio,uniform_new_build,ample,uniform_google_ai_2024,portfolio_mean,central,gentd26_hourly_service_demand.csv,gentd26_aligned_regional_hourly_cef.csv,capacity_scenarios.csv,energy_calibration_bounds.csv,trace_timestamp_anonymized,single_row_default,0.15,15.0,carbon,211.9472222222222,211.94722220222218,2e-08,0.9999999999056368,0.021983705982336833,56.92722900944694,71.15903626180867,38.07794480231739,65.46631336086396,1.439192184672763,0.021983705982336836,0.0,,,1e-08,True,True,0,1,2.220446049250313e-16,0.0,0.0,0.0,1e-08,1.4919444444444445,0,0.0,243,1,0.0,0.0,207.28783678555556,4.659385416666669,0.0,0.0
scenario_coarse,0.5,2.878384369345526,5.756768738691052,0.5,2.878384369345526,0.1650829597116683,0.43728144687205095,-1.1389167870231698,-9.999979511121637e-09,38.354010220005065,1e-08,37.75210699940118,screened_water_cap_0.50,equal_site_portfolio,uniform_new_build,ample,uniform_google_ai_2024,portfolio_mean,central,gentd26_hourly_service_demand.csv,gentd26_aligned_regional_hourly_cef.csv,capacity_scenarios.csv,energy_calibration_bounds.csv,trace_timestamp_anonymized,single_row_default,0.15,15.0,carbon,211.9472222222222,211.9472222022222,2e-08,0.9999999999056369,0.043967411964673665,56.92722900944694,71.15903626180867,37.91718995911285,65.46631336086396,2.878384369345526,0.04396741196467367,0.0,,,1e-08,True,True,0,1,2.220446049250313e-16,0.0,0.0,0.0,1e-08,1.4919444444444445,0,0.0,290,1,0.0,0.0,202.6284513688889,9.318770833333328,0.0,0.0
scenario_coarse,0.75,4.31757655401829,5.756768738691052,0.7499999999999999,1.4391921846727636,0.04290098232687711,0.11363864360618425,-1.4574805478500874,-9.999979511121637e-09,38.354010220005065,1e-08,37.75210699940118,screened_water_cap_0.75,equal_site_portfolio,uniform_new_build,ample,uniform_google_ai_2024,portfolio_mean,central,gentd26_hourly_service_demand.csv,gentd26_aligned_regional_hourly_cef.csv,capacity_scenarios.csv,energy_calibration_bounds.csv,trace_timestamp_anonymized,single_row_default,0.15,15.0,carbon,211.9472222222222,211.9472222022222,2e-08,0.9999999999056369,0.06595111794701052,56.92722900944694,71.15903626180867,37.795007981728055,65.46631336086396,4.317576554018289,0.0659511179470105,0.0,,,1e-08,True,True,0,1,2.220446049250313e-16,0.0,0.0,0.0,1e-08,1.4919444444444445,0,0.0,327,1,8.881784197001252e-16,0.0,197.96906595222225,13.978156250000001,0.0,0.0
scenario_coarse,1.0,5.756768738691052,5.756768738691052,1.0,0.0,0.0,0.0,-1.569335819517359,-9.999979511121637e-09,38.354010220005065,1e-08,37.75210699940118,screened_water_cap_1.00,equal_site_portfolio,uniform_new_build,ample,uniform_google_ai_2024,portfolio_mean,central,gentd26_hourly_service_demand.csv,gentd26_aligned_regional_hourly_cef.csv,capacity_scenarios.csv,energy_calibration_bounds.csv,trace_timestamp_anonymized,single_row_default,0.15,15.0,carbon,211.9472222222222,211.9472222022222,2e-08,0.9999999999056369,0.08793482392934734,56.92722900944693,71.15903626180867,37.75210699940118,65.46631336086396,5.756768738691052,0.08793482392934734,0.0,,,1e-08,True,True,0,0,2.220446049250313e-16,0.0,0.0,0.0,1e-08,1.4919444444444445,0,0.0,382,1,0.0,0.0,193.30968053555554,18.637541666666674,0.0,0.0
scenario_coarse,0.0,0.0,1.2125223354705221,0.0,1.2125223354705221,0.030325733948565414,0.08435561802389024,-6.1892243845194095,-9.999979511121637e-09,38.354010220005065,1e-08,35.94986873307888,screened_water_cap_0.00,equal_site_portfolio,uniform_new_build,ample,uniform_google_ai_2024,portfolio_mean,central,gentd26_hourly_service_demand.csv,gentd26_aligned_regional_hourly_cef.csv,capacity_scenarios.csv,energy_calibration_bounds.csv,trace_timestamp_anonymized,single_row_default,0.15,20.0,carbon,211.9472222222222,211.9472222022222,2e-08,0.9999999999056369,0.15000000001415448,56.92722900944694,71.15903626180867,35.980194467027445,65.46631336086396,0.0,0.0,0.0,,,1e-08,True,True,0,0,4.440892098500626e-16,0.0,0.0,0.0,1e-08,2.018152777777778,0,0.0,554,3,0.0,0.0,180.1551388688889,0.0,0.0,31.79208333333335
scenario_coarse,0.25,0.30313058386763053,1.2125223354705221,0.25,0.9093917516028915,0.014830375139275986,0.04125293265850871,-6.2296252675572035,-9.999979511121637e-09,38.354010220005065,1e-08,35.94986873307888,screened_water_cap_0.25,equal_site_portfolio,uniform_new_build,ample,uniform_google_ai_2024,portfolio_mean,central,gentd26_hourly_service_demand.csv,gentd26_aligned_regional_hourly_cef.csv,capacity_scenarios.csv,energy_calibration_bounds.csv,trace_timestamp_anonymized,single_row_default,0.15,20.0,carbon,211.9472222222222,211.9472222022222,2e-08,0.9999999999056369,0.15000000001415448,56.92722900944693,71.15903626180867,35.964699108218156,65.46631336086396,0.30313058386763053,0.004630329222858657,0.0,,,1e-08,True,True,0,623,4.440892098500626e-16,0.0,0.0,0.0,1e-08,2.018152777777778,0,0.0,554,3,0.0,0.0,180.1551388688889,0.4545520833333333,0.5268333333333332,30.81069791666668
scenario_coarse,0.5,0.6062611677352611,1.2125223354705221,0.5,0.6062611677352611,0.005037475674491532,0.014012500885307588,-6.255158189430599,-9.999979511121637e-09,38.354010220005065,1e-08,35.94986873307888,screened_water_cap_0.50,equal_site_portfolio,uniform_new_build,ample,uniform_google_ai_2024,portfolio_mean,central,gentd26_hourly_service_demand.csv,gentd26_aligned_regional_hourly_cef.csv,capacity_scenarios.csv,energy_calibration_bounds.csv,trace_timestamp_anonymized,single_row_default,0.15,20.0,carbon,211.9472222222222,211.9472222022222,2e-08,0.9999999999056369,0.15000000001415448,56.92722900944694,71.15903626180867,35.95490620875337,65.46631336086396,0.6062611677352611,0.009260658445717313,0.0,,,1e-08,True,True,0,634,4.440892098500626e-16,0.0,0.0,0.0,1e-08,2.018152777777778,0,0.0,554,3,0.0,0.0,180.1551388688889,1.0018125,0.9609583333333331,29.82931250000001
scenario_coarse,0.75,0.9093917516028915,1.2125223354705221,0.7499999999999997,0.3031305838676309,0.000928794528718413,0.0025835825316011807,-6.265870709769938,-9.999979511121637e-09,38.354010220005065,1e-08,35.94986873307888,screened_water_cap_0.75,equal_site_portfolio,uniform_new_build,ample,uniform_google_ai_2024,portfolio_mean,central,gentd26_hourly_service_demand.csv,gentd26_aligned_regional_hourly_cef.csv,capacity_scenarios.csv,energy_calibration_bounds.csv,trace_timestamp_anonymized,single_row_default,0.15,20.0,carbon,211.9472222222222,211.9472222022222,2e-08,0.9999999999056369,0.15000000001415448,56.92722900944694,71.15903626180867,35.9507975276076,65.46631336086396,0.9093917516028912,0.013890987668575964,0.0,,,1e-08,True,True,0,637,4.440892098500626e-16,0.0,0.0,0.0,1e-08,2.018152777777778,0,0.0,554,3,3.3306690738754696e-16,0.0,180.1551388688889,1.5220833333333332,1.422072916666666,28.847927083333342
scenario_coarse,1.0,1.2125223354705221,1.2125223354705221,1.0,0.0,0.0,0.0,-6.268292345795457,-9.999979511121637e-09,38.354010220005065,1e-08,35.94986873307888,screened_water_cap_1.00,equal_site_portfolio,uniform_new_build,ample,uniform_google_ai_2024,portfolio_mean,central,gentd26_hourly_service_demand.csv,gentd26_aligned_regional_hourly_cef.csv,capacity_scenarios.csv,energy_calibration_bounds.csv,trace_timestamp_anonymized,single_row_default,0.15,20.0,carbon,211.9472222222222,211.9472222022222,2e-08,0.9999999999056369,0.15000000001415448,56.92722900944694,71.15903626180867,35.94986873307888,65.46631336086396,1.2125223354705221,0.018521316891434627,0.0,,,1e-08,True,True,0,636,4.440892098500626e-16,0.0,0.0,0.0,1e-08,2.018152777777778,0,0.0,554,3,0.0,0.0,180.1551388688889,1.9265833333333329,1.9989583333333334,27.86654166666667
scenario_coarse,0.0,0.0,1.2125223354705221,0.0,1.2125223354705221,0.030325733948565414,0.08435561802389024,-6.1892243845194095,-9.999979511121637e-09,38.354010220005065,1e-08,35.94986873307888,screened_water_cap_0.00,equal_site_portfolio,uniform_new_build,ample,uniform_google_ai_2024,portfolio_mean,central,gentd26_hourly_service_demand.csv,gentd26_aligned_regional_hourly_cef.csv,capacity_scenarios.csv,energy_calibration_bounds.csv,trace_timestamp_anonymized,single_row_default,0.15,35.0,carbon,211.9472222222222,211.9472222022222,2e-08,0.9999999999056369,0.15000000001415448,56.92722900944694,71.15903626180867,35.980194467027445,65.46631336086396,0.0,0.0,0.0,,,1e-08,True,True,0,0,4.440892098500626e-16,0.0,0.0,0.0,1e-08,2.018152777777778,0,0.0,554,3,0.0,0.0,180.1551388688889,0.0,0.0,31.79208333333335
scenario_coarse,0.25,0.30313058386763053,1.2125223354705221,0.25,0.9093917516028915,0.014830375139275986,0.04125293265850871,-6.2296252675572035,-9.999979511121637e-09,38.354010220005065,1e-08,35.94986873307888,screened_water_cap_0.25,equal_site_portfolio,uniform_new_build,ample,uniform_google_ai_2024,portfolio_mean,central,gentd26_hourly_service_demand.csv,gentd26_aligned_regional_hourly_cef.csv,capacity_scenarios.csv,energy_calibration_bounds.csv,trace_timestamp_anonymized,single_row_default,0.15,35.0,carbon,211.9472222222222,211.9472222022222,2e-08,0.9999999999056369,0.15000000001415448,56.92722900944693,71.15903626180867,35.964699108218156,65.46631336086396,0.30313058386763053,0.004630329222858657,0.0,,,1e-08,True,True,0,623,4.440892098500626e-16,0.0,0.0,0.0,1e-08,2.018152777777778,0,0.0,554,3,0.0,0.0,180.1551388688889,0.4545520833333333,0.5268333333333332,30.81069791666668
scenario_coarse,0.5,0.6062611677352611,1.2125223354705221,0.5,0.6062611677352611,0.005037475674491532,0.014012500885307588,-6.255158189430599,-9.999979511121637e-09,38.354010220005065,1e-08,35.94986873307888,screened_water_cap_0.50,equal_site_portfolio,uniform_new_build,ample,uniform_google_ai_2024,portfolio_mean,central,gentd26_hourly_service_demand.csv,gentd26_aligned_regional_hourly_cef.csv,capacity_scenarios.csv,energy_calibration_bounds.csv,trace_timestamp_anonymized,single_row_default,0.15,35.0,carbon,211.9472222222222,211.9472222022222,2e-08,0.9999999999056369,0.15000000001415448,56.92722900944694,71.15903626180867,35.95490620875337,65.46631336086396,0.6062611677352611,0.009260658445717313,0.0,,,1e-08,True,True,0,634,4.440892098500626e-16,0.0,0.0,0.0,1e-08,2.018152777777778,0,0.0,554,3,0.0,0.0,180.1551388688889,1.0018125,0.9609583333333331,29.82931250000001
scenario_coarse,0.75,0.9093917516028915,1.2125223354705221,0.7499999999999997,0.3031305838676309,0.000928794528718413,0.0025835825316011807,-6.265870709769938,-9.999979511121637e-09,38.354010220005065,1e-08,35.94986873307888,screened_water_cap_0.75,equal_site_portfolio,uniform_new_build,ample,uniform_google_ai_2024,portfolio_mean,central,gentd26_hourly_service_demand.csv,gentd26_aligned_regional_hourly_cef.csv,capacity_scenarios.csv,energy_calibration_bounds.csv,trace_timestamp_anonymized,single_row_default,0.15,35.0,carbon,211.9472222222222,211.9472222022222,2e-08,0.9999999999056369,0.15000000001415448,56.92722900944694,71.15903626180867,35.9507975276076,65.46631336086396,0.9093917516028912,0.013890987668575964,0.0,,,1e-08,True,True,0,637,4.440892098500626e-16,0.0,0.0,0.0,1e-08,2.018152777777778,0,0.0,554,3,3.3306690738754696e-16,0.0,180.1551388688889,1.5220833333333332,1.422072916666666,28.847927083333342
scenario_coarse,1.0,1.2125223354705221,1.2125223354705221,1.0,0.0,0.0,0.0,-6.268292345795457,-9.999979511121637e-09,38.354010220005065,1e-08,35.94986873307888,screened_water_cap_1.00,equal_site_portfolio,uniform_new_build,ample,uniform_google_ai_2024,portfolio_mean,central,gentd26_hourly_service_demand.csv,gentd26_aligned_regional_hourly_cef.csv,capacity_scenarios.csv,energy_calibration_bounds.csv,trace_timestamp_anonymized,single_row_default,0.15,35.0,carbon,211.9472222222222,211.9472222022222,2e-08,0.9999999999056369,0.15000000001415448,56.92722900944694,71.15903626180867,35.94986873307888,65.46631336086396,1.2125223354705221,0.018521316891434627,0.0,,,1e-08,True,True,0,636,4.440892098500626e-16,0.0,0.0,0.0,1e-08,2.018152777777778,0,0.0,554,3,0.0,0.0,180.1551388688889,1.9265833333333329,1.9989583333333334,27.86654166666667
scenario_coarse,0.0,0.0,11.513537477382105,0.0,11.513537477382105,1.2038064371032746,3.2403764033289706,-5.350819787253158e-09,-1.0000007932831068e-08,38.354010220005065,1e-08,37.15020378084954,screened_water_cap_0.00,equal_site_portfolio,uniform_new_build,ample,uniform_google_ai_2024,portfolio_mean,central,gentd26_hourly_service_demand.csv,gentd26_aligned_regional_hourly_cef.csv,capacity_scenarios.csv,energy_calibration_bounds.csv,trace_timestamp_anonymized,single_row_default,0.3,15.0,carbon,211.9472222222222,211.94722220222218,2e-08,0.9999999999056368,0.0,56.92722900944693,71.15903626180867,38.35401021795281,65.46631336086396,0.0,0.0,0.0,,,1e-08,True,True,0,0,0.0,0.0,0.0,0.0,1e-08,1.4919444444444445,0,0.0,184,1,0.0,0.0,211.94722220222224,0.0,0.0,0.0
scenario_coarse,0.25,2.878384369345526,11.513537477382105,0.25,8.63515310803658,0.6516756058324233,1.7541642831266246,-1.439564807319993,-9.999979511121637e-09,38.354010220005065,1e-08,37.15020378084954,screened_water_cap_0.25,equal_site_portfolio,uniform_new_build,ample,uniform_google_ai_2024,portfolio_mean,central,gentd26_hourly_service_demand.csv,gentd26_aligned_regional_hourly_cef.csv,capacity_scenarios.csv,energy_calibration_bounds.csv,trace_timestamp_anonymized,single_row_default,0.3,15.0,carbon,211.9472222222222,211.9472222022222,2e-08,0.9999999999056369,0.043967411964673665,56.92722900944693,71.15903626180868,37.80187938668196,65.46631336086396,2.878384369345526,0.04396741196467367,0.0,,,1e-08,True,True,0,1,2.220446049250313e-16,0.0,0.0,0.0,1e-08,1.4919444444444445,0,0.0,243,1,0.0,0.0,202.62845136888885,9.318770833333337,0.0,0.0
scenario_coarse,0.5,5.756768738691052,11.513537477382105,0.5,5.756768738691052,0.33016591942335083,0.8887324585647338,-2.2778335686954976,-9.999979511121637e-09,38.354010220005065,1e-08,37.15020378084954,screened_water_cap_0.50,equal_site_portfolio,uniform_new_build,ample,uniform_google_ai_2024,portfolio_mean,central,gentd26_hourly_service_demand.csv,gentd26_aligned_regional_hourly_cef.csv,capacity_scenarios.csv,energy_calibration_bounds.csv,trace_timestamp_anonymized,single_row_default,0.3,15.0,carbon,211.9472222222222,211.9472222022222,2e-08,0.9999999999056369,0.08793482392934733,56.92722900944693,71.15903626180868,37.48036970027289,65.46631336086396,5.756768738691052,0.08793482392934734,0.0,,,1e-08,True,True,0,1,2.220446049250313e-16,0.0,0.0,0.0,1e-08,1.4919444444444445,0,0.0,290,1,0.0,0.0,193.30968053555554,18.637541666666657,0.0,0.0
scenario_coarse,0.75,8.63515310803658,11.513537477382105,0.7499999999999999,2.878384369345527,0.08580196465376133,0.23095960700487694,-2.914961090349366,-9.999979511121637e-09,38.354010220005065,1e-08,37.15020378084954,screened_water_cap_0.75,equal_site_portfolio,uniform_new_build,ample,uniform_google_ai_2024,portfolio_mean,central,gentd26_hourly_service_demand.csv,gentd26_aligned_regional_hourly_cef.csv,capacity_scenarios.csv,energy_calibration_bounds.csv,trace_timestamp_anonymized,single_row_default,0.3,15.0,carbon,211.9472222222222,211.9472222022222,2e-08,0.9999999999056369,0.13190223589402103,56.92722900944693,71.15903626180867,37.2360057455033,65.46631336086396,8.635153108036578,0.131902235894021,0.0,,,1e-08,True,True,0,1,2.220446049250313e-16,0.0,0.0,0.0,1e-08,1.4919444444444445,0,0.0,327,1,1.7763568394002505e-15,0.0,183.99090970222218,27.956312500000003,0.0,0.0
scenario_coarse,1.0,11.513537477382105,11.513537477382105,1.0,0.0,0.0,0.0,-3.1386716336839093,-1.0000007932831068e-08,38.354010220005065,1e-08,37.15020378084954,screened_water_cap_1.00,equal_site_portfolio,uniform_new_build,ample,uniform_google_ai_2024,portfolio_mean,central,gentd26_hourly_service_demand.csv,gentd26_aligned_regional_hourly_cef.csv,capacity_scenarios.csv,energy_calibration_bounds.csv,trace_timestamp_anonymized,single_row_default,0.3,15.0,carbon,211.9472222222222,211.94722220222218,2e-08,0.9999999999056368,0.17586964785869472,56.92722900944693,71.15903626180867,37.15020378084954,65.46631336086396,11.513537477382105,0.1758696478586947,0.0,,,1e-08,True,True,0,0,2.220446049250313e-16,0.0,0.0,0.0,1e-08,1.4919444444444445,0,0.0,382,1,0.0,0.0,174.67213886888888,37.27508333333335,0.0,0.0
scenario_coarse,0.0,0.0,2.4250446709410443,0.0,2.4250446709410443,0.060651467897137934,0.18080236403394956,-12.378448763687999,-1.0000007932831068e-08,38.354010220005065,1e-08,33.54572724820494,screened_water_cap_0.00,equal_site_portfolio,uniform_new_build,ample,uniform_google_ai_2024,portfolio_mean,central,gentd26_hourly_service_demand.csv,gentd26_aligned_regional_hourly_cef.csv,capacity_scenarios.csv,energy_calibration_bounds.csv,trace_timestamp_anonymized,single_row_default,0.3,20.0,carbon,211.9472222222222,211.94722220222218,2e-08,0.9999999999056368,0.30000000002830896,56.92722900944693,71.15903626180867,33.60637871610208,65.46631336086396,0.0,0.0,0.0,,,1e-08,True,True,0,0,4.440892098500626e-16,0.0,0.0,0.0,1e-08,1.9475833333333334,0,0.0,554,3,0.0,0.0,148.36305553555553,0.0,0.0,63.5841666666667
scenario_coarse,0.25,0.6062611677352611,2.4250446709410443,0.25,1.818783503205783,0.029660750278559078,0.08841886198829307,-12.4592505297636,-1.0000007932831068e-08,38.354010220005065,1e-08,33.54572724820494,screened_water_cap_0.25,equal_site_portfolio,uniform_new_build,ample,uniform_google_ai_2024,portfolio_mean,central,gentd26_hourly_service_demand.csv,gentd26_aligned_regional_hourly_cef.csv,capacity_scenarios.csv,energy_calibration_bounds.csv,trace_timestamp_anonymized,single_row_default,0.3,20.0,carbon,211.9472222222222,211.94722220222218,2e-08,0.9999999999056368,0.30000000002830896,56.92722900944693,71.15903626180867,33.5753879984835,65.46631336086396,0.6062611677352611,0.009260658445717313,0.0,,,1e-08,True,True,0,624,4.440892098500626e-16,0.0,0.0,0.0,1e-08,1.9475833333333334,0,0.0,554,3,0.0,0.0,148.36305553555553,0.9091041666666666,1.0536666666666663,61.62139583333336
scenario_coarse,0.5,1.2125223354705221,2.4250446709410443,0.5,1.2125223354705221,0.010074951348983063,0.0300334861558893,-12.510316373510388,-1.0000007932831068e-08,38.354010220005065,1e-08,33.54572724820494,screened_water_cap_0.50,equal_site_portfolio,uniform_new_build,ample,uniform_google_ai_2024,portfolio_mean,central,gentd26_hourly_service_demand.csv,gentd26_aligned_regional_hourly_cef.csv,capacity_scenarios.csv,energy_calibration_bounds.csv,trace_timestamp_anonymized,single_row_default,0.3,20.0,carbon,211.9472222222222,211.94722220222218,2e-08,0.9999999999056368,0.30000000002830896,56.92722900944693,71.15903626180867,33.55580219955392,65.46631336086396,1.2125223354705221,0.018521316891434627,0.0,,,1e-08,True,True,0,632,4.440892098500626e-16,0.0,0.0,0.0,1e-08,1.9475833333333334,0,0.0,554,3,0.0,0.0,148.36305553555553,2.003625,1.9219166666666663,59.65862500000002
scenario_coarse,0.75,1.818783503205783,2.4250446709410443,0.7499999999999997,0.6062611677352618,0.001857589057436826,0.00553748333935733,-12.53174141418908,-1.0000007932831068e-08,38.354010220005065,1e-08,33.54572724820494,screened_water_cap_0.75,equal_site_portfolio,uniform_new_build,ample,uniform_google_ai_2024,portfolio_mean,central,gentd26_hourly_service_demand.csv,gentd26_aligned_regional_hourly_cef.csv,capacity_scenarios.csv,energy_calibration_bounds.csv,trace_timestamp_anonymized,single_row_default,0.3,20.0,carbon,211.9472222222222,211.94722220222218,2e-08,0.9999999999056368,0.30000000002830896,56.92722900944693,71.15903626180867,33.54758483726238,65.46631336086396,1.8187835032057824,0.02778197533715193,0.0,,,1e-08,True,True,0,626,4.440892098500626e-16,0.0,0.0,0.0,1e-08,1.9475833333333334,0,0.0,554,3,6.661338147750939e-16,0.0,148.36305553555553,3.0441666666666665,2.844145833333332,57.695854166666685
scenario_coarse,1.0,2.4250446709410443,2.4250446709410443,1.0,0.0,0.0,0.0,-12.536584686240115,-1.0000007932831068e-08,38.354010220005065,1e-08,33.54572724820494,screened_water_cap_1.00,equal_site_portfolio,uniform_new_build,ample,uniform_google_ai_2024,portfolio_mean,central,gentd26_hourly_service_demand.csv,gentd26_aligned_regional_hourly_cef.csv,capacity_scenarios.csv,energy_calibration_bounds.csv,trace_timestamp_anonymized,single_row_default,0.3,20.0,carbon,211.9472222222222,211.94722220222218,2e-08,0.9999999999056368,0.30000000002830896,56.92722900944693,71.15903626180867,33.54572724820494,65.46631336086396,2.4250446709410443,0.037042633782869254,0.0,,,1e-08,True,True,0,627,4.440892098500626e-16,0.0,0.0,0.0,1e-08,1.9475833333333334,0,0.0,554,3,0.0,0.0,148.36305553555553,3.8531666666666657,3.997916666666667,55.73308333333334
scenario_coarse,0.0,0.0,2.4250446709410443,0.0,2.4250446709410443,0.060651467897137934,0.18080236403394956,-12.378448763687999,-1.0000007932831068e-08,38.354010220005065,1e-08,33.54572724820494,screened_water_cap_0.00,equal_site_portfolio,uniform_new_build,ample,uniform_google_ai_2024,portfolio_mean,central,gentd26_hourly_service_demand.csv,gentd26_aligned_regional_hourly_cef.csv,capacity_scenarios.csv,energy_calibration_bounds.csv,trace_timestamp_anonymized,single_row_default,0.3,35.0,carbon,211.9472222222222,211.94722220222218,2e-08,0.9999999999056368,0.30000000002830896,56.92722900944693,71.15903626180867,33.60637871610208,65.46631336086396,0.0,0.0,0.0,,,1e-08,True,True,0,0,4.440892098500626e-16,0.0,0.0,0.0,1e-08,1.9475833333333334,0,0.0,554,3,0.0,0.0,148.36305553555553,0.0,0.0,63.5841666666667
scenario_coarse,0.25,0.6062611677352611,2.4250446709410443,0.25,1.818783503205783,0.029660750278559078,0.08841886198829307,-12.4592505297636,-1.0000007932831068e-08,38.354010220005065,1e-08,33.54572724820494,screened_water_cap_0.25,equal_site_portfolio,uniform_new_build,ample,uniform_google_ai_2024,portfolio_mean,central,gentd26_hourly_service_demand.csv,gentd26_aligned_regional_hourly_cef.csv,capacity_scenarios.csv,energy_calibration_bounds.csv,trace_timestamp_anonymized,single_row_default,0.3,35.0,carbon,211.9472222222222,211.94722220222218,2e-08,0.9999999999056368,0.30000000002830896,56.92722900944693,71.15903626180867,33.5753879984835,65.46631336086396,0.6062611677352611,0.009260658445717313,0.0,,,1e-08,True,True,0,624,4.440892098500626e-16,0.0,0.0,0.0,1e-08,1.9475833333333334,0,0.0,554,3,0.0,0.0,148.36305553555553,0.9091041666666666,1.0536666666666663,61.62139583333336
scenario_coarse,0.5,1.2125223354705221,2.4250446709410443,0.5,1.2125223354705221,0.010074951348983063,0.0300334861558893,-12.510316373510388,-1.0000007932831068e-08,38.354010220005065,1e-08,33.54572724820494,screened_water_cap_0.50,equal_site_portfolio,uniform_new_build,ample,uniform_google_ai_2024,portfolio_mean,central,gentd26_hourly_service_demand.csv,gentd26_aligned_regional_hourly_cef.csv,capacity_scenarios.csv,energy_calibration_bounds.csv,trace_timestamp_anonymized,single_row_default,0.3,35.0,carbon,211.9472222222222,211.94722220222218,2e-08,0.9999999999056368,0.30000000002830896,56.92722900944693,71.15903626180867,33.55580219955392,65.46631336086396,1.2125223354705221,0.018521316891434627,0.0,,,1e-08,True,True,0,632,4.440892098500626e-16,0.0,0.0,0.0,1e-08,1.9475833333333334,0,0.0,554,3,0.0,0.0,148.36305553555553,2.003625,1.9219166666666663,59.65862500000002
scenario_coarse,0.75,1.818783503205783,2.4250446709410443,0.7499999999999997,0.6062611677352618,0.001857589057436826,0.00553748333935733,-12.53174141418908,-1.0000007932831068e-08,38.354010220005065,1e-08,33.54572724820494,screened_water_cap_0.75,equal_site_portfolio,uniform_new_build,ample,uniform_google_ai_2024,portfolio_mean,central,gentd26_hourly_service_demand.csv,gentd26_aligned_regional_hourly_cef.csv,capacity_scenarios.csv,energy_calibration_bounds.csv,trace_timestamp_anonymized,single_row_default,0.3,35.0,carbon,211.9472222222222,211.94722220222218,2e-08,0.9999999999056368,0.30000000002830896,56.92722900944693,71.15903626180867,33.54758483726238,65.46631336086396,1.8187835032057824,0.02778197533715193,0.0,,,1e-08,True,True,0,626,4.440892098500626e-16,0.0,0.0,0.0,1e-08,1.9475833333333334,0,0.0,554,3,6.661338147750939e-16,0.0,148.36305553555553,3.0441666666666665,2.844145833333332,57.695854166666685
scenario_coarse,1.0,2.4250446709410443,2.4250446709410443,1.0,0.0,0.0,0.0,-12.536584686240115,-1.0000007932831068e-08,38.354010220005065,1e-08,33.54572724820494,screened_water_cap_1.00,equal_site_portfolio,uniform_new_build,ample,uniform_google_ai_2024,portfolio_mean,central,gentd26_hourly_service_demand.csv,gentd26_aligned_regional_hourly_cef.csv,capacity_scenarios.csv,energy_calibration_bounds.csv,trace_timestamp_anonymized,single_row_default,0.3,35.0,carbon,211.9472222222222,211.94722220222218,2e-08,0.9999999999056368,0.30000000002830896,56.92722900944693,71.15903626180867,33.54572724820494,65.46631336086396,2.4250446709410443,0.037042633782869254,0.0,,,1e-08,True,True,0,627,4.440892098500626e-16,0.0,0.0,0.0,1e-08,1.9475833333333334,0,0.0,554,3,0.0,0.0,148.36305553555553,3.8531666666666657,3.997916666666667,55.73308333333334
scenario_coarse,0.0,0.0,19.189229128970172,0.0,19.189229128970172,2.0063440618387816,5.519870390636616,-5.350819787253158e-09,-1.0000007932831068e-08,38.354010220005065,1e-08,36.34766615611403,screened_water_cap_0.00,equal_site_portfolio,uniform_new_build,ample,uniform_google_ai_2024,portfolio_mean,central,gentd26_hourly_service_demand.csv,gentd26_aligned_regional_hourly_cef.csv,capacity_scenarios.csv,energy_calibration_bounds.csv,trace_timestamp_anonymized,single_row_default,0.5,15.0,carbon,211.9472222222222,211.94722220222218,2e-08,0.9999999999056368,0.0,56.92722900944693,71.15903626180867,38.35401021795281,65.46631336086396,0.0,0.0,0.0,,,1e-08,True,True,0,0,0.0,0.0,0.0,0.0,1e-08,1.4919444444444445,0,0.0,184,1,0.0,0.0,211.94722220222224,0.0,0.0,0.0
scenario_coarse,0.25,4.797307282242543,19.189229128970172,0.24999999999999994,14.39192184672763,1.0861260097206937,2.988158868455981,-2.3992746752994454,-9.999979511121637e-09,38.354010220005065,1e-08,36.34766615611403,screened_water_cap_0.25,equal_site_portfolio,uniform_new_build,ample,uniform_google_ai_2024,portfolio_mean,central,gentd26_hourly_service_demand.csv,gentd26_aligned_regional_hourly_cef.csv,capacity_scenarios.csv,energy_calibration_bounds.csv,trace_timestamp_anonymized,single_row_default,0.5,15.0,carbon,211.9472222222222,211.9472222022222,2e-08,0.9999999999056369,0.07327901994112278,56.92722900944694,71.15903626180867,37.433792165834724,65.46631336086396,4.797307282242542,0.07327901994112276,0.0,,,1e-08,True,True,0,1,0.0,0.0,0.0,0.0,1e-08,1.4919444444444445,0,0.0,243,1,8.881784197001252e-16,0.0,196.41593748000003,15.53128472222222,0.0,0.0
scenario_coarse,0.5,9.594614564485086,19.189229128970172,0.5,9.594614564485086,0.5502765323722372,1.5139253508293704,-3.7963892775919605,-9.999979511121637e-09,38.354010220005065,1e-08,36.34766615611403,screened_water_cap_0.50,equal_site_portfolio,uniform_new_build,ample,uniform_google_ai_2024,portfolio_mean,central,gentd26_hourly_service_demand.csv,gentd26_aligned_regional_hourly_cef.csv,capacity_scenarios.csv,energy_calibration_bounds.csv,trace_timestamp_anonymized,single_row_default,0.5,15.0,carbon,211.9472222222222,211.9472222022222,2e-08,0.9999999999056369,0.14655803988224556,56.92722900944694,71.15903626180867,36.89794268848627,65.46631336086396,9.594614564485086,0.14655803988224556,0.0,,,1e-08,True,True,0,1,0.0,0.0,0.0,0.0,1e-08,1.4919444444444445,0,0.0,290,1,0.0,0.0,180.8846527577778,31.062569444444446,0.0,0.0
scenario_coarse,0.75,14.39192184672763,19.189229128970172,0.7500000000000004,4.797307282242535,0.14300327442293082,0.3934317923157016,-4.858268480348382,-1.0000007932831068e-08,38.354010220005065,1e-08,36.34766615611403,screened_water_cap_0.75,equal_site_portfolio,uniform_new_build,ample,uniform_google_ai_2024,portfolio_mean,central,gentd26_hourly_service_demand.csv,gentd26_aligned_regional_hourly_cef.csv,capacity_scenarios.csv,energy_calibration_bounds.csv,trace_timestamp_anonymized,single_row_default,0.5,15.0,carbon,211.9472222222222,211.94722220222218,2e-08,0.9999999999056368,0.21983705982336849,56.92722900944693,71.15903626180867,36.49066943053696,65.46631336086396,14.391921846727637,0.21983705982336846,0.0,,,1e-08,True,True,0,1,0.0,0.0,0.0,0.0,1e-08,1.4919444444444445,0,0.0,327,1,-7.105427357601002e-15,7.105427357601002e-15,165.35336803555555,46.593854166666716,0.0,0.0
scenario_coarse,1.0,19.189229128970172,19.189229128970172,1.0,0.0,0.0,0.0,-5.231119385905947,-1.0000007932831068e-08,38.354010220005065,1e-08,36.34766615611403,screened_water_cap_1.00,equal_site_portfolio,uniform_new_build,ample,uniform_google_ai_2024,portfolio_mean,central,gentd26_hourly_service_demand.csv,gentd26_aligned_regional_hourly_cef.csv,capacity_scenarios.csv,energy_calibration_bounds.csv,trace_timestamp_anonymized,single_row_default,0.5,15.0,carbon,211.9472222222222,211.94722220222218,2e-08,0.9999999999056368,0.29311607976449117,56.92722900944694,71.15903626180867,36.34766615611403,65.46631336086396,19.189229128970172,0.2931160797644911,0.0,,,1e-08,True,True,0,0,0.0,0.0,0.0,0.0,1e-08,1.4241666666666666,0,0.0,382,1,0.0,0.0,149.82208331333334,62.12513888888891,0.0,0.0
scenario_coarse,0.0,0.0,4.041741118235074,0.0,4.041741118235074,0.10108577982856559,0.3331743438596213,-20.630747935912797,-1.0000007932831068e-08,38.354010220005065,1e-08,30.340205268373023,screened_water_cap_0.00,equal_site_portfolio,uniform_new_build,ample,uniform_google_ai_2024,portfolio_mean,central,gentd26_hourly_service_demand.csv,gentd26_aligned_regional_hourly_cef.csv,capacity_scenarios.csv,energy_calibration_bounds.csv,trace_timestamp_anonymized,single_row_default,0.5,20.0,carbon,211.9472222222222,211.94722220222218,2e-08,0.9999999999056368,0.5000000000471817,56.92722900944693,71.15903626180867,30.441291048201588,65.46631336086396,0.0,0.0,0.0,,,1e-08,True,True,0,0,0.0,0.0,0.0,0.0,1e-08,1.2459722222222223,0,0.0,554,3,0.0,0.0,105.97361109111111,0.0,0.0,105.97361111111111
scenario_coarse,0.25,1.0104352795587686,4.041741118235074,0.25,3.031305838676306,0.049434583797602016,0.1629342430623959,-20.76541754603879,-1.0000007932831068e-08,38.354010220005065,1e-08,30.340205268373023,screened_water_cap_0.25,equal_site_portfolio,uniform_new_build,ample,uniform_google_ai_2024,portfolio_mean,central,gentd26_hourly_service_demand.csv,gentd26_aligned_regional_hourly_cef.csv,capacity_scenarios.csv,energy_calibration_bounds.csv,trace_timestamp_anonymized,single_row_default,0.5,20.0,carbon,211.9472222222222,211.94722220222218,2e-08,0.9999999999056368,0.5000000000471816,56.92722900944693,71.15903626180867,30.389639852170625,65.46631336086396,1.0104352795587686,0.015434430742862191,0.0,,,1e-08,True,True,0,625,0.0,0.0,0.0,0.0,1e-08,1.2459722222222223,0,0.0,554,3,0.0,0.0,105.97361109111111,1.5151736111111118,1.7561111111111107,102.70232638888888
scenario_coarse,0.5,2.020870559117537,4.041741118235074,0.5,2.020870559117537,0.016791585581639623,0.055344337433149704,-20.85052728561677,-1.0000007932831068e-08,38.354010220005065,1e-08,30.340205268373023,screened_water_cap_0.50,equal_site_portfolio,uniform_new_build,ample,uniform_google_ai_2024,portfolio_mean,central,gentd26_hourly_service_demand.csv,gentd26_aligned_regional_hourly_cef.csv,capacity_scenarios.csv,energy_calibration_bounds.csv,trace_timestamp_anonymized,single_row_default,0.5,20.0,carbon,211.9472222222222,211.94722220222218,2e-08,0.9999999999056368,0.5000000000471817,56.92722900944693,71.15903626180867,30.356996853954662,65.46631336086396,2.020870559117537,0.030868861485724382,0.0,,,1e-08,True,True,0,628,0.0,0.0,0.0,0.0,1e-08,1.2459722222222223,0,0.0,554,3,0.0,0.0,105.97361109111112,3.3393750000000004,3.203194444444444,99.43104166666666
scenario_coarse,0.75,3.031305838676306,4.041741118235074,0.7499999999999999,1.0104352795587692,0.003095981762395894,0.010204221543697045,-20.886235686747934,-9.999979511121637e-09,38.354010220005065,1e-08,30.340205268373023,screened_water_cap_0.75,equal_site_portfolio,uniform_new_build,ample,uniform_google_ai_2024,portfolio_mean,central,gentd26_hourly_service_demand.csv,gentd26_aligned_regional_hourly_cef.csv,capacity_scenarios.csv,energy_calibration_bounds.csv,trace_timestamp_anonymized,single_row_default,0.5,20.0,carbon,211.9472222222222,211.9472222022222,2e-08,0.9999999999056369,0.5000000000471816,56.92722900944693,71.15903626180867,30.34330125013542,65.46631336086396,3.031305838676305,0.04630329222858656,0.0,,,1e-08,True,True,0,623,4.440892098500626e-16,0.0,0.0,0.0,1e-08,1.2459722222222223,0,0.0,554,3,8.881784197001252e-16,0.0,105.97361109111111,5.073611111111111,4.740243055555555,96.15975694444447
scenario_coarse,1.0,4.041741118235074,4.041741118235074,0.9999999999999998,8.881784197001252e-16,0.0,0.0,-20.89430780683299,-9.999979511121637e-09,38.354010220005065,1e-08,30.340205268373023,screened_water_cap_1.00,equal_site_portfolio,uniform_new_build,ample,uniform_google_ai_2024,portfolio_mean,central,gentd26_hourly_service_demand.csv,gentd26_aligned_regional_hourly_cef.csv,capacity_scenarios.csv,energy_calibration_bounds.csv,trace_timestamp_anonymized,single_row_default,0.5,20.0,carbon,211.9472222222222,211.9472222022222,2e-08,0.9999999999056369,0.5000000000471816,56.92722900944693,71.15903626180867,30.340205268373023,65.46631336086396,4.041741118235073,0.06173772297144875,0.0,,,1e-08,True,True,0,623,0.0,0.0,0.0,0.0,1e-08,1.2459722222222223,0,0.0,554,3,8.881784197001252e-16,0.0,105.97361109111111,6.421944444444444,6.663194444444444,92.88847222222223
scenario_coarse,0.0,0.0,4.041741118235074,0.0,4.041741118235074,0.10108577982856559,0.3331743438596213,-20.630747935912797,-1.0000007932831068e-08,38.354010220005065,1e-08,30.340205268373023,screened_water_cap_0.00,equal_site_portfolio,uniform_new_build,ample,uniform_google_ai_2024,portfolio_mean,central,gentd26_hourly_service_demand.csv,gentd26_aligned_regional_hourly_cef.csv,capacity_scenarios.csv,energy_calibration_bounds.csv,trace_timestamp_anonymized,single_row_default,0.5,35.0,carbon,211.9472222222222,211.94722220222218,2e-08,0.9999999999056368,0.5000000000471817,56.92722900944693,71.15903626180867,30.441291048201588,65.46631336086396,0.0,0.0,0.0,,,1e-08,True,True,0,0,0.0,0.0,0.0,0.0,1e-08,1.2459722222222223,0,0.0,554,3,0.0,0.0,105.97361109111111,0.0,0.0,105.97361111111111
scenario_coarse,0.25,1.0104352795587686,4.041741118235074,0.25,3.031305838676306,0.049434583797602016,0.1629342430623959,-20.76541754603879,-1.0000007932831068e-08,38.354010220005065,1e-08,30.340205268373023,screened_water_cap_0.25,equal_site_portfolio,uniform_new_build,ample,uniform_google_ai_2024,portfolio_mean,central,gentd26_hourly_service_demand.csv,gentd26_aligned_regional_hourly_cef.csv,capacity_scenarios.csv,energy_calibration_bounds.csv,trace_timestamp_anonymized,single_row_default,0.5,35.0,carbon,211.9472222222222,211.94722220222218,2e-08,0.9999999999056368,0.5000000000471816,56.92722900944693,71.15903626180867,30.389639852170625,65.46631336086396,1.0104352795587686,0.015434430742862191,0.0,,,1e-08,True,True,0,625,0.0,0.0,0.0,0.0,1e-08,1.2459722222222223,0,0.0,554,3,0.0,0.0,105.97361109111111,1.5151736111111118,1.7561111111111107,102.70232638888888
scenario_coarse,0.5,2.020870559117537,4.041741118235074,0.5,2.020870559117537,0.016791585581639623,0.055344337433149704,-20.85052728561677,-1.0000007932831068e-08,38.354010220005065,1e-08,30.340205268373023,screened_water_cap_0.50,equal_site_portfolio,uniform_new_build,ample,uniform_google_ai_2024,portfolio_mean,central,gentd26_hourly_service_demand.csv,gentd26_aligned_regional_hourly_cef.csv,capacity_scenarios.csv,energy_calibration_bounds.csv,trace_timestamp_anonymized,single_row_default,0.5,35.0,carbon,211.9472222222222,211.94722220222218,2e-08,0.9999999999056368,0.5000000000471817,56.92722900944693,71.15903626180867,30.356996853954662,65.46631336086396,2.020870559117537,0.030868861485724382,0.0,,,1e-08,True,True,0,628,0.0,0.0,0.0,0.0,1e-08,1.2459722222222223,0,0.0,554,3,0.0,0.0,105.97361109111112,3.3393750000000004,3.203194444444444,99.43104166666666
scenario_coarse,0.75,3.031305838676306,4.041741118235074,0.7499999999999999,1.0104352795587692,0.003095981762395894,0.010204221543697045,-20.886235686747934,-9.999979511121637e-09,38.354010220005065,1e-08,30.340205268373023,screened_water_cap_0.75,equal_site_portfolio,uniform_new_build,ample,uniform_google_ai_2024,portfolio_mean,central,gentd26_hourly_service_demand.csv,gentd26_aligned_regional_hourly_cef.csv,capacity_scenarios.csv,energy_calibration_bounds.csv,trace_timestamp_anonymized,single_row_default,0.5,35.0,carbon,211.9472222222222,211.9472222022222,2e-08,0.9999999999056369,0.5000000000471816,56.92722900944693,71.15903626180867,30.34330125013542,65.46631336086396,3.031305838676305,0.04630329222858656,0.0,,,1e-08,True,True,0,623,4.440892098500626e-16,0.0,0.0,0.0,1e-08,1.2459722222222223,0,0.0,554,3,8.881784197001252e-16,0.0,105.97361109111111,5.073611111111111,4.740243055555555,96.15975694444447
scenario_coarse,1.0,4.041741118235074,4.041741118235074,0.9999999999999998,8.881784197001252e-16,0.0,0.0,-20.89430780683299,-9.999979511121637e-09,38.354010220005065,1e-08,30.340205268373023,screened_water_cap_1.00,equal_site_portfolio,uniform_new_build,ample,uniform_google_ai_2024,portfolio_mean,central,gentd26_hourly_service_demand.csv,gentd26_aligned_regional_hourly_cef.csv,capacity_scenarios.csv,energy_calibration_bounds.csv,trace_timestamp_anonymized,single_row_default,0.5,35.0,carbon,211.9472222222222,211.9472222022222,2e-08,0.9999999999056369,0.5000000000471816,56.92722900944693,71.15903626180867,30.340205268373023,65.46631336086396,4.041741118235073,0.06173772297144875,0.0,,,1e-08,True,True,0,623,0.0,0.0,0.0,0.0,1e-08,1.2459722222222223,0,0.0,554,3,8.881784197001252e-16,0.0,105.97361109111111,6.421944444444444,6.663194444444444,92.88847222222223
scenario_coarse,0.0,0.0,1.2568466529570737,0.0,1.2568466529570737,0.08002791698118727,0.30541681955804645,-6.486666759286663e-09,-9.999979511121637e-09,26.282879843145437,3.7516666766666673,26.202851924459367,screened_water_cap_0.00,optimistic_site_selection,uniform_new_build,tight,uniform_google_ai_2024,portfolio_mean,central,gentd26_hourly_service_demand.csv,gentd26_aligned_regional_hourly_cef.csv,capacity_scenarios.csv,energy_calibration_bounds.csv,trace_timestamp_anonymized,single_row_default,0.15,15.0,carbon,211.9472222222222,208.19555553555554,3.7516666866666672,0.9822990523426954,0.0,55.91956311375206,69.8994538921901,26.282879841440554,64.30749758081487,0.0,0.0,0.8814722222222227,,,3.7516666766666673,True,True,0,0,0.0,0.0,0.0,0.0,9.99999993922529e-09,0.0,11,0.0,184,1,0.0,0.0,208.1955555355556,0.0,0.0,0.0
scenario_coarse,0.25,0.3142116632392684,1.2568466529570737,0.25,0.9426349897178052,0.04054128200613505,0.1547208758917229,-0.15023710078799768,-9.999979511121637e-09,26.282879843145437,3.7516666766666673,26.202851924459367,screened_water_cap_0.25,optimistic_site_selection,uniform_new_build,tight,uniform_google_ai_2024,portfolio_mean,central,gentd26_hourly_service_demand.csv,gentd26_aligned_regional_hourly_cef.csv,capacity_scenarios.csv,energy_calibration_bounds.csv,trace_timestamp_anonymized,single_row_default,0.15,15.0,carbon,211.9472222222222,208.19555553555554,3.7516666866666672,0.9822990523426954,0.004886081328921258,55.91956311375206,69.8994538921901,26.243393206465502,64.30749758081487,0.3142116632392684,0.004886081328921257,0.8814722222222227,,,3.7516666766666673,True,True,0,29,2.220446049250313e-16,0.0,0.0,0.0,9.99999993922529e-09,0.0,11,0.0,189,1,0.0,0.0,207.17829511888894,1.0172604166666668,0.0,0.0
scenario_coarse,0.5,0.6284233264785368,1.2568466529570737,0.5000000000000001,0.6284233264785367,0.015923020178039593,0.06076827142307284,-0.24390363191022502,-9.999979511121637e-09,26.282879843145437,3.7516666766666673,26.202851924459367,screened_water_cap_0.50,optimistic_site_selection,uniform_new_build,tight,uniform_google_ai_2024,portfolio_mean,central,gentd26_hourly_service_demand.csv,gentd26_aligned_regional_hourly_cef.csv,capacity_scenarios.csv,energy_calibration_bounds.csv,trace_timestamp_anonymized,single_row_default,0.15,15.0,carbon,211.9472222222222,208.19555553555554,3.7516666866666672,0.9822990523426954,0.009772162657842516,55.91956311375206,69.8994538921901,26.218774944637406,64.30749758081487,0.6284233264785369,0.009772162657842516,0.8814722222222227,,,3.7516666766666673,True,True,0,29,2.220446049250313e-16,0.0,0.0,0.0,9.99999993922529e-09,0.0,11,0.0,197,1,-1.1102230246251565e-16,1.1102230246251565e-16,206.16103470222225,2.0345208333333336,0.0,0.0
scenario_coarse,0.75,0.9426349897178052,1.2568466529570737,0.75,0.3142116632392684,0.00466325329550088,0.017796739488296076,-0.28674432117158366,-9.999979511121637e-09,26.282879843145437,3.7516666766666673,26.202851924459367,screened_water_cap_0.75,optimistic_site_selection,uniform_new_build,tight,uniform_google_ai_2024,portfolio_mean,central,gentd26_hourly_service_demand.csv,gentd26_aligned_regional_hourly_cef.csv,capacity_scenarios.csv,energy_calibration_bounds.csv,trace_timestamp_anonymized,single_row_default,0.15,15.0,carbon,211.9472222222222,208.19555553555554,3.7516666866666672,0.9822990523426954,0.01465824398676377,55.91956311375206,69.8994538921901,26.207515177754868,64.30749758081487,0.9426349897178052,0.014658243986763771,0.8814722222222227,,,3.7516666766666673,True,True,0,29,2.220446049250313e-16,0.0,0.0,0.0,9.99999993922529e-09,0.0,11,0.0,208,1,0.0,0.0,205.1437742855556,3.05178125,0.0,0.0
scenario_coarse,1.0,1.2568466529570737,1.2568466529570737,1.0,0.0,0.0,0.0,-0.3044868719245031,-9.999979511121637e-09,26.282879843145437,3.7516666766666673,26.202851924459367,screened_water_cap_1.00,optimistic_site_selection,uniform_new_build,tight,uniform_google_ai_2024,portfolio_mean,central,gentd26_hourly_service_demand.csv,gentd26_aligned_regional_hourly_cef.csv,capacity_scenarios.csv,energy_calibration_bounds.csv,trace_timestamp_anonymized,single_row_default,0.15,15.0,carbon,211.9472222222222,208.19555553555554,3.7516666866666672,0.9822990523426954,0.01954432531568503,55.91956311375206,69.8994538921901,26.202851924459367,64.30749758081487,1.2568466529570737,0.019544325315685028,0.8814722222222227,,,3.7516666766666673,True,True,0,28,2.220446049250313e-16,0.0,0.0,0.0,9.99999993922529e-09,0.0,11,0.0,227,1,0.0,0.0,204.12651386888888,4.069041666666666,0.0,0.0
scenario_coarse,0.0,0.0,0.0,,0.0,0.0,0.0,-14.624367221999579,-9.999979511121637e-09,26.282879843145437,3.7516666766666673,22.439174978366943,screened_water_cap_0.00,optimistic_site_selection,uniform_new_build,tight,uniform_google_ai_2024,portfolio_mean,central,gentd26_hourly_service_demand.csv,gentd26_aligned_regional_hourly_cef.csv,capacity_scenarios.csv,energy_calibration_bounds.csv,trace_timestamp_anonymized,single_row_default,0.15,20.0,carbon,211.9472222222222,208.19555553555554,3.7516666866666672,0.9822990523426954,0.15270298759045264,55.919563113752076,69.89945389219008,22.439174978366943,64.30749758081487,0.0,0.0,0.8814722222222227,,,3.7516666766666673,True,True,0,400,4.440892098500626e-16,0.0,0.0,0.0,9.99999993922529e-09,0.0,3,0.0,554,3,0.0,0.0,176.40347220222225,0.0,0.0,31.79208333333335
scenario_coarse,0.25,0.0,0.0,,0.0,0.0,0.0,-14.624367221999579,-9.999979511121637e-09,26.282879843145437,3.7516666766666673,22.439174978366943,screened_water_cap_0.25,optimistic_site_selection,uniform_new_build,tight,uniform_google_ai_2024,portfolio_mean,central,gentd26_hourly_service_demand.csv,gentd26_aligned_regional_hourly_cef.csv,capacity_scenarios.csv,energy_calibration_bounds.csv,trace_timestamp_anonymized,single_row_default,0.15,20.0,carbon,211.9472222222222,208.19555553555554,3.7516666866666672,0.9822990523426954,0.15270298759045264,55.919563113752076,69.89945389219008,22.439174978366943,64.30749758081487,0.0,0.0,0.8814722222222227,,,3.7516666766666673,True,True,0,400,4.440892098500626e-16,0.0,0.0,0.0,9.99999993922529e-09,0.0,3,0.0,554,3,0.0,0.0,176.40347220222225,0.0,0.0,31.79208333333335
scenario_coarse,0.5,0.0,0.0,,0.0,0.0,0.0,-14.624367221999579,-9.999979511121637e-09,26.282879843145437,3.7516666766666673,22.439174978366943,screened_water_cap_0.50,optimistic_site_selection,uniform_new_build,tight,uniform_google_ai_2024,portfolio_mean,central,gentd26_hourly_service_demand.csv,gentd26_aligned_regional_hourly_cef.csv,capacity_scenarios.csv,energy_calibration_bounds.csv,trace_timestamp_anonymized,single_row_default,0.15,20.0,carbon,211.9472222222222,208.19555553555554,3.7516666866666672,0.9822990523426954,0.15270298759045264,55.919563113752076,69.89945389219008,22.439174978366943,64.30749758081487,0.0,0.0,0.8814722222222227,,,3.7516666766666673,True,True,0,400,4.440892098500626e-16,0.0,0.0,0.0,9.99999993922529e-09,0.0,3,0.0,554,3,0.0,0.0,176.40347220222225,0.0,0.0,31.79208333333335
scenario_coarse,0.75,0.0,0.0,,0.0,0.0,0.0,-14.624367221999579,-9.999979511121637e-09,26.282879843145437,3.7516666766666673,22.439174978366943,screened_water_cap_0.75,optimistic_site_selection,uniform_new_build,tight,uniform_google_ai_2024,portfolio_mean,central,gentd26_hourly_service_demand.csv,gentd26_aligned_regional_hourly_cef.csv,capacity_scenarios.csv,energy_calibration_bounds.csv,trace_timestamp_anonymized,single_row_default,0.15,20.0,carbon,211.9472222222222,208.19555553555554,3.7516666866666672,0.9822990523426954,0.15270298759045264,55.919563113752076,69.89945389219008,22.439174978366943,64.30749758081487,0.0,0.0,0.8814722222222227,,,3.7516666766666673,True,True,0,400,4.440892098500626e-16,0.0,0.0,0.0,9.99999993922529e-09,0.0,3,0.0,554,3,0.0,0.0,176.40347220222225,0.0,0.0,31.79208333333335
scenario_coarse,1.0,0.0,0.0,,0.0,0.0,0.0,-14.624367221999579,-9.999979511121637e-09,26.282879843145437,3.7516666766666673,22.439174978366943,screened_water_cap_1.00,optimistic_site_selection,uniform_new_build,tight,uniform_google_ai_2024,portfolio_mean,central,gentd26_hourly_service_demand.csv,gentd26_aligned_regional_hourly_cef.csv,capacity_scenarios.csv,energy_calibration_bounds.csv,trace_timestamp_anonymized,single_row_default,0.15,20.0,carbon,211.9472222222222,208.19555553555554,3.7516666866666672,0.9822990523426954,0.15270298759045264,55.919563113752076,69.89945389219008,22.439174978366943,64.30749758081487,0.0,0.0,0.8814722222222227,,,3.7516666766666673,True,True,0,400,4.440892098500626e-16,0.0,0.0,0.0,9.99999993922529e-09,0.0,3,0.0,554,3,0.0,0.0,176.40347220222225,0.0,0.0,31.79208333333335
scenario_coarse,0.0,0.0,0.0,,0.0,0.0,0.0,-14.624367221999579,-9.999979511121637e-09,26.282879843145437,3.7516666766666673,22.439174978366943,screened_water_cap_0.00,optimistic_site_selection,uniform_new_build,tight,uniform_google_ai_2024,portfolio_mean,central,gentd26_hourly_service_demand.csv,gentd26_aligned_regional_hourly_cef.csv,capacity_scenarios.csv,energy_calibration_bounds.csv,trace_timestamp_anonymized,single_row_default,0.15,35.0,carbon,211.9472222222222,208.19555553555554,3.7516666866666672,0.9822990523426954,0.15270298759045264,55.919563113752076,69.89945389219008,22.439174978366943,64.30749758081487,0.0,0.0,0.8814722222222227,,,3.7516666766666673,True,True,0,400,4.440892098500626e-16,0.0,0.0,0.0,9.99999993922529e-09,0.0,3,0.0,554,3,0.0,0.0,176.40347220222225,0.0,0.0,31.79208333333335
scenario_coarse,0.25,0.0,0.0,,0.0,0.0,0.0,-14.624367221999579,-9.999979511121637e-09,26.282879843145437,3.7516666766666673,22.439174978366943,screened_water_cap_0.25,optimistic_site_selection,uniform_new_build,tight,uniform_google_ai_2024,portfolio_mean,central,gentd26_hourly_service_demand.csv,gentd26_aligned_regional_hourly_cef.csv,capacity_scenarios.csv,energy_calibration_bounds.csv,trace_timestamp_anonymized,single_row_default,0.15,35.0,carbon,211.9472222222222,208.19555553555554,3.7516666866666672,0.9822990523426954,0.15270298759045264,55.919563113752076,69.89945389219008,22.439174978366943,64.30749758081487,0.0,0.0,0.8814722222222227,,,3.7516666766666673,True,True,0,400,4.440892098500626e-16,0.0,0.0,0.0,9.99999993922529e-09,0.0,3,0.0,554,3,0.0,0.0,176.40347220222225,0.0,0.0,31.79208333333335
scenario_coarse,0.5,0.0,0.0,,0.0,0.0,0.0,-14.624367221999579,-9.999979511121637e-09,26.282879843145437,3.7516666766666673,22.439174978366943,screened_water_cap_0.50,optimistic_site_selection,uniform_new_build,tight,uniform_google_ai_2024,portfolio_mean,central,gentd26_hourly_service_demand.csv,gentd26_aligned_regional_hourly_cef.csv,capacity_scenarios.csv,energy_calibration_bounds.csv,trace_timestamp_anonymized,single_row_default,0.15,35.0,carbon,211.9472222222222,208.19555553555554,3.7516666866666672,0.9822990523426954,0.15270298759045264,55.919563113752076,69.89945389219008,22.439174978366943,64.30749758081487,0.0,0.0,0.8814722222222227,,,3.7516666766666673,True,True,0,400,4.440892098500626e-16,0.0,0.0,0.0,9.99999993922529e-09,0.0,3,0.0,554,3,0.0,0.0,176.40347220222225,0.0,0.0,31.79208333333335
scenario_coarse,0.75,0.0,0.0,,0.0,0.0,0.0,-14.624367221999579,-9.999979511121637e-09,26.282879843145437,3.7516666766666673,22.439174978366943,screened_water_cap_0.75,optimistic_site_selection,uniform_new_build,tight,uniform_google_ai_2024,portfolio_mean,central,gentd26_hourly_service_demand.csv,gentd26_aligned_regional_hourly_cef.csv,capacity_scenarios.csv,energy_calibration_bounds.csv,trace_timestamp_anonymized,single_row_default,0.15,35.0,carbon,211.9472222222222,208.19555553555554,3.7516666866666672,0.9822990523426954,0.15270298759045264,55.919563113752076,69.89945389219008,22.439174978366943,64.30749758081487,0.0,0.0,0.8814722222222227,,,3.7516666766666673,True,True,0,400,4.440892098500626e-16,0.0,0.0,0.0,9.99999993922529e-09,0.0,3,0.0,554,3,0.0,0.0,176.40347220222225,0.0,0.0,31.79208333333335
scenario_coarse,1.0,0.0,0.0,,0.0,0.0,0.0,-14.624367221999579,-9.999979511121637e-09,26.282879843145437,3.7516666766666673,22.439174978366943,screened_water_cap_1.00,optimistic_site_selection,uniform_new_build,tight,uniform_google_ai_2024,portfolio_mean,central,gentd26_hourly_service_demand.csv,gentd26_aligned_regional_hourly_cef.csv,capacity_scenarios.csv,energy_calibration_bounds.csv,trace_timestamp_anonymized,single_row_default,0.15,35.0,carbon,211.9472222222222,208.19555553555554,3.7516666866666672,0.9822990523426954,0.15270298759045264,55.919563113752076,69.89945389219008,22.439174978366943,64.30749758081487,0.0,0.0,0.8814722222222227,,,3.7516666766666673,True,True,0,400,4.440892098500626e-16,0.0,0.0,0.0,9.99999993922529e-09,0.0,3,0.0,554,3,0.0,0.0,176.40347220222225,0.0,0.0,31.79208333333335
scenario_coarse,0.0,0.0,2.5136933059141473,0.0,2.5136933059141473,0.16005583396237455,0.6127049430664666,-6.486666759286663e-09,-9.999979511121637e-09,26.282879843145437,3.7516666766666673,26.12282400747818,screened_water_cap_0.00,optimistic_site_selection,uniform_new_build,tight,uniform_google_ai_2024,portfolio_mean,central,gentd26_hourly_service_demand.csv,gentd26_aligned_regional_hourly_cef.csv,capacity_scenarios.csv,energy_calibration_bounds.csv,trace_timestamp_anonymized,single_row_default,0.3,15.0,carbon,211.9472222222222,208.19555553555554,3.7516666866666672,0.9822990523426954,0.0,55.91956311375206,69.8994538921901,26.282879841440554,64.30749758081487,0.0,0.0,0.0,,,3.7516666766666673,True,True,0,0,0.0,0.0,0.0,0.0,9.99999993922529e-09,0.0,11,0.0,184,1,0.0,0.0,208.1955555355556,0.0,0.0,0.0
scenario_coarse,0.25,0.6284233264785368,2.5136933059141473,0.25,1.8852699794356105,0.08108256401226654,0.31038973423798133,-0.3004741950893508,-9.999979511121637e-09,26.282879843145437,3.7516666766666673,26.12282400747818,screened_water_cap_0.25,optimistic_site_selection,uniform_new_build,tight,uniform_google_ai_2024,portfolio_mean,central,gentd26_hourly_service_demand.csv,gentd26_aligned_regional_hourly_cef.csv,capacity_scenarios.csv,energy_calibration_bounds.csv,trace_timestamp_anonymized,single_row_default,0.3,15.0,carbon,211.9472222222222,208.19555553555554,3.7516666866666672,0.9822990523426954,0.009772162657842516,55.91956311375206,69.8994538921901,26.203906571490446,64.30749758081487,0.6284233264785368,0.009772162657842514,0.0,,,3.7516666766666673,True,True,0,58,1.1102230246251565e-16,0.0,0.0,0.0,9.99999993922529e-09,0.0,11,0.0,189,1,0.0,0.0,206.16103470222225,2.0345208333333336,0.0,0.0
scenario_coarse,0.5,1.2568466529570737,2.5136933059141473,0.5000000000000001,1.2568466529570734,0.031846040356079186,0.12190887304894815,-0.48780725733377217,-9.999979511121637e-09,26.282879843145437,3.7516666766666673,26.12282400747818,screened_water_cap_0.50,optimistic_site_selection,uniform_new_build,tight,uniform_google_ai_2024,portfolio_mean,central,gentd26_hourly_service_demand.csv,gentd26_aligned_regional_hourly_cef.csv,capacity_scenarios.csv,energy_calibration_bounds.csv,trace_timestamp_anonymized,single_row_default,0.3,15.0,carbon,211.9472222222222,208.19555553555554,3.7516666866666672,0.9822990523426954,0.01954432531568503,55.91956311375206,69.8994538921901,26.15467004783426,64.30749758081487,1.2568466529570739,0.01954432531568503,0.0,,,3.7516666766666673,True,True,0,57,1.1102230246251565e-16,0.0,0.0,0.0,9.99999993922529e-09,0.0,11,0.0,197,1,-2.220446049250313e-16,2.220446049250313e-16,204.1265138688889,4.069041666666667,0.0,0.0
scenario_coarse,0.75,1.8852699794356105,2.5136933059141473,0.75,0.6284233264785368,0.009326506590994654,0.035702520479130584,-0.5734886358565228,-9.999979511121637e-09,26.282879843145437,3.7516666766666673,26.12282400747818,screened_water_cap_0.75,optimistic_site_selection,uniform_new_build,tight,uniform_google_ai_2024,portfolio_mean,central,gentd26_hourly_service_demand.csv,gentd26_aligned_regional_hourly_cef.csv,capacity_scenarios.csv,energy_calibration_bounds.csv,trace_timestamp_anonymized,single_row_default,0.3,15.0,carbon,211.9472222222222,208.19555553555554,3.7516666866666672,0.9822990523426954,0.02931648797352754,55.91956311375206,69.8994538921901,26.132150514069174,64.30749758081487,1.8852699794356105,0.029316487973527542,0.0,,,3.7516666766666673,True,True,0,58,2.220446049250313e-16,0.0,0.0,0.0,9.99999993922529e-09,0.0,11,0.0,208,1,0.0,0.0,202.09199303555556,6.1035625,0.0,0.0
scenario_coarse,1.0,2.5136933059141473,2.5136933059141473,1.0,0.0,0.0,0.0,-0.6089737373623505,-9.999979511121637e-09,26.282879843145437,3.7516666766666673,26.12282400747818,screened_water_cap_1.00,optimistic_site_selection,uniform_new_build,tight,uniform_google_ai_2024,portfolio_mean,central,gentd26_hourly_service_demand.csv,gentd26_aligned_regional_hourly_cef.csv,capacity_scenarios.csv,energy_calibration_bounds.csv,trace_timestamp_anonymized,single_row_default,0.3,15.0,carbon,211.9472222222222,208.19555553555554,3.7516666866666672,0.9822990523426954,0.03908865063137006,55.91956311375206,69.8994538921901,26.12282400747818,64.30749758081487,2.5136933059141473,0.039088650631370056,0.0,,,3.7516666766666673,True,True,0,56,2.220446049250313e-16,0.0,0.0,0.0,9.99999993922529e-09,0.0,11,0.0,227,1,0.0,0.0,200.05747220222221,8.138083333333332,0.0,0.0
scenario_coarse,0.0,0.0,0.0,,0.0,0.0,0.0,-29.027015974886762,-9.999951089412207e-09,26.282879843145437,3.7516666766666673,18.653744112415318,screened_water_cap_0.00,optimistic_site_selection,uniform_new_build,tight,uniform_google_ai_2024,portfolio_mean,central,gentd26_hourly_service_demand.csv,gentd26_aligned_regional_hourly_cef.csv,capacity_scenarios.csv,energy_calibration_bounds.csv,trace_timestamp_anonymized,single_row_default,0.3,20.0,carbon,211.9472222222222,208.19555553555557,3.7516666866666677,0.9822990523426955,0.30540597518090523,55.91956311375206,69.89945389219008,18.653744112415318,64.30749758081487,0.0,0.0,0.0,,,3.7516666766666673,True,True,0,433,4.440892098500626e-16,0.0,0.0,0.0,1.00000003833145e-08,0.04436111111111085,0,0.0,554,3,0.0,0.0,144.61138886888887,0.0,0.0,63.5841666666667
scenario_coarse,0.25,0.0,0.0,,0.0,0.0,0.0,-29.027015974886762,-9.999951089412207e-09,26.282879843145437,3.7516666766666673,18.653744112415318,screened_water_cap_0.25,optimistic_site_selection,uniform_new_build,tight,uniform_google_ai_2024,portfolio_mean,central,gentd26_hourly_service_demand.csv,gentd26_aligned_regional_hourly_cef.csv,capacity_scenarios.csv,energy_calibration_bounds.csv,trace_timestamp_anonymized,single_row_default,0.3,20.0,carbon,211.9472222222222,208.19555553555557,3.7516666866666677,0.9822990523426955,0.30540597518090523,55.91956311375206,69.89945389219008,18.653744112415318,64.30749758081487,0.0,0.0,0.0,,,3.7516666766666673,True,True,0,433,4.440892098500626e-16,0.0,0.0,0.0,1.00000003833145e-08,0.04436111111111085,0,0.0,554,3,0.0,0.0,144.61138886888887,0.0,0.0,63.5841666666667
scenario_coarse,0.5,0.0,0.0,,0.0,0.0,0.0,-29.027015974886762,-9.999951089412207e-09,26.282879843145437,3.7516666766666673,18.653744112415318,screened_water_cap_0.50,optimistic_site_selection,uniform_new_build,tight,uniform_google_ai_2024,portfolio_mean,central,gentd26_hourly_service_demand.csv,gentd26_aligned_regional_hourly_cef.csv,capacity_scenarios.csv,energy_calibration_bounds.csv,trace_timestamp_anonymized,single_row_default,0.3,20.0,carbon,211.9472222222222,208.19555553555557,3.7516666866666677,0.9822990523426955,0.30540597518090523,55.91956311375206,69.89945389219008,18.653744112415318,64.30749758081487,0.0,0.0,0.0,,,3.7516666766666673,True,True,0,433,4.440892098500626e-16,0.0,0.0,0.0,1.00000003833145e-08,0.04436111111111085,0,0.0,554,3,0.0,0.0,144.61138886888887,0.0,0.0,63.5841666666667
scenario_coarse,0.75,0.0,0.0,,0.0,0.0,0.0,-29.027015974886762,-9.999951089412207e-09,26.282879843145437,3.7516666766666673,18.653744112415318,screened_water_cap_0.75,optimistic_site_selection,uniform_new_build,tight,uniform_google_ai_2024,portfolio_mean,central,gentd26_hourly_service_demand.csv,gentd26_aligned_regional_hourly_cef.csv,capacity_scenarios.csv,energy_calibration_bounds.csv,trace_timestamp_anonymized,single_row_default,0.3,20.0,carbon,211.9472222222222,208.19555553555557,3.7516666866666677,0.9822990523426955,0.30540597518090523,55.91956311375206,69.89945389219008,18.653744112415318,64.30749758081487,0.0,0.0,0.0,,,3.7516666766666673,True,True,0,433,4.440892098500626e-16,0.0,0.0,0.0,1.00000003833145e-08,0.04436111111111085,0,0.0,554,3,0.0,0.0,144.61138886888887,0.0,0.0,63.5841666666667
scenario_coarse,1.0,0.0,0.0,,0.0,0.0,0.0,-29.027015974886762,-9.999951089412207e-09,26.282879843145437,3.7516666766666673,18.653744112415318,screened_water_cap_1.00,optimistic_site_selection,uniform_new_build,tight,uniform_google_ai_2024,portfolio_mean,central,gentd26_hourly_service_demand.csv,gentd26_aligned_regional_hourly_cef.csv,capacity_scenarios.csv,energy_calibration_bounds.csv,trace_timestamp_anonymized,single_row_default,0.3,20.0,carbon,211.9472222222222,208.19555553555557,3.7516666866666677,0.9822990523426955,0.30540597518090523,55.91956311375206,69.89945389219008,18.653744112415318,64.30749758081487,0.0,0.0,0.0,,,3.7516666766666673,True,True,0,433,4.440892098500626e-16,0.0,0.0,0.0,1.00000003833145e-08,0.04436111111111085,0,0.0,554,3,0.0,0.0,144.61138886888887,0.0,0.0,63.5841666666667
scenario_coarse,0.0,0.0,0.0,,0.0,0.0,0.0,-29.027015974886762,-9.999951089412207e-09,26.282879843145437,3.7516666766666673,18.653744112415318,screened_water_cap_0.00,optimistic_site_selection,uniform_new_build,tight,uniform_google_ai_2024,portfolio_mean,central,gentd26_hourly_service_demand.csv,gentd26_aligned_regional_hourly_cef.csv,capacity_scenarios.csv,energy_calibration_bounds.csv,trace_timestamp_anonymized,single_row_default,0.3,35.0,carbon,211.9472222222222,208.19555553555557,3.7516666866666677,0.9822990523426955,0.30540597518090523,55.91956311375206,69.89945389219008,18.653744112415318,64.30749758081487,0.0,0.0,0.0,,,3.7516666766666673,True,True,0,433,4.440892098500626e-16,0.0,0.0,0.0,1.00000003833145e-08,0.04436111111111085,0,0.0,554,3,0.0,0.0,144.61138886888887,0.0,0.0,63.5841666666667
scenario_coarse,0.25,0.0,0.0,,0.0,0.0,0.0,-29.027015974886762,-9.999951089412207e-09,26.282879843145437,3.7516666766666673,18.653744112415318,screened_water_cap_0.25,optimistic_site_selection,uniform_new_build,tight,uniform_google_ai_2024,portfolio_mean,central,gentd26_hourly_service_demand.csv,gentd26_aligned_regional_hourly_cef.csv,capacity_scenarios.csv,energy_calibration_bounds.csv,trace_timestamp_anonymized,single_row_default,0.3,35.0,carbon,211.9472222222222,208.19555553555557,3.7516666866666677,0.9822990523426955,0.30540597518090523,55.91956311375206,69.89945389219008,18.653744112415318,64.30749758081487,0.0,0.0,0.0,,,3.7516666766666673,True,True,0,433,4.440892098500626e-16,0.0,0.0,0.0,1.00000003833145e-08,0.04436111111111085,0,0.0,554,3,0.0,0.0,144.61138886888887,0.0,0.0,63.5841666666667
scenario_coarse,0.5,0.0,0.0,,0.0,0.0,0.0,-29.027015974886762,-9.999951089412207e-09,26.282879843145437,3.7516666766666673,18.653744112415318,screened_water_cap_0.50,optimistic_site_selection,uniform_new_build,tight,uniform_google_ai_2024,portfolio_mean,central,gentd26_hourly_service_demand.csv,gentd26_aligned_regional_hourly_cef.csv,capacity_scenarios.csv,energy_calibration_bounds.csv,trace_timestamp_anonymized,single_row_default,0.3,35.0,carbon,211.9472222222222,208.19555553555557,3.7516666866666677,0.9822990523426955,0.30540597518090523,55.91956311375206,69.89945389219008,18.653744112415318,64.30749758081487,0.0,0.0,0.0,,,3.7516666766666673,True,True,0,433,4.440892098500626e-16,0.0,0.0,0.0,1.00000003833145e-08,0.04436111111111085,0,0.0,554,3,0.0,0.0,144.61138886888887,0.0,0.0,63.5841666666667
scenario_coarse,0.75,0.0,0.0,,0.0,0.0,0.0,-29.027015974886762,-9.999951089412207e-09,26.282879843145437,3.7516666766666673,18.653744112415318,screened_water_cap_0.75,optimistic_site_selection,uniform_new_build,tight,uniform_google_ai_2024,portfolio_mean,central,gentd26_hourly_service_demand.csv,gentd26_aligned_regional_hourly_cef.csv,capacity_scenarios.csv,energy_calibration_bounds.csv,trace_timestamp_anonymized,single_row_default,0.3,35.0,carbon,211.9472222222222,208.19555553555557,3.7516666866666677,0.9822990523426955,0.30540597518090523,55.91956311375206,69.89945389219008,18.653744112415318,64.30749758081487,0.0,0.0,0.0,,,3.7516666766666673,True,True,0,433,4.440892098500626e-16,0.0,0.0,0.0,1.00000003833145e-08,0.04436111111111085,0,0.0,554,3,0.0,0.0,144.61138886888887,0.0,0.0,63.5841666666667
scenario_coarse,1.0,0.0,0.0,,0.0,0.0,0.0,-29.027015974886762,-9.999951089412207e-09,26.282879843145437,3.7516666766666673,18.653744112415318,screened_water_cap_1.00,optimistic_site_selection,uniform_new_build,tight,uniform_google_ai_2024,portfolio_mean,central,gentd26_hourly_service_demand.csv,gentd26_aligned_regional_hourly_cef.csv,capacity_scenarios.csv,energy_calibration_bounds.csv,trace_timestamp_anonymized,single_row_default,0.3,35.0,carbon,211.9472222222222,208.19555553555557,3.7516666866666677,0.9822990523426955,0.30540597518090523,55.91956311375206,69.89945389219008,18.653744112415318,64.30749758081487,0.0,0.0,0.0,,,3.7516666766666673,True,True,0,433,4.440892098500626e-16,0.0,0.0,0.0,1.00000003833145e-08,0.04436111111111085,0,0.0,554,3,0.0,0.0,144.61138886888887,0.0,0.0,63.5841666666667
scenario_coarse,0.0,0.0,4.1894888431902455,0.0,4.1894888431902455,0.26675972327062425,1.0253632058083717,-6.486666759286663e-09,-9.999979511121637e-09,26.282879843145437,3.7516666766666673,26.01612011816993,screened_water_cap_0.00,optimistic_site_selection,uniform_new_build,tight,uniform_google_ai_2024,portfolio_mean,central,gentd26_hourly_service_demand.csv,gentd26_aligned_regional_hourly_cef.csv,capacity_scenarios.csv,energy_calibration_bounds.csv,trace_timestamp_anonymized,single_row_default,0.5,15.0,carbon,211.9472222222222,208.19555553555554,3.7516666866666672,0.9822990523426954,0.0,55.91956311375206,69.8994538921901,26.282879841440554,64.30749758081487,0.0,0.0,0.0,,,3.7516666766666673,True,True,0,0,0.0,0.0,0.0,0.0,9.99999993922529e-09,0.0,11,0.0,184,1,0.0,0.0,208.1955555355556,0.0,0.0,0.0
scenario_coarse,0.25,1.0473722107975614,4.1894888431902455,0.25,3.142116632392684,0.13513760668711328,0.5194379718163056,-0.5007903208244513,-9.999979511121637e-09,26.282879843145437,3.7516666766666673,26.01612011816993,screened_water_cap_0.25,optimistic_site_selection,uniform_new_build,tight,uniform_google_ai_2024,portfolio_mean,central,gentd26_hourly_service_demand.csv,gentd26_aligned_regional_hourly_cef.csv,capacity_scenarios.csv,energy_calibration_bounds.csv,trace_timestamp_anonymized,single_row_default,0.5,15.0,carbon,211.9472222222222,208.19555553555554,3.7516666866666672,0.9822990523426954,0.016286937763070854,55.91956311375206,69.8994538921901,26.151257724857043,64.30749758081487,1.0473722107975614,0.016286937763070854,0.0,,,3.7516666766666673,True,True,0,58,0.0,0.0,0.0,0.0,9.99999993922529e-09,0.0,11,0.0,189,1,0.0,0.0,204.80468748000004,3.390868055555555,0.0,0.0
scenario_coarse,0.5,2.0947444215951228,4.1894888431902455,0.4999999999999999,2.094744421595123,0.05307673392680101,0.20401479423417523,-0.813012091231835,-9.999979511121637e-09,26.282879843145437,3.7516666766666673,26.01612011816993,screened_water_cap_0.50,optimistic_site_selection,uniform_new_build,tight,uniform_google_ai_2024,portfolio_mean,central,gentd26_hourly_service_demand.csv,gentd26_aligned_regional_hourly_cef.csv,capacity_scenarios.csv,energy_calibration_bounds.csv,trace_timestamp_anonymized,single_row_default,0.5,15.0,carbon,211.9472222222222,208.19555553555554,3.7516666866666672,0.9822990523426954,0.03257387552614171,55.91956311375206,69.8994538921901,26.06919685209673,64.30749758081487,2.0947444215951223,0.0325738755261417,0.0,,,3.7516666766666673,True,True,0,58,0.0,0.0,0.0,0.0,9.99999993922529e-09,0.0,11,0.0,197,1,4.440892098500626e-16,0.0,201.41381942444445,6.78173611111111,0.0,0.0
scenario_coarse,0.75,3.142116632392684,4.1894888431902455,0.7500000000000002,1.0473722107975605,0.015544177651662494,0.05974825447090382,-0.9558143887697379,-9.999979511121637e-09,26.282879843145437,3.7516666766666673,26.01612011816993,screened_water_cap_0.75,optimistic_site_selection,uniform_new_build,tight,uniform_google_ai_2024,portfolio_mean,central,gentd26_hourly_service_demand.csv,gentd26_aligned_regional_hourly_cef.csv,capacity_scenarios.csv,energy_calibration_bounds.csv,trace_timestamp_anonymized,single_row_default,0.5,15.0,carbon,211.9472222222222,208.19555553555554,3.7516666866666672,0.9822990523426954,0.048860813289212573,55.91956311375206,69.8994538921901,26.031664295821592,64.30749758081487,3.142116632392685,0.04886081328921258,0.0,,,3.7516666766666673,True,True,0,58,0.0,0.0,0.0,0.0,9.99999993922529e-09,0.0,11,0.0,208,1,-8.881784197001252e-16,8.881784197001252e-16,198.02295136888887,10.172604166666666,0.0,0.0
scenario_coarse,1.0,4.1894888431902455,4.1894888431902455,1.0,0.0,0.0,0.0,-1.0149562246127952,-9.999979511121637e-09,26.282879843145437,3.7516666766666673,26.01612011816993,screened_water_cap_1.00,optimistic_site_selection,uniform_new_build,tight,uniform_google_ai_2024,portfolio_mean,central,gentd26_hourly_service_demand.csv,gentd26_aligned_regional_hourly_cef.csv,capacity_scenarios.csv,energy_calibration_bounds.csv,trace_timestamp_anonymized,single_row_default,0.5,15.0,carbon,211.9472222222222,208.19555553555554,3.7516666866666672,0.9822990523426954,0.06514775105228342,55.91956311375206,69.8994538921901,26.01612011816993,64.30749758081487,4.1894888431902455,0.06514775105228342,0.0,,,3.7516666766666673,True,True,0,56,0.0,0.0,0.0,0.0,9.99999993922529e-09,0.0,11,0.0,227,1,0.0,0.0,194.63208331333334,13.563472222222218,0.0,0.0
scenario_coarse,0.0,0.0,0.10948089259163718,0.0,0.10948089259163718,0.008114574504070049,0.05931152102909287,-47.915169971738415,-9.999979511121637e-09,26.282879843145437,3.7516666766666673,13.681278718330457,screened_water_cap_0.00,optimistic_site_selection,uniform_new_build,tight,uniform_google_ai_2024,portfolio_mean,central,gentd26_hourly_service_demand.csv,gentd26_aligned_regional_hourly_cef.csv,capacity_scenarios.csv,energy_calibration_bounds.csv,trace_timestamp_anonymized,single_row_default,0.5,20.0,carbon,211.9472222222222,208.19555553555554,3.7516666866666672,0.9822990523426954,0.5069432585236369,55.91956311375206,69.89945389219008,13.689393292834527,64.30749758081487,0.0,0.0,0.0,,,3.7516666766666673,True,True,0,451,0.0,0.0,0.0,0.0,9.99999993922529e-09,0.0,3,0.0,551,3,0.0,0.0,102.65222220222222,0.0,0.0,105.54333333333334
scenario_coarse,0.25,0.027370223147909295,0.10948089259163718,0.25,0.08211066944372789,0.005823805827560591,0.04256770107138319,-47.923885792417806,-9.999979511121637e-09,26.282879843145437,3.7516666766666673,13.681278718330457,screened_water_cap_0.25,optimistic_site_selection,uniform_new_build,tight,uniform_google_ai_2024,portfolio_mean,central,gentd26_hourly_service_demand.csv,gentd26_aligned_regional_hourly_cef.csv,capacity_scenarios.csv,energy_calibration_bounds.csv,trace_timestamp_anonymized,single_row_default,0.5,20.0,carbon,211.9472222222222,208.19555553555554,3.7516666866666672,0.9822990523426954,0.5073688733302698,55.91956311375206,69.89945389219008,13.687102524158018,64.30749758081487,0.027370223147909295,0.00042561480663297916,0.0,,,3.7516666766666673,True,True,0,606,0.0,0.0,0.0,0.0,9.99999993922529e-09,0.0,3,0.0,551,3,0.0,0.0,102.5636110911111,0.0,0.08861111111111115,105.54333333333334
scenario_coarse,0.5,0.05474044629581859,0.10948089259163718,0.5,0.05474044629581859,0.0035330371510511327,0.025823881113673508,-47.932601613097205,-9.999979511121637e-09,26.282879843145437,3.7516666766666673,13.681278718330457,screened_water_cap_0.50,optimistic_site_selection,uniform_new_build,tight,uniform_google_ai_2024,portfolio_mean,central,gentd26_hourly_service_demand.csv,gentd26_aligned_regional_hourly_cef.csv,capacity_scenarios.csv,energy_calibration_bounds.csv,trace_timestamp_anonymized,single_row_default,0.5,20.0,carbon,211.9472222222222,208.19555553555554,3.7516666866666672,0.9822990523426954,0.5077944881369029,55.91956311375206,69.89945389219008,13.684811755481508,64.30749758081487,0.05474044629581859,0.0008512296132659583,0.0,,,3.7516666766666673,True,True,0,606,0.0,0.0,0.0,0.0,9.99999993922529e-09,0.0,3,0.0,551,3,0.0,0.0,102.47499997999999,0.0,0.1772222222222223,105.54333333333334
scenario_coarse,0.75,0.08211066944372789,0.10948089259163718,0.75,0.027370223147909295,0.0013655361331395,0.009981056312446945,-47.94084843015396,-9.999979511121637e-09,26.282879843145437,3.7516666766666673,13.681278718330457,screened_water_cap_0.75,optimistic_site_selection,uniform_new_build,tight,uniform_google_ai_2024,portfolio_mean,central,gentd26_hourly_service_demand.csv,gentd26_aligned_regional_hourly_cef.csv,capacity_scenarios.csv,energy_calibration_bounds.csv,trace_timestamp_anonymized,single_row_default,0.5,20.0,carbon,211.9472222222222,208.19555553555554,3.7516666866666672,0.9822990523426954,0.5082201029435358,55.91956311375206,69.89945389219008,13.682644254463597,64.30749758081487,0.08211066944372789,0.0012768444198989375,0.0,,,3.7516666766666673,True,True,0,607,0.0,0.0,0.0,0.0,9.99999993922529e-09,0.0,3,0.0,552,3,0.0,0.0,102.38638886888889,0.0,0.2658333333333334,105.54333333333334
scenario_coarse,1.0,0.10948089259163718,0.10948089259163718,1.0,0.0,0.0,0.0,-47.946043964818685,-9.999979511121637e-09,26.282879843145437,3.7516666766666673,13.681278718330457,screened_water_cap_1.00,optimistic_site_selection,uniform_new_build,tight,uniform_google_ai_2024,portfolio_mean,central,gentd26_hourly_service_demand.csv,gentd26_aligned_regional_hourly_cef.csv,capacity_scenarios.csv,energy_calibration_bounds.csv,trace_timestamp_anonymized,single_row_default,0.5,20.0,carbon,211.9472222222222,208.19555553555554,3.7516666866666672,0.9822990523426954,0.5086457177501688,55.91956311375206,69.89945389219008,13.681278718330457,64.30749758081487,0.10948089259163718,0.0017024592265319166,0.0,,,3.7516666766666673,True,True,0,623,0.0,0.0,0.0,0.0,9.99999993922529e-09,0.0,3,0.0,553,3,0.0,0.0,102.29777775777777,0.0,0.35444444444444456,105.54333333333334
scenario_coarse,0.0,0.0,0.10948089259163718,0.0,0.10948089259163718,0.008114574504070049,0.05931152102909287,-47.915169971738415,-9.999979511121637e-09,26.282879843145437,3.7516666766666673,13.681278718330457,screened_water_cap_0.00,optimistic_site_selection,uniform_new_build,tight,uniform_google_ai_2024,portfolio_mean,central,gentd26_hourly_service_demand.csv,gentd26_aligned_regional_hourly_cef.csv,capacity_scenarios.csv,energy_calibration_bounds.csv,trace_timestamp_anonymized,single_row_default,0.5,35.0,carbon,211.9472222222222,208.19555553555554,3.7516666866666672,0.9822990523426954,0.5069432585236369,55.91956311375206,69.89945389219008,13.689393292834527,64.30749758081487,0.0,0.0,0.0,,,3.7516666766666673,True,True,0,451,0.0,0.0,0.0,0.0,9.99999993922529e-09,0.0,3,0.0,551,3,0.0,0.0,102.65222220222222,0.0,0.0,105.54333333333334
scenario_coarse,0.25,0.027370223147909295,0.10948089259163718,0.25,0.08211066944372789,0.005823805827560591,0.04256770107138319,-47.923885792417806,-9.999979511121637e-09,26.282879843145437,3.7516666766666673,13.681278718330457,screened_water_cap_0.25,optimistic_site_selection,uniform_new_build,tight,uniform_google_ai_2024,portfolio_mean,central,gentd26_hourly_service_demand.csv,gentd26_aligned_regional_hourly_cef.csv,capacity_scenarios.csv,energy_calibration_bounds.csv,trace_timestamp_anonymized,single_row_default,0.5,35.0,carbon,211.9472222222222,208.19555553555554,3.7516666866666672,0.9822990523426954,0.5073688733302698,55.91956311375206,69.89945389219008,13.687102524158018,64.30749758081487,0.027370223147909295,0.00042561480663297916,0.0,,,3.7516666766666673,True,True,0,606,0.0,0.0,0.0,0.0,9.99999993922529e-09,0.0,3,0.0,551,3,0.0,0.0,102.5636110911111,0.0,0.08861111111111115,105.54333333333334
scenario_coarse,0.5,0.05474044629581859,0.10948089259163718,0.5,0.05474044629581859,0.0035330371510511327,0.025823881113673508,-47.932601613097205,-9.999979511121637e-09,26.282879843145437,3.7516666766666673,13.681278718330457,screened_water_cap_0.50,optimistic_site_selection,uniform_new_build,tight,uniform_google_ai_2024,portfolio_mean,central,gentd26_hourly_service_demand.csv,gentd26_aligned_regional_hourly_cef.csv,capacity_scenarios.csv,energy_calibration_bounds.csv,trace_timestamp_anonymized,single_row_default,0.5,35.0,carbon,211.9472222222222,208.19555553555554,3.7516666866666672,0.9822990523426954,0.5077944881369029,55.91956311375206,69.89945389219008,13.684811755481508,64.30749758081487,0.05474044629581859,0.0008512296132659583,0.0,,,3.7516666766666673,True,True,0,606,0.0,0.0,0.0,0.0,9.99999993922529e-09,0.0,3,0.0,551,3,0.0,0.0,102.47499997999999,0.0,0.1772222222222223,105.54333333333334
scenario_coarse,0.75,0.08211066944372789,0.10948089259163718,0.75,0.027370223147909295,0.0013655361331395,0.009981056312446945,-47.94084843015396,-9.999979511121637e-09,26.282879843145437,3.7516666766666673,13.681278718330457,screened_water_cap_0.75,optimistic_site_selection,uniform_new_build,tight,uniform_google_ai_2024,portfolio_mean,central,gentd26_hourly_service_demand.csv,gentd26_aligned_regional_hourly_cef.csv,capacity_scenarios.csv,energy_calibration_bounds.csv,trace_timestamp_anonymized,single_row_default,0.5,35.0,carbon,211.9472222222222,208.19555553555554,3.7516666866666672,0.9822990523426954,0.5082201029435358,55.91956311375206,69.89945389219008,13.682644254463597,64.30749758081487,0.08211066944372789,0.0012768444198989375,0.0,,,3.7516666766666673,True,True,0,607,0.0,0.0,0.0,0.0,9.99999993922529e-09,0.0,3,0.0,552,3,0.0,0.0,102.38638886888889,0.0,0.2658333333333334,105.54333333333334
scenario_coarse,1.0,0.10948089259163718,0.10948089259163718,1.0,0.0,0.0,0.0,-47.946043964818685,-9.999979511121637e-09,26.282879843145437,3.7516666766666673,13.681278718330457,screened_water_cap_1.00,optimistic_site_selection,uniform_new_build,tight,uniform_google_ai_2024,portfolio_mean,central,gentd26_hourly_service_demand.csv,gentd26_aligned_regional_hourly_cef.csv,capacity_scenarios.csv,energy_calibration_bounds.csv,trace_timestamp_anonymized,single_row_default,0.5,35.0,carbon,211.9472222222222,208.19555553555554,3.7516666866666672,0.9822990523426954,0.5086457177501688,55.91956311375206,69.89945389219008,13.681278718330457,64.30749758081487,0.10948089259163718,0.0017024592265319166,0.0,,,3.7516666766666673,True,True,0,623,0.0,0.0,0.0,0.0,9.99999993922529e-09,0.0,3,0.0,553,3,0.0,0.0,102.29777775777777,0.0,0.35444444444444456,105.54333333333334
scenario_coarse,0.0,0.0,1.2568466529570737,0.0,1.2568466529570737,0.08002791698119083,0.29957477211228767,-6.362976812113175e-09,-1.0000007932831068e-08,26.793865140998378,1e-08,26.7138372223123,screened_water_cap_0.00,optimistic_site_selection,uniform_new_build,central,uniform_google_ai_2024,portfolio_mean,central,gentd26_hourly_service_demand.csv,gentd26_aligned_regional_hourly_cef.csv,capacity_scenarios.csv,energy_calibration_bounds.csv,trace_timestamp_anonymized,single_row_default,0.15,15.0,carbon,211.9472222222222,211.94722220222218,2e-08,0.9999999999056368,0.0,56.92722900944693,71.15903626180867,26.79386513929349,65.46631336086396,0.0,0.0,0.0,,,1e-08,True,True,0,0,0.0,0.0,0.0,0.0,1e-08,0.4919444444444445,0,0.0,184,1,0.0,0.0,211.94722220222224,0.0,0.0,0.0
scenario_coarse,0.25,0.3142116632392684,1.2568466529570737,0.25,0.9426349897178052,0.04054128200613505,0.1517613574895771,-0.1473719318663136,-1.0000007932831068e-08,26.793865140998378,1e-08,26.7138372223123,screened_water_cap_0.25,optimistic_site_selection,uniform_new_build,central,uniform_google_ai_2024,portfolio_mean,central,gentd26_hourly_service_demand.csv,gentd26_aligned_regional_hourly_cef.csv,capacity_scenarios.csv,energy_calibration_bounds.csv,trace_timestamp_anonymized,single_row_default,0.15,15.0,carbon,211.9472222222222,211.94722220222218,2e-08,0.9999999999056368,0.004799593059521595,56.92722900944693,71.15903626180867,26.754378504318435,65.46631336086396,0.3142116632392684,0.004799593059521593,0.0,,,1e-08,True,True,0,1,2.220446049250313e-16,0.0,0.0,0.0,1e-08,0.4919444444444445,0,0.0,189,1,0.0,0.0,210.92996178555558,1.0172604166666668,0.0,0.0
scenario_coarse,0.5,0.6284233264785368,1.2568466529570737,0.5000000000000001,0.6284233264785367,0.015923020178043146,0.05960588905866704,-0.23925215033625546,-1.0000007932831068e-08,26.793865140998378,1e-08,26.7138372223123,screened_water_cap_0.50,optimistic_site_selection,uniform_new_build,central,uniform_google_ai_2024,portfolio_mean,central,gentd26_hourly_service_demand.csv,gentd26_aligned_regional_hourly_cef.csv,capacity_scenarios.csv,energy_calibration_bounds.csv,trace_timestamp_anonymized,single_row_default,0.15,15.0,carbon,211.9472222222222,211.94722220222218,2e-08,0.9999999999056368,0.00959918611904319,56.92722900944693,71.15903626180867,26.729760242490343,65.46631336086396,0.6284233264785369,0.009599186119043188,0.0,,,1e-08,True,True,0,1,2.220446049250313e-16,0.0,0.0,0.0,1e-08,0.4919444444444445,0,0.0,197,1,-1.1102230246251565e-16,1.1102230246251565e-16,209.9127013688889,2.0345208333333336,0.0,0.0
scenario_coarse,0.75,0.9426349897178052,1.2568466529570737,0.75,0.3142116632392684,0.00466325329550088,0.017456321443809486,-0.28127582561897624,-1.0000007932831068e-08,26.793865140998378,1e-08,26.7138372223123,screened_water_cap_0.75,optimistic_site_selection,uniform_new_build,central,uniform_google_ai_2024,portfolio_mean,central,gentd26_hourly_service_demand.csv,gentd26_aligned_regional_hourly_cef.csv,capacity_scenarios.csv,energy_calibration_bounds.csv,trace_timestamp_anonymized,single_row_default,0.15,15.0,carbon,211.9472222222222,211.94722220222218,2e-08,0.9999999999056368,0.01439877917856478,56.92722900944693,71.15903626180867,26.7185004756078,65.46631336086396,0.9426349897178052,0.01439877917856478,0.0,,,1e-08,True,True,0,1,2.220446049250313e-16,0.0,0.0,0.0,1e-08,0.4919444444444445,0,0.0,208,1,0.0,0.0,208.8954409522222,3.05178125,0.0,0.0
scenario_coarse,1.0,1.2568466529570737,1.2568466529570737,1.0,0.0,0.0,0.0,-0.2986800085204022,-1.0000007932831068e-08,26.793865140998378,1e-08,26.7138372223123,screened_water_cap_1.00,optimistic_site_selection,uniform_new_build,central,uniform_google_ai_2024,portfolio_mean,central,gentd26_hourly_service_demand.csv,gentd26_aligned_regional_hourly_cef.csv,capacity_scenarios.csv,energy_calibration_bounds.csv,trace_timestamp_anonymized,single_row_default,0.15,15.0,carbon,211.9472222222222,211.94722220222218,2e-08,0.9999999999056368,0.01919837223808638,56.92722900944693,71.15903626180867,26.7138372223123,65.46631336086396,1.2568466529570737,0.019198372238086372,0.0,,,1e-08,True,True,0,0,2.220446049250313e-16,0.0,0.0,0.0,1e-08,0.4919444444444445,0,0.0,227,1,0.0,0.0,207.87818053555552,4.069041666666666,0.0,0.0
scenario_coarse,0.0,0.0,0.0,,0.0,0.0,0.0,-14.060266391362275,-9.999979511121637e-09,26.793865140998378,1e-08,23.026576325631652,screened_water_cap_0.00,optimistic_site_selection,uniform_new_build,central,uniform_google_ai_2024,portfolio_mean,central,gentd26_hourly_service_demand.csv,gentd26_aligned_regional_hourly_cef.csv,capacity_scenarios.csv,energy_calibration_bounds.csv,trace_timestamp_anonymized,single_row_default,0.15,20.0,carbon,211.9472222222222,211.9472222022222,2e-08,0.9999999999056369,0.15000000001415448,56.92722900944694,71.15903626180867,23.026576325631652,65.46631336086396,0.0,0.0,0.0,,,1e-08,True,True,0,0,4.440892098500626e-16,0.0,0.0,0.0,1e-08,1.018152777777778,0,0.0,554,3,0.0,0.0,180.1551388688889,0.0,0.0,31.79208333333335
scenario_coarse,0.25,0.0,0.0,,0.0,0.0,0.0,-14.060266391362275,-9.999979511121637e-09,26.793865140998378,1e-08,23.026576325631652,screened_water_cap_0.25,optimistic_site_selection,uniform_new_build,central,uniform_google_ai_2024,portfolio_mean,central,gentd26_hourly_service_demand.csv,gentd26_aligned_regional_hourly_cef.csv,capacity_scenarios.csv,energy_calibration_bounds.csv,trace_timestamp_anonymized,single_row_default,0.15,20.0,carbon,211.9472222222222,211.9472222022222,2e-08,0.9999999999056369,0.15000000001415448,56.92722900944694,71.15903626180867,23.026576325631652,65.46631336086396,0.0,0.0,0.0,,,1e-08,True,True,0,0,4.440892098500626e-16,0.0,0.0,0.0,1e-08,1.018152777777778,0,0.0,554,3,0.0,0.0,180.1551388688889,0.0,0.0,31.79208333333335
scenario_coarse,0.5,0.0,0.0,,0.0,0.0,0.0,-14.060266391362275,-9.999979511121637e-09,26.793865140998378,1e-08,23.026576325631652,screened_water_cap_0.50,optimistic_site_selection,uniform_new_build,central,uniform_google_ai_2024,portfolio_mean,central,gentd26_hourly_service_demand.csv,gentd26_aligned_regional_hourly_cef.csv,capacity_scenarios.csv,energy_calibration_bounds.csv,trace_timestamp_anonymized,single_row_default,0.15,20.0,carbon,211.9472222222222,211.9472222022222,2e-08,0.9999999999056369,0.15000000001415448,56.92722900944694,71.15903626180867,23.026576325631652,65.46631336086396,0.0,0.0,0.0,,,1e-08,True,True,0,0,4.440892098500626e-16,0.0,0.0,0.0,1e-08,1.018152777777778,0,0.0,554,3,0.0,0.0,180.1551388688889,0.0,0.0,31.79208333333335
scenario_coarse,0.75,0.0,0.0,,0.0,0.0,0.0,-14.060266391362275,-9.999979511121637e-09,26.793865140998378,1e-08,23.026576325631652,screened_water_cap_0.75,optimistic_site_selection,uniform_new_build,central,uniform_google_ai_2024,portfolio_mean,central,gentd26_hourly_service_demand.csv,gentd26_aligned_regional_hourly_cef.csv,capacity_scenarios.csv,energy_calibration_bounds.csv,trace_timestamp_anonymized,single_row_default,0.15,20.0,carbon,211.9472222222222,211.9472222022222,2e-08,0.9999999999056369,0.15000000001415448,56.92722900944694,71.15903626180867,23.026576325631652,65.46631336086396,0.0,0.0,0.0,,,1e-08,True,True,0,0,4.440892098500626e-16,0.0,0.0,0.0,1e-08,1.018152777777778,0,0.0,554,3,0.0,0.0,180.1551388688889,0.0,0.0,31.79208333333335
scenario_coarse,1.0,0.0,0.0,,0.0,0.0,0.0,-14.060266391362275,-9.999979511121637e-09,26.793865140998378,1e-08,23.026576325631652,screened_water_cap_1.00,optimistic_site_selection,uniform_new_build,central,uniform_google_ai_2024,portfolio_mean,central,gentd26_hourly_service_demand.csv,gentd26_aligned_regional_hourly_cef.csv,capacity_scenarios.csv,energy_calibration_bounds.csv,trace_timestamp_anonymized,single_row_default,0.15,20.0,carbon,211.9472222222222,211.9472222022222,2e-08,0.9999999999056369,0.15000000001415448,56.92722900944694,71.15903626180867,23.026576325631652,65.46631336086396,0.0,0.0,0.0,,,1e-08,True,True,0,0,4.440892098500626e-16,0.0,0.0,0.0,1e-08,1.018152777777778,0,0.0,554,3,0.0,0.0,180.1551388688889,0.0,0.0,31.79208333333335
scenario_coarse,0.0,0.0,0.0,,0.0,0.0,0.0,-14.060266391362275,-9.999979511121637e-09,26.793865140998378,1e-08,23.026576325631652,screened_water_cap_0.00,optimistic_site_selection,uniform_new_build,central,uniform_google_ai_2024,portfolio_mean,central,gentd26_hourly_service_demand.csv,gentd26_aligned_regional_hourly_cef.csv,capacity_scenarios.csv,energy_calibration_bounds.csv,trace_timestamp_anonymized,single_row_default,0.15,35.0,carbon,211.9472222222222,211.9472222022222,2e-08,0.9999999999056369,0.15000000001415448,56.92722900944694,71.15903626180867,23.026576325631652,65.46631336086396,0.0,0.0,0.0,,,1e-08,True,True,0,0,4.440892098500626e-16,0.0,0.0,0.0,1e-08,1.018152777777778,0,0.0,554,3,0.0,0.0,180.1551388688889,0.0,0.0,31.79208333333335
scenario_coarse,0.25,0.0,0.0,,0.0,0.0,0.0,-14.060266391362275,-9.999979511121637e-09,26.793865140998378,1e-08,23.026576325631652,screened_water_cap_0.25,optimistic_site_selection,uniform_new_build,central,uniform_google_ai_2024,portfolio_mean,central,gentd26_hourly_service_demand.csv,gentd26_aligned_regional_hourly_cef.csv,capacity_scenarios.csv,energy_calibration_bounds.csv,trace_timestamp_anonymized,single_row_default,0.15,35.0,carbon,211.9472222222222,211.9472222022222,2e-08,0.9999999999056369,0.15000000001415448,56.92722900944694,71.15903626180867,23.026576325631652,65.46631336086396,0.0,0.0,0.0,,,1e-08,True,True,0,0,4.440892098500626e-16,0.0,0.0,0.0,1e-08,1.018152777777778,0,0.0,554,3,0.0,0.0,180.1551388688889,0.0,0.0,31.79208333333335
scenario_coarse,0.5,0.0,0.0,,0.0,0.0,0.0,-14.060266391362275,-9.999979511121637e-09,26.793865140998378,1e-08,23.026576325631652,screened_water_cap_0.50,optimistic_site_selection,uniform_new_build,central,uniform_google_ai_2024,portfolio_mean,central,gentd26_hourly_service_demand.csv,gentd26_aligned_regional_hourly_cef.csv,capacity_scenarios.csv,energy_calibration_bounds.csv,trace_timestamp_anonymized,single_row_default,0.15,35.0,carbon,211.9472222222222,211.9472222022222,2e-08,0.9999999999056369,0.15000000001415448,56.92722900944694,71.15903626180867,23.026576325631652,65.46631336086396,0.0,0.0,0.0,,,1e-08,True,True,0,0,4.440892098500626e-16,0.0,0.0,0.0,1e-08,1.018152777777778,0,0.0,554,3,0.0,0.0,180.1551388688889,0.0,0.0,31.79208333333335
scenario_coarse,0.75,0.0,0.0,,0.0,0.0,0.0,-14.060266391362275,-9.999979511121637e-09,26.793865140998378,1e-08,23.026576325631652,screened_water_cap_0.75,optimistic_site_selection,uniform_new_build,central,uniform_google_ai_2024,portfolio_mean,central,gentd26_hourly_service_demand.csv,gentd26_aligned_regional_hourly_cef.csv,capacity_scenarios.csv,energy_calibration_bounds.csv,trace_timestamp_anonymized,single_row_default,0.15,35.0,carbon,211.9472222222222,211.9472222022222,2e-08,0.9999999999056369,0.15000000001415448,56.92722900944694,71.15903626180867,23.026576325631652,65.46631336086396,0.0,0.0,0.0,,,1e-08,True,True,0,0,4.440892098500626e-16,0.0,0.0,0.0,1e-08,1.018152777777778,0,0.0,554,3,0.0,0.0,180.1551388688889,0.0,0.0,31.79208333333335
scenario_coarse,1.0,0.0,0.0,,0.0,0.0,0.0,-14.060266391362275,-9.999979511121637e-09,26.793865140998378,1e-08,23.026576325631652,screened_water_cap_1.00,optimistic_site_selection,uniform_new_build,central,uniform_google_ai_2024,portfolio_mean,central,gentd26_hourly_service_demand.csv,gentd26_aligned_regional_hourly_cef.csv,capacity_scenarios.csv,energy_calibration_bounds.csv,trace_timestamp_anonymized,single_row_default,0.15,35.0,carbon,211.9472222222222,211.9472222022222,2e-08,0.9999999999056369,0.15000000001415448,56.92722900944694,71.15903626180867,23.026576325631652,65.46631336086396,0.0,0.0,0.0,,,1e-08,True,True,0,0,4.440892098500626e-16,0.0,0.0,0.0,1e-08,1.018152777777778,0,0.0,554,3,0.0,0.0,180.1551388688889,0.0,0.0,31.79208333333335
scenario_coarse,0.0,0.0,2.5136933059141473,0.0,2.5136933059141473,0.1600558339623781,0.6009498383332756,-6.362976812113175e-09,-1.0000007932831068e-08,26.793865140998378,1e-08,26.633809305331113,screened_water_cap_0.00,optimistic_site_selection,uniform_new_build,central,uniform_google_ai_2024,portfolio_mean,central,gentd26_hourly_service_demand.csv,gentd26_aligned_regional_hourly_cef.csv,capacity_scenarios.csv,energy_calibration_bounds.csv,trace_timestamp_anonymized,single_row_default,0.3,15.0,carbon,211.9472222222222,211.94722220222218,2e-08,0.9999999999056368,0.0,56.92722900944693,71.15903626180867,26.79386513929349,65.46631336086396,0.0,0.0,0.0,,,1e-08,True,True,0,0,0.0,0.0,0.0,0.0,1e-08,0.4919444444444445,0,0.0,184,1,0.0,0.0,211.94722220222224,0.0,0.0,0.0
scenario_coarse,0.25,0.6284233264785368,2.5136933059141473,0.25,1.8852699794356105,0.0810825640122701,0.30443472461163523,-0.29474385736962816,-1.0000007932831068e-08,26.793865140998378,1e-08,26.633809305331113,screened_water_cap_0.25,optimistic_site_selection,uniform_new_build,central,uniform_google_ai_2024,portfolio_mean,central,gentd26_hourly_service_demand.csv,gentd26_aligned_regional_hourly_cef.csv,capacity_scenarios.csv,energy_calibration_bounds.csv,trace_timestamp_anonymized,single_row_default,0.3,15.0,carbon,211.9472222222222,211.94722220222218,2e-08,0.9999999999056368,0.00959918611904319,56.92722900944693,71.15903626180867,26.714891869343383,65.46631336086396,0.6284233264785368,0.009599186119043186,0.0,,,1e-08,True,True,0,1,1.1102230246251565e-16,0.0,0.0,0.0,1e-08,0.4919444444444445,0,0.0,189,1,0.0,0.0,209.9127013688889,2.0345208333333336,0.0,0.0
scenario_coarse,0.5,1.2568466529570737,2.5136933059141473,0.5000000000000001,1.2568466529570734,0.03184604035608629,0.11956997961126703,-0.478504294309523,-1.0000007932831068e-08,26.793865140998378,1e-08,26.633809305331113,screened_water_cap_0.50,optimistic_site_selection,uniform_new_build,central,uniform_google_ai_2024,portfolio_mean,central,gentd26_hourly_service_demand.csv,gentd26_aligned_regional_hourly_cef.csv,capacity_scenarios.csv,energy_calibration_bounds.csv,trace_timestamp_anonymized,single_row_default,0.3,15.0,carbon,211.9472222222222,211.94722220222218,2e-08,0.9999999999056368,0.01919837223808638,56.92722900944693,71.15903626180867,26.6656553456872,65.46631336086396,1.2568466529570739,0.019198372238086375,0.0,,,1e-08,True,True,0,1,1.1102230246251565e-16,0.0,0.0,0.0,1e-08,0.4919444444444445,0,0.0,197,1,-2.220446049250313e-16,2.220446049250313e-16,207.87818053555554,4.069041666666667,0.0,0.0
scenario_coarse,0.75,1.8852699794356105,2.5136933059141473,0.75,0.6284233264785368,0.009326506590994654,0.03501754662307288,-0.5625516448749757,-1.0000007932831068e-08,26.793865140998378,1e-08,26.633809305331113,screened_water_cap_0.75,optimistic_site_selection,uniform_new_build,central,uniform_google_ai_2024,portfolio_mean,central,gentd26_hourly_service_demand.csv,gentd26_aligned_regional_hourly_cef.csv,capacity_scenarios.csv,energy_calibration_bounds.csv,trace_timestamp_anonymized,single_row_default,0.3,15.0,carbon,211.9472222222222,211.94722220222218,2e-08,0.9999999999056368,0.02879755835712956,56.92722900944694,71.15903626180868,26.643135811922107,65.46631336086396,1.8852699794356105,0.02879755835712956,0.0,,,1e-08,True,True,0,1,2.220446049250313e-16,0.0,0.0,0.0,1e-08,0.4919444444444445,0,0.0,208,1,0.0,0.0,205.84365970222223,6.1035625,0.0,0.0
scenario_coarse,1.0,2.5136933059141473,2.5136933059141473,1.0,0.0,0.0,0.0,-0.5973600106778054,-9.999979511121637e-09,26.793865140998378,1e-08,26.633809305331113,screened_water_cap_1.00,optimistic_site_selection,uniform_new_build,central,uniform_google_ai_2024,portfolio_mean,central,gentd26_hourly_service_demand.csv,gentd26_aligned_regional_hourly_cef.csv,capacity_scenarios.csv,energy_calibration_bounds.csv,trace_timestamp_anonymized,single_row_default,0.3,15.0,carbon,211.9472222222222,211.9472222022222,2e-08,0.9999999999056369,0.03839674447617275,56.92722900944694,71.15903626180868,26.633809305331113,65.46631336086396,2.5136933059141473,0.038396744476172744,0.0,,,1e-08,True,True,0,0,2.220446049250313e-16,0.0,0.0,0.0,1e-08,0.4919444444444445,0,0.0,227,1,0.0,0.0,203.80913886888888,8.138083333333332,0.0,0.0
scenario_coarse,0.0,0.0,0.0,,0.0,0.0,0.0,-28.12053277636156,-1.0000007932831068e-08,26.793865140998378,1e-08,19.259287511969813,screened_water_cap_0.00,optimistic_site_selection,uniform_new_build,central,uniform_google_ai_2024,portfolio_mean,central,gentd26_hourly_service_demand.csv,gentd26_aligned_regional_hourly_cef.csv,capacity_scenarios.csv,energy_calibration_bounds.csv,trace_timestamp_anonymized,single_row_default,0.3,20.0,carbon,211.9472222222222,211.94722220222218,2e-08,0.9999999999056368,0.30000000002830896,56.92722900944693,71.15903626180867,19.259287511969813,65.46631336086396,0.0,0.0,0.0,,,1e-08,True,True,0,0,4.440892098500626e-16,0.0,0.0,0.0,1e-08,0.9475833333333334,0,0.0,554,3,0.0,0.0,148.36305553555553,0.0,0.0,63.5841666666667
scenario_coarse,0.25,0.0,0.0,,0.0,0.0,0.0,-28.12053277636156,-1.0000007932831068e-08,26.793865140998378,1e-08,19.259287511969813,screened_water_cap_0.25,optimistic_site_selection,uniform_new_build,central,uniform_google_ai_2024,portfolio_mean,central,gentd26_hourly_service_demand.csv,gentd26_aligned_regional_hourly_cef.csv,capacity_scenarios.csv,energy_calibration_bounds.csv,trace_timestamp_anonymized,single_row_default,0.3,20.0,carbon,211.9472222222222,211.94722220222218,2e-08,0.9999999999056368,0.30000000002830896,56.92722900944693,71.15903626180867,19.259287511969813,65.46631336086396,0.0,0.0,0.0,,,1e-08,True,True,0,0,4.440892098500626e-16,0.0,0.0,0.0,1e-08,0.9475833333333334,0,0.0,554,3,0.0,0.0,148.36305553555553,0.0,0.0,63.5841666666667
scenario_coarse,0.5,0.0,0.0,,0.0,0.0,0.0,-28.12053277636156,-1.0000007932831068e-08,26.793865140998378,1e-08,19.259287511969813,screened_water_cap_0.50,optimistic_site_selection,uniform_new_build,central,uniform_google_ai_2024,portfolio_mean,central,gentd26_hourly_service_demand.csv,gentd26_aligned_regional_hourly_cef.csv,capacity_scenarios.csv,energy_calibration_bounds.csv,trace_timestamp_anonymized,single_row_default,0.3,20.0,carbon,211.9472222222222,211.94722220222218,2e-08,0.9999999999056368,0.30000000002830896,56.92722900944693,71.15903626180867,19.259287511969813,65.46631336086396,0.0,0.0,0.0,,,1e-08,True,True,0,0,4.440892098500626e-16,0.0,0.0,0.0,1e-08,0.9475833333333334,0,0.0,554,3,0.0,0.0,148.36305553555553,0.0,0.0,63.5841666666667
scenario_coarse,0.75,0.0,0.0,,0.0,0.0,0.0,-28.12053277636156,-1.0000007932831068e-08,26.793865140998378,1e-08,19.259287511969813,screened_water_cap_0.75,optimistic_site_selection,uniform_new_build,central,uniform_google_ai_2024,portfolio_mean,central,gentd26_hourly_service_demand.csv,gentd26_aligned_regional_hourly_cef.csv,capacity_scenarios.csv,energy_calibration_bounds.csv,trace_timestamp_anonymized,single_row_default,0.3,20.0,carbon,211.9472222222222,211.94722220222218,2e-08,0.9999999999056368,0.30000000002830896,56.92722900944693,71.15903626180867,19.259287511969813,65.46631336086396,0.0,0.0,0.0,,,1e-08,True,True,0,0,4.440892098500626e-16,0.0,0.0,0.0,1e-08,0.9475833333333334,0,0.0,554,3,0.0,0.0,148.36305553555553,0.0,0.0,63.5841666666667
scenario_coarse,1.0,0.0,0.0,,0.0,0.0,0.0,-28.12053277636156,-1.0000007932831068e-08,26.793865140998378,1e-08,19.259287511969813,screened_water_cap_1.00,optimistic_site_selection,uniform_new_build,central,uniform_google_ai_2024,portfolio_mean,central,gentd26_hourly_service_demand.csv,gentd26_aligned_regional_hourly_cef.csv,capacity_scenarios.csv,energy_calibration_bounds.csv,trace_timestamp_anonymized,single_row_default,0.3,20.0,carbon,211.9472222222222,211.94722220222218,2e-08,0.9999999999056368,0.30000000002830896,56.92722900944693,71.15903626180867,19.259287511969813,65.46631336086396,0.0,0.0,0.0,,,1e-08,True,True,0,0,4.440892098500626e-16,0.0,0.0,0.0,1e-08,0.9475833333333334,0,0.0,554,3,0.0,0.0,148.36305553555553,0.0,0.0,63.5841666666667
scenario_coarse,0.0,0.0,0.0,,0.0,0.0,0.0,-28.12053277636156,-1.0000007932831068e-08,26.793865140998378,1e-08,19.259287511969813,screened_water_cap_0.00,optimistic_site_selection,uniform_new_build,central,uniform_google_ai_2024,portfolio_mean,central,gentd26_hourly_service_demand.csv,gentd26_aligned_regional_hourly_cef.csv,capacity_scenarios.csv,energy_calibration_bounds.csv,trace_timestamp_anonymized,single_row_default,0.3,35.0,carbon,211.9472222222222,211.94722220222218,2e-08,0.9999999999056368,0.30000000002830896,56.92722900944693,71.15903626180867,19.259287511969813,65.46631336086396,0.0,0.0,0.0,,,1e-08,True,True,0,0,4.440892098500626e-16,0.0,0.0,0.0,1e-08,0.9475833333333334,0,0.0,554,3,0.0,0.0,148.36305553555553,0.0,0.0,63.5841666666667
scenario_coarse,0.25,0.0,0.0,,0.0,0.0,0.0,-28.12053277636156,-1.0000007932831068e-08,26.793865140998378,1e-08,19.259287511969813,screened_water_cap_0.25,optimistic_site_selection,uniform_new_build,central,uniform_google_ai_2024,portfolio_mean,central,gentd26_hourly_service_demand.csv,gentd26_aligned_regional_hourly_cef.csv,capacity_scenarios.csv,energy_calibration_bounds.csv,trace_timestamp_anonymized,single_row_default,0.3,35.0,carbon,211.9472222222222,211.94722220222218,2e-08,0.9999999999056368,0.30000000002830896,56.92722900944693,71.15903626180867,19.259287511969813,65.46631336086396,0.0,0.0,0.0,,,1e-08,True,True,0,0,4.440892098500626e-16,0.0,0.0,0.0,1e-08,0.9475833333333334,0,0.0,554,3,0.0,0.0,148.36305553555553,0.0,0.0,63.5841666666667
scenario_coarse,0.5,0.0,0.0,,0.0,0.0,0.0,-28.12053277636156,-1.0000007932831068e-08,26.793865140998378,1e-08,19.259287511969813,screened_water_cap_0.50,optimistic_site_selection,uniform_new_build,central,uniform_google_ai_2024,portfolio_mean,central,gentd26_hourly_service_demand.csv,gentd26_aligned_regional_hourly_cef.csv,capacity_scenarios.csv,energy_calibration_bounds.csv,trace_timestamp_anonymized,single_row_default,0.3,35.0,carbon,211.9472222222222,211.94722220222218,2e-08,0.9999999999056368,0.30000000002830896,56.92722900944693,71.15903626180867,19.259287511969813,65.46631336086396,0.0,0.0,0.0,,,1e-08,True,True,0,0,4.440892098500626e-16,0.0,0.0,0.0,1e-08,0.9475833333333334,0,0.0,554,3,0.0,0.0,148.36305553555553,0.0,0.0,63.5841666666667
scenario_coarse,0.75,0.0,0.0,,0.0,0.0,0.0,-28.12053277636156,-1.0000007932831068e-08,26.793865140998378,1e-08,19.259287511969813,screened_water_cap_0.75,optimistic_site_selection,uniform_new_build,central,uniform_google_ai_2024,portfolio_mean,central,gentd26_hourly_service_demand.csv,gentd26_aligned_regional_hourly_cef.csv,capacity_scenarios.csv,energy_calibration_bounds.csv,trace_timestamp_anonymized,single_row_default,0.3,35.0,carbon,211.9472222222222,211.94722220222218,2e-08,0.9999999999056368,0.30000000002830896,56.92722900944693,71.15903626180867,19.259287511969813,65.46631336086396,0.0,0.0,0.0,,,1e-08,True,True,0,0,4.440892098500626e-16,0.0,0.0,0.0,1e-08,0.9475833333333334,0,0.0,554,3,0.0,0.0,148.36305553555553,0.0,0.0,63.5841666666667
scenario_coarse,1.0,0.0,0.0,,0.0,0.0,0.0,-28.12053277636156,-1.0000007932831068e-08,26.793865140998378,1e-08,19.259287511969813,screened_water_cap_1.00,optimistic_site_selection,uniform_new_build,central,uniform_google_ai_2024,portfolio_mean,central,gentd26_hourly_service_demand.csv,gentd26_aligned_regional_hourly_cef.csv,capacity_scenarios.csv,energy_calibration_bounds.csv,trace_timestamp_anonymized,single_row_default,0.3,35.0,carbon,211.9472222222222,211.94722220222218,2e-08,0.9999999999056368,0.30000000002830896,56.92722900944693,71.15903626180867,19.259287511969813,65.46631336086396,0.0,0.0,0.0,,,1e-08,True,True,0,0,4.440892098500626e-16,0.0,0.0,0.0,1e-08,0.9475833333333334,0,0.0,554,3,0.0,0.0,148.36305553555553,0.0,0.0,63.5841666666667
scenario_coarse,0.0,0.0,4.1894888431902455,0.0,4.1894888431902455,0.2667597232706278,1.005611879196966,-6.362976812113175e-09,-1.0000007932831068e-08,26.793865140998378,1e-08,26.527105416022863,screened_water_cap_0.00,optimistic_site_selection,uniform_new_build,central,uniform_google_ai_2024,portfolio_mean,central,gentd26_hourly_service_demand.csv,gentd26_aligned_regional_hourly_cef.csv,capacity_scenarios.csv,energy_calibration_bounds.csv,trace_timestamp_anonymized,single_row_default,0.5,15.0,carbon,211.9472222222222,211.94722220222218,2e-08,0.9999999999056368,0.0,56.92722900944693,71.15903626180867,26.79386513929349,65.46631336086396,0.0,0.0,0.0,,,1e-08,True,True,0,0,0.0,0.0,0.0,0.0,1e-08,0.4919444444444445,0,0.0,184,1,0.0,0.0,211.94722220222224,0.0,0.0,0.0
scenario_coarse,0.25,1.0473722107975614,4.1894888431902455,0.25,3.142116632392684,0.13513760668711328,0.509432162189416,-0.49123975804074016,-1.0000007932831068e-08,26.793865140998378,1e-08,26.527105416022863,screened_water_cap_0.25,optimistic_site_selection,uniform_new_build,central,uniform_google_ai_2024,portfolio_mean,central,gentd26_hourly_service_demand.csv,gentd26_aligned_regional_hourly_cef.csv,capacity_scenarios.csv,energy_calibration_bounds.csv,trace_timestamp_anonymized,single_row_default,0.5,15.0,carbon,211.9472222222222,211.94722220222218,2e-08,0.9999999999056368,0.015998643531738643,56.92722900944693,71.15903626180867,26.662243022709976,65.46631336086396,1.0473722107975614,0.015998643531738643,0.0,,,1e-08,True,True,0,1,0.0,0.0,0.0,0.0,1e-08,0.4919444444444445,0,0.0,189,1,0.0,0.0,208.55635414666668,3.390868055555555,0.0,0.0
scenario_coarse,0.5,2.0947444215951228,4.1894888431902455,0.4999999999999999,2.094744421595123,0.05307673392680812,0.20008490596470363,-0.7975071529405464,-1.0000007932831068e-08,26.793865140998378,1e-08,26.527105416022863,screened_water_cap_0.50,optimistic_site_selection,uniform_new_build,central,uniform_google_ai_2024,portfolio_mean,central,gentd26_hourly_service_demand.csv,gentd26_aligned_regional_hourly_cef.csv,capacity_scenarios.csv,energy_calibration_bounds.csv,trace_timestamp_anonymized,single_row_default,0.5,15.0,carbon,211.9472222222222,211.94722220222218,2e-08,0.9999999999056368,0.031997287063477285,56.92722900944693,71.15903626180867,26.58018214994967,65.46631336086396,2.0947444215951223,0.03199728706347728,0.0,,,1e-08,True,True,0,1,0.0,0.0,0.0,0.0,1e-08,0.4919444444444445,0,0.0,197,1,4.440892098500626e-16,0.0,205.1654860911111,6.78173611111111,0.0,0.0
scenario_coarse,0.75,3.142116632392684,4.1894888431902455,0.7500000000000002,1.0473722107975605,0.015544177651662494,0.05859733811091061,-0.9375860705496231,-9.999979511121637e-09,26.793865140998378,1e-08,26.527105416022863,screened_water_cap_0.75,optimistic_site_selection,uniform_new_build,central,uniform_google_ai_2024,portfolio_mean,central,gentd26_hourly_service_demand.csv,gentd26_aligned_regional_hourly_cef.csv,capacity_scenarios.csv,energy_calibration_bounds.csv,trace_timestamp_anonymized,single_row_default,0.5,15.0,carbon,211.9472222222222,211.9472222022222,2e-08,0.9999999999056369,0.04799593059521593,56.92722900944693,71.15903626180867,26.542649593674525,65.46631336086396,3.142116632392685,0.047995930595215945,0.0,,,1e-08,True,True,0,1,0.0,0.0,0.0,0.0,1e-08,0.4919444444444445,0,0.0,208,1,-8.881784197001252e-16,8.881784197001252e-16,201.77461803555553,10.172604166666666,0.0,0.0
scenario_coarse,1.0,4.1894888431902455,4.1894888431902455,1.0,0.0,0.0,0.0,-0.9956000135543541,-9.999979511121637e-09,26.793865140998378,1e-08,26.527105416022863,screened_water_cap_1.00,optimistic_site_selection,uniform_new_build,central,uniform_google_ai_2024,portfolio_mean,central,gentd26_hourly_service_demand.csv,gentd26_aligned_regional_hourly_cef.csv,capacity_scenarios.csv,energy_calibration_bounds.csv,trace_timestamp_anonymized,single_row_default,0.5,15.0,carbon,211.9472222222222,211.9472222022222,2e-08,0.9999999999056369,0.06399457412695457,56.92722900944693,71.15903626180867,26.527105416022863,65.46631336086396,4.1894888431902455,0.06399457412695457,0.0,,,1e-08,True,True,0,0,0.0,0.0,0.0,0.0,1e-08,0.4919444444444445,0,0.0,227,1,0.0,0.0,198.38374997999998,13.563472222222218,0.0,0.0
scenario_coarse,0.0,0.0,0.0,,0.0,0.0,0.0,-46.867554623027274,-1.0000007932831068e-08,26.793865140998378,1e-08,14.236235760420698,screened_water_cap_0.00,optimistic_site_selection,uniform_new_build,central,uniform_google_ai_2024,portfolio_mean,central,gentd26_hourly_service_demand.csv,gentd26_aligned_regional_hourly_cef.csv,capacity_scenarios.csv,energy_calibration_bounds.csv,trace_timestamp_anonymized,single_row_default,0.5,20.0,carbon,211.9472222222222,211.94722220222218,2e-08,0.9999999999056368,0.5000000000471817,56.92722900944693,71.15903626180867,14.236235760420698,65.46631336086396,0.0,0.0,0.0,,,1e-08,True,True,0,0,0.0,0.0,0.0,0.0,1e-08,0.24597222222222226,0,0.0,554,3,0.0,0.0,105.97361109111111,0.0,0.0,105.97361111111111
scenario_coarse,0.25,0.0,0.0,,0.0,0.0,0.0,-46.867554623027274,-1.0000007932831068e-08,26.793865140998378,1e-08,14.236235760420698,screened_water_cap_0.25,optimistic_site_selection,uniform_new_build,central,uniform_google_ai_2024,portfolio_mean,central,gentd26_hourly_service_demand.csv,gentd26_aligned_regional_hourly_cef.csv,capacity_scenarios.csv,energy_calibration_bounds.csv,trace_timestamp_anonymized,single_row_default,0.5,20.0,carbon,211.9472222222222,211.94722220222218,2e-08,0.9999999999056368,0.5000000000471817,56.92722900944693,71.15903626180867,14.236235760420698,65.46631336086396,0.0,0.0,0.0,,,1e-08,True,True,0,0,0.0,0.0,0.0,0.0,1e-08,0.24597222222222226,0,0.0,554,3,0.0,0.0,105.97361109111111,0.0,0.0,105.97361111111111
scenario_coarse,0.5,0.0,0.0,,0.0,0.0,0.0,-46.867554623027274,-1.0000007932831068e-08,26.793865140998378,1e-08,14.236235760420698,screened_water_cap_0.50,optimistic_site_selection,uniform_new_build,central,uniform_google_ai_2024,portfolio_mean,central,gentd26_hourly_service_demand.csv,gentd26_aligned_regional_hourly_cef.csv,capacity_scenarios.csv,energy_calibration_bounds.csv,trace_timestamp_anonymized,single_row_default,0.5,20.0,carbon,211.9472222222222,211.94722220222218,2e-08,0.9999999999056368,0.5000000000471817,56.92722900944693,71.15903626180867,14.236235760420698,65.46631336086396,0.0,0.0,0.0,,,1e-08,True,True,0,0,0.0,0.0,0.0,0.0,1e-08,0.24597222222222226,0,0.0,554,3,0.0,0.0,105.97361109111111,0.0,0.0,105.97361111111111
scenario_coarse,0.75,0.0,0.0,,0.0,0.0,0.0,-46.867554623027274,-1.0000007932831068e-08,26.793865140998378,1e-08,14.236235760420698,screened_water_cap_0.75,optimistic_site_selection,uniform_new_build,central,uniform_google_ai_2024,portfolio_mean,central,gentd26_hourly_service_demand.csv,gentd26_aligned_regional_hourly_cef.csv,capacity_scenarios.csv,energy_calibration_bounds.csv,trace_timestamp_anonymized,single_row_default,0.5,20.0,carbon,211.9472222222222,211.94722220222218,2e-08,0.9999999999056368,0.5000000000471817,56.92722900944693,71.15903626180867,14.236235760420698,65.46631336086396,0.0,0.0,0.0,,,1e-08,True,True,0,0,0.0,0.0,0.0,0.0,1e-08,0.24597222222222226,0,0.0,554,3,0.0,0.0,105.97361109111111,0.0,0.0,105.97361111111111
scenario_coarse,1.0,0.0,0.0,,0.0,0.0,0.0,-46.867554623027274,-1.0000007932831068e-08,26.793865140998378,1e-08,14.236235760420698,screened_water_cap_1.00,optimistic_site_selection,uniform_new_build,central,uniform_google_ai_2024,portfolio_mean,central,gentd26_hourly_service_demand.csv,gentd26_aligned_regional_hourly_cef.csv,capacity_scenarios.csv,energy_calibration_bounds.csv,trace_timestamp_anonymized,single_row_default,0.5,20.0,carbon,211.9472222222222,211.94722220222218,2e-08,0.9999999999056368,0.5000000000471817,56.92722900944693,71.15903626180867,14.236235760420698,65.46631336086396,0.0,0.0,0.0,,,1e-08,True,True,0,0,0.0,0.0,0.0,0.0,1e-08,0.24597222222222226,0,0.0,554,3,0.0,0.0,105.97361109111111,0.0,0.0,105.97361111111111
scenario_coarse,0.0,0.0,0.0,,0.0,0.0,0.0,-46.867554623027274,-1.0000007932831068e-08,26.793865140998378,1e-08,14.236235760420698,screened_water_cap_0.00,optimistic_site_selection,uniform_new_build,central,uniform_google_ai_2024,portfolio_mean,central,gentd26_hourly_service_demand.csv,gentd26_aligned_regional_hourly_cef.csv,capacity_scenarios.csv,energy_calibration_bounds.csv,trace_timestamp_anonymized,single_row_default,0.5,35.0,carbon,211.9472222222222,211.94722220222218,2e-08,0.9999999999056368,0.5000000000471817,56.92722900944693,71.15903626180867,14.236235760420698,65.46631336086396,0.0,0.0,0.0,,,1e-08,True,True,0,0,0.0,0.0,0.0,0.0,1e-08,0.24597222222222226,0,0.0,554,3,0.0,0.0,105.97361109111111,0.0,0.0,105.97361111111111
scenario_coarse,0.25,0.0,0.0,,0.0,0.0,0.0,-46.867554623027274,-1.0000007932831068e-08,26.793865140998378,1e-08,14.236235760420698,screened_water_cap_0.25,optimistic_site_selection,uniform_new_build,central,uniform_google_ai_2024,portfolio_mean,central,gentd26_hourly_service_demand.csv,gentd26_aligned_regional_hourly_cef.csv,capacity_scenarios.csv,energy_calibration_bounds.csv,trace_timestamp_anonymized,single_row_default,0.5,35.0,carbon,211.9472222222222,211.94722220222218,2e-08,0.9999999999056368,0.5000000000471817,56.92722900944693,71.15903626180867,14.236235760420698,65.46631336086396,0.0,0.0,0.0,,,1e-08,True,True,0,0,0.0,0.0,0.0,0.0,1e-08,0.24597222222222226,0,0.0,554,3,0.0,0.0,105.97361109111111,0.0,0.0,105.97361111111111
scenario_coarse,0.5,0.0,0.0,,0.0,0.0,0.0,-46.867554623027274,-1.0000007932831068e-08,26.793865140998378,1e-08,14.236235760420698,screened_water_cap_0.50,optimistic_site_selection,uniform_new_build,central,uniform_google_ai_2024,portfolio_mean,central,gentd26_hourly_service_demand.csv,gentd26_aligned_regional_hourly_cef.csv,capacity_scenarios.csv,energy_calibration_bounds.csv,trace_timestamp_anonymized,single_row_default,0.5,35.0,carbon,211.9472222222222,211.94722220222218,2e-08,0.9999999999056368,0.5000000000471817,56.92722900944693,71.15903626180867,14.236235760420698,65.46631336086396,0.0,0.0,0.0,,,1e-08,True,True,0,0,0.0,0.0,0.0,0.0,1e-08,0.24597222222222226,0,0.0,554,3,0.0,0.0,105.97361109111111,0.0,0.0,105.97361111111111
scenario_coarse,0.75,0.0,0.0,,0.0,0.0,0.0,-46.867554623027274,-1.0000007932831068e-08,26.793865140998378,1e-08,14.236235760420698,screened_water_cap_0.75,optimistic_site_selection,uniform_new_build,central,uniform_google_ai_2024,portfolio_mean,central,gentd26_hourly_service_demand.csv,gentd26_aligned_regional_hourly_cef.csv,capacity_scenarios.csv,energy_calibration_bounds.csv,trace_timestamp_anonymized,single_row_default,0.5,35.0,carbon,211.9472222222222,211.94722220222218,2e-08,0.9999999999056368,0.5000000000471817,56.92722900944693,71.15903626180867,14.236235760420698,65.46631336086396,0.0,0.0,0.0,,,1e-08,True,True,0,0,0.0,0.0,0.0,0.0,1e-08,0.24597222222222226,0,0.0,554,3,0.0,0.0,105.97361109111111,0.0,0.0,105.97361111111111
scenario_coarse,1.0,0.0,0.0,,0.0,0.0,0.0,-46.867554623027274,-1.0000007932831068e-08,26.793865140998378,1e-08,14.236235760420698,screened_water_cap_1.00,optimistic_site_selection,uniform_new_build,central,uniform_google_ai_2024,portfolio_mean,central,gentd26_hourly_service_demand.csv,gentd26_aligned_regional_hourly_cef.csv,capacity_scenarios.csv,energy_calibration_bounds.csv,trace_timestamp_anonymized,single_row_default,0.5,35.0,carbon,211.9472222222222,211.94722220222218,2e-08,0.9999999999056368,0.5000000000471817,56.92722900944693,71.15903626180867,14.236235760420698,65.46631336086396,0.0,0.0,0.0,,,1e-08,True,True,0,0,0.0,0.0,0.0,0.0,1e-08,0.24597222222222226,0,0.0,554,3,0.0,0.0,105.97361109111111,0.0,0.0,105.97361111111111
scenario_coarse,0.0,0.0,1.2568466529570737,0.0,1.2568466529570737,0.08002791698119083,0.29957477211228767,-6.362976812113175e-09,-1.0000007932831068e-08,26.793865140998378,1e-08,26.7138372223123,screened_water_cap_0.00,optimistic_site_selection,uniform_new_build,ample,uniform_google_ai_2024,portfolio_mean,central,gentd26_hourly_service_demand.csv,gentd26_aligned_regional_hourly_cef.csv,capacity_scenarios.csv,energy_calibration_bounds.csv,trace_timestamp_anonymized,single_row_default,0.15,15.0,carbon,211.9472222222222,211.94722220222218,2e-08,0.9999999999056368,0.0,56.92722900944693,71.15903626180867,26.79386513929349,65.46631336086396,0.0,0.0,0.0,,,1e-08,True,True,0,0,0.0,0.0,0.0,0.0,1e-08,1.4919444444444445,0,0.0,184,1,0.0,0.0,211.94722220222224,0.0,0.0,0.0
scenario_coarse,0.25,0.3142116632392684,1.2568466529570737,0.25,0.9426349897178052,0.04054128200613505,0.1517613574895771,-0.1473719318663136,-1.0000007932831068e-08,26.793865140998378,1e-08,26.7138372223123,screened_water_cap_0.25,optimistic_site_selection,uniform_new_build,ample,uniform_google_ai_2024,portfolio_mean,central,gentd26_hourly_service_demand.csv,gentd26_aligned_regional_hourly_cef.csv,capacity_scenarios.csv,energy_calibration_bounds.csv,trace_timestamp_anonymized,single_row_default,0.15,15.0,carbon,211.9472222222222,211.94722220222218,2e-08,0.9999999999056368,0.004799593059521595,56.92722900944693,71.15903626180867,26.754378504318435,65.46631336086396,0.3142116632392684,0.004799593059521593,0.0,,,1e-08,True,True,0,1,2.220446049250313e-16,0.0,0.0,0.0,1e-08,1.4919444444444445,0,0.0,189,1,0.0,0.0,210.92996178555558,1.0172604166666668,0.0,0.0
scenario_coarse,0.5,0.6284233264785368,1.2568466529570737,0.5000000000000001,0.6284233264785367,0.015923020178043146,0.05960588905866704,-0.23925215033625546,-1.0000007932831068e-08,26.793865140998378,1e-08,26.7138372223123,screened_water_cap_0.50,optimistic_site_selection,uniform_new_build,ample,uniform_google_ai_2024,portfolio_mean,central,gentd26_hourly_service_demand.csv,gentd26_aligned_regional_hourly_cef.csv,capacity_scenarios.csv,energy_calibration_bounds.csv,trace_timestamp_anonymized,single_row_default,0.15,15.0,carbon,211.9472222222222,211.94722220222218,2e-08,0.9999999999056368,0.00959918611904319,56.92722900944693,71.15903626180867,26.729760242490343,65.46631336086396,0.6284233264785369,0.009599186119043188,0.0,,,1e-08,True,True,0,1,2.220446049250313e-16,0.0,0.0,0.0,1e-08,1.4919444444444445,0,0.0,197,1,-1.1102230246251565e-16,1.1102230246251565e-16,209.9127013688889,2.0345208333333336,0.0,0.0
scenario_coarse,0.75,0.9426349897178052,1.2568466529570737,0.75,0.3142116632392684,0.00466325329550088,0.017456321443809486,-0.28127582561897624,-1.0000007932831068e-08,26.793865140998378,1e-08,26.7138372223123,screened_water_cap_0.75,optimistic_site_selection,uniform_new_build,ample,uniform_google_ai_2024,portfolio_mean,central,gentd26_hourly_service_demand.csv,gentd26_aligned_regional_hourly_cef.csv,capacity_scenarios.csv,energy_calibration_bounds.csv,trace_timestamp_anonymized,single_row_default,0.15,15.0,carbon,211.9472222222222,211.94722220222218,2e-08,0.9999999999056368,0.01439877917856478,56.92722900944693,71.15903626180867,26.7185004756078,65.46631336086396,0.9426349897178052,0.01439877917856478,0.0,,,1e-08,True,True,0,1,2.220446049250313e-16,0.0,0.0,0.0,1e-08,1.4919444444444445,0,0.0,208,1,0.0,0.0,208.8954409522222,3.05178125,0.0,0.0
scenario_coarse,1.0,1.2568466529570737,1.2568466529570737,1.0,0.0,0.0,0.0,-0.2986800085204022,-1.0000007932831068e-08,26.793865140998378,1e-08,26.7138372223123,screened_water_cap_1.00,optimistic_site_selection,uniform_new_build,ample,uniform_google_ai_2024,portfolio_mean,central,gentd26_hourly_service_demand.csv,gentd26_aligned_regional_hourly_cef.csv,capacity_scenarios.csv,energy_calibration_bounds.csv,trace_timestamp_anonymized,single_row_default,0.15,15.0,carbon,211.9472222222222,211.94722220222218,2e-08,0.9999999999056368,0.01919837223808638,56.92722900944693,71.15903626180867,26.7138372223123,65.46631336086396,1.2568466529570737,0.019198372238086372,0.0,,,1e-08,True,True,0,0,2.220446049250313e-16,0.0,0.0,0.0,1e-08,1.4919444444444445,0,0.0,227,1,0.0,0.0,207.87818053555552,4.069041666666666,0.0,0.0
scenario_coarse,0.0,0.0,0.0,,0.0,0.0,0.0,-14.060266391362275,-9.999979511121637e-09,26.793865140998378,1e-08,23.026576325631652,screened_water_cap_0.00,optimistic_site_selection,uniform_new_build,ample,uniform_google_ai_2024,portfolio_mean,central,gentd26_hourly_service_demand.csv,gentd26_aligned_regional_hourly_cef.csv,capacity_scenarios.csv,energy_calibration_bounds.csv,trace_timestamp_anonymized,single_row_default,0.15,20.0,carbon,211.9472222222222,211.9472222022222,2e-08,0.9999999999056369,0.15000000001415448,56.92722900944694,71.15903626180867,23.026576325631652,65.46631336086396,0.0,0.0,0.0,,,1e-08,True,True,0,0,4.440892098500626e-16,0.0,0.0,0.0,1e-08,2.018152777777778,0,0.0,554,3,0.0,0.0,180.1551388688889,0.0,0.0,31.79208333333335
scenario_coarse,0.25,0.0,0.0,,0.0,0.0,0.0,-14.060266391362275,-9.999979511121637e-09,26.793865140998378,1e-08,23.026576325631652,screened_water_cap_0.25,optimistic_site_selection,uniform_new_build,ample,uniform_google_ai_2024,portfolio_mean,central,gentd26_hourly_service_demand.csv,gentd26_aligned_regional_hourly_cef.csv,capacity_scenarios.csv,energy_calibration_bounds.csv,trace_timestamp_anonymized,single_row_default,0.15,20.0,carbon,211.9472222222222,211.9472222022222,2e-08,0.9999999999056369,0.15000000001415448,56.92722900944694,71.15903626180867,23.026576325631652,65.46631336086396,0.0,0.0,0.0,,,1e-08,True,True,0,0,4.440892098500626e-16,0.0,0.0,0.0,1e-08,2.018152777777778,0,0.0,554,3,0.0,0.0,180.1551388688889,0.0,0.0,31.79208333333335
scenario_coarse,0.5,0.0,0.0,,0.0,0.0,0.0,-14.060266391362275,-9.999979511121637e-09,26.793865140998378,1e-08,23.026576325631652,screened_water_cap_0.50,optimistic_site_selection,uniform_new_build,ample,uniform_google_ai_2024,portfolio_mean,central,gentd26_hourly_service_demand.csv,gentd26_aligned_regional_hourly_cef.csv,capacity_scenarios.csv,energy_calibration_bounds.csv,trace_timestamp_anonymized,single_row_default,0.15,20.0,carbon,211.9472222222222,211.9472222022222,2e-08,0.9999999999056369,0.15000000001415448,56.92722900944694,71.15903626180867,23.026576325631652,65.46631336086396,0.0,0.0,0.0,,,1e-08,True,True,0,0,4.440892098500626e-16,0.0,0.0,0.0,1e-08,2.018152777777778,0,0.0,554,3,0.0,0.0,180.1551388688889,0.0,0.0,31.79208333333335
scenario_coarse,0.75,0.0,0.0,,0.0,0.0,0.0,-14.060266391362275,-9.999979511121637e-09,26.793865140998378,1e-08,23.026576325631652,screened_water_cap_0.75,optimistic_site_selection,uniform_new_build,ample,uniform_google_ai_2024,portfolio_mean,central,gentd26_hourly_service_demand.csv,gentd26_aligned_regional_hourly_cef.csv,capacity_scenarios.csv,energy_calibration_bounds.csv,trace_timestamp_anonymized,single_row_default,0.15,20.0,carbon,211.9472222222222,211.9472222022222,2e-08,0.9999999999056369,0.15000000001415448,56.92722900944694,71.15903626180867,23.026576325631652,65.46631336086396,0.0,0.0,0.0,,,1e-08,True,True,0,0,4.440892098500626e-16,0.0,0.0,0.0,1e-08,2.018152777777778,0,0.0,554,3,0.0,0.0,180.1551388688889,0.0,0.0,31.79208333333335
scenario_coarse,1.0,0.0,0.0,,0.0,0.0,0.0,-14.060266391362275,-9.999979511121637e-09,26.793865140998378,1e-08,23.026576325631652,screened_water_cap_1.00,optimistic_site_selection,uniform_new_build,ample,uniform_google_ai_2024,portfolio_mean,central,gentd26_hourly_service_demand.csv,gentd26_aligned_regional_hourly_cef.csv,capacity_scenarios.csv,energy_calibration_bounds.csv,trace_timestamp_anonymized,single_row_default,0.15,20.0,carbon,211.9472222222222,211.9472222022222,2e-08,0.9999999999056369,0.15000000001415448,56.92722900944694,71.15903626180867,23.026576325631652,65.46631336086396,0.0,0.0,0.0,,,1e-08,True,True,0,0,4.440892098500626e-16,0.0,0.0,0.0,1e-08,2.018152777777778,0,0.0,554,3,0.0,0.0,180.1551388688889,0.0,0.0,31.79208333333335
scenario_coarse,0.0,0.0,0.0,,0.0,0.0,0.0,-14.060266391362275,-9.999979511121637e-09,26.793865140998378,1e-08,23.026576325631652,screened_water_cap_0.00,optimistic_site_selection,uniform_new_build,ample,uniform_google_ai_2024,portfolio_mean,central,gentd26_hourly_service_demand.csv,gentd26_aligned_regional_hourly_cef.csv,capacity_scenarios.csv,energy_calibration_bounds.csv,trace_timestamp_anonymized,single_row_default,0.15,35.0,carbon,211.9472222222222,211.9472222022222,2e-08,0.9999999999056369,0.15000000001415448,56.92722900944694,71.15903626180867,23.026576325631652,65.46631336086396,0.0,0.0,0.0,,,1e-08,True,True,0,0,4.440892098500626e-16,0.0,0.0,0.0,1e-08,2.018152777777778,0,0.0,554,3,0.0,0.0,180.1551388688889,0.0,0.0,31.79208333333335
scenario_coarse,0.25,0.0,0.0,,0.0,0.0,0.0,-14.060266391362275,-9.999979511121637e-09,26.793865140998378,1e-08,23.026576325631652,screened_water_cap_0.25,optimistic_site_selection,uniform_new_build,ample,uniform_google_ai_2024,portfolio_mean,central,gentd26_hourly_service_demand.csv,gentd26_aligned_regional_hourly_cef.csv,capacity_scenarios.csv,energy_calibration_bounds.csv,trace_timestamp_anonymized,single_row_default,0.15,35.0,carbon,211.9472222222222,211.9472222022222,2e-08,0.9999999999056369,0.15000000001415448,56.92722900944694,71.15903626180867,23.026576325631652,65.46631336086396,0.0,0.0,0.0,,,1e-08,True,True,0,0,4.440892098500626e-16,0.0,0.0,0.0,1e-08,2.018152777777778,0,0.0,554,3,0.0,0.0,180.1551388688889,0.0,0.0,31.79208333333335
scenario_coarse,0.5,0.0,0.0,,0.0,0.0,0.0,-14.060266391362275,-9.999979511121637e-09,26.793865140998378,1e-08,23.026576325631652,screened_water_cap_0.50,optimistic_site_selection,uniform_new_build,ample,uniform_google_ai_2024,portfolio_mean,central,gentd26_hourly_service_demand.csv,gentd26_aligned_regional_hourly_cef.csv,capacity_scenarios.csv,energy_calibration_bounds.csv,trace_timestamp_anonymized,single_row_default,0.15,35.0,carbon,211.9472222222222,211.9472222022222,2e-08,0.9999999999056369,0.15000000001415448,56.92722900944694,71.15903626180867,23.026576325631652,65.46631336086396,0.0,0.0,0.0,,,1e-08,True,True,0,0,4.440892098500626e-16,0.0,0.0,0.0,1e-08,2.018152777777778,0,0.0,554,3,0.0,0.0,180.1551388688889,0.0,0.0,31.79208333333335
scenario_coarse,0.75,0.0,0.0,,0.0,0.0,0.0,-14.060266391362275,-9.999979511121637e-09,26.793865140998378,1e-08,23.026576325631652,screened_water_cap_0.75,optimistic_site_selection,uniform_new_build,ample,uniform_google_ai_2024,portfolio_mean,central,gentd26_hourly_service_demand.csv,gentd26_aligned_regional_hourly_cef.csv,capacity_scenarios.csv,energy_calibration_bounds.csv,trace_timestamp_anonymized,single_row_default,0.15,35.0,carbon,211.9472222222222,211.9472222022222,2e-08,0.9999999999056369,0.15000000001415448,56.92722900944694,71.15903626180867,23.026576325631652,65.46631336086396,0.0,0.0,0.0,,,1e-08,True,True,0,0,4.440892098500626e-16,0.0,0.0,0.0,1e-08,2.018152777777778,0,0.0,554,3,0.0,0.0,180.1551388688889,0.0,0.0,31.79208333333335
scenario_coarse,1.0,0.0,0.0,,0.0,0.0,0.0,-14.060266391362275,-9.999979511121637e-09,26.793865140998378,1e-08,23.026576325631652,screened_water_cap_1.00,optimistic_site_selection,uniform_new_build,ample,uniform_google_ai_2024,portfolio_mean,central,gentd26_hourly_service_demand.csv,gentd26_aligned_regional_hourly_cef.csv,capacity_scenarios.csv,energy_calibration_bounds.csv,trace_timestamp_anonymized,single_row_default,0.15,35.0,carbon,211.9472222222222,211.9472222022222,2e-08,0.9999999999056369,0.15000000001415448,56.92722900944694,71.15903626180867,23.026576325631652,65.46631336086396,0.0,0.0,0.0,,,1e-08,True,True,0,0,4.440892098500626e-16,0.0,0.0,0.0,1e-08,2.018152777777778,0,0.0,554,3,0.0,0.0,180.1551388688889,0.0,0.0,31.79208333333335
scenario_coarse,0.0,0.0,2.5136933059141473,0.0,2.5136933059141473,0.1600558339623781,0.6009498383332756,-6.362976812113175e-09,-1.0000007932831068e-08,26.793865140998378,1e-08,26.633809305331113,screened_water_cap_0.00,optimistic_site_selection,uniform_new_build,ample,uniform_google_ai_2024,portfolio_mean,central,gentd26_hourly_service_demand.csv,gentd26_aligned_regional_hourly_cef.csv,capacity_scenarios.csv,energy_calibration_bounds.csv,trace_timestamp_anonymized,single_row_default,0.3,15.0,carbon,211.9472222222222,211.94722220222218,2e-08,0.9999999999056368,0.0,56.92722900944693,71.15903626180867,26.79386513929349,65.46631336086396,0.0,0.0,0.0,,,1e-08,True,True,0,0,0.0,0.0,0.0,0.0,1e-08,1.4919444444444445,0,0.0,184,1,0.0,0.0,211.94722220222224,0.0,0.0,0.0
scenario_coarse,0.25,0.6284233264785368,2.5136933059141473,0.25,1.8852699794356105,0.0810825640122701,0.30443472461163523,-0.29474385736962816,-1.0000007932831068e-08,26.793865140998378,1e-08,26.633809305331113,screened_water_cap_0.25,optimistic_site_selection,uniform_new_build,ample,uniform_google_ai_2024,portfolio_mean,central,gentd26_hourly_service_demand.csv,gentd26_aligned_regional_hourly_cef.csv,capacity_scenarios.csv,energy_calibration_bounds.csv,trace_timestamp_anonymized,single_row_default,0.3,15.0,carbon,211.9472222222222,211.94722220222218,2e-08,0.9999999999056368,0.00959918611904319,56.92722900944693,71.15903626180867,26.714891869343383,65.46631336086396,0.6284233264785368,0.009599186119043186,0.0,,,1e-08,True,True,0,1,1.1102230246251565e-16,0.0,0.0,0.0,1e-08,1.4919444444444445,0,0.0,189,1,0.0,0.0,209.9127013688889,2.0345208333333336,0.0,0.0
scenario_coarse,0.5,1.2568466529570737,2.5136933059141473,0.5000000000000001,1.2568466529570734,0.03184604035608629,0.11956997961126703,-0.478504294309523,-1.0000007932831068e-08,26.793865140998378,1e-08,26.633809305331113,screened_water_cap_0.50,optimistic_site_selection,uniform_new_build,ample,uniform_google_ai_2024,portfolio_mean,central,gentd26_hourly_service_demand.csv,gentd26_aligned_regional_hourly_cef.csv,capacity_scenarios.csv,energy_calibration_bounds.csv,trace_timestamp_anonymized,single_row_default,0.3,15.0,carbon,211.9472222222222,211.94722220222218,2e-08,0.9999999999056368,0.01919837223808638,56.92722900944693,71.15903626180867,26.6656553456872,65.46631336086396,1.2568466529570739,0.019198372238086375,0.0,,,1e-08,True,True,0,1,1.1102230246251565e-16,0.0,0.0,0.0,1e-08,1.4919444444444445,0,0.0,197,1,-2.220446049250313e-16,2.220446049250313e-16,207.87818053555554,4.069041666666667,0.0,0.0
scenario_coarse,0.75,1.8852699794356105,2.5136933059141473,0.75,0.6284233264785368,0.009326506590994654,0.03501754662307288,-0.5625516448749757,-1.0000007932831068e-08,26.793865140998378,1e-08,26.633809305331113,screened_water_cap_0.75,optimistic_site_selection,uniform_new_build,ample,uniform_google_ai_2024,portfolio_mean,central,gentd26_hourly_service_demand.csv,gentd26_aligned_regional_hourly_cef.csv,capacity_scenarios.csv,energy_calibration_bounds.csv,trace_timestamp_anonymized,single_row_default,0.3,15.0,carbon,211.9472222222222,211.94722220222218,2e-08,0.9999999999056368,0.02879755835712956,56.92722900944694,71.15903626180868,26.643135811922107,65.46631336086396,1.8852699794356105,0.02879755835712956,0.0,,,1e-08,True,True,0,1,2.220446049250313e-16,0.0,0.0,0.0,1e-08,1.4919444444444445,0,0.0,208,1,0.0,0.0,205.84365970222223,6.1035625,0.0,0.0
scenario_coarse,1.0,2.5136933059141473,2.5136933059141473,1.0,0.0,0.0,0.0,-0.5973600106778054,-9.999979511121637e-09,26.793865140998378,1e-08,26.633809305331113,screened_water_cap_1.00,optimistic_site_selection,uniform_new_build,ample,uniform_google_ai_2024,portfolio_mean,central,gentd26_hourly_service_demand.csv,gentd26_aligned_regional_hourly_cef.csv,capacity_scenarios.csv,energy_calibration_bounds.csv,trace_timestamp_anonymized,single_row_default,0.3,15.0,carbon,211.9472222222222,211.9472222022222,2e-08,0.9999999999056369,0.03839674447617275,56.92722900944694,71.15903626180868,26.633809305331113,65.46631336086396,2.5136933059141473,0.038396744476172744,0.0,,,1e-08,True,True,0,0,2.220446049250313e-16,0.0,0.0,0.0,1e-08,1.4919444444444445,0,0.0,227,1,0.0,0.0,203.80913886888888,8.138083333333332,0.0,0.0
scenario_coarse,0.0,0.0,0.0,,0.0,0.0,0.0,-28.12053277636156,-1.0000007932831068e-08,26.793865140998378,1e-08,19.259287511969813,screened_water_cap_0.00,optimistic_site_selection,uniform_new_build,ample,uniform_google_ai_2024,portfolio_mean,central,gentd26_hourly_service_demand.csv,gentd26_aligned_regional_hourly_cef.csv,capacity_scenarios.csv,energy_calibration_bounds.csv,trace_timestamp_anonymized,single_row_default,0.3,20.0,carbon,211.9472222222222,211.94722220222218,2e-08,0.9999999999056368,0.30000000002830896,56.92722900944693,71.15903626180867,19.259287511969813,65.46631336086396,0.0,0.0,0.0,,,1e-08,True,True,0,0,4.440892098500626e-16,0.0,0.0,0.0,1e-08,1.9475833333333334,0,0.0,554,3,0.0,0.0,148.36305553555553,0.0,0.0,63.5841666666667
scenario_coarse,0.25,0.0,0.0,,0.0,0.0,0.0,-28.12053277636156,-1.0000007932831068e-08,26.793865140998378,1e-08,19.259287511969813,screened_water_cap_0.25,optimistic_site_selection,uniform_new_build,ample,uniform_google_ai_2024,portfolio_mean,central,gentd26_hourly_service_demand.csv,gentd26_aligned_regional_hourly_cef.csv,capacity_scenarios.csv,energy_calibration_bounds.csv,trace_timestamp_anonymized,single_row_default,0.3,20.0,carbon,211.9472222222222,211.94722220222218,2e-08,0.9999999999056368,0.30000000002830896,56.92722900944693,71.15903626180867,19.259287511969813,65.46631336086396,0.0,0.0,0.0,,,1e-08,True,True,0,0,4.440892098500626e-16,0.0,0.0,0.0,1e-08,1.9475833333333334,0,0.0,554,3,0.0,0.0,148.36305553555553,0.0,0.0,63.5841666666667
scenario_coarse,0.5,0.0,0.0,,0.0,0.0,0.0,-28.12053277636156,-1.0000007932831068e-08,26.793865140998378,1e-08,19.259287511969813,screened_water_cap_0.50,optimistic_site_selection,uniform_new_build,ample,uniform_google_ai_2024,portfolio_mean,central,gentd26_hourly_service_demand.csv,gentd26_aligned_regional_hourly_cef.csv,capacity_scenarios.csv,energy_calibration_bounds.csv,trace_timestamp_anonymized,single_row_default,0.3,20.0,carbon,211.9472222222222,211.94722220222218,2e-08,0.9999999999056368,0.30000000002830896,56.92722900944693,71.15903626180867,19.259287511969813,65.46631336086396,0.0,0.0,0.0,,,1e-08,True,True,0,0,4.440892098500626e-16,0.0,0.0,0.0,1e-08,1.9475833333333334,0,0.0,554,3,0.0,0.0,148.36305553555553,0.0,0.0,63.5841666666667
scenario_coarse,0.75,0.0,0.0,,0.0,0.0,0.0,-28.12053277636156,-1.0000007932831068e-08,26.793865140998378,1e-08,19.259287511969813,screened_water_cap_0.75,optimistic_site_selection,uniform_new_build,ample,uniform_google_ai_2024,portfolio_mean,central,gentd26_hourly_service_demand.csv,gentd26_aligned_regional_hourly_cef.csv,capacity_scenarios.csv,energy_calibration_bounds.csv,trace_timestamp_anonymized,single_row_default,0.3,20.0,carbon,211.9472222222222,211.94722220222218,2e-08,0.9999999999056368,0.30000000002830896,56.92722900944693,71.15903626180867,19.259287511969813,65.46631336086396,0.0,0.0,0.0,,,1e-08,True,True,0,0,4.440892098500626e-16,0.0,0.0,0.0,1e-08,1.9475833333333334,0,0.0,554,3,0.0,0.0,148.36305553555553,0.0,0.0,63.5841666666667
scenario_coarse,1.0,0.0,0.0,,0.0,0.0,0.0,-28.12053277636156,-1.0000007932831068e-08,26.793865140998378,1e-08,19.259287511969813,screened_water_cap_1.00,optimistic_site_selection,uniform_new_build,ample,uniform_google_ai_2024,portfolio_mean,central,gentd26_hourly_service_demand.csv,gentd26_aligned_regional_hourly_cef.csv,capacity_scenarios.csv,energy_calibration_bounds.csv,trace_timestamp_anonymized,single_row_default,0.3,20.0,carbon,211.9472222222222,211.94722220222218,2e-08,0.9999999999056368,0.30000000002830896,56.92722900944693,71.15903626180867,19.259287511969813,65.46631336086396,0.0,0.0,0.0,,,1e-08,True,True,0,0,4.440892098500626e-16,0.0,0.0,0.0,1e-08,1.9475833333333334,0,0.0,554,3,0.0,0.0,148.36305553555553,0.0,0.0,63.5841666666667
scenario_coarse,0.0,0.0,0.0,,0.0,0.0,0.0,-28.12053277636156,-1.0000007932831068e-08,26.793865140998378,1e-08,19.259287511969813,screened_water_cap_0.00,optimistic_site_selection,uniform_new_build,ample,uniform_google_ai_2024,portfolio_mean,central,gentd26_hourly_service_demand.csv,gentd26_aligned_regional_hourly_cef.csv,capacity_scenarios.csv,energy_calibration_bounds.csv,trace_timestamp_anonymized,single_row_default,0.3,35.0,carbon,211.9472222222222,211.94722220222218,2e-08,0.9999999999056368,0.30000000002830896,56.92722900944693,71.15903626180867,19.259287511969813,65.46631336086396,0.0,0.0,0.0,,,1e-08,True,True,0,0,4.440892098500626e-16,0.0,0.0,0.0,1e-08,1.9475833333333334,0,0.0,554,3,0.0,0.0,148.36305553555553,0.0,0.0,63.5841666666667
scenario_coarse,0.25,0.0,0.0,,0.0,0.0,0.0,-28.12053277636156,-1.0000007932831068e-08,26.793865140998378,1e-08,19.259287511969813,screened_water_cap_0.25,optimistic_site_selection,uniform_new_build,ample,uniform_google_ai_2024,portfolio_mean,central,gentd26_hourly_service_demand.csv,gentd26_aligned_regional_hourly_cef.csv,capacity_scenarios.csv,energy_calibration_bounds.csv,trace_timestamp_anonymized,single_row_default,0.3,35.0,carbon,211.9472222222222,211.94722220222218,2e-08,0.9999999999056368,0.30000000002830896,56.92722900944693,71.15903626180867,19.259287511969813,65.46631336086396,0.0,0.0,0.0,,,1e-08,True,True,0,0,4.440892098500626e-16,0.0,0.0,0.0,1e-08,1.9475833333333334,0,0.0,554,3,0.0,0.0,148.36305553555553,0.0,0.0,63.5841666666667
scenario_coarse,0.5,0.0,0.0,,0.0,0.0,0.0,-28.12053277636156,-1.0000007932831068e-08,26.793865140998378,1e-08,19.259287511969813,screened_water_cap_0.50,optimistic_site_selection,uniform_new_build,ample,uniform_google_ai_2024,portfolio_mean,central,gentd26_hourly_service_demand.csv,gentd26_aligned_regional_hourly_cef.csv,capacity_scenarios.csv,energy_calibration_bounds.csv,trace_timestamp_anonymized,single_row_default,0.3,35.0,carbon,211.9472222222222,211.94722220222218,2e-08,0.9999999999056368,0.30000000002830896,56.92722900944693,71.15903626180867,19.259287511969813,65.46631336086396,0.0,0.0,0.0,,,1e-08,True,True,0,0,4.440892098500626e-16,0.0,0.0,0.0,1e-08,1.9475833333333334,0,0.0,554,3,0.0,0.0,148.36305553555553,0.0,0.0,63.5841666666667
scenario_coarse,0.75,0.0,0.0,,0.0,0.0,0.0,-28.12053277636156,-1.0000007932831068e-08,26.793865140998378,1e-08,19.259287511969813,screened_water_cap_0.75,optimistic_site_selection,uniform_new_build,ample,uniform_google_ai_2024,portfolio_mean,central,gentd26_hourly_service_demand.csv,gentd26_aligned_regional_hourly_cef.csv,capacity_scenarios.csv,energy_calibration_bounds.csv,trace_timestamp_anonymized,single_row_default,0.3,35.0,carbon,211.9472222222222,211.94722220222218,2e-08,0.9999999999056368,0.30000000002830896,56.92722900944693,71.15903626180867,19.259287511969813,65.46631336086396,0.0,0.0,0.0,,,1e-08,True,True,0,0,4.440892098500626e-16,0.0,0.0,0.0,1e-08,1.9475833333333334,0,0.0,554,3,0.0,0.0,148.36305553555553,0.0,0.0,63.5841666666667
scenario_coarse,1.0,0.0,0.0,,0.0,0.0,0.0,-28.12053277636156,-1.0000007932831068e-08,26.793865140998378,1e-08,19.259287511969813,screened_water_cap_1.00,optimistic_site_selection,uniform_new_build,ample,uniform_google_ai_2024,portfolio_mean,central,gentd26_hourly_service_demand.csv,gentd26_aligned_regional_hourly_cef.csv,capacity_scenarios.csv,energy_calibration_bounds.csv,trace_timestamp_anonymized,single_row_default,0.3,35.0,carbon,211.9472222222222,211.94722220222218,2e-08,0.9999999999056368,0.30000000002830896,56.92722900944693,71.15903626180867,19.259287511969813,65.46631336086396,0.0,0.0,0.0,,,1e-08,True,True,0,0,4.440892098500626e-16,0.0,0.0,0.0,1e-08,1.9475833333333334,0,0.0,554,3,0.0,0.0,148.36305553555553,0.0,0.0,63.5841666666667
scenario_coarse,0.0,0.0,4.1894888431902455,0.0,4.1894888431902455,0.2667597232706278,1.005611879196966,-6.362976812113175e-09,-1.0000007932831068e-08,26.793865140998378,1e-08,26.527105416022863,screened_water_cap_0.00,optimistic_site_selection,uniform_new_build,ample,uniform_google_ai_2024,portfolio_mean,central,gentd26_hourly_service_demand.csv,gentd26_aligned_regional_hourly_cef.csv,capacity_scenarios.csv,energy_calibration_bounds.csv,trace_timestamp_anonymized,single_row_default,0.5,15.0,carbon,211.9472222222222,211.94722220222218,2e-08,0.9999999999056368,0.0,56.92722900944693,71.15903626180867,26.79386513929349,65.46631336086396,0.0,0.0,0.0,,,1e-08,True,True,0,0,0.0,0.0,0.0,0.0,1e-08,1.4919444444444445,0,0.0,184,1,0.0,0.0,211.94722220222224,0.0,0.0,0.0
scenario_coarse,0.25,1.0473722107975614,4.1894888431902455,0.25,3.142116632392684,0.13513760668711328,0.509432162189416,-0.49123975804074016,-1.0000007932831068e-08,26.793865140998378,1e-08,26.527105416022863,screened_water_cap_0.25,optimistic_site_selection,uniform_new_build,ample,uniform_google_ai_2024,portfolio_mean,central,gentd26_hourly_service_demand.csv,gentd26_aligned_regional_hourly_cef.csv,capacity_scenarios.csv,energy_calibration_bounds.csv,trace_timestamp_anonymized,single_row_default,0.5,15.0,carbon,211.9472222222222,211.94722220222218,2e-08,0.9999999999056368,0.015998643531738643,56.92722900944693,71.15903626180867,26.662243022709976,65.46631336086396,1.0473722107975614,0.015998643531738643,0.0,,,1e-08,True,True,0,1,0.0,0.0,0.0,0.0,1e-08,1.4919444444444445,0,0.0,189,1,0.0,0.0,208.55635414666668,3.390868055555555,0.0,0.0
scenario_coarse,0.5,2.0947444215951228,4.1894888431902455,0.4999999999999999,2.094744421595123,0.05307673392680812,0.20008490596470363,-0.7975071529405464,-1.0000007932831068e-08,26.793865140998378,1e-08,26.527105416022863,screened_water_cap_0.50,optimistic_site_selection,uniform_new_build,ample,uniform_google_ai_2024,portfolio_mean,central,gentd26_hourly_service_demand.csv,gentd26_aligned_regional_hourly_cef.csv,capacity_scenarios.csv,energy_calibration_bounds.csv,trace_timestamp_anonymized,single_row_default,0.5,15.0,carbon,211.9472222222222,211.94722220222218,2e-08,0.9999999999056368,0.031997287063477285,56.92722900944693,71.15903626180867,26.58018214994967,65.46631336086396,2.0947444215951223,0.03199728706347728,0.0,,,1e-08,True,True,0,1,0.0,0.0,0.0,0.0,1e-08,1.4919444444444445,0,0.0,197,1,4.440892098500626e-16,0.0,205.1654860911111,6.78173611111111,0.0,0.0
scenario_coarse,0.75,3.142116632392684,4.1894888431902455,0.7500000000000002,1.0473722107975605,0.015544177651662494,0.05859733811091061,-0.9375860705496231,-9.999979511121637e-09,26.793865140998378,1e-08,26.527105416022863,screened_water_cap_0.75,optimistic_site_selection,uniform_new_build,ample,uniform_google_ai_2024,portfolio_mean,central,gentd26_hourly_service_demand.csv,gentd26_aligned_regional_hourly_cef.csv,capacity_scenarios.csv,energy_calibration_bounds.csv,trace_timestamp_anonymized,single_row_default,0.5,15.0,carbon,211.9472222222222,211.9472222022222,2e-08,0.9999999999056369,0.04799593059521593,56.92722900944693,71.15903626180867,26.542649593674525,65.46631336086396,3.142116632392685,0.047995930595215945,0.0,,,1e-08,True,True,0,1,0.0,0.0,0.0,0.0,1e-08,1.4919444444444445,0,0.0,208,1,-8.881784197001252e-16,8.881784197001252e-16,201.77461803555553,10.172604166666666,0.0,0.0
scenario_coarse,1.0,4.1894888431902455,4.1894888431902455,1.0,0.0,0.0,0.0,-0.9956000135543541,-9.999979511121637e-09,26.793865140998378,1e-08,26.527105416022863,screened_water_cap_1.00,optimistic_site_selection,uniform_new_build,ample,uniform_google_ai_2024,portfolio_mean,central,gentd26_hourly_service_demand.csv,gentd26_aligned_regional_hourly_cef.csv,capacity_scenarios.csv,energy_calibration_bounds.csv,trace_timestamp_anonymized,single_row_default,0.5,15.0,carbon,211.9472222222222,211.9472222022222,2e-08,0.9999999999056369,0.06399457412695457,56.92722900944693,71.15903626180867,26.527105416022863,65.46631336086396,4.1894888431902455,0.06399457412695457,0.0,,,1e-08,True,True,0,0,0.0,0.0,0.0,0.0,1e-08,1.4919444444444445,0,0.0,227,1,0.0,0.0,198.38374997999998,13.563472222222218,0.0,0.0
scenario_coarse,0.0,0.0,0.0,,0.0,0.0,0.0,-46.867554623027274,-1.0000007932831068e-08,26.793865140998378,1e-08,14.236235760420698,screened_water_cap_0.00,optimistic_site_selection,uniform_new_build,ample,uniform_google_ai_2024,portfolio_mean,central,gentd26_hourly_service_demand.csv,gentd26_aligned_regional_hourly_cef.csv,capacity_scenarios.csv,energy_calibration_bounds.csv,trace_timestamp_anonymized,single_row_default,0.5,20.0,carbon,211.9472222222222,211.94722220222218,2e-08,0.9999999999056368,0.5000000000471817,56.92722900944693,71.15903626180867,14.236235760420698,65.46631336086396,0.0,0.0,0.0,,,1e-08,True,True,0,0,0.0,0.0,0.0,0.0,1e-08,1.2459722222222223,0,0.0,554,3,0.0,0.0,105.97361109111111,0.0,0.0,105.97361111111111
scenario_coarse,0.25,0.0,0.0,,0.0,0.0,0.0,-46.867554623027274,-1.0000007932831068e-08,26.793865140998378,1e-08,14.236235760420698,screened_water_cap_0.25,optimistic_site_selection,uniform_new_build,ample,uniform_google_ai_2024,portfolio_mean,central,gentd26_hourly_service_demand.csv,gentd26_aligned_regional_hourly_cef.csv,capacity_scenarios.csv,energy_calibration_bounds.csv,trace_timestamp_anonymized,single_row_default,0.5,20.0,carbon,211.9472222222222,211.94722220222218,2e-08,0.9999999999056368,0.5000000000471817,56.92722900944693,71.15903626180867,14.236235760420698,65.46631336086396,0.0,0.0,0.0,,,1e-08,True,True,0,0,0.0,0.0,0.0,0.0,1e-08,1.2459722222222223,0,0.0,554,3,0.0,0.0,105.97361109111111,0.0,0.0,105.97361111111111
scenario_coarse,0.5,0.0,0.0,,0.0,0.0,0.0,-46.867554623027274,-1.0000007932831068e-08,26.793865140998378,1e-08,14.236235760420698,screened_water_cap_0.50,optimistic_site_selection,uniform_new_build,ample,uniform_google_ai_2024,portfolio_mean,central,gentd26_hourly_service_demand.csv,gentd26_aligned_regional_hourly_cef.csv,capacity_scenarios.csv,energy_calibration_bounds.csv,trace_timestamp_anonymized,single_row_default,0.5,20.0,carbon,211.9472222222222,211.94722220222218,2e-08,0.9999999999056368,0.5000000000471817,56.92722900944693,71.15903626180867,14.236235760420698,65.46631336086396,0.0,0.0,0.0,,,1e-08,True,True,0,0,0.0,0.0,0.0,0.0,1e-08,1.2459722222222223,0,0.0,554,3,0.0,0.0,105.97361109111111,0.0,0.0,105.97361111111111
scenario_coarse,0.75,0.0,0.0,,0.0,0.0,0.0,-46.867554623027274,-1.0000007932831068e-08,26.793865140998378,1e-08,14.236235760420698,screened_water_cap_0.75,optimistic_site_selection,uniform_new_build,ample,uniform_google_ai_2024,portfolio_mean,central,gentd26_hourly_service_demand.csv,gentd26_aligned_regional_hourly_cef.csv,capacity_scenarios.csv,energy_calibration_bounds.csv,trace_timestamp_anonymized,single_row_default,0.5,20.0,carbon,211.9472222222222,211.94722220222218,2e-08,0.9999999999056368,0.5000000000471817,56.92722900944693,71.15903626180867,14.236235760420698,65.46631336086396,0.0,0.0,0.0,,,1e-08,True,True,0,0,0.0,0.0,0.0,0.0,1e-08,1.2459722222222223,0,0.0,554,3,0.0,0.0,105.97361109111111,0.0,0.0,105.97361111111111
scenario_coarse,1.0,0.0,0.0,,0.0,0.0,0.0,-46.867554623027274,-1.0000007932831068e-08,26.793865140998378,1e-08,14.236235760420698,screened_water_cap_1.00,optimistic_site_selection,uniform_new_build,ample,uniform_google_ai_2024,portfolio_mean,central,gentd26_hourly_service_demand.csv,gentd26_aligned_regional_hourly_cef.csv,capacity_scenarios.csv,energy_calibration_bounds.csv,trace_timestamp_anonymized,single_row_default,0.5,20.0,carbon,211.9472222222222,211.94722220222218,2e-08,0.9999999999056368,0.5000000000471817,56.92722900944693,71.15903626180867,14.236235760420698,65.46631336086396,0.0,0.0,0.0,,,1e-08,True,True,0,0,0.0,0.0,0.0,0.0,1e-08,1.2459722222222223,0,0.0,554,3,0.0,0.0,105.97361109111111,0.0,0.0,105.97361111111111
scenario_coarse,0.0,0.0,0.0,,0.0,0.0,0.0,-46.867554623027274,-1.0000007932831068e-08,26.793865140998378,1e-08,14.236235760420698,screened_water_cap_0.00,optimistic_site_selection,uniform_new_build,ample,uniform_google_ai_2024,portfolio_mean,central,gentd26_hourly_service_demand.csv,gentd26_aligned_regional_hourly_cef.csv,capacity_scenarios.csv,energy_calibration_bounds.csv,trace_timestamp_anonymized,single_row_default,0.5,35.0,carbon,211.9472222222222,211.94722220222218,2e-08,0.9999999999056368,0.5000000000471817,56.92722900944693,71.15903626180867,14.236235760420698,65.46631336086396,0.0,0.0,0.0,,,1e-08,True,True,0,0,0.0,0.0,0.0,0.0,1e-08,1.2459722222222223,0,0.0,554,3,0.0,0.0,105.97361109111111,0.0,0.0,105.97361111111111
scenario_coarse,0.25,0.0,0.0,,0.0,0.0,0.0,-46.867554623027274,-1.0000007932831068e-08,26.793865140998378,1e-08,14.236235760420698,screened_water_cap_0.25,optimistic_site_selection,uniform_new_build,ample,uniform_google_ai_2024,portfolio_mean,central,gentd26_hourly_service_demand.csv,gentd26_aligned_regional_hourly_cef.csv,capacity_scenarios.csv,energy_calibration_bounds.csv,trace_timestamp_anonymized,single_row_default,0.5,35.0,carbon,211.9472222222222,211.94722220222218,2e-08,0.9999999999056368,0.5000000000471817,56.92722900944693,71.15903626180867,14.236235760420698,65.46631336086396,0.0,0.0,0.0,,,1e-08,True,True,0,0,0.0,0.0,0.0,0.0,1e-08,1.2459722222222223,0,0.0,554,3,0.0,0.0,105.97361109111111,0.0,0.0,105.97361111111111
scenario_coarse,0.5,0.0,0.0,,0.0,0.0,0.0,-46.867554623027274,-1.0000007932831068e-08,26.793865140998378,1e-08,14.236235760420698,screened_water_cap_0.50,optimistic_site_selection,uniform_new_build,ample,uniform_google_ai_2024,portfolio_mean,central,gentd26_hourly_service_demand.csv,gentd26_aligned_regional_hourly_cef.csv,capacity_scenarios.csv,energy_calibration_bounds.csv,trace_timestamp_anonymized,single_row_default,0.5,35.0,carbon,211.9472222222222,211.94722220222218,2e-08,0.9999999999056368,0.5000000000471817,56.92722900944693,71.15903626180867,14.236235760420698,65.46631336086396,0.0,0.0,0.0,,,1e-08,True,True,0,0,0.0,0.0,0.0,0.0,1e-08,1.2459722222222223,0,0.0,554,3,0.0,0.0,105.97361109111111,0.0,0.0,105.97361111111111
scenario_coarse,0.75,0.0,0.0,,0.0,0.0,0.0,-46.867554623027274,-1.0000007932831068e-08,26.793865140998378,1e-08,14.236235760420698,screened_water_cap_0.75,optimistic_site_selection,uniform_new_build,ample,uniform_google_ai_2024,portfolio_mean,central,gentd26_hourly_service_demand.csv,gentd26_aligned_regional_hourly_cef.csv,capacity_scenarios.csv,energy_calibration_bounds.csv,trace_timestamp_anonymized,single_row_default,0.5,35.0,carbon,211.9472222222222,211.94722220222218,2e-08,0.9999999999056368,0.5000000000471817,56.92722900944693,71.15903626180867,14.236235760420698,65.46631336086396,0.0,0.0,0.0,,,1e-08,True,True,0,0,0.0,0.0,0.0,0.0,1e-08,1.2459722222222223,0,0.0,554,3,0.0,0.0,105.97361109111111,0.0,0.0,105.97361111111111
scenario_coarse,1.0,0.0,0.0,,0.0,0.0,0.0,-46.867554623027274,-1.0000007932831068e-08,26.793865140998378,1e-08,14.236235760420698,screened_water_cap_1.00,optimistic_site_selection,uniform_new_build,ample,uniform_google_ai_2024,portfolio_mean,central,gentd26_hourly_service_demand.csv,gentd26_aligned_regional_hourly_cef.csv,capacity_scenarios.csv,energy_calibration_bounds.csv,trace_timestamp_anonymized,single_row_default,0.5,35.0,carbon,211.9472222222222,211.94722220222218,2e-08,0.9999999999056368,0.5000000000471817,56.92722900944693,71.15903626180867,14.236235760420698,65.46631336086396,0.0,0.0,0.0,,,1e-08,True,True,0,0,0.0,0.0,0.0,0.0,1e-08,1.2459722222222223,0,0.0,554,3,0.0,0.0,105.97361109111111,0.0,0.0,105.97361111111111
