carbon_mapping,pue_scenario,capacity_scenario,migration_limit,max_latency_ms,wue_profile,water_risk_mapping,energy_level,from_cap_fraction,to_cap_fraction,screened_direct_water_avoided_increment_l,additional_carbon_increment_kgco2e,marginal_additional_carbon_kgco2e_per_screened_l_avoided,monotone_water_avoidance_pass,monotone_carbon_penalty_pass
conservative_site_selection,hub_policy_compliant,ample,0.15,15.0,uniform_google_ai_2024,portfolio_mean,central,1.0,0.75,2.4414378473052984,0.2188846743358681,0.08965400228290017,True,True
conservative_site_selection,hub_policy_compliant,ample,0.15,15.0,uniform_google_ai_2024,portfolio_mean,central,0.75,0.5,2.4414378473053002,0.49395772425754103,0.20232246534669696,True,True
conservative_site_selection,hub_policy_compliant,ample,0.15,15.0,uniform_google_ai_2024,portfolio_mean,central,0.5,0.25,2.4414378473052993,0.7416848899332253,0.30379019918604483,True,True
conservative_site_selection,hub_policy_compliant,ample,0.15,15.0,uniform_google_ai_2024,portfolio_mean,central,0.25,0.0,2.4414378473052976,1.011162292824906,0.4141667148893272,True,True
conservative_site_selection,hub_policy_compliant,ample,0.15,20.0,uniform_google_ai_2024,portfolio_mean,central,1.0,0.75,1.8740601999551263,0.1330228634810026,0.07098110481412911,True,True
conservative_site_selection,hub_policy_compliant,ample,0.15,20.0,uniform_google_ai_2024,portfolio_mean,central,0.75,0.5,1.8740601999551254,0.31329524096442896,0.167174587546297,True,True
conservative_site_selection,hub_policy_compliant,ample,0.15,20.0,uniform_google_ai_2024,portfolio_mean,central,0.5,0.25,1.8740601999551272,0.4641046292042221,0.24764659599266592,True,True
conservative_site_selection,hub_policy_compliant,ample,0.15,20.0,uniform_google_ai_2024,portfolio_mean,central,0.25,0.0,1.8740601999551263,0.6408403335160598,0.3419529071325481,True,True
conservative_site_selection,hub_policy_compliant,ample,0.15,35.0,uniform_google_ai_2024,portfolio_mean,central,1.0,0.75,1.8740601999551263,0.1330228634810026,0.07098110481412911,True,True
conservative_site_selection,hub_policy_compliant,ample,0.15,35.0,uniform_google_ai_2024,portfolio_mean,central,0.75,0.5,1.8740601999551254,0.31329524096442896,0.167174587546297,True,True
conservative_site_selection,hub_policy_compliant,ample,0.15,35.0,uniform_google_ai_2024,portfolio_mean,central,0.5,0.25,1.8740601999551272,0.4641046292042221,0.24764659599266592,True,True
conservative_site_selection,hub_policy_compliant,ample,0.15,35.0,uniform_google_ai_2024,portfolio_mean,central,0.25,0.0,1.8740601999551263,0.6408403335160598,0.3419529071325481,True,True
conservative_site_selection,hub_policy_compliant,ample,0.3,15.0,uniform_google_ai_2024,portfolio_mean,central,1.0,0.75,4.882875694610597,0.4377693486717362,0.08965400228290017,True,True
conservative_site_selection,hub_policy_compliant,ample,0.3,15.0,uniform_google_ai_2024,portfolio_mean,central,0.75,0.5,4.882875694610599,0.9879154485150823,0.20232246534669707,True,True
conservative_site_selection,hub_policy_compliant,ample,0.3,15.0,uniform_google_ai_2024,portfolio_mean,central,0.5,0.25,4.8828756946106004,1.4833697798664642,0.3037901991860475,True,True
conservative_site_selection,hub_policy_compliant,ample,0.3,15.0,uniform_google_ai_2024,portfolio_mean,central,0.25,0.0,4.882875694610599,2.0223245856497982,0.4141667148893241,True,True
conservative_site_selection,hub_policy_compliant,ample,0.3,20.0,uniform_google_ai_2024,portfolio_mean,central,1.0,0.75,3.7481203999102526,0.2660457269619911,0.07098110481412535,True,True
conservative_site_selection,hub_policy_compliant,ample,0.3,20.0,uniform_google_ai_2024,portfolio_mean,central,0.75,0.5,3.748120399910251,0.6265904819288721,0.1671745875463008,True,True
conservative_site_selection,hub_policy_compliant,ample,0.3,20.0,uniform_google_ai_2024,portfolio_mean,central,0.5,0.25,3.7481203999102526,0.9282092584084438,0.24764659599266595,True,True
conservative_site_selection,hub_policy_compliant,ample,0.3,20.0,uniform_google_ai_2024,portfolio_mean,central,0.25,0.0,3.7481203999102544,1.28168066703212,0.341952907132548,True,True
conservative_site_selection,hub_policy_compliant,ample,0.3,35.0,uniform_google_ai_2024,portfolio_mean,central,1.0,0.75,3.7481203999102526,0.2660457269619911,0.07098110481412535,True,True
conservative_site_selection,hub_policy_compliant,ample,0.3,35.0,uniform_google_ai_2024,portfolio_mean,central,0.75,0.5,3.748120399910251,0.6265904819288721,0.1671745875463008,True,True
conservative_site_selection,hub_policy_compliant,ample,0.3,35.0,uniform_google_ai_2024,portfolio_mean,central,0.5,0.25,3.7481203999102526,0.9282092584084438,0.24764659599266595,True,True
conservative_site_selection,hub_policy_compliant,ample,0.3,35.0,uniform_google_ai_2024,portfolio_mean,central,0.25,0.0,3.7481203999102544,1.28168066703212,0.341952907132548,True,True
conservative_site_selection,hub_policy_compliant,ample,0.5,15.0,uniform_google_ai_2024,portfolio_mean,central,1.0,0.75,8.138126157684319,0.7296155811195391,0.08965400228289766,True,True
conservative_site_selection,hub_policy_compliant,ample,0.5,15.0,uniform_google_ai_2024,portfolio_mean,central,0.75,0.5,8.138126157684347,1.6465257475251462,0.2023224653466978,True,True
conservative_site_selection,hub_policy_compliant,ample,0.5,15.0,uniform_google_ai_2024,portfolio_mean,central,0.5,0.25,8.138126157684344,2.472282966444105,0.3037901991860469,True,True
conservative_site_selection,hub_policy_compliant,ample,0.5,15.0,uniform_google_ai_2024,portfolio_mean,central,0.25,0.0,8.138126157684322,3.3705409760830065,0.4141667148893257,True,True
conservative_site_selection,hub_policy_compliant,ample,0.5,20.0,uniform_google_ai_2024,portfolio_mean,central,1.0,0.75,6.246867333183772,0.4434095449366637,0.07098110481412706,True,True
conservative_site_selection,hub_policy_compliant,ample,0.5,20.0,uniform_google_ai_2024,portfolio_mean,central,0.75,0.5,6.246867333183754,1.0443174698814486,0.1671745875462999,True,True
conservative_site_selection,hub_policy_compliant,ample,0.5,20.0,uniform_google_ai_2024,portfolio_mean,central,0.5,0.25,6.246867333183754,1.5470154306807375,0.24764659599266559,True,True
conservative_site_selection,hub_policy_compliant,ample,0.5,20.0,uniform_google_ai_2024,portfolio_mean,central,0.25,0.0,6.246867333183758,2.1361344450535213,0.34195290713254606,True,True
conservative_site_selection,hub_policy_compliant,ample,0.5,35.0,uniform_google_ai_2024,portfolio_mean,central,1.0,0.75,6.246867333183772,0.4434095449366637,0.07098110481412706,True,True
conservative_site_selection,hub_policy_compliant,ample,0.5,35.0,uniform_google_ai_2024,portfolio_mean,central,0.75,0.5,6.246867333183754,1.0443174698814486,0.1671745875462999,True,True
conservative_site_selection,hub_policy_compliant,ample,0.5,35.0,uniform_google_ai_2024,portfolio_mean,central,0.5,0.25,6.246867333183754,1.5470154306807375,0.24764659599266559,True,True
conservative_site_selection,hub_policy_compliant,ample,0.5,35.0,uniform_google_ai_2024,portfolio_mean,central,0.25,0.0,6.246867333183758,2.1361344450535213,0.34195290713254606,True,True
conservative_site_selection,hub_policy_compliant,central,0.15,15.0,uniform_google_ai_2024,portfolio_mean,central,1.0,0.75,2.4414378473052984,0.2188846743358681,0.08965400228290017,True,True
conservative_site_selection,hub_policy_compliant,central,0.15,15.0,uniform_google_ai_2024,portfolio_mean,central,0.75,0.5,2.4414378473053002,0.49395772425754103,0.20232246534669696,True,True
conservative_site_selection,hub_policy_compliant,central,0.15,15.0,uniform_google_ai_2024,portfolio_mean,central,0.5,0.25,2.4414378473052993,0.7416848899332253,0.30379019918604483,True,True
conservative_site_selection,hub_policy_compliant,central,0.15,15.0,uniform_google_ai_2024,portfolio_mean,central,0.25,0.0,2.4414378473052976,1.011162292824906,0.4141667148893272,True,True
conservative_site_selection,hub_policy_compliant,central,0.15,20.0,uniform_google_ai_2024,portfolio_mean,central,1.0,0.75,1.8740601999551263,0.1330228634810026,0.07098110481412911,True,True
conservative_site_selection,hub_policy_compliant,central,0.15,20.0,uniform_google_ai_2024,portfolio_mean,central,0.75,0.5,1.8740601999551254,0.31329524096442896,0.167174587546297,True,True
conservative_site_selection,hub_policy_compliant,central,0.15,20.0,uniform_google_ai_2024,portfolio_mean,central,0.5,0.25,1.8740601999551272,0.4641046292042221,0.24764659599266592,True,True
conservative_site_selection,hub_policy_compliant,central,0.15,20.0,uniform_google_ai_2024,portfolio_mean,central,0.25,0.0,1.8740601999551263,0.6408403335160598,0.3419529071325481,True,True
conservative_site_selection,hub_policy_compliant,central,0.15,35.0,uniform_google_ai_2024,portfolio_mean,central,1.0,0.75,1.8740601999551263,0.1330228634810026,0.07098110481412911,True,True
conservative_site_selection,hub_policy_compliant,central,0.15,35.0,uniform_google_ai_2024,portfolio_mean,central,0.75,0.5,1.8740601999551254,0.31329524096442896,0.167174587546297,True,True
conservative_site_selection,hub_policy_compliant,central,0.15,35.0,uniform_google_ai_2024,portfolio_mean,central,0.5,0.25,1.8740601999551272,0.4641046292042221,0.24764659599266592,True,True
conservative_site_selection,hub_policy_compliant,central,0.15,35.0,uniform_google_ai_2024,portfolio_mean,central,0.25,0.0,1.8740601999551263,0.6408403335160598,0.3419529071325481,True,True
conservative_site_selection,hub_policy_compliant,central,0.3,15.0,uniform_google_ai_2024,portfolio_mean,central,1.0,0.75,4.882875694610597,0.4377693486717362,0.08965400228290017,True,True
conservative_site_selection,hub_policy_compliant,central,0.3,15.0,uniform_google_ai_2024,portfolio_mean,central,0.75,0.5,4.882875694610599,0.9879154485150823,0.20232246534669707,True,True
conservative_site_selection,hub_policy_compliant,central,0.3,15.0,uniform_google_ai_2024,portfolio_mean,central,0.5,0.25,4.8828756946106004,1.4833697798664642,0.3037901991860475,True,True
conservative_site_selection,hub_policy_compliant,central,0.3,15.0,uniform_google_ai_2024,portfolio_mean,central,0.25,0.0,4.882875694610599,2.0223245856497982,0.4141667148893241,True,True
conservative_site_selection,hub_policy_compliant,central,0.3,20.0,uniform_google_ai_2024,portfolio_mean,central,1.0,0.75,3.7481203999102526,0.2660457269619911,0.07098110481412535,True,True
conservative_site_selection,hub_policy_compliant,central,0.3,20.0,uniform_google_ai_2024,portfolio_mean,central,0.75,0.5,3.748120399910251,0.6265904819288721,0.1671745875463008,True,True
conservative_site_selection,hub_policy_compliant,central,0.3,20.0,uniform_google_ai_2024,portfolio_mean,central,0.5,0.25,3.7481203999102526,0.9282092584084438,0.24764659599266595,True,True
conservative_site_selection,hub_policy_compliant,central,0.3,20.0,uniform_google_ai_2024,portfolio_mean,central,0.25,0.0,3.7481203999102544,1.28168066703212,0.341952907132548,True,True
conservative_site_selection,hub_policy_compliant,central,0.3,35.0,uniform_google_ai_2024,portfolio_mean,central,1.0,0.75,3.7481203999102526,0.2660457269619911,0.07098110481412535,True,True
conservative_site_selection,hub_policy_compliant,central,0.3,35.0,uniform_google_ai_2024,portfolio_mean,central,0.75,0.5,3.748120399910251,0.6265904819288721,0.1671745875463008,True,True
conservative_site_selection,hub_policy_compliant,central,0.3,35.0,uniform_google_ai_2024,portfolio_mean,central,0.5,0.25,3.7481203999102526,0.9282092584084438,0.24764659599266595,True,True
conservative_site_selection,hub_policy_compliant,central,0.3,35.0,uniform_google_ai_2024,portfolio_mean,central,0.25,0.0,3.7481203999102544,1.28168066703212,0.341952907132548,True,True
conservative_site_selection,hub_policy_compliant,central,0.5,15.0,uniform_google_ai_2024,portfolio_mean,central,1.0,0.75,8.138126157684319,0.7296155811195391,0.08965400228289766,True,True
conservative_site_selection,hub_policy_compliant,central,0.5,15.0,uniform_google_ai_2024,portfolio_mean,central,0.75,0.5,8.138126157684347,1.6465257475251462,0.2023224653466978,True,True
conservative_site_selection,hub_policy_compliant,central,0.5,15.0,uniform_google_ai_2024,portfolio_mean,central,0.5,0.25,8.138126157684344,2.472282966444105,0.3037901991860469,True,True
conservative_site_selection,hub_policy_compliant,central,0.5,15.0,uniform_google_ai_2024,portfolio_mean,central,0.25,0.0,8.138126157684322,3.3705409760830065,0.4141667148893257,True,True
conservative_site_selection,hub_policy_compliant,central,0.5,20.0,uniform_google_ai_2024,portfolio_mean,central,1.0,0.75,6.246867333183772,0.4434095449366637,0.07098110481412706,True,True
conservative_site_selection,hub_policy_compliant,central,0.5,20.0,uniform_google_ai_2024,portfolio_mean,central,0.75,0.5,6.246867333183754,1.0443174698814486,0.1671745875462999,True,True
conservative_site_selection,hub_policy_compliant,central,0.5,20.0,uniform_google_ai_2024,portfolio_mean,central,0.5,0.25,6.246867333183754,1.5470154306807375,0.24764659599266559,True,True
conservative_site_selection,hub_policy_compliant,central,0.5,20.0,uniform_google_ai_2024,portfolio_mean,central,0.25,0.0,6.246867333183758,2.1361344450535213,0.34195290713254606,True,True
conservative_site_selection,hub_policy_compliant,central,0.5,35.0,uniform_google_ai_2024,portfolio_mean,central,1.0,0.75,6.246867333183772,0.4434095449366637,0.07098110481412706,True,True
conservative_site_selection,hub_policy_compliant,central,0.5,35.0,uniform_google_ai_2024,portfolio_mean,central,0.75,0.5,6.246867333183754,1.0443174698814486,0.1671745875462999,True,True
conservative_site_selection,hub_policy_compliant,central,0.5,35.0,uniform_google_ai_2024,portfolio_mean,central,0.5,0.25,6.246867333183754,1.5470154306807375,0.24764659599266559,True,True
conservative_site_selection,hub_policy_compliant,central,0.5,35.0,uniform_google_ai_2024,portfolio_mean,central,0.25,0.0,6.246867333183758,2.1361344450535213,0.34195290713254606,True,True
conservative_site_selection,hub_policy_compliant,tight,0.15,15.0,uniform_google_ai_2024,portfolio_mean,central,1.0,0.75,2.4414378473052984,0.23176388428449,0.09492925840413918,True,True
conservative_site_selection,hub_policy_compliant,tight,0.15,15.0,uniform_google_ai_2024,portfolio_mean,central,0.75,0.5,2.4414378473053002,0.5079400355172794,0.20804954591734148,True,True
conservative_site_selection,hub_policy_compliant,tight,0.15,15.0,uniform_google_ai_2024,portfolio_mean,central,0.5,0.25,2.4414378473052993,0.7445126413903864,0.30494843119276255,True,True
conservative_site_selection,hub_policy_compliant,tight,0.15,15.0,uniform_google_ai_2024,portfolio_mean,central,0.25,0.0,2.4414378473052976,1.0111622928248991,0.4141667148893244,True,True
conservative_site_selection,hub_policy_compliant,tight,0.15,20.0,uniform_google_ai_2024,portfolio_mean,central,1.0,0.75,1.8740601999551263,0.1330228634810026,0.07098110481412911,True,True
conservative_site_selection,hub_policy_compliant,tight,0.15,20.0,uniform_google_ai_2024,portfolio_mean,central,0.75,0.5,1.8740601999551254,0.31329524096443606,0.1671745875463008,True,True
conservative_site_selection,hub_policy_compliant,tight,0.15,20.0,uniform_google_ai_2024,portfolio_mean,central,0.5,0.25,1.8740601999551272,0.46410462920422196,0.24764659599266586,True,True
conservative_site_selection,hub_policy_compliant,tight,0.15,20.0,uniform_google_ai_2024,portfolio_mean,central,0.25,0.0,1.8740601999551263,0.64084033351606,0.34195290713254817,True,True
conservative_site_selection,hub_policy_compliant,tight,0.15,35.0,uniform_google_ai_2024,portfolio_mean,central,1.0,0.75,1.8740601999551263,0.1330228634810026,0.07098110481412911,True,True
conservative_site_selection,hub_policy_compliant,tight,0.15,35.0,uniform_google_ai_2024,portfolio_mean,central,0.75,0.5,1.8740601999551254,0.31329524096443606,0.1671745875463008,True,True
conservative_site_selection,hub_policy_compliant,tight,0.15,35.0,uniform_google_ai_2024,portfolio_mean,central,0.5,0.25,1.8740601999551272,0.46410462920422196,0.24764659599266586,True,True
conservative_site_selection,hub_policy_compliant,tight,0.15,35.0,uniform_google_ai_2024,portfolio_mean,central,0.25,0.0,1.8740601999551263,0.64084033351606,0.34195290713254817,True,True
conservative_site_selection,hub_policy_compliant,tight,0.3,15.0,uniform_google_ai_2024,portfolio_mean,central,1.0,0.75,4.882875694610599,0.4558458330210939,0.09335601836520781,True,True
conservative_site_selection,hub_policy_compliant,tight,0.3,15.0,uniform_google_ai_2024,portfolio_mean,central,0.75,0.5,4.882875694610597,1.0051314933329252,0.2058482656935798,True,True
conservative_site_selection,hub_policy_compliant,tight,0.3,15.0,uniform_google_ai_2024,portfolio_mean,central,0.5,0.25,4.8828756946106004,1.4874846242834394,0.3046329084160852,True,True
conservative_site_selection,hub_policy_compliant,tight,0.3,15.0,uniform_google_ai_2024,portfolio_mean,central,0.25,0.0,4.882875694610599,2.0223245856498053,0.41416671488932555,True,True
conservative_site_selection,hub_policy_compliant,tight,0.3,20.0,uniform_google_ai_2024,portfolio_mean,central,1.0,0.75,3.7481203999102526,0.2660457269619911,0.07098110481412535,True,True
conservative_site_selection,hub_policy_compliant,tight,0.3,20.0,uniform_google_ai_2024,portfolio_mean,central,0.75,0.5,3.748120399910251,0.6265904819288721,0.1671745875463008,True,True
conservative_site_selection,hub_policy_compliant,tight,0.3,20.0,uniform_google_ai_2024,portfolio_mean,central,0.5,0.25,3.7481203999102526,0.9282092584084438,0.24764659599266595,True,True
conservative_site_selection,hub_policy_compliant,tight,0.3,20.0,uniform_google_ai_2024,portfolio_mean,central,0.25,0.0,3.7481203999102544,1.28168066703212,0.341952907132548,True,True
conservative_site_selection,hub_policy_compliant,tight,0.3,35.0,uniform_google_ai_2024,portfolio_mean,central,1.0,0.75,3.7481203999102526,0.2660457269619911,0.07098110481412535,True,True
conservative_site_selection,hub_policy_compliant,tight,0.3,35.0,uniform_google_ai_2024,portfolio_mean,central,0.75,0.5,3.748120399910251,0.6265904819288721,0.1671745875463008,True,True
conservative_site_selection,hub_policy_compliant,tight,0.3,35.0,uniform_google_ai_2024,portfolio_mean,central,0.5,0.25,3.7481203999102526,0.9282092584084438,0.24764659599266595,True,True
conservative_site_selection,hub_policy_compliant,tight,0.3,35.0,uniform_google_ai_2024,portfolio_mean,central,0.25,0.0,3.7481203999102544,1.28168066703212,0.341952907132548,True,True
conservative_site_selection,hub_policy_compliant,tight,0.5,15.0,uniform_google_ai_2024,portfolio_mean,central,1.0,0.75,8.10490007958392,0.7448544194882984,0.09190173995661854,True,True
conservative_site_selection,hub_policy_compliant,tight,0.5,15.0,uniform_google_ai_2024,portfolio_mean,central,0.75,0.5,8.104900079583945,1.665949868465006,0.20554847710726193,True,True
conservative_site_selection,hub_policy_compliant,tight,0.5,15.0,uniform_google_ai_2024,portfolio_mean,central,0.5,0.25,8.104900079583935,2.4708563728671606,0.3048595724321381,True,True
conservative_site_selection,hub_policy_compliant,tight,0.5,15.0,uniform_google_ai_2024,portfolio_mean,central,0.25,0.0,8.104900079583924,3.359126662565835,0.41445627084625086,True,True
conservative_site_selection,hub_policy_compliant,tight,0.5,20.0,uniform_google_ai_2024,portfolio_mean,central,1.0,0.75,6.274237556331681,0.4453532112848251,0.07098124788650925,True,True
conservative_site_selection,hub_policy_compliant,tight,0.5,20.0,uniform_google_ai_2024,portfolio_mean,central,0.75,0.5,6.274237556331663,1.040849111622933,0.16589252515192981,True,True
conservative_site_selection,hub_policy_compliant,tight,0.5,20.0,uniform_google_ai_2024,portfolio_mean,central,0.5,0.25,6.27423755633167,1.5518085047552643,0.2473302119696203,True,True
conservative_site_selection,hub_policy_compliant,tight,0.5,20.0,uniform_google_ai_2024,portfolio_mean,central,0.25,0.0,6.274237556331659,2.1437371790381903,0.34167293791336184,True,True
conservative_site_selection,hub_policy_compliant,tight,0.5,35.0,uniform_google_ai_2024,portfolio_mean,central,1.0,0.75,6.274237556331681,0.4453532112848251,0.07098124788650925,True,True
conservative_site_selection,hub_policy_compliant,tight,0.5,35.0,uniform_google_ai_2024,portfolio_mean,central,0.75,0.5,6.274237556331663,1.040849111622933,0.16589252515192981,True,True
conservative_site_selection,hub_policy_compliant,tight,0.5,35.0,uniform_google_ai_2024,portfolio_mean,central,0.5,0.25,6.27423755633167,1.5518085047552643,0.2473302119696203,True,True
conservative_site_selection,hub_policy_compliant,tight,0.5,35.0,uniform_google_ai_2024,portfolio_mean,central,0.25,0.0,6.274237556331659,2.1437371790381903,0.34167293791336184,True,True
conservative_site_selection,legacy_stress,ample,0.15,15.0,uniform_google_ai_2024,portfolio_mean,central,1.0,0.75,2.4516308959258994,0.2990954479280816,0.12199856366026225,True,True
conservative_site_selection,legacy_stress,ample,0.15,15.0,uniform_google_ai_2024,portfolio_mean,central,0.75,0.5,2.4516308959259003,0.5884491338315101,0.24002354302574255,True,True
conservative_site_selection,legacy_stress,ample,0.15,15.0,uniform_google_ai_2024,portfolio_mean,central,0.5,0.25,2.451630895925901,0.8499190224724913,0.3466749517167855,True,True
conservative_site_selection,legacy_stress,ample,0.15,15.0,uniform_google_ai_2024,portfolio_mean,central,0.25,0.0,2.4516308959258986,1.1325942270324916,0.4619758336846823,True,True
conservative_site_selection,legacy_stress,ample,0.15,20.0,uniform_google_ai_2024,portfolio_mean,central,1.0,0.75,1.8740601999551263,0.1385654827926998,0.07393865084804517,True,True
conservative_site_selection,legacy_stress,ample,0.15,20.0,uniform_google_ai_2024,portfolio_mean,central,0.75,0.5,1.8740601999551254,0.3264475798788951,0.1741926859589206,True,True
conservative_site_selection,legacy_stress,ample,0.15,20.0,uniform_google_ai_2024,portfolio_mean,central,0.5,0.25,1.8740601999551272,0.4844766594116051,0.2585171273704044,True,True
conservative_site_selection,legacy_stress,ample,0.15,20.0,uniform_google_ai_2024,portfolio_mean,central,0.25,0.0,1.8740601999551263,0.6680511181941783,0.35647260328679653,True,True
conservative_site_selection,legacy_stress,ample,0.15,35.0,uniform_google_ai_2024,portfolio_mean,central,1.0,0.75,1.8740601999551263,0.1385654827926998,0.07393865084804517,True,True
conservative_site_selection,legacy_stress,ample,0.15,35.0,uniform_google_ai_2024,portfolio_mean,central,0.75,0.5,1.8740601999551254,0.3264475798788951,0.1741926859589206,True,True
conservative_site_selection,legacy_stress,ample,0.15,35.0,uniform_google_ai_2024,portfolio_mean,central,0.5,0.25,1.8740601999551272,0.4844766594116051,0.2585171273704044,True,True
conservative_site_selection,legacy_stress,ample,0.15,35.0,uniform_google_ai_2024,portfolio_mean,central,0.25,0.0,1.8740601999551263,0.6680511181941783,0.35647260328679653,True,True
conservative_site_selection,legacy_stress,ample,0.3,15.0,uniform_google_ai_2024,portfolio_mean,central,1.0,0.75,4.903261791851799,0.5981908958561775,0.12199856366026515,True,True
conservative_site_selection,legacy_stress,ample,0.3,15.0,uniform_google_ai_2024,portfolio_mean,central,0.75,0.5,4.903261791851801,1.176898267663006,0.24002354302573967,True,True
conservative_site_selection,legacy_stress,ample,0.3,15.0,uniform_google_ai_2024,portfolio_mean,central,0.5,0.25,4.903261791851802,1.6998380449449897,0.3466749517167869,True,True
conservative_site_selection,legacy_stress,ample,0.3,15.0,uniform_google_ai_2024,portfolio_mean,central,0.25,0.0,4.903261791851801,2.2651884540649903,0.4619758336846834,True,True
conservative_site_selection,legacy_stress,ample,0.3,20.0,uniform_google_ai_2024,portfolio_mean,central,1.0,0.75,3.7481203999102526,0.2771309655854068,0.07393865084804709,True,True
conservative_site_selection,legacy_stress,ample,0.3,20.0,uniform_google_ai_2024,portfolio_mean,central,0.75,0.5,3.748120399910251,0.652895159757783,0.17419268595891868,True,True
conservative_site_selection,legacy_stress,ample,0.3,20.0,uniform_google_ai_2024,portfolio_mean,central,0.5,0.25,3.7481203999102526,0.9689533188232247,0.25851712737040833,True,True
conservative_site_selection,legacy_stress,ample,0.3,20.0,uniform_google_ai_2024,portfolio_mean,central,0.25,0.0,3.7481203999102544,1.3361022363883346,0.3564726032867905,True,True
conservative_site_selection,legacy_stress,ample,0.3,35.0,uniform_google_ai_2024,portfolio_mean,central,1.0,0.75,3.7481203999102526,0.2771309655854068,0.07393865084804709,True,True
conservative_site_selection,legacy_stress,ample,0.3,35.0,uniform_google_ai_2024,portfolio_mean,central,0.75,0.5,3.748120399910251,0.652895159757783,0.17419268595891868,True,True
conservative_site_selection,legacy_stress,ample,0.3,35.0,uniform_google_ai_2024,portfolio_mean,central,0.5,0.25,3.7481203999102526,0.9689533188232247,0.25851712737040833,True,True
conservative_site_selection,legacy_stress,ample,0.3,35.0,uniform_google_ai_2024,portfolio_mean,central,0.25,0.0,3.7481203999102544,1.3361022363883346,0.3564726032867905,True,True
conservative_site_selection,legacy_stress,ample,0.5,15.0,uniform_google_ai_2024,portfolio_mean,central,1.0,0.75,8.172102986419652,0.9969848264269744,0.1219985636602668,True,True
conservative_site_selection,legacy_stress,ample,0.5,15.0,uniform_google_ai_2024,portfolio_mean,central,0.75,0.5,8.17210298641968,1.9614971127716956,0.24002354302574158,True,True
conservative_site_selection,legacy_stress,ample,0.5,15.0,uniform_google_ai_2024,portfolio_mean,central,0.5,0.25,8.172102986419674,2.833063408241628,0.3466749517167842,True,True
conservative_site_selection,legacy_stress,ample,0.5,15.0,uniform_google_ai_2024,portfolio_mean,central,0.25,0.0,8.17210298641966,3.775314090108317,0.46197583368468387,True,True
conservative_site_selection,legacy_stress,ample,0.5,20.0,uniform_google_ai_2024,portfolio_mean,central,1.0,0.75,6.246867333183772,0.4618849426423566,0.07393865084804879,True,True
conservative_site_selection,legacy_stress,ample,0.5,20.0,uniform_google_ai_2024,portfolio_mean,central,0.75,0.5,6.246867333183756,1.0881585995963121,0.17419268595891968,True,True
conservative_site_selection,legacy_stress,ample,0.5,20.0,uniform_google_ai_2024,portfolio_mean,central,0.5,0.25,6.2468673331837525,1.6149221980387125,0.25851712737040916,True,True
conservative_site_selection,legacy_stress,ample,0.5,20.0,uniform_google_ai_2024,portfolio_mean,central,0.25,0.0,6.246867333183758,2.2268370606472203,0.3564726032867898,True,True
conservative_site_selection,legacy_stress,ample,0.5,35.0,uniform_google_ai_2024,portfolio_mean,central,1.0,0.75,6.246867333183772,0.4618849426423566,0.07393865084804879,True,True
conservative_site_selection,legacy_stress,ample,0.5,35.0,uniform_google_ai_2024,portfolio_mean,central,0.75,0.5,6.246867333183756,1.0881585995963121,0.17419268595891968,True,True
conservative_site_selection,legacy_stress,ample,0.5,35.0,uniform_google_ai_2024,portfolio_mean,central,0.5,0.25,6.2468673331837525,1.6149221980387125,0.25851712737040916,True,True
conservative_site_selection,legacy_stress,ample,0.5,35.0,uniform_google_ai_2024,portfolio_mean,central,0.25,0.0,6.246867333183758,2.2268370606472203,0.3564726032867898,True,True
conservative_site_selection,legacy_stress,central,0.15,15.0,uniform_google_ai_2024,portfolio_mean,central,1.0,0.75,2.4516308959258994,0.2990954479280816,0.12199856366026225,True,True
conservative_site_selection,legacy_stress,central,0.15,15.0,uniform_google_ai_2024,portfolio_mean,central,0.75,0.5,2.4516308959259003,0.5884491338315101,0.24002354302574255,True,True
conservative_site_selection,legacy_stress,central,0.15,15.0,uniform_google_ai_2024,portfolio_mean,central,0.5,0.25,2.451630895925901,0.8499190224724913,0.3466749517167855,True,True
conservative_site_selection,legacy_stress,central,0.15,15.0,uniform_google_ai_2024,portfolio_mean,central,0.25,0.0,2.4516308959258986,1.1325942270324916,0.4619758336846823,True,True
conservative_site_selection,legacy_stress,central,0.15,20.0,uniform_google_ai_2024,portfolio_mean,central,1.0,0.75,1.8740601999551263,0.1385654827926998,0.07393865084804517,True,True
conservative_site_selection,legacy_stress,central,0.15,20.0,uniform_google_ai_2024,portfolio_mean,central,0.75,0.5,1.8740601999551254,0.3264475798788951,0.1741926859589206,True,True
conservative_site_selection,legacy_stress,central,0.15,20.0,uniform_google_ai_2024,portfolio_mean,central,0.5,0.25,1.8740601999551272,0.4844766594116051,0.2585171273704044,True,True
conservative_site_selection,legacy_stress,central,0.15,20.0,uniform_google_ai_2024,portfolio_mean,central,0.25,0.0,1.8740601999551263,0.6680511181941783,0.35647260328679653,True,True
conservative_site_selection,legacy_stress,central,0.15,35.0,uniform_google_ai_2024,portfolio_mean,central,1.0,0.75,1.8740601999551263,0.1385654827926998,0.07393865084804517,True,True
conservative_site_selection,legacy_stress,central,0.15,35.0,uniform_google_ai_2024,portfolio_mean,central,0.75,0.5,1.8740601999551254,0.3264475798788951,0.1741926859589206,True,True
conservative_site_selection,legacy_stress,central,0.15,35.0,uniform_google_ai_2024,portfolio_mean,central,0.5,0.25,1.8740601999551272,0.4844766594116051,0.2585171273704044,True,True
conservative_site_selection,legacy_stress,central,0.15,35.0,uniform_google_ai_2024,portfolio_mean,central,0.25,0.0,1.8740601999551263,0.6680511181941783,0.35647260328679653,True,True
conservative_site_selection,legacy_stress,central,0.3,15.0,uniform_google_ai_2024,portfolio_mean,central,1.0,0.75,4.903261791851799,0.5981908958561775,0.12199856366026515,True,True
conservative_site_selection,legacy_stress,central,0.3,15.0,uniform_google_ai_2024,portfolio_mean,central,0.75,0.5,4.903261791851801,1.176898267663006,0.24002354302573967,True,True
conservative_site_selection,legacy_stress,central,0.3,15.0,uniform_google_ai_2024,portfolio_mean,central,0.5,0.25,4.903261791851802,1.6998380449449897,0.3466749517167869,True,True
conservative_site_selection,legacy_stress,central,0.3,15.0,uniform_google_ai_2024,portfolio_mean,central,0.25,0.0,4.903261791851801,2.2651884540649903,0.4619758336846834,True,True
conservative_site_selection,legacy_stress,central,0.3,20.0,uniform_google_ai_2024,portfolio_mean,central,1.0,0.75,3.7481203999102526,0.2771309655854068,0.07393865084804709,True,True
conservative_site_selection,legacy_stress,central,0.3,20.0,uniform_google_ai_2024,portfolio_mean,central,0.75,0.5,3.748120399910251,0.652895159757783,0.17419268595891868,True,True
conservative_site_selection,legacy_stress,central,0.3,20.0,uniform_google_ai_2024,portfolio_mean,central,0.5,0.25,3.7481203999102526,0.9689533188232247,0.25851712737040833,True,True
conservative_site_selection,legacy_stress,central,0.3,20.0,uniform_google_ai_2024,portfolio_mean,central,0.25,0.0,3.7481203999102544,1.3361022363883346,0.3564726032867905,True,True
conservative_site_selection,legacy_stress,central,0.3,35.0,uniform_google_ai_2024,portfolio_mean,central,1.0,0.75,3.7481203999102526,0.2771309655854068,0.07393865084804709,True,True
conservative_site_selection,legacy_stress,central,0.3,35.0,uniform_google_ai_2024,portfolio_mean,central,0.75,0.5,3.748120399910251,0.652895159757783,0.17419268595891868,True,True
conservative_site_selection,legacy_stress,central,0.3,35.0,uniform_google_ai_2024,portfolio_mean,central,0.5,0.25,3.7481203999102526,0.9689533188232247,0.25851712737040833,True,True
conservative_site_selection,legacy_stress,central,0.3,35.0,uniform_google_ai_2024,portfolio_mean,central,0.25,0.0,3.7481203999102544,1.3361022363883346,0.3564726032867905,True,True
conservative_site_selection,legacy_stress,central,0.5,15.0,uniform_google_ai_2024,portfolio_mean,central,1.0,0.75,8.172102986419652,0.9969848264269744,0.1219985636602668,True,True
conservative_site_selection,legacy_stress,central,0.5,15.0,uniform_google_ai_2024,portfolio_mean,central,0.75,0.5,8.17210298641968,1.9614971127716956,0.24002354302574158,True,True
conservative_site_selection,legacy_stress,central,0.5,15.0,uniform_google_ai_2024,portfolio_mean,central,0.5,0.25,8.172102986419674,2.833063408241628,0.3466749517167842,True,True
conservative_site_selection,legacy_stress,central,0.5,15.0,uniform_google_ai_2024,portfolio_mean,central,0.25,0.0,8.17210298641966,3.775314090108317,0.46197583368468387,True,True
conservative_site_selection,legacy_stress,central,0.5,20.0,uniform_google_ai_2024,portfolio_mean,central,1.0,0.75,6.246867333183772,0.4618849426423566,0.07393865084804879,True,True
conservative_site_selection,legacy_stress,central,0.5,20.0,uniform_google_ai_2024,portfolio_mean,central,0.75,0.5,6.246867333183756,1.0881585995963121,0.17419268595891968,True,True
conservative_site_selection,legacy_stress,central,0.5,20.0,uniform_google_ai_2024,portfolio_mean,central,0.5,0.25,6.2468673331837525,1.6149221980387125,0.25851712737040916,True,True
conservative_site_selection,legacy_stress,central,0.5,20.0,uniform_google_ai_2024,portfolio_mean,central,0.25,0.0,6.246867333183758,2.2268370606472203,0.3564726032867898,True,True
conservative_site_selection,legacy_stress,central,0.5,35.0,uniform_google_ai_2024,portfolio_mean,central,1.0,0.75,6.246867333183772,0.4618849426423566,0.07393865084804879,True,True
conservative_site_selection,legacy_stress,central,0.5,35.0,uniform_google_ai_2024,portfolio_mean,central,0.75,0.5,6.246867333183756,1.0881585995963121,0.17419268595891968,True,True
conservative_site_selection,legacy_stress,central,0.5,35.0,uniform_google_ai_2024,portfolio_mean,central,0.5,0.25,6.2468673331837525,1.6149221980387125,0.25851712737040916,True,True
conservative_site_selection,legacy_stress,central,0.5,35.0,uniform_google_ai_2024,portfolio_mean,central,0.25,0.0,6.246867333183758,2.2268370606472203,0.3564726032867898,True,True
conservative_site_selection,legacy_stress,tight,0.15,15.0,uniform_google_ai_2024,portfolio_mean,central,1.0,0.75,2.4516308959259003,0.3120508485269297,0.1272829645953203,True,True
conservative_site_selection,legacy_stress,tight,0.15,15.0,uniform_google_ai_2024,portfolio_mean,central,0.75,0.5,2.4516308959259003,0.6036478238690963,0.24622296320063236,True,True
conservative_site_selection,legacy_stress,tight,0.15,15.0,uniform_google_ai_2024,portfolio_mean,central,0.5,0.25,2.4516308959259003,0.8538293463148249,0.3482699405255952,True,True
conservative_site_selection,legacy_stress,tight,0.15,15.0,uniform_google_ai_2024,portfolio_mean,central,0.25,0.0,2.4516308959258986,1.1325942270324982,0.46197583368468503,True,True
conservative_site_selection,legacy_stress,tight,0.15,20.0,uniform_google_ai_2024,portfolio_mean,central,1.0,0.75,1.8740601999551263,0.1385654827927069,0.07393865084804896,True,True
conservative_site_selection,legacy_stress,tight,0.15,20.0,uniform_google_ai_2024,portfolio_mean,central,0.75,0.5,1.8740601999551254,0.32644757987888806,0.17419268595891685,True,True
conservative_site_selection,legacy_stress,tight,0.15,20.0,uniform_google_ai_2024,portfolio_mean,central,0.5,0.25,1.8740601999551272,0.48447665941161944,0.25851712737041205,True,True
conservative_site_selection,legacy_stress,tight,0.15,20.0,uniform_google_ai_2024,portfolio_mean,central,0.25,0.0,1.8740601999551263,0.668051118194164,0.35647260328678887,True,True
conservative_site_selection,legacy_stress,tight,0.15,35.0,uniform_google_ai_2024,portfolio_mean,central,1.0,0.75,1.8740601999551263,0.1385654827927069,0.07393865084804896,True,True
conservative_site_selection,legacy_stress,tight,0.15,35.0,uniform_google_ai_2024,portfolio_mean,central,0.75,0.5,1.8740601999551254,0.32644757987888806,0.17419268595891685,True,True
conservative_site_selection,legacy_stress,tight,0.15,35.0,uniform_google_ai_2024,portfolio_mean,central,0.5,0.25,1.8740601999551272,0.48447665941161944,0.25851712737041205,True,True
conservative_site_selection,legacy_stress,tight,0.15,35.0,uniform_google_ai_2024,portfolio_mean,central,0.25,0.0,1.8740601999551263,0.668051118194164,0.35647260328678887,True,True
conservative_site_selection,legacy_stress,tight,0.3,15.0,uniform_google_ai_2024,portfolio_mean,central,1.0,0.75,4.903261791851801,0.6162090512084077,0.1256732920588533,True,True
conservative_site_selection,legacy_stress,tight,0.3,15.0,uniform_google_ai_2024,portfolio_mean,central,0.75,0.5,4.903261791851799,1.1957052121465992,0.24385914171126097,True,True
conservative_site_selection,legacy_stress,tight,0.3,15.0,uniform_google_ai_2024,portfolio_mean,central,0.5,0.25,4.903261791851802,1.7055729085800806,0.3478445534795606,True,True
conservative_site_selection,legacy_stress,tight,0.3,15.0,uniform_google_ai_2024,portfolio_mean,central,0.25,0.0,4.903261791851801,2.2651884540649974,0.46197583368468487,True,True
conservative_site_selection,legacy_stress,tight,0.3,20.0,uniform_google_ai_2024,portfolio_mean,central,1.0,0.75,3.7481203999102526,0.2771309655854068,0.07393865084804709,True,True
conservative_site_selection,legacy_stress,tight,0.3,20.0,uniform_google_ai_2024,portfolio_mean,central,0.75,0.5,3.748120399910251,0.6528951597577901,0.17419268595892057,True,True
conservative_site_selection,legacy_stress,tight,0.3,20.0,uniform_google_ai_2024,portfolio_mean,central,0.5,0.25,3.7481203999102526,0.9689533188232247,0.25851712737040833,True,True
conservative_site_selection,legacy_stress,tight,0.3,20.0,uniform_google_ai_2024,portfolio_mean,central,0.25,0.0,3.7481203999102544,1.336102236388335,0.3564726032867906,True,True
conservative_site_selection,legacy_stress,tight,0.3,35.0,uniform_google_ai_2024,portfolio_mean,central,1.0,0.75,3.7481203999102526,0.2771309655854068,0.07393865084804709,True,True
conservative_site_selection,legacy_stress,tight,0.3,35.0,uniform_google_ai_2024,portfolio_mean,central,0.75,0.5,3.748120399910251,0.6528951597577901,0.17419268595892057,True,True
conservative_site_selection,legacy_stress,tight,0.3,35.0,uniform_google_ai_2024,portfolio_mean,central,0.5,0.25,3.7481203999102526,0.9689533188232247,0.25851712737040833,True,True
conservative_site_selection,legacy_stress,tight,0.3,35.0,uniform_google_ai_2024,portfolio_mean,central,0.25,0.0,3.7481203999102544,1.336102236388335,0.3564726032867906,True,True
conservative_site_selection,legacy_stress,tight,0.5,15.0,uniform_google_ai_2024,portfolio_mean,central,1.0,0.75,8.138876908319254,1.0105906014250223,0.12416831128039725,True,True
conservative_site_selection,legacy_stress,tight,0.5,15.0,uniform_google_ai_2024,portfolio_mean,central,0.75,0.5,8.13887690831928,1.9813410446987376,0.2434415788588078,True,True
conservative_site_selection,legacy_stress,tight,0.5,15.0,uniform_google_ai_2024,portfolio_mean,central,0.5,0.25,8.138876908319265,2.8326667747717806,0.3480414812363523,True,True
conservative_site_selection,legacy_stress,tight,0.5,15.0,uniform_google_ai_2024,portfolio_mean,central,0.25,0.0,8.138876908319261,3.7623835117401114,0.46227305734214275,True,True
conservative_site_selection,legacy_stress,tight,0.5,20.0,uniform_google_ai_2024,portfolio_mean,central,1.0,0.75,6.274237556331681,0.4651753194686137,0.07414053345799435,True,True
conservative_site_selection,legacy_stress,tight,0.5,20.0,uniform_google_ai_2024,portfolio_mean,central,0.75,0.5,6.274237556331661,1.0865912303568237,0.17318299165454576,True,True
conservative_site_selection,legacy_stress,tight,0.5,20.0,uniform_google_ai_2024,portfolio_mean,central,0.5,0.25,6.274237556331672,1.6206975641296566,0.25830988220937273,True,True
conservative_site_selection,legacy_stress,tight,0.5,20.0,uniform_google_ai_2024,portfolio_mean,central,0.25,0.0,6.274237556331659,2.2347605470118523,0.35618041665582767,True,True
conservative_site_selection,legacy_stress,tight,0.5,35.0,uniform_google_ai_2024,portfolio_mean,central,1.0,0.75,6.274237556331681,0.4651753194686137,0.07414053345799435,True,True
conservative_site_selection,legacy_stress,tight,0.5,35.0,uniform_google_ai_2024,portfolio_mean,central,0.75,0.5,6.274237556331661,1.0865912303568237,0.17318299165454576,True,True
conservative_site_selection,legacy_stress,tight,0.5,35.0,uniform_google_ai_2024,portfolio_mean,central,0.5,0.25,6.274237556331672,1.6206975641296566,0.25830988220937273,True,True
conservative_site_selection,legacy_stress,tight,0.5,35.0,uniform_google_ai_2024,portfolio_mean,central,0.25,0.0,6.274237556331659,2.2347605470118523,0.35618041665582767,True,True
conservative_site_selection,uniform_new_build,ample,0.15,15.0,uniform_google_ai_2024,portfolio_mean,central,1.0,0.75,2.43091661340714,0.149860566314075,0.06164776096701747,True,True
conservative_site_selection,uniform_new_build,ample,0.15,15.0,uniform_google_ai_2024,portfolio_mean,central,0.75,0.5,2.4309166134071436,0.43486096300601684,0.17888765110561358,True,True
conservative_site_selection,uniform_new_build,ample,0.15,15.0,uniform_google_ai_2024,portfolio_mean,central,0.5,0.25,2.430916613407142,0.6893506752994867,0.2835764384090911,True,True
conservative_site_selection,uniform_new_build,ample,0.15,15.0,uniform_google_ai_2024,portfolio_mean,central,0.25,0.0,2.430916613407142,0.9680057481423674,0.39820606877404274,True,True
conservative_site_selection,uniform_new_build,ample,0.15,20.0,uniform_google_ai_2024,portfolio_mean,central,1.0,0.75,1.8740601999551254,0.1384882935035136,0.07389746258248786,True,True
conservative_site_selection,uniform_new_build,ample,0.15,20.0,uniform_google_ai_2024,portfolio_mean,central,0.75,0.5,1.8740601999551263,0.3244211714846586,0.17311139284235733,True,True
conservative_site_selection,uniform_new_build,ample,0.15,20.0,uniform_google_ai_2024,portfolio_mean,central,0.5,0.25,1.8740601999551272,0.479901813102643,0.2560759857736341,True,True
conservative_site_selection,uniform_new_build,ample,0.15,20.0,uniform_google_ai_2024,portfolio_mean,central,0.25,0.0,1.8740601999551263,0.6551805827167384,0.3496048754103131,True,True
conservative_site_selection,uniform_new_build,ample,0.15,35.0,uniform_google_ai_2024,portfolio_mean,central,1.0,0.75,1.8740601999551254,0.1384882935035136,0.07389746258248786,True,True
conservative_site_selection,uniform_new_build,ample,0.15,35.0,uniform_google_ai_2024,portfolio_mean,central,0.75,0.5,1.8740601999551263,0.3244211714846586,0.17311139284235733,True,True
conservative_site_selection,uniform_new_build,ample,0.15,35.0,uniform_google_ai_2024,portfolio_mean,central,0.5,0.25,1.8740601999551272,0.479901813102643,0.2560759857736341,True,True
conservative_site_selection,uniform_new_build,ample,0.15,35.0,uniform_google_ai_2024,portfolio_mean,central,0.25,0.0,1.8740601999551263,0.6551805827167384,0.3496048754103131,True,True
conservative_site_selection,uniform_new_build,ample,0.3,15.0,uniform_google_ai_2024,portfolio_mean,central,1.0,0.75,4.86183322681428,0.2997211326281643,0.06164776096702042,True,True
conservative_site_selection,uniform_new_build,ample,0.3,15.0,uniform_google_ai_2024,portfolio_mean,central,0.75,0.5,4.861833226814287,0.8697219260120335,0.17888765110561353,True,True
conservative_site_selection,uniform_new_build,ample,0.3,15.0,uniform_google_ai_2024,portfolio_mean,central,0.5,0.25,4.861833226814285,1.3787013505989734,0.283576438409091,True,True
conservative_site_selection,uniform_new_build,ample,0.3,15.0,uniform_google_ai_2024,portfolio_mean,central,0.25,0.0,4.861833226814278,1.9360114962847348,0.3982060687740432,True,True
conservative_site_selection,uniform_new_build,ample,0.3,20.0,uniform_google_ai_2024,portfolio_mean,central,1.0,0.75,3.748120399910251,0.2769765870070273,0.07389746258248789,True,True
conservative_site_selection,uniform_new_build,ample,0.3,20.0,uniform_google_ai_2024,portfolio_mean,central,0.75,0.5,3.7481203999102526,0.6488423429693099,0.17311139284235538,True,True
conservative_site_selection,uniform_new_build,ample,0.3,20.0,uniform_google_ai_2024,portfolio_mean,central,0.5,0.25,3.7481203999102526,0.9598036262052932,0.25607598577363616,True,True
conservative_site_selection,uniform_new_build,ample,0.3,20.0,uniform_google_ai_2024,portfolio_mean,central,0.25,0.0,3.7481203999102544,1.3103611654334697,0.34960487541031104,True,True
conservative_site_selection,uniform_new_build,ample,0.3,35.0,uniform_google_ai_2024,portfolio_mean,central,1.0,0.75,3.748120399910251,0.2769765870070273,0.07389746258248789,True,True
conservative_site_selection,uniform_new_build,ample,0.3,35.0,uniform_google_ai_2024,portfolio_mean,central,0.75,0.5,3.7481203999102526,0.6488423429693099,0.17311139284235538,True,True
conservative_site_selection,uniform_new_build,ample,0.3,35.0,uniform_google_ai_2024,portfolio_mean,central,0.5,0.25,3.7481203999102526,0.9598036262052932,0.25607598577363616,True,True
conservative_site_selection,uniform_new_build,ample,0.3,35.0,uniform_google_ai_2024,portfolio_mean,central,0.25,0.0,3.7481203999102544,1.3103611654334697,0.34960487541031104,True,True
conservative_site_selection,uniform_new_build,ample,0.5,15.0,uniform_google_ai_2024,portfolio_mean,central,1.0,0.75,8.10305537802379,0.4995352210469335,0.061647760967019634,True,True
conservative_site_selection,uniform_new_build,ample,0.5,15.0,uniform_google_ai_2024,portfolio_mean,central,0.75,0.5,8.103055378023821,1.4495365433534033,0.17888765110561508,True,True
conservative_site_selection,uniform_new_build,ample,0.5,15.0,uniform_google_ai_2024,portfolio_mean,central,0.5,0.25,8.103055378023807,2.2978355843316223,0.2835764384090911,True,True
conservative_site_selection,uniform_new_build,ample,0.5,15.0,uniform_google_ai_2024,portfolio_mean,central,0.25,0.0,8.103055378023804,3.2266858271412175,0.39820606877404197,True,True
conservative_site_selection,uniform_new_build,ample,0.5,20.0,uniform_google_ai_2024,portfolio_mean,central,1.0,0.75,6.246867333183772,0.4616276450117027,0.07389746258248613,True,True
conservative_site_selection,uniform_new_build,ample,0.5,20.0,uniform_google_ai_2024,portfolio_mean,central,0.75,0.5,6.246867333183754,1.0814039049488642,0.1731113928423577,True,True
conservative_site_selection,uniform_new_build,ample,0.5,20.0,uniform_google_ai_2024,portfolio_mean,central,0.5,0.25,6.246867333183754,1.599672710342141,0.25607598577363383,True,True
conservative_site_selection,uniform_new_build,ample,0.5,20.0,uniform_google_ai_2024,portfolio_mean,central,0.25,0.0,6.246867333183758,2.183935275722454,0.34960487541031177,True,True
conservative_site_selection,uniform_new_build,ample,0.5,35.0,uniform_google_ai_2024,portfolio_mean,central,1.0,0.75,6.246867333183772,0.4616276450117027,0.07389746258248613,True,True
conservative_site_selection,uniform_new_build,ample,0.5,35.0,uniform_google_ai_2024,portfolio_mean,central,0.75,0.5,6.246867333183754,1.0814039049488642,0.1731113928423577,True,True
conservative_site_selection,uniform_new_build,ample,0.5,35.0,uniform_google_ai_2024,portfolio_mean,central,0.5,0.25,6.246867333183754,1.599672710342141,0.25607598577363383,True,True
conservative_site_selection,uniform_new_build,ample,0.5,35.0,uniform_google_ai_2024,portfolio_mean,central,0.25,0.0,6.246867333183758,2.183935275722454,0.34960487541031177,True,True
conservative_site_selection,uniform_new_build,central,0.15,15.0,uniform_google_ai_2024,portfolio_mean,central,1.0,0.75,2.43091661340714,0.149860566314075,0.06164776096701747,True,True
conservative_site_selection,uniform_new_build,central,0.15,15.0,uniform_google_ai_2024,portfolio_mean,central,0.75,0.5,2.4309166134071436,0.43486096300601684,0.17888765110561358,True,True
conservative_site_selection,uniform_new_build,central,0.15,15.0,uniform_google_ai_2024,portfolio_mean,central,0.5,0.25,2.430916613407142,0.6893506752994867,0.2835764384090911,True,True
conservative_site_selection,uniform_new_build,central,0.15,15.0,uniform_google_ai_2024,portfolio_mean,central,0.25,0.0,2.430916613407142,0.9680057481423674,0.39820606877404274,True,True
conservative_site_selection,uniform_new_build,central,0.15,20.0,uniform_google_ai_2024,portfolio_mean,central,1.0,0.75,1.8740601999551254,0.1384882935035136,0.07389746258248786,True,True
conservative_site_selection,uniform_new_build,central,0.15,20.0,uniform_google_ai_2024,portfolio_mean,central,0.75,0.5,1.8740601999551263,0.3244211714846586,0.17311139284235733,True,True
conservative_site_selection,uniform_new_build,central,0.15,20.0,uniform_google_ai_2024,portfolio_mean,central,0.5,0.25,1.8740601999551272,0.479901813102643,0.2560759857736341,True,True
conservative_site_selection,uniform_new_build,central,0.15,20.0,uniform_google_ai_2024,portfolio_mean,central,0.25,0.0,1.8740601999551263,0.6551805827167384,0.3496048754103131,True,True
conservative_site_selection,uniform_new_build,central,0.15,35.0,uniform_google_ai_2024,portfolio_mean,central,1.0,0.75,1.8740601999551254,0.1384882935035136,0.07389746258248786,True,True
conservative_site_selection,uniform_new_build,central,0.15,35.0,uniform_google_ai_2024,portfolio_mean,central,0.75,0.5,1.8740601999551263,0.3244211714846586,0.17311139284235733,True,True
conservative_site_selection,uniform_new_build,central,0.15,35.0,uniform_google_ai_2024,portfolio_mean,central,0.5,0.25,1.8740601999551272,0.479901813102643,0.2560759857736341,True,True
conservative_site_selection,uniform_new_build,central,0.15,35.0,uniform_google_ai_2024,portfolio_mean,central,0.25,0.0,1.8740601999551263,0.6551805827167384,0.3496048754103131,True,True
conservative_site_selection,uniform_new_build,central,0.3,15.0,uniform_google_ai_2024,portfolio_mean,central,1.0,0.75,4.86183322681428,0.2997211326281643,0.06164776096702042,True,True
conservative_site_selection,uniform_new_build,central,0.3,15.0,uniform_google_ai_2024,portfolio_mean,central,0.75,0.5,4.861833226814287,0.8697219260120335,0.17888765110561353,True,True
conservative_site_selection,uniform_new_build,central,0.3,15.0,uniform_google_ai_2024,portfolio_mean,central,0.5,0.25,4.861833226814285,1.3787013505989734,0.283576438409091,True,True
conservative_site_selection,uniform_new_build,central,0.3,15.0,uniform_google_ai_2024,portfolio_mean,central,0.25,0.0,4.861833226814278,1.9360114962847348,0.3982060687740432,True,True
conservative_site_selection,uniform_new_build,central,0.3,20.0,uniform_google_ai_2024,portfolio_mean,central,1.0,0.75,3.748120399910251,0.2769765870070273,0.07389746258248789,True,True
conservative_site_selection,uniform_new_build,central,0.3,20.0,uniform_google_ai_2024,portfolio_mean,central,0.75,0.5,3.7481203999102526,0.6488423429693099,0.17311139284235538,True,True
conservative_site_selection,uniform_new_build,central,0.3,20.0,uniform_google_ai_2024,portfolio_mean,central,0.5,0.25,3.7481203999102526,0.9598036262052932,0.25607598577363616,True,True
conservative_site_selection,uniform_new_build,central,0.3,20.0,uniform_google_ai_2024,portfolio_mean,central,0.25,0.0,3.7481203999102544,1.3103611654334697,0.34960487541031104,True,True
conservative_site_selection,uniform_new_build,central,0.3,35.0,uniform_google_ai_2024,portfolio_mean,central,1.0,0.75,3.748120399910251,0.2769765870070273,0.07389746258248789,True,True
conservative_site_selection,uniform_new_build,central,0.3,35.0,uniform_google_ai_2024,portfolio_mean,central,0.75,0.5,3.7481203999102526,0.6488423429693099,0.17311139284235538,True,True
conservative_site_selection,uniform_new_build,central,0.3,35.0,uniform_google_ai_2024,portfolio_mean,central,0.5,0.25,3.7481203999102526,0.9598036262052932,0.25607598577363616,True,True
conservative_site_selection,uniform_new_build,central,0.3,35.0,uniform_google_ai_2024,portfolio_mean,central,0.25,0.0,3.7481203999102544,1.3103611654334697,0.34960487541031104,True,True
conservative_site_selection,uniform_new_build,central,0.5,15.0,uniform_google_ai_2024,portfolio_mean,central,1.0,0.75,8.10305537802379,0.4995352210469335,0.061647760967019634,True,True
conservative_site_selection,uniform_new_build,central,0.5,15.0,uniform_google_ai_2024,portfolio_mean,central,0.75,0.5,8.103055378023821,1.4495365433534033,0.17888765110561508,True,True
conservative_site_selection,uniform_new_build,central,0.5,15.0,uniform_google_ai_2024,portfolio_mean,central,0.5,0.25,8.103055378023807,2.2978355843316223,0.2835764384090911,True,True
conservative_site_selection,uniform_new_build,central,0.5,15.0,uniform_google_ai_2024,portfolio_mean,central,0.25,0.0,8.103055378023804,3.2266858271412175,0.39820606877404197,True,True
conservative_site_selection,uniform_new_build,central,0.5,20.0,uniform_google_ai_2024,portfolio_mean,central,1.0,0.75,6.246867333183772,0.4616276450117027,0.07389746258248613,True,True
conservative_site_selection,uniform_new_build,central,0.5,20.0,uniform_google_ai_2024,portfolio_mean,central,0.75,0.5,6.246867333183754,1.0814039049488642,0.1731113928423577,True,True
conservative_site_selection,uniform_new_build,central,0.5,20.0,uniform_google_ai_2024,portfolio_mean,central,0.5,0.25,6.246867333183754,1.599672710342141,0.25607598577363383,True,True
conservative_site_selection,uniform_new_build,central,0.5,20.0,uniform_google_ai_2024,portfolio_mean,central,0.25,0.0,6.246867333183758,2.183935275722454,0.34960487541031177,True,True
conservative_site_selection,uniform_new_build,central,0.5,35.0,uniform_google_ai_2024,portfolio_mean,central,1.0,0.75,6.246867333183772,0.4616276450117027,0.07389746258248613,True,True
conservative_site_selection,uniform_new_build,central,0.5,35.0,uniform_google_ai_2024,portfolio_mean,central,0.75,0.5,6.246867333183754,1.0814039049488642,0.1731113928423577,True,True
conservative_site_selection,uniform_new_build,central,0.5,35.0,uniform_google_ai_2024,portfolio_mean,central,0.5,0.25,6.246867333183754,1.599672710342141,0.25607598577363383,True,True
conservative_site_selection,uniform_new_build,central,0.5,35.0,uniform_google_ai_2024,portfolio_mean,central,0.25,0.0,6.246867333183758,2.183935275722454,0.34960487541031177,True,True
conservative_site_selection,uniform_new_build,tight,0.15,15.0,uniform_google_ai_2024,portfolio_mean,central,1.0,0.75,2.430916613407142,0.1637244993355864,0.06735093192115389,True,True
conservative_site_selection,uniform_new_build,tight,0.15,15.0,uniform_google_ai_2024,portfolio_mean,central,0.75,0.5,2.4309166134071427,0.44871802245707215,0.1845879944965099,True,True
conservative_site_selection,uniform_new_build,tight,0.15,15.0,uniform_google_ai_2024,portfolio_mean,central,0.5,0.25,2.430916613407141,0.6913189554924486,0.28438612483852543,True,True
conservative_site_selection,uniform_new_build,tight,0.15,15.0,uniform_google_ai_2024,portfolio_mean,central,0.25,0.0,2.430916613407142,0.9680057481423674,0.39820606877404274,True,True
conservative_site_selection,uniform_new_build,tight,0.15,20.0,uniform_google_ai_2024,portfolio_mean,central,1.0,0.75,1.8740601999551254,0.1384882935035136,0.07389746258248786,True,True
conservative_site_selection,uniform_new_build,tight,0.15,20.0,uniform_google_ai_2024,portfolio_mean,central,0.75,0.5,1.8740601999551263,0.3244211714846515,0.17311139284235355,True,True
conservative_site_selection,uniform_new_build,tight,0.15,20.0,uniform_google_ai_2024,portfolio_mean,central,0.5,0.25,1.8740601999551272,0.4799018131026357,0.25607598577363017,True,True
conservative_site_selection,uniform_new_build,tight,0.15,20.0,uniform_google_ai_2024,portfolio_mean,central,0.25,0.0,1.8740601999551263,0.6551805827167386,0.3496048754103132,True,True
conservative_site_selection,uniform_new_build,tight,0.15,35.0,uniform_google_ai_2024,portfolio_mean,central,1.0,0.75,1.8740601999551254,0.1384882935035136,0.07389746258248786,True,True
conservative_site_selection,uniform_new_build,tight,0.15,35.0,uniform_google_ai_2024,portfolio_mean,central,0.75,0.5,1.8740601999551263,0.3244211714846515,0.17311139284235355,True,True
conservative_site_selection,uniform_new_build,tight,0.15,35.0,uniform_google_ai_2024,portfolio_mean,central,0.5,0.25,1.8740601999551272,0.4799018131026357,0.25607598577363017,True,True
conservative_site_selection,uniform_new_build,tight,0.15,35.0,uniform_google_ai_2024,portfolio_mean,central,0.25,0.0,1.8740601999551263,0.6551805827167386,0.3496048754103132,True,True
conservative_site_selection,uniform_new_build,tight,0.3,15.0,uniform_google_ai_2024,portfolio_mean,central,1.0,0.75,4.861833226814284,0.3196562579252102,0.06574809192594723,True,True
conservative_site_selection,uniform_new_build,tight,0.3,15.0,uniform_google_ai_2024,portfolio_mean,central,0.75,0.5,4.861833226814284,0.8863649426135751,0.18231084886356042,True,True
conservative_site_selection,uniform_new_build,tight,0.3,15.0,uniform_google_ai_2024,portfolio_mean,central,0.5,0.25,4.861833226814285,1.381530582284583,0.2841583653394525,True,True
conservative_site_selection,uniform_new_build,tight,0.3,15.0,uniform_google_ai_2024,portfolio_mean,central,0.25,0.0,4.861833226814278,1.9360114962847277,0.39820606877404174,True,True
conservative_site_selection,uniform_new_build,tight,0.3,20.0,uniform_google_ai_2024,portfolio_mean,central,1.0,0.75,3.748120399910251,0.2769765870070273,0.07389746258248789,True,True
conservative_site_selection,uniform_new_build,tight,0.3,20.0,uniform_google_ai_2024,portfolio_mean,central,0.75,0.5,3.7481203999102526,0.6488423429693099,0.17311139284235538,True,True
conservative_site_selection,uniform_new_build,tight,0.3,20.0,uniform_google_ai_2024,portfolio_mean,central,0.5,0.25,3.7481203999102526,0.9598036262052999,0.25607598577363794,True,True
conservative_site_selection,uniform_new_build,tight,0.3,20.0,uniform_google_ai_2024,portfolio_mean,central,0.25,0.0,3.7481203999102544,1.310361165433463,0.34960487541030927,True,True
conservative_site_selection,uniform_new_build,tight,0.3,35.0,uniform_google_ai_2024,portfolio_mean,central,1.0,0.75,3.748120399910251,0.2769765870070273,0.07389746258248789,True,True
conservative_site_selection,uniform_new_build,tight,0.3,35.0,uniform_google_ai_2024,portfolio_mean,central,0.75,0.5,3.7481203999102526,0.6488423429693099,0.17311139284235538,True,True
conservative_site_selection,uniform_new_build,tight,0.3,35.0,uniform_google_ai_2024,portfolio_mean,central,0.5,0.25,3.7481203999102526,0.9598036262052999,0.25607598577363794,True,True
conservative_site_selection,uniform_new_build,tight,0.3,35.0,uniform_google_ai_2024,portfolio_mean,central,0.25,0.0,3.7481203999102544,1.310361165433463,0.34960487541030927,True,True
conservative_site_selection,uniform_new_build,tight,0.5,15.0,uniform_google_ai_2024,portfolio_mean,central,1.0,0.75,8.069829299923395,0.517789833482766,0.0641636661989469,True,True
conservative_site_selection,uniform_new_build,tight,0.5,15.0,uniform_google_ai_2024,portfolio_mean,central,0.75,0.5,8.069829299923416,1.4700499732479952,0.18216617955747172,True,True
conservative_site_selection,uniform_new_build,tight,0.5,15.0,uniform_google_ai_2024,portfolio_mean,central,0.5,0.25,8.06982929992341,2.2953932572273814,0.284441364484521,True,True
conservative_site_selection,uniform_new_build,tight,0.5,15.0,uniform_google_ai_2024,portfolio_mean,central,0.25,0.0,8.069829299923402,3.2159270785910934,0.3985124045463537,True,True
conservative_site_selection,uniform_new_build,tight,0.5,20.0,uniform_google_ai_2024,portfolio_mean,central,1.0,0.75,6.274237556331677,0.4600530504734976,0.07332413641387117,True,True
conservative_site_selection,uniform_new_build,tight,0.5,20.0,uniform_google_ai_2024,portfolio_mean,central,0.75,0.5,6.274237556331665,1.0778678041756535,0.17179263528010988,True,True
conservative_site_selection,uniform_new_build,tight,0.5,20.0,uniform_google_ai_2024,portfolio_mean,central,0.5,0.25,6.274237556331672,1.6039242624813,0.255636521263479,True,True
conservative_site_selection,uniform_new_build,tight,0.5,20.0,uniform_google_ai_2024,portfolio_mean,central,0.25,0.0,6.274237556331659,2.191664388737479,0.3493116683995741,True,True
conservative_site_selection,uniform_new_build,tight,0.5,35.0,uniform_google_ai_2024,portfolio_mean,central,1.0,0.75,6.274237556331677,0.4600530504734976,0.07332413641387117,True,True
conservative_site_selection,uniform_new_build,tight,0.5,35.0,uniform_google_ai_2024,portfolio_mean,central,0.75,0.5,6.274237556331665,1.0778678041756535,0.17179263528010988,True,True
conservative_site_selection,uniform_new_build,tight,0.5,35.0,uniform_google_ai_2024,portfolio_mean,central,0.5,0.25,6.274237556331672,1.6039242624813,0.255636521263479,True,True
conservative_site_selection,uniform_new_build,tight,0.5,35.0,uniform_google_ai_2024,portfolio_mean,central,0.25,0.0,6.274237556331659,2.191664388737479,0.3493116683995741,True,True
equal_site_portfolio,hub_policy_compliant,ample,0.15,15.0,uniform_google_ai_2024,portfolio_mean,central,1.0,0.75,1.5631979570485734,0.0506204593654189,0.032382628916041996,True,True
equal_site_portfolio,hub_policy_compliant,ample,0.15,15.0,uniform_google_ai_2024,portfolio_mean,central,0.75,0.5,1.5631979570485757,0.1529039359903521,0.0978148258836297,True,True
equal_site_portfolio,hub_policy_compliant,ample,0.15,15.0,uniform_google_ai_2024,portfolio_mean,central,0.5,0.25,1.5631979570485748,0.19968790608624692,0.12774319796532452,True,True
equal_site_portfolio,hub_policy_compliant,ample,0.15,15.0,uniform_google_ai_2024,portfolio_mean,central,0.25,0.0,1.5631979570485743,0.3160234576306067,0.2021647074227763,True,True
equal_site_portfolio,hub_policy_compliant,ample,0.15,20.0,uniform_google_ai_2024,portfolio_mean,central,1.0,0.75,0.3031305838676309,0.0008916427475682,0.002941447663220801,True,True
equal_site_portfolio,hub_policy_compliant,ample,0.15,20.0,uniform_google_ai_2024,portfolio_mean,central,0.75,0.5,0.30313058386763014,0.0039443338999377,0.013011995852124562,True,True
equal_site_portfolio,hub_policy_compliant,ample,0.15,20.0,uniform_google_ai_2024,portfolio_mean,central,0.5,0.25,0.3031305838676306,0.0094011834861973,0.031013642260203467,True,True
equal_site_portfolio,hub_policy_compliant,ample,0.15,20.0,uniform_google_ai_2024,portfolio_mean,central,0.25,0.0,0.30313058386763025,0.0148755444569133,0.049073057119861874,True,True
equal_site_portfolio,hub_policy_compliant,ample,0.15,35.0,uniform_google_ai_2024,portfolio_mean,central,1.0,0.75,0.3031305838676309,0.0008916427475682,0.002941447663220801,True,True
equal_site_portfolio,hub_policy_compliant,ample,0.15,35.0,uniform_google_ai_2024,portfolio_mean,central,0.75,0.5,0.30313058386763014,0.0039443338999377,0.013011995852124562,True,True
equal_site_portfolio,hub_policy_compliant,ample,0.15,35.0,uniform_google_ai_2024,portfolio_mean,central,0.5,0.25,0.3031305838676306,0.0094011834861973,0.031013642260203467,True,True
equal_site_portfolio,hub_policy_compliant,ample,0.15,35.0,uniform_google_ai_2024,portfolio_mean,central,0.25,0.0,0.30313058386763025,0.0148755444569133,0.049073057119861874,True,True
equal_site_portfolio,hub_policy_compliant,ample,0.3,15.0,uniform_google_ai_2024,portfolio_mean,central,1.0,0.75,3.126395914097147,0.1012409187308307,0.03238262891603972,True,True
equal_site_portfolio,hub_policy_compliant,ample,0.3,15.0,uniform_google_ai_2024,portfolio_mean,central,0.75,0.5,3.1263959140971513,0.3058078719807185,0.09781482588363428,True,True
equal_site_portfolio,hub_policy_compliant,ample,0.3,15.0,uniform_google_ai_2024,portfolio_mean,central,0.5,0.25,3.1263959140971496,0.39937581217249374,0.12774319796532446,True,True
equal_site_portfolio,hub_policy_compliant,ample,0.3,15.0,uniform_google_ai_2024,portfolio_mean,central,0.25,0.0,3.1263959140971487,0.6320469152612063,0.20216470742277404,True,True
equal_site_portfolio,hub_policy_compliant,ample,0.3,20.0,uniform_google_ai_2024,portfolio_mean,central,1.0,0.75,0.6062611677352618,0.0017832854951365,0.0029414476632209662,True,True
equal_site_portfolio,hub_policy_compliant,ample,0.3,20.0,uniform_google_ai_2024,portfolio_mean,central,0.75,0.5,0.6062611677352601,0.0078886677998824,0.013011995852136114,True,True
equal_site_portfolio,hub_policy_compliant,ample,0.3,20.0,uniform_google_ai_2024,portfolio_mean,central,0.5,0.25,0.6062611677352612,0.018802366972394596,0.031013642260203464,True,True
equal_site_portfolio,hub_policy_compliant,ample,0.3,20.0,uniform_google_ai_2024,portfolio_mean,central,0.25,0.0,0.6062611677352612,0.029751088913833802,0.0490730571198737,True,True
equal_site_portfolio,hub_policy_compliant,ample,0.3,35.0,uniform_google_ai_2024,portfolio_mean,central,1.0,0.75,0.6062611677352618,0.0017832854951365,0.0029414476632209662,True,True
equal_site_portfolio,hub_policy_compliant,ample,0.3,35.0,uniform_google_ai_2024,portfolio_mean,central,0.75,0.5,0.6062611677352601,0.0078886677998824,0.013011995852136114,True,True
equal_site_portfolio,hub_policy_compliant,ample,0.3,35.0,uniform_google_ai_2024,portfolio_mean,central,0.5,0.25,0.6062611677352612,0.018802366972394596,0.031013642260203464,True,True
equal_site_portfolio,hub_policy_compliant,ample,0.3,35.0,uniform_google_ai_2024,portfolio_mean,central,0.25,0.0,0.6062611677352612,0.029751088913833802,0.0490730571198737,True,True
equal_site_portfolio,hub_policy_compliant,ample,0.5,15.0,uniform_google_ai_2024,portfolio_mean,central,1.0,0.75,5.210659856828574,0.1687348645513822,0.032382628916039304,True,True
equal_site_portfolio,hub_policy_compliant,ample,0.5,15.0,uniform_google_ai_2024,portfolio_mean,central,0.75,0.5,5.210659856828592,0.5096797866345284,0.0978148258836337,True,True
equal_site_portfolio,hub_policy_compliant,ample,0.5,15.0,uniform_google_ai_2024,portfolio_mean,central,0.5,0.25,5.210659856828583,0.66562635362083,0.12774319796532582,True,True
equal_site_portfolio,hub_policy_compliant,ample,0.5,15.0,uniform_google_ai_2024,portfolio_mean,central,0.25,0.0,5.210659856828579,1.0534115254353438,0.20216470742277412,True,True
equal_site_portfolio,hub_policy_compliant,ample,0.5,20.0,uniform_google_ai_2024,portfolio_mean,central,1.0,0.75,1.0104352795587683,0.0029721424918989,0.0029414476632256548,True,True
equal_site_portfolio,hub_policy_compliant,ample,0.5,20.0,uniform_google_ai_2024,portfolio_mean,central,0.75,0.5,1.0104352795587679,0.0131477796664718,0.01301199585213722,True,True
equal_site_portfolio,hub_policy_compliant,ample,0.5,20.0,uniform_google_ai_2024,portfolio_mean,central,0.5,0.25,1.0104352795587688,0.0313372782873316,0.031013642260210656,True,True
equal_site_portfolio,hub_policy_compliant,ample,0.5,20.0,uniform_google_ai_2024,portfolio_mean,central,0.25,0.0,1.0104352795587683,0.0495851481897205,0.049073057119871234,True,True
equal_site_portfolio,hub_policy_compliant,ample,0.5,35.0,uniform_google_ai_2024,portfolio_mean,central,1.0,0.75,1.0104352795587683,0.0029721424918989,0.0029414476632256548,True,True
equal_site_portfolio,hub_policy_compliant,ample,0.5,35.0,uniform_google_ai_2024,portfolio_mean,central,0.75,0.5,1.0104352795587679,0.0131477796664718,0.01301199585213722,True,True
equal_site_portfolio,hub_policy_compliant,ample,0.5,35.0,uniform_google_ai_2024,portfolio_mean,central,0.5,0.25,1.0104352795587688,0.0313372782873316,0.031013642260210656,True,True
equal_site_portfolio,hub_policy_compliant,ample,0.5,35.0,uniform_google_ai_2024,portfolio_mean,central,0.25,0.0,1.0104352795587683,0.0495851481897205,0.049073057119871234,True,True
equal_site_portfolio,hub_policy_compliant,central,0.15,15.0,uniform_google_ai_2024,portfolio_mean,central,1.0,0.75,1.5631979570485734,0.0506204593654189,0.032382628916041996,True,True
equal_site_portfolio,hub_policy_compliant,central,0.15,15.0,uniform_google_ai_2024,portfolio_mean,central,0.75,0.5,1.5631979570485757,0.1529039359903521,0.0978148258836297,True,True
equal_site_portfolio,hub_policy_compliant,central,0.15,15.0,uniform_google_ai_2024,portfolio_mean,central,0.5,0.25,1.5631979570485748,0.19968790608624692,0.12774319796532452,True,True
equal_site_portfolio,hub_policy_compliant,central,0.15,15.0,uniform_google_ai_2024,portfolio_mean,central,0.25,0.0,1.5631979570485743,0.3160234576306067,0.2021647074227763,True,True
equal_site_portfolio,hub_policy_compliant,central,0.15,20.0,uniform_google_ai_2024,portfolio_mean,central,1.0,0.75,0.3031305838676309,0.0008916427475682,0.002941447663220801,True,True
equal_site_portfolio,hub_policy_compliant,central,0.15,20.0,uniform_google_ai_2024,portfolio_mean,central,0.75,0.5,0.30313058386763014,0.0039443338999377,0.013011995852124562,True,True
equal_site_portfolio,hub_policy_compliant,central,0.15,20.0,uniform_google_ai_2024,portfolio_mean,central,0.5,0.25,0.3031305838676306,0.0094011834861973,0.031013642260203467,True,True
equal_site_portfolio,hub_policy_compliant,central,0.15,20.0,uniform_google_ai_2024,portfolio_mean,central,0.25,0.0,0.30313058386763025,0.0148755444569133,0.049073057119861874,True,True
equal_site_portfolio,hub_policy_compliant,central,0.15,35.0,uniform_google_ai_2024,portfolio_mean,central,1.0,0.75,0.3031305838676309,0.0008916427475682,0.002941447663220801,True,True
equal_site_portfolio,hub_policy_compliant,central,0.15,35.0,uniform_google_ai_2024,portfolio_mean,central,0.75,0.5,0.30313058386763014,0.0039443338999377,0.013011995852124562,True,True
equal_site_portfolio,hub_policy_compliant,central,0.15,35.0,uniform_google_ai_2024,portfolio_mean,central,0.5,0.25,0.3031305838676306,0.0094011834861973,0.031013642260203467,True,True
equal_site_portfolio,hub_policy_compliant,central,0.15,35.0,uniform_google_ai_2024,portfolio_mean,central,0.25,0.0,0.30313058386763025,0.0148755444569133,0.049073057119861874,True,True
equal_site_portfolio,hub_policy_compliant,central,0.3,15.0,uniform_google_ai_2024,portfolio_mean,central,1.0,0.75,3.126395914097147,0.1012409187308307,0.03238262891603972,True,True
equal_site_portfolio,hub_policy_compliant,central,0.3,15.0,uniform_google_ai_2024,portfolio_mean,central,0.75,0.5,3.1263959140971513,0.3058078719807185,0.09781482588363428,True,True
equal_site_portfolio,hub_policy_compliant,central,0.3,15.0,uniform_google_ai_2024,portfolio_mean,central,0.5,0.25,3.1263959140971496,0.39937581217249374,0.12774319796532446,True,True
equal_site_portfolio,hub_policy_compliant,central,0.3,15.0,uniform_google_ai_2024,portfolio_mean,central,0.25,0.0,3.1263959140971487,0.6320469152612063,0.20216470742277404,True,True
equal_site_portfolio,hub_policy_compliant,central,0.3,20.0,uniform_google_ai_2024,portfolio_mean,central,1.0,0.75,0.6062611677352618,0.0017832854951365,0.0029414476632209662,True,True
equal_site_portfolio,hub_policy_compliant,central,0.3,20.0,uniform_google_ai_2024,portfolio_mean,central,0.75,0.5,0.6062611677352601,0.0078886677998824,0.013011995852136114,True,True
equal_site_portfolio,hub_policy_compliant,central,0.3,20.0,uniform_google_ai_2024,portfolio_mean,central,0.5,0.25,0.6062611677352612,0.018802366972394596,0.031013642260203464,True,True
equal_site_portfolio,hub_policy_compliant,central,0.3,20.0,uniform_google_ai_2024,portfolio_mean,central,0.25,0.0,0.6062611677352612,0.029751088913833802,0.0490730571198737,True,True
equal_site_portfolio,hub_policy_compliant,central,0.3,35.0,uniform_google_ai_2024,portfolio_mean,central,1.0,0.75,0.6062611677352618,0.0017832854951365,0.0029414476632209662,True,True
equal_site_portfolio,hub_policy_compliant,central,0.3,35.0,uniform_google_ai_2024,portfolio_mean,central,0.75,0.5,0.6062611677352601,0.0078886677998824,0.013011995852136114,True,True
equal_site_portfolio,hub_policy_compliant,central,0.3,35.0,uniform_google_ai_2024,portfolio_mean,central,0.5,0.25,0.6062611677352612,0.018802366972394596,0.031013642260203464,True,True
equal_site_portfolio,hub_policy_compliant,central,0.3,35.0,uniform_google_ai_2024,portfolio_mean,central,0.25,0.0,0.6062611677352612,0.029751088913833802,0.0490730571198737,True,True
equal_site_portfolio,hub_policy_compliant,central,0.5,15.0,uniform_google_ai_2024,portfolio_mean,central,1.0,0.75,5.210659856828574,0.1687348645513822,0.032382628916039304,True,True
equal_site_portfolio,hub_policy_compliant,central,0.5,15.0,uniform_google_ai_2024,portfolio_mean,central,0.75,0.5,5.210659856828592,0.5096797866345284,0.0978148258836337,True,True
equal_site_portfolio,hub_policy_compliant,central,0.5,15.0,uniform_google_ai_2024,portfolio_mean,central,0.5,0.25,5.210659856828583,0.66562635362083,0.12774319796532582,True,True
equal_site_portfolio,hub_policy_compliant,central,0.5,15.0,uniform_google_ai_2024,portfolio_mean,central,0.25,0.0,5.210659856828579,1.0534115254353438,0.20216470742277412,True,True
equal_site_portfolio,hub_policy_compliant,central,0.5,20.0,uniform_google_ai_2024,portfolio_mean,central,1.0,0.75,1.0104352795587683,0.0029721424918989,0.0029414476632256548,True,True
equal_site_portfolio,hub_policy_compliant,central,0.5,20.0,uniform_google_ai_2024,portfolio_mean,central,0.75,0.5,1.0104352795587679,0.0131477796664718,0.01301199585213722,True,True
equal_site_portfolio,hub_policy_compliant,central,0.5,20.0,uniform_google_ai_2024,portfolio_mean,central,0.5,0.25,1.0104352795587688,0.0313372782873316,0.031013642260210656,True,True
equal_site_portfolio,hub_policy_compliant,central,0.5,20.0,uniform_google_ai_2024,portfolio_mean,central,0.25,0.0,1.0104352795587683,0.0495851481897205,0.049073057119871234,True,True
equal_site_portfolio,hub_policy_compliant,central,0.5,35.0,uniform_google_ai_2024,portfolio_mean,central,1.0,0.75,1.0104352795587683,0.0029721424918989,0.0029414476632256548,True,True
equal_site_portfolio,hub_policy_compliant,central,0.5,35.0,uniform_google_ai_2024,portfolio_mean,central,0.75,0.5,1.0104352795587679,0.0131477796664718,0.01301199585213722,True,True
equal_site_portfolio,hub_policy_compliant,central,0.5,35.0,uniform_google_ai_2024,portfolio_mean,central,0.5,0.25,1.0104352795587688,0.0313372782873316,0.031013642260210656,True,True
equal_site_portfolio,hub_policy_compliant,central,0.5,35.0,uniform_google_ai_2024,portfolio_mean,central,0.25,0.0,1.0104352795587683,0.0495851481897205,0.049073057119871234,True,True
equal_site_portfolio,hub_policy_compliant,tight,0.15,15.0,uniform_google_ai_2024,portfolio_mean,central,1.0,0.75,1.5631979570485743,0.0667442424505111,0.04269724262980028,True,True
equal_site_portfolio,hub_policy_compliant,tight,0.15,15.0,uniform_google_ai_2024,portfolio_mean,central,0.75,0.5,1.5631979570485752,0.15419206436449429,0.09863885995323296,True,True
equal_site_portfolio,hub_policy_compliant,tight,0.15,15.0,uniform_google_ai_2024,portfolio_mean,central,0.5,0.25,1.5631979570485743,0.1997885784577562,0.12780759951540036,True,True
equal_site_portfolio,hub_policy_compliant,tight,0.15,15.0,uniform_google_ai_2024,portfolio_mean,central,0.25,0.0,1.5631979570485743,0.31602345763060674,0.20216470742277634,True,True
equal_site_portfolio,hub_policy_compliant,tight,0.15,20.0,uniform_google_ai_2024,portfolio_mean,central,1.0,0.75,0.3031305838676309,0.0008916427475682,0.002941447663220801,True,True
equal_site_portfolio,hub_policy_compliant,tight,0.15,20.0,uniform_google_ai_2024,portfolio_mean,central,0.75,0.5,0.30313058386763014,0.0039443338999448005,0.013011995852147986,True,True
equal_site_portfolio,hub_policy_compliant,tight,0.15,20.0,uniform_google_ai_2024,portfolio_mean,central,0.5,0.25,0.3031305838676306,0.0094011834861973,0.031013642260203467,True,True
equal_site_portfolio,hub_policy_compliant,tight,0.15,20.0,uniform_google_ai_2024,portfolio_mean,central,0.25,0.0,0.30313058386763025,0.0148755444569204,0.0490730571198853,True,True
equal_site_portfolio,hub_policy_compliant,tight,0.15,35.0,uniform_google_ai_2024,portfolio_mean,central,1.0,0.75,0.3031305838676309,0.0008916427475682,0.002941447663220801,True,True
equal_site_portfolio,hub_policy_compliant,tight,0.15,35.0,uniform_google_ai_2024,portfolio_mean,central,0.75,0.5,0.30313058386763014,0.0039443338999448005,0.013011995852147986,True,True
equal_site_portfolio,hub_policy_compliant,tight,0.15,35.0,uniform_google_ai_2024,portfolio_mean,central,0.5,0.25,0.3031305838676306,0.0094011834861973,0.031013642260203467,True,True
equal_site_portfolio,hub_policy_compliant,tight,0.15,35.0,uniform_google_ai_2024,portfolio_mean,central,0.25,0.0,0.30313058386763025,0.0148755444569204,0.0490730571198853,True,True
equal_site_portfolio,hub_policy_compliant,tight,0.3,15.0,uniform_google_ai_2024,portfolio_mean,central,1.0,0.75,3.126395914097147,0.1195536174109008,0.03824007601590855,True,True
equal_site_portfolio,hub_policy_compliant,tight,0.3,15.0,uniform_google_ai_2024,portfolio_mean,central,0.75,0.5,3.1263959140971522,0.3074461591961182,0.09833884371771999,True,True
equal_site_portfolio,hub_policy_compliant,tight,0.3,15.0,uniform_google_ai_2024,portfolio_mean,central,0.5,0.25,3.1263959140971487,0.399476484418635,0.12777539870026255,True,True
equal_site_portfolio,hub_policy_compliant,tight,0.3,15.0,uniform_google_ai_2024,portfolio_mean,central,0.25,0.0,3.1263959140971487,0.6320469153865744,0.20216470746287393,True,True
equal_site_portfolio,hub_policy_compliant,tight,0.3,20.0,uniform_google_ai_2024,portfolio_mean,central,1.0,0.75,0.6062611677352618,0.0017832854951365,0.0029414476632209662,True,True
equal_site_portfolio,hub_policy_compliant,tight,0.3,20.0,uniform_google_ai_2024,portfolio_mean,central,0.75,0.5,0.6062611677352601,0.0078886677998895,0.013011995852147825,True,True
equal_site_portfolio,hub_policy_compliant,tight,0.3,20.0,uniform_google_ai_2024,portfolio_mean,central,0.5,0.25,0.6062611677352612,0.0188023669723946,0.031013642260203467,True,True
equal_site_portfolio,hub_policy_compliant,tight,0.3,20.0,uniform_google_ai_2024,portfolio_mean,central,0.25,0.0,0.6062611677352612,0.0297510889138338,0.0490730571198737,True,True
equal_site_portfolio,hub_policy_compliant,tight,0.3,35.0,uniform_google_ai_2024,portfolio_mean,central,1.0,0.75,0.6062611677352618,0.0017832854951365,0.0029414476632209662,True,True
equal_site_portfolio,hub_policy_compliant,tight,0.3,35.0,uniform_google_ai_2024,portfolio_mean,central,0.75,0.5,0.6062611677352601,0.0078886677998895,0.013011995852147825,True,True
equal_site_portfolio,hub_policy_compliant,tight,0.3,35.0,uniform_google_ai_2024,portfolio_mean,central,0.5,0.25,0.6062611677352612,0.0188023669723946,0.031013642260203467,True,True
equal_site_portfolio,hub_policy_compliant,tight,0.3,35.0,uniform_google_ai_2024,portfolio_mean,central,0.25,0.0,0.6062611677352612,0.0297510889138338,0.0490730571198737,True,True
equal_site_portfolio,hub_policy_compliant,tight,0.5,15.0,uniform_google_ai_2024,portfolio_mean,central,1.0,0.75,5.204804001876093,0.1872625317079155,0.03597878645198089,True,True
equal_site_portfolio,hub_policy_compliant,tight,0.5,15.0,uniform_google_ai_2024,portfolio_mean,central,0.75,0.5,5.2048040018760915,0.5115841020258145,0.09829075251275785,True,True
equal_site_portfolio,hub_policy_compliant,tight,0.5,15.0,uniform_google_ai_2024,portfolio_mean,central,0.5,0.25,5.204804001876088,0.6652168059868231,0.12780823365241872,True,True
equal_site_portfolio,hub_policy_compliant,tight,0.5,15.0,uniform_google_ai_2024,portfolio_mean,central,0.25,0.0,5.204804001876086,1.052580627355539,0.20223251960614333,True,True
equal_site_portfolio,hub_policy_compliant,tight,0.5,20.0,uniform_google_ai_2024,portfolio_mean,central,1.0,0.75,1.04366135765917,0.0031446500660585,0.00301309427907884,True,True
equal_site_portfolio,hub_policy_compliant,tight,0.5,20.0,uniform_google_ai_2024,portfolio_mean,central,0.75,0.5,1.0436613576591687,0.014158698317526601,0.013566372093418492,True,True
equal_site_portfolio,hub_policy_compliant,tight,0.5,20.0,uniform_google_ai_2024,portfolio_mean,central,0.5,0.25,1.0436613576591691,0.03396431598382679,0.032543425829241635,True,True
equal_site_portfolio,hub_policy_compliant,tight,0.5,20.0,uniform_google_ai_2024,portfolio_mean,central,0.25,0.0,1.0436613576591696,0.0521741751484264,0.04999147929118308,True,True
equal_site_portfolio,hub_policy_compliant,tight,0.5,35.0,uniform_google_ai_2024,portfolio_mean,central,1.0,0.75,1.04366135765917,0.0031446500660585,0.00301309427907884,True,True
equal_site_portfolio,hub_policy_compliant,tight,0.5,35.0,uniform_google_ai_2024,portfolio_mean,central,0.75,0.5,1.0436613576591687,0.014158698317526601,0.013566372093418492,True,True
equal_site_portfolio,hub_policy_compliant,tight,0.5,35.0,uniform_google_ai_2024,portfolio_mean,central,0.5,0.25,1.0436613576591691,0.03396431598382679,0.032543425829241635,True,True
equal_site_portfolio,hub_policy_compliant,tight,0.5,35.0,uniform_google_ai_2024,portfolio_mean,central,0.25,0.0,1.0436613576591696,0.0521741751484264,0.04999147929118308,True,True
equal_site_portfolio,legacy_stress,ample,0.15,15.0,uniform_google_ai_2024,portfolio_mean,central,1.0,0.75,1.6150061858645175,0.0755133937002341,0.04675734022641626,True,True
equal_site_portfolio,legacy_stress,ample,0.15,15.0,uniform_google_ai_2024,portfolio_mean,central,0.75,0.5,1.6150061858645206,0.19412772848798457,0.1202024674500346,True,True
equal_site_portfolio,legacy_stress,ample,0.15,15.0,uniform_google_ai_2024,portfolio_mean,central,0.5,0.25,1.6150061858645186,0.24977036531432617,0.15465598057794633,True,True
equal_site_portfolio,legacy_stress,ample,0.15,15.0,uniform_google_ai_2024,portfolio_mean,central,0.25,0.0,1.6150061858645195,0.3728586770362483,0.2308713615463061,True,True
equal_site_portfolio,legacy_stress,ample,0.15,20.0,uniform_google_ai_2024,portfolio_mean,central,1.0,0.75,0.3031305838676309,0.0009287945287255,0.003064007982550121,True,True
equal_site_portfolio,legacy_stress,ample,0.15,20.0,uniform_google_ai_2024,portfolio_mean,central,0.75,0.5,0.30313058386763014,0.004108681145765999,0.013554162345955042,True,True
equal_site_portfolio,legacy_stress,ample,0.15,20.0,uniform_google_ai_2024,portfolio_mean,central,0.5,0.25,0.3031305838676306,0.009792899464791501,0.03230587735438735,True,True
equal_site_portfolio,legacy_stress,ample,0.15,20.0,uniform_google_ai_2024,portfolio_mean,central,0.25,0.0,0.30313058386763025,0.015495358809289499,0.051117767833205326,True,True
equal_site_portfolio,legacy_stress,ample,0.15,35.0,uniform_google_ai_2024,portfolio_mean,central,1.0,0.75,0.3031305838676309,0.0009287945287255,0.003064007982550121,True,True
equal_site_portfolio,legacy_stress,ample,0.15,35.0,uniform_google_ai_2024,portfolio_mean,central,0.75,0.5,0.30313058386763014,0.004108681145765999,0.013554162345955042,True,True
equal_site_portfolio,legacy_stress,ample,0.15,35.0,uniform_google_ai_2024,portfolio_mean,central,0.5,0.25,0.3031305838676306,0.009792899464791501,0.03230587735438735,True,True
equal_site_portfolio,legacy_stress,ample,0.15,35.0,uniform_google_ai_2024,portfolio_mean,central,0.25,0.0,0.30313058386763025,0.015495358809289499,0.051117767833205326,True,True
equal_site_portfolio,legacy_stress,ample,0.3,15.0,uniform_google_ai_2024,portfolio_mean,central,1.0,0.75,3.2300123717290354,0.1510267874004753,0.04675734022641845,True,True
equal_site_portfolio,legacy_stress,ample,0.3,15.0,uniform_google_ai_2024,portfolio_mean,central,0.75,0.5,3.2300123717290408,0.3882554569759621,0.12020246745003244,True,True
equal_site_portfolio,legacy_stress,ample,0.3,15.0,uniform_google_ai_2024,portfolio_mean,central,0.5,0.25,3.2300123717290354,0.49954073062865234,0.1546559805779464,True,True
equal_site_portfolio,legacy_stress,ample,0.3,15.0,uniform_google_ai_2024,portfolio_mean,central,0.25,0.0,3.2300123717290408,0.7457173540725037,0.23087136154630816,True,True
equal_site_portfolio,legacy_stress,ample,0.3,20.0,uniform_google_ai_2024,portfolio_mean,central,1.0,0.75,0.6062611677352618,0.0018575890574368,0.0030640079825266986,True,True
equal_site_portfolio,legacy_stress,ample,0.3,20.0,uniform_google_ai_2024,portfolio_mean,central,0.75,0.5,0.6062611677352601,0.0082173622915391,0.013554162345966762,True,True
equal_site_portfolio,legacy_stress,ample,0.3,20.0,uniform_google_ai_2024,portfolio_mean,central,0.5,0.25,0.6062611677352612,0.0195857989295831,0.03230587735438751,True,True
equal_site_portfolio,legacy_stress,ample,0.3,20.0,uniform_google_ai_2024,portfolio_mean,central,0.25,0.0,0.6062611677352612,0.030990717618571802,0.0511177678331934,True,True
equal_site_portfolio,legacy_stress,ample,0.3,35.0,uniform_google_ai_2024,portfolio_mean,central,1.0,0.75,0.6062611677352618,0.0018575890574368,0.0030640079825266986,True,True
equal_site_portfolio,legacy_stress,ample,0.3,35.0,uniform_google_ai_2024,portfolio_mean,central,0.75,0.5,0.6062611677352601,0.0082173622915391,0.013554162345966762,True,True
equal_site_portfolio,legacy_stress,ample,0.3,35.0,uniform_google_ai_2024,portfolio_mean,central,0.5,0.25,0.6062611677352612,0.0195857989295831,0.03230587735438751,True,True
equal_site_portfolio,legacy_stress,ample,0.3,35.0,uniform_google_ai_2024,portfolio_mean,central,0.25,0.0,0.6062611677352612,0.030990717618571802,0.0511177678331934,True,True
equal_site_portfolio,legacy_stress,ample,0.5,15.0,uniform_google_ai_2024,portfolio_mean,central,1.0,0.75,5.383353952881727,0.2517113123341232,0.04675734022641801,True,True
equal_site_portfolio,legacy_stress,ample,0.5,15.0,uniform_google_ai_2024,portfolio_mean,central,0.75,0.5,5.383353952881732,0.64709242829327,0.12020246745003245,True,True
equal_site_portfolio,legacy_stress,ample,0.5,15.0,uniform_google_ai_2024,portfolio_mean,central,0.5,0.25,5.383353952881736,0.8325678843810993,0.15465598057794835,True,True
equal_site_portfolio,legacy_stress,ample,0.5,15.0,uniform_google_ai_2024,portfolio_mean,central,0.25,0.0,5.383353952881723,1.2428622567874965,0.23087136154630686,True,True
equal_site_portfolio,legacy_stress,ample,0.5,20.0,uniform_google_ai_2024,portfolio_mean,central,1.0,0.75,1.0104352795587683,0.0030959817623958,0.0030640079825278244,True,True
equal_site_portfolio,legacy_stress,ample,0.5,20.0,uniform_google_ai_2024,portfolio_mean,central,0.75,0.5,1.0104352795587679,0.013695603819243798,0.013554162345978586,True,True
equal_site_portfolio,legacy_stress,ample,0.5,20.0,uniform_google_ai_2024,portfolio_mean,central,0.5,0.25,1.0104352795587688,0.032642998215965904,0.03230587735438163,True,True
equal_site_portfolio,legacy_stress,ample,0.5,20.0,uniform_google_ai_2024,portfolio_mean,central,0.25,0.0,1.0104352795587683,0.051651196030959995,0.05111776783320034,True,True
equal_site_portfolio,legacy_stress,ample,0.5,35.0,uniform_google_ai_2024,portfolio_mean,central,1.0,0.75,1.0104352795587683,0.0030959817623958,0.0030640079825278244,True,True
equal_site_portfolio,legacy_stress,ample,0.5,35.0,uniform_google_ai_2024,portfolio_mean,central,0.75,0.5,1.0104352795587679,0.013695603819243798,0.013554162345978586,True,True
equal_site_portfolio,legacy_stress,ample,0.5,35.0,uniform_google_ai_2024,portfolio_mean,central,0.5,0.25,1.0104352795587688,0.032642998215965904,0.03230587735438163,True,True
equal_site_portfolio,legacy_stress,ample,0.5,35.0,uniform_google_ai_2024,portfolio_mean,central,0.25,0.0,1.0104352795587683,0.051651196030959995,0.05111776783320034,True,True
equal_site_portfolio,legacy_stress,central,0.15,15.0,uniform_google_ai_2024,portfolio_mean,central,1.0,0.75,1.6150061858645175,0.0755133937002341,0.04675734022641626,True,True
equal_site_portfolio,legacy_stress,central,0.15,15.0,uniform_google_ai_2024,portfolio_mean,central,0.75,0.5,1.6150061858645206,0.19412772848798457,0.1202024674500346,True,True
equal_site_portfolio,legacy_stress,central,0.15,15.0,uniform_google_ai_2024,portfolio_mean,central,0.5,0.25,1.6150061858645186,0.24977036531432617,0.15465598057794633,True,True
equal_site_portfolio,legacy_stress,central,0.15,15.0,uniform_google_ai_2024,portfolio_mean,central,0.25,0.0,1.6150061858645195,0.3728586770362483,0.2308713615463061,True,True
equal_site_portfolio,legacy_stress,central,0.15,20.0,uniform_google_ai_2024,portfolio_mean,central,1.0,0.75,0.3031305838676309,0.0009287945287255,0.003064007982550121,True,True
equal_site_portfolio,legacy_stress,central,0.15,20.0,uniform_google_ai_2024,portfolio_mean,central,0.75,0.5,0.30313058386763014,0.004108681145765999,0.013554162345955042,True,True
equal_site_portfolio,legacy_stress,central,0.15,20.0,uniform_google_ai_2024,portfolio_mean,central,0.5,0.25,0.3031305838676306,0.009792899464791501,0.03230587735438735,True,True
equal_site_portfolio,legacy_stress,central,0.15,20.0,uniform_google_ai_2024,portfolio_mean,central,0.25,0.0,0.30313058386763025,0.015495358809289499,0.051117767833205326,True,True
equal_site_portfolio,legacy_stress,central,0.15,35.0,uniform_google_ai_2024,portfolio_mean,central,1.0,0.75,0.3031305838676309,0.0009287945287255,0.003064007982550121,True,True
equal_site_portfolio,legacy_stress,central,0.15,35.0,uniform_google_ai_2024,portfolio_mean,central,0.75,0.5,0.30313058386763014,0.004108681145765999,0.013554162345955042,True,True
equal_site_portfolio,legacy_stress,central,0.15,35.0,uniform_google_ai_2024,portfolio_mean,central,0.5,0.25,0.3031305838676306,0.009792899464791501,0.03230587735438735,True,True
equal_site_portfolio,legacy_stress,central,0.15,35.0,uniform_google_ai_2024,portfolio_mean,central,0.25,0.0,0.30313058386763025,0.015495358809289499,0.051117767833205326,True,True
equal_site_portfolio,legacy_stress,central,0.3,15.0,uniform_google_ai_2024,portfolio_mean,central,1.0,0.75,3.2300123717290354,0.1510267874004753,0.04675734022641845,True,True
equal_site_portfolio,legacy_stress,central,0.3,15.0,uniform_google_ai_2024,portfolio_mean,central,0.75,0.5,3.2300123717290408,0.3882554569759621,0.12020246745003244,True,True
equal_site_portfolio,legacy_stress,central,0.3,15.0,uniform_google_ai_2024,portfolio_mean,central,0.5,0.25,3.2300123717290354,0.49954073062865234,0.1546559805779464,True,True
equal_site_portfolio,legacy_stress,central,0.3,15.0,uniform_google_ai_2024,portfolio_mean,central,0.25,0.0,3.2300123717290408,0.7457173540725037,0.23087136154630816,True,True
equal_site_portfolio,legacy_stress,central,0.3,20.0,uniform_google_ai_2024,portfolio_mean,central,1.0,0.75,0.6062611677352618,0.0018575890574368,0.0030640079825266986,True,True
equal_site_portfolio,legacy_stress,central,0.3,20.0,uniform_google_ai_2024,portfolio_mean,central,0.75,0.5,0.6062611677352601,0.0082173622915391,0.013554162345966762,True,True
equal_site_portfolio,legacy_stress,central,0.3,20.0,uniform_google_ai_2024,portfolio_mean,central,0.5,0.25,0.6062611677352612,0.0195857989295831,0.03230587735438751,True,True
equal_site_portfolio,legacy_stress,central,0.3,20.0,uniform_google_ai_2024,portfolio_mean,central,0.25,0.0,0.6062611677352612,0.030990717618571802,0.0511177678331934,True,True
equal_site_portfolio,legacy_stress,central,0.3,35.0,uniform_google_ai_2024,portfolio_mean,central,1.0,0.75,0.6062611677352618,0.0018575890574368,0.0030640079825266986,True,True
equal_site_portfolio,legacy_stress,central,0.3,35.0,uniform_google_ai_2024,portfolio_mean,central,0.75,0.5,0.6062611677352601,0.0082173622915391,0.013554162345966762,True,True
equal_site_portfolio,legacy_stress,central,0.3,35.0,uniform_google_ai_2024,portfolio_mean,central,0.5,0.25,0.6062611677352612,0.0195857989295831,0.03230587735438751,True,True
equal_site_portfolio,legacy_stress,central,0.3,35.0,uniform_google_ai_2024,portfolio_mean,central,0.25,0.0,0.6062611677352612,0.030990717618571802,0.0511177678331934,True,True
equal_site_portfolio,legacy_stress,central,0.5,15.0,uniform_google_ai_2024,portfolio_mean,central,1.0,0.75,5.383353952881727,0.2517113123341232,0.04675734022641801,True,True
equal_site_portfolio,legacy_stress,central,0.5,15.0,uniform_google_ai_2024,portfolio_mean,central,0.75,0.5,5.383353952881732,0.64709242829327,0.12020246745003245,True,True
equal_site_portfolio,legacy_stress,central,0.5,15.0,uniform_google_ai_2024,portfolio_mean,central,0.5,0.25,5.383353952881736,0.8325678843810993,0.15465598057794835,True,True
equal_site_portfolio,legacy_stress,central,0.5,15.0,uniform_google_ai_2024,portfolio_mean,central,0.25,0.0,5.383353952881723,1.2428622567874965,0.23087136154630686,True,True
equal_site_portfolio,legacy_stress,central,0.5,20.0,uniform_google_ai_2024,portfolio_mean,central,1.0,0.75,1.0104352795587683,0.0030959817623958,0.0030640079825278244,True,True
equal_site_portfolio,legacy_stress,central,0.5,20.0,uniform_google_ai_2024,portfolio_mean,central,0.75,0.5,1.0104352795587679,0.013695603819243798,0.013554162345978586,True,True
equal_site_portfolio,legacy_stress,central,0.5,20.0,uniform_google_ai_2024,portfolio_mean,central,0.5,0.25,1.0104352795587688,0.032642998215965904,0.03230587735438163,True,True
equal_site_portfolio,legacy_stress,central,0.5,20.0,uniform_google_ai_2024,portfolio_mean,central,0.25,0.0,1.0104352795587683,0.051651196030959995,0.05111776783320034,True,True
equal_site_portfolio,legacy_stress,central,0.5,35.0,uniform_google_ai_2024,portfolio_mean,central,1.0,0.75,1.0104352795587683,0.0030959817623958,0.0030640079825278244,True,True
equal_site_portfolio,legacy_stress,central,0.5,35.0,uniform_google_ai_2024,portfolio_mean,central,0.75,0.5,1.0104352795587679,0.013695603819243798,0.013554162345978586,True,True
equal_site_portfolio,legacy_stress,central,0.5,35.0,uniform_google_ai_2024,portfolio_mean,central,0.5,0.25,1.0104352795587688,0.032642998215965904,0.03230587735438163,True,True
equal_site_portfolio,legacy_stress,central,0.5,35.0,uniform_google_ai_2024,portfolio_mean,central,0.25,0.0,1.0104352795587683,0.051651196030959995,0.05111776783320034,True,True
equal_site_portfolio,legacy_stress,tight,0.15,15.0,uniform_google_ai_2024,portfolio_mean,central,1.0,0.75,1.6150061858645195,0.090124641229373,0.05580451766575055,True,True
equal_site_portfolio,legacy_stress,tight,0.15,15.0,uniform_google_ai_2024,portfolio_mean,central,0.75,0.5,1.6150061858645186,0.19819691350912907,0.12272207700742245,True,True
equal_site_portfolio,legacy_stress,tight,0.15,15.0,uniform_google_ai_2024,portfolio_mean,central,0.5,0.25,1.6150061858645186,0.24997008491459383,0.1547796454914406,True,True
equal_site_portfolio,legacy_stress,tight,0.15,15.0,uniform_google_ai_2024,portfolio_mean,central,0.25,0.0,1.6150061858645195,0.3728586770362483,0.2308713615463061,True,True
equal_site_portfolio,legacy_stress,tight,0.15,20.0,uniform_google_ai_2024,portfolio_mean,central,1.0,0.75,0.3031305838676309,0.0009287945287255,0.003064007982550121,True,True
equal_site_portfolio,legacy_stress,tight,0.15,20.0,uniform_google_ai_2024,portfolio_mean,central,0.75,0.5,0.30313058386763014,0.004108681145765999,0.013554162345955042,True,True
equal_site_portfolio,legacy_stress,tight,0.15,20.0,uniform_google_ai_2024,portfolio_mean,central,0.5,0.25,0.3031305838676306,0.009792899464791501,0.03230587735438735,True,True
equal_site_portfolio,legacy_stress,tight,0.15,20.0,uniform_google_ai_2024,portfolio_mean,central,0.25,0.0,0.30313058386763025,0.015495358809289499,0.051117767833205326,True,True
equal_site_portfolio,legacy_stress,tight,0.15,35.0,uniform_google_ai_2024,portfolio_mean,central,1.0,0.75,0.3031305838676309,0.0009287945287255,0.003064007982550121,True,True
equal_site_portfolio,legacy_stress,tight,0.15,35.0,uniform_google_ai_2024,portfolio_mean,central,0.75,0.5,0.30313058386763014,0.004108681145765999,0.013554162345955042,True,True
equal_site_portfolio,legacy_stress,tight,0.15,35.0,uniform_google_ai_2024,portfolio_mean,central,0.5,0.25,0.3031305838676306,0.009792899464791501,0.03230587735438735,True,True
equal_site_portfolio,legacy_stress,tight,0.15,35.0,uniform_google_ai_2024,portfolio_mean,central,0.25,0.0,0.30313058386763025,0.015495358809289499,0.051117767833205326,True,True
equal_site_portfolio,legacy_stress,tight,0.3,15.0,uniform_google_ai_2024,portfolio_mean,central,1.0,0.75,3.2300123717290354,0.1663560308855594,0.05150321786430449,True,True
equal_site_portfolio,legacy_stress,tight,0.3,15.0,uniform_google_ai_2024,portfolio_mean,central,0.75,0.5,3.2300123717290417,0.39431540804564236,0.12207860610594608,True,True
equal_site_portfolio,legacy_stress,tight,0.3,15.0,uniform_google_ai_2024,portfolio_mean,central,0.5,0.25,3.2300123717290345,0.4997404502289271,0.15471781303469578,True,True
equal_site_portfolio,legacy_stress,tight,0.3,15.0,uniform_google_ai_2024,portfolio_mean,central,0.25,0.0,3.2300123717290408,0.7457173540724964,0.23087136154630591,True,True
equal_site_portfolio,legacy_stress,tight,0.3,20.0,uniform_google_ai_2024,portfolio_mean,central,1.0,0.75,0.6062611677352618,0.0018575890574368,0.0030640079825266986,True,True
equal_site_portfolio,legacy_stress,tight,0.3,20.0,uniform_google_ai_2024,portfolio_mean,central,0.75,0.5,0.6062611677352601,0.0082173622915462,0.01355416234597847,True,True
equal_site_portfolio,legacy_stress,tight,0.3,20.0,uniform_google_ai_2024,portfolio_mean,central,0.5,0.25,0.6062611677352612,0.0195857989295831,0.03230587735438751,True,True
equal_site_portfolio,legacy_stress,tight,0.3,20.0,uniform_google_ai_2024,portfolio_mean,central,0.25,0.0,0.6062611677352612,0.030990717618578897,0.051117767833205104,True,True
equal_site_portfolio,legacy_stress,tight,0.3,35.0,uniform_google_ai_2024,portfolio_mean,central,1.0,0.75,0.6062611677352618,0.0018575890574368,0.0030640079825266986,True,True
equal_site_portfolio,legacy_stress,tight,0.3,35.0,uniform_google_ai_2024,portfolio_mean,central,0.75,0.5,0.6062611677352601,0.0082173622915462,0.01355416234597847,True,True
equal_site_portfolio,legacy_stress,tight,0.3,35.0,uniform_google_ai_2024,portfolio_mean,central,0.5,0.25,0.6062611677352612,0.0195857989295831,0.03230587735438751,True,True
equal_site_portfolio,legacy_stress,tight,0.3,35.0,uniform_google_ai_2024,portfolio_mean,central,0.25,0.0,0.6062611677352612,0.030990717618578897,0.051117767833205104,True,True
equal_site_portfolio,legacy_stress,tight,0.5,15.0,uniform_google_ai_2024,portfolio_mean,central,1.0,0.75,5.377498097929241,0.2666164929544621,0.04958002552471946,True,True
equal_site_portfolio,legacy_stress,tight,0.5,15.0,uniform_google_ai_2024,portfolio_mean,central,0.75,0.5,5.377498097929237,0.6537306807188159,0.12156781254289127,True,True
equal_site_portfolio,legacy_stress,tight,0.5,15.0,uniform_google_ai_2024,portfolio_mean,central,0.5,0.25,5.377498097929241,0.8321290198162643,0.15474278273323785,True,True
equal_site_portfolio,legacy_stress,tight,0.5,15.0,uniform_google_ai_2024,portfolio_mean,central,0.25,0.0,5.377498097929241,1.2418604886792082,0.23093648125276361,True,True
equal_site_portfolio,legacy_stress,tight,0.5,20.0,uniform_google_ai_2024,portfolio_mean,central,1.0,0.75,1.04366135765917,0.0032756771521462,0.0031386398740423063,True,True
equal_site_portfolio,legacy_stress,tight,0.5,20.0,uniform_google_ai_2024,portfolio_mean,central,0.75,0.5,1.0436613576591687,0.014748644080761202,0.014131637597315073,True,True
equal_site_portfolio,legacy_stress,tight,0.5,20.0,uniform_google_ai_2024,portfolio_mean,central,0.5,0.25,1.0436613576591691,0.03577299108049199,0.03427643537624822,True,True
equal_site_portfolio,legacy_stress,tight,0.5,20.0,uniform_google_ai_2024,portfolio_mean,central,0.25,0.0,1.0436613576591696,0.05711806213219011,0.05472853978257885,True,True
equal_site_portfolio,legacy_stress,tight,0.5,35.0,uniform_google_ai_2024,portfolio_mean,central,1.0,0.75,1.04366135765917,0.0032756771521462,0.0031386398740423063,True,True
equal_site_portfolio,legacy_stress,tight,0.5,35.0,uniform_google_ai_2024,portfolio_mean,central,0.75,0.5,1.0436613576591687,0.014748644080761202,0.014131637597315073,True,True
equal_site_portfolio,legacy_stress,tight,0.5,35.0,uniform_google_ai_2024,portfolio_mean,central,0.5,0.25,1.0436613576591691,0.03577299108049199,0.03427643537624822,True,True
equal_site_portfolio,legacy_stress,tight,0.5,35.0,uniform_google_ai_2024,portfolio_mean,central,0.25,0.0,1.0436613576591696,0.05711806213219011,0.05472853978257885,True,True
equal_site_portfolio,uniform_new_build,ample,0.15,15.0,uniform_google_ai_2024,portfolio_mean,central,1.0,0.75,1.4391921846727636,0.0429009823268771,0.02980907121631689,True,True
equal_site_portfolio,uniform_new_build,ample,0.15,15.0,uniform_google_ai_2024,portfolio_mean,central,0.75,0.5,1.4391921846727627,0.12218197738479121,0.08489622073133507,True,True
equal_site_portfolio,uniform_new_build,ample,0.15,15.0,uniform_google_ai_2024,portfolio_mean,central,0.5,0.25,1.4391921846727636,0.1607548432045433,0.11169796842740287,True,True
equal_site_portfolio,uniform_new_build,ample,0.15,15.0,uniform_google_ai_2024,portfolio_mean,central,0.25,0.0,1.4391921846727627,0.27606541563542214,0.19181970175733876,True,True
equal_site_portfolio,uniform_new_build,ample,0.15,20.0,uniform_google_ai_2024,portfolio_mean,central,1.0,0.75,0.3031305838676309,0.0009287945287184,0.0030640079825266986,True,True
equal_site_portfolio,uniform_new_build,ample,0.15,20.0,uniform_google_ai_2024,portfolio_mean,central,0.75,0.5,0.30313058386763014,0.0041086811457731,0.013554162345978464,True,True
equal_site_portfolio,uniform_new_build,ample,0.15,20.0,uniform_google_ai_2024,portfolio_mean,central,0.5,0.25,0.3031305838676306,0.0097928994647844,0.03230587735436392,True,True
equal_site_portfolio,uniform_new_build,ample,0.15,20.0,uniform_google_ai_2024,portfolio_mean,central,0.25,0.0,0.30313058386763025,0.0154953588092895,0.05111776783320533,True,True
equal_site_portfolio,uniform_new_build,ample,0.15,35.0,uniform_google_ai_2024,portfolio_mean,central,1.0,0.75,0.3031305838676309,0.0009287945287184,0.0030640079825266986,True,True
equal_site_portfolio,uniform_new_build,ample,0.15,35.0,uniform_google_ai_2024,portfolio_mean,central,0.75,0.5,0.30313058386763014,0.0041086811457731,0.013554162345978464,True,True
equal_site_portfolio,uniform_new_build,ample,0.15,35.0,uniform_google_ai_2024,portfolio_mean,central,0.5,0.25,0.3031305838676306,0.0097928994647844,0.03230587735436392,True,True
equal_site_portfolio,uniform_new_build,ample,0.15,35.0,uniform_google_ai_2024,portfolio_mean,central,0.25,0.0,0.30313058386763025,0.0154953588092895,0.05111776783320533,True,True
equal_site_portfolio,uniform_new_build,ample,0.3,15.0,uniform_google_ai_2024,portfolio_mean,central,1.0,0.75,2.878384369345527,0.0858019646537613,0.029809071216319358,True,True
equal_site_portfolio,uniform_new_build,ample,0.3,15.0,uniform_google_ai_2024,portfolio_mean,central,0.75,0.5,2.8783843693455253,0.24436395476958947,0.08489622073133753,True,True
equal_site_portfolio,uniform_new_build,ample,0.3,15.0,uniform_google_ai_2024,portfolio_mean,central,0.5,0.25,2.878384369345527,0.32150968640907257,0.11169796842739799,True,True
equal_site_portfolio,uniform_new_build,ample,0.3,15.0,uniform_google_ai_2024,portfolio_mean,central,0.25,0.0,2.8783843693455253,0.5521308312708513,0.1918197017573412,True,True
equal_site_portfolio,uniform_new_build,ample,0.3,20.0,uniform_google_ai_2024,portfolio_mean,central,1.0,0.75,0.6062611677352618,0.0018575890574368,0.0030640079825266986,True,True
equal_site_portfolio,uniform_new_build,ample,0.3,20.0,uniform_google_ai_2024,portfolio_mean,central,0.75,0.5,0.6062611677352601,0.0082173622915462,0.01355416234597847,True,True
equal_site_portfolio,uniform_new_build,ample,0.3,20.0,uniform_google_ai_2024,portfolio_mean,central,0.5,0.25,0.6062611677352612,0.019585798929576,0.032305877354375796,True,True
equal_site_portfolio,uniform_new_build,ample,0.3,20.0,uniform_google_ai_2024,portfolio_mean,central,0.25,0.0,0.6062611677352612,0.0309907176185789,0.05111776783320511,True,True
equal_site_portfolio,uniform_new_build,ample,0.3,35.0,uniform_google_ai_2024,portfolio_mean,central,1.0,0.75,0.6062611677352618,0.0018575890574368,0.0030640079825266986,True,True
equal_site_portfolio,uniform_new_build,ample,0.3,35.0,uniform_google_ai_2024,portfolio_mean,central,0.75,0.5,0.6062611677352601,0.0082173622915462,0.01355416234597847,True,True
equal_site_portfolio,uniform_new_build,ample,0.3,35.0,uniform_google_ai_2024,portfolio_mean,central,0.5,0.25,0.6062611677352612,0.019585798929576,0.032305877354375796,True,True
equal_site_portfolio,uniform_new_build,ample,0.3,35.0,uniform_google_ai_2024,portfolio_mean,central,0.25,0.0,0.6062611677352612,0.0309907176185789,0.05111776783320511,True,True
equal_site_portfolio,uniform_new_build,ample,0.5,15.0,uniform_google_ai_2024,portfolio_mean,central,1.0,0.75,4.797307282242535,0.1430032744229308,0.02980907121631844,True,True
equal_site_portfolio,uniform_new_build,ample,0.5,15.0,uniform_google_ai_2024,portfolio_mean,central,0.75,0.5,4.797307282242551,0.40727325794930636,0.0848962207313354,True,True
equal_site_portfolio,uniform_new_build,ample,0.5,15.0,uniform_google_ai_2024,portfolio_mean,central,0.5,0.25,4.797307282242544,0.5358494773484563,0.11169796842739844,True,True
equal_site_portfolio,uniform_new_build,ample,0.5,15.0,uniform_google_ai_2024,portfolio_mean,central,0.25,0.0,4.797307282242539,0.920218052118088,0.19181970175734187,True,True
equal_site_portfolio,uniform_new_build,ample,0.5,20.0,uniform_google_ai_2024,portfolio_mean,central,1.0,0.75,1.0104352795587683,0.0030959817623958,0.0030640079825278244,True,True
equal_site_portfolio,uniform_new_build,ample,0.5,20.0,uniform_google_ai_2024,portfolio_mean,central,0.75,0.5,1.0104352795587679,0.013695603819243798,0.013554162345978586,True,True
equal_site_portfolio,uniform_new_build,ample,0.5,20.0,uniform_google_ai_2024,portfolio_mean,central,0.5,0.25,1.0104352795587688,0.03264299821596241,0.032305877354378176,True,True
equal_site_portfolio,uniform_new_build,ample,0.5,20.0,uniform_google_ai_2024,portfolio_mean,central,0.25,0.0,1.0104352795587683,0.05165119603096349,0.05111776783320379,True,True
equal_site_portfolio,uniform_new_build,ample,0.5,35.0,uniform_google_ai_2024,portfolio_mean,central,1.0,0.75,1.0104352795587683,0.0030959817623958,0.0030640079825278244,True,True
equal_site_portfolio,uniform_new_build,ample,0.5,35.0,uniform_google_ai_2024,portfolio_mean,central,0.75,0.5,1.0104352795587679,0.013695603819243798,0.013554162345978586,True,True
equal_site_portfolio,uniform_new_build,ample,0.5,35.0,uniform_google_ai_2024,portfolio_mean,central,0.5,0.25,1.0104352795587688,0.03264299821596241,0.032305877354378176,True,True
equal_site_portfolio,uniform_new_build,ample,0.5,35.0,uniform_google_ai_2024,portfolio_mean,central,0.25,0.0,1.0104352795587683,0.05165119603096349,0.05111776783320379,True,True
equal_site_portfolio,uniform_new_build,central,0.15,15.0,uniform_google_ai_2024,portfolio_mean,central,1.0,0.75,1.4391921846727636,0.0429009823268771,0.02980907121631689,True,True
equal_site_portfolio,uniform_new_build,central,0.15,15.0,uniform_google_ai_2024,portfolio_mean,central,0.75,0.5,1.4391921846727627,0.12218197738479121,0.08489622073133507,True,True
equal_site_portfolio,uniform_new_build,central,0.15,15.0,uniform_google_ai_2024,portfolio_mean,central,0.5,0.25,1.4391921846727636,0.1607548432045433,0.11169796842740287,True,True
equal_site_portfolio,uniform_new_build,central,0.15,15.0,uniform_google_ai_2024,portfolio_mean,central,0.25,0.0,1.4391921846727627,0.27606541563542214,0.19181970175733876,True,True
equal_site_portfolio,uniform_new_build,central,0.15,20.0,uniform_google_ai_2024,portfolio_mean,central,1.0,0.75,0.3031305838676309,0.0009287945287184,0.0030640079825266986,True,True
equal_site_portfolio,uniform_new_build,central,0.15,20.0,uniform_google_ai_2024,portfolio_mean,central,0.75,0.5,0.30313058386763014,0.0041086811457731,0.013554162345978464,True,True
equal_site_portfolio,uniform_new_build,central,0.15,20.0,uniform_google_ai_2024,portfolio_mean,central,0.5,0.25,0.3031305838676306,0.0097928994647844,0.03230587735436392,True,True
equal_site_portfolio,uniform_new_build,central,0.15,20.0,uniform_google_ai_2024,portfolio_mean,central,0.25,0.0,0.30313058386763025,0.0154953588092895,0.05111776783320533,True,True
equal_site_portfolio,uniform_new_build,central,0.15,35.0,uniform_google_ai_2024,portfolio_mean,central,1.0,0.75,0.3031305838676309,0.0009287945287184,0.0030640079825266986,True,True
equal_site_portfolio,uniform_new_build,central,0.15,35.0,uniform_google_ai_2024,portfolio_mean,central,0.75,0.5,0.30313058386763014,0.0041086811457731,0.013554162345978464,True,True
equal_site_portfolio,uniform_new_build,central,0.15,35.0,uniform_google_ai_2024,portfolio_mean,central,0.5,0.25,0.3031305838676306,0.0097928994647844,0.03230587735436392,True,True
equal_site_portfolio,uniform_new_build,central,0.15,35.0,uniform_google_ai_2024,portfolio_mean,central,0.25,0.0,0.30313058386763025,0.0154953588092895,0.05111776783320533,True,True
equal_site_portfolio,uniform_new_build,central,0.3,15.0,uniform_google_ai_2024,portfolio_mean,central,1.0,0.75,2.878384369345527,0.0858019646537613,0.029809071216319358,True,True
equal_site_portfolio,uniform_new_build,central,0.3,15.0,uniform_google_ai_2024,portfolio_mean,central,0.75,0.5,2.8783843693455253,0.24436395476958947,0.08489622073133753,True,True
equal_site_portfolio,uniform_new_build,central,0.3,15.0,uniform_google_ai_2024,portfolio_mean,central,0.5,0.25,2.878384369345527,0.32150968640907257,0.11169796842739799,True,True
equal_site_portfolio,uniform_new_build,central,0.3,15.0,uniform_google_ai_2024,portfolio_mean,central,0.25,0.0,2.8783843693455253,0.5521308312708513,0.1918197017573412,True,True
equal_site_portfolio,uniform_new_build,central,0.3,20.0,uniform_google_ai_2024,portfolio_mean,central,1.0,0.75,0.6062611677352618,0.0018575890574368,0.0030640079825266986,True,True
equal_site_portfolio,uniform_new_build,central,0.3,20.0,uniform_google_ai_2024,portfolio_mean,central,0.75,0.5,0.6062611677352601,0.0082173622915462,0.01355416234597847,True,True
equal_site_portfolio,uniform_new_build,central,0.3,20.0,uniform_google_ai_2024,portfolio_mean,central,0.5,0.25,0.6062611677352612,0.019585798929576,0.032305877354375796,True,True
equal_site_portfolio,uniform_new_build,central,0.3,20.0,uniform_google_ai_2024,portfolio_mean,central,0.25,0.0,0.6062611677352612,0.0309907176185789,0.05111776783320511,True,True
equal_site_portfolio,uniform_new_build,central,0.3,35.0,uniform_google_ai_2024,portfolio_mean,central,1.0,0.75,0.6062611677352618,0.0018575890574368,0.0030640079825266986,True,True
equal_site_portfolio,uniform_new_build,central,0.3,35.0,uniform_google_ai_2024,portfolio_mean,central,0.75,0.5,0.6062611677352601,0.0082173622915462,0.01355416234597847,True,True
equal_site_portfolio,uniform_new_build,central,0.3,35.0,uniform_google_ai_2024,portfolio_mean,central,0.5,0.25,0.6062611677352612,0.019585798929576,0.032305877354375796,True,True
equal_site_portfolio,uniform_new_build,central,0.3,35.0,uniform_google_ai_2024,portfolio_mean,central,0.25,0.0,0.6062611677352612,0.0309907176185789,0.05111776783320511,True,True
equal_site_portfolio,uniform_new_build,central,0.5,15.0,uniform_google_ai_2024,portfolio_mean,central,1.0,0.75,4.797307282242535,0.1430032744229308,0.02980907121631844,True,True
equal_site_portfolio,uniform_new_build,central,0.5,15.0,uniform_google_ai_2024,portfolio_mean,central,0.75,0.5,4.797307282242551,0.40727325794930636,0.0848962207313354,True,True
equal_site_portfolio,uniform_new_build,central,0.5,15.0,uniform_google_ai_2024,portfolio_mean,central,0.5,0.25,4.797307282242544,0.5358494773484563,0.11169796842739844,True,True
equal_site_portfolio,uniform_new_build,central,0.5,15.0,uniform_google_ai_2024,portfolio_mean,central,0.25,0.0,4.797307282242539,0.920218052118088,0.19181970175734187,True,True
equal_site_portfolio,uniform_new_build,central,0.5,20.0,uniform_google_ai_2024,portfolio_mean,central,1.0,0.75,1.0104352795587683,0.0030959817623958,0.0030640079825278244,True,True
equal_site_portfolio,uniform_new_build,central,0.5,20.0,uniform_google_ai_2024,portfolio_mean,central,0.75,0.5,1.0104352795587679,0.013695603819243798,0.013554162345978586,True,True
equal_site_portfolio,uniform_new_build,central,0.5,20.0,uniform_google_ai_2024,portfolio_mean,central,0.5,0.25,1.0104352795587688,0.03264299821596241,0.032305877354378176,True,True
equal_site_portfolio,uniform_new_build,central,0.5,20.0,uniform_google_ai_2024,portfolio_mean,central,0.25,0.0,1.0104352795587683,0.05165119603096349,0.05111776783320379,True,True
equal_site_portfolio,uniform_new_build,central,0.5,35.0,uniform_google_ai_2024,portfolio_mean,central,1.0,0.75,1.0104352795587683,0.0030959817623958,0.0030640079825278244,True,True
equal_site_portfolio,uniform_new_build,central,0.5,35.0,uniform_google_ai_2024,portfolio_mean,central,0.75,0.5,1.0104352795587679,0.013695603819243798,0.013554162345978586,True,True
equal_site_portfolio,uniform_new_build,central,0.5,35.0,uniform_google_ai_2024,portfolio_mean,central,0.5,0.25,1.0104352795587688,0.03264299821596241,0.032305877354378176,True,True
equal_site_portfolio,uniform_new_build,central,0.5,35.0,uniform_google_ai_2024,portfolio_mean,central,0.25,0.0,1.0104352795587683,0.05165119603096349,0.05111776783320379,True,True
equal_site_portfolio,uniform_new_build,tight,0.15,15.0,uniform_google_ai_2024,portfolio_mean,central,1.0,0.75,1.4581969007456852,0.0542817862766398,0.03722527886932242,True,True
equal_site_portfolio,uniform_new_build,tight,0.15,15.0,uniform_google_ai_2024,portfolio_mean,central,0.75,0.5,1.4581969007456834,0.12286325601935741,0.08425697239963162,True,True
equal_site_portfolio,uniform_new_build,tight,0.15,15.0,uniform_google_ai_2024,portfolio_mean,central,0.5,0.25,1.4581969007456843,0.16211620998394238,0.11117580204774838,True,True
equal_site_portfolio,uniform_new_build,tight,0.15,15.0,uniform_google_ai_2024,portfolio_mean,central,0.25,0.0,1.4581969007456843,0.27843609903577266,0.19094547443722285,True,True
equal_site_portfolio,uniform_new_build,tight,0.15,20.0,uniform_google_ai_2024,portfolio_mean,central,1.0,0.75,0.3031305838676309,0.0009287945287184,0.0030640079825266986,True,True
equal_site_portfolio,uniform_new_build,tight,0.15,20.0,uniform_google_ai_2024,portfolio_mean,central,0.75,0.5,0.30313058386763014,0.0041086811457731,0.013554162345978464,True,True
equal_site_portfolio,uniform_new_build,tight,0.15,20.0,uniform_google_ai_2024,portfolio_mean,central,0.5,0.25,0.3031305838676306,0.0097928994647844,0.03230587735436392,True,True
equal_site_portfolio,uniform_new_build,tight,0.15,20.0,uniform_google_ai_2024,portfolio_mean,central,0.25,0.0,0.30313058386763025,0.0154953588092895,0.05111776783320533,True,True
equal_site_portfolio,uniform_new_build,tight,0.15,35.0,uniform_google_ai_2024,portfolio_mean,central,1.0,0.75,0.3031305838676309,0.0009287945287184,0.0030640079825266986,True,True
equal_site_portfolio,uniform_new_build,tight,0.15,35.0,uniform_google_ai_2024,portfolio_mean,central,0.75,0.5,0.30313058386763014,0.0041086811457731,0.013554162345978464,True,True
equal_site_portfolio,uniform_new_build,tight,0.15,35.0,uniform_google_ai_2024,portfolio_mean,central,0.5,0.25,0.3031305838676306,0.0097928994647844,0.03230587735436392,True,True
equal_site_portfolio,uniform_new_build,tight,0.15,35.0,uniform_google_ai_2024,portfolio_mean,central,0.25,0.0,0.30313058386763025,0.0154953588092895,0.05111776783320533,True,True
equal_site_portfolio,uniform_new_build,tight,0.3,15.0,uniform_google_ai_2024,portfolio_mean,central,1.0,0.75,2.897389085418448,0.0997781870206324,0.034437275795225895,True,True
equal_site_portfolio,uniform_new_build,tight,0.3,15.0,uniform_google_ai_2024,portfolio_mean,central,0.75,0.5,2.897389085418447,0.2450583276784784,0.08457901940466742,True,True
equal_site_portfolio,uniform_new_build,tight,0.3,15.0,uniform_google_ai_2024,portfolio_mean,central,0.5,0.25,2.897389085418447,0.3228710530293242,0.11143517267122391,True,True
equal_site_portfolio,uniform_new_build,tight,0.3,15.0,uniform_google_ai_2024,portfolio_mean,central,0.25,0.0,2.897389085418448,0.5545015148303489,0.19137972101191458,True,True
equal_site_portfolio,uniform_new_build,tight,0.3,20.0,uniform_google_ai_2024,portfolio_mean,central,1.0,0.75,0.6062611677352618,0.0018575890574368,0.0030640079825266986,True,True
equal_site_portfolio,uniform_new_build,tight,0.3,20.0,uniform_google_ai_2024,portfolio_mean,central,0.75,0.5,0.6062611677352601,0.0082173622915462,0.01355416234597847,True,True
equal_site_portfolio,uniform_new_build,tight,0.3,20.0,uniform_google_ai_2024,portfolio_mean,central,0.5,0.25,0.6062611677352612,0.019585798929576,0.032305877354375796,True,True
equal_site_portfolio,uniform_new_build,tight,0.3,20.0,uniform_google_ai_2024,portfolio_mean,central,0.25,0.0,0.6062611677352612,0.0309907176185789,0.05111776783320511,True,True
equal_site_portfolio,uniform_new_build,tight,0.3,35.0,uniform_google_ai_2024,portfolio_mean,central,1.0,0.75,0.6062611677352618,0.0018575890574368,0.0030640079825266986,True,True
equal_site_portfolio,uniform_new_build,tight,0.3,35.0,uniform_google_ai_2024,portfolio_mean,central,0.75,0.5,0.6062611677352601,0.0082173622915462,0.01355416234597847,True,True
equal_site_portfolio,uniform_new_build,tight,0.3,35.0,uniform_google_ai_2024,portfolio_mean,central,0.5,0.25,0.6062611677352612,0.019585798929576,0.032305877354375796,True,True
equal_site_portfolio,uniform_new_build,tight,0.3,35.0,uniform_google_ai_2024,portfolio_mean,central,0.25,0.0,0.6062611677352612,0.0309907176185789,0.05111776783320511,True,True
equal_site_portfolio,uniform_new_build,tight,0.5,15.0,uniform_google_ai_2024,portfolio_mean,central,1.0,0.75,4.810456143362975,0.1579325792317192,0.03283110260751884,True,True
equal_site_portfolio,uniform_new_build,tight,0.5,15.0,uniform_google_ai_2024,portfolio_mean,central,0.75,0.5,4.810456143362973,0.4079511669556979,0.08480509016147077,True,True
equal_site_portfolio,uniform_new_build,tight,0.5,15.0,uniform_google_ai_2024,portfolio_mean,central,0.5,0.25,4.810456143362972,0.5367943303725653,0.1115890706358866,True,True
equal_site_portfolio,uniform_new_build,tight,0.5,15.0,uniform_google_ai_2024,portfolio_mean,central,0.25,0.0,4.810456143362973,0.9218582655102026,0.1916363517380983,True,True
equal_site_portfolio,uniform_new_build,tight,0.5,20.0,uniform_google_ai_2024,portfolio_mean,central,1.0,0.75,1.04366135765917,0.0032756771521462,0.0031386398740423063,True,True
equal_site_portfolio,uniform_new_build,tight,0.5,20.0,uniform_google_ai_2024,portfolio_mean,central,0.75,0.5,1.0436613576591687,0.014344821259609099,0.013744708620603854,True,True
equal_site_portfolio,uniform_new_build,tight,0.5,20.0,uniform_google_ai_2024,portfolio_mean,central,0.5,0.25,1.0436613576591691,0.03359409279751101,0.03218869085357274,True,True
equal_site_portfolio,uniform_new_build,tight,0.5,20.0,uniform_google_ai_2024,portfolio_mean,central,0.25,0.0,1.0436613576591696,0.053098783340835995,0.05087740669054891,True,True
equal_site_portfolio,uniform_new_build,tight,0.5,35.0,uniform_google_ai_2024,portfolio_mean,central,1.0,0.75,1.04366135765917,0.0032756771521462,0.0031386398740423063,True,True
equal_site_portfolio,uniform_new_build,tight,0.5,35.0,uniform_google_ai_2024,portfolio_mean,central,0.75,0.5,1.0436613576591687,0.014344821259609099,0.013744708620603854,True,True
equal_site_portfolio,uniform_new_build,tight,0.5,35.0,uniform_google_ai_2024,portfolio_mean,central,0.5,0.25,1.0436613576591691,0.03359409279751101,0.03218869085357274,True,True
equal_site_portfolio,uniform_new_build,tight,0.5,35.0,uniform_google_ai_2024,portfolio_mean,central,0.25,0.0,1.0436613576591696,0.053098783340835995,0.05087740669054891,True,True
optimistic_site_selection,hub_policy_compliant,ample,0.15,15.0,uniform_google_ai_2024,portfolio_mean,central,1.0,0.75,0.4174709780691101,0.003593417916921,0.008607587367010045,True,True
optimistic_site_selection,hub_policy_compliant,ample,0.15,15.0,uniform_google_ai_2024,portfolio_mean,central,0.75,0.5,0.41747097806910977,0.015454420116036201,0.03701914846276528,True,True
optimistic_site_selection,hub_policy_compliant,ample,0.15,15.0,uniform_google_ai_2024,portfolio_mean,central,0.5,0.25,0.41747097806910993,0.029517410868074096,0.07070530029320424,True,True
optimistic_site_selection,hub_policy_compliant,ample,0.15,15.0,uniform_google_ai_2024,portfolio_mean,central,0.25,0.0,0.41747097806911015,0.0553066920443647,0.13248032785457234,True,True
optimistic_site_selection,hub_policy_compliant,ample,0.15,20.0,uniform_google_ai_2024,portfolio_mean,central,1.0,0.75,0.0,0.0,,True,True
optimistic_site_selection,hub_policy_compliant,ample,0.15,20.0,uniform_google_ai_2024,portfolio_mean,central,0.75,0.5,0.0,0.0,,True,True
optimistic_site_selection,hub_policy_compliant,ample,0.15,20.0,uniform_google_ai_2024,portfolio_mean,central,0.5,0.25,0.0,0.0,,True,True
optimistic_site_selection,hub_policy_compliant,ample,0.15,20.0,uniform_google_ai_2024,portfolio_mean,central,0.25,0.0,0.0,0.0,,True,True
optimistic_site_selection,hub_policy_compliant,ample,0.15,35.0,uniform_google_ai_2024,portfolio_mean,central,1.0,0.75,0.0,0.0,,True,True
optimistic_site_selection,hub_policy_compliant,ample,0.15,35.0,uniform_google_ai_2024,portfolio_mean,central,0.75,0.5,0.0,0.0,,True,True
optimistic_site_selection,hub_policy_compliant,ample,0.15,35.0,uniform_google_ai_2024,portfolio_mean,central,0.5,0.25,0.0,0.0,,True,True
optimistic_site_selection,hub_policy_compliant,ample,0.15,35.0,uniform_google_ai_2024,portfolio_mean,central,0.25,0.0,0.0,0.0,,True,True
optimistic_site_selection,hub_policy_compliant,ample,0.3,15.0,uniform_google_ai_2024,portfolio_mean,central,1.0,0.75,0.8349419561382203,0.0071868358338456,0.008607587367014356,True,True
optimistic_site_selection,hub_policy_compliant,ample,0.3,15.0,uniform_google_ai_2024,portfolio_mean,central,0.75,0.5,0.8349419561382192,0.0309088402320689,0.037019148462761095,True,True
optimistic_site_selection,hub_policy_compliant,ample,0.3,15.0,uniform_google_ai_2024,portfolio_mean,central,0.5,0.25,0.8349419561382205,0.0590348217361552,0.07070530029321256,True,True
optimistic_site_selection,hub_policy_compliant,ample,0.3,15.0,uniform_google_ai_2024,portfolio_mean,central,0.25,0.0,0.8349419561382199,0.11061338408872601,0.13248032785456837,True,True
optimistic_site_selection,hub_policy_compliant,ample,0.3,20.0,uniform_google_ai_2024,portfolio_mean,central,1.0,0.75,0.0,0.0,,True,True
optimistic_site_selection,hub_policy_compliant,ample,0.3,20.0,uniform_google_ai_2024,portfolio_mean,central,0.75,0.5,0.0,0.0,,True,True
optimistic_site_selection,hub_policy_compliant,ample,0.3,20.0,uniform_google_ai_2024,portfolio_mean,central,0.5,0.25,0.0,0.0,,True,True
optimistic_site_selection,hub_policy_compliant,ample,0.3,20.0,uniform_google_ai_2024,portfolio_mean,central,0.25,0.0,0.0,0.0,,True,True
optimistic_site_selection,hub_policy_compliant,ample,0.3,35.0,uniform_google_ai_2024,portfolio_mean,central,1.0,0.75,0.0,0.0,,True,True
optimistic_site_selection,hub_policy_compliant,ample,0.3,35.0,uniform_google_ai_2024,portfolio_mean,central,0.75,0.5,0.0,0.0,,True,True
optimistic_site_selection,hub_policy_compliant,ample,0.3,35.0,uniform_google_ai_2024,portfolio_mean,central,0.5,0.25,0.0,0.0,,True,True
optimistic_site_selection,hub_policy_compliant,ample,0.3,35.0,uniform_google_ai_2024,portfolio_mean,central,0.25,0.0,0.0,0.0,,True,True
optimistic_site_selection,hub_policy_compliant,ample,0.5,15.0,uniform_google_ai_2024,portfolio_mean,central,1.0,0.75,1.3915699268970323,0.0119780597230665,0.008607587367007539,True,True
optimistic_site_selection,hub_policy_compliant,ample,0.5,15.0,uniform_google_ai_2024,portfolio_mean,central,0.75,0.5,1.391569926897034,0.051514733720122004,0.037019148462766195,True,True
optimistic_site_selection,hub_policy_compliant,ample,0.5,15.0,uniform_google_ai_2024,portfolio_mean,central,0.5,0.25,1.3915699268970338,0.0983913695602468,0.07070530029320406,True,True
optimistic_site_selection,hub_policy_compliant,ample,0.5,15.0,uniform_google_ai_2024,portfolio_mean,central,0.25,0.0,1.3915699268970334,0.1843556401478814,0.13248032785457173,True,True
optimistic_site_selection,hub_policy_compliant,ample,0.5,20.0,uniform_google_ai_2024,portfolio_mean,central,1.0,0.75,0.0,0.0,,True,True
optimistic_site_selection,hub_policy_compliant,ample,0.5,20.0,uniform_google_ai_2024,portfolio_mean,central,0.75,0.5,0.0,0.0,,True,True
optimistic_site_selection,hub_policy_compliant,ample,0.5,20.0,uniform_google_ai_2024,portfolio_mean,central,0.5,0.25,0.0,0.0,,True,True
optimistic_site_selection,hub_policy_compliant,ample,0.5,20.0,uniform_google_ai_2024,portfolio_mean,central,0.25,0.0,0.0,0.0,,True,True
optimistic_site_selection,hub_policy_compliant,ample,0.5,35.0,uniform_google_ai_2024,portfolio_mean,central,1.0,0.75,0.0,0.0,,True,True
optimistic_site_selection,hub_policy_compliant,ample,0.5,35.0,uniform_google_ai_2024,portfolio_mean,central,0.75,0.5,0.0,0.0,,True,True
optimistic_site_selection,hub_policy_compliant,ample,0.5,35.0,uniform_google_ai_2024,portfolio_mean,central,0.5,0.25,0.0,0.0,,True,True
optimistic_site_selection,hub_policy_compliant,ample,0.5,35.0,uniform_google_ai_2024,portfolio_mean,central,0.25,0.0,0.0,0.0,,True,True
optimistic_site_selection,hub_policy_compliant,central,0.15,15.0,uniform_google_ai_2024,portfolio_mean,central,1.0,0.75,0.4174709780691101,0.003593417916921,0.008607587367010045,True,True
optimistic_site_selection,hub_policy_compliant,central,0.15,15.0,uniform_google_ai_2024,portfolio_mean,central,0.75,0.5,0.41747097806910977,0.015454420116036201,0.03701914846276528,True,True
optimistic_site_selection,hub_policy_compliant,central,0.15,15.0,uniform_google_ai_2024,portfolio_mean,central,0.5,0.25,0.41747097806910993,0.029517410868074096,0.07070530029320424,True,True
optimistic_site_selection,hub_policy_compliant,central,0.15,15.0,uniform_google_ai_2024,portfolio_mean,central,0.25,0.0,0.41747097806911015,0.0553066920443647,0.13248032785457234,True,True
optimistic_site_selection,hub_policy_compliant,central,0.15,20.0,uniform_google_ai_2024,portfolio_mean,central,1.0,0.75,0.0,0.0,,True,True
optimistic_site_selection,hub_policy_compliant,central,0.15,20.0,uniform_google_ai_2024,portfolio_mean,central,0.75,0.5,0.0,0.0,,True,True
optimistic_site_selection,hub_policy_compliant,central,0.15,20.0,uniform_google_ai_2024,portfolio_mean,central,0.5,0.25,0.0,0.0,,True,True
optimistic_site_selection,hub_policy_compliant,central,0.15,20.0,uniform_google_ai_2024,portfolio_mean,central,0.25,0.0,0.0,0.0,,True,True
optimistic_site_selection,hub_policy_compliant,central,0.15,35.0,uniform_google_ai_2024,portfolio_mean,central,1.0,0.75,0.0,0.0,,True,True
optimistic_site_selection,hub_policy_compliant,central,0.15,35.0,uniform_google_ai_2024,portfolio_mean,central,0.75,0.5,0.0,0.0,,True,True
optimistic_site_selection,hub_policy_compliant,central,0.15,35.0,uniform_google_ai_2024,portfolio_mean,central,0.5,0.25,0.0,0.0,,True,True
optimistic_site_selection,hub_policy_compliant,central,0.15,35.0,uniform_google_ai_2024,portfolio_mean,central,0.25,0.0,0.0,0.0,,True,True
optimistic_site_selection,hub_policy_compliant,central,0.3,15.0,uniform_google_ai_2024,portfolio_mean,central,1.0,0.75,0.8349419561382203,0.0071868358338456,0.008607587367014356,True,True
optimistic_site_selection,hub_policy_compliant,central,0.3,15.0,uniform_google_ai_2024,portfolio_mean,central,0.75,0.5,0.8349419561382192,0.0309088402320689,0.037019148462761095,True,True
optimistic_site_selection,hub_policy_compliant,central,0.3,15.0,uniform_google_ai_2024,portfolio_mean,central,0.5,0.25,0.8349419561382205,0.0590348217361552,0.07070530029321256,True,True
optimistic_site_selection,hub_policy_compliant,central,0.3,15.0,uniform_google_ai_2024,portfolio_mean,central,0.25,0.0,0.8349419561382199,0.11061338408872601,0.13248032785456837,True,True
optimistic_site_selection,hub_policy_compliant,central,0.3,20.0,uniform_google_ai_2024,portfolio_mean,central,1.0,0.75,0.0,0.0,,True,True
optimistic_site_selection,hub_policy_compliant,central,0.3,20.0,uniform_google_ai_2024,portfolio_mean,central,0.75,0.5,0.0,0.0,,True,True
optimistic_site_selection,hub_policy_compliant,central,0.3,20.0,uniform_google_ai_2024,portfolio_mean,central,0.5,0.25,0.0,0.0,,True,True
optimistic_site_selection,hub_policy_compliant,central,0.3,20.0,uniform_google_ai_2024,portfolio_mean,central,0.25,0.0,0.0,0.0,,True,True
optimistic_site_selection,hub_policy_compliant,central,0.3,35.0,uniform_google_ai_2024,portfolio_mean,central,1.0,0.75,0.0,0.0,,True,True
optimistic_site_selection,hub_policy_compliant,central,0.3,35.0,uniform_google_ai_2024,portfolio_mean,central,0.75,0.5,0.0,0.0,,True,True
optimistic_site_selection,hub_policy_compliant,central,0.3,35.0,uniform_google_ai_2024,portfolio_mean,central,0.5,0.25,0.0,0.0,,True,True
optimistic_site_selection,hub_policy_compliant,central,0.3,35.0,uniform_google_ai_2024,portfolio_mean,central,0.25,0.0,0.0,0.0,,True,True
optimistic_site_selection,hub_policy_compliant,central,0.5,15.0,uniform_google_ai_2024,portfolio_mean,central,1.0,0.75,1.3915699268970323,0.0119780597230665,0.008607587367007539,True,True
optimistic_site_selection,hub_policy_compliant,central,0.5,15.0,uniform_google_ai_2024,portfolio_mean,central,0.75,0.5,1.391569926897034,0.051514733720122004,0.037019148462766195,True,True
optimistic_site_selection,hub_policy_compliant,central,0.5,15.0,uniform_google_ai_2024,portfolio_mean,central,0.5,0.25,1.3915699268970338,0.0983913695602468,0.07070530029320406,True,True
optimistic_site_selection,hub_policy_compliant,central,0.5,15.0,uniform_google_ai_2024,portfolio_mean,central,0.25,0.0,1.3915699268970334,0.1843556401478814,0.13248032785457173,True,True
optimistic_site_selection,hub_policy_compliant,central,0.5,20.0,uniform_google_ai_2024,portfolio_mean,central,1.0,0.75,0.0,0.0,,True,True
optimistic_site_selection,hub_policy_compliant,central,0.5,20.0,uniform_google_ai_2024,portfolio_mean,central,0.75,0.5,0.0,0.0,,True,True
optimistic_site_selection,hub_policy_compliant,central,0.5,20.0,uniform_google_ai_2024,portfolio_mean,central,0.5,0.25,0.0,0.0,,True,True
optimistic_site_selection,hub_policy_compliant,central,0.5,20.0,uniform_google_ai_2024,portfolio_mean,central,0.25,0.0,0.0,0.0,,True,True
optimistic_site_selection,hub_policy_compliant,central,0.5,35.0,uniform_google_ai_2024,portfolio_mean,central,1.0,0.75,0.0,0.0,,True,True
optimistic_site_selection,hub_policy_compliant,central,0.5,35.0,uniform_google_ai_2024,portfolio_mean,central,0.75,0.5,0.0,0.0,,True,True
optimistic_site_selection,hub_policy_compliant,central,0.5,35.0,uniform_google_ai_2024,portfolio_mean,central,0.5,0.25,0.0,0.0,,True,True
optimistic_site_selection,hub_policy_compliant,central,0.5,35.0,uniform_google_ai_2024,portfolio_mean,central,0.25,0.0,0.0,0.0,,True,True
optimistic_site_selection,hub_policy_compliant,tight,0.15,15.0,uniform_google_ai_2024,portfolio_mean,central,1.0,0.75,0.4226189824229491,0.0034756394091353,0.008224049448060393,True,True
optimistic_site_selection,hub_policy_compliant,tight,0.15,15.0,uniform_google_ai_2024,portfolio_mean,central,0.75,0.5,0.4226189824229482,0.0152462057505289,0.036075534665101286,True,True
optimistic_site_selection,hub_policy_compliant,tight,0.15,15.0,uniform_google_ai_2024,portfolio_mean,central,0.5,0.25,0.4226189824229486,0.029440613890379504,0.06966230840269244,True,True
optimistic_site_selection,hub_policy_compliant,tight,0.15,15.0,uniform_google_ai_2024,portfolio_mean,central,0.25,0.0,0.42261898242294893,0.05587789670136809,0.13221814216912428,True,True
optimistic_site_selection,hub_policy_compliant,tight,0.15,20.0,uniform_google_ai_2024,portfolio_mean,central,1.0,0.75,0.0,0.0,,True,True
optimistic_site_selection,hub_policy_compliant,tight,0.15,20.0,uniform_google_ai_2024,portfolio_mean,central,0.75,0.5,0.0,0.0,,True,True
optimistic_site_selection,hub_policy_compliant,tight,0.15,20.0,uniform_google_ai_2024,portfolio_mean,central,0.5,0.25,0.0,0.0,,True,True
optimistic_site_selection,hub_policy_compliant,tight,0.15,20.0,uniform_google_ai_2024,portfolio_mean,central,0.25,0.0,0.0,0.0,,True,True
optimistic_site_selection,hub_policy_compliant,tight,0.15,35.0,uniform_google_ai_2024,portfolio_mean,central,1.0,0.75,0.0,0.0,,True,True
optimistic_site_selection,hub_policy_compliant,tight,0.15,35.0,uniform_google_ai_2024,portfolio_mean,central,0.75,0.5,0.0,0.0,,True,True
optimistic_site_selection,hub_policy_compliant,tight,0.15,35.0,uniform_google_ai_2024,portfolio_mean,central,0.5,0.25,0.0,0.0,,True,True
optimistic_site_selection,hub_policy_compliant,tight,0.15,35.0,uniform_google_ai_2024,portfolio_mean,central,0.25,0.0,0.0,0.0,,True,True
optimistic_site_selection,hub_policy_compliant,tight,0.3,15.0,uniform_google_ai_2024,portfolio_mean,central,1.0,0.75,0.8400899604920591,0.007062908398872,0.008407323895092259,True,True
optimistic_site_selection,hub_policy_compliant,tight,0.3,15.0,uniform_google_ai_2024,portfolio_mean,central,0.75,0.5,0.840089960492058,0.0307052659808171,0.03654997372285272,True,True
optimistic_site_selection,hub_policy_compliant,tight,0.3,15.0,uniform_google_ai_2024,portfolio_mean,central,0.5,0.25,0.8400899604920589,0.0589593027505409,0.07018212991857105,True,True
optimistic_site_selection,hub_policy_compliant,tight,0.3,15.0,uniform_google_ai_2024,portfolio_mean,central,0.25,0.0,0.8400899604920586,0.1111845887457292,0.13234843168534713,True,True
optimistic_site_selection,hub_policy_compliant,tight,0.3,20.0,uniform_google_ai_2024,portfolio_mean,central,1.0,0.75,0.0,0.0,,True,True
optimistic_site_selection,hub_policy_compliant,tight,0.3,20.0,uniform_google_ai_2024,portfolio_mean,central,0.75,0.5,0.0,0.0,,True,True
optimistic_site_selection,hub_policy_compliant,tight,0.3,20.0,uniform_google_ai_2024,portfolio_mean,central,0.5,0.25,0.0,0.0,,True,True
optimistic_site_selection,hub_policy_compliant,tight,0.3,20.0,uniform_google_ai_2024,portfolio_mean,central,0.25,0.0,0.0,0.0,,True,True
optimistic_site_selection,hub_policy_compliant,tight,0.3,35.0,uniform_google_ai_2024,portfolio_mean,central,1.0,0.75,0.0,0.0,,True,True
optimistic_site_selection,hub_policy_compliant,tight,0.3,35.0,uniform_google_ai_2024,portfolio_mean,central,0.75,0.5,0.0,0.0,,True,True
optimistic_site_selection,hub_policy_compliant,tight,0.3,35.0,uniform_google_ai_2024,portfolio_mean,central,0.5,0.25,0.0,0.0,,True,True
optimistic_site_selection,hub_policy_compliant,tight,0.3,35.0,uniform_google_ai_2024,portfolio_mean,central,0.25,0.0,0.0,0.0,,True,True
optimistic_site_selection,hub_policy_compliant,tight,0.5,15.0,uniform_google_ai_2024,portfolio_mean,central,1.0,0.75,1.3967179312508715,0.0118459337927383,0.008481264203524134,True,True
optimistic_site_selection,hub_policy_compliant,tight,0.5,15.0,uniform_google_ai_2024,portfolio_mean,central,0.75,0.5,1.3967179312508724,0.0513190502031016,0.03674260139063389,True,True
optimistic_site_selection,hub_policy_compliant,tight,0.5,15.0,uniform_google_ai_2024,portfolio_mean,central,0.5,0.25,1.3967179312508722,0.09831585057464311,0.07039062675066642,True,True
optimistic_site_selection,hub_policy_compliant,tight,0.5,15.0,uniform_google_ai_2024,portfolio_mean,central,0.25,0.0,1.3967179312508726,0.18492684480487748,0.13240099569657612,True,True
optimistic_site_selection,hub_policy_compliant,tight,0.5,20.0,uniform_google_ai_2024,portfolio_mean,central,1.0,0.75,0.0273702231479092,0.0017923926132752,0.06548695652165773,True,True
optimistic_site_selection,hub_policy_compliant,tight,0.5,20.0,uniform_google_ai_2024,portfolio_mean,central,0.75,0.5,0.0273702231479093,0.0025853837430674003,0.09445972468313206,True,True
optimistic_site_selection,hub_policy_compliant,tight,0.5,20.0,uniform_google_ai_2024,portfolio_mean,central,0.5,0.25,0.027370223147909302,0.0027072720722393995,0.09891304347828077,True,True
optimistic_site_selection,hub_policy_compliant,tight,0.5,20.0,uniform_google_ai_2024,portfolio_mean,central,0.25,0.0,0.027370223147909295,0.0027072720722394004,0.09891304347828082,True,True
optimistic_site_selection,hub_policy_compliant,tight,0.5,35.0,uniform_google_ai_2024,portfolio_mean,central,1.0,0.75,0.0273702231479092,0.0017923926132752,0.06548695652165773,True,True
optimistic_site_selection,hub_policy_compliant,tight,0.5,35.0,uniform_google_ai_2024,portfolio_mean,central,0.75,0.5,0.0273702231479093,0.0025853837430674003,0.09445972468313206,True,True
optimistic_site_selection,hub_policy_compliant,tight,0.5,35.0,uniform_google_ai_2024,portfolio_mean,central,0.5,0.25,0.027370223147909302,0.0027072720722393995,0.09891304347828077,True,True
optimistic_site_selection,hub_policy_compliant,tight,0.5,35.0,uniform_google_ai_2024,portfolio_mean,central,0.25,0.0,0.027370223147909295,0.0027072720722394004,0.09891304347828082,True,True
optimistic_site_selection,legacy_stress,ample,0.15,15.0,uniform_google_ai_2024,portfolio_mean,central,1.0,0.75,0.5869722389219718,0.0062392681466612,0.010629579617121562,True,True
optimistic_site_selection,legacy_stress,ample,0.15,15.0,uniform_google_ai_2024,portfolio_mean,central,0.75,0.5,0.5869722389219714,0.0164243722494283,0.02798151455951848,True,True
optimistic_site_selection,legacy_stress,ample,0.15,15.0,uniform_google_ai_2024,portfolio_mean,central,0.5,0.25,0.5869722389219716,0.03985174487340969,0.06789374732031805,True,True
optimistic_site_selection,legacy_stress,ample,0.15,15.0,uniform_google_ai_2024,portfolio_mean,central,0.25,0.0,0.5869722389219716,0.08363696703715111,0.14248879502505618,True,True
optimistic_site_selection,legacy_stress,ample,0.15,20.0,uniform_google_ai_2024,portfolio_mean,central,1.0,0.75,0.0,0.0,,True,True
optimistic_site_selection,legacy_stress,ample,0.15,20.0,uniform_google_ai_2024,portfolio_mean,central,0.75,0.5,0.0,0.0,,True,True
optimistic_site_selection,legacy_stress,ample,0.15,20.0,uniform_google_ai_2024,portfolio_mean,central,0.5,0.25,0.0,0.0,,True,True
optimistic_site_selection,legacy_stress,ample,0.15,20.0,uniform_google_ai_2024,portfolio_mean,central,0.25,0.0,0.0,0.0,,True,True
optimistic_site_selection,legacy_stress,ample,0.15,35.0,uniform_google_ai_2024,portfolio_mean,central,1.0,0.75,0.0,0.0,,True,True
optimistic_site_selection,legacy_stress,ample,0.15,35.0,uniform_google_ai_2024,portfolio_mean,central,0.75,0.5,0.0,0.0,,True,True
optimistic_site_selection,legacy_stress,ample,0.15,35.0,uniform_google_ai_2024,portfolio_mean,central,0.5,0.25,0.0,0.0,,True,True
optimistic_site_selection,legacy_stress,ample,0.15,35.0,uniform_google_ai_2024,portfolio_mean,central,0.25,0.0,0.0,0.0,,True,True
optimistic_site_selection,legacy_stress,ample,0.3,15.0,uniform_google_ai_2024,portfolio_mean,central,1.0,0.75,1.1739444778439436,0.0124785362933153,0.010629579617115515,True,True
optimistic_site_selection,legacy_stress,ample,0.3,15.0,uniform_google_ai_2024,portfolio_mean,central,0.75,0.5,1.1739444778439427,0.0328487444988638,0.027981514559524606,True,True
optimistic_site_selection,legacy_stress,ample,0.3,15.0,uniform_google_ai_2024,portfolio_mean,central,0.5,0.25,1.1739444778439427,0.0797034897468123,0.06789374732031203,True,True
optimistic_site_selection,legacy_stress,ample,0.3,15.0,uniform_google_ai_2024,portfolio_mean,central,0.25,0.0,1.1739444778439436,0.16727393407430932,0.14248879502506218,True,True
optimistic_site_selection,legacy_stress,ample,0.3,20.0,uniform_google_ai_2024,portfolio_mean,central,1.0,0.75,0.0,0.0,,True,True
optimistic_site_selection,legacy_stress,ample,0.3,20.0,uniform_google_ai_2024,portfolio_mean,central,0.75,0.5,0.0,0.0,,True,True
optimistic_site_selection,legacy_stress,ample,0.3,20.0,uniform_google_ai_2024,portfolio_mean,central,0.5,0.25,0.0,0.0,,True,True
optimistic_site_selection,legacy_stress,ample,0.3,20.0,uniform_google_ai_2024,portfolio_mean,central,0.25,0.0,0.0,0.0,,True,True
optimistic_site_selection,legacy_stress,ample,0.3,35.0,uniform_google_ai_2024,portfolio_mean,central,1.0,0.75,0.0,0.0,,True,True
optimistic_site_selection,legacy_stress,ample,0.3,35.0,uniform_google_ai_2024,portfolio_mean,central,0.75,0.5,0.0,0.0,,True,True
optimistic_site_selection,legacy_stress,ample,0.3,35.0,uniform_google_ai_2024,portfolio_mean,central,0.5,0.25,0.0,0.0,,True,True
optimistic_site_selection,legacy_stress,ample,0.3,35.0,uniform_google_ai_2024,portfolio_mean,central,0.25,0.0,0.0,0.0,,True,True
optimistic_site_selection,legacy_stress,ample,0.5,15.0,uniform_google_ai_2024,portfolio_mean,central,1.0,0.75,1.9565741297399064,0.0207975604888659,0.010629579617119125,True,True
optimistic_site_selection,legacy_stress,ample,0.5,15.0,uniform_google_ai_2024,portfolio_mean,central,0.75,0.5,1.9565741297399033,0.054747907498107595,0.027981514559525272,True,True
optimistic_site_selection,legacy_stress,ample,0.5,15.0,uniform_google_ai_2024,portfolio_mean,central,0.5,0.25,1.9565741297399066,0.13283914957801463,0.06789374732030896,True,True
optimistic_site_selection,legacy_stress,ample,0.5,15.0,uniform_google_ai_2024,portfolio_mean,central,0.25,0.0,1.956574129739904,0.27878989012384997,0.1424887950250629,True,True
optimistic_site_selection,legacy_stress,ample,0.5,20.0,uniform_google_ai_2024,portfolio_mean,central,1.0,0.75,0.0,0.0,,True,True
optimistic_site_selection,legacy_stress,ample,0.5,20.0,uniform_google_ai_2024,portfolio_mean,central,0.75,0.5,0.0,0.0,,True,True
optimistic_site_selection,legacy_stress,ample,0.5,20.0,uniform_google_ai_2024,portfolio_mean,central,0.5,0.25,0.0,0.0,,True,True
optimistic_site_selection,legacy_stress,ample,0.5,20.0,uniform_google_ai_2024,portfolio_mean,central,0.25,0.0,0.0,0.0,,True,True
optimistic_site_selection,legacy_stress,ample,0.5,35.0,uniform_google_ai_2024,portfolio_mean,central,1.0,0.75,0.0,0.0,,True,True
optimistic_site_selection,legacy_stress,ample,0.5,35.0,uniform_google_ai_2024,portfolio_mean,central,0.75,0.5,0.0,0.0,,True,True
optimistic_site_selection,legacy_stress,ample,0.5,35.0,uniform_google_ai_2024,portfolio_mean,central,0.5,0.25,0.0,0.0,,True,True
optimistic_site_selection,legacy_stress,ample,0.5,35.0,uniform_google_ai_2024,portfolio_mean,central,0.25,0.0,0.0,0.0,,True,True
optimistic_site_selection,legacy_stress,central,0.15,15.0,uniform_google_ai_2024,portfolio_mean,central,1.0,0.75,0.5869722389219718,0.0062392681466612,0.010629579617121562,True,True
optimistic_site_selection,legacy_stress,central,0.15,15.0,uniform_google_ai_2024,portfolio_mean,central,0.75,0.5,0.5869722389219714,0.0164243722494283,0.02798151455951848,True,True
optimistic_site_selection,legacy_stress,central,0.15,15.0,uniform_google_ai_2024,portfolio_mean,central,0.5,0.25,0.5869722389219716,0.03985174487340969,0.06789374732031805,True,True
optimistic_site_selection,legacy_stress,central,0.15,15.0,uniform_google_ai_2024,portfolio_mean,central,0.25,0.0,0.5869722389219716,0.08363696703715111,0.14248879502505618,True,True
optimistic_site_selection,legacy_stress,central,0.15,20.0,uniform_google_ai_2024,portfolio_mean,central,1.0,0.75,0.0,0.0,,True,True
optimistic_site_selection,legacy_stress,central,0.15,20.0,uniform_google_ai_2024,portfolio_mean,central,0.75,0.5,0.0,0.0,,True,True
optimistic_site_selection,legacy_stress,central,0.15,20.0,uniform_google_ai_2024,portfolio_mean,central,0.5,0.25,0.0,0.0,,True,True
optimistic_site_selection,legacy_stress,central,0.15,20.0,uniform_google_ai_2024,portfolio_mean,central,0.25,0.0,0.0,0.0,,True,True
optimistic_site_selection,legacy_stress,central,0.15,35.0,uniform_google_ai_2024,portfolio_mean,central,1.0,0.75,0.0,0.0,,True,True
optimistic_site_selection,legacy_stress,central,0.15,35.0,uniform_google_ai_2024,portfolio_mean,central,0.75,0.5,0.0,0.0,,True,True
optimistic_site_selection,legacy_stress,central,0.15,35.0,uniform_google_ai_2024,portfolio_mean,central,0.5,0.25,0.0,0.0,,True,True
optimistic_site_selection,legacy_stress,central,0.15,35.0,uniform_google_ai_2024,portfolio_mean,central,0.25,0.0,0.0,0.0,,True,True
optimistic_site_selection,legacy_stress,central,0.3,15.0,uniform_google_ai_2024,portfolio_mean,central,1.0,0.75,1.1739444778439436,0.0124785362933153,0.010629579617115515,True,True
optimistic_site_selection,legacy_stress,central,0.3,15.0,uniform_google_ai_2024,portfolio_mean,central,0.75,0.5,1.1739444778439427,0.0328487444988638,0.027981514559524606,True,True
optimistic_site_selection,legacy_stress,central,0.3,15.0,uniform_google_ai_2024,portfolio_mean,central,0.5,0.25,1.1739444778439427,0.0797034897468123,0.06789374732031203,True,True
optimistic_site_selection,legacy_stress,central,0.3,15.0,uniform_google_ai_2024,portfolio_mean,central,0.25,0.0,1.1739444778439436,0.16727393407430932,0.14248879502506218,True,True
optimistic_site_selection,legacy_stress,central,0.3,20.0,uniform_google_ai_2024,portfolio_mean,central,1.0,0.75,0.0,0.0,,True,True
optimistic_site_selection,legacy_stress,central,0.3,20.0,uniform_google_ai_2024,portfolio_mean,central,0.75,0.5,0.0,0.0,,True,True
optimistic_site_selection,legacy_stress,central,0.3,20.0,uniform_google_ai_2024,portfolio_mean,central,0.5,0.25,0.0,0.0,,True,True
optimistic_site_selection,legacy_stress,central,0.3,20.0,uniform_google_ai_2024,portfolio_mean,central,0.25,0.0,0.0,0.0,,True,True
optimistic_site_selection,legacy_stress,central,0.3,35.0,uniform_google_ai_2024,portfolio_mean,central,1.0,0.75,0.0,0.0,,True,True
optimistic_site_selection,legacy_stress,central,0.3,35.0,uniform_google_ai_2024,portfolio_mean,central,0.75,0.5,0.0,0.0,,True,True
optimistic_site_selection,legacy_stress,central,0.3,35.0,uniform_google_ai_2024,portfolio_mean,central,0.5,0.25,0.0,0.0,,True,True
optimistic_site_selection,legacy_stress,central,0.3,35.0,uniform_google_ai_2024,portfolio_mean,central,0.25,0.0,0.0,0.0,,True,True
optimistic_site_selection,legacy_stress,central,0.5,15.0,uniform_google_ai_2024,portfolio_mean,central,1.0,0.75,1.9565741297399064,0.0207975604888659,0.010629579617119125,True,True
optimistic_site_selection,legacy_stress,central,0.5,15.0,uniform_google_ai_2024,portfolio_mean,central,0.75,0.5,1.9565741297399033,0.054747907498107595,0.027981514559525272,True,True
optimistic_site_selection,legacy_stress,central,0.5,15.0,uniform_google_ai_2024,portfolio_mean,central,0.5,0.25,1.9565741297399066,0.13283914957801463,0.06789374732030896,True,True
optimistic_site_selection,legacy_stress,central,0.5,15.0,uniform_google_ai_2024,portfolio_mean,central,0.25,0.0,1.956574129739904,0.27878989012384997,0.1424887950250629,True,True
optimistic_site_selection,legacy_stress,central,0.5,20.0,uniform_google_ai_2024,portfolio_mean,central,1.0,0.75,0.0,0.0,,True,True
optimistic_site_selection,legacy_stress,central,0.5,20.0,uniform_google_ai_2024,portfolio_mean,central,0.75,0.5,0.0,0.0,,True,True
optimistic_site_selection,legacy_stress,central,0.5,20.0,uniform_google_ai_2024,portfolio_mean,central,0.5,0.25,0.0,0.0,,True,True
optimistic_site_selection,legacy_stress,central,0.5,20.0,uniform_google_ai_2024,portfolio_mean,central,0.25,0.0,0.0,0.0,,True,True
optimistic_site_selection,legacy_stress,central,0.5,35.0,uniform_google_ai_2024,portfolio_mean,central,1.0,0.75,0.0,0.0,,True,True
optimistic_site_selection,legacy_stress,central,0.5,35.0,uniform_google_ai_2024,portfolio_mean,central,0.75,0.5,0.0,0.0,,True,True
optimistic_site_selection,legacy_stress,central,0.5,35.0,uniform_google_ai_2024,portfolio_mean,central,0.5,0.25,0.0,0.0,,True,True
optimistic_site_selection,legacy_stress,central,0.5,35.0,uniform_google_ai_2024,portfolio_mean,central,0.25,0.0,0.0,0.0,,True,True
optimistic_site_selection,legacy_stress,tight,0.15,15.0,uniform_google_ai_2024,portfolio_mean,central,1.0,0.75,0.6055854906194187,0.0056614544658692,0.009348728715541751,True,True
optimistic_site_selection,legacy_stress,tight,0.15,15.0,uniform_google_ai_2024,portfolio_mean,central,0.75,0.5,0.6055854906194182,0.015961877441594,0.026357760694146623,True,True
optimistic_site_selection,legacy_stress,tight,0.15,15.0,uniform_google_ai_2024,portfolio_mean,central,0.5,0.25,0.6055854906194187,0.039656258409578996,0.06548416206111028,True,True
optimistic_site_selection,legacy_stress,tight,0.15,15.0,uniform_google_ai_2024,portfolio_mean,central,0.25,0.0,0.6055854906194182,0.08551755287604831,0.14121466613834716,True,True
optimistic_site_selection,legacy_stress,tight,0.15,20.0,uniform_google_ai_2024,portfolio_mean,central,1.0,0.75,0.0,0.0,,True,True
optimistic_site_selection,legacy_stress,tight,0.15,20.0,uniform_google_ai_2024,portfolio_mean,central,0.75,0.5,0.0,0.0,,True,True
optimistic_site_selection,legacy_stress,tight,0.15,20.0,uniform_google_ai_2024,portfolio_mean,central,0.5,0.25,0.0,0.0,,True,True
optimistic_site_selection,legacy_stress,tight,0.15,20.0,uniform_google_ai_2024,portfolio_mean,central,0.25,0.0,0.0,0.0,,True,True
optimistic_site_selection,legacy_stress,tight,0.15,35.0,uniform_google_ai_2024,portfolio_mean,central,1.0,0.75,0.0,0.0,,True,True
optimistic_site_selection,legacy_stress,tight,0.15,35.0,uniform_google_ai_2024,portfolio_mean,central,0.75,0.5,0.0,0.0,,True,True
optimistic_site_selection,legacy_stress,tight,0.15,35.0,uniform_google_ai_2024,portfolio_mean,central,0.5,0.25,0.0,0.0,,True,True
optimistic_site_selection,legacy_stress,tight,0.15,35.0,uniform_google_ai_2024,portfolio_mean,central,0.25,0.0,0.0,0.0,,True,True
optimistic_site_selection,legacy_stress,tight,0.3,15.0,uniform_google_ai_2024,portfolio_mean,central,1.0,0.75,1.1925094670005727,0.0119031141263441,0.00998156782460024,True,True
optimistic_site_selection,legacy_stress,tight,0.3,15.0,uniform_google_ai_2024,portfolio_mean,central,0.75,0.5,1.1925094670005736,0.0323443307095417,0.02712291315463925,True,True
optimistic_site_selection,legacy_stress,tight,0.3,15.0,uniform_google_ai_2024,portfolio_mean,central,0.5,0.25,1.1925094670005718,0.07955203427522049,0.06670977168450634,True,True
optimistic_site_selection,legacy_stress,tight,0.3,15.0,uniform_google_ai_2024,portfolio_mean,central,0.25,0.0,1.1925094670005727,0.16914964371788344,0.14184343889808482,True,True
optimistic_site_selection,legacy_stress,tight,0.3,20.0,uniform_google_ai_2024,portfolio_mean,central,1.0,0.75,0.0,0.0,,True,True
optimistic_site_selection,legacy_stress,tight,0.3,20.0,uniform_google_ai_2024,portfolio_mean,central,0.75,0.5,0.0,0.0,,True,True
optimistic_site_selection,legacy_stress,tight,0.3,20.0,uniform_google_ai_2024,portfolio_mean,central,0.5,0.25,0.0,0.0,,True,True
optimistic_site_selection,legacy_stress,tight,0.3,20.0,uniform_google_ai_2024,portfolio_mean,central,0.25,0.0,0.0,0.0,,True,True
optimistic_site_selection,legacy_stress,tight,0.3,35.0,uniform_google_ai_2024,portfolio_mean,central,1.0,0.75,0.0,0.0,,True,True
optimistic_site_selection,legacy_stress,tight,0.3,35.0,uniform_google_ai_2024,portfolio_mean,central,0.75,0.5,0.0,0.0,,True,True
optimistic_site_selection,legacy_stress,tight,0.3,35.0,uniform_google_ai_2024,portfolio_mean,central,0.5,0.25,0.0,0.0,,True,True
optimistic_site_selection,legacy_stress,tight,0.3,35.0,uniform_google_ai_2024,portfolio_mean,central,0.25,0.0,0.0,0.0,,True,True
optimistic_site_selection,legacy_stress,tight,0.5,15.0,uniform_google_ai_2024,portfolio_mean,central,1.0,0.75,1.9750747688421135,0.0202253270069796,0.010240284229258158,True,True
optimistic_site_selection,legacy_stress,tight,0.5,15.0,uniform_google_ai_2024,portfolio_mean,central,0.75,0.5,1.9750747688421104,0.054193768854951,0.027438844194603403,True,True
optimistic_site_selection,legacy_stress,tight,0.5,15.0,uniform_google_ai_2024,portfolio_mean,central,0.5,0.25,1.975074768842111,0.1327402349745981,0.06720770123169421,True,True
optimistic_site_selection,legacy_stress,tight,0.5,15.0,uniform_google_ai_2024,portfolio_mean,central,0.25,0.0,1.975074768842112,0.2806590981736647,0.1421004929034667,True,True
optimistic_site_selection,legacy_stress,tight,0.5,20.0,uniform_google_ai_2024,portfolio_mean,central,1.0,0.75,0.0273702231479092,0.0023284919840662,0.08507391304349202,True,True
optimistic_site_selection,legacy_stress,tight,0.5,20.0,uniform_google_ai_2024,portfolio_mean,central,0.75,0.5,0.0273702231479093,0.0031766665496562,0.11606286629412639,True,True
optimistic_site_selection,legacy_stress,tight,0.5,20.0,uniform_google_ai_2024,portfolio_mean,central,0.5,0.25,0.027370223147909302,0.0033070369620879997,0.1208260869564964,True,True
optimistic_site_selection,legacy_stress,tight,0.5,20.0,uniform_google_ai_2024,portfolio_mean,central,0.25,0.0,0.027370223147909295,0.0033070369620880006,0.12082608695649645,True,True
optimistic_site_selection,legacy_stress,tight,0.5,35.0,uniform_google_ai_2024,portfolio_mean,central,1.0,0.75,0.0273702231479092,0.0023284919840662,0.08507391304349202,True,True
optimistic_site_selection,legacy_stress,tight,0.5,35.0,uniform_google_ai_2024,portfolio_mean,central,0.75,0.5,0.0273702231479093,0.0031766665496562,0.11606286629412639,True,True
optimistic_site_selection,legacy_stress,tight,0.5,35.0,uniform_google_ai_2024,portfolio_mean,central,0.5,0.25,0.027370223147909302,0.0033070369620879997,0.1208260869564964,True,True
optimistic_site_selection,legacy_stress,tight,0.5,35.0,uniform_google_ai_2024,portfolio_mean,central,0.25,0.0,0.027370223147909295,0.0033070369620880006,0.12082608695649645,True,True
optimistic_site_selection,uniform_new_build,ample,0.15,15.0,uniform_google_ai_2024,portfolio_mean,central,1.0,0.75,0.3142116632392684,0.0046632532955008,0.014841120941935846,True,True
optimistic_site_selection,uniform_new_build,ample,0.15,15.0,uniform_google_ai_2024,portfolio_mean,central,0.75,0.5,0.3142116632392683,0.0112597668825423,0.0358349743178315,True,True
optimistic_site_selection,uniform_new_build,ample,0.15,15.0,uniform_google_ai_2024,portfolio_mean,central,0.5,0.25,0.3142116632392685,0.0246182618280919,0.07834929351220607,True,True
optimistic_site_selection,uniform_new_build,ample,0.15,15.0,uniform_google_ai_2024,portfolio_mean,central,0.25,0.0,0.3142116632392684,0.0394866349750558,0.12566890282805065,True,True
optimistic_site_selection,uniform_new_build,ample,0.15,20.0,uniform_google_ai_2024,portfolio_mean,central,1.0,0.75,0.0,0.0,,True,True
optimistic_site_selection,uniform_new_build,ample,0.15,20.0,uniform_google_ai_2024,portfolio_mean,central,0.75,0.5,0.0,0.0,,True,True
optimistic_site_selection,uniform_new_build,ample,0.15,20.0,uniform_google_ai_2024,portfolio_mean,central,0.5,0.25,0.0,0.0,,True,True
optimistic_site_selection,uniform_new_build,ample,0.15,20.0,uniform_google_ai_2024,portfolio_mean,central,0.25,0.0,0.0,0.0,,True,True
optimistic_site_selection,uniform_new_build,ample,0.15,35.0,uniform_google_ai_2024,portfolio_mean,central,1.0,0.75,0.0,0.0,,True,True
optimistic_site_selection,uniform_new_build,ample,0.15,35.0,uniform_google_ai_2024,portfolio_mean,central,0.75,0.5,0.0,0.0,,True,True
optimistic_site_selection,uniform_new_build,ample,0.15,35.0,uniform_google_ai_2024,portfolio_mean,central,0.5,0.25,0.0,0.0,,True,True
optimistic_site_selection,uniform_new_build,ample,0.15,35.0,uniform_google_ai_2024,portfolio_mean,central,0.25,0.0,0.0,0.0,,True,True
optimistic_site_selection,uniform_new_build,ample,0.3,15.0,uniform_google_ai_2024,portfolio_mean,central,1.0,0.75,0.6284233264785368,0.0093265065909946,0.014841120941924708,True,True
optimistic_site_selection,uniform_new_build,ample,0.3,15.0,uniform_google_ai_2024,portfolio_mean,central,0.75,0.5,0.6284233264785366,0.022519533765091602,0.03583497431784265,True,True
optimistic_site_selection,uniform_new_build,ample,0.3,15.0,uniform_google_ai_2024,portfolio_mean,central,0.5,0.25,0.628423326478537,0.049236523656183896,0.07834929351220622,True,True
optimistic_site_selection,uniform_new_build,ample,0.3,15.0,uniform_google_ai_2024,portfolio_mean,central,0.25,0.0,0.6284233264785373,0.078973269950108,0.12566890282804485,True,True
optimistic_site_selection,uniform_new_build,ample,0.3,20.0,uniform_google_ai_2024,portfolio_mean,central,1.0,0.75,0.0,0.0,,True,True
optimistic_site_selection,uniform_new_build,ample,0.3,20.0,uniform_google_ai_2024,portfolio_mean,central,0.75,0.5,0.0,0.0,,True,True
optimistic_site_selection,uniform_new_build,ample,0.3,20.0,uniform_google_ai_2024,portfolio_mean,central,0.5,0.25,0.0,0.0,,True,True
optimistic_site_selection,uniform_new_build,ample,0.3,20.0,uniform_google_ai_2024,portfolio_mean,central,0.25,0.0,0.0,0.0,,True,True
optimistic_site_selection,uniform_new_build,ample,0.3,35.0,uniform_google_ai_2024,portfolio_mean,central,1.0,0.75,0.0,0.0,,True,True
optimistic_site_selection,uniform_new_build,ample,0.3,35.0,uniform_google_ai_2024,portfolio_mean,central,0.75,0.5,0.0,0.0,,True,True
optimistic_site_selection,uniform_new_build,ample,0.3,35.0,uniform_google_ai_2024,portfolio_mean,central,0.5,0.25,0.0,0.0,,True,True
optimistic_site_selection,uniform_new_build,ample,0.3,35.0,uniform_google_ai_2024,portfolio_mean,central,0.25,0.0,0.0,0.0,,True,True
optimistic_site_selection,uniform_new_build,ample,0.5,15.0,uniform_google_ai_2024,portfolio_mean,central,1.0,0.75,1.0473722107975605,0.0155441776516624,0.014841120941929239,True,True
optimistic_site_selection,uniform_new_build,ample,0.5,15.0,uniform_google_ai_2024,portfolio_mean,central,0.75,0.5,1.0473722107975627,0.037532556275145706,0.03583497431783594,True,True
optimistic_site_selection,uniform_new_build,ample,0.5,15.0,uniform_google_ai_2024,portfolio_mean,central,0.5,0.25,1.047372210797561,0.08206087276030509,0.07834929351220495,True,True
optimistic_site_selection,uniform_new_build,ample,0.5,15.0,uniform_google_ai_2024,portfolio_mean,central,0.25,0.0,1.0473722107975614,0.1316221165835146,0.12566890282804616,True,True
optimistic_site_selection,uniform_new_build,ample,0.5,20.0,uniform_google_ai_2024,portfolio_mean,central,1.0,0.75,0.0,0.0,,True,True
optimistic_site_selection,uniform_new_build,ample,0.5,20.0,uniform_google_ai_2024,portfolio_mean,central,0.75,0.5,0.0,0.0,,True,True
optimistic_site_selection,uniform_new_build,ample,0.5,20.0,uniform_google_ai_2024,portfolio_mean,central,0.5,0.25,0.0,0.0,,True,True
optimistic_site_selection,uniform_new_build,ample,0.5,20.0,uniform_google_ai_2024,portfolio_mean,central,0.25,0.0,0.0,0.0,,True,True
optimistic_site_selection,uniform_new_build,ample,0.5,35.0,uniform_google_ai_2024,portfolio_mean,central,1.0,0.75,0.0,0.0,,True,True
optimistic_site_selection,uniform_new_build,ample,0.5,35.0,uniform_google_ai_2024,portfolio_mean,central,0.75,0.5,0.0,0.0,,True,True
optimistic_site_selection,uniform_new_build,ample,0.5,35.0,uniform_google_ai_2024,portfolio_mean,central,0.5,0.25,0.0,0.0,,True,True
optimistic_site_selection,uniform_new_build,ample,0.5,35.0,uniform_google_ai_2024,portfolio_mean,central,0.25,0.0,0.0,0.0,,True,True
optimistic_site_selection,uniform_new_build,central,0.15,15.0,uniform_google_ai_2024,portfolio_mean,central,1.0,0.75,0.3142116632392684,0.0046632532955008,0.014841120941935846,True,True
optimistic_site_selection,uniform_new_build,central,0.15,15.0,uniform_google_ai_2024,portfolio_mean,central,0.75,0.5,0.3142116632392683,0.0112597668825423,0.0358349743178315,True,True
optimistic_site_selection,uniform_new_build,central,0.15,15.0,uniform_google_ai_2024,portfolio_mean,central,0.5,0.25,0.3142116632392685,0.0246182618280919,0.07834929351220607,True,True
optimistic_site_selection,uniform_new_build,central,0.15,15.0,uniform_google_ai_2024,portfolio_mean,central,0.25,0.0,0.3142116632392684,0.0394866349750558,0.12566890282805065,True,True
optimistic_site_selection,uniform_new_build,central,0.15,20.0,uniform_google_ai_2024,portfolio_mean,central,1.0,0.75,0.0,0.0,,True,True
optimistic_site_selection,uniform_new_build,central,0.15,20.0,uniform_google_ai_2024,portfolio_mean,central,0.75,0.5,0.0,0.0,,True,True
optimistic_site_selection,uniform_new_build,central,0.15,20.0,uniform_google_ai_2024,portfolio_mean,central,0.5,0.25,0.0,0.0,,True,True
optimistic_site_selection,uniform_new_build,central,0.15,20.0,uniform_google_ai_2024,portfolio_mean,central,0.25,0.0,0.0,0.0,,True,True
optimistic_site_selection,uniform_new_build,central,0.15,35.0,uniform_google_ai_2024,portfolio_mean,central,1.0,0.75,0.0,0.0,,True,True
optimistic_site_selection,uniform_new_build,central,0.15,35.0,uniform_google_ai_2024,portfolio_mean,central,0.75,0.5,0.0,0.0,,True,True
optimistic_site_selection,uniform_new_build,central,0.15,35.0,uniform_google_ai_2024,portfolio_mean,central,0.5,0.25,0.0,0.0,,True,True
optimistic_site_selection,uniform_new_build,central,0.15,35.0,uniform_google_ai_2024,portfolio_mean,central,0.25,0.0,0.0,0.0,,True,True
optimistic_site_selection,uniform_new_build,central,0.3,15.0,uniform_google_ai_2024,portfolio_mean,central,1.0,0.75,0.6284233264785368,0.0093265065909946,0.014841120941924708,True,True
optimistic_site_selection,uniform_new_build,central,0.3,15.0,uniform_google_ai_2024,portfolio_mean,central,0.75,0.5,0.6284233264785366,0.022519533765091602,0.03583497431784265,True,True
optimistic_site_selection,uniform_new_build,central,0.3,15.0,uniform_google_ai_2024,portfolio_mean,central,0.5,0.25,0.628423326478537,0.049236523656183896,0.07834929351220622,True,True
optimistic_site_selection,uniform_new_build,central,0.3,15.0,uniform_google_ai_2024,portfolio_mean,central,0.25,0.0,0.6284233264785373,0.078973269950108,0.12566890282804485,True,True
optimistic_site_selection,uniform_new_build,central,0.3,20.0,uniform_google_ai_2024,portfolio_mean,central,1.0,0.75,0.0,0.0,,True,True
optimistic_site_selection,uniform_new_build,central,0.3,20.0,uniform_google_ai_2024,portfolio_mean,central,0.75,0.5,0.0,0.0,,True,True
optimistic_site_selection,uniform_new_build,central,0.3,20.0,uniform_google_ai_2024,portfolio_mean,central,0.5,0.25,0.0,0.0,,True,True
optimistic_site_selection,uniform_new_build,central,0.3,20.0,uniform_google_ai_2024,portfolio_mean,central,0.25,0.0,0.0,0.0,,True,True
optimistic_site_selection,uniform_new_build,central,0.3,35.0,uniform_google_ai_2024,portfolio_mean,central,1.0,0.75,0.0,0.0,,True,True
optimistic_site_selection,uniform_new_build,central,0.3,35.0,uniform_google_ai_2024,portfolio_mean,central,0.75,0.5,0.0,0.0,,True,True
optimistic_site_selection,uniform_new_build,central,0.3,35.0,uniform_google_ai_2024,portfolio_mean,central,0.5,0.25,0.0,0.0,,True,True
optimistic_site_selection,uniform_new_build,central,0.3,35.0,uniform_google_ai_2024,portfolio_mean,central,0.25,0.0,0.0,0.0,,True,True
optimistic_site_selection,uniform_new_build,central,0.5,15.0,uniform_google_ai_2024,portfolio_mean,central,1.0,0.75,1.0473722107975605,0.0155441776516624,0.014841120941929239,True,True
optimistic_site_selection,uniform_new_build,central,0.5,15.0,uniform_google_ai_2024,portfolio_mean,central,0.75,0.5,1.0473722107975627,0.037532556275145706,0.03583497431783594,True,True
optimistic_site_selection,uniform_new_build,central,0.5,15.0,uniform_google_ai_2024,portfolio_mean,central,0.5,0.25,1.047372210797561,0.08206087276030509,0.07834929351220495,True,True
optimistic_site_selection,uniform_new_build,central,0.5,15.0,uniform_google_ai_2024,portfolio_mean,central,0.25,0.0,1.0473722107975614,0.1316221165835146,0.12566890282804616,True,True
optimistic_site_selection,uniform_new_build,central,0.5,20.0,uniform_google_ai_2024,portfolio_mean,central,1.0,0.75,0.0,0.0,,True,True
optimistic_site_selection,uniform_new_build,central,0.5,20.0,uniform_google_ai_2024,portfolio_mean,central,0.75,0.5,0.0,0.0,,True,True
optimistic_site_selection,uniform_new_build,central,0.5,20.0,uniform_google_ai_2024,portfolio_mean,central,0.5,0.25,0.0,0.0,,True,True
optimistic_site_selection,uniform_new_build,central,0.5,20.0,uniform_google_ai_2024,portfolio_mean,central,0.25,0.0,0.0,0.0,,True,True
optimistic_site_selection,uniform_new_build,central,0.5,35.0,uniform_google_ai_2024,portfolio_mean,central,1.0,0.75,0.0,0.0,,True,True
optimistic_site_selection,uniform_new_build,central,0.5,35.0,uniform_google_ai_2024,portfolio_mean,central,0.75,0.5,0.0,0.0,,True,True
optimistic_site_selection,uniform_new_build,central,0.5,35.0,uniform_google_ai_2024,portfolio_mean,central,0.5,0.25,0.0,0.0,,True,True
optimistic_site_selection,uniform_new_build,central,0.5,35.0,uniform_google_ai_2024,portfolio_mean,central,0.25,0.0,0.0,0.0,,True,True
optimistic_site_selection,uniform_new_build,tight,0.15,15.0,uniform_google_ai_2024,portfolio_mean,central,1.0,0.75,0.3142116632392684,0.0046632532955008,0.014841120941935846,True,True
optimistic_site_selection,uniform_new_build,tight,0.15,15.0,uniform_google_ai_2024,portfolio_mean,central,0.75,0.5,0.3142116632392683,0.0112597668825387,0.03583497431782004,True,True
optimistic_site_selection,uniform_new_build,tight,0.15,15.0,uniform_google_ai_2024,portfolio_mean,central,0.5,0.25,0.3142116632392685,0.0246182618280955,0.07834929351221753,True,True
optimistic_site_selection,uniform_new_build,tight,0.15,15.0,uniform_google_ai_2024,portfolio_mean,central,0.25,0.0,0.3142116632392684,0.039486634975052205,0.12566890282803922,True,True
optimistic_site_selection,uniform_new_build,tight,0.15,20.0,uniform_google_ai_2024,portfolio_mean,central,1.0,0.75,0.0,0.0,,True,True
optimistic_site_selection,uniform_new_build,tight,0.15,20.0,uniform_google_ai_2024,portfolio_mean,central,0.75,0.5,0.0,0.0,,True,True
optimistic_site_selection,uniform_new_build,tight,0.15,20.0,uniform_google_ai_2024,portfolio_mean,central,0.5,0.25,0.0,0.0,,True,True
optimistic_site_selection,uniform_new_build,tight,0.15,20.0,uniform_google_ai_2024,portfolio_mean,central,0.25,0.0,0.0,0.0,,True,True
optimistic_site_selection,uniform_new_build,tight,0.15,35.0,uniform_google_ai_2024,portfolio_mean,central,1.0,0.75,0.0,0.0,,True,True
optimistic_site_selection,uniform_new_build,tight,0.15,35.0,uniform_google_ai_2024,portfolio_mean,central,0.75,0.5,0.0,0.0,,True,True
optimistic_site_selection,uniform_new_build,tight,0.15,35.0,uniform_google_ai_2024,portfolio_mean,central,0.5,0.25,0.0,0.0,,True,True
optimistic_site_selection,uniform_new_build,tight,0.15,35.0,uniform_google_ai_2024,portfolio_mean,central,0.25,0.0,0.0,0.0,,True,True
optimistic_site_selection,uniform_new_build,tight,0.3,15.0,uniform_google_ai_2024,portfolio_mean,central,1.0,0.75,0.6284233264785368,0.0093265065909946,0.014841120941924708,True,True
optimistic_site_selection,uniform_new_build,tight,0.3,15.0,uniform_google_ai_2024,portfolio_mean,central,0.75,0.5,0.6284233264785366,0.022519533765084504,0.03583497431783135,True,True
optimistic_site_selection,uniform_new_build,tight,0.3,15.0,uniform_google_ai_2024,portfolio_mean,central,0.5,0.25,0.628423326478537,0.0492365236561874,0.0783492935122118,True,True
optimistic_site_selection,uniform_new_build,tight,0.3,15.0,uniform_google_ai_2024,portfolio_mean,central,0.25,0.0,0.6284233264785373,0.07897326995010799,0.12566890282804483,True,True
optimistic_site_selection,uniform_new_build,tight,0.3,20.0,uniform_google_ai_2024,portfolio_mean,central,1.0,0.75,0.0,0.0,,True,True
optimistic_site_selection,uniform_new_build,tight,0.3,20.0,uniform_google_ai_2024,portfolio_mean,central,0.75,0.5,0.0,0.0,,True,True
optimistic_site_selection,uniform_new_build,tight,0.3,20.0,uniform_google_ai_2024,portfolio_mean,central,0.5,0.25,0.0,0.0,,True,True
optimistic_site_selection,uniform_new_build,tight,0.3,20.0,uniform_google_ai_2024,portfolio_mean,central,0.25,0.0,0.0,0.0,,True,True
optimistic_site_selection,uniform_new_build,tight,0.3,35.0,uniform_google_ai_2024,portfolio_mean,central,1.0,0.75,0.0,0.0,,True,True
optimistic_site_selection,uniform_new_build,tight,0.3,35.0,uniform_google_ai_2024,portfolio_mean,central,0.75,0.5,0.0,0.0,,True,True
optimistic_site_selection,uniform_new_build,tight,0.3,35.0,uniform_google_ai_2024,portfolio_mean,central,0.5,0.25,0.0,0.0,,True,True
optimistic_site_selection,uniform_new_build,tight,0.3,35.0,uniform_google_ai_2024,portfolio_mean,central,0.25,0.0,0.0,0.0,,True,True
optimistic_site_selection,uniform_new_build,tight,0.5,15.0,uniform_google_ai_2024,portfolio_mean,central,1.0,0.75,1.0473722107975605,0.0155441776516624,0.014841120941929239,True,True
optimistic_site_selection,uniform_new_build,tight,0.5,15.0,uniform_google_ai_2024,portfolio_mean,central,0.75,0.5,1.0473722107975627,0.0375325562751386,0.03583497431782915,True,True
optimistic_site_selection,uniform_new_build,tight,0.5,15.0,uniform_google_ai_2024,portfolio_mean,central,0.5,0.25,1.047372210797561,0.0820608727603122,0.07834929351221173,True,True
optimistic_site_selection,uniform_new_build,tight,0.5,15.0,uniform_google_ai_2024,portfolio_mean,central,0.25,0.0,1.0473722107975614,0.131622116583511,0.12566890282804272,True,True
optimistic_site_selection,uniform_new_build,tight,0.5,20.0,uniform_google_ai_2024,portfolio_mean,central,1.0,0.75,0.0273702231479092,0.0013655361331395,0.04989130434779859,True,True
optimistic_site_selection,uniform_new_build,tight,0.5,20.0,uniform_google_ai_2024,portfolio_mean,central,0.75,0.5,0.0273702231479093,0.0021675010179116002,0.07919193812189167,True,True
optimistic_site_selection,uniform_new_build,tight,0.5,20.0,uniform_google_ai_2024,portfolio_mean,central,0.5,0.25,0.027370223147909302,0.0022907686765093996,0.0836956521738984,True,True
optimistic_site_selection,uniform_new_build,tight,0.5,20.0,uniform_google_ai_2024,portfolio_mean,central,0.25,0.0,0.027370223147909295,0.0022907686765095006,0.08369565217390212,True,True
optimistic_site_selection,uniform_new_build,tight,0.5,35.0,uniform_google_ai_2024,portfolio_mean,central,1.0,0.75,0.0273702231479092,0.0013655361331395,0.04989130434779859,True,True
optimistic_site_selection,uniform_new_build,tight,0.5,35.0,uniform_google_ai_2024,portfolio_mean,central,0.75,0.5,0.0273702231479093,0.0021675010179116002,0.07919193812189167,True,True
optimistic_site_selection,uniform_new_build,tight,0.5,35.0,uniform_google_ai_2024,portfolio_mean,central,0.5,0.25,0.027370223147909302,0.0022907686765093996,0.0836956521738984,True,True
optimistic_site_selection,uniform_new_build,tight,0.5,35.0,uniform_google_ai_2024,portfolio_mean,central,0.25,0.0,0.027370223147909295,0.0022907686765095006,0.08369565217390212,True,True
