carbon_mapping_scenario,year,source_time_index,timestamp_synthetic,region,carbon_intensity_kgco2e_per_kwh,selected_province,candidate_provinces,aggregation_rule,source_status,hour_index,trace_timestamp_anonymized,alignment_status,trace_timestamp_utc,external_alignment_source_hour_index
equal_site_portfolio,2025,1,2025-01-01 00:00:00,east,0.5379375,,Beijing|Tianjin|Hebei|Shanghai|Jiangsu|Zhejiang|Anhui|Guangdong,arithmetic mean across candidate hub provinces,projected provincial S1 CEF; not observed historical CEF,0,2024-11-15 16:00:00,cyclic ordinal alignment to projected 2025 S1 CEF; not contemporaneous Azure carbon,2024-05-10 00:00:00+00:00,0
equal_site_portfolio,2025,1,2025-01-01 00:00:00,north,0.3901,,Inner Mongolia,arithmetic mean across candidate hub provinces,projected provincial S1 CEF; not observed historical CEF,0,2024-11-15 16:00:00,cyclic ordinal alignment to projected 2025 S1 CEF; not contemporaneous Azure carbon,2024-05-10 00:00:00+00:00,0
equal_site_portfolio,2025,1,2025-01-01 00:00:00,northwest,0.3334499999999999,,Gansu|Ningxia,arithmetic mean across candidate hub provinces,projected provincial S1 CEF; not observed historical CEF,0,2024-11-15 16:00:00,cyclic ordinal alignment to projected 2025 S1 CEF; not contemporaneous Azure carbon,2024-05-10 00:00:00+00:00,0
equal_site_portfolio,2025,1,2025-01-01 00:00:00,southwest,0.3531666666666667,,Chongqing|Sichuan|Guizhou,arithmetic mean across candidate hub provinces,projected provincial S1 CEF; not observed historical CEF,0,2024-11-15 16:00:00,cyclic ordinal alignment to projected 2025 S1 CEF; not contemporaneous Azure carbon,2024-05-10 00:00:00+00:00,0
equal_site_portfolio,2025,2,2025-01-01 01:00:00,east,0.53865,,Beijing|Tianjin|Hebei|Shanghai|Jiangsu|Zhejiang|Anhui|Guangdong,arithmetic mean across candidate hub provinces,projected provincial S1 CEF; not observed historical CEF,1,2024-11-15 17:00:00,cyclic ordinal alignment to projected 2025 S1 CEF; not contemporaneous Azure carbon,2024-05-10 01:00:00+00:00,1
equal_site_portfolio,2025,2,2025-01-01 01:00:00,north,0.4025,,Inner Mongolia,arithmetic mean across candidate hub provinces,projected provincial S1 CEF; not observed historical CEF,1,2024-11-15 17:00:00,cyclic ordinal alignment to projected 2025 S1 CEF; not contemporaneous Azure carbon,2024-05-10 01:00:00+00:00,1
equal_site_portfolio,2025,2,2025-01-01 01:00:00,northwest,0.33225,,Gansu|Ningxia,arithmetic mean across candidate hub provinces,projected provincial S1 CEF; not observed historical CEF,1,2024-11-15 17:00:00,cyclic ordinal alignment to projected 2025 S1 CEF; not contemporaneous Azure carbon,2024-05-10 01:00:00+00:00,1
equal_site_portfolio,2025,2,2025-01-01 01:00:00,southwest,0.363,,Chongqing|Sichuan|Guizhou,arithmetic mean across candidate hub provinces,projected provincial S1 CEF; not observed historical CEF,1,2024-11-15 17:00:00,cyclic ordinal alignment to projected 2025 S1 CEF; not contemporaneous Azure carbon,2024-05-10 01:00:00+00:00,1
equal_site_portfolio,2025,3,2025-01-01 02:00:00,east,0.53605,,Beijing|Tianjin|Hebei|Shanghai|Jiangsu|Zhejiang|Anhui|Guangdong,arithmetic mean across candidate hub provinces,projected provincial S1 CEF; not observed historical CEF,2,2024-11-15 18:00:00,cyclic ordinal alignment to projected 2025 S1 CEF; not contemporaneous Azure carbon,2024-05-10 02:00:00+00:00,2
equal_site_portfolio,2025,3,2025-01-01 02:00:00,north,0.4106,,Inner Mongolia,arithmetic mean across candidate hub provinces,projected provincial S1 CEF; not observed historical CEF,2,2024-11-15 18:00:00,cyclic ordinal alignment to projected 2025 S1 CEF; not contemporaneous Azure carbon,2024-05-10 02:00:00+00:00,2
equal_site_portfolio,2025,3,2025-01-01 02:00:00,northwest,0.3314,,Gansu|Ningxia,arithmetic mean across candidate hub provinces,projected provincial S1 CEF; not observed historical CEF,2,2024-11-15 18:00:00,cyclic ordinal alignment to projected 2025 S1 CEF; not contemporaneous Azure carbon,2024-05-10 02:00:00+00:00,2
equal_site_portfolio,2025,3,2025-01-01 02:00:00,southwest,0.3659333333333334,,Chongqing|Sichuan|Guizhou,arithmetic mean across candidate hub provinces,projected provincial S1 CEF; not observed historical CEF,2,2024-11-15 18:00:00,cyclic ordinal alignment to projected 2025 S1 CEF; not contemporaneous Azure carbon,2024-05-10 02:00:00+00:00,2
equal_site_portfolio,2025,4,2025-01-01 03:00:00,east,0.531375,,Beijing|Tianjin|Hebei|Shanghai|Jiangsu|Zhejiang|Anhui|Guangdong,arithmetic mean across candidate hub provinces,projected provincial S1 CEF; not observed historical CEF,3,2024-11-15 19:00:00,cyclic ordinal alignment to projected 2025 S1 CEF; not contemporaneous Azure carbon,2024-05-10 03:00:00+00:00,3
equal_site_portfolio,2025,4,2025-01-01 03:00:00,north,0.4098,,Inner Mongolia,arithmetic mean across candidate hub provinces,projected provincial S1 CEF; not observed historical CEF,3,2024-11-15 19:00:00,cyclic ordinal alignment to projected 2025 S1 CEF; not contemporaneous Azure carbon,2024-05-10 03:00:00+00:00,3
equal_site_portfolio,2025,4,2025-01-01 03:00:00,northwest,0.32915,,Gansu|Ningxia,arithmetic mean across candidate hub provinces,projected provincial S1 CEF; not observed historical CEF,3,2024-11-15 19:00:00,cyclic ordinal alignment to projected 2025 S1 CEF; not contemporaneous Azure carbon,2024-05-10 03:00:00+00:00,3
equal_site_portfolio,2025,4,2025-01-01 03:00:00,southwest,0.3774333333333333,,Chongqing|Sichuan|Guizhou,arithmetic mean across candidate hub provinces,projected provincial S1 CEF; not observed historical CEF,3,2024-11-15 19:00:00,cyclic ordinal alignment to projected 2025 S1 CEF; not contemporaneous Azure carbon,2024-05-10 03:00:00+00:00,3
equal_site_portfolio,2025,5,2025-01-01 04:00:00,east,0.5274,,Beijing|Tianjin|Hebei|Shanghai|Jiangsu|Zhejiang|Anhui|Guangdong,arithmetic mean across candidate hub provinces,projected provincial S1 CEF; not observed historical CEF,4,2024-11-15 20:00:00,cyclic ordinal alignment to projected 2025 S1 CEF; not contemporaneous Azure carbon,2024-05-10 04:00:00+00:00,4
equal_site_portfolio,2025,5,2025-01-01 04:00:00,north,0.4096,,Inner Mongolia,arithmetic mean across candidate hub provinces,projected provincial S1 CEF; not observed historical CEF,4,2024-11-15 20:00:00,cyclic ordinal alignment to projected 2025 S1 CEF; not contemporaneous Azure carbon,2024-05-10 04:00:00+00:00,4
equal_site_portfolio,2025,5,2025-01-01 04:00:00,northwest,0.32775,,Gansu|Ningxia,arithmetic mean across candidate hub provinces,projected provincial S1 CEF; not observed historical CEF,4,2024-11-15 20:00:00,cyclic ordinal alignment to projected 2025 S1 CEF; not contemporaneous Azure carbon,2024-05-10 04:00:00+00:00,4
equal_site_portfolio,2025,5,2025-01-01 04:00:00,southwest,0.3831333333333333,,Chongqing|Sichuan|Guizhou,arithmetic mean across candidate hub provinces,projected provincial S1 CEF; not observed historical CEF,4,2024-11-15 20:00:00,cyclic ordinal alignment to projected 2025 S1 CEF; not contemporaneous Azure carbon,2024-05-10 04:00:00+00:00,4
equal_site_portfolio,2025,6,2025-01-01 05:00:00,east,0.5202125,,Beijing|Tianjin|Hebei|Shanghai|Jiangsu|Zhejiang|Anhui|Guangdong,arithmetic mean across candidate hub provinces,projected provincial S1 CEF; not observed historical CEF,5,2024-11-15 21:00:00,cyclic ordinal alignment to projected 2025 S1 CEF; not contemporaneous Azure carbon,2024-05-10 05:00:00+00:00,5
equal_site_portfolio,2025,6,2025-01-01 05:00:00,north,0.4009,,Inner Mongolia,arithmetic mean across candidate hub provinces,projected provincial S1 CEF; not observed historical CEF,5,2024-11-15 21:00:00,cyclic ordinal alignment to projected 2025 S1 CEF; not contemporaneous Azure carbon,2024-05-10 05:00:00+00:00,5
equal_site_portfolio,2025,6,2025-01-01 05:00:00,northwest,0.32635,,Gansu|Ningxia,arithmetic mean across candidate hub provinces,projected provincial S1 CEF; not observed historical CEF,5,2024-11-15 21:00:00,cyclic ordinal alignment to projected 2025 S1 CEF; not contemporaneous Azure carbon,2024-05-10 05:00:00+00:00,5
equal_site_portfolio,2025,6,2025-01-01 05:00:00,southwest,0.3795333333333333,,Chongqing|Sichuan|Guizhou,arithmetic mean across candidate hub provinces,projected provincial S1 CEF; not observed historical CEF,5,2024-11-15 21:00:00,cyclic ordinal alignment to projected 2025 S1 CEF; not contemporaneous Azure carbon,2024-05-10 05:00:00+00:00,5
equal_site_portfolio,2025,7,2025-01-01 06:00:00,east,0.5183125,,Beijing|Tianjin|Hebei|Shanghai|Jiangsu|Zhejiang|Anhui|Guangdong,arithmetic mean across candidate hub provinces,projected provincial S1 CEF; not observed historical CEF,6,2024-11-15 22:00:00,cyclic ordinal alignment to projected 2025 S1 CEF; not contemporaneous Azure carbon,2024-05-10 06:00:00+00:00,6
equal_site_portfolio,2025,7,2025-01-01 06:00:00,north,0.4152,,Inner Mongolia,arithmetic mean across candidate hub provinces,projected provincial S1 CEF; not observed historical CEF,6,2024-11-15 22:00:00,cyclic ordinal alignment to projected 2025 S1 CEF; not contemporaneous Azure carbon,2024-05-10 06:00:00+00:00,6
equal_site_portfolio,2025,7,2025-01-01 06:00:00,northwest,0.3624,,Gansu|Ningxia,arithmetic mean across candidate hub provinces,projected provincial S1 CEF; not observed historical CEF,6,2024-11-15 22:00:00,cyclic ordinal alignment to projected 2025 S1 CEF; not contemporaneous Azure carbon,2024-05-10 06:00:00+00:00,6
equal_site_portfolio,2025,7,2025-01-01 06:00:00,southwest,0.3337666666666667,,Chongqing|Sichuan|Guizhou,arithmetic mean across candidate hub provinces,projected provincial S1 CEF; not observed historical CEF,6,2024-11-15 22:00:00,cyclic ordinal alignment to projected 2025 S1 CEF; not contemporaneous Azure carbon,2024-05-10 06:00:00+00:00,6
equal_site_portfolio,2025,8,2025-01-01 07:00:00,east,0.5368375000000001,,Beijing|Tianjin|Hebei|Shanghai|Jiangsu|Zhejiang|Anhui|Guangdong,arithmetic mean across candidate hub provinces,projected provincial S1 CEF; not observed historical CEF,7,2024-11-15 23:00:00,cyclic ordinal alignment to projected 2025 S1 CEF; not contemporaneous Azure carbon,2024-05-10 07:00:00+00:00,7
equal_site_portfolio,2025,8,2025-01-01 07:00:00,north,0.4884,,Inner Mongolia,arithmetic mean across candidate hub provinces,projected provincial S1 CEF; not observed historical CEF,7,2024-11-15 23:00:00,cyclic ordinal alignment to projected 2025 S1 CEF; not contemporaneous Azure carbon,2024-05-10 07:00:00+00:00,7
equal_site_portfolio,2025,8,2025-01-01 07:00:00,northwest,0.43275,,Gansu|Ningxia,arithmetic mean across candidate hub provinces,projected provincial S1 CEF; not observed historical CEF,7,2024-11-15 23:00:00,cyclic ordinal alignment to projected 2025 S1 CEF; not contemporaneous Azure carbon,2024-05-10 07:00:00+00:00,7
equal_site_portfolio,2025,8,2025-01-01 07:00:00,southwest,0.3080333333333333,,Chongqing|Sichuan|Guizhou,arithmetic mean across candidate hub provinces,projected provincial S1 CEF; not observed historical CEF,7,2024-11-15 23:00:00,cyclic ordinal alignment to projected 2025 S1 CEF; not contemporaneous Azure carbon,2024-05-10 07:00:00+00:00,7
equal_site_portfolio,2025,9,2025-01-01 08:00:00,east,0.5419,,Beijing|Tianjin|Hebei|Shanghai|Jiangsu|Zhejiang|Anhui|Guangdong,arithmetic mean across candidate hub provinces,projected provincial S1 CEF; not observed historical CEF,8,2024-11-16 00:00:00,cyclic ordinal alignment to projected 2025 S1 CEF; not contemporaneous Azure carbon,2024-05-10 08:00:00+00:00,8
equal_site_portfolio,2025,9,2025-01-01 08:00:00,north,0.5188,,Inner Mongolia,arithmetic mean across candidate hub provinces,projected provincial S1 CEF; not observed historical CEF,8,2024-11-16 00:00:00,cyclic ordinal alignment to projected 2025 S1 CEF; not contemporaneous Azure carbon,2024-05-10 08:00:00+00:00,8
equal_site_portfolio,2025,9,2025-01-01 08:00:00,northwest,0.4487,,Gansu|Ningxia,arithmetic mean across candidate hub provinces,projected provincial S1 CEF; not observed historical CEF,8,2024-11-16 00:00:00,cyclic ordinal alignment to projected 2025 S1 CEF; not contemporaneous Azure carbon,2024-05-10 08:00:00+00:00,8
equal_site_portfolio,2025,9,2025-01-01 08:00:00,southwest,0.285,,Chongqing|Sichuan|Guizhou,arithmetic mean across candidate hub provinces,projected provincial S1 CEF; not observed historical CEF,8,2024-11-16 00:00:00,cyclic ordinal alignment to projected 2025 S1 CEF; not contemporaneous Azure carbon,2024-05-10 08:00:00+00:00,8
equal_site_portfolio,2025,10,2025-01-01 09:00:00,east,0.4780625,,Beijing|Tianjin|Hebei|Shanghai|Jiangsu|Zhejiang|Anhui|Guangdong,arithmetic mean across candidate hub provinces,projected provincial S1 CEF; not observed historical CEF,9,2024-11-16 01:00:00,cyclic ordinal alignment to projected 2025 S1 CEF; not contemporaneous Azure carbon,2024-05-10 09:00:00+00:00,9
equal_site_portfolio,2025,10,2025-01-01 09:00:00,north,0.5622,,Inner Mongolia,arithmetic mean across candidate hub provinces,projected provincial S1 CEF; not observed historical CEF,9,2024-11-16 01:00:00,cyclic ordinal alignment to projected 2025 S1 CEF; not contemporaneous Azure carbon,2024-05-10 09:00:00+00:00,9
equal_site_portfolio,2025,10,2025-01-01 09:00:00,northwest,0.5867,,Gansu|Ningxia,arithmetic mean across candidate hub provinces,projected provincial S1 CEF; not observed historical CEF,9,2024-11-16 01:00:00,cyclic ordinal alignment to projected 2025 S1 CEF; not contemporaneous Azure carbon,2024-05-10 09:00:00+00:00,9
equal_site_portfolio,2025,10,2025-01-01 09:00:00,southwest,0.2808333333333333,,Chongqing|Sichuan|Guizhou,arithmetic mean across candidate hub provinces,projected provincial S1 CEF; not observed historical CEF,9,2024-11-16 01:00:00,cyclic ordinal alignment to projected 2025 S1 CEF; not contemporaneous Azure carbon,2024-05-10 09:00:00+00:00,9
equal_site_portfolio,2025,11,2025-01-01 10:00:00,east,0.4206249999999999,,Beijing|Tianjin|Hebei|Shanghai|Jiangsu|Zhejiang|Anhui|Guangdong,arithmetic mean across candidate hub provinces,projected provincial S1 CEF; not observed historical CEF,10,2024-11-16 02:00:00,cyclic ordinal alignment to projected 2025 S1 CEF; not contemporaneous Azure carbon,2024-05-10 10:00:00+00:00,10
equal_site_portfolio,2025,11,2025-01-01 10:00:00,north,0.5814,,Inner Mongolia,arithmetic mean across candidate hub provinces,projected provincial S1 CEF; not observed historical CEF,10,2024-11-16 02:00:00,cyclic ordinal alignment to projected 2025 S1 CEF; not contemporaneous Azure carbon,2024-05-10 10:00:00+00:00,10
equal_site_portfolio,2025,11,2025-01-01 10:00:00,northwest,0.6198,,Gansu|Ningxia,arithmetic mean across candidate hub provinces,projected provincial S1 CEF; not observed historical CEF,10,2024-11-16 02:00:00,cyclic ordinal alignment to projected 2025 S1 CEF; not contemporaneous Azure carbon,2024-05-10 10:00:00+00:00,10
equal_site_portfolio,2025,11,2025-01-01 10:00:00,southwest,0.2954333333333333,,Chongqing|Sichuan|Guizhou,arithmetic mean across candidate hub provinces,projected provincial S1 CEF; not observed historical CEF,10,2024-11-16 02:00:00,cyclic ordinal alignment to projected 2025 S1 CEF; not contemporaneous Azure carbon,2024-05-10 10:00:00+00:00,10
equal_site_portfolio,2025,12,2025-01-01 11:00:00,east,0.3712,,Beijing|Tianjin|Hebei|Shanghai|Jiangsu|Zhejiang|Anhui|Guangdong,arithmetic mean across candidate hub provinces,projected provincial S1 CEF; not observed historical CEF,11,2024-11-16 03:00:00,cyclic ordinal alignment to projected 2025 S1 CEF; not contemporaneous Azure carbon,2024-05-10 11:00:00+00:00,11
equal_site_portfolio,2025,12,2025-01-01 11:00:00,north,0.5815,,Inner Mongolia,arithmetic mean across candidate hub provinces,projected provincial S1 CEF; not observed historical CEF,11,2024-11-16 03:00:00,cyclic ordinal alignment to projected 2025 S1 CEF; not contemporaneous Azure carbon,2024-05-10 11:00:00+00:00,11
equal_site_portfolio,2025,12,2025-01-01 11:00:00,northwest,0.59195,,Gansu|Ningxia,arithmetic mean across candidate hub provinces,projected provincial S1 CEF; not observed historical CEF,11,2024-11-16 03:00:00,cyclic ordinal alignment to projected 2025 S1 CEF; not contemporaneous Azure carbon,2024-05-10 11:00:00+00:00,11
equal_site_portfolio,2025,12,2025-01-01 11:00:00,southwest,0.2873333333333333,,Chongqing|Sichuan|Guizhou,arithmetic mean across candidate hub provinces,projected provincial S1 CEF; not observed historical CEF,11,2024-11-16 03:00:00,cyclic ordinal alignment to projected 2025 S1 CEF; not contemporaneous Azure carbon,2024-05-10 11:00:00+00:00,11
equal_site_portfolio,2025,13,2025-01-01 12:00:00,east,0.3155125,,Beijing|Tianjin|Hebei|Shanghai|Jiangsu|Zhejiang|Anhui|Guangdong,arithmetic mean across candidate hub provinces,projected provincial S1 CEF; not observed historical CEF,12,2024-11-16 04:00:00,cyclic ordinal alignment to projected 2025 S1 CEF; not contemporaneous Azure carbon,2024-05-10 12:00:00+00:00,12
equal_site_portfolio,2025,13,2025-01-01 12:00:00,north,0.5624,,Inner Mongolia,arithmetic mean across candidate hub provinces,projected provincial S1 CEF; not observed historical CEF,12,2024-11-16 04:00:00,cyclic ordinal alignment to projected 2025 S1 CEF; not contemporaneous Azure carbon,2024-05-10 12:00:00+00:00,12
equal_site_portfolio,2025,13,2025-01-01 12:00:00,northwest,0.5223,,Gansu|Ningxia,arithmetic mean across candidate hub provinces,projected provincial S1 CEF; not observed historical CEF,12,2024-11-16 04:00:00,cyclic ordinal alignment to projected 2025 S1 CEF; not contemporaneous Azure carbon,2024-05-10 12:00:00+00:00,12
equal_site_portfolio,2025,13,2025-01-01 12:00:00,southwest,0.2890999999999999,,Chongqing|Sichuan|Guizhou,arithmetic mean across candidate hub provinces,projected provincial S1 CEF; not observed historical CEF,12,2024-11-16 04:00:00,cyclic ordinal alignment to projected 2025 S1 CEF; not contemporaneous Azure carbon,2024-05-10 12:00:00+00:00,12
equal_site_portfolio,2025,14,2025-01-01 13:00:00,east,0.3062375,,Beijing|Tianjin|Hebei|Shanghai|Jiangsu|Zhejiang|Anhui|Guangdong,arithmetic mean across candidate hub provinces,projected provincial S1 CEF; not observed historical CEF,13,2024-11-16 05:00:00,cyclic ordinal alignment to projected 2025 S1 CEF; not contemporaneous Azure carbon,2024-05-10 13:00:00+00:00,13
equal_site_portfolio,2025,14,2025-01-01 13:00:00,north,0.5401,,Inner Mongolia,arithmetic mean across candidate hub provinces,projected provincial S1 CEF; not observed historical CEF,13,2024-11-16 05:00:00,cyclic ordinal alignment to projected 2025 S1 CEF; not contemporaneous Azure carbon,2024-05-10 13:00:00+00:00,13
equal_site_portfolio,2025,14,2025-01-01 13:00:00,northwest,0.47135,,Gansu|Ningxia,arithmetic mean across candidate hub provinces,projected provincial S1 CEF; not observed historical CEF,13,2024-11-16 05:00:00,cyclic ordinal alignment to projected 2025 S1 CEF; not contemporaneous Azure carbon,2024-05-10 13:00:00+00:00,13
equal_site_portfolio,2025,14,2025-01-01 13:00:00,southwest,0.2788,,Chongqing|Sichuan|Guizhou,arithmetic mean across candidate hub provinces,projected provincial S1 CEF; not observed historical CEF,13,2024-11-16 05:00:00,cyclic ordinal alignment to projected 2025 S1 CEF; not contemporaneous Azure carbon,2024-05-10 13:00:00+00:00,13
equal_site_portfolio,2025,15,2025-01-01 14:00:00,east,0.32215,,Beijing|Tianjin|Hebei|Shanghai|Jiangsu|Zhejiang|Anhui|Guangdong,arithmetic mean across candidate hub provinces,projected provincial S1 CEF; not observed historical CEF,14,2024-11-16 06:00:00,cyclic ordinal alignment to projected 2025 S1 CEF; not contemporaneous Azure carbon,2024-05-10 14:00:00+00:00,14
equal_site_portfolio,2025,15,2025-01-01 14:00:00,north,0.5737,,Inner Mongolia,arithmetic mean across candidate hub provinces,projected provincial S1 CEF; not observed historical CEF,14,2024-11-16 06:00:00,cyclic ordinal alignment to projected 2025 S1 CEF; not contemporaneous Azure carbon,2024-05-10 14:00:00+00:00,14
equal_site_portfolio,2025,15,2025-01-01 14:00:00,northwest,0.48685,,Gansu|Ningxia,arithmetic mean across candidate hub provinces,projected provincial S1 CEF; not observed historical CEF,14,2024-11-16 06:00:00,cyclic ordinal alignment to projected 2025 S1 CEF; not contemporaneous Azure carbon,2024-05-10 14:00:00+00:00,14
equal_site_portfolio,2025,15,2025-01-01 14:00:00,southwest,0.2738666666666667,,Chongqing|Sichuan|Guizhou,arithmetic mean across candidate hub provinces,projected provincial S1 CEF; not observed historical CEF,14,2024-11-16 06:00:00,cyclic ordinal alignment to projected 2025 S1 CEF; not contemporaneous Azure carbon,2024-05-10 14:00:00+00:00,14
equal_site_portfolio,2025,16,2025-01-01 15:00:00,east,0.367275,,Beijing|Tianjin|Hebei|Shanghai|Jiangsu|Zhejiang|Anhui|Guangdong,arithmetic mean across candidate hub provinces,projected provincial S1 CEF; not observed historical CEF,15,2024-11-16 07:00:00,cyclic ordinal alignment to projected 2025 S1 CEF; not contemporaneous Azure carbon,2024-05-10 15:00:00+00:00,15
equal_site_portfolio,2025,16,2025-01-01 15:00:00,north,0.6294,,Inner Mongolia,arithmetic mean across candidate hub provinces,projected provincial S1 CEF; not observed historical CEF,15,2024-11-16 07:00:00,cyclic ordinal alignment to projected 2025 S1 CEF; not contemporaneous Azure carbon,2024-05-10 15:00:00+00:00,15
equal_site_portfolio,2025,16,2025-01-01 15:00:00,northwest,0.50395,,Gansu|Ningxia,arithmetic mean across candidate hub provinces,projected provincial S1 CEF; not observed historical CEF,15,2024-11-16 07:00:00,cyclic ordinal alignment to projected 2025 S1 CEF; not contemporaneous Azure carbon,2024-05-10 15:00:00+00:00,15
equal_site_portfolio,2025,16,2025-01-01 15:00:00,southwest,0.2916666666666667,,Chongqing|Sichuan|Guizhou,arithmetic mean across candidate hub provinces,projected provincial S1 CEF; not observed historical CEF,15,2024-11-16 07:00:00,cyclic ordinal alignment to projected 2025 S1 CEF; not contemporaneous Azure carbon,2024-05-10 15:00:00+00:00,15
equal_site_portfolio,2025,17,2025-01-01 16:00:00,east,0.4858375,,Beijing|Tianjin|Hebei|Shanghai|Jiangsu|Zhejiang|Anhui|Guangdong,arithmetic mean across candidate hub provinces,projected provincial S1 CEF; not observed historical CEF,16,2024-11-16 08:00:00,cyclic ordinal alignment to projected 2025 S1 CEF; not contemporaneous Azure carbon,2024-05-10 16:00:00+00:00,16
equal_site_portfolio,2025,17,2025-01-01 16:00:00,north,0.7028,,Inner Mongolia,arithmetic mean across candidate hub provinces,projected provincial S1 CEF; not observed historical CEF,16,2024-11-16 08:00:00,cyclic ordinal alignment to projected 2025 S1 CEF; not contemporaneous Azure carbon,2024-05-10 16:00:00+00:00,16
equal_site_portfolio,2025,17,2025-01-01 16:00:00,northwest,0.611,,Gansu|Ningxia,arithmetic mean across candidate hub provinces,projected provincial S1 CEF; not observed historical CEF,16,2024-11-16 08:00:00,cyclic ordinal alignment to projected 2025 S1 CEF; not contemporaneous Azure carbon,2024-05-10 16:00:00+00:00,16
equal_site_portfolio,2025,17,2025-01-01 16:00:00,southwest,0.2208999999999999,,Chongqing|Sichuan|Guizhou,arithmetic mean across candidate hub provinces,projected provincial S1 CEF; not observed historical CEF,16,2024-11-16 08:00:00,cyclic ordinal alignment to projected 2025 S1 CEF; not contemporaneous Azure carbon,2024-05-10 16:00:00+00:00,16
equal_site_portfolio,2025,18,2025-01-01 17:00:00,east,0.5164124999999999,,Beijing|Tianjin|Hebei|Shanghai|Jiangsu|Zhejiang|Anhui|Guangdong,arithmetic mean across candidate hub provinces,projected provincial S1 CEF; not observed historical CEF,17,2024-11-16 09:00:00,cyclic ordinal alignment to projected 2025 S1 CEF; not contemporaneous Azure carbon,2024-05-10 17:00:00+00:00,17
equal_site_portfolio,2025,18,2025-01-01 17:00:00,north,0.734,,Inner Mongolia,arithmetic mean across candidate hub provinces,projected provincial S1 CEF; not observed historical CEF,17,2024-11-16 09:00:00,cyclic ordinal alignment to projected 2025 S1 CEF; not contemporaneous Azure carbon,2024-05-10 17:00:00+00:00,17
equal_site_portfolio,2025,18,2025-01-01 17:00:00,northwest,0.50955,,Gansu|Ningxia,arithmetic mean across candidate hub provinces,projected provincial S1 CEF; not observed historical CEF,17,2024-11-16 09:00:00,cyclic ordinal alignment to projected 2025 S1 CEF; not contemporaneous Azure carbon,2024-05-10 17:00:00+00:00,17
equal_site_portfolio,2025,18,2025-01-01 17:00:00,southwest,0.1912666666666667,,Chongqing|Sichuan|Guizhou,arithmetic mean across candidate hub provinces,projected provincial S1 CEF; not observed historical CEF,17,2024-11-16 09:00:00,cyclic ordinal alignment to projected 2025 S1 CEF; not contemporaneous Azure carbon,2024-05-10 17:00:00+00:00,17
equal_site_portfolio,2025,19,2025-01-01 18:00:00,east,0.512,,Beijing|Tianjin|Hebei|Shanghai|Jiangsu|Zhejiang|Anhui|Guangdong,arithmetic mean across candidate hub provinces,projected provincial S1 CEF; not observed historical CEF,18,2024-11-16 10:00:00,cyclic ordinal alignment to projected 2025 S1 CEF; not contemporaneous Azure carbon,2024-05-10 18:00:00+00:00,18
equal_site_portfolio,2025,19,2025-01-01 18:00:00,north,0.7295,,Inner Mongolia,arithmetic mean across candidate hub provinces,projected provincial S1 CEF; not observed historical CEF,18,2024-11-16 10:00:00,cyclic ordinal alignment to projected 2025 S1 CEF; not contemporaneous Azure carbon,2024-05-10 18:00:00+00:00,18
equal_site_portfolio,2025,19,2025-01-01 18:00:00,northwest,0.50175,,Gansu|Ningxia,arithmetic mean across candidate hub provinces,projected provincial S1 CEF; not observed historical CEF,18,2024-11-16 10:00:00,cyclic ordinal alignment to projected 2025 S1 CEF; not contemporaneous Azure carbon,2024-05-10 18:00:00+00:00,18
equal_site_portfolio,2025,19,2025-01-01 18:00:00,southwest,0.1611666666666666,,Chongqing|Sichuan|Guizhou,arithmetic mean across candidate hub provinces,projected provincial S1 CEF; not observed historical CEF,18,2024-11-16 10:00:00,cyclic ordinal alignment to projected 2025 S1 CEF; not contemporaneous Azure carbon,2024-05-10 18:00:00+00:00,18
equal_site_portfolio,2025,20,2025-01-01 19:00:00,east,0.5057875000000001,,Beijing|Tianjin|Hebei|Shanghai|Jiangsu|Zhejiang|Anhui|Guangdong,arithmetic mean across candidate hub provinces,projected provincial S1 CEF; not observed historical CEF,19,2024-11-16 11:00:00,cyclic ordinal alignment to projected 2025 S1 CEF; not contemporaneous Azure carbon,2024-05-10 19:00:00+00:00,19
equal_site_portfolio,2025,20,2025-01-01 19:00:00,north,0.7135,,Inner Mongolia,arithmetic mean across candidate hub provinces,projected provincial S1 CEF; not observed historical CEF,19,2024-11-16 11:00:00,cyclic ordinal alignment to projected 2025 S1 CEF; not contemporaneous Azure carbon,2024-05-10 19:00:00+00:00,19
equal_site_portfolio,2025,20,2025-01-01 19:00:00,northwest,0.4936,,Gansu|Ningxia,arithmetic mean across candidate hub provinces,projected provincial S1 CEF; not observed historical CEF,19,2024-11-16 11:00:00,cyclic ordinal alignment to projected 2025 S1 CEF; not contemporaneous Azure carbon,2024-05-10 19:00:00+00:00,19
equal_site_portfolio,2025,20,2025-01-01 19:00:00,southwest,0.1665666666666666,,Chongqing|Sichuan|Guizhou,arithmetic mean across candidate hub provinces,projected provincial S1 CEF; not observed historical CEF,19,2024-11-16 11:00:00,cyclic ordinal alignment to projected 2025 S1 CEF; not contemporaneous Azure carbon,2024-05-10 19:00:00+00:00,19
equal_site_portfolio,2025,21,2025-01-01 20:00:00,east,0.50795,,Beijing|Tianjin|Hebei|Shanghai|Jiangsu|Zhejiang|Anhui|Guangdong,arithmetic mean across candidate hub provinces,projected provincial S1 CEF; not observed historical CEF,20,2024-11-16 12:00:00,cyclic ordinal alignment to projected 2025 S1 CEF; not contemporaneous Azure carbon,2024-05-10 20:00:00+00:00,20
equal_site_portfolio,2025,21,2025-01-01 20:00:00,north,0.6856,,Inner Mongolia,arithmetic mean across candidate hub provinces,projected provincial S1 CEF; not observed historical CEF,20,2024-11-16 12:00:00,cyclic ordinal alignment to projected 2025 S1 CEF; not contemporaneous Azure carbon,2024-05-10 20:00:00+00:00,20
equal_site_portfolio,2025,21,2025-01-01 20:00:00,northwest,0.4819,,Gansu|Ningxia,arithmetic mean across candidate hub provinces,projected provincial S1 CEF; not observed historical CEF,20,2024-11-16 12:00:00,cyclic ordinal alignment to projected 2025 S1 CEF; not contemporaneous Azure carbon,2024-05-10 20:00:00+00:00,20
equal_site_portfolio,2025,21,2025-01-01 20:00:00,southwest,0.1717999999999999,,Chongqing|Sichuan|Guizhou,arithmetic mean across candidate hub provinces,projected provincial S1 CEF; not observed historical CEF,20,2024-11-16 12:00:00,cyclic ordinal alignment to projected 2025 S1 CEF; not contemporaneous Azure carbon,2024-05-10 20:00:00+00:00,20
equal_site_portfolio,2025,22,2025-01-01 21:00:00,east,0.5118375000000001,,Beijing|Tianjin|Hebei|Shanghai|Jiangsu|Zhejiang|Anhui|Guangdong,arithmetic mean across candidate hub provinces,projected provincial S1 CEF; not observed historical CEF,21,2024-11-16 13:00:00,cyclic ordinal alignment to projected 2025 S1 CEF; not contemporaneous Azure carbon,2024-05-10 21:00:00+00:00,21
equal_site_portfolio,2025,22,2025-01-01 21:00:00,north,0.671,,Inner Mongolia,arithmetic mean across candidate hub provinces,projected provincial S1 CEF; not observed historical CEF,21,2024-11-16 13:00:00,cyclic ordinal alignment to projected 2025 S1 CEF; not contemporaneous Azure carbon,2024-05-10 21:00:00+00:00,21
equal_site_portfolio,2025,22,2025-01-01 21:00:00,northwest,0.4855,,Gansu|Ningxia,arithmetic mean across candidate hub provinces,projected provincial S1 CEF; not observed historical CEF,21,2024-11-16 13:00:00,cyclic ordinal alignment to projected 2025 S1 CEF; not contemporaneous Azure carbon,2024-05-10 21:00:00+00:00,21
equal_site_portfolio,2025,22,2025-01-01 21:00:00,southwest,0.1744333333333333,,Chongqing|Sichuan|Guizhou,arithmetic mean across candidate hub provinces,projected provincial S1 CEF; not observed historical CEF,21,2024-11-16 13:00:00,cyclic ordinal alignment to projected 2025 S1 CEF; not contemporaneous Azure carbon,2024-05-10 21:00:00+00:00,21
equal_site_portfolio,2025,23,2025-01-01 22:00:00,east,0.5176125,,Beijing|Tianjin|Hebei|Shanghai|Jiangsu|Zhejiang|Anhui|Guangdong,arithmetic mean across candidate hub provinces,projected provincial S1 CEF; not observed historical CEF,22,2024-11-16 14:00:00,cyclic ordinal alignment to projected 2025 S1 CEF; not contemporaneous Azure carbon,2024-05-10 22:00:00+00:00,22
equal_site_portfolio,2025,23,2025-01-01 22:00:00,north,0.6575,,Inner Mongolia,arithmetic mean across candidate hub provinces,projected provincial S1 CEF; not observed historical CEF,22,2024-11-16 14:00:00,cyclic ordinal alignment to projected 2025 S1 CEF; not contemporaneous Azure carbon,2024-05-10 22:00:00+00:00,22
equal_site_portfolio,2025,23,2025-01-01 22:00:00,northwest,0.4560999999999999,,Gansu|Ningxia,arithmetic mean across candidate hub provinces,projected provincial S1 CEF; not observed historical CEF,22,2024-11-16 14:00:00,cyclic ordinal alignment to projected 2025 S1 CEF; not contemporaneous Azure carbon,2024-05-10 22:00:00+00:00,22
equal_site_portfolio,2025,23,2025-01-01 22:00:00,southwest,0.1976666666666666,,Chongqing|Sichuan|Guizhou,arithmetic mean across candidate hub provinces,projected provincial S1 CEF; not observed historical CEF,22,2024-11-16 14:00:00,cyclic ordinal alignment to projected 2025 S1 CEF; not contemporaneous Azure carbon,2024-05-10 22:00:00+00:00,22
equal_site_portfolio,2025,24,2025-01-01 23:00:00,east,0.5442375,,Beijing|Tianjin|Hebei|Shanghai|Jiangsu|Zhejiang|Anhui|Guangdong,arithmetic mean across candidate hub provinces,projected provincial S1 CEF; not observed historical CEF,23,2024-11-16 15:00:00,cyclic ordinal alignment to projected 2025 S1 CEF; not contemporaneous Azure carbon,2024-05-10 23:00:00+00:00,23
equal_site_portfolio,2025,24,2025-01-01 23:00:00,north,0.6511,,Inner Mongolia,arithmetic mean across candidate hub provinces,projected provincial S1 CEF; not observed historical CEF,23,2024-11-16 15:00:00,cyclic ordinal alignment to projected 2025 S1 CEF; not contemporaneous Azure carbon,2024-05-10 23:00:00+00:00,23
equal_site_portfolio,2025,24,2025-01-01 23:00:00,northwest,0.3792,,Gansu|Ningxia,arithmetic mean across candidate hub provinces,projected provincial S1 CEF; not observed historical CEF,23,2024-11-16 15:00:00,cyclic ordinal alignment to projected 2025 S1 CEF; not contemporaneous Azure carbon,2024-05-10 23:00:00+00:00,23
equal_site_portfolio,2025,24,2025-01-01 23:00:00,southwest,0.2054333333333333,,Chongqing|Sichuan|Guizhou,arithmetic mean across candidate hub provinces,projected provincial S1 CEF; not observed historical CEF,23,2024-11-16 15:00:00,cyclic ordinal alignment to projected 2025 S1 CEF; not contemporaneous Azure carbon,2024-05-10 23:00:00+00:00,23
equal_site_portfolio,2025,25,2025-01-02 00:00:00,east,0.5925250000000001,,Beijing|Tianjin|Hebei|Shanghai|Jiangsu|Zhejiang|Anhui|Guangdong,arithmetic mean across candidate hub provinces,projected provincial S1 CEF; not observed historical CEF,24,2024-11-16 16:00:00,cyclic ordinal alignment to projected 2025 S1 CEF; not contemporaneous Azure carbon,2024-05-11 00:00:00+00:00,24
equal_site_portfolio,2025,25,2025-01-02 00:00:00,north,0.643,,Inner Mongolia,arithmetic mean across candidate hub provinces,projected provincial S1 CEF; not observed historical CEF,24,2024-11-16 16:00:00,cyclic ordinal alignment to projected 2025 S1 CEF; not contemporaneous Azure carbon,2024-05-11 00:00:00+00:00,24
equal_site_portfolio,2025,25,2025-01-02 00:00:00,northwest,0.5103,,Gansu|Ningxia,arithmetic mean across candidate hub provinces,projected provincial S1 CEF; not observed historical CEF,24,2024-11-16 16:00:00,cyclic ordinal alignment to projected 2025 S1 CEF; not contemporaneous Azure carbon,2024-05-11 00:00:00+00:00,24
equal_site_portfolio,2025,25,2025-01-02 00:00:00,southwest,0.3454,,Chongqing|Sichuan|Guizhou,arithmetic mean across candidate hub provinces,projected provincial S1 CEF; not observed historical CEF,24,2024-11-16 16:00:00,cyclic ordinal alignment to projected 2025 S1 CEF; not contemporaneous Azure carbon,2024-05-11 00:00:00+00:00,24
equal_site_portfolio,2025,26,2025-01-02 01:00:00,east,0.5929875,,Beijing|Tianjin|Hebei|Shanghai|Jiangsu|Zhejiang|Anhui|Guangdong,arithmetic mean across candidate hub provinces,projected provincial S1 CEF; not observed historical CEF,25,2024-11-16 17:00:00,cyclic ordinal alignment to projected 2025 S1 CEF; not contemporaneous Azure carbon,2024-05-11 01:00:00+00:00,25
equal_site_portfolio,2025,26,2025-01-02 01:00:00,north,0.6333,,Inner Mongolia,arithmetic mean across candidate hub provinces,projected provincial S1 CEF; not observed historical CEF,25,2024-11-16 17:00:00,cyclic ordinal alignment to projected 2025 S1 CEF; not contemporaneous Azure carbon,2024-05-11 01:00:00+00:00,25
equal_site_portfolio,2025,26,2025-01-02 01:00:00,northwest,0.51935,,Gansu|Ningxia,arithmetic mean across candidate hub provinces,projected provincial S1 CEF; not observed historical CEF,25,2024-11-16 17:00:00,cyclic ordinal alignment to projected 2025 S1 CEF; not contemporaneous Azure carbon,2024-05-11 01:00:00+00:00,25
equal_site_portfolio,2025,26,2025-01-02 01:00:00,southwest,0.3573,,Chongqing|Sichuan|Guizhou,arithmetic mean across candidate hub provinces,projected provincial S1 CEF; not observed historical CEF,25,2024-11-16 17:00:00,cyclic ordinal alignment to projected 2025 S1 CEF; not contemporaneous Azure carbon,2024-05-11 01:00:00+00:00,25
equal_site_portfolio,2025,27,2025-01-02 02:00:00,east,0.5942,,Beijing|Tianjin|Hebei|Shanghai|Jiangsu|Zhejiang|Anhui|Guangdong,arithmetic mean across candidate hub provinces,projected provincial S1 CEF; not observed historical CEF,26,2024-11-16 18:00:00,cyclic ordinal alignment to projected 2025 S1 CEF; not contemporaneous Azure carbon,2024-05-11 02:00:00+00:00,26
equal_site_portfolio,2025,27,2025-01-02 02:00:00,north,0.626,,Inner Mongolia,arithmetic mean across candidate hub provinces,projected provincial S1 CEF; not observed historical CEF,26,2024-11-16 18:00:00,cyclic ordinal alignment to projected 2025 S1 CEF; not contemporaneous Azure carbon,2024-05-11 02:00:00+00:00,26
equal_site_portfolio,2025,27,2025-01-02 02:00:00,northwest,0.52875,,Gansu|Ningxia,arithmetic mean across candidate hub provinces,projected provincial S1 CEF; not observed historical CEF,26,2024-11-16 18:00:00,cyclic ordinal alignment to projected 2025 S1 CEF; not contemporaneous Azure carbon,2024-05-11 02:00:00+00:00,26
equal_site_portfolio,2025,27,2025-01-02 02:00:00,southwest,0.3595666666666666,,Chongqing|Sichuan|Guizhou,arithmetic mean across candidate hub provinces,projected provincial S1 CEF; not observed historical CEF,26,2024-11-16 18:00:00,cyclic ordinal alignment to projected 2025 S1 CEF; not contemporaneous Azure carbon,2024-05-11 02:00:00+00:00,26
equal_site_portfolio,2025,28,2025-01-02 03:00:00,east,0.597925,,Beijing|Tianjin|Hebei|Shanghai|Jiangsu|Zhejiang|Anhui|Guangdong,arithmetic mean across candidate hub provinces,projected provincial S1 CEF; not observed historical CEF,27,2024-11-16 19:00:00,cyclic ordinal alignment to projected 2025 S1 CEF; not contemporaneous Azure carbon,2024-05-11 03:00:00+00:00,27
equal_site_portfolio,2025,28,2025-01-02 03:00:00,north,0.6217,,Inner Mongolia,arithmetic mean across candidate hub provinces,projected provincial S1 CEF; not observed historical CEF,27,2024-11-16 19:00:00,cyclic ordinal alignment to projected 2025 S1 CEF; not contemporaneous Azure carbon,2024-05-11 03:00:00+00:00,27
equal_site_portfolio,2025,28,2025-01-02 03:00:00,northwest,0.53575,,Gansu|Ningxia,arithmetic mean across candidate hub provinces,projected provincial S1 CEF; not observed historical CEF,27,2024-11-16 19:00:00,cyclic ordinal alignment to projected 2025 S1 CEF; not contemporaneous Azure carbon,2024-05-11 03:00:00+00:00,27
equal_site_portfolio,2025,28,2025-01-02 03:00:00,southwest,0.3655666666666666,,Chongqing|Sichuan|Guizhou,arithmetic mean across candidate hub provinces,projected provincial S1 CEF; not observed historical CEF,27,2024-11-16 19:00:00,cyclic ordinal alignment to projected 2025 S1 CEF; not contemporaneous Azure carbon,2024-05-11 03:00:00+00:00,27
equal_site_portfolio,2025,29,2025-01-02 04:00:00,east,0.5972375,,Beijing|Tianjin|Hebei|Shanghai|Jiangsu|Zhejiang|Anhui|Guangdong,arithmetic mean across candidate hub provinces,projected provincial S1 CEF; not observed historical CEF,28,2024-11-16 20:00:00,cyclic ordinal alignment to projected 2025 S1 CEF; not contemporaneous Azure carbon,2024-05-11 04:00:00+00:00,28
equal_site_portfolio,2025,29,2025-01-02 04:00:00,north,0.6231,,Inner Mongolia,arithmetic mean across candidate hub provinces,projected provincial S1 CEF; not observed historical CEF,28,2024-11-16 20:00:00,cyclic ordinal alignment to projected 2025 S1 CEF; not contemporaneous Azure carbon,2024-05-11 04:00:00+00:00,28
equal_site_portfolio,2025,29,2025-01-02 04:00:00,northwest,0.5386500000000001,,Gansu|Ningxia,arithmetic mean across candidate hub provinces,projected provincial S1 CEF; not observed historical CEF,28,2024-11-16 20:00:00,cyclic ordinal alignment to projected 2025 S1 CEF; not contemporaneous Azure carbon,2024-05-11 04:00:00+00:00,28
equal_site_portfolio,2025,29,2025-01-02 04:00:00,southwest,0.3647333333333333,,Chongqing|Sichuan|Guizhou,arithmetic mean across candidate hub provinces,projected provincial S1 CEF; not observed historical CEF,28,2024-11-16 20:00:00,cyclic ordinal alignment to projected 2025 S1 CEF; not contemporaneous Azure carbon,2024-05-11 04:00:00+00:00,28
equal_site_portfolio,2025,30,2025-01-02 05:00:00,east,0.5944124999999999,,Beijing|Tianjin|Hebei|Shanghai|Jiangsu|Zhejiang|Anhui|Guangdong,arithmetic mean across candidate hub provinces,projected provincial S1 CEF; not observed historical CEF,29,2024-11-16 21:00:00,cyclic ordinal alignment to projected 2025 S1 CEF; not contemporaneous Azure carbon,2024-05-11 05:00:00+00:00,29
equal_site_portfolio,2025,30,2025-01-02 05:00:00,north,0.6297,,Inner Mongolia,arithmetic mean across candidate hub provinces,projected provincial S1 CEF; not observed historical CEF,29,2024-11-16 21:00:00,cyclic ordinal alignment to projected 2025 S1 CEF; not contemporaneous Azure carbon,2024-05-11 05:00:00+00:00,29
equal_site_portfolio,2025,30,2025-01-02 05:00:00,northwest,0.5378000000000001,,Gansu|Ningxia,arithmetic mean across candidate hub provinces,projected provincial S1 CEF; not observed historical CEF,29,2024-11-16 21:00:00,cyclic ordinal alignment to projected 2025 S1 CEF; not contemporaneous Azure carbon,2024-05-11 05:00:00+00:00,29
equal_site_portfolio,2025,30,2025-01-02 05:00:00,southwest,0.3545666666666666,,Chongqing|Sichuan|Guizhou,arithmetic mean across candidate hub provinces,projected provincial S1 CEF; not observed historical CEF,29,2024-11-16 21:00:00,cyclic ordinal alignment to projected 2025 S1 CEF; not contemporaneous Azure carbon,2024-05-11 05:00:00+00:00,29
equal_site_portfolio,2025,31,2025-01-02 06:00:00,east,0.587325,,Beijing|Tianjin|Hebei|Shanghai|Jiangsu|Zhejiang|Anhui|Guangdong,arithmetic mean across candidate hub provinces,projected provincial S1 CEF; not observed historical CEF,30,2024-11-16 22:00:00,cyclic ordinal alignment to projected 2025 S1 CEF; not contemporaneous Azure carbon,2024-05-11 06:00:00+00:00,30
equal_site_portfolio,2025,31,2025-01-02 06:00:00,north,0.6341,,Inner Mongolia,arithmetic mean across candidate hub provinces,projected provincial S1 CEF; not observed historical CEF,30,2024-11-16 22:00:00,cyclic ordinal alignment to projected 2025 S1 CEF; not contemporaneous Azure carbon,2024-05-11 06:00:00+00:00,30
equal_site_portfolio,2025,31,2025-01-02 06:00:00,northwest,0.5277000000000001,,Gansu|Ningxia,arithmetic mean across candidate hub provinces,projected provincial S1 CEF; not observed historical CEF,30,2024-11-16 22:00:00,cyclic ordinal alignment to projected 2025 S1 CEF; not contemporaneous Azure carbon,2024-05-11 06:00:00+00:00,30
equal_site_portfolio,2025,31,2025-01-02 06:00:00,southwest,0.3237666666666666,,Chongqing|Sichuan|Guizhou,arithmetic mean across candidate hub provinces,projected provincial S1 CEF; not observed historical CEF,30,2024-11-16 22:00:00,cyclic ordinal alignment to projected 2025 S1 CEF; not contemporaneous Azure carbon,2024-05-11 06:00:00+00:00,30
equal_site_portfolio,2025,32,2025-01-02 07:00:00,east,0.57875,,Beijing|Tianjin|Hebei|Shanghai|Jiangsu|Zhejiang|Anhui|Guangdong,arithmetic mean across candidate hub provinces,projected provincial S1 CEF; not observed historical CEF,31,2024-11-16 23:00:00,cyclic ordinal alignment to projected 2025 S1 CEF; not contemporaneous Azure carbon,2024-05-11 07:00:00+00:00,31
equal_site_portfolio,2025,32,2025-01-02 07:00:00,north,0.6437,,Inner Mongolia,arithmetic mean across candidate hub provinces,projected provincial S1 CEF; not observed historical CEF,31,2024-11-16 23:00:00,cyclic ordinal alignment to projected 2025 S1 CEF; not contemporaneous Azure carbon,2024-05-11 07:00:00+00:00,31
equal_site_portfolio,2025,32,2025-01-02 07:00:00,northwest,0.52135,,Gansu|Ningxia,arithmetic mean across candidate hub provinces,projected provincial S1 CEF; not observed historical CEF,31,2024-11-16 23:00:00,cyclic ordinal alignment to projected 2025 S1 CEF; not contemporaneous Azure carbon,2024-05-11 07:00:00+00:00,31
equal_site_portfolio,2025,32,2025-01-02 07:00:00,southwest,0.3076333333333333,,Chongqing|Sichuan|Guizhou,arithmetic mean across candidate hub provinces,projected provincial S1 CEF; not observed historical CEF,31,2024-11-16 23:00:00,cyclic ordinal alignment to projected 2025 S1 CEF; not contemporaneous Azure carbon,2024-05-11 07:00:00+00:00,31
equal_site_portfolio,2025,33,2025-01-02 08:00:00,east,0.5703375,,Beijing|Tianjin|Hebei|Shanghai|Jiangsu|Zhejiang|Anhui|Guangdong,arithmetic mean across candidate hub provinces,projected provincial S1 CEF; not observed historical CEF,32,2024-11-17 00:00:00,cyclic ordinal alignment to projected 2025 S1 CEF; not contemporaneous Azure carbon,2024-05-11 08:00:00+00:00,32
equal_site_portfolio,2025,33,2025-01-02 08:00:00,north,0.6397,,Inner Mongolia,arithmetic mean across candidate hub provinces,projected provincial S1 CEF; not observed historical CEF,32,2024-11-17 00:00:00,cyclic ordinal alignment to projected 2025 S1 CEF; not contemporaneous Azure carbon,2024-05-11 08:00:00+00:00,32
equal_site_portfolio,2025,33,2025-01-02 08:00:00,northwest,0.52555,,Gansu|Ningxia,arithmetic mean across candidate hub provinces,projected provincial S1 CEF; not observed historical CEF,32,2024-11-17 00:00:00,cyclic ordinal alignment to projected 2025 S1 CEF; not contemporaneous Azure carbon,2024-05-11 08:00:00+00:00,32
equal_site_portfolio,2025,33,2025-01-02 08:00:00,southwest,0.2765999999999999,,Chongqing|Sichuan|Guizhou,arithmetic mean across candidate hub provinces,projected provincial S1 CEF; not observed historical CEF,32,2024-11-17 00:00:00,cyclic ordinal alignment to projected 2025 S1 CEF; not contemporaneous Azure carbon,2024-05-11 08:00:00+00:00,32
equal_site_portfolio,2025,34,2025-01-02 09:00:00,east,0.5166375,,Beijing|Tianjin|Hebei|Shanghai|Jiangsu|Zhejiang|Anhui|Guangdong,arithmetic mean across candidate hub provinces,projected provincial S1 CEF; not observed historical CEF,33,2024-11-17 01:00:00,cyclic ordinal alignment to projected 2025 S1 CEF; not contemporaneous Azure carbon,2024-05-11 09:00:00+00:00,33
equal_site_portfolio,2025,34,2025-01-02 09:00:00,north,0.6258,,Inner Mongolia,arithmetic mean across candidate hub provinces,projected provincial S1 CEF; not observed historical CEF,33,2024-11-17 01:00:00,cyclic ordinal alignment to projected 2025 S1 CEF; not contemporaneous Azure carbon,2024-05-11 09:00:00+00:00,33
equal_site_portfolio,2025,34,2025-01-02 09:00:00,northwest,0.50725,,Gansu|Ningxia,arithmetic mean across candidate hub provinces,projected provincial S1 CEF; not observed historical CEF,33,2024-11-17 01:00:00,cyclic ordinal alignment to projected 2025 S1 CEF; not contemporaneous Azure carbon,2024-05-11 09:00:00+00:00,33
equal_site_portfolio,2025,34,2025-01-02 09:00:00,southwest,0.2631333333333333,,Chongqing|Sichuan|Guizhou,arithmetic mean across candidate hub provinces,projected provincial S1 CEF; not observed historical CEF,33,2024-11-17 01:00:00,cyclic ordinal alignment to projected 2025 S1 CEF; not contemporaneous Azure carbon,2024-05-11 09:00:00+00:00,33
equal_site_portfolio,2025,35,2025-01-02 10:00:00,east,0.4701125,,Beijing|Tianjin|Hebei|Shanghai|Jiangsu|Zhejiang|Anhui|Guangdong,arithmetic mean across candidate hub provinces,projected provincial S1 CEF; not observed historical CEF,34,2024-11-17 02:00:00,cyclic ordinal alignment to projected 2025 S1 CEF; not contemporaneous Azure carbon,2024-05-11 10:00:00+00:00,34
equal_site_portfolio,2025,35,2025-01-02 10:00:00,north,0.5937,,Inner Mongolia,arithmetic mean across candidate hub provinces,projected provincial S1 CEF; not observed historical CEF,34,2024-11-17 02:00:00,cyclic ordinal alignment to projected 2025 S1 CEF; not contemporaneous Azure carbon,2024-05-11 10:00:00+00:00,34
equal_site_portfolio,2025,35,2025-01-02 10:00:00,northwest,0.47895,,Gansu|Ningxia,arithmetic mean across candidate hub provinces,projected provincial S1 CEF; not observed historical CEF,34,2024-11-17 02:00:00,cyclic ordinal alignment to projected 2025 S1 CEF; not contemporaneous Azure carbon,2024-05-11 10:00:00+00:00,34
equal_site_portfolio,2025,35,2025-01-02 10:00:00,southwest,0.2514666666666666,,Chongqing|Sichuan|Guizhou,arithmetic mean across candidate hub provinces,projected provincial S1 CEF; not observed historical CEF,34,2024-11-17 02:00:00,cyclic ordinal alignment to projected 2025 S1 CEF; not contemporaneous Azure carbon,2024-05-11 10:00:00+00:00,34
equal_site_portfolio,2025,36,2025-01-02 11:00:00,east,0.4264875,,Beijing|Tianjin|Hebei|Shanghai|Jiangsu|Zhejiang|Anhui|Guangdong,arithmetic mean across candidate hub provinces,projected provincial S1 CEF; not observed historical CEF,35,2024-11-17 03:00:00,cyclic ordinal alignment to projected 2025 S1 CEF; not contemporaneous Azure carbon,2024-05-11 11:00:00+00:00,35
equal_site_portfolio,2025,36,2025-01-02 11:00:00,north,0.5535,,Inner Mongolia,arithmetic mean across candidate hub provinces,projected provincial S1 CEF; not observed historical CEF,35,2024-11-17 03:00:00,cyclic ordinal alignment to projected 2025 S1 CEF; not contemporaneous Azure carbon,2024-05-11 11:00:00+00:00,35
equal_site_portfolio,2025,36,2025-01-02 11:00:00,northwest,0.4845,,Gansu|Ningxia,arithmetic mean across candidate hub provinces,projected provincial S1 CEF; not observed historical CEF,35,2024-11-17 03:00:00,cyclic ordinal alignment to projected 2025 S1 CEF; not contemporaneous Azure carbon,2024-05-11 11:00:00+00:00,35
equal_site_portfolio,2025,36,2025-01-02 11:00:00,southwest,0.2461666666666666,,Chongqing|Sichuan|Guizhou,arithmetic mean across candidate hub provinces,projected provincial S1 CEF; not observed historical CEF,35,2024-11-17 03:00:00,cyclic ordinal alignment to projected 2025 S1 CEF; not contemporaneous Azure carbon,2024-05-11 11:00:00+00:00,35
equal_site_portfolio,2025,37,2025-01-02 12:00:00,east,0.4126249999999999,,Beijing|Tianjin|Hebei|Shanghai|Jiangsu|Zhejiang|Anhui|Guangdong,arithmetic mean across candidate hub provinces,projected provincial S1 CEF; not observed historical CEF,36,2024-11-17 04:00:00,cyclic ordinal alignment to projected 2025 S1 CEF; not contemporaneous Azure carbon,2024-05-11 12:00:00+00:00,36
equal_site_portfolio,2025,37,2025-01-02 12:00:00,north,0.5431,,Inner Mongolia,arithmetic mean across candidate hub provinces,projected provincial S1 CEF; not observed historical CEF,36,2024-11-17 04:00:00,cyclic ordinal alignment to projected 2025 S1 CEF; not contemporaneous Azure carbon,2024-05-11 12:00:00+00:00,36
equal_site_portfolio,2025,37,2025-01-02 12:00:00,northwest,0.448,,Gansu|Ningxia,arithmetic mean across candidate hub provinces,projected provincial S1 CEF; not observed historical CEF,36,2024-11-17 04:00:00,cyclic ordinal alignment to projected 2025 S1 CEF; not contemporaneous Azure carbon,2024-05-11 12:00:00+00:00,36
equal_site_portfolio,2025,37,2025-01-02 12:00:00,southwest,0.2485333333333333,,Chongqing|Sichuan|Guizhou,arithmetic mean across candidate hub provinces,projected provincial S1 CEF; not observed historical CEF,36,2024-11-17 04:00:00,cyclic ordinal alignment to projected 2025 S1 CEF; not contemporaneous Azure carbon,2024-05-11 12:00:00+00:00,36
equal_site_portfolio,2025,38,2025-01-02 13:00:00,east,0.4078,,Beijing|Tianjin|Hebei|Shanghai|Jiangsu|Zhejiang|Anhui|Guangdong,arithmetic mean across candidate hub provinces,projected provincial S1 CEF; not observed historical CEF,37,2024-11-17 05:00:00,cyclic ordinal alignment to projected 2025 S1 CEF; not contemporaneous Azure carbon,2024-05-11 13:00:00+00:00,37
equal_site_portfolio,2025,38,2025-01-02 13:00:00,north,0.5078,,Inner Mongolia,arithmetic mean across candidate hub provinces,projected provincial S1 CEF; not observed historical CEF,37,2024-11-17 05:00:00,cyclic ordinal alignment to projected 2025 S1 CEF; not contemporaneous Azure carbon,2024-05-11 13:00:00+00:00,37
equal_site_portfolio,2025,38,2025-01-02 13:00:00,northwest,0.47045,,Gansu|Ningxia,arithmetic mean across candidate hub provinces,projected provincial S1 CEF; not observed historical CEF,37,2024-11-17 05:00:00,cyclic ordinal alignment to projected 2025 S1 CEF; not contemporaneous Azure carbon,2024-05-11 13:00:00+00:00,37
equal_site_portfolio,2025,38,2025-01-02 13:00:00,southwest,0.2507666666666666,,Chongqing|Sichuan|Guizhou,arithmetic mean across candidate hub provinces,projected provincial S1 CEF; not observed historical CEF,37,2024-11-17 05:00:00,cyclic ordinal alignment to projected 2025 S1 CEF; not contemporaneous Azure carbon,2024-05-11 13:00:00+00:00,37
equal_site_portfolio,2025,39,2025-01-02 14:00:00,east,0.419925,,Beijing|Tianjin|Hebei|Shanghai|Jiangsu|Zhejiang|Anhui|Guangdong,arithmetic mean across candidate hub provinces,projected provincial S1 CEF; not observed historical CEF,38,2024-11-17 06:00:00,cyclic ordinal alignment to projected 2025 S1 CEF; not contemporaneous Azure carbon,2024-05-11 14:00:00+00:00,38
equal_site_portfolio,2025,39,2025-01-02 14:00:00,north,0.4963,,Inner Mongolia,arithmetic mean across candidate hub provinces,projected provincial S1 CEF; not observed historical CEF,38,2024-11-17 06:00:00,cyclic ordinal alignment to projected 2025 S1 CEF; not contemporaneous Azure carbon,2024-05-11 14:00:00+00:00,38
equal_site_portfolio,2025,39,2025-01-02 14:00:00,northwest,0.47185,,Gansu|Ningxia,arithmetic mean across candidate hub provinces,projected provincial S1 CEF; not observed historical CEF,38,2024-11-17 06:00:00,cyclic ordinal alignment to projected 2025 S1 CEF; not contemporaneous Azure carbon,2024-05-11 14:00:00+00:00,38
equal_site_portfolio,2025,39,2025-01-02 14:00:00,southwest,0.2462333333333333,,Chongqing|Sichuan|Guizhou,arithmetic mean across candidate hub provinces,projected provincial S1 CEF; not observed historical CEF,38,2024-11-17 06:00:00,cyclic ordinal alignment to projected 2025 S1 CEF; not contemporaneous Azure carbon,2024-05-11 14:00:00+00:00,38
equal_site_portfolio,2025,40,2025-01-02 15:00:00,east,0.453375,,Beijing|Tianjin|Hebei|Shanghai|Jiangsu|Zhejiang|Anhui|Guangdong,arithmetic mean across candidate hub provinces,projected provincial S1 CEF; not observed historical CEF,39,2024-11-17 07:00:00,cyclic ordinal alignment to projected 2025 S1 CEF; not contemporaneous Azure carbon,2024-05-11 15:00:00+00:00,39
equal_site_portfolio,2025,40,2025-01-02 15:00:00,north,0.5231,,Inner Mongolia,arithmetic mean across candidate hub provinces,projected provincial S1 CEF; not observed historical CEF,39,2024-11-17 07:00:00,cyclic ordinal alignment to projected 2025 S1 CEF; not contemporaneous Azure carbon,2024-05-11 15:00:00+00:00,39
equal_site_portfolio,2025,40,2025-01-02 15:00:00,northwest,0.52455,,Gansu|Ningxia,arithmetic mean across candidate hub provinces,projected provincial S1 CEF; not observed historical CEF,39,2024-11-17 07:00:00,cyclic ordinal alignment to projected 2025 S1 CEF; not contemporaneous Azure carbon,2024-05-11 15:00:00+00:00,39
equal_site_portfolio,2025,40,2025-01-02 15:00:00,southwest,0.244,,Chongqing|Sichuan|Guizhou,arithmetic mean across candidate hub provinces,projected provincial S1 CEF; not observed historical CEF,39,2024-11-17 07:00:00,cyclic ordinal alignment to projected 2025 S1 CEF; not contemporaneous Azure carbon,2024-05-11 15:00:00+00:00,39
equal_site_portfolio,2025,41,2025-01-02 16:00:00,east,0.4980624999999999,,Beijing|Tianjin|Hebei|Shanghai|Jiangsu|Zhejiang|Anhui|Guangdong,arithmetic mean across candidate hub provinces,projected provincial S1 CEF; not observed historical CEF,40,2024-11-17 08:00:00,cyclic ordinal alignment to projected 2025 S1 CEF; not contemporaneous Azure carbon,2024-05-11 16:00:00+00:00,40
equal_site_portfolio,2025,41,2025-01-02 16:00:00,north,0.6071,,Inner Mongolia,arithmetic mean across candidate hub provinces,projected provincial S1 CEF; not observed historical CEF,40,2024-11-17 08:00:00,cyclic ordinal alignment to projected 2025 S1 CEF; not contemporaneous Azure carbon,2024-05-11 16:00:00+00:00,40
equal_site_portfolio,2025,41,2025-01-02 16:00:00,northwest,0.5085,,Gansu|Ningxia,arithmetic mean across candidate hub provinces,projected provincial S1 CEF; not observed historical CEF,40,2024-11-17 08:00:00,cyclic ordinal alignment to projected 2025 S1 CEF; not contemporaneous Azure carbon,2024-05-11 16:00:00+00:00,40
equal_site_portfolio,2025,41,2025-01-02 16:00:00,southwest,0.2243999999999999,,Chongqing|Sichuan|Guizhou,arithmetic mean across candidate hub provinces,projected provincial S1 CEF; not observed historical CEF,40,2024-11-17 08:00:00,cyclic ordinal alignment to projected 2025 S1 CEF; not contemporaneous Azure carbon,2024-05-11 16:00:00+00:00,40
equal_site_portfolio,2025,42,2025-01-02 17:00:00,east,0.5212625,,Beijing|Tianjin|Hebei|Shanghai|Jiangsu|Zhejiang|Anhui|Guangdong,arithmetic mean across candidate hub provinces,projected provincial S1 CEF; not observed historical CEF,41,2024-11-17 09:00:00,cyclic ordinal alignment to projected 2025 S1 CEF; not contemporaneous Azure carbon,2024-05-11 17:00:00+00:00,41
equal_site_portfolio,2025,42,2025-01-02 17:00:00,north,0.6614,,Inner Mongolia,arithmetic mean across candidate hub provinces,projected provincial S1 CEF; not observed historical CEF,41,2024-11-17 09:00:00,cyclic ordinal alignment to projected 2025 S1 CEF; not contemporaneous Azure carbon,2024-05-11 17:00:00+00:00,41
equal_site_portfolio,2025,42,2025-01-02 17:00:00,northwest,0.5084,,Gansu|Ningxia,arithmetic mean across candidate hub provinces,projected provincial S1 CEF; not observed historical CEF,41,2024-11-17 09:00:00,cyclic ordinal alignment to projected 2025 S1 CEF; not contemporaneous Azure carbon,2024-05-11 17:00:00+00:00,41
equal_site_portfolio,2025,42,2025-01-02 17:00:00,southwest,0.1478666666666666,,Chongqing|Sichuan|Guizhou,arithmetic mean across candidate hub provinces,projected provincial S1 CEF; not observed historical CEF,41,2024-11-17 09:00:00,cyclic ordinal alignment to projected 2025 S1 CEF; not contemporaneous Azure carbon,2024-05-11 17:00:00+00:00,41
equal_site_portfolio,2025,43,2025-01-02 18:00:00,east,0.5235624999999999,,Beijing|Tianjin|Hebei|Shanghai|Jiangsu|Zhejiang|Anhui|Guangdong,arithmetic mean across candidate hub provinces,projected provincial S1 CEF; not observed historical CEF,42,2024-11-17 10:00:00,cyclic ordinal alignment to projected 2025 S1 CEF; not contemporaneous Azure carbon,2024-05-11 18:00:00+00:00,42
equal_site_portfolio,2025,43,2025-01-02 18:00:00,north,0.658,,Inner Mongolia,arithmetic mean across candidate hub provinces,projected provincial S1 CEF; not observed historical CEF,42,2024-11-17 10:00:00,cyclic ordinal alignment to projected 2025 S1 CEF; not contemporaneous Azure carbon,2024-05-11 18:00:00+00:00,42
equal_site_portfolio,2025,43,2025-01-02 18:00:00,northwest,0.5152,,Gansu|Ningxia,arithmetic mean across candidate hub provinces,projected provincial S1 CEF; not observed historical CEF,42,2024-11-17 10:00:00,cyclic ordinal alignment to projected 2025 S1 CEF; not contemporaneous Azure carbon,2024-05-11 18:00:00+00:00,42
equal_site_portfolio,2025,43,2025-01-02 18:00:00,southwest,0.1742333333333333,,Chongqing|Sichuan|Guizhou,arithmetic mean across candidate hub provinces,projected provincial S1 CEF; not observed historical CEF,42,2024-11-17 10:00:00,cyclic ordinal alignment to projected 2025 S1 CEF; not contemporaneous Azure carbon,2024-05-11 18:00:00+00:00,42
equal_site_portfolio,2025,44,2025-01-02 19:00:00,east,0.5248999999999999,,Beijing|Tianjin|Hebei|Shanghai|Jiangsu|Zhejiang|Anhui|Guangdong,arithmetic mean across candidate hub provinces,projected provincial S1 CEF; not observed historical CEF,43,2024-11-17 11:00:00,cyclic ordinal alignment to projected 2025 S1 CEF; not contemporaneous Azure carbon,2024-05-11 19:00:00+00:00,43
equal_site_portfolio,2025,44,2025-01-02 19:00:00,north,0.6444,,Inner Mongolia,arithmetic mean across candidate hub provinces,projected provincial S1 CEF; not observed historical CEF,43,2024-11-17 11:00:00,cyclic ordinal alignment to projected 2025 S1 CEF; not contemporaneous Azure carbon,2024-05-11 19:00:00+00:00,43
equal_site_portfolio,2025,44,2025-01-02 19:00:00,northwest,0.51035,,Gansu|Ningxia,arithmetic mean across candidate hub provinces,projected provincial S1 CEF; not observed historical CEF,43,2024-11-17 11:00:00,cyclic ordinal alignment to projected 2025 S1 CEF; not contemporaneous Azure carbon,2024-05-11 19:00:00+00:00,43
equal_site_portfolio,2025,44,2025-01-02 19:00:00,southwest,0.1735666666666666,,Chongqing|Sichuan|Guizhou,arithmetic mean across candidate hub provinces,projected provincial S1 CEF; not observed historical CEF,43,2024-11-17 11:00:00,cyclic ordinal alignment to projected 2025 S1 CEF; not contemporaneous Azure carbon,2024-05-11 19:00:00+00:00,43
equal_site_portfolio,2025,45,2025-01-02 20:00:00,east,0.5215875000000001,,Beijing|Tianjin|Hebei|Shanghai|Jiangsu|Zhejiang|Anhui|Guangdong,arithmetic mean across candidate hub provinces,projected provincial S1 CEF; not observed historical CEF,44,2024-11-17 12:00:00,cyclic ordinal alignment to projected 2025 S1 CEF; not contemporaneous Azure carbon,2024-05-11 20:00:00+00:00,44
equal_site_portfolio,2025,45,2025-01-02 20:00:00,north,0.6316,,Inner Mongolia,arithmetic mean across candidate hub provinces,projected provincial S1 CEF; not observed historical CEF,44,2024-11-17 12:00:00,cyclic ordinal alignment to projected 2025 S1 CEF; not contemporaneous Azure carbon,2024-05-11 20:00:00+00:00,44
equal_site_portfolio,2025,45,2025-01-02 20:00:00,northwest,0.51075,,Gansu|Ningxia,arithmetic mean across candidate hub provinces,projected provincial S1 CEF; not observed historical CEF,44,2024-11-17 12:00:00,cyclic ordinal alignment to projected 2025 S1 CEF; not contemporaneous Azure carbon,2024-05-11 20:00:00+00:00,44
equal_site_portfolio,2025,45,2025-01-02 20:00:00,southwest,0.1654333333333333,,Chongqing|Sichuan|Guizhou,arithmetic mean across candidate hub provinces,projected provincial S1 CEF; not observed historical CEF,44,2024-11-17 12:00:00,cyclic ordinal alignment to projected 2025 S1 CEF; not contemporaneous Azure carbon,2024-05-11 20:00:00+00:00,44
equal_site_portfolio,2025,46,2025-01-02 21:00:00,east,0.524075,,Beijing|Tianjin|Hebei|Shanghai|Jiangsu|Zhejiang|Anhui|Guangdong,arithmetic mean across candidate hub provinces,projected provincial S1 CEF; not observed historical CEF,45,2024-11-17 13:00:00,cyclic ordinal alignment to projected 2025 S1 CEF; not contemporaneous Azure carbon,2024-05-11 21:00:00+00:00,45
equal_site_portfolio,2025,46,2025-01-02 21:00:00,north,0.6122,,Inner Mongolia,arithmetic mean across candidate hub provinces,projected provincial S1 CEF; not observed historical CEF,45,2024-11-17 13:00:00,cyclic ordinal alignment to projected 2025 S1 CEF; not contemporaneous Azure carbon,2024-05-11 21:00:00+00:00,45
equal_site_portfolio,2025,46,2025-01-02 21:00:00,northwest,0.51835,,Gansu|Ningxia,arithmetic mean across candidate hub provinces,projected provincial S1 CEF; not observed historical CEF,45,2024-11-17 13:00:00,cyclic ordinal alignment to projected 2025 S1 CEF; not contemporaneous Azure carbon,2024-05-11 21:00:00+00:00,45
equal_site_portfolio,2025,46,2025-01-02 21:00:00,southwest,0.1754,,Chongqing|Sichuan|Guizhou,arithmetic mean across candidate hub provinces,projected provincial S1 CEF; not observed historical CEF,45,2024-11-17 13:00:00,cyclic ordinal alignment to projected 2025 S1 CEF; not contemporaneous Azure carbon,2024-05-11 21:00:00+00:00,45
equal_site_portfolio,2025,47,2025-01-02 22:00:00,east,0.5408499999999999,,Beijing|Tianjin|Hebei|Shanghai|Jiangsu|Zhejiang|Anhui|Guangdong,arithmetic mean across candidate hub provinces,projected provincial S1 CEF; not observed historical CEF,46,2024-11-17 14:00:00,cyclic ordinal alignment to projected 2025 S1 CEF; not contemporaneous Azure carbon,2024-05-11 22:00:00+00:00,46
equal_site_portfolio,2025,47,2025-01-02 22:00:00,north,0.6035,,Inner Mongolia,arithmetic mean across candidate hub provinces,projected provincial S1 CEF; not observed historical CEF,46,2024-11-17 14:00:00,cyclic ordinal alignment to projected 2025 S1 CEF; not contemporaneous Azure carbon,2024-05-11 22:00:00+00:00,46
equal_site_portfolio,2025,47,2025-01-02 22:00:00,northwest,0.51195,,Gansu|Ningxia,arithmetic mean across candidate hub provinces,projected provincial S1 CEF; not observed historical CEF,46,2024-11-17 14:00:00,cyclic ordinal alignment to projected 2025 S1 CEF; not contemporaneous Azure carbon,2024-05-11 22:00:00+00:00,46
equal_site_portfolio,2025,47,2025-01-02 22:00:00,southwest,0.2057666666666666,,Chongqing|Sichuan|Guizhou,arithmetic mean across candidate hub provinces,projected provincial S1 CEF; not observed historical CEF,46,2024-11-17 14:00:00,cyclic ordinal alignment to projected 2025 S1 CEF; not contemporaneous Azure carbon,2024-05-11 22:00:00+00:00,46
equal_site_portfolio,2025,48,2025-01-02 23:00:00,east,0.560525,,Beijing|Tianjin|Hebei|Shanghai|Jiangsu|Zhejiang|Anhui|Guangdong,arithmetic mean across candidate hub provinces,projected provincial S1 CEF; not observed historical CEF,47,2024-11-17 15:00:00,cyclic ordinal alignment to projected 2025 S1 CEF; not contemporaneous Azure carbon,2024-05-11 23:00:00+00:00,47
equal_site_portfolio,2025,48,2025-01-02 23:00:00,north,0.6092,,Inner Mongolia,arithmetic mean across candidate hub provinces,projected provincial S1 CEF; not observed historical CEF,47,2024-11-17 15:00:00,cyclic ordinal alignment to projected 2025 S1 CEF; not contemporaneous Azure carbon,2024-05-11 23:00:00+00:00,47
equal_site_portfolio,2025,48,2025-01-02 23:00:00,northwest,0.4996,,Gansu|Ningxia,arithmetic mean across candidate hub provinces,projected provincial S1 CEF; not observed historical CEF,47,2024-11-17 15:00:00,cyclic ordinal alignment to projected 2025 S1 CEF; not contemporaneous Azure carbon,2024-05-11 23:00:00+00:00,47
equal_site_portfolio,2025,48,2025-01-02 23:00:00,southwest,0.2373333333333333,,Chongqing|Sichuan|Guizhou,arithmetic mean across candidate hub provinces,projected provincial S1 CEF; not observed historical CEF,47,2024-11-17 15:00:00,cyclic ordinal alignment to projected 2025 S1 CEF; not contemporaneous Azure carbon,2024-05-11 23:00:00+00:00,47
equal_site_portfolio,2025,49,2025-01-03 00:00:00,east,0.5979250000000002,,Beijing|Tianjin|Hebei|Shanghai|Jiangsu|Zhejiang|Anhui|Guangdong,arithmetic mean across candidate hub provinces,projected provincial S1 CEF; not observed historical CEF,48,2024-11-17 16:00:00,cyclic ordinal alignment to projected 2025 S1 CEF; not contemporaneous Azure carbon,2024-05-12 00:00:00+00:00,48
equal_site_portfolio,2025,49,2025-01-03 00:00:00,north,0.6158,,Inner Mongolia,arithmetic mean across candidate hub provinces,projected provincial S1 CEF; not observed historical CEF,48,2024-11-17 16:00:00,cyclic ordinal alignment to projected 2025 S1 CEF; not contemporaneous Azure carbon,2024-05-12 00:00:00+00:00,48
equal_site_portfolio,2025,49,2025-01-03 00:00:00,northwest,0.5155000000000001,,Gansu|Ningxia,arithmetic mean across candidate hub provinces,projected provincial S1 CEF; not observed historical CEF,48,2024-11-17 16:00:00,cyclic ordinal alignment to projected 2025 S1 CEF; not contemporaneous Azure carbon,2024-05-12 00:00:00+00:00,48
equal_site_portfolio,2025,49,2025-01-03 00:00:00,southwest,0.3344,,Chongqing|Sichuan|Guizhou,arithmetic mean across candidate hub provinces,projected provincial S1 CEF; not observed historical CEF,48,2024-11-17 16:00:00,cyclic ordinal alignment to projected 2025 S1 CEF; not contemporaneous Azure carbon,2024-05-12 00:00:00+00:00,48
equal_site_portfolio,2025,50,2025-01-03 01:00:00,east,0.600175,,Beijing|Tianjin|Hebei|Shanghai|Jiangsu|Zhejiang|Anhui|Guangdong,arithmetic mean across candidate hub provinces,projected provincial S1 CEF; not observed historical CEF,49,2024-11-17 17:00:00,cyclic ordinal alignment to projected 2025 S1 CEF; not contemporaneous Azure carbon,2024-05-12 01:00:00+00:00,49
equal_site_portfolio,2025,50,2025-01-03 01:00:00,north,0.6185,,Inner Mongolia,arithmetic mean across candidate hub provinces,projected provincial S1 CEF; not observed historical CEF,49,2024-11-17 17:00:00,cyclic ordinal alignment to projected 2025 S1 CEF; not contemporaneous Azure carbon,2024-05-12 01:00:00+00:00,49
equal_site_portfolio,2025,50,2025-01-03 01:00:00,northwest,0.5251,,Gansu|Ningxia,arithmetic mean across candidate hub provinces,projected provincial S1 CEF; not observed historical CEF,49,2024-11-17 17:00:00,cyclic ordinal alignment to projected 2025 S1 CEF; not contemporaneous Azure carbon,2024-05-12 01:00:00+00:00,49
equal_site_portfolio,2025,50,2025-01-03 01:00:00,southwest,0.3399666666666667,,Chongqing|Sichuan|Guizhou,arithmetic mean across candidate hub provinces,projected provincial S1 CEF; not observed historical CEF,49,2024-11-17 17:00:00,cyclic ordinal alignment to projected 2025 S1 CEF; not contemporaneous Azure carbon,2024-05-12 01:00:00+00:00,49
equal_site_portfolio,2025,51,2025-01-03 02:00:00,east,0.6076125,,Beijing|Tianjin|Hebei|Shanghai|Jiangsu|Zhejiang|Anhui|Guangdong,arithmetic mean across candidate hub provinces,projected provincial S1 CEF; not observed historical CEF,50,2024-11-17 18:00:00,cyclic ordinal alignment to projected 2025 S1 CEF; not contemporaneous Azure carbon,2024-05-12 02:00:00+00:00,50
equal_site_portfolio,2025,51,2025-01-03 02:00:00,north,0.6204,,Inner Mongolia,arithmetic mean across candidate hub provinces,projected provincial S1 CEF; not observed historical CEF,50,2024-11-17 18:00:00,cyclic ordinal alignment to projected 2025 S1 CEF; not contemporaneous Azure carbon,2024-05-12 02:00:00+00:00,50
equal_site_portfolio,2025,51,2025-01-03 02:00:00,northwest,0.5288999999999999,,Gansu|Ningxia,arithmetic mean across candidate hub provinces,projected provincial S1 CEF; not observed historical CEF,50,2024-11-17 18:00:00,cyclic ordinal alignment to projected 2025 S1 CEF; not contemporaneous Azure carbon,2024-05-12 02:00:00+00:00,50
equal_site_portfolio,2025,51,2025-01-03 02:00:00,southwest,0.3441,,Chongqing|Sichuan|Guizhou,arithmetic mean across candidate hub provinces,projected provincial S1 CEF; not observed historical CEF,50,2024-11-17 18:00:00,cyclic ordinal alignment to projected 2025 S1 CEF; not contemporaneous Azure carbon,2024-05-12 02:00:00+00:00,50
equal_site_portfolio,2025,52,2025-01-03 03:00:00,east,0.6112625,,Beijing|Tianjin|Hebei|Shanghai|Jiangsu|Zhejiang|Anhui|Guangdong,arithmetic mean across candidate hub provinces,projected provincial S1 CEF; not observed historical CEF,51,2024-11-17 19:00:00,cyclic ordinal alignment to projected 2025 S1 CEF; not contemporaneous Azure carbon,2024-05-12 03:00:00+00:00,51
equal_site_portfolio,2025,52,2025-01-03 03:00:00,north,0.6229,,Inner Mongolia,arithmetic mean across candidate hub provinces,projected provincial S1 CEF; not observed historical CEF,51,2024-11-17 19:00:00,cyclic ordinal alignment to projected 2025 S1 CEF; not contemporaneous Azure carbon,2024-05-12 03:00:00+00:00,51
equal_site_portfolio,2025,52,2025-01-03 03:00:00,northwest,0.5303,,Gansu|Ningxia,arithmetic mean across candidate hub provinces,projected provincial S1 CEF; not observed historical CEF,51,2024-11-17 19:00:00,cyclic ordinal alignment to projected 2025 S1 CEF; not contemporaneous Azure carbon,2024-05-12 03:00:00+00:00,51
equal_site_portfolio,2025,52,2025-01-03 03:00:00,southwest,0.3507333333333333,,Chongqing|Sichuan|Guizhou,arithmetic mean across candidate hub provinces,projected provincial S1 CEF; not observed historical CEF,51,2024-11-17 19:00:00,cyclic ordinal alignment to projected 2025 S1 CEF; not contemporaneous Azure carbon,2024-05-12 03:00:00+00:00,51
equal_site_portfolio,2025,53,2025-01-03 04:00:00,east,0.6072,,Beijing|Tianjin|Hebei|Shanghai|Jiangsu|Zhejiang|Anhui|Guangdong,arithmetic mean across candidate hub provinces,projected provincial S1 CEF; not observed historical CEF,52,2024-11-17 20:00:00,cyclic ordinal alignment to projected 2025 S1 CEF; not contemporaneous Azure carbon,2024-05-12 04:00:00+00:00,52
equal_site_portfolio,2025,53,2025-01-03 04:00:00,north,0.6199,,Inner Mongolia,arithmetic mean across candidate hub provinces,projected provincial S1 CEF; not observed historical CEF,52,2024-11-17 20:00:00,cyclic ordinal alignment to projected 2025 S1 CEF; not contemporaneous Azure carbon,2024-05-12 04:00:00+00:00,52
equal_site_portfolio,2025,53,2025-01-03 04:00:00,northwest,0.54245,,Gansu|Ningxia,arithmetic mean across candidate hub provinces,projected provincial S1 CEF; not observed historical CEF,52,2024-11-17 20:00:00,cyclic ordinal alignment to projected 2025 S1 CEF; not contemporaneous Azure carbon,2024-05-12 04:00:00+00:00,52
equal_site_portfolio,2025,53,2025-01-03 04:00:00,southwest,0.3507,,Chongqing|Sichuan|Guizhou,arithmetic mean across candidate hub provinces,projected provincial S1 CEF; not observed historical CEF,52,2024-11-17 20:00:00,cyclic ordinal alignment to projected 2025 S1 CEF; not contemporaneous Azure carbon,2024-05-12 04:00:00+00:00,52
equal_site_portfolio,2025,54,2025-01-03 05:00:00,east,0.6006374999999999,,Beijing|Tianjin|Hebei|Shanghai|Jiangsu|Zhejiang|Anhui|Guangdong,arithmetic mean across candidate hub provinces,projected provincial S1 CEF; not observed historical CEF,53,2024-11-17 21:00:00,cyclic ordinal alignment to projected 2025 S1 CEF; not contemporaneous Azure carbon,2024-05-12 05:00:00+00:00,53
equal_site_portfolio,2025,54,2025-01-03 05:00:00,north,0.6164,,Inner Mongolia,arithmetic mean across candidate hub provinces,projected provincial S1 CEF; not observed historical CEF,53,2024-11-17 21:00:00,cyclic ordinal alignment to projected 2025 S1 CEF; not contemporaneous Azure carbon,2024-05-12 05:00:00+00:00,53
equal_site_portfolio,2025,54,2025-01-03 05:00:00,northwest,0.5542,,Gansu|Ningxia,arithmetic mean across candidate hub provinces,projected provincial S1 CEF; not observed historical CEF,53,2024-11-17 21:00:00,cyclic ordinal alignment to projected 2025 S1 CEF; not contemporaneous Azure carbon,2024-05-12 05:00:00+00:00,53
equal_site_portfolio,2025,54,2025-01-03 05:00:00,southwest,0.3408333333333333,,Chongqing|Sichuan|Guizhou,arithmetic mean across candidate hub provinces,projected provincial S1 CEF; not observed historical CEF,53,2024-11-17 21:00:00,cyclic ordinal alignment to projected 2025 S1 CEF; not contemporaneous Azure carbon,2024-05-12 05:00:00+00:00,53
equal_site_portfolio,2025,55,2025-01-03 06:00:00,east,0.5885125,,Beijing|Tianjin|Hebei|Shanghai|Jiangsu|Zhejiang|Anhui|Guangdong,arithmetic mean across candidate hub provinces,projected provincial S1 CEF; not observed historical CEF,54,2024-11-17 22:00:00,cyclic ordinal alignment to projected 2025 S1 CEF; not contemporaneous Azure carbon,2024-05-12 06:00:00+00:00,54
equal_site_portfolio,2025,55,2025-01-03 06:00:00,north,0.6019,,Inner Mongolia,arithmetic mean across candidate hub provinces,projected provincial S1 CEF; not observed historical CEF,54,2024-11-17 22:00:00,cyclic ordinal alignment to projected 2025 S1 CEF; not contemporaneous Azure carbon,2024-05-12 06:00:00+00:00,54
equal_site_portfolio,2025,55,2025-01-03 06:00:00,northwest,0.5318,,Gansu|Ningxia,arithmetic mean across candidate hub provinces,projected provincial S1 CEF; not observed historical CEF,54,2024-11-17 22:00:00,cyclic ordinal alignment to projected 2025 S1 CEF; not contemporaneous Azure carbon,2024-05-12 06:00:00+00:00,54
equal_site_portfolio,2025,55,2025-01-03 06:00:00,southwest,0.312,,Chongqing|Sichuan|Guizhou,arithmetic mean across candidate hub provinces,projected provincial S1 CEF; not observed historical CEF,54,2024-11-17 22:00:00,cyclic ordinal alignment to projected 2025 S1 CEF; not contemporaneous Azure carbon,2024-05-12 06:00:00+00:00,54
equal_site_portfolio,2025,56,2025-01-03 07:00:00,east,0.5756125,,Beijing|Tianjin|Hebei|Shanghai|Jiangsu|Zhejiang|Anhui|Guangdong,arithmetic mean across candidate hub provinces,projected provincial S1 CEF; not observed historical CEF,55,2024-11-17 23:00:00,cyclic ordinal alignment to projected 2025 S1 CEF; not contemporaneous Azure carbon,2024-05-12 07:00:00+00:00,55
equal_site_portfolio,2025,56,2025-01-03 07:00:00,north,0.6145,,Inner Mongolia,arithmetic mean across candidate hub provinces,projected provincial S1 CEF; not observed historical CEF,55,2024-11-17 23:00:00,cyclic ordinal alignment to projected 2025 S1 CEF; not contemporaneous Azure carbon,2024-05-12 07:00:00+00:00,55
equal_site_portfolio,2025,56,2025-01-03 07:00:00,northwest,0.52025,,Gansu|Ningxia,arithmetic mean across candidate hub provinces,projected provincial S1 CEF; not observed historical CEF,55,2024-11-17 23:00:00,cyclic ordinal alignment to projected 2025 S1 CEF; not contemporaneous Azure carbon,2024-05-12 07:00:00+00:00,55
equal_site_portfolio,2025,56,2025-01-03 07:00:00,southwest,0.2963,,Chongqing|Sichuan|Guizhou,arithmetic mean across candidate hub provinces,projected provincial S1 CEF; not observed historical CEF,55,2024-11-17 23:00:00,cyclic ordinal alignment to projected 2025 S1 CEF; not contemporaneous Azure carbon,2024-05-12 07:00:00+00:00,55
equal_site_portfolio,2025,57,2025-01-03 08:00:00,east,0.5619125,,Beijing|Tianjin|Hebei|Shanghai|Jiangsu|Zhejiang|Anhui|Guangdong,arithmetic mean across candidate hub provinces,projected provincial S1 CEF; not observed historical CEF,56,2024-11-18 00:00:00,cyclic ordinal alignment to projected 2025 S1 CEF; not contemporaneous Azure carbon,2024-05-12 08:00:00+00:00,56
equal_site_portfolio,2025,57,2025-01-03 08:00:00,north,0.6159,,Inner Mongolia,arithmetic mean across candidate hub provinces,projected provincial S1 CEF; not observed historical CEF,56,2024-11-18 00:00:00,cyclic ordinal alignment to projected 2025 S1 CEF; not contemporaneous Azure carbon,2024-05-12 08:00:00+00:00,56
equal_site_portfolio,2025,57,2025-01-03 08:00:00,northwest,0.5096499999999999,,Gansu|Ningxia,arithmetic mean across candidate hub provinces,projected provincial S1 CEF; not observed historical CEF,56,2024-11-18 00:00:00,cyclic ordinal alignment to projected 2025 S1 CEF; not contemporaneous Azure carbon,2024-05-12 08:00:00+00:00,56
equal_site_portfolio,2025,57,2025-01-03 08:00:00,southwest,0.2743,,Chongqing|Sichuan|Guizhou,arithmetic mean across candidate hub provinces,projected provincial S1 CEF; not observed historical CEF,56,2024-11-18 00:00:00,cyclic ordinal alignment to projected 2025 S1 CEF; not contemporaneous Azure carbon,2024-05-12 08:00:00+00:00,56
equal_site_portfolio,2025,58,2025-01-03 09:00:00,east,0.51975,,Beijing|Tianjin|Hebei|Shanghai|Jiangsu|Zhejiang|Anhui|Guangdong,arithmetic mean across candidate hub provinces,projected provincial S1 CEF; not observed historical CEF,57,2024-11-18 01:00:00,cyclic ordinal alignment to projected 2025 S1 CEF; not contemporaneous Azure carbon,2024-05-12 09:00:00+00:00,57
equal_site_portfolio,2025,58,2025-01-03 09:00:00,north,0.6288,,Inner Mongolia,arithmetic mean across candidate hub provinces,projected provincial S1 CEF; not observed historical CEF,57,2024-11-18 01:00:00,cyclic ordinal alignment to projected 2025 S1 CEF; not contemporaneous Azure carbon,2024-05-12 09:00:00+00:00,57
equal_site_portfolio,2025,58,2025-01-03 09:00:00,northwest,0.49485,,Gansu|Ningxia,arithmetic mean across candidate hub provinces,projected provincial S1 CEF; not observed historical CEF,57,2024-11-18 01:00:00,cyclic ordinal alignment to projected 2025 S1 CEF; not contemporaneous Azure carbon,2024-05-12 09:00:00+00:00,57
equal_site_portfolio,2025,58,2025-01-03 09:00:00,southwest,0.2565,,Chongqing|Sichuan|Guizhou,arithmetic mean across candidate hub provinces,projected provincial S1 CEF; not observed historical CEF,57,2024-11-18 01:00:00,cyclic ordinal alignment to projected 2025 S1 CEF; not contemporaneous Azure carbon,2024-05-12 09:00:00+00:00,57
equal_site_portfolio,2025,59,2025-01-03 10:00:00,east,0.4913,,Beijing|Tianjin|Hebei|Shanghai|Jiangsu|Zhejiang|Anhui|Guangdong,arithmetic mean across candidate hub provinces,projected provincial S1 CEF; not observed historical CEF,58,2024-11-18 02:00:00,cyclic ordinal alignment to projected 2025 S1 CEF; not contemporaneous Azure carbon,2024-05-12 10:00:00+00:00,58
equal_site_portfolio,2025,59,2025-01-03 10:00:00,north,0.6395,,Inner Mongolia,arithmetic mean across candidate hub provinces,projected provincial S1 CEF; not observed historical CEF,58,2024-11-18 02:00:00,cyclic ordinal alignment to projected 2025 S1 CEF; not contemporaneous Azure carbon,2024-05-12 10:00:00+00:00,58
equal_site_portfolio,2025,59,2025-01-03 10:00:00,northwest,0.4619,,Gansu|Ningxia,arithmetic mean across candidate hub provinces,projected provincial S1 CEF; not observed historical CEF,58,2024-11-18 02:00:00,cyclic ordinal alignment to projected 2025 S1 CEF; not contemporaneous Azure carbon,2024-05-12 10:00:00+00:00,58
equal_site_portfolio,2025,59,2025-01-03 10:00:00,southwest,0.2448666666666666,,Chongqing|Sichuan|Guizhou,arithmetic mean across candidate hub provinces,projected provincial S1 CEF; not observed historical CEF,58,2024-11-18 02:00:00,cyclic ordinal alignment to projected 2025 S1 CEF; not contemporaneous Azure carbon,2024-05-12 10:00:00+00:00,58
equal_site_portfolio,2025,60,2025-01-03 11:00:00,east,0.462675,,Beijing|Tianjin|Hebei|Shanghai|Jiangsu|Zhejiang|Anhui|Guangdong,arithmetic mean across candidate hub provinces,projected provincial S1 CEF; not observed historical CEF,59,2024-11-18 03:00:00,cyclic ordinal alignment to projected 2025 S1 CEF; not contemporaneous Azure carbon,2024-05-12 11:00:00+00:00,59
equal_site_portfolio,2025,60,2025-01-03 11:00:00,north,0.6285,,Inner Mongolia,arithmetic mean across candidate hub provinces,projected provincial S1 CEF; not observed historical CEF,59,2024-11-18 03:00:00,cyclic ordinal alignment to projected 2025 S1 CEF; not contemporaneous Azure carbon,2024-05-12 11:00:00+00:00,59
equal_site_portfolio,2025,60,2025-01-03 11:00:00,northwest,0.49555,,Gansu|Ningxia,arithmetic mean across candidate hub provinces,projected provincial S1 CEF; not observed historical CEF,59,2024-11-18 03:00:00,cyclic ordinal alignment to projected 2025 S1 CEF; not contemporaneous Azure carbon,2024-05-12 11:00:00+00:00,59
equal_site_portfolio,2025,60,2025-01-03 11:00:00,southwest,0.2434333333333333,,Chongqing|Sichuan|Guizhou,arithmetic mean across candidate hub provinces,projected provincial S1 CEF; not observed historical CEF,59,2024-11-18 03:00:00,cyclic ordinal alignment to projected 2025 S1 CEF; not contemporaneous Azure carbon,2024-05-12 11:00:00+00:00,59
equal_site_portfolio,2025,61,2025-01-03 12:00:00,east,0.4428625,,Beijing|Tianjin|Hebei|Shanghai|Jiangsu|Zhejiang|Anhui|Guangdong,arithmetic mean across candidate hub provinces,projected provincial S1 CEF; not observed historical CEF,60,2024-11-18 04:00:00,cyclic ordinal alignment to projected 2025 S1 CEF; not contemporaneous Azure carbon,2024-05-12 12:00:00+00:00,60
equal_site_portfolio,2025,61,2025-01-03 12:00:00,north,0.616,,Inner Mongolia,arithmetic mean across candidate hub provinces,projected provincial S1 CEF; not observed historical CEF,60,2024-11-18 04:00:00,cyclic ordinal alignment to projected 2025 S1 CEF; not contemporaneous Azure carbon,2024-05-12 12:00:00+00:00,60
equal_site_portfolio,2025,61,2025-01-03 12:00:00,northwest,0.4469999999999999,,Gansu|Ningxia,arithmetic mean across candidate hub provinces,projected provincial S1 CEF; not observed historical CEF,60,2024-11-18 04:00:00,cyclic ordinal alignment to projected 2025 S1 CEF; not contemporaneous Azure carbon,2024-05-12 12:00:00+00:00,60
equal_site_portfolio,2025,61,2025-01-03 12:00:00,southwest,0.2401666666666666,,Chongqing|Sichuan|Guizhou,arithmetic mean across candidate hub provinces,projected provincial S1 CEF; not observed historical CEF,60,2024-11-18 04:00:00,cyclic ordinal alignment to projected 2025 S1 CEF; not contemporaneous Azure carbon,2024-05-12 12:00:00+00:00,60
equal_site_portfolio,2025,62,2025-01-03 13:00:00,east,0.4435875000000001,,Beijing|Tianjin|Hebei|Shanghai|Jiangsu|Zhejiang|Anhui|Guangdong,arithmetic mean across candidate hub provinces,projected provincial S1 CEF; not observed historical CEF,61,2024-11-18 05:00:00,cyclic ordinal alignment to projected 2025 S1 CEF; not contemporaneous Azure carbon,2024-05-12 13:00:00+00:00,61
equal_site_portfolio,2025,62,2025-01-03 13:00:00,north,0.5767,,Inner Mongolia,arithmetic mean across candidate hub provinces,projected provincial S1 CEF; not observed historical CEF,61,2024-11-18 05:00:00,cyclic ordinal alignment to projected 2025 S1 CEF; not contemporaneous Azure carbon,2024-05-12 13:00:00+00:00,61
equal_site_portfolio,2025,62,2025-01-03 13:00:00,northwest,0.43315,,Gansu|Ningxia,arithmetic mean across candidate hub provinces,projected provincial S1 CEF; not observed historical CEF,61,2024-11-18 05:00:00,cyclic ordinal alignment to projected 2025 S1 CEF; not contemporaneous Azure carbon,2024-05-12 13:00:00+00:00,61
equal_site_portfolio,2025,62,2025-01-03 13:00:00,southwest,0.2382666666666666,,Chongqing|Sichuan|Guizhou,arithmetic mean across candidate hub provinces,projected provincial S1 CEF; not observed historical CEF,61,2024-11-18 05:00:00,cyclic ordinal alignment to projected 2025 S1 CEF; not contemporaneous Azure carbon,2024-05-12 13:00:00+00:00,61
equal_site_portfolio,2025,63,2025-01-03 14:00:00,east,0.4504,,Beijing|Tianjin|Hebei|Shanghai|Jiangsu|Zhejiang|Anhui|Guangdong,arithmetic mean across candidate hub provinces,projected provincial S1 CEF; not observed historical CEF,62,2024-11-18 06:00:00,cyclic ordinal alignment to projected 2025 S1 CEF; not contemporaneous Azure carbon,2024-05-12 14:00:00+00:00,62
equal_site_portfolio,2025,63,2025-01-03 14:00:00,north,0.5753,,Inner Mongolia,arithmetic mean across candidate hub provinces,projected provincial S1 CEF; not observed historical CEF,62,2024-11-18 06:00:00,cyclic ordinal alignment to projected 2025 S1 CEF; not contemporaneous Azure carbon,2024-05-12 14:00:00+00:00,62
equal_site_portfolio,2025,63,2025-01-03 14:00:00,northwest,0.39935,,Gansu|Ningxia,arithmetic mean across candidate hub provinces,projected provincial S1 CEF; not observed historical CEF,62,2024-11-18 06:00:00,cyclic ordinal alignment to projected 2025 S1 CEF; not contemporaneous Azure carbon,2024-05-12 14:00:00+00:00,62
equal_site_portfolio,2025,63,2025-01-03 14:00:00,southwest,0.2345,,Chongqing|Sichuan|Guizhou,arithmetic mean across candidate hub provinces,projected provincial S1 CEF; not observed historical CEF,62,2024-11-18 06:00:00,cyclic ordinal alignment to projected 2025 S1 CEF; not contemporaneous Azure carbon,2024-05-12 14:00:00+00:00,62
equal_site_portfolio,2025,64,2025-01-03 15:00:00,east,0.4712625,,Beijing|Tianjin|Hebei|Shanghai|Jiangsu|Zhejiang|Anhui|Guangdong,arithmetic mean across candidate hub provinces,projected provincial S1 CEF; not observed historical CEF,63,2024-11-18 07:00:00,cyclic ordinal alignment to projected 2025 S1 CEF; not contemporaneous Azure carbon,2024-05-12 15:00:00+00:00,63
equal_site_portfolio,2025,64,2025-01-03 15:00:00,north,0.5623,,Inner Mongolia,arithmetic mean across candidate hub provinces,projected provincial S1 CEF; not observed historical CEF,63,2024-11-18 07:00:00,cyclic ordinal alignment to projected 2025 S1 CEF; not contemporaneous Azure carbon,2024-05-12 15:00:00+00:00,63
equal_site_portfolio,2025,64,2025-01-03 15:00:00,northwest,0.35995,,Gansu|Ningxia,arithmetic mean across candidate hub provinces,projected provincial S1 CEF; not observed historical CEF,63,2024-11-18 07:00:00,cyclic ordinal alignment to projected 2025 S1 CEF; not contemporaneous Azure carbon,2024-05-12 15:00:00+00:00,63
equal_site_portfolio,2025,64,2025-01-03 15:00:00,southwest,0.2322999999999999,,Chongqing|Sichuan|Guizhou,arithmetic mean across candidate hub provinces,projected provincial S1 CEF; not observed historical CEF,63,2024-11-18 07:00:00,cyclic ordinal alignment to projected 2025 S1 CEF; not contemporaneous Azure carbon,2024-05-12 15:00:00+00:00,63
equal_site_portfolio,2025,65,2025-01-03 16:00:00,east,0.4999375,,Beijing|Tianjin|Hebei|Shanghai|Jiangsu|Zhejiang|Anhui|Guangdong,arithmetic mean across candidate hub provinces,projected provincial S1 CEF; not observed historical CEF,64,2024-11-18 08:00:00,cyclic ordinal alignment to projected 2025 S1 CEF; not contemporaneous Azure carbon,2024-05-12 16:00:00+00:00,64
equal_site_portfolio,2025,65,2025-01-03 16:00:00,north,0.6027,,Inner Mongolia,arithmetic mean across candidate hub provinces,projected provincial S1 CEF; not observed historical CEF,64,2024-11-18 08:00:00,cyclic ordinal alignment to projected 2025 S1 CEF; not contemporaneous Azure carbon,2024-05-12 16:00:00+00:00,64
equal_site_portfolio,2025,65,2025-01-03 16:00:00,northwest,0.4273,,Gansu|Ningxia,arithmetic mean across candidate hub provinces,projected provincial S1 CEF; not observed historical CEF,64,2024-11-18 08:00:00,cyclic ordinal alignment to projected 2025 S1 CEF; not contemporaneous Azure carbon,2024-05-12 16:00:00+00:00,64
equal_site_portfolio,2025,65,2025-01-03 16:00:00,southwest,0.1915333333333333,,Chongqing|Sichuan|Guizhou,arithmetic mean across candidate hub provinces,projected provincial S1 CEF; not observed historical CEF,64,2024-11-18 08:00:00,cyclic ordinal alignment to projected 2025 S1 CEF; not contemporaneous Azure carbon,2024-05-12 16:00:00+00:00,64
equal_site_portfolio,2025,66,2025-01-03 17:00:00,east,0.5204749999999999,,Beijing|Tianjin|Hebei|Shanghai|Jiangsu|Zhejiang|Anhui|Guangdong,arithmetic mean across candidate hub provinces,projected provincial S1 CEF; not observed historical CEF,65,2024-11-18 09:00:00,cyclic ordinal alignment to projected 2025 S1 CEF; not contemporaneous Azure carbon,2024-05-12 17:00:00+00:00,65
equal_site_portfolio,2025,66,2025-01-03 17:00:00,north,0.6183,,Inner Mongolia,arithmetic mean across candidate hub provinces,projected provincial S1 CEF; not observed historical CEF,65,2024-11-18 09:00:00,cyclic ordinal alignment to projected 2025 S1 CEF; not contemporaneous Azure carbon,2024-05-12 17:00:00+00:00,65
equal_site_portfolio,2025,66,2025-01-03 17:00:00,northwest,0.45025,,Gansu|Ningxia,arithmetic mean across candidate hub provinces,projected provincial S1 CEF; not observed historical CEF,65,2024-11-18 09:00:00,cyclic ordinal alignment to projected 2025 S1 CEF; not contemporaneous Azure carbon,2024-05-12 17:00:00+00:00,65
equal_site_portfolio,2025,66,2025-01-03 17:00:00,southwest,0.1505333333333333,,Chongqing|Sichuan|Guizhou,arithmetic mean across candidate hub provinces,projected provincial S1 CEF; not observed historical CEF,65,2024-11-18 09:00:00,cyclic ordinal alignment to projected 2025 S1 CEF; not contemporaneous Azure carbon,2024-05-12 17:00:00+00:00,65
equal_site_portfolio,2025,67,2025-01-03 18:00:00,east,0.5226000000000001,,Beijing|Tianjin|Hebei|Shanghai|Jiangsu|Zhejiang|Anhui|Guangdong,arithmetic mean across candidate hub provinces,projected provincial S1 CEF; not observed historical CEF,66,2024-11-18 10:00:00,cyclic ordinal alignment to projected 2025 S1 CEF; not contemporaneous Azure carbon,2024-05-12 18:00:00+00:00,66
equal_site_portfolio,2025,67,2025-01-03 18:00:00,north,0.5732,,Inner Mongolia,arithmetic mean across candidate hub provinces,projected provincial S1 CEF; not observed historical CEF,66,2024-11-18 10:00:00,cyclic ordinal alignment to projected 2025 S1 CEF; not contemporaneous Azure carbon,2024-05-12 18:00:00+00:00,66
equal_site_portfolio,2025,67,2025-01-03 18:00:00,northwest,0.4554,,Gansu|Ningxia,arithmetic mean across candidate hub provinces,projected provincial S1 CEF; not observed historical CEF,66,2024-11-18 10:00:00,cyclic ordinal alignment to projected 2025 S1 CEF; not contemporaneous Azure carbon,2024-05-12 18:00:00+00:00,66
equal_site_portfolio,2025,67,2025-01-03 18:00:00,southwest,0.1677999999999999,,Chongqing|Sichuan|Guizhou,arithmetic mean across candidate hub provinces,projected provincial S1 CEF; not observed historical CEF,66,2024-11-18 10:00:00,cyclic ordinal alignment to projected 2025 S1 CEF; not contemporaneous Azure carbon,2024-05-12 18:00:00+00:00,66
equal_site_portfolio,2025,68,2025-01-03 19:00:00,east,0.524875,,Beijing|Tianjin|Hebei|Shanghai|Jiangsu|Zhejiang|Anhui|Guangdong,arithmetic mean across candidate hub provinces,projected provincial S1 CEF; not observed historical CEF,67,2024-11-18 11:00:00,cyclic ordinal alignment to projected 2025 S1 CEF; not contemporaneous Azure carbon,2024-05-12 19:00:00+00:00,67
equal_site_portfolio,2025,68,2025-01-03 19:00:00,north,0.5565,,Inner Mongolia,arithmetic mean across candidate hub provinces,projected provincial S1 CEF; not observed historical CEF,67,2024-11-18 11:00:00,cyclic ordinal alignment to projected 2025 S1 CEF; not contemporaneous Azure carbon,2024-05-12 19:00:00+00:00,67
equal_site_portfolio,2025,68,2025-01-03 19:00:00,northwest,0.4619999999999999,,Gansu|Ningxia,arithmetic mean across candidate hub provinces,projected provincial S1 CEF; not observed historical CEF,67,2024-11-18 11:00:00,cyclic ordinal alignment to projected 2025 S1 CEF; not contemporaneous Azure carbon,2024-05-12 19:00:00+00:00,67
equal_site_portfolio,2025,68,2025-01-03 19:00:00,southwest,0.17,,Chongqing|Sichuan|Guizhou,arithmetic mean across candidate hub provinces,projected provincial S1 CEF; not observed historical CEF,67,2024-11-18 11:00:00,cyclic ordinal alignment to projected 2025 S1 CEF; not contemporaneous Azure carbon,2024-05-12 19:00:00+00:00,67
equal_site_portfolio,2025,69,2025-01-03 20:00:00,east,0.5245500000000001,,Beijing|Tianjin|Hebei|Shanghai|Jiangsu|Zhejiang|Anhui|Guangdong,arithmetic mean across candidate hub provinces,projected provincial S1 CEF; not observed historical CEF,68,2024-11-18 12:00:00,cyclic ordinal alignment to projected 2025 S1 CEF; not contemporaneous Azure carbon,2024-05-12 20:00:00+00:00,68
equal_site_portfolio,2025,69,2025-01-03 20:00:00,north,0.5534,,Inner Mongolia,arithmetic mean across candidate hub provinces,projected provincial S1 CEF; not observed historical CEF,68,2024-11-18 12:00:00,cyclic ordinal alignment to projected 2025 S1 CEF; not contemporaneous Azure carbon,2024-05-12 20:00:00+00:00,68
equal_site_portfolio,2025,69,2025-01-03 20:00:00,northwest,0.4619,,Gansu|Ningxia,arithmetic mean across candidate hub provinces,projected provincial S1 CEF; not observed historical CEF,68,2024-11-18 12:00:00,cyclic ordinal alignment to projected 2025 S1 CEF; not contemporaneous Azure carbon,2024-05-12 20:00:00+00:00,68
equal_site_portfolio,2025,69,2025-01-03 20:00:00,southwest,0.1643333333333333,,Chongqing|Sichuan|Guizhou,arithmetic mean across candidate hub provinces,projected provincial S1 CEF; not observed historical CEF,68,2024-11-18 12:00:00,cyclic ordinal alignment to projected 2025 S1 CEF; not contemporaneous Azure carbon,2024-05-12 20:00:00+00:00,68
equal_site_portfolio,2025,70,2025-01-03 21:00:00,east,0.52335,,Beijing|Tianjin|Hebei|Shanghai|Jiangsu|Zhejiang|Anhui|Guangdong,arithmetic mean across candidate hub provinces,projected provincial S1 CEF; not observed historical CEF,69,2024-11-18 13:00:00,cyclic ordinal alignment to projected 2025 S1 CEF; not contemporaneous Azure carbon,2024-05-12 21:00:00+00:00,69
equal_site_portfolio,2025,70,2025-01-03 21:00:00,north,0.5423,,Inner Mongolia,arithmetic mean across candidate hub provinces,projected provincial S1 CEF; not observed historical CEF,69,2024-11-18 13:00:00,cyclic ordinal alignment to projected 2025 S1 CEF; not contemporaneous Azure carbon,2024-05-12 21:00:00+00:00,69
equal_site_portfolio,2025,70,2025-01-03 21:00:00,northwest,0.4755,,Gansu|Ningxia,arithmetic mean across candidate hub provinces,projected provincial S1 CEF; not observed historical CEF,69,2024-11-18 13:00:00,cyclic ordinal alignment to projected 2025 S1 CEF; not contemporaneous Azure carbon,2024-05-12 21:00:00+00:00,69
equal_site_portfolio,2025,70,2025-01-03 21:00:00,southwest,0.1701333333333333,,Chongqing|Sichuan|Guizhou,arithmetic mean across candidate hub provinces,projected provincial S1 CEF; not observed historical CEF,69,2024-11-18 13:00:00,cyclic ordinal alignment to projected 2025 S1 CEF; not contemporaneous Azure carbon,2024-05-12 21:00:00+00:00,69
equal_site_portfolio,2025,71,2025-01-03 22:00:00,east,0.5417,,Beijing|Tianjin|Hebei|Shanghai|Jiangsu|Zhejiang|Anhui|Guangdong,arithmetic mean across candidate hub provinces,projected provincial S1 CEF; not observed historical CEF,70,2024-11-18 14:00:00,cyclic ordinal alignment to projected 2025 S1 CEF; not contemporaneous Azure carbon,2024-05-12 22:00:00+00:00,70
equal_site_portfolio,2025,71,2025-01-03 22:00:00,north,0.5392,,Inner Mongolia,arithmetic mean across candidate hub provinces,projected provincial S1 CEF; not observed historical CEF,70,2024-11-18 14:00:00,cyclic ordinal alignment to projected 2025 S1 CEF; not contemporaneous Azure carbon,2024-05-12 22:00:00+00:00,70
equal_site_portfolio,2025,71,2025-01-03 22:00:00,northwest,0.4925,,Gansu|Ningxia,arithmetic mean across candidate hub provinces,projected provincial S1 CEF; not observed historical CEF,70,2024-11-18 14:00:00,cyclic ordinal alignment to projected 2025 S1 CEF; not contemporaneous Azure carbon,2024-05-12 22:00:00+00:00,70
equal_site_portfolio,2025,71,2025-01-03 22:00:00,southwest,0.1915333333333333,,Chongqing|Sichuan|Guizhou,arithmetic mean across candidate hub provinces,projected provincial S1 CEF; not observed historical CEF,70,2024-11-18 14:00:00,cyclic ordinal alignment to projected 2025 S1 CEF; not contemporaneous Azure carbon,2024-05-12 22:00:00+00:00,70
equal_site_portfolio,2025,72,2025-01-03 23:00:00,east,0.5505375,,Beijing|Tianjin|Hebei|Shanghai|Jiangsu|Zhejiang|Anhui|Guangdong,arithmetic mean across candidate hub provinces,projected provincial S1 CEF; not observed historical CEF,71,2024-11-18 15:00:00,cyclic ordinal alignment to projected 2025 S1 CEF; not contemporaneous Azure carbon,2024-05-12 23:00:00+00:00,71
equal_site_portfolio,2025,72,2025-01-03 23:00:00,north,0.5458,,Inner Mongolia,arithmetic mean across candidate hub provinces,projected provincial S1 CEF; not observed historical CEF,71,2024-11-18 15:00:00,cyclic ordinal alignment to projected 2025 S1 CEF; not contemporaneous Azure carbon,2024-05-12 23:00:00+00:00,71
equal_site_portfolio,2025,72,2025-01-03 23:00:00,northwest,0.5129,,Gansu|Ningxia,arithmetic mean across candidate hub provinces,projected provincial S1 CEF; not observed historical CEF,71,2024-11-18 15:00:00,cyclic ordinal alignment to projected 2025 S1 CEF; not contemporaneous Azure carbon,2024-05-12 23:00:00+00:00,71
equal_site_portfolio,2025,72,2025-01-03 23:00:00,southwest,0.2528333333333333,,Chongqing|Sichuan|Guizhou,arithmetic mean across candidate hub provinces,projected provincial S1 CEF; not observed historical CEF,71,2024-11-18 15:00:00,cyclic ordinal alignment to projected 2025 S1 CEF; not contemporaneous Azure carbon,2024-05-12 23:00:00+00:00,71
equal_site_portfolio,2025,73,2025-01-04 00:00:00,east,0.5917374999999999,,Beijing|Tianjin|Hebei|Shanghai|Jiangsu|Zhejiang|Anhui|Guangdong,arithmetic mean across candidate hub provinces,projected provincial S1 CEF; not observed historical CEF,72,2024-11-18 16:00:00,cyclic ordinal alignment to projected 2025 S1 CEF; not contemporaneous Azure carbon,2024-05-13 00:00:00+00:00,72
equal_site_portfolio,2025,73,2025-01-04 00:00:00,north,0.5165,,Inner Mongolia,arithmetic mean across candidate hub provinces,projected provincial S1 CEF; not observed historical CEF,72,2024-11-18 16:00:00,cyclic ordinal alignment to projected 2025 S1 CEF; not contemporaneous Azure carbon,2024-05-13 00:00:00+00:00,72
equal_site_portfolio,2025,73,2025-01-04 00:00:00,northwest,0.50325,,Gansu|Ningxia,arithmetic mean across candidate hub provinces,projected provincial S1 CEF; not observed historical CEF,72,2024-11-18 16:00:00,cyclic ordinal alignment to projected 2025 S1 CEF; not contemporaneous Azure carbon,2024-05-13 00:00:00+00:00,72
equal_site_portfolio,2025,73,2025-01-04 00:00:00,southwest,0.3526333333333333,,Chongqing|Sichuan|Guizhou,arithmetic mean across candidate hub provinces,projected provincial S1 CEF; not observed historical CEF,72,2024-11-18 16:00:00,cyclic ordinal alignment to projected 2025 S1 CEF; not contemporaneous Azure carbon,2024-05-13 00:00:00+00:00,72
equal_site_portfolio,2025,74,2025-01-04 01:00:00,east,0.5961875000000001,,Beijing|Tianjin|Hebei|Shanghai|Jiangsu|Zhejiang|Anhui|Guangdong,arithmetic mean across candidate hub provinces,projected provincial S1 CEF; not observed historical CEF,73,2024-11-18 17:00:00,cyclic ordinal alignment to projected 2025 S1 CEF; not contemporaneous Azure carbon,2024-05-13 01:00:00+00:00,73
equal_site_portfolio,2025,74,2025-01-04 01:00:00,north,0.5128,,Inner Mongolia,arithmetic mean across candidate hub provinces,projected provincial S1 CEF; not observed historical CEF,73,2024-11-18 17:00:00,cyclic ordinal alignment to projected 2025 S1 CEF; not contemporaneous Azure carbon,2024-05-13 01:00:00+00:00,73
equal_site_portfolio,2025,74,2025-01-04 01:00:00,northwest,0.48875,,Gansu|Ningxia,arithmetic mean across candidate hub provinces,projected provincial S1 CEF; not observed historical CEF,73,2024-11-18 17:00:00,cyclic ordinal alignment to projected 2025 S1 CEF; not contemporaneous Azure carbon,2024-05-13 01:00:00+00:00,73
equal_site_portfolio,2025,74,2025-01-04 01:00:00,southwest,0.3598333333333333,,Chongqing|Sichuan|Guizhou,arithmetic mean across candidate hub provinces,projected provincial S1 CEF; not observed historical CEF,73,2024-11-18 17:00:00,cyclic ordinal alignment to projected 2025 S1 CEF; not contemporaneous Azure carbon,2024-05-13 01:00:00+00:00,73
equal_site_portfolio,2025,75,2025-01-04 02:00:00,east,0.5976250000000001,,Beijing|Tianjin|Hebei|Shanghai|Jiangsu|Zhejiang|Anhui|Guangdong,arithmetic mean across candidate hub provinces,projected provincial S1 CEF; not observed historical CEF,74,2024-11-18 18:00:00,cyclic ordinal alignment to projected 2025 S1 CEF; not contemporaneous Azure carbon,2024-05-13 02:00:00+00:00,74
equal_site_portfolio,2025,75,2025-01-04 02:00:00,north,0.4971,,Inner Mongolia,arithmetic mean across candidate hub provinces,projected provincial S1 CEF; not observed historical CEF,74,2024-11-18 18:00:00,cyclic ordinal alignment to projected 2025 S1 CEF; not contemporaneous Azure carbon,2024-05-13 02:00:00+00:00,74
equal_site_portfolio,2025,75,2025-01-04 02:00:00,northwest,0.4644,,Gansu|Ningxia,arithmetic mean across candidate hub provinces,projected provincial S1 CEF; not observed historical CEF,74,2024-11-18 18:00:00,cyclic ordinal alignment to projected 2025 S1 CEF; not contemporaneous Azure carbon,2024-05-13 02:00:00+00:00,74
equal_site_portfolio,2025,75,2025-01-04 02:00:00,southwest,0.3639666666666666,,Chongqing|Sichuan|Guizhou,arithmetic mean across candidate hub provinces,projected provincial S1 CEF; not observed historical CEF,74,2024-11-18 18:00:00,cyclic ordinal alignment to projected 2025 S1 CEF; not contemporaneous Azure carbon,2024-05-13 02:00:00+00:00,74
equal_site_portfolio,2025,76,2025-01-04 03:00:00,east,0.5974375,,Beijing|Tianjin|Hebei|Shanghai|Jiangsu|Zhejiang|Anhui|Guangdong,arithmetic mean across candidate hub provinces,projected provincial S1 CEF; not observed historical CEF,75,2024-11-18 19:00:00,cyclic ordinal alignment to projected 2025 S1 CEF; not contemporaneous Azure carbon,2024-05-13 03:00:00+00:00,75
equal_site_portfolio,2025,76,2025-01-04 03:00:00,north,0.4816,,Inner Mongolia,arithmetic mean across candidate hub provinces,projected provincial S1 CEF; not observed historical CEF,75,2024-11-18 19:00:00,cyclic ordinal alignment to projected 2025 S1 CEF; not contemporaneous Azure carbon,2024-05-13 03:00:00+00:00,75
equal_site_portfolio,2025,76,2025-01-04 03:00:00,northwest,0.4357499999999999,,Gansu|Ningxia,arithmetic mean across candidate hub provinces,projected provincial S1 CEF; not observed historical CEF,75,2024-11-18 19:00:00,cyclic ordinal alignment to projected 2025 S1 CEF; not contemporaneous Azure carbon,2024-05-13 03:00:00+00:00,75
equal_site_portfolio,2025,76,2025-01-04 03:00:00,southwest,0.3707333333333333,,Chongqing|Sichuan|Guizhou,arithmetic mean across candidate hub provinces,projected provincial S1 CEF; not observed historical CEF,75,2024-11-18 19:00:00,cyclic ordinal alignment to projected 2025 S1 CEF; not contemporaneous Azure carbon,2024-05-13 03:00:00+00:00,75
equal_site_portfolio,2025,77,2025-01-04 04:00:00,east,0.5967375,,Beijing|Tianjin|Hebei|Shanghai|Jiangsu|Zhejiang|Anhui|Guangdong,arithmetic mean across candidate hub provinces,projected provincial S1 CEF; not observed historical CEF,76,2024-11-18 20:00:00,cyclic ordinal alignment to projected 2025 S1 CEF; not contemporaneous Azure carbon,2024-05-13 04:00:00+00:00,76
equal_site_portfolio,2025,77,2025-01-04 04:00:00,north,0.4743,,Inner Mongolia,arithmetic mean across candidate hub provinces,projected provincial S1 CEF; not observed historical CEF,76,2024-11-18 20:00:00,cyclic ordinal alignment to projected 2025 S1 CEF; not contemporaneous Azure carbon,2024-05-13 04:00:00+00:00,76
equal_site_portfolio,2025,77,2025-01-04 04:00:00,northwest,0.4371,,Gansu|Ningxia,arithmetic mean across candidate hub provinces,projected provincial S1 CEF; not observed historical CEF,76,2024-11-18 20:00:00,cyclic ordinal alignment to projected 2025 S1 CEF; not contemporaneous Azure carbon,2024-05-13 04:00:00+00:00,76
equal_site_portfolio,2025,77,2025-01-04 04:00:00,southwest,0.3712333333333333,,Chongqing|Sichuan|Guizhou,arithmetic mean across candidate hub provinces,projected provincial S1 CEF; not observed historical CEF,76,2024-11-18 20:00:00,cyclic ordinal alignment to projected 2025 S1 CEF; not contemporaneous Azure carbon,2024-05-13 04:00:00+00:00,76
equal_site_portfolio,2025,78,2025-01-04 05:00:00,east,0.595325,,Beijing|Tianjin|Hebei|Shanghai|Jiangsu|Zhejiang|Anhui|Guangdong,arithmetic mean across candidate hub provinces,projected provincial S1 CEF; not observed historical CEF,77,2024-11-18 21:00:00,cyclic ordinal alignment to projected 2025 S1 CEF; not contemporaneous Azure carbon,2024-05-13 05:00:00+00:00,77
equal_site_portfolio,2025,78,2025-01-04 05:00:00,north,0.4742,,Inner Mongolia,arithmetic mean across candidate hub provinces,projected provincial S1 CEF; not observed historical CEF,77,2024-11-18 21:00:00,cyclic ordinal alignment to projected 2025 S1 CEF; not contemporaneous Azure carbon,2024-05-13 05:00:00+00:00,77
equal_site_portfolio,2025,78,2025-01-04 05:00:00,northwest,0.4336,,Gansu|Ningxia,arithmetic mean across candidate hub provinces,projected provincial S1 CEF; not observed historical CEF,77,2024-11-18 21:00:00,cyclic ordinal alignment to projected 2025 S1 CEF; not contemporaneous Azure carbon,2024-05-13 05:00:00+00:00,77
equal_site_portfolio,2025,78,2025-01-04 05:00:00,southwest,0.364,,Chongqing|Sichuan|Guizhou,arithmetic mean across candidate hub provinces,projected provincial S1 CEF; not observed historical CEF,77,2024-11-18 21:00:00,cyclic ordinal alignment to projected 2025 S1 CEF; not contemporaneous Azure carbon,2024-05-13 05:00:00+00:00,77
equal_site_portfolio,2025,79,2025-01-04 06:00:00,east,0.5905250000000001,,Beijing|Tianjin|Hebei|Shanghai|Jiangsu|Zhejiang|Anhui|Guangdong,arithmetic mean across candidate hub provinces,projected provincial S1 CEF; not observed historical CEF,78,2024-11-18 22:00:00,cyclic ordinal alignment to projected 2025 S1 CEF; not contemporaneous Azure carbon,2024-05-13 06:00:00+00:00,78
equal_site_portfolio,2025,79,2025-01-04 06:00:00,north,0.4813,,Inner Mongolia,arithmetic mean across candidate hub provinces,projected provincial S1 CEF; not observed historical CEF,78,2024-11-18 22:00:00,cyclic ordinal alignment to projected 2025 S1 CEF; not contemporaneous Azure carbon,2024-05-13 06:00:00+00:00,78
equal_site_portfolio,2025,79,2025-01-04 06:00:00,northwest,0.4204,,Gansu|Ningxia,arithmetic mean across candidate hub provinces,projected provincial S1 CEF; not observed historical CEF,78,2024-11-18 22:00:00,cyclic ordinal alignment to projected 2025 S1 CEF; not contemporaneous Azure carbon,2024-05-13 06:00:00+00:00,78
equal_site_portfolio,2025,79,2025-01-04 06:00:00,southwest,0.3367666666666666,,Chongqing|Sichuan|Guizhou,arithmetic mean across candidate hub provinces,projected provincial S1 CEF; not observed historical CEF,78,2024-11-18 22:00:00,cyclic ordinal alignment to projected 2025 S1 CEF; not contemporaneous Azure carbon,2024-05-13 06:00:00+00:00,78
equal_site_portfolio,2025,80,2025-01-04 07:00:00,east,0.583075,,Beijing|Tianjin|Hebei|Shanghai|Jiangsu|Zhejiang|Anhui|Guangdong,arithmetic mean across candidate hub provinces,projected provincial S1 CEF; not observed historical CEF,79,2024-11-18 23:00:00,cyclic ordinal alignment to projected 2025 S1 CEF; not contemporaneous Azure carbon,2024-05-13 07:00:00+00:00,79
equal_site_portfolio,2025,80,2025-01-04 07:00:00,north,0.5003,,Inner Mongolia,arithmetic mean across candidate hub provinces,projected provincial S1 CEF; not observed historical CEF,79,2024-11-18 23:00:00,cyclic ordinal alignment to projected 2025 S1 CEF; not contemporaneous Azure carbon,2024-05-13 07:00:00+00:00,79
equal_site_portfolio,2025,80,2025-01-04 07:00:00,northwest,0.4410999999999999,,Gansu|Ningxia,arithmetic mean across candidate hub provinces,projected provincial S1 CEF; not observed historical CEF,79,2024-11-18 23:00:00,cyclic ordinal alignment to projected 2025 S1 CEF; not contemporaneous Azure carbon,2024-05-13 07:00:00+00:00,79
equal_site_portfolio,2025,80,2025-01-04 07:00:00,southwest,0.3047999999999999,,Chongqing|Sichuan|Guizhou,arithmetic mean across candidate hub provinces,projected provincial S1 CEF; not observed historical CEF,79,2024-11-18 23:00:00,cyclic ordinal alignment to projected 2025 S1 CEF; not contemporaneous Azure carbon,2024-05-13 07:00:00+00:00,79
equal_site_portfolio,2025,81,2025-01-04 08:00:00,east,0.5746625000000001,,Beijing|Tianjin|Hebei|Shanghai|Jiangsu|Zhejiang|Anhui|Guangdong,arithmetic mean across candidate hub provinces,projected provincial S1 CEF; not observed historical CEF,80,2024-11-19 00:00:00,cyclic ordinal alignment to projected 2025 S1 CEF; not contemporaneous Azure carbon,2024-05-13 08:00:00+00:00,80
equal_site_portfolio,2025,81,2025-01-04 08:00:00,north,0.504,,Inner Mongolia,arithmetic mean across candidate hub provinces,projected provincial S1 CEF; not observed historical CEF,80,2024-11-19 00:00:00,cyclic ordinal alignment to projected 2025 S1 CEF; not contemporaneous Azure carbon,2024-05-13 08:00:00+00:00,80
equal_site_portfolio,2025,81,2025-01-04 08:00:00,northwest,0.4472,,Gansu|Ningxia,arithmetic mean across candidate hub provinces,projected provincial S1 CEF; not observed historical CEF,80,2024-11-19 00:00:00,cyclic ordinal alignment to projected 2025 S1 CEF; not contemporaneous Azure carbon,2024-05-13 08:00:00+00:00,80
equal_site_portfolio,2025,81,2025-01-04 08:00:00,southwest,0.2415666666666666,,Chongqing|Sichuan|Guizhou,arithmetic mean across candidate hub provinces,projected provincial S1 CEF; not observed historical CEF,80,2024-11-19 00:00:00,cyclic ordinal alignment to projected 2025 S1 CEF; not contemporaneous Azure carbon,2024-05-13 08:00:00+00:00,80
equal_site_portfolio,2025,82,2025-01-04 09:00:00,east,0.5095000000000001,,Beijing|Tianjin|Hebei|Shanghai|Jiangsu|Zhejiang|Anhui|Guangdong,arithmetic mean across candidate hub provinces,projected provincial S1 CEF; not observed historical CEF,81,2024-11-19 01:00:00,cyclic ordinal alignment to projected 2025 S1 CEF; not contemporaneous Azure carbon,2024-05-13 09:00:00+00:00,81
equal_site_portfolio,2025,82,2025-01-04 09:00:00,north,0.4882,,Inner Mongolia,arithmetic mean across candidate hub provinces,projected provincial S1 CEF; not observed historical CEF,81,2024-11-19 01:00:00,cyclic ordinal alignment to projected 2025 S1 CEF; not contemporaneous Azure carbon,2024-05-13 09:00:00+00:00,81
equal_site_portfolio,2025,82,2025-01-04 09:00:00,northwest,0.46105,,Gansu|Ningxia,arithmetic mean across candidate hub provinces,projected provincial S1 CEF; not observed historical CEF,81,2024-11-19 01:00:00,cyclic ordinal alignment to projected 2025 S1 CEF; not contemporaneous Azure carbon,2024-05-13 09:00:00+00:00,81
equal_site_portfolio,2025,82,2025-01-04 09:00:00,southwest,0.2803,,Chongqing|Sichuan|Guizhou,arithmetic mean across candidate hub provinces,projected provincial S1 CEF; not observed historical CEF,81,2024-11-19 01:00:00,cyclic ordinal alignment to projected 2025 S1 CEF; not contemporaneous Azure carbon,2024-05-13 09:00:00+00:00,81
equal_site_portfolio,2025,83,2025-01-04 10:00:00,east,0.4541375000000001,,Beijing|Tianjin|Hebei|Shanghai|Jiangsu|Zhejiang|Anhui|Guangdong,arithmetic mean across candidate hub provinces,projected provincial S1 CEF; not observed historical CEF,82,2024-11-19 02:00:00,cyclic ordinal alignment to projected 2025 S1 CEF; not contemporaneous Azure carbon,2024-05-13 10:00:00+00:00,82
equal_site_portfolio,2025,83,2025-01-04 10:00:00,north,0.4406,,Inner Mongolia,arithmetic mean across candidate hub provinces,projected provincial S1 CEF; not observed historical CEF,82,2024-11-19 02:00:00,cyclic ordinal alignment to projected 2025 S1 CEF; not contemporaneous Azure carbon,2024-05-13 10:00:00+00:00,82
equal_site_portfolio,2025,83,2025-01-04 10:00:00,northwest,0.4704,,Gansu|Ningxia,arithmetic mean across candidate hub provinces,projected provincial S1 CEF; not observed historical CEF,82,2024-11-19 02:00:00,cyclic ordinal alignment to projected 2025 S1 CEF; not contemporaneous Azure carbon,2024-05-13 10:00:00+00:00,82
equal_site_portfolio,2025,83,2025-01-04 10:00:00,southwest,0.2705,,Chongqing|Sichuan|Guizhou,arithmetic mean across candidate hub provinces,projected provincial S1 CEF; not observed historical CEF,82,2024-11-19 02:00:00,cyclic ordinal alignment to projected 2025 S1 CEF; not contemporaneous Azure carbon,2024-05-13 10:00:00+00:00,82
equal_site_portfolio,2025,84,2025-01-04 11:00:00,east,0.4100625,,Beijing|Tianjin|Hebei|Shanghai|Jiangsu|Zhejiang|Anhui|Guangdong,arithmetic mean across candidate hub provinces,projected provincial S1 CEF; not observed historical CEF,83,2024-11-19 03:00:00,cyclic ordinal alignment to projected 2025 S1 CEF; not contemporaneous Azure carbon,2024-05-13 11:00:00+00:00,83
equal_site_portfolio,2025,84,2025-01-04 11:00:00,north,0.4074,,Inner Mongolia,arithmetic mean across candidate hub provinces,projected provincial S1 CEF; not observed historical CEF,83,2024-11-19 03:00:00,cyclic ordinal alignment to projected 2025 S1 CEF; not contemporaneous Azure carbon,2024-05-13 11:00:00+00:00,83
equal_site_portfolio,2025,84,2025-01-04 11:00:00,northwest,0.4426,,Gansu|Ningxia,arithmetic mean across candidate hub provinces,projected provincial S1 CEF; not observed historical CEF,83,2024-11-19 03:00:00,cyclic ordinal alignment to projected 2025 S1 CEF; not contemporaneous Azure carbon,2024-05-13 11:00:00+00:00,83
equal_site_portfolio,2025,84,2025-01-04 11:00:00,southwest,0.2681666666666666,,Chongqing|Sichuan|Guizhou,arithmetic mean across candidate hub provinces,projected provincial S1 CEF; not observed historical CEF,83,2024-11-19 03:00:00,cyclic ordinal alignment to projected 2025 S1 CEF; not contemporaneous Azure carbon,2024-05-13 11:00:00+00:00,83
equal_site_portfolio,2025,85,2025-01-04 12:00:00,east,0.3846874999999999,,Beijing|Tianjin|Hebei|Shanghai|Jiangsu|Zhejiang|Anhui|Guangdong,arithmetic mean across candidate hub provinces,projected provincial S1 CEF; not observed historical CEF,84,2024-11-19 04:00:00,cyclic ordinal alignment to projected 2025 S1 CEF; not contemporaneous Azure carbon,2024-05-13 12:00:00+00:00,84
equal_site_portfolio,2025,85,2025-01-04 12:00:00,north,0.3987,,Inner Mongolia,arithmetic mean across candidate hub provinces,projected provincial S1 CEF; not observed historical CEF,84,2024-11-19 04:00:00,cyclic ordinal alignment to projected 2025 S1 CEF; not contemporaneous Azure carbon,2024-05-13 12:00:00+00:00,84
equal_site_portfolio,2025,85,2025-01-04 12:00:00,northwest,0.3989,,Gansu|Ningxia,arithmetic mean across candidate hub provinces,projected provincial S1 CEF; not observed historical CEF,84,2024-11-19 04:00:00,cyclic ordinal alignment to projected 2025 S1 CEF; not contemporaneous Azure carbon,2024-05-13 12:00:00+00:00,84
equal_site_portfolio,2025,85,2025-01-04 12:00:00,southwest,0.2657666666666666,,Chongqing|Sichuan|Guizhou,arithmetic mean across candidate hub provinces,projected provincial S1 CEF; not observed historical CEF,84,2024-11-19 04:00:00,cyclic ordinal alignment to projected 2025 S1 CEF; not contemporaneous Azure carbon,2024-05-13 12:00:00+00:00,84
equal_site_portfolio,2025,86,2025-01-04 13:00:00,east,0.3700125,,Beijing|Tianjin|Hebei|Shanghai|Jiangsu|Zhejiang|Anhui|Guangdong,arithmetic mean across candidate hub provinces,projected provincial S1 CEF; not observed historical CEF,85,2024-11-19 05:00:00,cyclic ordinal alignment to projected 2025 S1 CEF; not contemporaneous Azure carbon,2024-05-13 13:00:00+00:00,85
equal_site_portfolio,2025,86,2025-01-04 13:00:00,north,0.3933,,Inner Mongolia,arithmetic mean across candidate hub provinces,projected provincial S1 CEF; not observed historical CEF,85,2024-11-19 05:00:00,cyclic ordinal alignment to projected 2025 S1 CEF; not contemporaneous Azure carbon,2024-05-13 13:00:00+00:00,85
equal_site_portfolio,2025,86,2025-01-04 13:00:00,northwest,0.321,,Gansu|Ningxia,arithmetic mean across candidate hub provinces,projected provincial S1 CEF; not observed historical CEF,85,2024-11-19 05:00:00,cyclic ordinal alignment to projected 2025 S1 CEF; not contemporaneous Azure carbon,2024-05-13 13:00:00+00:00,85
equal_site_portfolio,2025,86,2025-01-04 13:00:00,southwest,0.2632,,Chongqing|Sichuan|Guizhou,arithmetic mean across candidate hub provinces,projected provincial S1 CEF; not observed historical CEF,85,2024-11-19 05:00:00,cyclic ordinal alignment to projected 2025 S1 CEF; not contemporaneous Azure carbon,2024-05-13 13:00:00+00:00,85
equal_site_portfolio,2025,87,2025-01-04 14:00:00,east,0.382225,,Beijing|Tianjin|Hebei|Shanghai|Jiangsu|Zhejiang|Anhui|Guangdong,arithmetic mean across candidate hub provinces,projected provincial S1 CEF; not observed historical CEF,86,2024-11-19 06:00:00,cyclic ordinal alignment to projected 2025 S1 CEF; not contemporaneous Azure carbon,2024-05-13 14:00:00+00:00,86
equal_site_portfolio,2025,87,2025-01-04 14:00:00,north,0.4013,,Inner Mongolia,arithmetic mean across candidate hub provinces,projected provincial S1 CEF; not observed historical CEF,86,2024-11-19 06:00:00,cyclic ordinal alignment to projected 2025 S1 CEF; not contemporaneous Azure carbon,2024-05-13 14:00:00+00:00,86
equal_site_portfolio,2025,87,2025-01-04 14:00:00,northwest,0.24905,,Gansu|Ningxia,arithmetic mean across candidate hub provinces,projected provincial S1 CEF; not observed historical CEF,86,2024-11-19 06:00:00,cyclic ordinal alignment to projected 2025 S1 CEF; not contemporaneous Azure carbon,2024-05-13 14:00:00+00:00,86
equal_site_portfolio,2025,87,2025-01-04 14:00:00,southwest,0.2547666666666666,,Chongqing|Sichuan|Guizhou,arithmetic mean across candidate hub provinces,projected provincial S1 CEF; not observed historical CEF,86,2024-11-19 06:00:00,cyclic ordinal alignment to projected 2025 S1 CEF; not contemporaneous Azure carbon,2024-05-13 14:00:00+00:00,86
equal_site_portfolio,2025,88,2025-01-04 15:00:00,east,0.412975,,Beijing|Tianjin|Hebei|Shanghai|Jiangsu|Zhejiang|Anhui|Guangdong,arithmetic mean across candidate hub provinces,projected provincial S1 CEF; not observed historical CEF,87,2024-11-19 07:00:00,cyclic ordinal alignment to projected 2025 S1 CEF; not contemporaneous Azure carbon,2024-05-13 15:00:00+00:00,87
equal_site_portfolio,2025,88,2025-01-04 15:00:00,north,0.4203,,Inner Mongolia,arithmetic mean across candidate hub provinces,projected provincial S1 CEF; not observed historical CEF,87,2024-11-19 07:00:00,cyclic ordinal alignment to projected 2025 S1 CEF; not contemporaneous Azure carbon,2024-05-13 15:00:00+00:00,87
equal_site_portfolio,2025,88,2025-01-04 15:00:00,northwest,0.288,,Gansu|Ningxia,arithmetic mean across candidate hub provinces,projected provincial S1 CEF; not observed historical CEF,87,2024-11-19 07:00:00,cyclic ordinal alignment to projected 2025 S1 CEF; not contemporaneous Azure carbon,2024-05-13 15:00:00+00:00,87
equal_site_portfolio,2025,88,2025-01-04 15:00:00,southwest,0.2529,,Chongqing|Sichuan|Guizhou,arithmetic mean across candidate hub provinces,projected provincial S1 CEF; not observed historical CEF,87,2024-11-19 07:00:00,cyclic ordinal alignment to projected 2025 S1 CEF; not contemporaneous Azure carbon,2024-05-13 15:00:00+00:00,87
equal_site_portfolio,2025,89,2025-01-04 16:00:00,east,0.488125,,Beijing|Tianjin|Hebei|Shanghai|Jiangsu|Zhejiang|Anhui|Guangdong,arithmetic mean across candidate hub provinces,projected provincial S1 CEF; not observed historical CEF,88,2024-11-19 08:00:00,cyclic ordinal alignment to projected 2025 S1 CEF; not contemporaneous Azure carbon,2024-05-13 16:00:00+00:00,88
equal_site_portfolio,2025,89,2025-01-04 16:00:00,north,0.5099,,Inner Mongolia,arithmetic mean across candidate hub provinces,projected provincial S1 CEF; not observed historical CEF,88,2024-11-19 08:00:00,cyclic ordinal alignment to projected 2025 S1 CEF; not contemporaneous Azure carbon,2024-05-13 16:00:00+00:00,88
equal_site_portfolio,2025,89,2025-01-04 16:00:00,northwest,0.39165,,Gansu|Ningxia,arithmetic mean across candidate hub provinces,projected provincial S1 CEF; not observed historical CEF,88,2024-11-19 08:00:00,cyclic ordinal alignment to projected 2025 S1 CEF; not contemporaneous Azure carbon,2024-05-13 16:00:00+00:00,88
equal_site_portfolio,2025,89,2025-01-04 16:00:00,southwest,0.2370666666666666,,Chongqing|Sichuan|Guizhou,arithmetic mean across candidate hub provinces,projected provincial S1 CEF; not observed historical CEF,88,2024-11-19 08:00:00,cyclic ordinal alignment to projected 2025 S1 CEF; not contemporaneous Azure carbon,2024-05-13 16:00:00+00:00,88
equal_site_portfolio,2025,90,2025-01-04 17:00:00,east,0.517075,,Beijing|Tianjin|Hebei|Shanghai|Jiangsu|Zhejiang|Anhui|Guangdong,arithmetic mean across candidate hub provinces,projected provincial S1 CEF; not observed historical CEF,89,2024-11-19 09:00:00,cyclic ordinal alignment to projected 2025 S1 CEF; not contemporaneous Azure carbon,2024-05-13 17:00:00+00:00,89
equal_site_portfolio,2025,90,2025-01-04 17:00:00,north,0.5292,,Inner Mongolia,arithmetic mean across candidate hub provinces,projected provincial S1 CEF; not observed historical CEF,89,2024-11-19 09:00:00,cyclic ordinal alignment to projected 2025 S1 CEF; not contemporaneous Azure carbon,2024-05-13 17:00:00+00:00,89
equal_site_portfolio,2025,90,2025-01-04 17:00:00,northwest,0.3943,,Gansu|Ningxia,arithmetic mean across candidate hub provinces,projected provincial S1 CEF; not observed historical CEF,89,2024-11-19 09:00:00,cyclic ordinal alignment to projected 2025 S1 CEF; not contemporaneous Azure carbon,2024-05-13 17:00:00+00:00,89
equal_site_portfolio,2025,90,2025-01-04 17:00:00,southwest,0.1756,,Chongqing|Sichuan|Guizhou,arithmetic mean across candidate hub provinces,projected provincial S1 CEF; not observed historical CEF,89,2024-11-19 09:00:00,cyclic ordinal alignment to projected 2025 S1 CEF; not contemporaneous Azure carbon,2024-05-13 17:00:00+00:00,89
equal_site_portfolio,2025,91,2025-01-04 18:00:00,east,0.52185,,Beijing|Tianjin|Hebei|Shanghai|Jiangsu|Zhejiang|Anhui|Guangdong,arithmetic mean across candidate hub provinces,projected provincial S1 CEF; not observed historical CEF,90,2024-11-19 10:00:00,cyclic ordinal alignment to projected 2025 S1 CEF; not contemporaneous Azure carbon,2024-05-13 18:00:00+00:00,90
equal_site_portfolio,2025,91,2025-01-04 18:00:00,north,0.528,,Inner Mongolia,arithmetic mean across candidate hub provinces,projected provincial S1 CEF; not observed historical CEF,90,2024-11-19 10:00:00,cyclic ordinal alignment to projected 2025 S1 CEF; not contemporaneous Azure carbon,2024-05-13 18:00:00+00:00,90
equal_site_portfolio,2025,91,2025-01-04 18:00:00,northwest,0.4077,,Gansu|Ningxia,arithmetic mean across candidate hub provinces,projected provincial S1 CEF; not observed historical CEF,90,2024-11-19 10:00:00,cyclic ordinal alignment to projected 2025 S1 CEF; not contemporaneous Azure carbon,2024-05-13 18:00:00+00:00,90
equal_site_portfolio,2025,91,2025-01-04 18:00:00,southwest,0.1939,,Chongqing|Sichuan|Guizhou,arithmetic mean across candidate hub provinces,projected provincial S1 CEF; not observed historical CEF,90,2024-11-19 10:00:00,cyclic ordinal alignment to projected 2025 S1 CEF; not contemporaneous Azure carbon,2024-05-13 18:00:00+00:00,90
equal_site_portfolio,2025,92,2025-01-04 19:00:00,east,0.52535,,Beijing|Tianjin|Hebei|Shanghai|Jiangsu|Zhejiang|Anhui|Guangdong,arithmetic mean across candidate hub provinces,projected provincial S1 CEF; not observed historical CEF,91,2024-11-19 11:00:00,cyclic ordinal alignment to projected 2025 S1 CEF; not contemporaneous Azure carbon,2024-05-13 19:00:00+00:00,91
equal_site_portfolio,2025,92,2025-01-04 19:00:00,north,0.516,,Inner Mongolia,arithmetic mean across candidate hub provinces,projected provincial S1 CEF; not observed historical CEF,91,2024-11-19 11:00:00,cyclic ordinal alignment to projected 2025 S1 CEF; not contemporaneous Azure carbon,2024-05-13 19:00:00+00:00,91
equal_site_portfolio,2025,92,2025-01-04 19:00:00,northwest,0.41445,,Gansu|Ningxia,arithmetic mean across candidate hub provinces,projected provincial S1 CEF; not observed historical CEF,91,2024-11-19 11:00:00,cyclic ordinal alignment to projected 2025 S1 CEF; not contemporaneous Azure carbon,2024-05-13 19:00:00+00:00,91
equal_site_portfolio,2025,92,2025-01-04 19:00:00,southwest,0.1982333333333333,,Chongqing|Sichuan|Guizhou,arithmetic mean across candidate hub provinces,projected provincial S1 CEF; not observed historical CEF,91,2024-11-19 11:00:00,cyclic ordinal alignment to projected 2025 S1 CEF; not contemporaneous Azure carbon,2024-05-13 19:00:00+00:00,91
equal_site_portfolio,2025,93,2025-01-04 20:00:00,east,0.5209125,,Beijing|Tianjin|Hebei|Shanghai|Jiangsu|Zhejiang|Anhui|Guangdong,arithmetic mean across candidate hub provinces,projected provincial S1 CEF; not observed historical CEF,92,2024-11-19 12:00:00,cyclic ordinal alignment to projected 2025 S1 CEF; not contemporaneous Azure carbon,2024-05-13 20:00:00+00:00,92
equal_site_portfolio,2025,93,2025-01-04 20:00:00,north,0.4998,,Inner Mongolia,arithmetic mean across candidate hub provinces,projected provincial S1 CEF; not observed historical CEF,92,2024-11-19 12:00:00,cyclic ordinal alignment to projected 2025 S1 CEF; not contemporaneous Azure carbon,2024-05-13 20:00:00+00:00,92
equal_site_portfolio,2025,93,2025-01-04 20:00:00,northwest,0.41445,,Gansu|Ningxia,arithmetic mean across candidate hub provinces,projected provincial S1 CEF; not observed historical CEF,92,2024-11-19 12:00:00,cyclic ordinal alignment to projected 2025 S1 CEF; not contemporaneous Azure carbon,2024-05-13 20:00:00+00:00,92
equal_site_portfolio,2025,93,2025-01-04 20:00:00,southwest,0.1969666666666666,,Chongqing|Sichuan|Guizhou,arithmetic mean across candidate hub provinces,projected provincial S1 CEF; not observed historical CEF,92,2024-11-19 12:00:00,cyclic ordinal alignment to projected 2025 S1 CEF; not contemporaneous Azure carbon,2024-05-13 20:00:00+00:00,92
equal_site_portfolio,2025,94,2025-01-04 21:00:00,east,0.518825,,Beijing|Tianjin|Hebei|Shanghai|Jiangsu|Zhejiang|Anhui|Guangdong,arithmetic mean across candidate hub provinces,projected provincial S1 CEF; not observed historical CEF,93,2024-11-19 13:00:00,cyclic ordinal alignment to projected 2025 S1 CEF; not contemporaneous Azure carbon,2024-05-13 21:00:00+00:00,93
equal_site_portfolio,2025,94,2025-01-04 21:00:00,north,0.4888,,Inner Mongolia,arithmetic mean across candidate hub provinces,projected provincial S1 CEF; not observed historical CEF,93,2024-11-19 13:00:00,cyclic ordinal alignment to projected 2025 S1 CEF; not contemporaneous Azure carbon,2024-05-13 21:00:00+00:00,93
equal_site_portfolio,2025,94,2025-01-04 21:00:00,northwest,0.4051499999999999,,Gansu|Ningxia,arithmetic mean across candidate hub provinces,projected provincial S1 CEF; not observed historical CEF,93,2024-11-19 13:00:00,cyclic ordinal alignment to projected 2025 S1 CEF; not contemporaneous Azure carbon,2024-05-13 21:00:00+00:00,93
equal_site_portfolio,2025,94,2025-01-04 21:00:00,southwest,0.2046333333333333,,Chongqing|Sichuan|Guizhou,arithmetic mean across candidate hub provinces,projected provincial S1 CEF; not observed historical CEF,93,2024-11-19 13:00:00,cyclic ordinal alignment to projected 2025 S1 CEF; not contemporaneous Azure carbon,2024-05-13 21:00:00+00:00,93
equal_site_portfolio,2025,95,2025-01-04 22:00:00,east,0.5353125000000001,,Beijing|Tianjin|Hebei|Shanghai|Jiangsu|Zhejiang|Anhui|Guangdong,arithmetic mean across candidate hub provinces,projected provincial S1 CEF; not observed historical CEF,94,2024-11-19 14:00:00,cyclic ordinal alignment to projected 2025 S1 CEF; not contemporaneous Azure carbon,2024-05-13 22:00:00+00:00,94
equal_site_portfolio,2025,95,2025-01-04 22:00:00,north,0.4743,,Inner Mongolia,arithmetic mean across candidate hub provinces,projected provincial S1 CEF; not observed historical CEF,94,2024-11-19 14:00:00,cyclic ordinal alignment to projected 2025 S1 CEF; not contemporaneous Azure carbon,2024-05-13 22:00:00+00:00,94
equal_site_portfolio,2025,95,2025-01-04 22:00:00,northwest,0.3806,,Gansu|Ningxia,arithmetic mean across candidate hub provinces,projected provincial S1 CEF; not observed historical CEF,94,2024-11-19 14:00:00,cyclic ordinal alignment to projected 2025 S1 CEF; not contemporaneous Azure carbon,2024-05-13 22:00:00+00:00,94
equal_site_portfolio,2025,95,2025-01-04 22:00:00,southwest,0.2299999999999999,,Chongqing|Sichuan|Guizhou,arithmetic mean across candidate hub provinces,projected provincial S1 CEF; not observed historical CEF,94,2024-11-19 14:00:00,cyclic ordinal alignment to projected 2025 S1 CEF; not contemporaneous Azure carbon,2024-05-13 22:00:00+00:00,94
equal_site_portfolio,2025,96,2025-01-04 23:00:00,east,0.5389625,,Beijing|Tianjin|Hebei|Shanghai|Jiangsu|Zhejiang|Anhui|Guangdong,arithmetic mean across candidate hub provinces,projected provincial S1 CEF; not observed historical CEF,95,2024-11-19 15:00:00,cyclic ordinal alignment to projected 2025 S1 CEF; not contemporaneous Azure carbon,2024-05-13 23:00:00+00:00,95
equal_site_portfolio,2025,96,2025-01-04 23:00:00,north,0.4575,,Inner Mongolia,arithmetic mean across candidate hub provinces,projected provincial S1 CEF; not observed historical CEF,95,2024-11-19 15:00:00,cyclic ordinal alignment to projected 2025 S1 CEF; not contemporaneous Azure carbon,2024-05-13 23:00:00+00:00,95
equal_site_portfolio,2025,96,2025-01-04 23:00:00,northwest,0.3843,,Gansu|Ningxia,arithmetic mean across candidate hub provinces,projected provincial S1 CEF; not observed historical CEF,95,2024-11-19 15:00:00,cyclic ordinal alignment to projected 2025 S1 CEF; not contemporaneous Azure carbon,2024-05-13 23:00:00+00:00,95
equal_site_portfolio,2025,96,2025-01-04 23:00:00,southwest,0.2676666666666666,,Chongqing|Sichuan|Guizhou,arithmetic mean across candidate hub provinces,projected provincial S1 CEF; not observed historical CEF,95,2024-11-19 15:00:00,cyclic ordinal alignment to projected 2025 S1 CEF; not contemporaneous Azure carbon,2024-05-13 23:00:00+00:00,95
equal_site_portfolio,2025,97,2025-01-05 00:00:00,east,0.5552875,,Beijing|Tianjin|Hebei|Shanghai|Jiangsu|Zhejiang|Anhui|Guangdong,arithmetic mean across candidate hub provinces,projected provincial S1 CEF; not observed historical CEF,96,2024-11-19 16:00:00,cyclic ordinal alignment to projected 2025 S1 CEF; not contemporaneous Azure carbon,2024-05-14 00:00:00+00:00,96
equal_site_portfolio,2025,97,2025-01-05 00:00:00,north,0.4122,,Inner Mongolia,arithmetic mean across candidate hub provinces,projected provincial S1 CEF; not observed historical CEF,96,2024-11-19 16:00:00,cyclic ordinal alignment to projected 2025 S1 CEF; not contemporaneous Azure carbon,2024-05-14 00:00:00+00:00,96
equal_site_portfolio,2025,97,2025-01-05 00:00:00,northwest,0.44895,,Gansu|Ningxia,arithmetic mean across candidate hub provinces,projected provincial S1 CEF; not observed historical CEF,96,2024-11-19 16:00:00,cyclic ordinal alignment to projected 2025 S1 CEF; not contemporaneous Azure carbon,2024-05-14 00:00:00+00:00,96
equal_site_portfolio,2025,97,2025-01-05 00:00:00,southwest,0.3540666666666667,,Chongqing|Sichuan|Guizhou,arithmetic mean across candidate hub provinces,projected provincial S1 CEF; not observed historical CEF,96,2024-11-19 16:00:00,cyclic ordinal alignment to projected 2025 S1 CEF; not contemporaneous Azure carbon,2024-05-14 00:00:00+00:00,96
equal_site_portfolio,2025,98,2025-01-05 01:00:00,east,0.556225,,Beijing|Tianjin|Hebei|Shanghai|Jiangsu|Zhejiang|Anhui|Guangdong,arithmetic mean across candidate hub provinces,projected provincial S1 CEF; not observed historical CEF,97,2024-11-19 17:00:00,cyclic ordinal alignment to projected 2025 S1 CEF; not contemporaneous Azure carbon,2024-05-14 01:00:00+00:00,97
equal_site_portfolio,2025,98,2025-01-05 01:00:00,north,0.4152,,Inner Mongolia,arithmetic mean across candidate hub provinces,projected provincial S1 CEF; not observed historical CEF,97,2024-11-19 17:00:00,cyclic ordinal alignment to projected 2025 S1 CEF; not contemporaneous Azure carbon,2024-05-14 01:00:00+00:00,97
equal_site_portfolio,2025,98,2025-01-05 01:00:00,northwest,0.4535,,Gansu|Ningxia,arithmetic mean across candidate hub provinces,projected provincial S1 CEF; not observed historical CEF,97,2024-11-19 17:00:00,cyclic ordinal alignment to projected 2025 S1 CEF; not contemporaneous Azure carbon,2024-05-14 01:00:00+00:00,97
equal_site_portfolio,2025,98,2025-01-05 01:00:00,southwest,0.3661666666666667,,Chongqing|Sichuan|Guizhou,arithmetic mean across candidate hub provinces,projected provincial S1 CEF; not observed historical CEF,97,2024-11-19 17:00:00,cyclic ordinal alignment to projected 2025 S1 CEF; not contemporaneous Azure carbon,2024-05-14 01:00:00+00:00,97
equal_site_portfolio,2025,99,2025-01-05 02:00:00,east,0.5609124999999999,,Beijing|Tianjin|Hebei|Shanghai|Jiangsu|Zhejiang|Anhui|Guangdong,arithmetic mean across candidate hub provinces,projected provincial S1 CEF; not observed historical CEF,98,2024-11-19 18:00:00,cyclic ordinal alignment to projected 2025 S1 CEF; not contemporaneous Azure carbon,2024-05-14 02:00:00+00:00,98
equal_site_portfolio,2025,99,2025-01-05 02:00:00,north,0.4117,,Inner Mongolia,arithmetic mean across candidate hub provinces,projected provincial S1 CEF; not observed historical CEF,98,2024-11-19 18:00:00,cyclic ordinal alignment to projected 2025 S1 CEF; not contemporaneous Azure carbon,2024-05-14 02:00:00+00:00,98
equal_site_portfolio,2025,99,2025-01-05 02:00:00,northwest,0.4617,,Gansu|Ningxia,arithmetic mean across candidate hub provinces,projected provincial S1 CEF; not observed historical CEF,98,2024-11-19 18:00:00,cyclic ordinal alignment to projected 2025 S1 CEF; not contemporaneous Azure carbon,2024-05-14 02:00:00+00:00,98
equal_site_portfolio,2025,99,2025-01-05 02:00:00,southwest,0.3715333333333332,,Chongqing|Sichuan|Guizhou,arithmetic mean across candidate hub provinces,projected provincial S1 CEF; not observed historical CEF,98,2024-11-19 18:00:00,cyclic ordinal alignment to projected 2025 S1 CEF; not contemporaneous Azure carbon,2024-05-14 02:00:00+00:00,98
equal_site_portfolio,2025,100,2025-01-05 03:00:00,east,0.5634874999999999,,Beijing|Tianjin|Hebei|Shanghai|Jiangsu|Zhejiang|Anhui|Guangdong,arithmetic mean across candidate hub provinces,projected provincial S1 CEF; not observed historical CEF,99,2024-11-19 19:00:00,cyclic ordinal alignment to projected 2025 S1 CEF; not contemporaneous Azure carbon,2024-05-14 03:00:00+00:00,99
equal_site_portfolio,2025,100,2025-01-05 03:00:00,north,0.4126,,Inner Mongolia,arithmetic mean across candidate hub provinces,projected provincial S1 CEF; not observed historical CEF,99,2024-11-19 19:00:00,cyclic ordinal alignment to projected 2025 S1 CEF; not contemporaneous Azure carbon,2024-05-14 03:00:00+00:00,99
equal_site_portfolio,2025,100,2025-01-05 03:00:00,northwest,0.47275,,Gansu|Ningxia,arithmetic mean across candidate hub provinces,projected provincial S1 CEF; not observed historical CEF,99,2024-11-19 19:00:00,cyclic ordinal alignment to projected 2025 S1 CEF; not contemporaneous Azure carbon,2024-05-14 03:00:00+00:00,99
equal_site_portfolio,2025,100,2025-01-05 03:00:00,southwest,0.3796,,Chongqing|Sichuan|Guizhou,arithmetic mean across candidate hub provinces,projected provincial S1 CEF; not observed historical CEF,99,2024-11-19 19:00:00,cyclic ordinal alignment to projected 2025 S1 CEF; not contemporaneous Azure carbon,2024-05-14 03:00:00+00:00,99
equal_site_portfolio,2025,101,2025-01-05 04:00:00,east,0.5642874999999999,,Beijing|Tianjin|Hebei|Shanghai|Jiangsu|Zhejiang|Anhui|Guangdong,arithmetic mean across candidate hub provinces,projected provincial S1 CEF; not observed historical CEF,100,2024-11-19 20:00:00,cyclic ordinal alignment to projected 2025 S1 CEF; not contemporaneous Azure carbon,2024-05-14 04:00:00+00:00,100
equal_site_portfolio,2025,101,2025-01-05 04:00:00,north,0.4256,,Inner Mongolia,arithmetic mean across candidate hub provinces,projected provincial S1 CEF; not observed historical CEF,100,2024-11-19 20:00:00,cyclic ordinal alignment to projected 2025 S1 CEF; not contemporaneous Azure carbon,2024-05-14 04:00:00+00:00,100
equal_site_portfolio,2025,101,2025-01-05 04:00:00,northwest,0.4650499999999999,,Gansu|Ningxia,arithmetic mean across candidate hub provinces,projected provincial S1 CEF; not observed historical CEF,100,2024-11-19 20:00:00,cyclic ordinal alignment to projected 2025 S1 CEF; not contemporaneous Azure carbon,2024-05-14 04:00:00+00:00,100
equal_site_portfolio,2025,101,2025-01-05 04:00:00,southwest,0.3786333333333333,,Chongqing|Sichuan|Guizhou,arithmetic mean across candidate hub provinces,projected provincial S1 CEF; not observed historical CEF,100,2024-11-19 20:00:00,cyclic ordinal alignment to projected 2025 S1 CEF; not contemporaneous Azure carbon,2024-05-14 04:00:00+00:00,100
equal_site_portfolio,2025,102,2025-01-05 05:00:00,east,0.5621625,,Beijing|Tianjin|Hebei|Shanghai|Jiangsu|Zhejiang|Anhui|Guangdong,arithmetic mean across candidate hub provinces,projected provincial S1 CEF; not observed historical CEF,101,2024-11-19 21:00:00,cyclic ordinal alignment to projected 2025 S1 CEF; not contemporaneous Azure carbon,2024-05-14 05:00:00+00:00,101
equal_site_portfolio,2025,102,2025-01-05 05:00:00,north,0.4333,,Inner Mongolia,arithmetic mean across candidate hub provinces,projected provincial S1 CEF; not observed historical CEF,101,2024-11-19 21:00:00,cyclic ordinal alignment to projected 2025 S1 CEF; not contemporaneous Azure carbon,2024-05-14 05:00:00+00:00,101
equal_site_portfolio,2025,102,2025-01-05 05:00:00,northwest,0.4593,,Gansu|Ningxia,arithmetic mean across candidate hub provinces,projected provincial S1 CEF; not observed historical CEF,101,2024-11-19 21:00:00,cyclic ordinal alignment to projected 2025 S1 CEF; not contemporaneous Azure carbon,2024-05-14 05:00:00+00:00,101
equal_site_portfolio,2025,102,2025-01-05 05:00:00,southwest,0.3703333333333333,,Chongqing|Sichuan|Guizhou,arithmetic mean across candidate hub provinces,projected provincial S1 CEF; not observed historical CEF,101,2024-11-19 21:00:00,cyclic ordinal alignment to projected 2025 S1 CEF; not contemporaneous Azure carbon,2024-05-14 05:00:00+00:00,101
equal_site_portfolio,2025,103,2025-01-05 06:00:00,east,0.5601125,,Beijing|Tianjin|Hebei|Shanghai|Jiangsu|Zhejiang|Anhui|Guangdong,arithmetic mean across candidate hub provinces,projected provincial S1 CEF; not observed historical CEF,102,2024-11-19 22:00:00,cyclic ordinal alignment to projected 2025 S1 CEF; not contemporaneous Azure carbon,2024-05-14 06:00:00+00:00,102
equal_site_portfolio,2025,103,2025-01-05 06:00:00,north,0.4424,,Inner Mongolia,arithmetic mean across candidate hub provinces,projected provincial S1 CEF; not observed historical CEF,102,2024-11-19 22:00:00,cyclic ordinal alignment to projected 2025 S1 CEF; not contemporaneous Azure carbon,2024-05-14 06:00:00+00:00,102
equal_site_portfolio,2025,103,2025-01-05 06:00:00,northwest,0.44765,,Gansu|Ningxia,arithmetic mean across candidate hub provinces,projected provincial S1 CEF; not observed historical CEF,102,2024-11-19 22:00:00,cyclic ordinal alignment to projected 2025 S1 CEF; not contemporaneous Azure carbon,2024-05-14 06:00:00+00:00,102
equal_site_portfolio,2025,103,2025-01-05 06:00:00,southwest,0.3416666666666666,,Chongqing|Sichuan|Guizhou,arithmetic mean across candidate hub provinces,projected provincial S1 CEF; not observed historical CEF,102,2024-11-19 22:00:00,cyclic ordinal alignment to projected 2025 S1 CEF; not contemporaneous Azure carbon,2024-05-14 06:00:00+00:00,102
equal_site_portfolio,2025,104,2025-01-05 07:00:00,east,0.5465,,Beijing|Tianjin|Hebei|Shanghai|Jiangsu|Zhejiang|Anhui|Guangdong,arithmetic mean across candidate hub provinces,projected provincial S1 CEF; not observed historical CEF,103,2024-11-19 23:00:00,cyclic ordinal alignment to projected 2025 S1 CEF; not contemporaneous Azure carbon,2024-05-14 07:00:00+00:00,103
equal_site_portfolio,2025,104,2025-01-05 07:00:00,north,0.4415,,Inner Mongolia,arithmetic mean across candidate hub provinces,projected provincial S1 CEF; not observed historical CEF,103,2024-11-19 23:00:00,cyclic ordinal alignment to projected 2025 S1 CEF; not contemporaneous Azure carbon,2024-05-14 07:00:00+00:00,103
equal_site_portfolio,2025,104,2025-01-05 07:00:00,northwest,0.4436,,Gansu|Ningxia,arithmetic mean across candidate hub provinces,projected provincial S1 CEF; not observed historical CEF,103,2024-11-19 23:00:00,cyclic ordinal alignment to projected 2025 S1 CEF; not contemporaneous Azure carbon,2024-05-14 07:00:00+00:00,103
equal_site_portfolio,2025,104,2025-01-05 07:00:00,southwest,0.3270333333333333,,Chongqing|Sichuan|Guizhou,arithmetic mean across candidate hub provinces,projected provincial S1 CEF; not observed historical CEF,103,2024-11-19 23:00:00,cyclic ordinal alignment to projected 2025 S1 CEF; not contemporaneous Azure carbon,2024-05-14 07:00:00+00:00,103
equal_site_portfolio,2025,105,2025-01-05 08:00:00,east,0.5378125,,Beijing|Tianjin|Hebei|Shanghai|Jiangsu|Zhejiang|Anhui|Guangdong,arithmetic mean across candidate hub provinces,projected provincial S1 CEF; not observed historical CEF,104,2024-11-20 00:00:00,cyclic ordinal alignment to projected 2025 S1 CEF; not contemporaneous Azure carbon,2024-05-14 08:00:00+00:00,104
equal_site_portfolio,2025,105,2025-01-05 08:00:00,north,0.4452,,Inner Mongolia,arithmetic mean across candidate hub provinces,projected provincial S1 CEF; not observed historical CEF,104,2024-11-20 00:00:00,cyclic ordinal alignment to projected 2025 S1 CEF; not contemporaneous Azure carbon,2024-05-14 08:00:00+00:00,104
equal_site_portfolio,2025,105,2025-01-05 08:00:00,northwest,0.43655,,Gansu|Ningxia,arithmetic mean across candidate hub provinces,projected provincial S1 CEF; not observed historical CEF,104,2024-11-20 00:00:00,cyclic ordinal alignment to projected 2025 S1 CEF; not contemporaneous Azure carbon,2024-05-14 08:00:00+00:00,104
equal_site_portfolio,2025,105,2025-01-05 08:00:00,southwest,0.2938333333333333,,Chongqing|Sichuan|Guizhou,arithmetic mean across candidate hub provinces,projected provincial S1 CEF; not observed historical CEF,104,2024-11-20 00:00:00,cyclic ordinal alignment to projected 2025 S1 CEF; not contemporaneous Azure carbon,2024-05-14 08:00:00+00:00,104
equal_site_portfolio,2025,106,2025-01-05 09:00:00,east,0.4876875,,Beijing|Tianjin|Hebei|Shanghai|Jiangsu|Zhejiang|Anhui|Guangdong,arithmetic mean across candidate hub provinces,projected provincial S1 CEF; not observed historical CEF,105,2024-11-20 01:00:00,cyclic ordinal alignment to projected 2025 S1 CEF; not contemporaneous Azure carbon,2024-05-14 09:00:00+00:00,105
equal_site_portfolio,2025,106,2025-01-05 09:00:00,north,0.4351,,Inner Mongolia,arithmetic mean across candidate hub provinces,projected provincial S1 CEF; not observed historical CEF,105,2024-11-20 01:00:00,cyclic ordinal alignment to projected 2025 S1 CEF; not contemporaneous Azure carbon,2024-05-14 09:00:00+00:00,105
equal_site_portfolio,2025,106,2025-01-05 09:00:00,northwest,0.4473999999999999,,Gansu|Ningxia,arithmetic mean across candidate hub provinces,projected provincial S1 CEF; not observed historical CEF,105,2024-11-20 01:00:00,cyclic ordinal alignment to projected 2025 S1 CEF; not contemporaneous Azure carbon,2024-05-14 09:00:00+00:00,105
equal_site_portfolio,2025,106,2025-01-05 09:00:00,southwest,0.2873,,Chongqing|Sichuan|Guizhou,arithmetic mean across candidate hub provinces,projected provincial S1 CEF; not observed historical CEF,105,2024-11-20 01:00:00,cyclic ordinal alignment to projected 2025 S1 CEF; not contemporaneous Azure carbon,2024-05-14 09:00:00+00:00,105
equal_site_portfolio,2025,107,2025-01-05 10:00:00,east,0.4474625,,Beijing|Tianjin|Hebei|Shanghai|Jiangsu|Zhejiang|Anhui|Guangdong,arithmetic mean across candidate hub provinces,projected provincial S1 CEF; not observed historical CEF,106,2024-11-20 02:00:00,cyclic ordinal alignment to projected 2025 S1 CEF; not contemporaneous Azure carbon,2024-05-14 10:00:00+00:00,106
equal_site_portfolio,2025,107,2025-01-05 10:00:00,north,0.386,,Inner Mongolia,arithmetic mean across candidate hub provinces,projected provincial S1 CEF; not observed historical CEF,106,2024-11-20 02:00:00,cyclic ordinal alignment to projected 2025 S1 CEF; not contemporaneous Azure carbon,2024-05-14 10:00:00+00:00,106
equal_site_portfolio,2025,107,2025-01-05 10:00:00,northwest,0.4809,,Gansu|Ningxia,arithmetic mean across candidate hub provinces,projected provincial S1 CEF; not observed historical CEF,106,2024-11-20 02:00:00,cyclic ordinal alignment to projected 2025 S1 CEF; not contemporaneous Azure carbon,2024-05-14 10:00:00+00:00,106
equal_site_portfolio,2025,107,2025-01-05 10:00:00,southwest,0.2733,,Chongqing|Sichuan|Guizhou,arithmetic mean across candidate hub provinces,projected provincial S1 CEF; not observed historical CEF,106,2024-11-20 02:00:00,cyclic ordinal alignment to projected 2025 S1 CEF; not contemporaneous Azure carbon,2024-05-14 10:00:00+00:00,106
equal_site_portfolio,2025,108,2025-01-05 11:00:00,east,0.4046125,,Beijing|Tianjin|Hebei|Shanghai|Jiangsu|Zhejiang|Anhui|Guangdong,arithmetic mean across candidate hub provinces,projected provincial S1 CEF; not observed historical CEF,107,2024-11-20 03:00:00,cyclic ordinal alignment to projected 2025 S1 CEF; not contemporaneous Azure carbon,2024-05-14 11:00:00+00:00,107
equal_site_portfolio,2025,108,2025-01-05 11:00:00,north,0.3334,,Inner Mongolia,arithmetic mean across candidate hub provinces,projected provincial S1 CEF; not observed historical CEF,107,2024-11-20 03:00:00,cyclic ordinal alignment to projected 2025 S1 CEF; not contemporaneous Azure carbon,2024-05-14 11:00:00+00:00,107
equal_site_portfolio,2025,108,2025-01-05 11:00:00,northwest,0.50175,,Gansu|Ningxia,arithmetic mean across candidate hub provinces,projected provincial S1 CEF; not observed historical CEF,107,2024-11-20 03:00:00,cyclic ordinal alignment to projected 2025 S1 CEF; not contemporaneous Azure carbon,2024-05-14 11:00:00+00:00,107
equal_site_portfolio,2025,108,2025-01-05 11:00:00,southwest,0.2707,,Chongqing|Sichuan|Guizhou,arithmetic mean across candidate hub provinces,projected provincial S1 CEF; not observed historical CEF,107,2024-11-20 03:00:00,cyclic ordinal alignment to projected 2025 S1 CEF; not contemporaneous Azure carbon,2024-05-14 11:00:00+00:00,107
equal_site_portfolio,2025,109,2025-01-05 12:00:00,east,0.3701124999999999,,Beijing|Tianjin|Hebei|Shanghai|Jiangsu|Zhejiang|Anhui|Guangdong,arithmetic mean across candidate hub provinces,projected provincial S1 CEF; not observed historical CEF,108,2024-11-20 04:00:00,cyclic ordinal alignment to projected 2025 S1 CEF; not contemporaneous Azure carbon,2024-05-14 12:00:00+00:00,108
equal_site_portfolio,2025,109,2025-01-05 12:00:00,north,0.3142,,Inner Mongolia,arithmetic mean across candidate hub provinces,projected provincial S1 CEF; not observed historical CEF,108,2024-11-20 04:00:00,cyclic ordinal alignment to projected 2025 S1 CEF; not contemporaneous Azure carbon,2024-05-14 12:00:00+00:00,108
equal_site_portfolio,2025,109,2025-01-05 12:00:00,northwest,0.3893,,Gansu|Ningxia,arithmetic mean across candidate hub provinces,projected provincial S1 CEF; not observed historical CEF,108,2024-11-20 04:00:00,cyclic ordinal alignment to projected 2025 S1 CEF; not contemporaneous Azure carbon,2024-05-14 12:00:00+00:00,108
equal_site_portfolio,2025,109,2025-01-05 12:00:00,southwest,0.2671333333333334,,Chongqing|Sichuan|Guizhou,arithmetic mean across candidate hub provinces,projected provincial S1 CEF; not observed historical CEF,108,2024-11-20 04:00:00,cyclic ordinal alignment to projected 2025 S1 CEF; not contemporaneous Azure carbon,2024-05-14 12:00:00+00:00,108
equal_site_portfolio,2025,110,2025-01-05 13:00:00,east,0.3543374999999999,,Beijing|Tianjin|Hebei|Shanghai|Jiangsu|Zhejiang|Anhui|Guangdong,arithmetic mean across candidate hub provinces,projected provincial S1 CEF; not observed historical CEF,109,2024-11-20 05:00:00,cyclic ordinal alignment to projected 2025 S1 CEF; not contemporaneous Azure carbon,2024-05-14 13:00:00+00:00,109
equal_site_portfolio,2025,110,2025-01-05 13:00:00,north,0.2959,,Inner Mongolia,arithmetic mean across candidate hub provinces,projected provincial S1 CEF; not observed historical CEF,109,2024-11-20 05:00:00,cyclic ordinal alignment to projected 2025 S1 CEF; not contemporaneous Azure carbon,2024-05-14 13:00:00+00:00,109
equal_site_portfolio,2025,110,2025-01-05 13:00:00,northwest,0.2859,,Gansu|Ningxia,arithmetic mean across candidate hub provinces,projected provincial S1 CEF; not observed historical CEF,109,2024-11-20 05:00:00,cyclic ordinal alignment to projected 2025 S1 CEF; not contemporaneous Azure carbon,2024-05-14 13:00:00+00:00,109
equal_site_portfolio,2025,110,2025-01-05 13:00:00,southwest,0.2577333333333333,,Chongqing|Sichuan|Guizhou,arithmetic mean across candidate hub provinces,projected provincial S1 CEF; not observed historical CEF,109,2024-11-20 05:00:00,cyclic ordinal alignment to projected 2025 S1 CEF; not contemporaneous Azure carbon,2024-05-14 13:00:00+00:00,109
equal_site_portfolio,2025,111,2025-01-05 14:00:00,east,0.3814125,,Beijing|Tianjin|Hebei|Shanghai|Jiangsu|Zhejiang|Anhui|Guangdong,arithmetic mean across candidate hub provinces,projected provincial S1 CEF; not observed historical CEF,110,2024-11-20 06:00:00,cyclic ordinal alignment to projected 2025 S1 CEF; not contemporaneous Azure carbon,2024-05-14 14:00:00+00:00,110
equal_site_portfolio,2025,111,2025-01-05 14:00:00,north,0.3104,,Inner Mongolia,arithmetic mean across candidate hub provinces,projected provincial S1 CEF; not observed historical CEF,110,2024-11-20 06:00:00,cyclic ordinal alignment to projected 2025 S1 CEF; not contemporaneous Azure carbon,2024-05-14 14:00:00+00:00,110
equal_site_portfolio,2025,111,2025-01-05 14:00:00,northwest,0.28815,,Gansu|Ningxia,arithmetic mean across candidate hub provinces,projected provincial S1 CEF; not observed historical CEF,110,2024-11-20 06:00:00,cyclic ordinal alignment to projected 2025 S1 CEF; not contemporaneous Azure carbon,2024-05-14 14:00:00+00:00,110
equal_site_portfolio,2025,111,2025-01-05 14:00:00,southwest,0.2534333333333333,,Chongqing|Sichuan|Guizhou,arithmetic mean across candidate hub provinces,projected provincial S1 CEF; not observed historical CEF,110,2024-11-20 06:00:00,cyclic ordinal alignment to projected 2025 S1 CEF; not contemporaneous Azure carbon,2024-05-14 14:00:00+00:00,110
equal_site_portfolio,2025,112,2025-01-05 15:00:00,east,0.417125,,Beijing|Tianjin|Hebei|Shanghai|Jiangsu|Zhejiang|Anhui|Guangdong,arithmetic mean across candidate hub provinces,projected provincial S1 CEF; not observed historical CEF,111,2024-11-20 07:00:00,cyclic ordinal alignment to projected 2025 S1 CEF; not contemporaneous Azure carbon,2024-05-14 15:00:00+00:00,111
equal_site_portfolio,2025,112,2025-01-05 15:00:00,north,0.3304,,Inner Mongolia,arithmetic mean across candidate hub provinces,projected provincial S1 CEF; not observed historical CEF,111,2024-11-20 07:00:00,cyclic ordinal alignment to projected 2025 S1 CEF; not contemporaneous Azure carbon,2024-05-14 15:00:00+00:00,111
equal_site_portfolio,2025,112,2025-01-05 15:00:00,northwest,0.36905,,Gansu|Ningxia,arithmetic mean across candidate hub provinces,projected provincial S1 CEF; not observed historical CEF,111,2024-11-20 07:00:00,cyclic ordinal alignment to projected 2025 S1 CEF; not contemporaneous Azure carbon,2024-05-14 15:00:00+00:00,111
equal_site_portfolio,2025,112,2025-01-05 15:00:00,southwest,0.2516,,Chongqing|Sichuan|Guizhou,arithmetic mean across candidate hub provinces,projected provincial S1 CEF; not observed historical CEF,111,2024-11-20 07:00:00,cyclic ordinal alignment to projected 2025 S1 CEF; not contemporaneous Azure carbon,2024-05-14 15:00:00+00:00,111
equal_site_portfolio,2025,113,2025-01-05 16:00:00,east,0.4769249999999999,,Beijing|Tianjin|Hebei|Shanghai|Jiangsu|Zhejiang|Anhui|Guangdong,arithmetic mean across candidate hub provinces,projected provincial S1 CEF; not observed historical CEF,112,2024-11-20 08:00:00,cyclic ordinal alignment to projected 2025 S1 CEF; not contemporaneous Azure carbon,2024-05-14 16:00:00+00:00,112
equal_site_portfolio,2025,113,2025-01-05 16:00:00,north,0.4202,,Inner Mongolia,arithmetic mean across candidate hub provinces,projected provincial S1 CEF; not observed historical CEF,112,2024-11-20 08:00:00,cyclic ordinal alignment to projected 2025 S1 CEF; not contemporaneous Azure carbon,2024-05-14 16:00:00+00:00,112
equal_site_portfolio,2025,113,2025-01-05 16:00:00,northwest,0.431,,Gansu|Ningxia,arithmetic mean across candidate hub provinces,projected provincial S1 CEF; not observed historical CEF,112,2024-11-20 08:00:00,cyclic ordinal alignment to projected 2025 S1 CEF; not contemporaneous Azure carbon,2024-05-14 16:00:00+00:00,112
equal_site_portfolio,2025,113,2025-01-05 16:00:00,southwest,0.2313666666666667,,Chongqing|Sichuan|Guizhou,arithmetic mean across candidate hub provinces,projected provincial S1 CEF; not observed historical CEF,112,2024-11-20 08:00:00,cyclic ordinal alignment to projected 2025 S1 CEF; not contemporaneous Azure carbon,2024-05-14 16:00:00+00:00,112
equal_site_portfolio,2025,114,2025-01-05 17:00:00,east,0.4966,,Beijing|Tianjin|Hebei|Shanghai|Jiangsu|Zhejiang|Anhui|Guangdong,arithmetic mean across candidate hub provinces,projected provincial S1 CEF; not observed historical CEF,113,2024-11-20 09:00:00,cyclic ordinal alignment to projected 2025 S1 CEF; not contemporaneous Azure carbon,2024-05-14 17:00:00+00:00,113
equal_site_portfolio,2025,114,2025-01-05 17:00:00,north,0.4365,,Inner Mongolia,arithmetic mean across candidate hub provinces,projected provincial S1 CEF; not observed historical CEF,113,2024-11-20 09:00:00,cyclic ordinal alignment to projected 2025 S1 CEF; not contemporaneous Azure carbon,2024-05-14 17:00:00+00:00,113
equal_site_portfolio,2025,114,2025-01-05 17:00:00,northwest,0.4112,,Gansu|Ningxia,arithmetic mean across candidate hub provinces,projected provincial S1 CEF; not observed historical CEF,113,2024-11-20 09:00:00,cyclic ordinal alignment to projected 2025 S1 CEF; not contemporaneous Azure carbon,2024-05-14 17:00:00+00:00,113
equal_site_portfolio,2025,114,2025-01-05 17:00:00,southwest,0.1884333333333333,,Chongqing|Sichuan|Guizhou,arithmetic mean across candidate hub provinces,projected provincial S1 CEF; not observed historical CEF,113,2024-11-20 09:00:00,cyclic ordinal alignment to projected 2025 S1 CEF; not contemporaneous Azure carbon,2024-05-14 17:00:00+00:00,113
equal_site_portfolio,2025,115,2025-01-05 18:00:00,east,0.505,,Beijing|Tianjin|Hebei|Shanghai|Jiangsu|Zhejiang|Anhui|Guangdong,arithmetic mean across candidate hub provinces,projected provincial S1 CEF; not observed historical CEF,114,2024-11-20 10:00:00,cyclic ordinal alignment to projected 2025 S1 CEF; not contemporaneous Azure carbon,2024-05-14 18:00:00+00:00,114
equal_site_portfolio,2025,115,2025-01-05 18:00:00,north,0.4145,,Inner Mongolia,arithmetic mean across candidate hub provinces,projected provincial S1 CEF; not observed historical CEF,114,2024-11-20 10:00:00,cyclic ordinal alignment to projected 2025 S1 CEF; not contemporaneous Azure carbon,2024-05-14 18:00:00+00:00,114
equal_site_portfolio,2025,115,2025-01-05 18:00:00,northwest,0.42105,,Gansu|Ningxia,arithmetic mean across candidate hub provinces,projected provincial S1 CEF; not observed historical CEF,114,2024-11-20 10:00:00,cyclic ordinal alignment to projected 2025 S1 CEF; not contemporaneous Azure carbon,2024-05-14 18:00:00+00:00,114
equal_site_portfolio,2025,115,2025-01-05 18:00:00,southwest,0.1778999999999999,,Chongqing|Sichuan|Guizhou,arithmetic mean across candidate hub provinces,projected provincial S1 CEF; not observed historical CEF,114,2024-11-20 10:00:00,cyclic ordinal alignment to projected 2025 S1 CEF; not contemporaneous Azure carbon,2024-05-14 18:00:00+00:00,114
equal_site_portfolio,2025,116,2025-01-05 19:00:00,east,0.50715,,Beijing|Tianjin|Hebei|Shanghai|Jiangsu|Zhejiang|Anhui|Guangdong,arithmetic mean across candidate hub provinces,projected provincial S1 CEF; not observed historical CEF,115,2024-11-20 11:00:00,cyclic ordinal alignment to projected 2025 S1 CEF; not contemporaneous Azure carbon,2024-05-14 19:00:00+00:00,115
equal_site_portfolio,2025,116,2025-01-05 19:00:00,north,0.3683,,Inner Mongolia,arithmetic mean across candidate hub provinces,projected provincial S1 CEF; not observed historical CEF,115,2024-11-20 11:00:00,cyclic ordinal alignment to projected 2025 S1 CEF; not contemporaneous Azure carbon,2024-05-14 19:00:00+00:00,115
equal_site_portfolio,2025,116,2025-01-05 19:00:00,northwest,0.42815,,Gansu|Ningxia,arithmetic mean across candidate hub provinces,projected provincial S1 CEF; not observed historical CEF,115,2024-11-20 11:00:00,cyclic ordinal alignment to projected 2025 S1 CEF; not contemporaneous Azure carbon,2024-05-14 19:00:00+00:00,115
equal_site_portfolio,2025,116,2025-01-05 19:00:00,southwest,0.1795333333333333,,Chongqing|Sichuan|Guizhou,arithmetic mean across candidate hub provinces,projected provincial S1 CEF; not observed historical CEF,115,2024-11-20 11:00:00,cyclic ordinal alignment to projected 2025 S1 CEF; not contemporaneous Azure carbon,2024-05-14 19:00:00+00:00,115
equal_site_portfolio,2025,117,2025-01-05 20:00:00,east,0.5080625,,Beijing|Tianjin|Hebei|Shanghai|Jiangsu|Zhejiang|Anhui|Guangdong,arithmetic mean across candidate hub provinces,projected provincial S1 CEF; not observed historical CEF,116,2024-11-20 12:00:00,cyclic ordinal alignment to projected 2025 S1 CEF; not contemporaneous Azure carbon,2024-05-14 20:00:00+00:00,116
equal_site_portfolio,2025,117,2025-01-05 20:00:00,north,0.3815,,Inner Mongolia,arithmetic mean across candidate hub provinces,projected provincial S1 CEF; not observed historical CEF,116,2024-11-20 12:00:00,cyclic ordinal alignment to projected 2025 S1 CEF; not contemporaneous Azure carbon,2024-05-14 20:00:00+00:00,116
equal_site_portfolio,2025,117,2025-01-05 20:00:00,northwest,0.4196,,Gansu|Ningxia,arithmetic mean across candidate hub provinces,projected provincial S1 CEF; not observed historical CEF,116,2024-11-20 12:00:00,cyclic ordinal alignment to projected 2025 S1 CEF; not contemporaneous Azure carbon,2024-05-14 20:00:00+00:00,116
equal_site_portfolio,2025,117,2025-01-05 20:00:00,southwest,0.1846333333333333,,Chongqing|Sichuan|Guizhou,arithmetic mean across candidate hub provinces,projected provincial S1 CEF; not observed historical CEF,116,2024-11-20 12:00:00,cyclic ordinal alignment to projected 2025 S1 CEF; not contemporaneous Azure carbon,2024-05-14 20:00:00+00:00,116
equal_site_portfolio,2025,118,2025-01-05 21:00:00,east,0.5093375,,Beijing|Tianjin|Hebei|Shanghai|Jiangsu|Zhejiang|Anhui|Guangdong,arithmetic mean across candidate hub provinces,projected provincial S1 CEF; not observed historical CEF,117,2024-11-20 13:00:00,cyclic ordinal alignment to projected 2025 S1 CEF; not contemporaneous Azure carbon,2024-05-14 21:00:00+00:00,117
equal_site_portfolio,2025,118,2025-01-05 21:00:00,north,0.3906,,Inner Mongolia,arithmetic mean across candidate hub provinces,projected provincial S1 CEF; not observed historical CEF,117,2024-11-20 13:00:00,cyclic ordinal alignment to projected 2025 S1 CEF; not contemporaneous Azure carbon,2024-05-14 21:00:00+00:00,117
equal_site_portfolio,2025,118,2025-01-05 21:00:00,northwest,0.4205,,Gansu|Ningxia,arithmetic mean across candidate hub provinces,projected provincial S1 CEF; not observed historical CEF,117,2024-11-20 13:00:00,cyclic ordinal alignment to projected 2025 S1 CEF; not contemporaneous Azure carbon,2024-05-14 21:00:00+00:00,117
equal_site_portfolio,2025,118,2025-01-05 21:00:00,southwest,0.1891,,Chongqing|Sichuan|Guizhou,arithmetic mean across candidate hub provinces,projected provincial S1 CEF; not observed historical CEF,117,2024-11-20 13:00:00,cyclic ordinal alignment to projected 2025 S1 CEF; not contemporaneous Azure carbon,2024-05-14 21:00:00+00:00,117
equal_site_portfolio,2025,119,2025-01-05 22:00:00,east,0.51965,,Beijing|Tianjin|Hebei|Shanghai|Jiangsu|Zhejiang|Anhui|Guangdong,arithmetic mean across candidate hub provinces,projected provincial S1 CEF; not observed historical CEF,118,2024-11-20 14:00:00,cyclic ordinal alignment to projected 2025 S1 CEF; not contemporaneous Azure carbon,2024-05-14 22:00:00+00:00,118
equal_site_portfolio,2025,119,2025-01-05 22:00:00,north,0.4068,,Inner Mongolia,arithmetic mean across candidate hub provinces,projected provincial S1 CEF; not observed historical CEF,118,2024-11-20 14:00:00,cyclic ordinal alignment to projected 2025 S1 CEF; not contemporaneous Azure carbon,2024-05-14 22:00:00+00:00,118
equal_site_portfolio,2025,119,2025-01-05 22:00:00,northwest,0.42585,,Gansu|Ningxia,arithmetic mean across candidate hub provinces,projected provincial S1 CEF; not observed historical CEF,118,2024-11-20 14:00:00,cyclic ordinal alignment to projected 2025 S1 CEF; not contemporaneous Azure carbon,2024-05-14 22:00:00+00:00,118
equal_site_portfolio,2025,119,2025-01-05 22:00:00,southwest,0.2150666666666666,,Chongqing|Sichuan|Guizhou,arithmetic mean across candidate hub provinces,projected provincial S1 CEF; not observed historical CEF,118,2024-11-20 14:00:00,cyclic ordinal alignment to projected 2025 S1 CEF; not contemporaneous Azure carbon,2024-05-14 22:00:00+00:00,118
equal_site_portfolio,2025,120,2025-01-05 23:00:00,east,0.5319375,,Beijing|Tianjin|Hebei|Shanghai|Jiangsu|Zhejiang|Anhui|Guangdong,arithmetic mean across candidate hub provinces,projected provincial S1 CEF; not observed historical CEF,119,2024-11-20 15:00:00,cyclic ordinal alignment to projected 2025 S1 CEF; not contemporaneous Azure carbon,2024-05-14 23:00:00+00:00,119
equal_site_portfolio,2025,120,2025-01-05 23:00:00,north,0.4212,,Inner Mongolia,arithmetic mean across candidate hub provinces,projected provincial S1 CEF; not observed historical CEF,119,2024-11-20 15:00:00,cyclic ordinal alignment to projected 2025 S1 CEF; not contemporaneous Azure carbon,2024-05-14 23:00:00+00:00,119
equal_site_portfolio,2025,120,2025-01-05 23:00:00,northwest,0.4319999999999999,,Gansu|Ningxia,arithmetic mean across candidate hub provinces,projected provincial S1 CEF; not observed historical CEF,119,2024-11-20 15:00:00,cyclic ordinal alignment to projected 2025 S1 CEF; not contemporaneous Azure carbon,2024-05-14 23:00:00+00:00,119
equal_site_portfolio,2025,120,2025-01-05 23:00:00,southwest,0.2335333333333333,,Chongqing|Sichuan|Guizhou,arithmetic mean across candidate hub provinces,projected provincial S1 CEF; not observed historical CEF,119,2024-11-20 15:00:00,cyclic ordinal alignment to projected 2025 S1 CEF; not contemporaneous Azure carbon,2024-05-14 23:00:00+00:00,119
equal_site_portfolio,2025,121,2025-01-06 00:00:00,east,0.5559625,,Beijing|Tianjin|Hebei|Shanghai|Jiangsu|Zhejiang|Anhui|Guangdong,arithmetic mean across candidate hub provinces,projected provincial S1 CEF; not observed historical CEF,120,2024-11-20 16:00:00,cyclic ordinal alignment to projected 2025 S1 CEF; not contemporaneous Azure carbon,2024-05-15 00:00:00+00:00,120
equal_site_portfolio,2025,121,2025-01-06 00:00:00,north,0.4528,,Inner Mongolia,arithmetic mean across candidate hub provinces,projected provincial S1 CEF; not observed historical CEF,120,2024-11-20 16:00:00,cyclic ordinal alignment to projected 2025 S1 CEF; not contemporaneous Azure carbon,2024-05-15 00:00:00+00:00,120
equal_site_portfolio,2025,121,2025-01-06 00:00:00,northwest,0.4848,,Gansu|Ningxia,arithmetic mean across candidate hub provinces,projected provincial S1 CEF; not observed historical CEF,120,2024-11-20 16:00:00,cyclic ordinal alignment to projected 2025 S1 CEF; not contemporaneous Azure carbon,2024-05-15 00:00:00+00:00,120
equal_site_portfolio,2025,121,2025-01-06 00:00:00,southwest,0.3967666666666667,,Chongqing|Sichuan|Guizhou,arithmetic mean across candidate hub provinces,projected provincial S1 CEF; not observed historical CEF,120,2024-11-20 16:00:00,cyclic ordinal alignment to projected 2025 S1 CEF; not contemporaneous Azure carbon,2024-05-15 00:00:00+00:00,120
equal_site_portfolio,2025,122,2025-01-06 01:00:00,east,0.5521625,,Beijing|Tianjin|Hebei|Shanghai|Jiangsu|Zhejiang|Anhui|Guangdong,arithmetic mean across candidate hub provinces,projected provincial S1 CEF; not observed historical CEF,121,2024-11-20 17:00:00,cyclic ordinal alignment to projected 2025 S1 CEF; not contemporaneous Azure carbon,2024-05-15 01:00:00+00:00,121
equal_site_portfolio,2025,122,2025-01-06 01:00:00,north,0.412,,Inner Mongolia,arithmetic mean across candidate hub provinces,projected provincial S1 CEF; not observed historical CEF,121,2024-11-20 17:00:00,cyclic ordinal alignment to projected 2025 S1 CEF; not contemporaneous Azure carbon,2024-05-15 01:00:00+00:00,121
equal_site_portfolio,2025,122,2025-01-06 01:00:00,northwest,0.49345,,Gansu|Ningxia,arithmetic mean across candidate hub provinces,projected provincial S1 CEF; not observed historical CEF,121,2024-11-20 17:00:00,cyclic ordinal alignment to projected 2025 S1 CEF; not contemporaneous Azure carbon,2024-05-15 01:00:00+00:00,121
equal_site_portfolio,2025,122,2025-01-06 01:00:00,southwest,0.4103333333333332,,Chongqing|Sichuan|Guizhou,arithmetic mean across candidate hub provinces,projected provincial S1 CEF; not observed historical CEF,121,2024-11-20 17:00:00,cyclic ordinal alignment to projected 2025 S1 CEF; not contemporaneous Azure carbon,2024-05-15 01:00:00+00:00,121
equal_site_portfolio,2025,123,2025-01-06 02:00:00,east,0.5492499999999999,,Beijing|Tianjin|Hebei|Shanghai|Jiangsu|Zhejiang|Anhui|Guangdong,arithmetic mean across candidate hub provinces,projected provincial S1 CEF; not observed historical CEF,122,2024-11-20 18:00:00,cyclic ordinal alignment to projected 2025 S1 CEF; not contemporaneous Azure carbon,2024-05-15 02:00:00+00:00,122
equal_site_portfolio,2025,123,2025-01-06 02:00:00,north,0.3905,,Inner Mongolia,arithmetic mean across candidate hub provinces,projected provincial S1 CEF; not observed historical CEF,122,2024-11-20 18:00:00,cyclic ordinal alignment to projected 2025 S1 CEF; not contemporaneous Azure carbon,2024-05-15 02:00:00+00:00,122
equal_site_portfolio,2025,123,2025-01-06 02:00:00,northwest,0.49795,,Gansu|Ningxia,arithmetic mean across candidate hub provinces,projected provincial S1 CEF; not observed historical CEF,122,2024-11-20 18:00:00,cyclic ordinal alignment to projected 2025 S1 CEF; not contemporaneous Azure carbon,2024-05-15 02:00:00+00:00,122
equal_site_portfolio,2025,123,2025-01-06 02:00:00,southwest,0.4152333333333333,,Chongqing|Sichuan|Guizhou,arithmetic mean across candidate hub provinces,projected provincial S1 CEF; not observed historical CEF,122,2024-11-20 18:00:00,cyclic ordinal alignment to projected 2025 S1 CEF; not contemporaneous Azure carbon,2024-05-15 02:00:00+00:00,122
equal_site_portfolio,2025,124,2025-01-06 03:00:00,east,0.549175,,Beijing|Tianjin|Hebei|Shanghai|Jiangsu|Zhejiang|Anhui|Guangdong,arithmetic mean across candidate hub provinces,projected provincial S1 CEF; not observed historical CEF,123,2024-11-20 19:00:00,cyclic ordinal alignment to projected 2025 S1 CEF; not contemporaneous Azure carbon,2024-05-15 03:00:00+00:00,123
equal_site_portfolio,2025,124,2025-01-06 03:00:00,north,0.4049,,Inner Mongolia,arithmetic mean across candidate hub provinces,projected provincial S1 CEF; not observed historical CEF,123,2024-11-20 19:00:00,cyclic ordinal alignment to projected 2025 S1 CEF; not contemporaneous Azure carbon,2024-05-15 03:00:00+00:00,123
equal_site_portfolio,2025,124,2025-01-06 03:00:00,northwest,0.4962499999999999,,Gansu|Ningxia,arithmetic mean across candidate hub provinces,projected provincial S1 CEF; not observed historical CEF,123,2024-11-20 19:00:00,cyclic ordinal alignment to projected 2025 S1 CEF; not contemporaneous Azure carbon,2024-05-15 03:00:00+00:00,123
equal_site_portfolio,2025,124,2025-01-06 03:00:00,southwest,0.4218999999999999,,Chongqing|Sichuan|Guizhou,arithmetic mean across candidate hub provinces,projected provincial S1 CEF; not observed historical CEF,123,2024-11-20 19:00:00,cyclic ordinal alignment to projected 2025 S1 CEF; not contemporaneous Azure carbon,2024-05-15 03:00:00+00:00,123
equal_site_portfolio,2025,125,2025-01-06 04:00:00,east,0.55375,,Beijing|Tianjin|Hebei|Shanghai|Jiangsu|Zhejiang|Anhui|Guangdong,arithmetic mean across candidate hub provinces,projected provincial S1 CEF; not observed historical CEF,124,2024-11-20 20:00:00,cyclic ordinal alignment to projected 2025 S1 CEF; not contemporaneous Azure carbon,2024-05-15 04:00:00+00:00,124
equal_site_portfolio,2025,125,2025-01-06 04:00:00,north,0.4424,,Inner Mongolia,arithmetic mean across candidate hub provinces,projected provincial S1 CEF; not observed historical CEF,124,2024-11-20 20:00:00,cyclic ordinal alignment to projected 2025 S1 CEF; not contemporaneous Azure carbon,2024-05-15 04:00:00+00:00,124
equal_site_portfolio,2025,125,2025-01-06 04:00:00,northwest,0.4983499999999999,,Gansu|Ningxia,arithmetic mean across candidate hub provinces,projected provincial S1 CEF; not observed historical CEF,124,2024-11-20 20:00:00,cyclic ordinal alignment to projected 2025 S1 CEF; not contemporaneous Azure carbon,2024-05-15 04:00:00+00:00,124
equal_site_portfolio,2025,125,2025-01-06 04:00:00,southwest,0.4242999999999999,,Chongqing|Sichuan|Guizhou,arithmetic mean across candidate hub provinces,projected provincial S1 CEF; not observed historical CEF,124,2024-11-20 20:00:00,cyclic ordinal alignment to projected 2025 S1 CEF; not contemporaneous Azure carbon,2024-05-15 04:00:00+00:00,124
equal_site_portfolio,2025,126,2025-01-06 05:00:00,east,0.5557,,Beijing|Tianjin|Hebei|Shanghai|Jiangsu|Zhejiang|Anhui|Guangdong,arithmetic mean across candidate hub provinces,projected provincial S1 CEF; not observed historical CEF,125,2024-11-20 21:00:00,cyclic ordinal alignment to projected 2025 S1 CEF; not contemporaneous Azure carbon,2024-05-15 05:00:00+00:00,125
equal_site_portfolio,2025,126,2025-01-06 05:00:00,north,0.4713,,Inner Mongolia,arithmetic mean across candidate hub provinces,projected provincial S1 CEF; not observed historical CEF,125,2024-11-20 21:00:00,cyclic ordinal alignment to projected 2025 S1 CEF; not contemporaneous Azure carbon,2024-05-15 05:00:00+00:00,125
equal_site_portfolio,2025,126,2025-01-06 05:00:00,northwest,0.48865,,Gansu|Ningxia,arithmetic mean across candidate hub provinces,projected provincial S1 CEF; not observed historical CEF,125,2024-11-20 21:00:00,cyclic ordinal alignment to projected 2025 S1 CEF; not contemporaneous Azure carbon,2024-05-15 05:00:00+00:00,125
equal_site_portfolio,2025,126,2025-01-06 05:00:00,southwest,0.4224333333333334,,Chongqing|Sichuan|Guizhou,arithmetic mean across candidate hub provinces,projected provincial S1 CEF; not observed historical CEF,125,2024-11-20 21:00:00,cyclic ordinal alignment to projected 2025 S1 CEF; not contemporaneous Azure carbon,2024-05-15 05:00:00+00:00,125
equal_site_portfolio,2025,127,2025-01-06 06:00:00,east,0.5525,,Beijing|Tianjin|Hebei|Shanghai|Jiangsu|Zhejiang|Anhui|Guangdong,arithmetic mean across candidate hub provinces,projected provincial S1 CEF; not observed historical CEF,126,2024-11-20 22:00:00,cyclic ordinal alignment to projected 2025 S1 CEF; not contemporaneous Azure carbon,2024-05-15 06:00:00+00:00,126
equal_site_portfolio,2025,127,2025-01-06 06:00:00,north,0.4797,,Inner Mongolia,arithmetic mean across candidate hub provinces,projected provincial S1 CEF; not observed historical CEF,126,2024-11-20 22:00:00,cyclic ordinal alignment to projected 2025 S1 CEF; not contemporaneous Azure carbon,2024-05-15 06:00:00+00:00,126
equal_site_portfolio,2025,127,2025-01-06 06:00:00,northwest,0.4806,,Gansu|Ningxia,arithmetic mean across candidate hub provinces,projected provincial S1 CEF; not observed historical CEF,126,2024-11-20 22:00:00,cyclic ordinal alignment to projected 2025 S1 CEF; not contemporaneous Azure carbon,2024-05-15 06:00:00+00:00,126
equal_site_portfolio,2025,127,2025-01-06 06:00:00,southwest,0.3812,,Chongqing|Sichuan|Guizhou,arithmetic mean across candidate hub provinces,projected provincial S1 CEF; not observed historical CEF,126,2024-11-20 22:00:00,cyclic ordinal alignment to projected 2025 S1 CEF; not contemporaneous Azure carbon,2024-05-15 06:00:00+00:00,126
equal_site_portfolio,2025,128,2025-01-06 07:00:00,east,0.549525,,Beijing|Tianjin|Hebei|Shanghai|Jiangsu|Zhejiang|Anhui|Guangdong,arithmetic mean across candidate hub provinces,projected provincial S1 CEF; not observed historical CEF,127,2024-11-20 23:00:00,cyclic ordinal alignment to projected 2025 S1 CEF; not contemporaneous Azure carbon,2024-05-15 07:00:00+00:00,127
equal_site_portfolio,2025,128,2025-01-06 07:00:00,north,0.4826,,Inner Mongolia,arithmetic mean across candidate hub provinces,projected provincial S1 CEF; not observed historical CEF,127,2024-11-20 23:00:00,cyclic ordinal alignment to projected 2025 S1 CEF; not contemporaneous Azure carbon,2024-05-15 07:00:00+00:00,127
equal_site_portfolio,2025,128,2025-01-06 07:00:00,northwest,0.4856999999999999,,Gansu|Ningxia,arithmetic mean across candidate hub provinces,projected provincial S1 CEF; not observed historical CEF,127,2024-11-20 23:00:00,cyclic ordinal alignment to projected 2025 S1 CEF; not contemporaneous Azure carbon,2024-05-15 07:00:00+00:00,127
equal_site_portfolio,2025,128,2025-01-06 07:00:00,southwest,0.2912999999999999,,Chongqing|Sichuan|Guizhou,arithmetic mean across candidate hub provinces,projected provincial S1 CEF; not observed historical CEF,127,2024-11-20 23:00:00,cyclic ordinal alignment to projected 2025 S1 CEF; not contemporaneous Azure carbon,2024-05-15 07:00:00+00:00,127
equal_site_portfolio,2025,129,2025-01-06 08:00:00,east,0.5428499999999999,,Beijing|Tianjin|Hebei|Shanghai|Jiangsu|Zhejiang|Anhui|Guangdong,arithmetic mean across candidate hub provinces,projected provincial S1 CEF; not observed historical CEF,128,2024-11-21 00:00:00,cyclic ordinal alignment to projected 2025 S1 CEF; not contemporaneous Azure carbon,2024-05-15 08:00:00+00:00,128
equal_site_portfolio,2025,129,2025-01-06 08:00:00,north,0.4723,,Inner Mongolia,arithmetic mean across candidate hub provinces,projected provincial S1 CEF; not observed historical CEF,128,2024-11-21 00:00:00,cyclic ordinal alignment to projected 2025 S1 CEF; not contemporaneous Azure carbon,2024-05-15 08:00:00+00:00,128
equal_site_portfolio,2025,129,2025-01-06 08:00:00,northwest,0.48945,,Gansu|Ningxia,arithmetic mean across candidate hub provinces,projected provincial S1 CEF; not observed historical CEF,128,2024-11-21 00:00:00,cyclic ordinal alignment to projected 2025 S1 CEF; not contemporaneous Azure carbon,2024-05-15 08:00:00+00:00,128
equal_site_portfolio,2025,129,2025-01-06 08:00:00,southwest,0.2876666666666667,,Chongqing|Sichuan|Guizhou,arithmetic mean across candidate hub provinces,projected provincial S1 CEF; not observed historical CEF,128,2024-11-21 00:00:00,cyclic ordinal alignment to projected 2025 S1 CEF; not contemporaneous Azure carbon,2024-05-15 08:00:00+00:00,128
equal_site_portfolio,2025,130,2025-01-06 09:00:00,east,0.495525,,Beijing|Tianjin|Hebei|Shanghai|Jiangsu|Zhejiang|Anhui|Guangdong,arithmetic mean across candidate hub provinces,projected provincial S1 CEF; not observed historical CEF,129,2024-11-21 01:00:00,cyclic ordinal alignment to projected 2025 S1 CEF; not contemporaneous Azure carbon,2024-05-15 09:00:00+00:00,129
equal_site_portfolio,2025,130,2025-01-06 09:00:00,north,0.4508,,Inner Mongolia,arithmetic mean across candidate hub provinces,projected provincial S1 CEF; not observed historical CEF,129,2024-11-21 01:00:00,cyclic ordinal alignment to projected 2025 S1 CEF; not contemporaneous Azure carbon,2024-05-15 09:00:00+00:00,129
equal_site_portfolio,2025,130,2025-01-06 09:00:00,northwest,0.5121,,Gansu|Ningxia,arithmetic mean across candidate hub provinces,projected provincial S1 CEF; not observed historical CEF,129,2024-11-21 01:00:00,cyclic ordinal alignment to projected 2025 S1 CEF; not contemporaneous Azure carbon,2024-05-15 09:00:00+00:00,129
equal_site_portfolio,2025,130,2025-01-06 09:00:00,southwest,0.3091,,Chongqing|Sichuan|Guizhou,arithmetic mean across candidate hub provinces,projected provincial S1 CEF; not observed historical CEF,129,2024-11-21 01:00:00,cyclic ordinal alignment to projected 2025 S1 CEF; not contemporaneous Azure carbon,2024-05-15 09:00:00+00:00,129
equal_site_portfolio,2025,131,2025-01-06 10:00:00,east,0.4287999999999999,,Beijing|Tianjin|Hebei|Shanghai|Jiangsu|Zhejiang|Anhui|Guangdong,arithmetic mean across candidate hub provinces,projected provincial S1 CEF; not observed historical CEF,130,2024-11-21 02:00:00,cyclic ordinal alignment to projected 2025 S1 CEF; not contemporaneous Azure carbon,2024-05-15 10:00:00+00:00,130
equal_site_portfolio,2025,131,2025-01-06 10:00:00,north,0.3955,,Inner Mongolia,arithmetic mean across candidate hub provinces,projected provincial S1 CEF; not observed historical CEF,130,2024-11-21 02:00:00,cyclic ordinal alignment to projected 2025 S1 CEF; not contemporaneous Azure carbon,2024-05-15 10:00:00+00:00,130
equal_site_portfolio,2025,131,2025-01-06 10:00:00,northwest,0.56135,,Gansu|Ningxia,arithmetic mean across candidate hub provinces,projected provincial S1 CEF; not observed historical CEF,130,2024-11-21 02:00:00,cyclic ordinal alignment to projected 2025 S1 CEF; not contemporaneous Azure carbon,2024-05-15 10:00:00+00:00,130
equal_site_portfolio,2025,131,2025-01-06 10:00:00,southwest,0.304,,Chongqing|Sichuan|Guizhou,arithmetic mean across candidate hub provinces,projected provincial S1 CEF; not observed historical CEF,130,2024-11-21 02:00:00,cyclic ordinal alignment to projected 2025 S1 CEF; not contemporaneous Azure carbon,2024-05-15 10:00:00+00:00,130
equal_site_portfolio,2025,132,2025-01-06 11:00:00,east,0.3668875,,Beijing|Tianjin|Hebei|Shanghai|Jiangsu|Zhejiang|Anhui|Guangdong,arithmetic mean across candidate hub provinces,projected provincial S1 CEF; not observed historical CEF,131,2024-11-21 03:00:00,cyclic ordinal alignment to projected 2025 S1 CEF; not contemporaneous Azure carbon,2024-05-15 11:00:00+00:00,131
equal_site_portfolio,2025,132,2025-01-06 11:00:00,north,0.3251,,Inner Mongolia,arithmetic mean across candidate hub provinces,projected provincial S1 CEF; not observed historical CEF,131,2024-11-21 03:00:00,cyclic ordinal alignment to projected 2025 S1 CEF; not contemporaneous Azure carbon,2024-05-15 11:00:00+00:00,131
equal_site_portfolio,2025,132,2025-01-06 11:00:00,northwest,0.58645,,Gansu|Ningxia,arithmetic mean across candidate hub provinces,projected provincial S1 CEF; not observed historical CEF,131,2024-11-21 03:00:00,cyclic ordinal alignment to projected 2025 S1 CEF; not contemporaneous Azure carbon,2024-05-15 11:00:00+00:00,131
equal_site_portfolio,2025,132,2025-01-06 11:00:00,southwest,0.3028,,Chongqing|Sichuan|Guizhou,arithmetic mean across candidate hub provinces,projected provincial S1 CEF; not observed historical CEF,131,2024-11-21 03:00:00,cyclic ordinal alignment to projected 2025 S1 CEF; not contemporaneous Azure carbon,2024-05-15 11:00:00+00:00,131
equal_site_portfolio,2025,133,2025-01-06 12:00:00,east,0.3302375,,Beijing|Tianjin|Hebei|Shanghai|Jiangsu|Zhejiang|Anhui|Guangdong,arithmetic mean across candidate hub provinces,projected provincial S1 CEF; not observed historical CEF,132,2024-11-21 04:00:00,cyclic ordinal alignment to projected 2025 S1 CEF; not contemporaneous Azure carbon,2024-05-15 12:00:00+00:00,132
equal_site_portfolio,2025,133,2025-01-06 12:00:00,north,0.303,,Inner Mongolia,arithmetic mean across candidate hub provinces,projected provincial S1 CEF; not observed historical CEF,132,2024-11-21 04:00:00,cyclic ordinal alignment to projected 2025 S1 CEF; not contemporaneous Azure carbon,2024-05-15 12:00:00+00:00,132
equal_site_portfolio,2025,133,2025-01-06 12:00:00,northwest,0.57805,,Gansu|Ningxia,arithmetic mean across candidate hub provinces,projected provincial S1 CEF; not observed historical CEF,132,2024-11-21 04:00:00,cyclic ordinal alignment to projected 2025 S1 CEF; not contemporaneous Azure carbon,2024-05-15 12:00:00+00:00,132
equal_site_portfolio,2025,133,2025-01-06 12:00:00,southwest,0.2990666666666666,,Chongqing|Sichuan|Guizhou,arithmetic mean across candidate hub provinces,projected provincial S1 CEF; not observed historical CEF,132,2024-11-21 04:00:00,cyclic ordinal alignment to projected 2025 S1 CEF; not contemporaneous Azure carbon,2024-05-15 12:00:00+00:00,132
equal_site_portfolio,2025,134,2025-01-06 13:00:00,east,0.319875,,Beijing|Tianjin|Hebei|Shanghai|Jiangsu|Zhejiang|Anhui|Guangdong,arithmetic mean across candidate hub provinces,projected provincial S1 CEF; not observed historical CEF,133,2024-11-21 05:00:00,cyclic ordinal alignment to projected 2025 S1 CEF; not contemporaneous Azure carbon,2024-05-15 13:00:00+00:00,133
equal_site_portfolio,2025,134,2025-01-06 13:00:00,north,0.2826,,Inner Mongolia,arithmetic mean across candidate hub provinces,projected provincial S1 CEF; not observed historical CEF,133,2024-11-21 05:00:00,cyclic ordinal alignment to projected 2025 S1 CEF; not contemporaneous Azure carbon,2024-05-15 13:00:00+00:00,133
equal_site_portfolio,2025,134,2025-01-06 13:00:00,northwest,0.4665,,Gansu|Ningxia,arithmetic mean across candidate hub provinces,projected provincial S1 CEF; not observed historical CEF,133,2024-11-21 05:00:00,cyclic ordinal alignment to projected 2025 S1 CEF; not contemporaneous Azure carbon,2024-05-15 13:00:00+00:00,133
equal_site_portfolio,2025,134,2025-01-06 13:00:00,southwest,0.2998333333333333,,Chongqing|Sichuan|Guizhou,arithmetic mean across candidate hub provinces,projected provincial S1 CEF; not observed historical CEF,133,2024-11-21 05:00:00,cyclic ordinal alignment to projected 2025 S1 CEF; not contemporaneous Azure carbon,2024-05-15 13:00:00+00:00,133
equal_site_portfolio,2025,135,2025-01-06 14:00:00,east,0.324325,,Beijing|Tianjin|Hebei|Shanghai|Jiangsu|Zhejiang|Anhui|Guangdong,arithmetic mean across candidate hub provinces,projected provincial S1 CEF; not observed historical CEF,134,2024-11-21 06:00:00,cyclic ordinal alignment to projected 2025 S1 CEF; not contemporaneous Azure carbon,2024-05-15 14:00:00+00:00,134
equal_site_portfolio,2025,135,2025-01-06 14:00:00,north,0.306,,Inner Mongolia,arithmetic mean across candidate hub provinces,projected provincial S1 CEF; not observed historical CEF,134,2024-11-21 06:00:00,cyclic ordinal alignment to projected 2025 S1 CEF; not contemporaneous Azure carbon,2024-05-15 14:00:00+00:00,134
equal_site_portfolio,2025,135,2025-01-06 14:00:00,northwest,0.4678,,Gansu|Ningxia,arithmetic mean across candidate hub provinces,projected provincial S1 CEF; not observed historical CEF,134,2024-11-21 06:00:00,cyclic ordinal alignment to projected 2025 S1 CEF; not contemporaneous Azure carbon,2024-05-15 14:00:00+00:00,134
equal_site_portfolio,2025,135,2025-01-06 14:00:00,southwest,0.3000666666666666,,Chongqing|Sichuan|Guizhou,arithmetic mean across candidate hub provinces,projected provincial S1 CEF; not observed historical CEF,134,2024-11-21 06:00:00,cyclic ordinal alignment to projected 2025 S1 CEF; not contemporaneous Azure carbon,2024-05-15 14:00:00+00:00,134
equal_site_portfolio,2025,136,2025-01-06 15:00:00,east,0.3703375,,Beijing|Tianjin|Hebei|Shanghai|Jiangsu|Zhejiang|Anhui|Guangdong,arithmetic mean across candidate hub provinces,projected provincial S1 CEF; not observed historical CEF,135,2024-11-21 07:00:00,cyclic ordinal alignment to projected 2025 S1 CEF; not contemporaneous Azure carbon,2024-05-15 15:00:00+00:00,135
equal_site_portfolio,2025,136,2025-01-06 15:00:00,north,0.3363,,Inner Mongolia,arithmetic mean across candidate hub provinces,projected provincial S1 CEF; not observed historical CEF,135,2024-11-21 07:00:00,cyclic ordinal alignment to projected 2025 S1 CEF; not contemporaneous Azure carbon,2024-05-15 15:00:00+00:00,135
equal_site_portfolio,2025,136,2025-01-06 15:00:00,northwest,0.49105,,Gansu|Ningxia,arithmetic mean across candidate hub provinces,projected provincial S1 CEF; not observed historical CEF,135,2024-11-21 07:00:00,cyclic ordinal alignment to projected 2025 S1 CEF; not contemporaneous Azure carbon,2024-05-15 15:00:00+00:00,135
equal_site_portfolio,2025,136,2025-01-06 15:00:00,southwest,0.3002333333333333,,Chongqing|Sichuan|Guizhou,arithmetic mean across candidate hub provinces,projected provincial S1 CEF; not observed historical CEF,135,2024-11-21 07:00:00,cyclic ordinal alignment to projected 2025 S1 CEF; not contemporaneous Azure carbon,2024-05-15 15:00:00+00:00,135
equal_site_portfolio,2025,137,2025-01-06 16:00:00,east,0.469575,,Beijing|Tianjin|Hebei|Shanghai|Jiangsu|Zhejiang|Anhui|Guangdong,arithmetic mean across candidate hub provinces,projected provincial S1 CEF; not observed historical CEF,136,2024-11-21 08:00:00,cyclic ordinal alignment to projected 2025 S1 CEF; not contemporaneous Azure carbon,2024-05-15 16:00:00+00:00,136
equal_site_portfolio,2025,137,2025-01-06 16:00:00,north,0.4315,,Inner Mongolia,arithmetic mean across candidate hub provinces,projected provincial S1 CEF; not observed historical CEF,136,2024-11-21 08:00:00,cyclic ordinal alignment to projected 2025 S1 CEF; not contemporaneous Azure carbon,2024-05-15 16:00:00+00:00,136
equal_site_portfolio,2025,137,2025-01-06 16:00:00,northwest,0.49575,,Gansu|Ningxia,arithmetic mean across candidate hub provinces,projected provincial S1 CEF; not observed historical CEF,136,2024-11-21 08:00:00,cyclic ordinal alignment to projected 2025 S1 CEF; not contemporaneous Azure carbon,2024-05-15 16:00:00+00:00,136
equal_site_portfolio,2025,137,2025-01-06 16:00:00,southwest,0.2996666666666667,,Chongqing|Sichuan|Guizhou,arithmetic mean across candidate hub provinces,projected provincial S1 CEF; not observed historical CEF,136,2024-11-21 08:00:00,cyclic ordinal alignment to projected 2025 S1 CEF; not contemporaneous Azure carbon,2024-05-15 16:00:00+00:00,136
equal_site_portfolio,2025,138,2025-01-06 17:00:00,east,0.5137125,,Beijing|Tianjin|Hebei|Shanghai|Jiangsu|Zhejiang|Anhui|Guangdong,arithmetic mean across candidate hub provinces,projected provincial S1 CEF; not observed historical CEF,137,2024-11-21 09:00:00,cyclic ordinal alignment to projected 2025 S1 CEF; not contemporaneous Azure carbon,2024-05-15 17:00:00+00:00,137
equal_site_portfolio,2025,138,2025-01-06 17:00:00,north,0.5048,,Inner Mongolia,arithmetic mean across candidate hub provinces,projected provincial S1 CEF; not observed historical CEF,137,2024-11-21 09:00:00,cyclic ordinal alignment to projected 2025 S1 CEF; not contemporaneous Azure carbon,2024-05-15 17:00:00+00:00,137
equal_site_portfolio,2025,138,2025-01-06 17:00:00,northwest,0.46795,,Gansu|Ningxia,arithmetic mean across candidate hub provinces,projected provincial S1 CEF; not observed historical CEF,137,2024-11-21 09:00:00,cyclic ordinal alignment to projected 2025 S1 CEF; not contemporaneous Azure carbon,2024-05-15 17:00:00+00:00,137
equal_site_portfolio,2025,138,2025-01-06 17:00:00,southwest,0.2253666666666667,,Chongqing|Sichuan|Guizhou,arithmetic mean across candidate hub provinces,projected provincial S1 CEF; not observed historical CEF,137,2024-11-21 09:00:00,cyclic ordinal alignment to projected 2025 S1 CEF; not contemporaneous Azure carbon,2024-05-15 17:00:00+00:00,137
equal_site_portfolio,2025,139,2025-01-06 18:00:00,east,0.49615,,Beijing|Tianjin|Hebei|Shanghai|Jiangsu|Zhejiang|Anhui|Guangdong,arithmetic mean across candidate hub provinces,projected provincial S1 CEF; not observed historical CEF,138,2024-11-21 10:00:00,cyclic ordinal alignment to projected 2025 S1 CEF; not contemporaneous Azure carbon,2024-05-15 18:00:00+00:00,138
equal_site_portfolio,2025,139,2025-01-06 18:00:00,north,0.5131,,Inner Mongolia,arithmetic mean across candidate hub provinces,projected provincial S1 CEF; not observed historical CEF,138,2024-11-21 10:00:00,cyclic ordinal alignment to projected 2025 S1 CEF; not contemporaneous Azure carbon,2024-05-15 18:00:00+00:00,138
equal_site_portfolio,2025,139,2025-01-06 18:00:00,northwest,0.45525,,Gansu|Ningxia,arithmetic mean across candidate hub provinces,projected provincial S1 CEF; not observed historical CEF,138,2024-11-21 10:00:00,cyclic ordinal alignment to projected 2025 S1 CEF; not contemporaneous Azure carbon,2024-05-15 18:00:00+00:00,138
equal_site_portfolio,2025,139,2025-01-06 18:00:00,southwest,0.2082,,Chongqing|Sichuan|Guizhou,arithmetic mean across candidate hub provinces,projected provincial S1 CEF; not observed historical CEF,138,2024-11-21 10:00:00,cyclic ordinal alignment to projected 2025 S1 CEF; not contemporaneous Azure carbon,2024-05-15 18:00:00+00:00,138
equal_site_portfolio,2025,140,2025-01-06 19:00:00,east,0.491975,,Beijing|Tianjin|Hebei|Shanghai|Jiangsu|Zhejiang|Anhui|Guangdong,arithmetic mean across candidate hub provinces,projected provincial S1 CEF; not observed historical CEF,139,2024-11-21 11:00:00,cyclic ordinal alignment to projected 2025 S1 CEF; not contemporaneous Azure carbon,2024-05-15 19:00:00+00:00,139
equal_site_portfolio,2025,140,2025-01-06 19:00:00,north,0.5106,,Inner Mongolia,arithmetic mean across candidate hub provinces,projected provincial S1 CEF; not observed historical CEF,139,2024-11-21 11:00:00,cyclic ordinal alignment to projected 2025 S1 CEF; not contemporaneous Azure carbon,2024-05-15 19:00:00+00:00,139
equal_site_portfolio,2025,140,2025-01-06 19:00:00,northwest,0.4565,,Gansu|Ningxia,arithmetic mean across candidate hub provinces,projected provincial S1 CEF; not observed historical CEF,139,2024-11-21 11:00:00,cyclic ordinal alignment to projected 2025 S1 CEF; not contemporaneous Azure carbon,2024-05-15 19:00:00+00:00,139
equal_site_portfolio,2025,140,2025-01-06 19:00:00,southwest,0.2107,,Chongqing|Sichuan|Guizhou,arithmetic mean across candidate hub provinces,projected provincial S1 CEF; not observed historical CEF,139,2024-11-21 11:00:00,cyclic ordinal alignment to projected 2025 S1 CEF; not contemporaneous Azure carbon,2024-05-15 19:00:00+00:00,139
equal_site_portfolio,2025,141,2025-01-06 20:00:00,east,0.496925,,Beijing|Tianjin|Hebei|Shanghai|Jiangsu|Zhejiang|Anhui|Guangdong,arithmetic mean across candidate hub provinces,projected provincial S1 CEF; not observed historical CEF,140,2024-11-21 12:00:00,cyclic ordinal alignment to projected 2025 S1 CEF; not contemporaneous Azure carbon,2024-05-15 20:00:00+00:00,140
equal_site_portfolio,2025,141,2025-01-06 20:00:00,north,0.505,,Inner Mongolia,arithmetic mean across candidate hub provinces,projected provincial S1 CEF; not observed historical CEF,140,2024-11-21 12:00:00,cyclic ordinal alignment to projected 2025 S1 CEF; not contemporaneous Azure carbon,2024-05-15 20:00:00+00:00,140
equal_site_portfolio,2025,141,2025-01-06 20:00:00,northwest,0.4694,,Gansu|Ningxia,arithmetic mean across candidate hub provinces,projected provincial S1 CEF; not observed historical CEF,140,2024-11-21 12:00:00,cyclic ordinal alignment to projected 2025 S1 CEF; not contemporaneous Azure carbon,2024-05-15 20:00:00+00:00,140
equal_site_portfolio,2025,141,2025-01-06 20:00:00,southwest,0.2136,,Chongqing|Sichuan|Guizhou,arithmetic mean across candidate hub provinces,projected provincial S1 CEF; not observed historical CEF,140,2024-11-21 12:00:00,cyclic ordinal alignment to projected 2025 S1 CEF; not contemporaneous Azure carbon,2024-05-15 20:00:00+00:00,140
equal_site_portfolio,2025,142,2025-01-06 21:00:00,east,0.4947875,,Beijing|Tianjin|Hebei|Shanghai|Jiangsu|Zhejiang|Anhui|Guangdong,arithmetic mean across candidate hub provinces,projected provincial S1 CEF; not observed historical CEF,141,2024-11-21 13:00:00,cyclic ordinal alignment to projected 2025 S1 CEF; not contemporaneous Azure carbon,2024-05-15 21:00:00+00:00,141
equal_site_portfolio,2025,142,2025-01-06 21:00:00,north,0.4973,,Inner Mongolia,arithmetic mean across candidate hub provinces,projected provincial S1 CEF; not observed historical CEF,141,2024-11-21 13:00:00,cyclic ordinal alignment to projected 2025 S1 CEF; not contemporaneous Azure carbon,2024-05-15 21:00:00+00:00,141
equal_site_portfolio,2025,142,2025-01-06 21:00:00,northwest,0.4714,,Gansu|Ningxia,arithmetic mean across candidate hub provinces,projected provincial S1 CEF; not observed historical CEF,141,2024-11-21 13:00:00,cyclic ordinal alignment to projected 2025 S1 CEF; not contemporaneous Azure carbon,2024-05-15 21:00:00+00:00,141
equal_site_portfolio,2025,142,2025-01-06 21:00:00,southwest,0.2145,,Chongqing|Sichuan|Guizhou,arithmetic mean across candidate hub provinces,projected provincial S1 CEF; not observed historical CEF,141,2024-11-21 13:00:00,cyclic ordinal alignment to projected 2025 S1 CEF; not contemporaneous Azure carbon,2024-05-15 21:00:00+00:00,141
equal_site_portfolio,2025,143,2025-01-06 22:00:00,east,0.5081500000000001,,Beijing|Tianjin|Hebei|Shanghai|Jiangsu|Zhejiang|Anhui|Guangdong,arithmetic mean across candidate hub provinces,projected provincial S1 CEF; not observed historical CEF,142,2024-11-21 14:00:00,cyclic ordinal alignment to projected 2025 S1 CEF; not contemporaneous Azure carbon,2024-05-15 22:00:00+00:00,142
equal_site_portfolio,2025,143,2025-01-06 22:00:00,north,0.4921,,Inner Mongolia,arithmetic mean across candidate hub provinces,projected provincial S1 CEF; not observed historical CEF,142,2024-11-21 14:00:00,cyclic ordinal alignment to projected 2025 S1 CEF; not contemporaneous Azure carbon,2024-05-15 22:00:00+00:00,142
equal_site_portfolio,2025,143,2025-01-06 22:00:00,northwest,0.4851,,Gansu|Ningxia,arithmetic mean across candidate hub provinces,projected provincial S1 CEF; not observed historical CEF,142,2024-11-21 14:00:00,cyclic ordinal alignment to projected 2025 S1 CEF; not contemporaneous Azure carbon,2024-05-15 22:00:00+00:00,142
equal_site_portfolio,2025,143,2025-01-06 22:00:00,southwest,0.2335666666666666,,Chongqing|Sichuan|Guizhou,arithmetic mean across candidate hub provinces,projected provincial S1 CEF; not observed historical CEF,142,2024-11-21 14:00:00,cyclic ordinal alignment to projected 2025 S1 CEF; not contemporaneous Azure carbon,2024-05-15 22:00:00+00:00,142
equal_site_portfolio,2025,144,2025-01-06 23:00:00,east,0.5250250000000001,,Beijing|Tianjin|Hebei|Shanghai|Jiangsu|Zhejiang|Anhui|Guangdong,arithmetic mean across candidate hub provinces,projected provincial S1 CEF; not observed historical CEF,143,2024-11-21 15:00:00,cyclic ordinal alignment to projected 2025 S1 CEF; not contemporaneous Azure carbon,2024-05-15 23:00:00+00:00,143
equal_site_portfolio,2025,144,2025-01-06 23:00:00,north,0.4896,,Inner Mongolia,arithmetic mean across candidate hub provinces,projected provincial S1 CEF; not observed historical CEF,143,2024-11-21 15:00:00,cyclic ordinal alignment to projected 2025 S1 CEF; not contemporaneous Azure carbon,2024-05-15 23:00:00+00:00,143
equal_site_portfolio,2025,144,2025-01-06 23:00:00,northwest,0.51995,,Gansu|Ningxia,arithmetic mean across candidate hub provinces,projected provincial S1 CEF; not observed historical CEF,143,2024-11-21 15:00:00,cyclic ordinal alignment to projected 2025 S1 CEF; not contemporaneous Azure carbon,2024-05-15 23:00:00+00:00,143
equal_site_portfolio,2025,144,2025-01-06 23:00:00,southwest,0.2269,,Chongqing|Sichuan|Guizhou,arithmetic mean across candidate hub provinces,projected provincial S1 CEF; not observed historical CEF,143,2024-11-21 15:00:00,cyclic ordinal alignment to projected 2025 S1 CEF; not contemporaneous Azure carbon,2024-05-15 23:00:00+00:00,143
equal_site_portfolio,2025,145,2025-01-07 00:00:00,east,0.5443625000000001,,Beijing|Tianjin|Hebei|Shanghai|Jiangsu|Zhejiang|Anhui|Guangdong,arithmetic mean across candidate hub provinces,projected provincial S1 CEF; not observed historical CEF,144,2024-11-21 16:00:00,cyclic ordinal alignment to projected 2025 S1 CEF; not contemporaneous Azure carbon,2024-05-16 00:00:00+00:00,144
equal_site_portfolio,2025,145,2025-01-07 00:00:00,north,0.4854,,Inner Mongolia,arithmetic mean across candidate hub provinces,projected provincial S1 CEF; not observed historical CEF,144,2024-11-21 16:00:00,cyclic ordinal alignment to projected 2025 S1 CEF; not contemporaneous Azure carbon,2024-05-16 00:00:00+00:00,144
equal_site_portfolio,2025,145,2025-01-07 00:00:00,northwest,0.54745,,Gansu|Ningxia,arithmetic mean across candidate hub provinces,projected provincial S1 CEF; not observed historical CEF,144,2024-11-21 16:00:00,cyclic ordinal alignment to projected 2025 S1 CEF; not contemporaneous Azure carbon,2024-05-16 00:00:00+00:00,144
equal_site_portfolio,2025,145,2025-01-07 00:00:00,southwest,0.3869666666666667,,Chongqing|Sichuan|Guizhou,arithmetic mean across candidate hub provinces,projected provincial S1 CEF; not observed historical CEF,144,2024-11-21 16:00:00,cyclic ordinal alignment to projected 2025 S1 CEF; not contemporaneous Azure carbon,2024-05-16 00:00:00+00:00,144
equal_site_portfolio,2025,146,2025-01-07 01:00:00,east,0.5462874999999999,,Beijing|Tianjin|Hebei|Shanghai|Jiangsu|Zhejiang|Anhui|Guangdong,arithmetic mean across candidate hub provinces,projected provincial S1 CEF; not observed historical CEF,145,2024-11-21 17:00:00,cyclic ordinal alignment to projected 2025 S1 CEF; not contemporaneous Azure carbon,2024-05-16 01:00:00+00:00,145
equal_site_portfolio,2025,146,2025-01-07 01:00:00,north,0.4733,,Inner Mongolia,arithmetic mean across candidate hub provinces,projected provincial S1 CEF; not observed historical CEF,145,2024-11-21 17:00:00,cyclic ordinal alignment to projected 2025 S1 CEF; not contemporaneous Azure carbon,2024-05-16 01:00:00+00:00,145
equal_site_portfolio,2025,146,2025-01-07 01:00:00,northwest,0.56365,,Gansu|Ningxia,arithmetic mean across candidate hub provinces,projected provincial S1 CEF; not observed historical CEF,145,2024-11-21 17:00:00,cyclic ordinal alignment to projected 2025 S1 CEF; not contemporaneous Azure carbon,2024-05-16 01:00:00+00:00,145
equal_site_portfolio,2025,146,2025-01-07 01:00:00,southwest,0.4011333333333333,,Chongqing|Sichuan|Guizhou,arithmetic mean across candidate hub provinces,projected provincial S1 CEF; not observed historical CEF,145,2024-11-21 17:00:00,cyclic ordinal alignment to projected 2025 S1 CEF; not contemporaneous Azure carbon,2024-05-16 01:00:00+00:00,145
equal_site_portfolio,2025,147,2025-01-07 02:00:00,east,0.5477125,,Beijing|Tianjin|Hebei|Shanghai|Jiangsu|Zhejiang|Anhui|Guangdong,arithmetic mean across candidate hub provinces,projected provincial S1 CEF; not observed historical CEF,146,2024-11-21 18:00:00,cyclic ordinal alignment to projected 2025 S1 CEF; not contemporaneous Azure carbon,2024-05-16 02:00:00+00:00,146
equal_site_portfolio,2025,147,2025-01-07 02:00:00,north,0.4555,,Inner Mongolia,arithmetic mean across candidate hub provinces,projected provincial S1 CEF; not observed historical CEF,146,2024-11-21 18:00:00,cyclic ordinal alignment to projected 2025 S1 CEF; not contemporaneous Azure carbon,2024-05-16 02:00:00+00:00,146
equal_site_portfolio,2025,147,2025-01-07 02:00:00,northwest,0.56515,,Gansu|Ningxia,arithmetic mean across candidate hub provinces,projected provincial S1 CEF; not observed historical CEF,146,2024-11-21 18:00:00,cyclic ordinal alignment to projected 2025 S1 CEF; not contemporaneous Azure carbon,2024-05-16 02:00:00+00:00,146
equal_site_portfolio,2025,147,2025-01-07 02:00:00,southwest,0.4092,,Chongqing|Sichuan|Guizhou,arithmetic mean across candidate hub provinces,projected provincial S1 CEF; not observed historical CEF,146,2024-11-21 18:00:00,cyclic ordinal alignment to projected 2025 S1 CEF; not contemporaneous Azure carbon,2024-05-16 02:00:00+00:00,146
equal_site_portfolio,2025,148,2025-01-07 03:00:00,east,0.5490499999999999,,Beijing|Tianjin|Hebei|Shanghai|Jiangsu|Zhejiang|Anhui|Guangdong,arithmetic mean across candidate hub provinces,projected provincial S1 CEF; not observed historical CEF,147,2024-11-21 19:00:00,cyclic ordinal alignment to projected 2025 S1 CEF; not contemporaneous Azure carbon,2024-05-16 03:00:00+00:00,147
equal_site_portfolio,2025,148,2025-01-07 03:00:00,north,0.4451,,Inner Mongolia,arithmetic mean across candidate hub provinces,projected provincial S1 CEF; not observed historical CEF,147,2024-11-21 19:00:00,cyclic ordinal alignment to projected 2025 S1 CEF; not contemporaneous Azure carbon,2024-05-16 03:00:00+00:00,147
equal_site_portfolio,2025,148,2025-01-07 03:00:00,northwest,0.57335,,Gansu|Ningxia,arithmetic mean across candidate hub provinces,projected provincial S1 CEF; not observed historical CEF,147,2024-11-21 19:00:00,cyclic ordinal alignment to projected 2025 S1 CEF; not contemporaneous Azure carbon,2024-05-16 03:00:00+00:00,147
equal_site_portfolio,2025,148,2025-01-07 03:00:00,southwest,0.4198,,Chongqing|Sichuan|Guizhou,arithmetic mean across candidate hub provinces,projected provincial S1 CEF; not observed historical CEF,147,2024-11-21 19:00:00,cyclic ordinal alignment to projected 2025 S1 CEF; not contemporaneous Azure carbon,2024-05-16 03:00:00+00:00,147
equal_site_portfolio,2025,149,2025-01-07 04:00:00,east,0.54845,,Beijing|Tianjin|Hebei|Shanghai|Jiangsu|Zhejiang|Anhui|Guangdong,arithmetic mean across candidate hub provinces,projected provincial S1 CEF; not observed historical CEF,148,2024-11-21 20:00:00,cyclic ordinal alignment to projected 2025 S1 CEF; not contemporaneous Azure carbon,2024-05-16 04:00:00+00:00,148
equal_site_portfolio,2025,149,2025-01-07 04:00:00,north,0.4376,,Inner Mongolia,arithmetic mean across candidate hub provinces,projected provincial S1 CEF; not observed historical CEF,148,2024-11-21 20:00:00,cyclic ordinal alignment to projected 2025 S1 CEF; not contemporaneous Azure carbon,2024-05-16 04:00:00+00:00,148
equal_site_portfolio,2025,149,2025-01-07 04:00:00,northwest,0.6148,,Gansu|Ningxia,arithmetic mean across candidate hub provinces,projected provincial S1 CEF; not observed historical CEF,148,2024-11-21 20:00:00,cyclic ordinal alignment to projected 2025 S1 CEF; not contemporaneous Azure carbon,2024-05-16 04:00:00+00:00,148
equal_site_portfolio,2025,149,2025-01-07 04:00:00,southwest,0.4225,,Chongqing|Sichuan|Guizhou,arithmetic mean across candidate hub provinces,projected provincial S1 CEF; not observed historical CEF,148,2024-11-21 20:00:00,cyclic ordinal alignment to projected 2025 S1 CEF; not contemporaneous Azure carbon,2024-05-16 04:00:00+00:00,148
equal_site_portfolio,2025,150,2025-01-07 05:00:00,east,0.5459499999999999,,Beijing|Tianjin|Hebei|Shanghai|Jiangsu|Zhejiang|Anhui|Guangdong,arithmetic mean across candidate hub provinces,projected provincial S1 CEF; not observed historical CEF,149,2024-11-21 21:00:00,cyclic ordinal alignment to projected 2025 S1 CEF; not contemporaneous Azure carbon,2024-05-16 05:00:00+00:00,149
equal_site_portfolio,2025,150,2025-01-07 05:00:00,north,0.4329,,Inner Mongolia,arithmetic mean across candidate hub provinces,projected provincial S1 CEF; not observed historical CEF,149,2024-11-21 21:00:00,cyclic ordinal alignment to projected 2025 S1 CEF; not contemporaneous Azure carbon,2024-05-16 05:00:00+00:00,149
equal_site_portfolio,2025,150,2025-01-07 05:00:00,northwest,0.5970500000000001,,Gansu|Ningxia,arithmetic mean across candidate hub provinces,projected provincial S1 CEF; not observed historical CEF,149,2024-11-21 21:00:00,cyclic ordinal alignment to projected 2025 S1 CEF; not contemporaneous Azure carbon,2024-05-16 05:00:00+00:00,149
equal_site_portfolio,2025,150,2025-01-07 05:00:00,southwest,0.4191666666666667,,Chongqing|Sichuan|Guizhou,arithmetic mean across candidate hub provinces,projected provincial S1 CEF; not observed historical CEF,149,2024-11-21 21:00:00,cyclic ordinal alignment to projected 2025 S1 CEF; not contemporaneous Azure carbon,2024-05-16 05:00:00+00:00,149
equal_site_portfolio,2025,151,2025-01-07 06:00:00,east,0.5420875,,Beijing|Tianjin|Hebei|Shanghai|Jiangsu|Zhejiang|Anhui|Guangdong,arithmetic mean across candidate hub provinces,projected provincial S1 CEF; not observed historical CEF,150,2024-11-21 22:00:00,cyclic ordinal alignment to projected 2025 S1 CEF; not contemporaneous Azure carbon,2024-05-16 06:00:00+00:00,150
equal_site_portfolio,2025,151,2025-01-07 06:00:00,north,0.4366,,Inner Mongolia,arithmetic mean across candidate hub provinces,projected provincial S1 CEF; not observed historical CEF,150,2024-11-21 22:00:00,cyclic ordinal alignment to projected 2025 S1 CEF; not contemporaneous Azure carbon,2024-05-16 06:00:00+00:00,150
equal_site_portfolio,2025,151,2025-01-07 06:00:00,northwest,0.5425500000000001,,Gansu|Ningxia,arithmetic mean across candidate hub provinces,projected provincial S1 CEF; not observed historical CEF,150,2024-11-21 22:00:00,cyclic ordinal alignment to projected 2025 S1 CEF; not contemporaneous Azure carbon,2024-05-16 06:00:00+00:00,150
equal_site_portfolio,2025,151,2025-01-07 06:00:00,southwest,0.3772999999999999,,Chongqing|Sichuan|Guizhou,arithmetic mean across candidate hub provinces,projected provincial S1 CEF; not observed historical CEF,150,2024-11-21 22:00:00,cyclic ordinal alignment to projected 2025 S1 CEF; not contemporaneous Azure carbon,2024-05-16 06:00:00+00:00,150
equal_site_portfolio,2025,152,2025-01-07 07:00:00,east,0.54775,,Beijing|Tianjin|Hebei|Shanghai|Jiangsu|Zhejiang|Anhui|Guangdong,arithmetic mean across candidate hub provinces,projected provincial S1 CEF; not observed historical CEF,151,2024-11-21 23:00:00,cyclic ordinal alignment to projected 2025 S1 CEF; not contemporaneous Azure carbon,2024-05-16 07:00:00+00:00,151
equal_site_portfolio,2025,152,2025-01-07 07:00:00,north,0.4596,,Inner Mongolia,arithmetic mean across candidate hub provinces,projected provincial S1 CEF; not observed historical CEF,151,2024-11-21 23:00:00,cyclic ordinal alignment to projected 2025 S1 CEF; not contemporaneous Azure carbon,2024-05-16 07:00:00+00:00,151
equal_site_portfolio,2025,152,2025-01-07 07:00:00,northwest,0.54995,,Gansu|Ningxia,arithmetic mean across candidate hub provinces,projected provincial S1 CEF; not observed historical CEF,151,2024-11-21 23:00:00,cyclic ordinal alignment to projected 2025 S1 CEF; not contemporaneous Azure carbon,2024-05-16 07:00:00+00:00,151
equal_site_portfolio,2025,152,2025-01-07 07:00:00,southwest,0.3301333333333333,,Chongqing|Sichuan|Guizhou,arithmetic mean across candidate hub provinces,projected provincial S1 CEF; not observed historical CEF,151,2024-11-21 23:00:00,cyclic ordinal alignment to projected 2025 S1 CEF; not contemporaneous Azure carbon,2024-05-16 07:00:00+00:00,151
equal_site_portfolio,2025,153,2025-01-07 08:00:00,east,0.54525,,Beijing|Tianjin|Hebei|Shanghai|Jiangsu|Zhejiang|Anhui|Guangdong,arithmetic mean across candidate hub provinces,projected provincial S1 CEF; not observed historical CEF,152,2024-11-22 00:00:00,cyclic ordinal alignment to projected 2025 S1 CEF; not contemporaneous Azure carbon,2024-05-16 08:00:00+00:00,152
equal_site_portfolio,2025,153,2025-01-07 08:00:00,north,0.4632,,Inner Mongolia,arithmetic mean across candidate hub provinces,projected provincial S1 CEF; not observed historical CEF,152,2024-11-22 00:00:00,cyclic ordinal alignment to projected 2025 S1 CEF; not contemporaneous Azure carbon,2024-05-16 08:00:00+00:00,152
equal_site_portfolio,2025,153,2025-01-07 08:00:00,northwest,0.55035,,Gansu|Ningxia,arithmetic mean across candidate hub provinces,projected provincial S1 CEF; not observed historical CEF,152,2024-11-22 00:00:00,cyclic ordinal alignment to projected 2025 S1 CEF; not contemporaneous Azure carbon,2024-05-16 08:00:00+00:00,152
equal_site_portfolio,2025,153,2025-01-07 08:00:00,southwest,0.3037,,Chongqing|Sichuan|Guizhou,arithmetic mean across candidate hub provinces,projected provincial S1 CEF; not observed historical CEF,152,2024-11-22 00:00:00,cyclic ordinal alignment to projected 2025 S1 CEF; not contemporaneous Azure carbon,2024-05-16 08:00:00+00:00,152
equal_site_portfolio,2025,154,2025-01-07 09:00:00,east,0.4972,,Beijing|Tianjin|Hebei|Shanghai|Jiangsu|Zhejiang|Anhui|Guangdong,arithmetic mean across candidate hub provinces,projected provincial S1 CEF; not observed historical CEF,153,2024-11-22 01:00:00,cyclic ordinal alignment to projected 2025 S1 CEF; not contemporaneous Azure carbon,2024-05-16 09:00:00+00:00,153
equal_site_portfolio,2025,154,2025-01-07 09:00:00,north,0.4455,,Inner Mongolia,arithmetic mean across candidate hub provinces,projected provincial S1 CEF; not observed historical CEF,153,2024-11-22 01:00:00,cyclic ordinal alignment to projected 2025 S1 CEF; not contemporaneous Azure carbon,2024-05-16 09:00:00+00:00,153
equal_site_portfolio,2025,154,2025-01-07 09:00:00,northwest,0.604,,Gansu|Ningxia,arithmetic mean across candidate hub provinces,projected provincial S1 CEF; not observed historical CEF,153,2024-11-22 01:00:00,cyclic ordinal alignment to projected 2025 S1 CEF; not contemporaneous Azure carbon,2024-05-16 09:00:00+00:00,153
equal_site_portfolio,2025,154,2025-01-07 09:00:00,southwest,0.3053666666666667,,Chongqing|Sichuan|Guizhou,arithmetic mean across candidate hub provinces,projected provincial S1 CEF; not observed historical CEF,153,2024-11-22 01:00:00,cyclic ordinal alignment to projected 2025 S1 CEF; not contemporaneous Azure carbon,2024-05-16 09:00:00+00:00,153
equal_site_portfolio,2025,155,2025-01-07 10:00:00,east,0.4339625,,Beijing|Tianjin|Hebei|Shanghai|Jiangsu|Zhejiang|Anhui|Guangdong,arithmetic mean across candidate hub provinces,projected provincial S1 CEF; not observed historical CEF,154,2024-11-22 02:00:00,cyclic ordinal alignment to projected 2025 S1 CEF; not contemporaneous Azure carbon,2024-05-16 10:00:00+00:00,154
equal_site_portfolio,2025,155,2025-01-07 10:00:00,north,0.4097,,Inner Mongolia,arithmetic mean across candidate hub provinces,projected provincial S1 CEF; not observed historical CEF,154,2024-11-22 02:00:00,cyclic ordinal alignment to projected 2025 S1 CEF; not contemporaneous Azure carbon,2024-05-16 10:00:00+00:00,154
equal_site_portfolio,2025,155,2025-01-07 10:00:00,northwest,0.56555,,Gansu|Ningxia,arithmetic mean across candidate hub provinces,projected provincial S1 CEF; not observed historical CEF,154,2024-11-22 02:00:00,cyclic ordinal alignment to projected 2025 S1 CEF; not contemporaneous Azure carbon,2024-05-16 10:00:00+00:00,154
equal_site_portfolio,2025,155,2025-01-07 10:00:00,southwest,0.2997,,Chongqing|Sichuan|Guizhou,arithmetic mean across candidate hub provinces,projected provincial S1 CEF; not observed historical CEF,154,2024-11-22 02:00:00,cyclic ordinal alignment to projected 2025 S1 CEF; not contemporaneous Azure carbon,2024-05-16 10:00:00+00:00,154
equal_site_portfolio,2025,156,2025-01-07 11:00:00,east,0.391375,,Beijing|Tianjin|Hebei|Shanghai|Jiangsu|Zhejiang|Anhui|Guangdong,arithmetic mean across candidate hub provinces,projected provincial S1 CEF; not observed historical CEF,155,2024-11-22 03:00:00,cyclic ordinal alignment to projected 2025 S1 CEF; not contemporaneous Azure carbon,2024-05-16 11:00:00+00:00,155
equal_site_portfolio,2025,156,2025-01-07 11:00:00,north,0.3757,,Inner Mongolia,arithmetic mean across candidate hub provinces,projected provincial S1 CEF; not observed historical CEF,155,2024-11-22 03:00:00,cyclic ordinal alignment to projected 2025 S1 CEF; not contemporaneous Azure carbon,2024-05-16 11:00:00+00:00,155
equal_site_portfolio,2025,156,2025-01-07 11:00:00,northwest,0.5245,,Gansu|Ningxia,arithmetic mean across candidate hub provinces,projected provincial S1 CEF; not observed historical CEF,155,2024-11-22 03:00:00,cyclic ordinal alignment to projected 2025 S1 CEF; not contemporaneous Azure carbon,2024-05-16 11:00:00+00:00,155
equal_site_portfolio,2025,156,2025-01-07 11:00:00,southwest,0.2893666666666666,,Chongqing|Sichuan|Guizhou,arithmetic mean across candidate hub provinces,projected provincial S1 CEF; not observed historical CEF,155,2024-11-22 03:00:00,cyclic ordinal alignment to projected 2025 S1 CEF; not contemporaneous Azure carbon,2024-05-16 11:00:00+00:00,155
equal_site_portfolio,2025,157,2025-01-07 12:00:00,east,0.3441499999999999,,Beijing|Tianjin|Hebei|Shanghai|Jiangsu|Zhejiang|Anhui|Guangdong,arithmetic mean across candidate hub provinces,projected provincial S1 CEF; not observed historical CEF,156,2024-11-22 04:00:00,cyclic ordinal alignment to projected 2025 S1 CEF; not contemporaneous Azure carbon,2024-05-16 12:00:00+00:00,156
equal_site_portfolio,2025,157,2025-01-07 12:00:00,north,0.3857,,Inner Mongolia,arithmetic mean across candidate hub provinces,projected provincial S1 CEF; not observed historical CEF,156,2024-11-22 04:00:00,cyclic ordinal alignment to projected 2025 S1 CEF; not contemporaneous Azure carbon,2024-05-16 12:00:00+00:00,156
equal_site_portfolio,2025,157,2025-01-07 12:00:00,northwest,0.4735999999999999,,Gansu|Ningxia,arithmetic mean across candidate hub provinces,projected provincial S1 CEF; not observed historical CEF,156,2024-11-22 04:00:00,cyclic ordinal alignment to projected 2025 S1 CEF; not contemporaneous Azure carbon,2024-05-16 12:00:00+00:00,156
equal_site_portfolio,2025,157,2025-01-07 12:00:00,southwest,0.2915666666666667,,Chongqing|Sichuan|Guizhou,arithmetic mean across candidate hub provinces,projected provincial S1 CEF; not observed historical CEF,156,2024-11-22 04:00:00,cyclic ordinal alignment to projected 2025 S1 CEF; not contemporaneous Azure carbon,2024-05-16 12:00:00+00:00,156
equal_site_portfolio,2025,158,2025-01-07 13:00:00,east,0.3245875,,Beijing|Tianjin|Hebei|Shanghai|Jiangsu|Zhejiang|Anhui|Guangdong,arithmetic mean across candidate hub provinces,projected provincial S1 CEF; not observed historical CEF,157,2024-11-22 05:00:00,cyclic ordinal alignment to projected 2025 S1 CEF; not contemporaneous Azure carbon,2024-05-16 13:00:00+00:00,157
equal_site_portfolio,2025,158,2025-01-07 13:00:00,north,0.3976,,Inner Mongolia,arithmetic mean across candidate hub provinces,projected provincial S1 CEF; not observed historical CEF,157,2024-11-22 05:00:00,cyclic ordinal alignment to projected 2025 S1 CEF; not contemporaneous Azure carbon,2024-05-16 13:00:00+00:00,157
equal_site_portfolio,2025,158,2025-01-07 13:00:00,northwest,0.30735,,Gansu|Ningxia,arithmetic mean across candidate hub provinces,projected provincial S1 CEF; not observed historical CEF,157,2024-11-22 05:00:00,cyclic ordinal alignment to projected 2025 S1 CEF; not contemporaneous Azure carbon,2024-05-16 13:00:00+00:00,157
equal_site_portfolio,2025,158,2025-01-07 13:00:00,southwest,0.2858666666666666,,Chongqing|Sichuan|Guizhou,arithmetic mean across candidate hub provinces,projected provincial S1 CEF; not observed historical CEF,157,2024-11-22 05:00:00,cyclic ordinal alignment to projected 2025 S1 CEF; not contemporaneous Azure carbon,2024-05-16 13:00:00+00:00,157
equal_site_portfolio,2025,159,2025-01-07 14:00:00,east,0.343325,,Beijing|Tianjin|Hebei|Shanghai|Jiangsu|Zhejiang|Anhui|Guangdong,arithmetic mean across candidate hub provinces,projected provincial S1 CEF; not observed historical CEF,158,2024-11-22 06:00:00,cyclic ordinal alignment to projected 2025 S1 CEF; not contemporaneous Azure carbon,2024-05-16 14:00:00+00:00,158
equal_site_portfolio,2025,159,2025-01-07 14:00:00,north,0.4439,,Inner Mongolia,arithmetic mean across candidate hub provinces,projected provincial S1 CEF; not observed historical CEF,158,2024-11-22 06:00:00,cyclic ordinal alignment to projected 2025 S1 CEF; not contemporaneous Azure carbon,2024-05-16 14:00:00+00:00,158
equal_site_portfolio,2025,159,2025-01-07 14:00:00,northwest,0.27755,,Gansu|Ningxia,arithmetic mean across candidate hub provinces,projected provincial S1 CEF; not observed historical CEF,158,2024-11-22 06:00:00,cyclic ordinal alignment to projected 2025 S1 CEF; not contemporaneous Azure carbon,2024-05-16 14:00:00+00:00,158
equal_site_portfolio,2025,159,2025-01-07 14:00:00,southwest,0.2857666666666666,,Chongqing|Sichuan|Guizhou,arithmetic mean across candidate hub provinces,projected provincial S1 CEF; not observed historical CEF,158,2024-11-22 06:00:00,cyclic ordinal alignment to projected 2025 S1 CEF; not contemporaneous Azure carbon,2024-05-16 14:00:00+00:00,158
equal_site_portfolio,2025,160,2025-01-07 15:00:00,east,0.3949125,,Beijing|Tianjin|Hebei|Shanghai|Jiangsu|Zhejiang|Anhui|Guangdong,arithmetic mean across candidate hub provinces,projected provincial S1 CEF; not observed historical CEF,159,2024-11-22 07:00:00,cyclic ordinal alignment to projected 2025 S1 CEF; not contemporaneous Azure carbon,2024-05-16 15:00:00+00:00,159
equal_site_portfolio,2025,160,2025-01-07 15:00:00,north,0.5478,,Inner Mongolia,arithmetic mean across candidate hub provinces,projected provincial S1 CEF; not observed historical CEF,159,2024-11-22 07:00:00,cyclic ordinal alignment to projected 2025 S1 CEF; not contemporaneous Azure carbon,2024-05-16 15:00:00+00:00,159
equal_site_portfolio,2025,160,2025-01-07 15:00:00,northwest,0.2883,,Gansu|Ningxia,arithmetic mean across candidate hub provinces,projected provincial S1 CEF; not observed historical CEF,159,2024-11-22 07:00:00,cyclic ordinal alignment to projected 2025 S1 CEF; not contemporaneous Azure carbon,2024-05-16 15:00:00+00:00,159
equal_site_portfolio,2025,160,2025-01-07 15:00:00,southwest,0.2847666666666666,,Chongqing|Sichuan|Guizhou,arithmetic mean across candidate hub provinces,projected provincial S1 CEF; not observed historical CEF,159,2024-11-22 07:00:00,cyclic ordinal alignment to projected 2025 S1 CEF; not contemporaneous Azure carbon,2024-05-16 15:00:00+00:00,159
equal_site_portfolio,2025,161,2025-01-07 16:00:00,east,0.4797625,,Beijing|Tianjin|Hebei|Shanghai|Jiangsu|Zhejiang|Anhui|Guangdong,arithmetic mean across candidate hub provinces,projected provincial S1 CEF; not observed historical CEF,160,2024-11-22 08:00:00,cyclic ordinal alignment to projected 2025 S1 CEF; not contemporaneous Azure carbon,2024-05-16 16:00:00+00:00,160
equal_site_portfolio,2025,161,2025-01-07 16:00:00,north,0.6541,,Inner Mongolia,arithmetic mean across candidate hub provinces,projected provincial S1 CEF; not observed historical CEF,160,2024-11-22 08:00:00,cyclic ordinal alignment to projected 2025 S1 CEF; not contemporaneous Azure carbon,2024-05-16 16:00:00+00:00,160
equal_site_portfolio,2025,161,2025-01-07 16:00:00,northwest,0.47675,,Gansu|Ningxia,arithmetic mean across candidate hub provinces,projected provincial S1 CEF; not observed historical CEF,160,2024-11-22 08:00:00,cyclic ordinal alignment to projected 2025 S1 CEF; not contemporaneous Azure carbon,2024-05-16 16:00:00+00:00,160
equal_site_portfolio,2025,161,2025-01-07 16:00:00,southwest,0.2736,,Chongqing|Sichuan|Guizhou,arithmetic mean across candidate hub provinces,projected provincial S1 CEF; not observed historical CEF,160,2024-11-22 08:00:00,cyclic ordinal alignment to projected 2025 S1 CEF; not contemporaneous Azure carbon,2024-05-16 16:00:00+00:00,160
equal_site_portfolio,2025,162,2025-01-07 17:00:00,east,0.5103,,Beijing|Tianjin|Hebei|Shanghai|Jiangsu|Zhejiang|Anhui|Guangdong,arithmetic mean across candidate hub provinces,projected provincial S1 CEF; not observed historical CEF,161,2024-11-22 09:00:00,cyclic ordinal alignment to projected 2025 S1 CEF; not contemporaneous Azure carbon,2024-05-16 17:00:00+00:00,161
equal_site_portfolio,2025,162,2025-01-07 17:00:00,north,0.6928,,Inner Mongolia,arithmetic mean across candidate hub provinces,projected provincial S1 CEF; not observed historical CEF,161,2024-11-22 09:00:00,cyclic ordinal alignment to projected 2025 S1 CEF; not contemporaneous Azure carbon,2024-05-16 17:00:00+00:00,161
equal_site_portfolio,2025,162,2025-01-07 17:00:00,northwest,0.4901,,Gansu|Ningxia,arithmetic mean across candidate hub provinces,projected provincial S1 CEF; not observed historical CEF,161,2024-11-22 09:00:00,cyclic ordinal alignment to projected 2025 S1 CEF; not contemporaneous Azure carbon,2024-05-16 17:00:00+00:00,161
equal_site_portfolio,2025,162,2025-01-07 17:00:00,southwest,0.2154666666666667,,Chongqing|Sichuan|Guizhou,arithmetic mean across candidate hub provinces,projected provincial S1 CEF; not observed historical CEF,161,2024-11-22 09:00:00,cyclic ordinal alignment to projected 2025 S1 CEF; not contemporaneous Azure carbon,2024-05-16 17:00:00+00:00,161
equal_site_portfolio,2025,163,2025-01-07 18:00:00,east,0.5069875,,Beijing|Tianjin|Hebei|Shanghai|Jiangsu|Zhejiang|Anhui|Guangdong,arithmetic mean across candidate hub provinces,projected provincial S1 CEF; not observed historical CEF,162,2024-11-22 10:00:00,cyclic ordinal alignment to projected 2025 S1 CEF; not contemporaneous Azure carbon,2024-05-16 18:00:00+00:00,162
equal_site_portfolio,2025,163,2025-01-07 18:00:00,north,0.6895,,Inner Mongolia,arithmetic mean across candidate hub provinces,projected provincial S1 CEF; not observed historical CEF,162,2024-11-22 10:00:00,cyclic ordinal alignment to projected 2025 S1 CEF; not contemporaneous Azure carbon,2024-05-16 18:00:00+00:00,162
equal_site_portfolio,2025,163,2025-01-07 18:00:00,northwest,0.50295,,Gansu|Ningxia,arithmetic mean across candidate hub provinces,projected provincial S1 CEF; not observed historical CEF,162,2024-11-22 10:00:00,cyclic ordinal alignment to projected 2025 S1 CEF; not contemporaneous Azure carbon,2024-05-16 18:00:00+00:00,162
equal_site_portfolio,2025,163,2025-01-07 18:00:00,southwest,0.2080666666666666,,Chongqing|Sichuan|Guizhou,arithmetic mean across candidate hub provinces,projected provincial S1 CEF; not observed historical CEF,162,2024-11-22 10:00:00,cyclic ordinal alignment to projected 2025 S1 CEF; not contemporaneous Azure carbon,2024-05-16 18:00:00+00:00,162
equal_site_portfolio,2025,164,2025-01-07 19:00:00,east,0.5000125,,Beijing|Tianjin|Hebei|Shanghai|Jiangsu|Zhejiang|Anhui|Guangdong,arithmetic mean across candidate hub provinces,projected provincial S1 CEF; not observed historical CEF,163,2024-11-22 11:00:00,cyclic ordinal alignment to projected 2025 S1 CEF; not contemporaneous Azure carbon,2024-05-16 19:00:00+00:00,163
equal_site_portfolio,2025,164,2025-01-07 19:00:00,north,0.6569,,Inner Mongolia,arithmetic mean across candidate hub provinces,projected provincial S1 CEF; not observed historical CEF,163,2024-11-22 11:00:00,cyclic ordinal alignment to projected 2025 S1 CEF; not contemporaneous Azure carbon,2024-05-16 19:00:00+00:00,163
equal_site_portfolio,2025,164,2025-01-07 19:00:00,northwest,0.4944,,Gansu|Ningxia,arithmetic mean across candidate hub provinces,projected provincial S1 CEF; not observed historical CEF,163,2024-11-22 11:00:00,cyclic ordinal alignment to projected 2025 S1 CEF; not contemporaneous Azure carbon,2024-05-16 19:00:00+00:00,163
equal_site_portfolio,2025,164,2025-01-07 19:00:00,southwest,0.2151999999999999,,Chongqing|Sichuan|Guizhou,arithmetic mean across candidate hub provinces,projected provincial S1 CEF; not observed historical CEF,163,2024-11-22 11:00:00,cyclic ordinal alignment to projected 2025 S1 CEF; not contemporaneous Azure carbon,2024-05-16 19:00:00+00:00,163
equal_site_portfolio,2025,165,2025-01-07 20:00:00,east,0.4966374999999999,,Beijing|Tianjin|Hebei|Shanghai|Jiangsu|Zhejiang|Anhui|Guangdong,arithmetic mean across candidate hub provinces,projected provincial S1 CEF; not observed historical CEF,164,2024-11-22 12:00:00,cyclic ordinal alignment to projected 2025 S1 CEF; not contemporaneous Azure carbon,2024-05-16 20:00:00+00:00,164
equal_site_portfolio,2025,165,2025-01-07 20:00:00,north,0.6024,,Inner Mongolia,arithmetic mean across candidate hub provinces,projected provincial S1 CEF; not observed historical CEF,164,2024-11-22 12:00:00,cyclic ordinal alignment to projected 2025 S1 CEF; not contemporaneous Azure carbon,2024-05-16 20:00:00+00:00,164
equal_site_portfolio,2025,165,2025-01-07 20:00:00,northwest,0.51515,,Gansu|Ningxia,arithmetic mean across candidate hub provinces,projected provincial S1 CEF; not observed historical CEF,164,2024-11-22 12:00:00,cyclic ordinal alignment to projected 2025 S1 CEF; not contemporaneous Azure carbon,2024-05-16 20:00:00+00:00,164
equal_site_portfolio,2025,165,2025-01-07 20:00:00,southwest,0.2252666666666666,,Chongqing|Sichuan|Guizhou,arithmetic mean across candidate hub provinces,projected provincial S1 CEF; not observed historical CEF,164,2024-11-22 12:00:00,cyclic ordinal alignment to projected 2025 S1 CEF; not contemporaneous Azure carbon,2024-05-16 20:00:00+00:00,164
equal_site_portfolio,2025,166,2025-01-07 21:00:00,east,0.4992374999999999,,Beijing|Tianjin|Hebei|Shanghai|Jiangsu|Zhejiang|Anhui|Guangdong,arithmetic mean across candidate hub provinces,projected provincial S1 CEF; not observed historical CEF,165,2024-11-22 13:00:00,cyclic ordinal alignment to projected 2025 S1 CEF; not contemporaneous Azure carbon,2024-05-16 21:00:00+00:00,165
equal_site_portfolio,2025,166,2025-01-07 21:00:00,north,0.5687,,Inner Mongolia,arithmetic mean across candidate hub provinces,projected provincial S1 CEF; not observed historical CEF,165,2024-11-22 13:00:00,cyclic ordinal alignment to projected 2025 S1 CEF; not contemporaneous Azure carbon,2024-05-16 21:00:00+00:00,165
equal_site_portfolio,2025,166,2025-01-07 21:00:00,northwest,0.5226,,Gansu|Ningxia,arithmetic mean across candidate hub provinces,projected provincial S1 CEF; not observed historical CEF,165,2024-11-22 13:00:00,cyclic ordinal alignment to projected 2025 S1 CEF; not contemporaneous Azure carbon,2024-05-16 21:00:00+00:00,165
equal_site_portfolio,2025,166,2025-01-07 21:00:00,southwest,0.2253666666666667,,Chongqing|Sichuan|Guizhou,arithmetic mean across candidate hub provinces,projected provincial S1 CEF; not observed historical CEF,165,2024-11-22 13:00:00,cyclic ordinal alignment to projected 2025 S1 CEF; not contemporaneous Azure carbon,2024-05-16 21:00:00+00:00,165
equal_site_portfolio,2025,167,2025-01-07 22:00:00,east,0.518575,,Beijing|Tianjin|Hebei|Shanghai|Jiangsu|Zhejiang|Anhui|Guangdong,arithmetic mean across candidate hub provinces,projected provincial S1 CEF; not observed historical CEF,166,2024-11-22 14:00:00,cyclic ordinal alignment to projected 2025 S1 CEF; not contemporaneous Azure carbon,2024-05-16 22:00:00+00:00,166
equal_site_portfolio,2025,167,2025-01-07 22:00:00,north,0.5474,,Inner Mongolia,arithmetic mean across candidate hub provinces,projected provincial S1 CEF; not observed historical CEF,166,2024-11-22 14:00:00,cyclic ordinal alignment to projected 2025 S1 CEF; not contemporaneous Azure carbon,2024-05-16 22:00:00+00:00,166
equal_site_portfolio,2025,167,2025-01-07 22:00:00,northwest,0.51865,,Gansu|Ningxia,arithmetic mean across candidate hub provinces,projected provincial S1 CEF; not observed historical CEF,166,2024-11-22 14:00:00,cyclic ordinal alignment to projected 2025 S1 CEF; not contemporaneous Azure carbon,2024-05-16 22:00:00+00:00,166
equal_site_portfolio,2025,167,2025-01-07 22:00:00,southwest,0.2227333333333333,,Chongqing|Sichuan|Guizhou,arithmetic mean across candidate hub provinces,projected provincial S1 CEF; not observed historical CEF,166,2024-11-22 14:00:00,cyclic ordinal alignment to projected 2025 S1 CEF; not contemporaneous Azure carbon,2024-05-16 22:00:00+00:00,166
equal_site_portfolio,2025,168,2025-01-07 23:00:00,east,0.54065,,Beijing|Tianjin|Hebei|Shanghai|Jiangsu|Zhejiang|Anhui|Guangdong,arithmetic mean across candidate hub provinces,projected provincial S1 CEF; not observed historical CEF,167,2024-11-22 15:00:00,cyclic ordinal alignment to projected 2025 S1 CEF; not contemporaneous Azure carbon,2024-05-16 23:00:00+00:00,167
equal_site_portfolio,2025,168,2025-01-07 23:00:00,north,0.5368,,Inner Mongolia,arithmetic mean across candidate hub provinces,projected provincial S1 CEF; not observed historical CEF,167,2024-11-22 15:00:00,cyclic ordinal alignment to projected 2025 S1 CEF; not contemporaneous Azure carbon,2024-05-16 23:00:00+00:00,167
equal_site_portfolio,2025,168,2025-01-07 23:00:00,northwest,0.49625,,Gansu|Ningxia,arithmetic mean across candidate hub provinces,projected provincial S1 CEF; not observed historical CEF,167,2024-11-22 15:00:00,cyclic ordinal alignment to projected 2025 S1 CEF; not contemporaneous Azure carbon,2024-05-16 23:00:00+00:00,167
equal_site_portfolio,2025,168,2025-01-07 23:00:00,southwest,0.2070333333333333,,Chongqing|Sichuan|Guizhou,arithmetic mean across candidate hub provinces,projected provincial S1 CEF; not observed historical CEF,167,2024-11-22 15:00:00,cyclic ordinal alignment to projected 2025 S1 CEF; not contemporaneous Azure carbon,2024-05-16 23:00:00+00:00,167
