capacity_scenario,hour_index,region,capacity_accelerator_hours,capacity_status
central,0,east,4.0,static engineering mechanism scenario; not operator capacity
central,0,north,2.0,static engineering mechanism scenario; not operator capacity
central,0,northwest,2.0,static engineering mechanism scenario; not operator capacity
central,0,southwest,2.0,static engineering mechanism scenario; not operator capacity
central,1,east,4.0,static engineering mechanism scenario; not operator capacity
central,1,north,2.0,static engineering mechanism scenario; not operator capacity
central,1,northwest,2.0,static engineering mechanism scenario; not operator capacity
central,1,southwest,2.0,static engineering mechanism scenario; not operator capacity
central,2,east,4.0,static engineering mechanism scenario; not operator capacity
central,2,north,2.0,static engineering mechanism scenario; not operator capacity
central,2,northwest,2.0,static engineering mechanism scenario; not operator capacity
central,2,southwest,2.0,static engineering mechanism scenario; not operator capacity
central,3,east,4.0,static engineering mechanism scenario; not operator capacity
central,3,north,2.0,static engineering mechanism scenario; not operator capacity
central,3,northwest,2.0,static engineering mechanism scenario; not operator capacity
central,3,southwest,2.0,static engineering mechanism scenario; not operator capacity
central,4,east,4.0,static engineering mechanism scenario; not operator capacity
central,4,north,2.0,static engineering mechanism scenario; not operator capacity
central,4,northwest,2.0,static engineering mechanism scenario; not operator capacity
central,4,southwest,2.0,static engineering mechanism scenario; not operator capacity
central,5,east,4.0,static engineering mechanism scenario; not operator capacity
central,5,north,2.0,static engineering mechanism scenario; not operator capacity
central,5,northwest,2.0,static engineering mechanism scenario; not operator capacity
central,5,southwest,2.0,static engineering mechanism scenario; not operator capacity
central,6,east,4.0,static engineering mechanism scenario; not operator capacity
central,6,north,2.0,static engineering mechanism scenario; not operator capacity
central,6,northwest,2.0,static engineering mechanism scenario; not operator capacity
central,6,southwest,2.0,static engineering mechanism scenario; not operator capacity
central,7,east,4.0,static engineering mechanism scenario; not operator capacity
central,7,north,2.0,static engineering mechanism scenario; not operator capacity
central,7,northwest,2.0,static engineering mechanism scenario; not operator capacity
central,7,southwest,2.0,static engineering mechanism scenario; not operator capacity
central,8,east,4.0,static engineering mechanism scenario; not operator capacity
central,8,north,2.0,static engineering mechanism scenario; not operator capacity
central,8,northwest,2.0,static engineering mechanism scenario; not operator capacity
central,8,southwest,2.0,static engineering mechanism scenario; not operator capacity
central,9,east,4.0,static engineering mechanism scenario; not operator capacity
central,9,north,2.0,static engineering mechanism scenario; not operator capacity
central,9,northwest,2.0,static engineering mechanism scenario; not operator capacity
central,9,southwest,2.0,static engineering mechanism scenario; not operator capacity
central,10,east,4.0,static engineering mechanism scenario; not operator capacity
central,10,north,2.0,static engineering mechanism scenario; not operator capacity
central,10,northwest,2.0,static engineering mechanism scenario; not operator capacity
central,10,southwest,2.0,static engineering mechanism scenario; not operator capacity
central,11,east,4.0,static engineering mechanism scenario; not operator capacity
central,11,north,2.0,static engineering mechanism scenario; not operator capacity
central,11,northwest,2.0,static engineering mechanism scenario; not operator capacity
central,11,southwest,2.0,static engineering mechanism scenario; not operator capacity
central,12,east,4.0,static engineering mechanism scenario; not operator capacity
central,12,north,2.0,static engineering mechanism scenario; not operator capacity
central,12,northwest,2.0,static engineering mechanism scenario; not operator capacity
central,12,southwest,2.0,static engineering mechanism scenario; not operator capacity
central,13,east,4.0,static engineering mechanism scenario; not operator capacity
central,13,north,2.0,static engineering mechanism scenario; not operator capacity
central,13,northwest,2.0,static engineering mechanism scenario; not operator capacity
central,13,southwest,2.0,static engineering mechanism scenario; not operator capacity
central,14,east,4.0,static engineering mechanism scenario; not operator capacity
central,14,north,2.0,static engineering mechanism scenario; not operator capacity
central,14,northwest,2.0,static engineering mechanism scenario; not operator capacity
central,14,southwest,2.0,static engineering mechanism scenario; not operator capacity
central,15,east,4.0,static engineering mechanism scenario; not operator capacity
central,15,north,2.0,static engineering mechanism scenario; not operator capacity
central,15,northwest,2.0,static engineering mechanism scenario; not operator capacity
central,15,southwest,2.0,static engineering mechanism scenario; not operator capacity
central,16,east,4.0,static engineering mechanism scenario; not operator capacity
central,16,north,2.0,static engineering mechanism scenario; not operator capacity
central,16,northwest,2.0,static engineering mechanism scenario; not operator capacity
central,16,southwest,2.0,static engineering mechanism scenario; not operator capacity
central,17,east,4.0,static engineering mechanism scenario; not operator capacity
central,17,north,2.0,static engineering mechanism scenario; not operator capacity
central,17,northwest,2.0,static engineering mechanism scenario; not operator capacity
central,17,southwest,2.0,static engineering mechanism scenario; not operator capacity
central,18,east,4.0,static engineering mechanism scenario; not operator capacity
central,18,north,2.0,static engineering mechanism scenario; not operator capacity
central,18,northwest,2.0,static engineering mechanism scenario; not operator capacity
central,18,southwest,2.0,static engineering mechanism scenario; not operator capacity
central,19,east,4.0,static engineering mechanism scenario; not operator capacity
central,19,north,2.0,static engineering mechanism scenario; not operator capacity
central,19,northwest,2.0,static engineering mechanism scenario; not operator capacity
central,19,southwest,2.0,static engineering mechanism scenario; not operator capacity
central,20,east,4.0,static engineering mechanism scenario; not operator capacity
central,20,north,2.0,static engineering mechanism scenario; not operator capacity
central,20,northwest,2.0,static engineering mechanism scenario; not operator capacity
central,20,southwest,2.0,static engineering mechanism scenario; not operator capacity
central,21,east,4.0,static engineering mechanism scenario; not operator capacity
central,21,north,2.0,static engineering mechanism scenario; not operator capacity
central,21,northwest,2.0,static engineering mechanism scenario; not operator capacity
central,21,southwest,2.0,static engineering mechanism scenario; not operator capacity
central,22,east,4.0,static engineering mechanism scenario; not operator capacity
central,22,north,2.0,static engineering mechanism scenario; not operator capacity
central,22,northwest,2.0,static engineering mechanism scenario; not operator capacity
central,22,southwest,2.0,static engineering mechanism scenario; not operator capacity
central,23,east,4.0,static engineering mechanism scenario; not operator capacity
central,23,north,2.0,static engineering mechanism scenario; not operator capacity
central,23,northwest,2.0,static engineering mechanism scenario; not operator capacity
central,23,southwest,2.0,static engineering mechanism scenario; not operator capacity
central,24,east,4.0,static engineering mechanism scenario; not operator capacity
central,24,north,2.0,static engineering mechanism scenario; not operator capacity
central,24,northwest,2.0,static engineering mechanism scenario; not operator capacity
central,24,southwest,2.0,static engineering mechanism scenario; not operator capacity
central,25,east,4.0,static engineering mechanism scenario; not operator capacity
central,25,north,2.0,static engineering mechanism scenario; not operator capacity
central,25,northwest,2.0,static engineering mechanism scenario; not operator capacity
central,25,southwest,2.0,static engineering mechanism scenario; not operator capacity
central,26,east,4.0,static engineering mechanism scenario; not operator capacity
central,26,north,2.0,static engineering mechanism scenario; not operator capacity
central,26,northwest,2.0,static engineering mechanism scenario; not operator capacity
central,26,southwest,2.0,static engineering mechanism scenario; not operator capacity
central,27,east,4.0,static engineering mechanism scenario; not operator capacity
central,27,north,2.0,static engineering mechanism scenario; not operator capacity
central,27,northwest,2.0,static engineering mechanism scenario; not operator capacity
central,27,southwest,2.0,static engineering mechanism scenario; not operator capacity
central,28,east,4.0,static engineering mechanism scenario; not operator capacity
central,28,north,2.0,static engineering mechanism scenario; not operator capacity
central,28,northwest,2.0,static engineering mechanism scenario; not operator capacity
central,28,southwest,2.0,static engineering mechanism scenario; not operator capacity
central,29,east,4.0,static engineering mechanism scenario; not operator capacity
central,29,north,2.0,static engineering mechanism scenario; not operator capacity
central,29,northwest,2.0,static engineering mechanism scenario; not operator capacity
central,29,southwest,2.0,static engineering mechanism scenario; not operator capacity
central,30,east,4.0,static engineering mechanism scenario; not operator capacity
central,30,north,2.0,static engineering mechanism scenario; not operator capacity
central,30,northwest,2.0,static engineering mechanism scenario; not operator capacity
central,30,southwest,2.0,static engineering mechanism scenario; not operator capacity
central,31,east,4.0,static engineering mechanism scenario; not operator capacity
central,31,north,2.0,static engineering mechanism scenario; not operator capacity
central,31,northwest,2.0,static engineering mechanism scenario; not operator capacity
central,31,southwest,2.0,static engineering mechanism scenario; not operator capacity
central,32,east,4.0,static engineering mechanism scenario; not operator capacity
central,32,north,2.0,static engineering mechanism scenario; not operator capacity
central,32,northwest,2.0,static engineering mechanism scenario; not operator capacity
central,32,southwest,2.0,static engineering mechanism scenario; not operator capacity
central,33,east,4.0,static engineering mechanism scenario; not operator capacity
central,33,north,2.0,static engineering mechanism scenario; not operator capacity
central,33,northwest,2.0,static engineering mechanism scenario; not operator capacity
central,33,southwest,2.0,static engineering mechanism scenario; not operator capacity
central,34,east,4.0,static engineering mechanism scenario; not operator capacity
central,34,north,2.0,static engineering mechanism scenario; not operator capacity
central,34,northwest,2.0,static engineering mechanism scenario; not operator capacity
central,34,southwest,2.0,static engineering mechanism scenario; not operator capacity
central,35,east,4.0,static engineering mechanism scenario; not operator capacity
central,35,north,2.0,static engineering mechanism scenario; not operator capacity
central,35,northwest,2.0,static engineering mechanism scenario; not operator capacity
central,35,southwest,2.0,static engineering mechanism scenario; not operator capacity
central,36,east,4.0,static engineering mechanism scenario; not operator capacity
central,36,north,2.0,static engineering mechanism scenario; not operator capacity
central,36,northwest,2.0,static engineering mechanism scenario; not operator capacity
central,36,southwest,2.0,static engineering mechanism scenario; not operator capacity
central,37,east,4.0,static engineering mechanism scenario; not operator capacity
central,37,north,2.0,static engineering mechanism scenario; not operator capacity
central,37,northwest,2.0,static engineering mechanism scenario; not operator capacity
central,37,southwest,2.0,static engineering mechanism scenario; not operator capacity
central,38,east,4.0,static engineering mechanism scenario; not operator capacity
central,38,north,2.0,static engineering mechanism scenario; not operator capacity
central,38,northwest,2.0,static engineering mechanism scenario; not operator capacity
central,38,southwest,2.0,static engineering mechanism scenario; not operator capacity
central,39,east,4.0,static engineering mechanism scenario; not operator capacity
central,39,north,2.0,static engineering mechanism scenario; not operator capacity
central,39,northwest,2.0,static engineering mechanism scenario; not operator capacity
central,39,southwest,2.0,static engineering mechanism scenario; not operator capacity
central,40,east,4.0,static engineering mechanism scenario; not operator capacity
central,40,north,2.0,static engineering mechanism scenario; not operator capacity
central,40,northwest,2.0,static engineering mechanism scenario; not operator capacity
central,40,southwest,2.0,static engineering mechanism scenario; not operator capacity
central,41,east,4.0,static engineering mechanism scenario; not operator capacity
central,41,north,2.0,static engineering mechanism scenario; not operator capacity
central,41,northwest,2.0,static engineering mechanism scenario; not operator capacity
central,41,southwest,2.0,static engineering mechanism scenario; not operator capacity
central,42,east,4.0,static engineering mechanism scenario; not operator capacity
central,42,north,2.0,static engineering mechanism scenario; not operator capacity
central,42,northwest,2.0,static engineering mechanism scenario; not operator capacity
central,42,southwest,2.0,static engineering mechanism scenario; not operator capacity
central,43,east,4.0,static engineering mechanism scenario; not operator capacity
central,43,north,2.0,static engineering mechanism scenario; not operator capacity
central,43,northwest,2.0,static engineering mechanism scenario; not operator capacity
central,43,southwest,2.0,static engineering mechanism scenario; not operator capacity
central,44,east,4.0,static engineering mechanism scenario; not operator capacity
central,44,north,2.0,static engineering mechanism scenario; not operator capacity
central,44,northwest,2.0,static engineering mechanism scenario; not operator capacity
central,44,southwest,2.0,static engineering mechanism scenario; not operator capacity
central,45,east,4.0,static engineering mechanism scenario; not operator capacity
central,45,north,2.0,static engineering mechanism scenario; not operator capacity
central,45,northwest,2.0,static engineering mechanism scenario; not operator capacity
central,45,southwest,2.0,static engineering mechanism scenario; not operator capacity
central,46,east,4.0,static engineering mechanism scenario; not operator capacity
central,46,north,2.0,static engineering mechanism scenario; not operator capacity
central,46,northwest,2.0,static engineering mechanism scenario; not operator capacity
central,46,southwest,2.0,static engineering mechanism scenario; not operator capacity
central,47,east,4.0,static engineering mechanism scenario; not operator capacity
central,47,north,2.0,static engineering mechanism scenario; not operator capacity
central,47,northwest,2.0,static engineering mechanism scenario; not operator capacity
central,47,southwest,2.0,static engineering mechanism scenario; not operator capacity
central,48,east,4.0,static engineering mechanism scenario; not operator capacity
central,48,north,2.0,static engineering mechanism scenario; not operator capacity
central,48,northwest,2.0,static engineering mechanism scenario; not operator capacity
central,48,southwest,2.0,static engineering mechanism scenario; not operator capacity
central,49,east,4.0,static engineering mechanism scenario; not operator capacity
central,49,north,2.0,static engineering mechanism scenario; not operator capacity
central,49,northwest,2.0,static engineering mechanism scenario; not operator capacity
central,49,southwest,2.0,static engineering mechanism scenario; not operator capacity
central,50,east,4.0,static engineering mechanism scenario; not operator capacity
central,50,north,2.0,static engineering mechanism scenario; not operator capacity
central,50,northwest,2.0,static engineering mechanism scenario; not operator capacity
central,50,southwest,2.0,static engineering mechanism scenario; not operator capacity
central,51,east,4.0,static engineering mechanism scenario; not operator capacity
central,51,north,2.0,static engineering mechanism scenario; not operator capacity
central,51,northwest,2.0,static engineering mechanism scenario; not operator capacity
central,51,southwest,2.0,static engineering mechanism scenario; not operator capacity
central,52,east,4.0,static engineering mechanism scenario; not operator capacity
central,52,north,2.0,static engineering mechanism scenario; not operator capacity
central,52,northwest,2.0,static engineering mechanism scenario; not operator capacity
central,52,southwest,2.0,static engineering mechanism scenario; not operator capacity
central,53,east,4.0,static engineering mechanism scenario; not operator capacity
central,53,north,2.0,static engineering mechanism scenario; not operator capacity
central,53,northwest,2.0,static engineering mechanism scenario; not operator capacity
central,53,southwest,2.0,static engineering mechanism scenario; not operator capacity
central,54,east,4.0,static engineering mechanism scenario; not operator capacity
central,54,north,2.0,static engineering mechanism scenario; not operator capacity
central,54,northwest,2.0,static engineering mechanism scenario; not operator capacity
central,54,southwest,2.0,static engineering mechanism scenario; not operator capacity
central,55,east,4.0,static engineering mechanism scenario; not operator capacity
central,55,north,2.0,static engineering mechanism scenario; not operator capacity
central,55,northwest,2.0,static engineering mechanism scenario; not operator capacity
central,55,southwest,2.0,static engineering mechanism scenario; not operator capacity
central,56,east,4.0,static engineering mechanism scenario; not operator capacity
central,56,north,2.0,static engineering mechanism scenario; not operator capacity
central,56,northwest,2.0,static engineering mechanism scenario; not operator capacity
central,56,southwest,2.0,static engineering mechanism scenario; not operator capacity
central,57,east,4.0,static engineering mechanism scenario; not operator capacity
central,57,north,2.0,static engineering mechanism scenario; not operator capacity
central,57,northwest,2.0,static engineering mechanism scenario; not operator capacity
central,57,southwest,2.0,static engineering mechanism scenario; not operator capacity
central,58,east,4.0,static engineering mechanism scenario; not operator capacity
central,58,north,2.0,static engineering mechanism scenario; not operator capacity
central,58,northwest,2.0,static engineering mechanism scenario; not operator capacity
central,58,southwest,2.0,static engineering mechanism scenario; not operator capacity
central,59,east,4.0,static engineering mechanism scenario; not operator capacity
central,59,north,2.0,static engineering mechanism scenario; not operator capacity
central,59,northwest,2.0,static engineering mechanism scenario; not operator capacity
central,59,southwest,2.0,static engineering mechanism scenario; not operator capacity
central,60,east,4.0,static engineering mechanism scenario; not operator capacity
central,60,north,2.0,static engineering mechanism scenario; not operator capacity
central,60,northwest,2.0,static engineering mechanism scenario; not operator capacity
central,60,southwest,2.0,static engineering mechanism scenario; not operator capacity
central,61,east,4.0,static engineering mechanism scenario; not operator capacity
central,61,north,2.0,static engineering mechanism scenario; not operator capacity
central,61,northwest,2.0,static engineering mechanism scenario; not operator capacity
central,61,southwest,2.0,static engineering mechanism scenario; not operator capacity
central,62,east,4.0,static engineering mechanism scenario; not operator capacity
central,62,north,2.0,static engineering mechanism scenario; not operator capacity
central,62,northwest,2.0,static engineering mechanism scenario; not operator capacity
central,62,southwest,2.0,static engineering mechanism scenario; not operator capacity
central,63,east,4.0,static engineering mechanism scenario; not operator capacity
central,63,north,2.0,static engineering mechanism scenario; not operator capacity
central,63,northwest,2.0,static engineering mechanism scenario; not operator capacity
central,63,southwest,2.0,static engineering mechanism scenario; not operator capacity
central,64,east,4.0,static engineering mechanism scenario; not operator capacity
central,64,north,2.0,static engineering mechanism scenario; not operator capacity
central,64,northwest,2.0,static engineering mechanism scenario; not operator capacity
central,64,southwest,2.0,static engineering mechanism scenario; not operator capacity
central,65,east,4.0,static engineering mechanism scenario; not operator capacity
central,65,north,2.0,static engineering mechanism scenario; not operator capacity
central,65,northwest,2.0,static engineering mechanism scenario; not operator capacity
central,65,southwest,2.0,static engineering mechanism scenario; not operator capacity
central,66,east,4.0,static engineering mechanism scenario; not operator capacity
central,66,north,2.0,static engineering mechanism scenario; not operator capacity
central,66,northwest,2.0,static engineering mechanism scenario; not operator capacity
central,66,southwest,2.0,static engineering mechanism scenario; not operator capacity
central,67,east,4.0,static engineering mechanism scenario; not operator capacity
central,67,north,2.0,static engineering mechanism scenario; not operator capacity
central,67,northwest,2.0,static engineering mechanism scenario; not operator capacity
central,67,southwest,2.0,static engineering mechanism scenario; not operator capacity
central,68,east,4.0,static engineering mechanism scenario; not operator capacity
central,68,north,2.0,static engineering mechanism scenario; not operator capacity
central,68,northwest,2.0,static engineering mechanism scenario; not operator capacity
central,68,southwest,2.0,static engineering mechanism scenario; not operator capacity
central,69,east,4.0,static engineering mechanism scenario; not operator capacity
central,69,north,2.0,static engineering mechanism scenario; not operator capacity
central,69,northwest,2.0,static engineering mechanism scenario; not operator capacity
central,69,southwest,2.0,static engineering mechanism scenario; not operator capacity
central,70,east,4.0,static engineering mechanism scenario; not operator capacity
central,70,north,2.0,static engineering mechanism scenario; not operator capacity
central,70,northwest,2.0,static engineering mechanism scenario; not operator capacity
central,70,southwest,2.0,static engineering mechanism scenario; not operator capacity
central,71,east,4.0,static engineering mechanism scenario; not operator capacity
central,71,north,2.0,static engineering mechanism scenario; not operator capacity
central,71,northwest,2.0,static engineering mechanism scenario; not operator capacity
central,71,southwest,2.0,static engineering mechanism scenario; not operator capacity
central,72,east,4.0,static engineering mechanism scenario; not operator capacity
central,72,north,2.0,static engineering mechanism scenario; not operator capacity
central,72,northwest,2.0,static engineering mechanism scenario; not operator capacity
central,72,southwest,2.0,static engineering mechanism scenario; not operator capacity
central,73,east,4.0,static engineering mechanism scenario; not operator capacity
central,73,north,2.0,static engineering mechanism scenario; not operator capacity
central,73,northwest,2.0,static engineering mechanism scenario; not operator capacity
central,73,southwest,2.0,static engineering mechanism scenario; not operator capacity
central,74,east,4.0,static engineering mechanism scenario; not operator capacity
central,74,north,2.0,static engineering mechanism scenario; not operator capacity
central,74,northwest,2.0,static engineering mechanism scenario; not operator capacity
central,74,southwest,2.0,static engineering mechanism scenario; not operator capacity
central,75,east,4.0,static engineering mechanism scenario; not operator capacity
central,75,north,2.0,static engineering mechanism scenario; not operator capacity
central,75,northwest,2.0,static engineering mechanism scenario; not operator capacity
central,75,southwest,2.0,static engineering mechanism scenario; not operator capacity
central,76,east,4.0,static engineering mechanism scenario; not operator capacity
central,76,north,2.0,static engineering mechanism scenario; not operator capacity
central,76,northwest,2.0,static engineering mechanism scenario; not operator capacity
central,76,southwest,2.0,static engineering mechanism scenario; not operator capacity
central,77,east,4.0,static engineering mechanism scenario; not operator capacity
central,77,north,2.0,static engineering mechanism scenario; not operator capacity
central,77,northwest,2.0,static engineering mechanism scenario; not operator capacity
central,77,southwest,2.0,static engineering mechanism scenario; not operator capacity
central,78,east,4.0,static engineering mechanism scenario; not operator capacity
central,78,north,2.0,static engineering mechanism scenario; not operator capacity
central,78,northwest,2.0,static engineering mechanism scenario; not operator capacity
central,78,southwest,2.0,static engineering mechanism scenario; not operator capacity
central,79,east,4.0,static engineering mechanism scenario; not operator capacity
central,79,north,2.0,static engineering mechanism scenario; not operator capacity
central,79,northwest,2.0,static engineering mechanism scenario; not operator capacity
central,79,southwest,2.0,static engineering mechanism scenario; not operator capacity
central,80,east,4.0,static engineering mechanism scenario; not operator capacity
central,80,north,2.0,static engineering mechanism scenario; not operator capacity
central,80,northwest,2.0,static engineering mechanism scenario; not operator capacity
central,80,southwest,2.0,static engineering mechanism scenario; not operator capacity
central,81,east,4.0,static engineering mechanism scenario; not operator capacity
central,81,north,2.0,static engineering mechanism scenario; not operator capacity
central,81,northwest,2.0,static engineering mechanism scenario; not operator capacity
central,81,southwest,2.0,static engineering mechanism scenario; not operator capacity
central,82,east,4.0,static engineering mechanism scenario; not operator capacity
central,82,north,2.0,static engineering mechanism scenario; not operator capacity
central,82,northwest,2.0,static engineering mechanism scenario; not operator capacity
central,82,southwest,2.0,static engineering mechanism scenario; not operator capacity
central,83,east,4.0,static engineering mechanism scenario; not operator capacity
central,83,north,2.0,static engineering mechanism scenario; not operator capacity
central,83,northwest,2.0,static engineering mechanism scenario; not operator capacity
central,83,southwest,2.0,static engineering mechanism scenario; not operator capacity
central,84,east,4.0,static engineering mechanism scenario; not operator capacity
central,84,north,2.0,static engineering mechanism scenario; not operator capacity
central,84,northwest,2.0,static engineering mechanism scenario; not operator capacity
central,84,southwest,2.0,static engineering mechanism scenario; not operator capacity
central,85,east,4.0,static engineering mechanism scenario; not operator capacity
central,85,north,2.0,static engineering mechanism scenario; not operator capacity
central,85,northwest,2.0,static engineering mechanism scenario; not operator capacity
central,85,southwest,2.0,static engineering mechanism scenario; not operator capacity
central,86,east,4.0,static engineering mechanism scenario; not operator capacity
central,86,north,2.0,static engineering mechanism scenario; not operator capacity
central,86,northwest,2.0,static engineering mechanism scenario; not operator capacity
central,86,southwest,2.0,static engineering mechanism scenario; not operator capacity
central,87,east,4.0,static engineering mechanism scenario; not operator capacity
central,87,north,2.0,static engineering mechanism scenario; not operator capacity
central,87,northwest,2.0,static engineering mechanism scenario; not operator capacity
central,87,southwest,2.0,static engineering mechanism scenario; not operator capacity
central,88,east,4.0,static engineering mechanism scenario; not operator capacity
central,88,north,2.0,static engineering mechanism scenario; not operator capacity
central,88,northwest,2.0,static engineering mechanism scenario; not operator capacity
central,88,southwest,2.0,static engineering mechanism scenario; not operator capacity
central,89,east,4.0,static engineering mechanism scenario; not operator capacity
central,89,north,2.0,static engineering mechanism scenario; not operator capacity
central,89,northwest,2.0,static engineering mechanism scenario; not operator capacity
central,89,southwest,2.0,static engineering mechanism scenario; not operator capacity
central,90,east,4.0,static engineering mechanism scenario; not operator capacity
central,90,north,2.0,static engineering mechanism scenario; not operator capacity
central,90,northwest,2.0,static engineering mechanism scenario; not operator capacity
central,90,southwest,2.0,static engineering mechanism scenario; not operator capacity
central,91,east,4.0,static engineering mechanism scenario; not operator capacity
central,91,north,2.0,static engineering mechanism scenario; not operator capacity
central,91,northwest,2.0,static engineering mechanism scenario; not operator capacity
central,91,southwest,2.0,static engineering mechanism scenario; not operator capacity
central,92,east,4.0,static engineering mechanism scenario; not operator capacity
central,92,north,2.0,static engineering mechanism scenario; not operator capacity
central,92,northwest,2.0,static engineering mechanism scenario; not operator capacity
central,92,southwest,2.0,static engineering mechanism scenario; not operator capacity
central,93,east,4.0,static engineering mechanism scenario; not operator capacity
central,93,north,2.0,static engineering mechanism scenario; not operator capacity
central,93,northwest,2.0,static engineering mechanism scenario; not operator capacity
central,93,southwest,2.0,static engineering mechanism scenario; not operator capacity
central,94,east,4.0,static engineering mechanism scenario; not operator capacity
central,94,north,2.0,static engineering mechanism scenario; not operator capacity
central,94,northwest,2.0,static engineering mechanism scenario; not operator capacity
central,94,southwest,2.0,static engineering mechanism scenario; not operator capacity
central,95,east,4.0,static engineering mechanism scenario; not operator capacity
central,95,north,2.0,static engineering mechanism scenario; not operator capacity
central,95,northwest,2.0,static engineering mechanism scenario; not operator capacity
central,95,southwest,2.0,static engineering mechanism scenario; not operator capacity
central,96,east,4.0,static engineering mechanism scenario; not operator capacity
central,96,north,2.0,static engineering mechanism scenario; not operator capacity
central,96,northwest,2.0,static engineering mechanism scenario; not operator capacity
central,96,southwest,2.0,static engineering mechanism scenario; not operator capacity
central,97,east,4.0,static engineering mechanism scenario; not operator capacity
central,97,north,2.0,static engineering mechanism scenario; not operator capacity
central,97,northwest,2.0,static engineering mechanism scenario; not operator capacity
central,97,southwest,2.0,static engineering mechanism scenario; not operator capacity
central,98,east,4.0,static engineering mechanism scenario; not operator capacity
central,98,north,2.0,static engineering mechanism scenario; not operator capacity
central,98,northwest,2.0,static engineering mechanism scenario; not operator capacity
central,98,southwest,2.0,static engineering mechanism scenario; not operator capacity
central,99,east,4.0,static engineering mechanism scenario; not operator capacity
central,99,north,2.0,static engineering mechanism scenario; not operator capacity
central,99,northwest,2.0,static engineering mechanism scenario; not operator capacity
central,99,southwest,2.0,static engineering mechanism scenario; not operator capacity
central,100,east,4.0,static engineering mechanism scenario; not operator capacity
central,100,north,2.0,static engineering mechanism scenario; not operator capacity
central,100,northwest,2.0,static engineering mechanism scenario; not operator capacity
central,100,southwest,2.0,static engineering mechanism scenario; not operator capacity
central,101,east,4.0,static engineering mechanism scenario; not operator capacity
central,101,north,2.0,static engineering mechanism scenario; not operator capacity
central,101,northwest,2.0,static engineering mechanism scenario; not operator capacity
central,101,southwest,2.0,static engineering mechanism scenario; not operator capacity
central,102,east,4.0,static engineering mechanism scenario; not operator capacity
central,102,north,2.0,static engineering mechanism scenario; not operator capacity
central,102,northwest,2.0,static engineering mechanism scenario; not operator capacity
central,102,southwest,2.0,static engineering mechanism scenario; not operator capacity
central,103,east,4.0,static engineering mechanism scenario; not operator capacity
central,103,north,2.0,static engineering mechanism scenario; not operator capacity
central,103,northwest,2.0,static engineering mechanism scenario; not operator capacity
central,103,southwest,2.0,static engineering mechanism scenario; not operator capacity
central,104,east,4.0,static engineering mechanism scenario; not operator capacity
central,104,north,2.0,static engineering mechanism scenario; not operator capacity
central,104,northwest,2.0,static engineering mechanism scenario; not operator capacity
central,104,southwest,2.0,static engineering mechanism scenario; not operator capacity
central,105,east,4.0,static engineering mechanism scenario; not operator capacity
central,105,north,2.0,static engineering mechanism scenario; not operator capacity
central,105,northwest,2.0,static engineering mechanism scenario; not operator capacity
central,105,southwest,2.0,static engineering mechanism scenario; not operator capacity
central,106,east,4.0,static engineering mechanism scenario; not operator capacity
central,106,north,2.0,static engineering mechanism scenario; not operator capacity
central,106,northwest,2.0,static engineering mechanism scenario; not operator capacity
central,106,southwest,2.0,static engineering mechanism scenario; not operator capacity
central,107,east,4.0,static engineering mechanism scenario; not operator capacity
central,107,north,2.0,static engineering mechanism scenario; not operator capacity
central,107,northwest,2.0,static engineering mechanism scenario; not operator capacity
central,107,southwest,2.0,static engineering mechanism scenario; not operator capacity
central,108,east,4.0,static engineering mechanism scenario; not operator capacity
central,108,north,2.0,static engineering mechanism scenario; not operator capacity
central,108,northwest,2.0,static engineering mechanism scenario; not operator capacity
central,108,southwest,2.0,static engineering mechanism scenario; not operator capacity
central,109,east,4.0,static engineering mechanism scenario; not operator capacity
central,109,north,2.0,static engineering mechanism scenario; not operator capacity
central,109,northwest,2.0,static engineering mechanism scenario; not operator capacity
central,109,southwest,2.0,static engineering mechanism scenario; not operator capacity
central,110,east,4.0,static engineering mechanism scenario; not operator capacity
central,110,north,2.0,static engineering mechanism scenario; not operator capacity
central,110,northwest,2.0,static engineering mechanism scenario; not operator capacity
central,110,southwest,2.0,static engineering mechanism scenario; not operator capacity
central,111,east,4.0,static engineering mechanism scenario; not operator capacity
central,111,north,2.0,static engineering mechanism scenario; not operator capacity
central,111,northwest,2.0,static engineering mechanism scenario; not operator capacity
central,111,southwest,2.0,static engineering mechanism scenario; not operator capacity
central,112,east,4.0,static engineering mechanism scenario; not operator capacity
central,112,north,2.0,static engineering mechanism scenario; not operator capacity
central,112,northwest,2.0,static engineering mechanism scenario; not operator capacity
central,112,southwest,2.0,static engineering mechanism scenario; not operator capacity
central,113,east,4.0,static engineering mechanism scenario; not operator capacity
central,113,north,2.0,static engineering mechanism scenario; not operator capacity
central,113,northwest,2.0,static engineering mechanism scenario; not operator capacity
central,113,southwest,2.0,static engineering mechanism scenario; not operator capacity
central,114,east,4.0,static engineering mechanism scenario; not operator capacity
central,114,north,2.0,static engineering mechanism scenario; not operator capacity
central,114,northwest,2.0,static engineering mechanism scenario; not operator capacity
central,114,southwest,2.0,static engineering mechanism scenario; not operator capacity
central,115,east,4.0,static engineering mechanism scenario; not operator capacity
central,115,north,2.0,static engineering mechanism scenario; not operator capacity
central,115,northwest,2.0,static engineering mechanism scenario; not operator capacity
central,115,southwest,2.0,static engineering mechanism scenario; not operator capacity
central,116,east,4.0,static engineering mechanism scenario; not operator capacity
central,116,north,2.0,static engineering mechanism scenario; not operator capacity
central,116,northwest,2.0,static engineering mechanism scenario; not operator capacity
central,116,southwest,2.0,static engineering mechanism scenario; not operator capacity
central,117,east,4.0,static engineering mechanism scenario; not operator capacity
central,117,north,2.0,static engineering mechanism scenario; not operator capacity
central,117,northwest,2.0,static engineering mechanism scenario; not operator capacity
central,117,southwest,2.0,static engineering mechanism scenario; not operator capacity
central,118,east,4.0,static engineering mechanism scenario; not operator capacity
central,118,north,2.0,static engineering mechanism scenario; not operator capacity
central,118,northwest,2.0,static engineering mechanism scenario; not operator capacity
central,118,southwest,2.0,static engineering mechanism scenario; not operator capacity
central,119,east,4.0,static engineering mechanism scenario; not operator capacity
central,119,north,2.0,static engineering mechanism scenario; not operator capacity
central,119,northwest,2.0,static engineering mechanism scenario; not operator capacity
central,119,southwest,2.0,static engineering mechanism scenario; not operator capacity
central,120,east,4.0,static engineering mechanism scenario; not operator capacity
central,120,north,2.0,static engineering mechanism scenario; not operator capacity
central,120,northwest,2.0,static engineering mechanism scenario; not operator capacity
central,120,southwest,2.0,static engineering mechanism scenario; not operator capacity
central,121,east,4.0,static engineering mechanism scenario; not operator capacity
central,121,north,2.0,static engineering mechanism scenario; not operator capacity
central,121,northwest,2.0,static engineering mechanism scenario; not operator capacity
central,121,southwest,2.0,static engineering mechanism scenario; not operator capacity
central,122,east,4.0,static engineering mechanism scenario; not operator capacity
central,122,north,2.0,static engineering mechanism scenario; not operator capacity
central,122,northwest,2.0,static engineering mechanism scenario; not operator capacity
central,122,southwest,2.0,static engineering mechanism scenario; not operator capacity
central,123,east,4.0,static engineering mechanism scenario; not operator capacity
central,123,north,2.0,static engineering mechanism scenario; not operator capacity
central,123,northwest,2.0,static engineering mechanism scenario; not operator capacity
central,123,southwest,2.0,static engineering mechanism scenario; not operator capacity
central,124,east,4.0,static engineering mechanism scenario; not operator capacity
central,124,north,2.0,static engineering mechanism scenario; not operator capacity
central,124,northwest,2.0,static engineering mechanism scenario; not operator capacity
central,124,southwest,2.0,static engineering mechanism scenario; not operator capacity
central,125,east,4.0,static engineering mechanism scenario; not operator capacity
central,125,north,2.0,static engineering mechanism scenario; not operator capacity
central,125,northwest,2.0,static engineering mechanism scenario; not operator capacity
central,125,southwest,2.0,static engineering mechanism scenario; not operator capacity
central,126,east,4.0,static engineering mechanism scenario; not operator capacity
central,126,north,2.0,static engineering mechanism scenario; not operator capacity
central,126,northwest,2.0,static engineering mechanism scenario; not operator capacity
central,126,southwest,2.0,static engineering mechanism scenario; not operator capacity
central,127,east,4.0,static engineering mechanism scenario; not operator capacity
central,127,north,2.0,static engineering mechanism scenario; not operator capacity
central,127,northwest,2.0,static engineering mechanism scenario; not operator capacity
central,127,southwest,2.0,static engineering mechanism scenario; not operator capacity
central,128,east,4.0,static engineering mechanism scenario; not operator capacity
central,128,north,2.0,static engineering mechanism scenario; not operator capacity
central,128,northwest,2.0,static engineering mechanism scenario; not operator capacity
central,128,southwest,2.0,static engineering mechanism scenario; not operator capacity
central,129,east,4.0,static engineering mechanism scenario; not operator capacity
central,129,north,2.0,static engineering mechanism scenario; not operator capacity
central,129,northwest,2.0,static engineering mechanism scenario; not operator capacity
central,129,southwest,2.0,static engineering mechanism scenario; not operator capacity
central,130,east,4.0,static engineering mechanism scenario; not operator capacity
central,130,north,2.0,static engineering mechanism scenario; not operator capacity
central,130,northwest,2.0,static engineering mechanism scenario; not operator capacity
central,130,southwest,2.0,static engineering mechanism scenario; not operator capacity
central,131,east,4.0,static engineering mechanism scenario; not operator capacity
central,131,north,2.0,static engineering mechanism scenario; not operator capacity
central,131,northwest,2.0,static engineering mechanism scenario; not operator capacity
central,131,southwest,2.0,static engineering mechanism scenario; not operator capacity
central,132,east,4.0,static engineering mechanism scenario; not operator capacity
central,132,north,2.0,static engineering mechanism scenario; not operator capacity
central,132,northwest,2.0,static engineering mechanism scenario; not operator capacity
central,132,southwest,2.0,static engineering mechanism scenario; not operator capacity
central,133,east,4.0,static engineering mechanism scenario; not operator capacity
central,133,north,2.0,static engineering mechanism scenario; not operator capacity
central,133,northwest,2.0,static engineering mechanism scenario; not operator capacity
central,133,southwest,2.0,static engineering mechanism scenario; not operator capacity
central,134,east,4.0,static engineering mechanism scenario; not operator capacity
central,134,north,2.0,static engineering mechanism scenario; not operator capacity
central,134,northwest,2.0,static engineering mechanism scenario; not operator capacity
central,134,southwest,2.0,static engineering mechanism scenario; not operator capacity
central,135,east,4.0,static engineering mechanism scenario; not operator capacity
central,135,north,2.0,static engineering mechanism scenario; not operator capacity
central,135,northwest,2.0,static engineering mechanism scenario; not operator capacity
central,135,southwest,2.0,static engineering mechanism scenario; not operator capacity
central,136,east,4.0,static engineering mechanism scenario; not operator capacity
central,136,north,2.0,static engineering mechanism scenario; not operator capacity
central,136,northwest,2.0,static engineering mechanism scenario; not operator capacity
central,136,southwest,2.0,static engineering mechanism scenario; not operator capacity
central,137,east,4.0,static engineering mechanism scenario; not operator capacity
central,137,north,2.0,static engineering mechanism scenario; not operator capacity
central,137,northwest,2.0,static engineering mechanism scenario; not operator capacity
central,137,southwest,2.0,static engineering mechanism scenario; not operator capacity
central,138,east,4.0,static engineering mechanism scenario; not operator capacity
central,138,north,2.0,static engineering mechanism scenario; not operator capacity
central,138,northwest,2.0,static engineering mechanism scenario; not operator capacity
central,138,southwest,2.0,static engineering mechanism scenario; not operator capacity
central,139,east,4.0,static engineering mechanism scenario; not operator capacity
central,139,north,2.0,static engineering mechanism scenario; not operator capacity
central,139,northwest,2.0,static engineering mechanism scenario; not operator capacity
central,139,southwest,2.0,static engineering mechanism scenario; not operator capacity
central,140,east,4.0,static engineering mechanism scenario; not operator capacity
central,140,north,2.0,static engineering mechanism scenario; not operator capacity
central,140,northwest,2.0,static engineering mechanism scenario; not operator capacity
central,140,southwest,2.0,static engineering mechanism scenario; not operator capacity
central,141,east,4.0,static engineering mechanism scenario; not operator capacity
central,141,north,2.0,static engineering mechanism scenario; not operator capacity
central,141,northwest,2.0,static engineering mechanism scenario; not operator capacity
central,141,southwest,2.0,static engineering mechanism scenario; not operator capacity
central,142,east,4.0,static engineering mechanism scenario; not operator capacity
central,142,north,2.0,static engineering mechanism scenario; not operator capacity
central,142,northwest,2.0,static engineering mechanism scenario; not operator capacity
central,142,southwest,2.0,static engineering mechanism scenario; not operator capacity
central,143,east,4.0,static engineering mechanism scenario; not operator capacity
central,143,north,2.0,static engineering mechanism scenario; not operator capacity
central,143,northwest,2.0,static engineering mechanism scenario; not operator capacity
central,143,southwest,2.0,static engineering mechanism scenario; not operator capacity
central,144,east,4.0,static engineering mechanism scenario; not operator capacity
central,144,north,2.0,static engineering mechanism scenario; not operator capacity
central,144,northwest,2.0,static engineering mechanism scenario; not operator capacity
central,144,southwest,2.0,static engineering mechanism scenario; not operator capacity
central,145,east,4.0,static engineering mechanism scenario; not operator capacity
central,145,north,2.0,static engineering mechanism scenario; not operator capacity
central,145,northwest,2.0,static engineering mechanism scenario; not operator capacity
central,145,southwest,2.0,static engineering mechanism scenario; not operator capacity
central,146,east,4.0,static engineering mechanism scenario; not operator capacity
central,146,north,2.0,static engineering mechanism scenario; not operator capacity
central,146,northwest,2.0,static engineering mechanism scenario; not operator capacity
central,146,southwest,2.0,static engineering mechanism scenario; not operator capacity
central,147,east,4.0,static engineering mechanism scenario; not operator capacity
central,147,north,2.0,static engineering mechanism scenario; not operator capacity
central,147,northwest,2.0,static engineering mechanism scenario; not operator capacity
central,147,southwest,2.0,static engineering mechanism scenario; not operator capacity
central,148,east,4.0,static engineering mechanism scenario; not operator capacity
central,148,north,2.0,static engineering mechanism scenario; not operator capacity
central,148,northwest,2.0,static engineering mechanism scenario; not operator capacity
central,148,southwest,2.0,static engineering mechanism scenario; not operator capacity
central,149,east,4.0,static engineering mechanism scenario; not operator capacity
central,149,north,2.0,static engineering mechanism scenario; not operator capacity
central,149,northwest,2.0,static engineering mechanism scenario; not operator capacity
central,149,southwest,2.0,static engineering mechanism scenario; not operator capacity
central,150,east,4.0,static engineering mechanism scenario; not operator capacity
central,150,north,2.0,static engineering mechanism scenario; not operator capacity
central,150,northwest,2.0,static engineering mechanism scenario; not operator capacity
central,150,southwest,2.0,static engineering mechanism scenario; not operator capacity
central,151,east,4.0,static engineering mechanism scenario; not operator capacity
central,151,north,2.0,static engineering mechanism scenario; not operator capacity
central,151,northwest,2.0,static engineering mechanism scenario; not operator capacity
central,151,southwest,2.0,static engineering mechanism scenario; not operator capacity
central,152,east,4.0,static engineering mechanism scenario; not operator capacity
central,152,north,2.0,static engineering mechanism scenario; not operator capacity
central,152,northwest,2.0,static engineering mechanism scenario; not operator capacity
central,152,southwest,2.0,static engineering mechanism scenario; not operator capacity
central,153,east,4.0,static engineering mechanism scenario; not operator capacity
central,153,north,2.0,static engineering mechanism scenario; not operator capacity
central,153,northwest,2.0,static engineering mechanism scenario; not operator capacity
central,153,southwest,2.0,static engineering mechanism scenario; not operator capacity
central,154,east,4.0,static engineering mechanism scenario; not operator capacity
central,154,north,2.0,static engineering mechanism scenario; not operator capacity
central,154,northwest,2.0,static engineering mechanism scenario; not operator capacity
central,154,southwest,2.0,static engineering mechanism scenario; not operator capacity
central,155,east,4.0,static engineering mechanism scenario; not operator capacity
central,155,north,2.0,static engineering mechanism scenario; not operator capacity
central,155,northwest,2.0,static engineering mechanism scenario; not operator capacity
central,155,southwest,2.0,static engineering mechanism scenario; not operator capacity
central,156,east,4.0,static engineering mechanism scenario; not operator capacity
central,156,north,2.0,static engineering mechanism scenario; not operator capacity
central,156,northwest,2.0,static engineering mechanism scenario; not operator capacity
central,156,southwest,2.0,static engineering mechanism scenario; not operator capacity
central,157,east,4.0,static engineering mechanism scenario; not operator capacity
central,157,north,2.0,static engineering mechanism scenario; not operator capacity
central,157,northwest,2.0,static engineering mechanism scenario; not operator capacity
central,157,southwest,2.0,static engineering mechanism scenario; not operator capacity
central,158,east,4.0,static engineering mechanism scenario; not operator capacity
central,158,north,2.0,static engineering mechanism scenario; not operator capacity
central,158,northwest,2.0,static engineering mechanism scenario; not operator capacity
central,158,southwest,2.0,static engineering mechanism scenario; not operator capacity
central,159,east,4.0,static engineering mechanism scenario; not operator capacity
central,159,north,2.0,static engineering mechanism scenario; not operator capacity
central,159,northwest,2.0,static engineering mechanism scenario; not operator capacity
central,159,southwest,2.0,static engineering mechanism scenario; not operator capacity
central,160,east,4.0,static engineering mechanism scenario; not operator capacity
central,160,north,2.0,static engineering mechanism scenario; not operator capacity
central,160,northwest,2.0,static engineering mechanism scenario; not operator capacity
central,160,southwest,2.0,static engineering mechanism scenario; not operator capacity
central,161,east,4.0,static engineering mechanism scenario; not operator capacity
central,161,north,2.0,static engineering mechanism scenario; not operator capacity
central,161,northwest,2.0,static engineering mechanism scenario; not operator capacity
central,161,southwest,2.0,static engineering mechanism scenario; not operator capacity
central,162,east,4.0,static engineering mechanism scenario; not operator capacity
central,162,north,2.0,static engineering mechanism scenario; not operator capacity
central,162,northwest,2.0,static engineering mechanism scenario; not operator capacity
central,162,southwest,2.0,static engineering mechanism scenario; not operator capacity
central,163,east,4.0,static engineering mechanism scenario; not operator capacity
central,163,north,2.0,static engineering mechanism scenario; not operator capacity
central,163,northwest,2.0,static engineering mechanism scenario; not operator capacity
central,163,southwest,2.0,static engineering mechanism scenario; not operator capacity
central,164,east,4.0,static engineering mechanism scenario; not operator capacity
central,164,north,2.0,static engineering mechanism scenario; not operator capacity
central,164,northwest,2.0,static engineering mechanism scenario; not operator capacity
central,164,southwest,2.0,static engineering mechanism scenario; not operator capacity
central,165,east,4.0,static engineering mechanism scenario; not operator capacity
central,165,north,2.0,static engineering mechanism scenario; not operator capacity
central,165,northwest,2.0,static engineering mechanism scenario; not operator capacity
central,165,southwest,2.0,static engineering mechanism scenario; not operator capacity
central,166,east,4.0,static engineering mechanism scenario; not operator capacity
central,166,north,2.0,static engineering mechanism scenario; not operator capacity
central,166,northwest,2.0,static engineering mechanism scenario; not operator capacity
central,166,southwest,2.0,static engineering mechanism scenario; not operator capacity
central,167,east,4.0,static engineering mechanism scenario; not operator capacity
central,167,north,2.0,static engineering mechanism scenario; not operator capacity
central,167,northwest,2.0,static engineering mechanism scenario; not operator capacity
central,167,southwest,2.0,static engineering mechanism scenario; not operator capacity
central,168,east,4.0,static engineering mechanism scenario; not operator capacity
central,168,north,2.0,static engineering mechanism scenario; not operator capacity
central,168,northwest,2.0,static engineering mechanism scenario; not operator capacity
central,168,southwest,2.0,static engineering mechanism scenario; not operator capacity
central,169,east,4.0,static engineering mechanism scenario; not operator capacity
central,169,north,2.0,static engineering mechanism scenario; not operator capacity
central,169,northwest,2.0,static engineering mechanism scenario; not operator capacity
central,169,southwest,2.0,static engineering mechanism scenario; not operator capacity
central,170,east,4.0,static engineering mechanism scenario; not operator capacity
central,170,north,2.0,static engineering mechanism scenario; not operator capacity
central,170,northwest,2.0,static engineering mechanism scenario; not operator capacity
central,170,southwest,2.0,static engineering mechanism scenario; not operator capacity
central,171,east,4.0,static engineering mechanism scenario; not operator capacity
central,171,north,2.0,static engineering mechanism scenario; not operator capacity
central,171,northwest,2.0,static engineering mechanism scenario; not operator capacity
central,171,southwest,2.0,static engineering mechanism scenario; not operator capacity
central,172,east,4.0,static engineering mechanism scenario; not operator capacity
central,172,north,2.0,static engineering mechanism scenario; not operator capacity
central,172,northwest,2.0,static engineering mechanism scenario; not operator capacity
central,172,southwest,2.0,static engineering mechanism scenario; not operator capacity
central,173,east,4.0,static engineering mechanism scenario; not operator capacity
central,173,north,2.0,static engineering mechanism scenario; not operator capacity
central,173,northwest,2.0,static engineering mechanism scenario; not operator capacity
central,173,southwest,2.0,static engineering mechanism scenario; not operator capacity
central,174,east,4.0,static engineering mechanism scenario; not operator capacity
central,174,north,2.0,static engineering mechanism scenario; not operator capacity
central,174,northwest,2.0,static engineering mechanism scenario; not operator capacity
central,174,southwest,2.0,static engineering mechanism scenario; not operator capacity
central,175,east,4.0,static engineering mechanism scenario; not operator capacity
central,175,north,2.0,static engineering mechanism scenario; not operator capacity
central,175,northwest,2.0,static engineering mechanism scenario; not operator capacity
central,175,southwest,2.0,static engineering mechanism scenario; not operator capacity
central,176,east,4.0,static engineering mechanism scenario; not operator capacity
central,176,north,2.0,static engineering mechanism scenario; not operator capacity
central,176,northwest,2.0,static engineering mechanism scenario; not operator capacity
central,176,southwest,2.0,static engineering mechanism scenario; not operator capacity
central,177,east,4.0,static engineering mechanism scenario; not operator capacity
central,177,north,2.0,static engineering mechanism scenario; not operator capacity
central,177,northwest,2.0,static engineering mechanism scenario; not operator capacity
central,177,southwest,2.0,static engineering mechanism scenario; not operator capacity
central,178,east,4.0,static engineering mechanism scenario; not operator capacity
central,178,north,2.0,static engineering mechanism scenario; not operator capacity
central,178,northwest,2.0,static engineering mechanism scenario; not operator capacity
central,178,southwest,2.0,static engineering mechanism scenario; not operator capacity
central,179,east,4.0,static engineering mechanism scenario; not operator capacity
central,179,north,2.0,static engineering mechanism scenario; not operator capacity
central,179,northwest,2.0,static engineering mechanism scenario; not operator capacity
central,179,southwest,2.0,static engineering mechanism scenario; not operator capacity
central,180,east,4.0,static engineering mechanism scenario; not operator capacity
central,180,north,2.0,static engineering mechanism scenario; not operator capacity
central,180,northwest,2.0,static engineering mechanism scenario; not operator capacity
central,180,southwest,2.0,static engineering mechanism scenario; not operator capacity
central,181,east,4.0,static engineering mechanism scenario; not operator capacity
central,181,north,2.0,static engineering mechanism scenario; not operator capacity
central,181,northwest,2.0,static engineering mechanism scenario; not operator capacity
central,181,southwest,2.0,static engineering mechanism scenario; not operator capacity
central,182,east,4.0,static engineering mechanism scenario; not operator capacity
central,182,north,2.0,static engineering mechanism scenario; not operator capacity
central,182,northwest,2.0,static engineering mechanism scenario; not operator capacity
central,182,southwest,2.0,static engineering mechanism scenario; not operator capacity
central,183,east,4.0,static engineering mechanism scenario; not operator capacity
central,183,north,2.0,static engineering mechanism scenario; not operator capacity
central,183,northwest,2.0,static engineering mechanism scenario; not operator capacity
central,183,southwest,2.0,static engineering mechanism scenario; not operator capacity
central,184,east,4.0,static engineering mechanism scenario; not operator capacity
central,184,north,2.0,static engineering mechanism scenario; not operator capacity
central,184,northwest,2.0,static engineering mechanism scenario; not operator capacity
central,184,southwest,2.0,static engineering mechanism scenario; not operator capacity
central,185,east,4.0,static engineering mechanism scenario; not operator capacity
central,185,north,2.0,static engineering mechanism scenario; not operator capacity
central,185,northwest,2.0,static engineering mechanism scenario; not operator capacity
central,185,southwest,2.0,static engineering mechanism scenario; not operator capacity
central,186,east,4.0,static engineering mechanism scenario; not operator capacity
central,186,north,2.0,static engineering mechanism scenario; not operator capacity
central,186,northwest,2.0,static engineering mechanism scenario; not operator capacity
central,186,southwest,2.0,static engineering mechanism scenario; not operator capacity
central,187,east,4.0,static engineering mechanism scenario; not operator capacity
central,187,north,2.0,static engineering mechanism scenario; not operator capacity
central,187,northwest,2.0,static engineering mechanism scenario; not operator capacity
central,187,southwest,2.0,static engineering mechanism scenario; not operator capacity
central,188,east,4.0,static engineering mechanism scenario; not operator capacity
central,188,north,2.0,static engineering mechanism scenario; not operator capacity
central,188,northwest,2.0,static engineering mechanism scenario; not operator capacity
central,188,southwest,2.0,static engineering mechanism scenario; not operator capacity
central,189,east,4.0,static engineering mechanism scenario; not operator capacity
central,189,north,2.0,static engineering mechanism scenario; not operator capacity
central,189,northwest,2.0,static engineering mechanism scenario; not operator capacity
central,189,southwest,2.0,static engineering mechanism scenario; not operator capacity
central,190,east,4.0,static engineering mechanism scenario; not operator capacity
central,190,north,2.0,static engineering mechanism scenario; not operator capacity
central,190,northwest,2.0,static engineering mechanism scenario; not operator capacity
central,190,southwest,2.0,static engineering mechanism scenario; not operator capacity
central,191,east,4.0,static engineering mechanism scenario; not operator capacity
central,191,north,2.0,static engineering mechanism scenario; not operator capacity
central,191,northwest,2.0,static engineering mechanism scenario; not operator capacity
central,191,southwest,2.0,static engineering mechanism scenario; not operator capacity
central,192,east,4.0,static engineering mechanism scenario; not operator capacity
central,192,north,2.0,static engineering mechanism scenario; not operator capacity
central,192,northwest,2.0,static engineering mechanism scenario; not operator capacity
central,192,southwest,2.0,static engineering mechanism scenario; not operator capacity
central,193,east,4.0,static engineering mechanism scenario; not operator capacity
central,193,north,2.0,static engineering mechanism scenario; not operator capacity
central,193,northwest,2.0,static engineering mechanism scenario; not operator capacity
central,193,southwest,2.0,static engineering mechanism scenario; not operator capacity
central,194,east,4.0,static engineering mechanism scenario; not operator capacity
central,194,north,2.0,static engineering mechanism scenario; not operator capacity
central,194,northwest,2.0,static engineering mechanism scenario; not operator capacity
central,194,southwest,2.0,static engineering mechanism scenario; not operator capacity
central,195,east,4.0,static engineering mechanism scenario; not operator capacity
central,195,north,2.0,static engineering mechanism scenario; not operator capacity
central,195,northwest,2.0,static engineering mechanism scenario; not operator capacity
central,195,southwest,2.0,static engineering mechanism scenario; not operator capacity
central,196,east,4.0,static engineering mechanism scenario; not operator capacity
central,196,north,2.0,static engineering mechanism scenario; not operator capacity
central,196,northwest,2.0,static engineering mechanism scenario; not operator capacity
central,196,southwest,2.0,static engineering mechanism scenario; not operator capacity
central,197,east,4.0,static engineering mechanism scenario; not operator capacity
central,197,north,2.0,static engineering mechanism scenario; not operator capacity
central,197,northwest,2.0,static engineering mechanism scenario; not operator capacity
central,197,southwest,2.0,static engineering mechanism scenario; not operator capacity
central,198,east,4.0,static engineering mechanism scenario; not operator capacity
central,198,north,2.0,static engineering mechanism scenario; not operator capacity
central,198,northwest,2.0,static engineering mechanism scenario; not operator capacity
central,198,southwest,2.0,static engineering mechanism scenario; not operator capacity
central,199,east,4.0,static engineering mechanism scenario; not operator capacity
central,199,north,2.0,static engineering mechanism scenario; not operator capacity
central,199,northwest,2.0,static engineering mechanism scenario; not operator capacity
central,199,southwest,2.0,static engineering mechanism scenario; not operator capacity
central,200,east,4.0,static engineering mechanism scenario; not operator capacity
central,200,north,2.0,static engineering mechanism scenario; not operator capacity
central,200,northwest,2.0,static engineering mechanism scenario; not operator capacity
central,200,southwest,2.0,static engineering mechanism scenario; not operator capacity
central,201,east,4.0,static engineering mechanism scenario; not operator capacity
central,201,north,2.0,static engineering mechanism scenario; not operator capacity
central,201,northwest,2.0,static engineering mechanism scenario; not operator capacity
central,201,southwest,2.0,static engineering mechanism scenario; not operator capacity
central,202,east,4.0,static engineering mechanism scenario; not operator capacity
central,202,north,2.0,static engineering mechanism scenario; not operator capacity
central,202,northwest,2.0,static engineering mechanism scenario; not operator capacity
central,202,southwest,2.0,static engineering mechanism scenario; not operator capacity
central,203,east,4.0,static engineering mechanism scenario; not operator capacity
central,203,north,2.0,static engineering mechanism scenario; not operator capacity
central,203,northwest,2.0,static engineering mechanism scenario; not operator capacity
central,203,southwest,2.0,static engineering mechanism scenario; not operator capacity
central,204,east,4.0,static engineering mechanism scenario; not operator capacity
central,204,north,2.0,static engineering mechanism scenario; not operator capacity
central,204,northwest,2.0,static engineering mechanism scenario; not operator capacity
central,204,southwest,2.0,static engineering mechanism scenario; not operator capacity
central,205,east,4.0,static engineering mechanism scenario; not operator capacity
central,205,north,2.0,static engineering mechanism scenario; not operator capacity
central,205,northwest,2.0,static engineering mechanism scenario; not operator capacity
central,205,southwest,2.0,static engineering mechanism scenario; not operator capacity
central,206,east,4.0,static engineering mechanism scenario; not operator capacity
central,206,north,2.0,static engineering mechanism scenario; not operator capacity
central,206,northwest,2.0,static engineering mechanism scenario; not operator capacity
central,206,southwest,2.0,static engineering mechanism scenario; not operator capacity
central,207,east,4.0,static engineering mechanism scenario; not operator capacity
central,207,north,2.0,static engineering mechanism scenario; not operator capacity
central,207,northwest,2.0,static engineering mechanism scenario; not operator capacity
central,207,southwest,2.0,static engineering mechanism scenario; not operator capacity
central,208,east,4.0,static engineering mechanism scenario; not operator capacity
central,208,north,2.0,static engineering mechanism scenario; not operator capacity
central,208,northwest,2.0,static engineering mechanism scenario; not operator capacity
central,208,southwest,2.0,static engineering mechanism scenario; not operator capacity
central,209,east,4.0,static engineering mechanism scenario; not operator capacity
central,209,north,2.0,static engineering mechanism scenario; not operator capacity
central,209,northwest,2.0,static engineering mechanism scenario; not operator capacity
central,209,southwest,2.0,static engineering mechanism scenario; not operator capacity
central,210,east,4.0,static engineering mechanism scenario; not operator capacity
central,210,north,2.0,static engineering mechanism scenario; not operator capacity
central,210,northwest,2.0,static engineering mechanism scenario; not operator capacity
central,210,southwest,2.0,static engineering mechanism scenario; not operator capacity
central,211,east,4.0,static engineering mechanism scenario; not operator capacity
central,211,north,2.0,static engineering mechanism scenario; not operator capacity
central,211,northwest,2.0,static engineering mechanism scenario; not operator capacity
central,211,southwest,2.0,static engineering mechanism scenario; not operator capacity
central,212,east,4.0,static engineering mechanism scenario; not operator capacity
central,212,north,2.0,static engineering mechanism scenario; not operator capacity
central,212,northwest,2.0,static engineering mechanism scenario; not operator capacity
central,212,southwest,2.0,static engineering mechanism scenario; not operator capacity
central,213,east,4.0,static engineering mechanism scenario; not operator capacity
central,213,north,2.0,static engineering mechanism scenario; not operator capacity
central,213,northwest,2.0,static engineering mechanism scenario; not operator capacity
central,213,southwest,2.0,static engineering mechanism scenario; not operator capacity
central,214,east,4.0,static engineering mechanism scenario; not operator capacity
central,214,north,2.0,static engineering mechanism scenario; not operator capacity
central,214,northwest,2.0,static engineering mechanism scenario; not operator capacity
central,214,southwest,2.0,static engineering mechanism scenario; not operator capacity
central,215,east,4.0,static engineering mechanism scenario; not operator capacity
central,215,north,2.0,static engineering mechanism scenario; not operator capacity
central,215,northwest,2.0,static engineering mechanism scenario; not operator capacity
central,215,southwest,2.0,static engineering mechanism scenario; not operator capacity
central,216,east,4.0,static engineering mechanism scenario; not operator capacity
central,216,north,2.0,static engineering mechanism scenario; not operator capacity
central,216,northwest,2.0,static engineering mechanism scenario; not operator capacity
central,216,southwest,2.0,static engineering mechanism scenario; not operator capacity
central,217,east,4.0,static engineering mechanism scenario; not operator capacity
central,217,north,2.0,static engineering mechanism scenario; not operator capacity
central,217,northwest,2.0,static engineering mechanism scenario; not operator capacity
central,217,southwest,2.0,static engineering mechanism scenario; not operator capacity
central,218,east,4.0,static engineering mechanism scenario; not operator capacity
central,218,north,2.0,static engineering mechanism scenario; not operator capacity
central,218,northwest,2.0,static engineering mechanism scenario; not operator capacity
central,218,southwest,2.0,static engineering mechanism scenario; not operator capacity
central,219,east,4.0,static engineering mechanism scenario; not operator capacity
central,219,north,2.0,static engineering mechanism scenario; not operator capacity
central,219,northwest,2.0,static engineering mechanism scenario; not operator capacity
central,219,southwest,2.0,static engineering mechanism scenario; not operator capacity
central,220,east,4.0,static engineering mechanism scenario; not operator capacity
central,220,north,2.0,static engineering mechanism scenario; not operator capacity
central,220,northwest,2.0,static engineering mechanism scenario; not operator capacity
central,220,southwest,2.0,static engineering mechanism scenario; not operator capacity
central,221,east,4.0,static engineering mechanism scenario; not operator capacity
central,221,north,2.0,static engineering mechanism scenario; not operator capacity
central,221,northwest,2.0,static engineering mechanism scenario; not operator capacity
central,221,southwest,2.0,static engineering mechanism scenario; not operator capacity
central,222,east,4.0,static engineering mechanism scenario; not operator capacity
central,222,north,2.0,static engineering mechanism scenario; not operator capacity
central,222,northwest,2.0,static engineering mechanism scenario; not operator capacity
central,222,southwest,2.0,static engineering mechanism scenario; not operator capacity
central,223,east,4.0,static engineering mechanism scenario; not operator capacity
central,223,north,2.0,static engineering mechanism scenario; not operator capacity
central,223,northwest,2.0,static engineering mechanism scenario; not operator capacity
central,223,southwest,2.0,static engineering mechanism scenario; not operator capacity
central,224,east,4.0,static engineering mechanism scenario; not operator capacity
central,224,north,2.0,static engineering mechanism scenario; not operator capacity
central,224,northwest,2.0,static engineering mechanism scenario; not operator capacity
central,224,southwest,2.0,static engineering mechanism scenario; not operator capacity
central,225,east,4.0,static engineering mechanism scenario; not operator capacity
central,225,north,2.0,static engineering mechanism scenario; not operator capacity
central,225,northwest,2.0,static engineering mechanism scenario; not operator capacity
central,225,southwest,2.0,static engineering mechanism scenario; not operator capacity
central,226,east,4.0,static engineering mechanism scenario; not operator capacity
central,226,north,2.0,static engineering mechanism scenario; not operator capacity
central,226,northwest,2.0,static engineering mechanism scenario; not operator capacity
central,226,southwest,2.0,static engineering mechanism scenario; not operator capacity
central,227,east,4.0,static engineering mechanism scenario; not operator capacity
central,227,north,2.0,static engineering mechanism scenario; not operator capacity
central,227,northwest,2.0,static engineering mechanism scenario; not operator capacity
central,227,southwest,2.0,static engineering mechanism scenario; not operator capacity
central,228,east,4.0,static engineering mechanism scenario; not operator capacity
central,228,north,2.0,static engineering mechanism scenario; not operator capacity
central,228,northwest,2.0,static engineering mechanism scenario; not operator capacity
central,228,southwest,2.0,static engineering mechanism scenario; not operator capacity
central,229,east,4.0,static engineering mechanism scenario; not operator capacity
central,229,north,2.0,static engineering mechanism scenario; not operator capacity
central,229,northwest,2.0,static engineering mechanism scenario; not operator capacity
central,229,southwest,2.0,static engineering mechanism scenario; not operator capacity
central,230,east,4.0,static engineering mechanism scenario; not operator capacity
central,230,north,2.0,static engineering mechanism scenario; not operator capacity
central,230,northwest,2.0,static engineering mechanism scenario; not operator capacity
central,230,southwest,2.0,static engineering mechanism scenario; not operator capacity
central,231,east,4.0,static engineering mechanism scenario; not operator capacity
central,231,north,2.0,static engineering mechanism scenario; not operator capacity
central,231,northwest,2.0,static engineering mechanism scenario; not operator capacity
central,231,southwest,2.0,static engineering mechanism scenario; not operator capacity
central,232,east,4.0,static engineering mechanism scenario; not operator capacity
central,232,north,2.0,static engineering mechanism scenario; not operator capacity
central,232,northwest,2.0,static engineering mechanism scenario; not operator capacity
central,232,southwest,2.0,static engineering mechanism scenario; not operator capacity
central,233,east,4.0,static engineering mechanism scenario; not operator capacity
central,233,north,2.0,static engineering mechanism scenario; not operator capacity
central,233,northwest,2.0,static engineering mechanism scenario; not operator capacity
central,233,southwest,2.0,static engineering mechanism scenario; not operator capacity
central,234,east,4.0,static engineering mechanism scenario; not operator capacity
central,234,north,2.0,static engineering mechanism scenario; not operator capacity
central,234,northwest,2.0,static engineering mechanism scenario; not operator capacity
central,234,southwest,2.0,static engineering mechanism scenario; not operator capacity
central,235,east,4.0,static engineering mechanism scenario; not operator capacity
central,235,north,2.0,static engineering mechanism scenario; not operator capacity
central,235,northwest,2.0,static engineering mechanism scenario; not operator capacity
central,235,southwest,2.0,static engineering mechanism scenario; not operator capacity
central,236,east,4.0,static engineering mechanism scenario; not operator capacity
central,236,north,2.0,static engineering mechanism scenario; not operator capacity
central,236,northwest,2.0,static engineering mechanism scenario; not operator capacity
central,236,southwest,2.0,static engineering mechanism scenario; not operator capacity
central,237,east,4.0,static engineering mechanism scenario; not operator capacity
central,237,north,2.0,static engineering mechanism scenario; not operator capacity
central,237,northwest,2.0,static engineering mechanism scenario; not operator capacity
central,237,southwest,2.0,static engineering mechanism scenario; not operator capacity
central,238,east,4.0,static engineering mechanism scenario; not operator capacity
central,238,north,2.0,static engineering mechanism scenario; not operator capacity
central,238,northwest,2.0,static engineering mechanism scenario; not operator capacity
central,238,southwest,2.0,static engineering mechanism scenario; not operator capacity
central,239,east,4.0,static engineering mechanism scenario; not operator capacity
central,239,north,2.0,static engineering mechanism scenario; not operator capacity
central,239,northwest,2.0,static engineering mechanism scenario; not operator capacity
central,239,southwest,2.0,static engineering mechanism scenario; not operator capacity
central,240,east,4.0,static engineering mechanism scenario; not operator capacity
central,240,north,2.0,static engineering mechanism scenario; not operator capacity
central,240,northwest,2.0,static engineering mechanism scenario; not operator capacity
central,240,southwest,2.0,static engineering mechanism scenario; not operator capacity
central,241,east,4.0,static engineering mechanism scenario; not operator capacity
central,241,north,2.0,static engineering mechanism scenario; not operator capacity
central,241,northwest,2.0,static engineering mechanism scenario; not operator capacity
central,241,southwest,2.0,static engineering mechanism scenario; not operator capacity
central,242,east,4.0,static engineering mechanism scenario; not operator capacity
central,242,north,2.0,static engineering mechanism scenario; not operator capacity
central,242,northwest,2.0,static engineering mechanism scenario; not operator capacity
central,242,southwest,2.0,static engineering mechanism scenario; not operator capacity
central,243,east,4.0,static engineering mechanism scenario; not operator capacity
central,243,north,2.0,static engineering mechanism scenario; not operator capacity
central,243,northwest,2.0,static engineering mechanism scenario; not operator capacity
central,243,southwest,2.0,static engineering mechanism scenario; not operator capacity
central,244,east,4.0,static engineering mechanism scenario; not operator capacity
central,244,north,2.0,static engineering mechanism scenario; not operator capacity
central,244,northwest,2.0,static engineering mechanism scenario; not operator capacity
central,244,southwest,2.0,static engineering mechanism scenario; not operator capacity
central,245,east,4.0,static engineering mechanism scenario; not operator capacity
central,245,north,2.0,static engineering mechanism scenario; not operator capacity
central,245,northwest,2.0,static engineering mechanism scenario; not operator capacity
central,245,southwest,2.0,static engineering mechanism scenario; not operator capacity
central,246,east,4.0,static engineering mechanism scenario; not operator capacity
central,246,north,2.0,static engineering mechanism scenario; not operator capacity
central,246,northwest,2.0,static engineering mechanism scenario; not operator capacity
central,246,southwest,2.0,static engineering mechanism scenario; not operator capacity
central,247,east,4.0,static engineering mechanism scenario; not operator capacity
central,247,north,2.0,static engineering mechanism scenario; not operator capacity
central,247,northwest,2.0,static engineering mechanism scenario; not operator capacity
central,247,southwest,2.0,static engineering mechanism scenario; not operator capacity
central,248,east,4.0,static engineering mechanism scenario; not operator capacity
central,248,north,2.0,static engineering mechanism scenario; not operator capacity
central,248,northwest,2.0,static engineering mechanism scenario; not operator capacity
central,248,southwest,2.0,static engineering mechanism scenario; not operator capacity
central,249,east,4.0,static engineering mechanism scenario; not operator capacity
central,249,north,2.0,static engineering mechanism scenario; not operator capacity
central,249,northwest,2.0,static engineering mechanism scenario; not operator capacity
central,249,southwest,2.0,static engineering mechanism scenario; not operator capacity
central,250,east,4.0,static engineering mechanism scenario; not operator capacity
central,250,north,2.0,static engineering mechanism scenario; not operator capacity
central,250,northwest,2.0,static engineering mechanism scenario; not operator capacity
central,250,southwest,2.0,static engineering mechanism scenario; not operator capacity
central,251,east,4.0,static engineering mechanism scenario; not operator capacity
central,251,north,2.0,static engineering mechanism scenario; not operator capacity
central,251,northwest,2.0,static engineering mechanism scenario; not operator capacity
central,251,southwest,2.0,static engineering mechanism scenario; not operator capacity
central,252,east,4.0,static engineering mechanism scenario; not operator capacity
central,252,north,2.0,static engineering mechanism scenario; not operator capacity
central,252,northwest,2.0,static engineering mechanism scenario; not operator capacity
central,252,southwest,2.0,static engineering mechanism scenario; not operator capacity
central,253,east,4.0,static engineering mechanism scenario; not operator capacity
central,253,north,2.0,static engineering mechanism scenario; not operator capacity
central,253,northwest,2.0,static engineering mechanism scenario; not operator capacity
central,253,southwest,2.0,static engineering mechanism scenario; not operator capacity
central,254,east,4.0,static engineering mechanism scenario; not operator capacity
central,254,north,2.0,static engineering mechanism scenario; not operator capacity
central,254,northwest,2.0,static engineering mechanism scenario; not operator capacity
central,254,southwest,2.0,static engineering mechanism scenario; not operator capacity
central,255,east,4.0,static engineering mechanism scenario; not operator capacity
central,255,north,2.0,static engineering mechanism scenario; not operator capacity
central,255,northwest,2.0,static engineering mechanism scenario; not operator capacity
central,255,southwest,2.0,static engineering mechanism scenario; not operator capacity
central,256,east,4.0,static engineering mechanism scenario; not operator capacity
central,256,north,2.0,static engineering mechanism scenario; not operator capacity
central,256,northwest,2.0,static engineering mechanism scenario; not operator capacity
central,256,southwest,2.0,static engineering mechanism scenario; not operator capacity
central,257,east,4.0,static engineering mechanism scenario; not operator capacity
central,257,north,2.0,static engineering mechanism scenario; not operator capacity
central,257,northwest,2.0,static engineering mechanism scenario; not operator capacity
central,257,southwest,2.0,static engineering mechanism scenario; not operator capacity
central,258,east,4.0,static engineering mechanism scenario; not operator capacity
central,258,north,2.0,static engineering mechanism scenario; not operator capacity
central,258,northwest,2.0,static engineering mechanism scenario; not operator capacity
central,258,southwest,2.0,static engineering mechanism scenario; not operator capacity
central,259,east,4.0,static engineering mechanism scenario; not operator capacity
central,259,north,2.0,static engineering mechanism scenario; not operator capacity
central,259,northwest,2.0,static engineering mechanism scenario; not operator capacity
central,259,southwest,2.0,static engineering mechanism scenario; not operator capacity
central,260,east,4.0,static engineering mechanism scenario; not operator capacity
central,260,north,2.0,static engineering mechanism scenario; not operator capacity
central,260,northwest,2.0,static engineering mechanism scenario; not operator capacity
central,260,southwest,2.0,static engineering mechanism scenario; not operator capacity
central,261,east,4.0,static engineering mechanism scenario; not operator capacity
central,261,north,2.0,static engineering mechanism scenario; not operator capacity
central,261,northwest,2.0,static engineering mechanism scenario; not operator capacity
central,261,southwest,2.0,static engineering mechanism scenario; not operator capacity
central,262,east,4.0,static engineering mechanism scenario; not operator capacity
central,262,north,2.0,static engineering mechanism scenario; not operator capacity
central,262,northwest,2.0,static engineering mechanism scenario; not operator capacity
central,262,southwest,2.0,static engineering mechanism scenario; not operator capacity
central,263,east,4.0,static engineering mechanism scenario; not operator capacity
central,263,north,2.0,static engineering mechanism scenario; not operator capacity
central,263,northwest,2.0,static engineering mechanism scenario; not operator capacity
central,263,southwest,2.0,static engineering mechanism scenario; not operator capacity
central,264,east,4.0,static engineering mechanism scenario; not operator capacity
central,264,north,2.0,static engineering mechanism scenario; not operator capacity
central,264,northwest,2.0,static engineering mechanism scenario; not operator capacity
central,264,southwest,2.0,static engineering mechanism scenario; not operator capacity
central,265,east,4.0,static engineering mechanism scenario; not operator capacity
central,265,north,2.0,static engineering mechanism scenario; not operator capacity
central,265,northwest,2.0,static engineering mechanism scenario; not operator capacity
central,265,southwest,2.0,static engineering mechanism scenario; not operator capacity
central,266,east,4.0,static engineering mechanism scenario; not operator capacity
central,266,north,2.0,static engineering mechanism scenario; not operator capacity
central,266,northwest,2.0,static engineering mechanism scenario; not operator capacity
central,266,southwest,2.0,static engineering mechanism scenario; not operator capacity
central,267,east,4.0,static engineering mechanism scenario; not operator capacity
central,267,north,2.0,static engineering mechanism scenario; not operator capacity
central,267,northwest,2.0,static engineering mechanism scenario; not operator capacity
central,267,southwest,2.0,static engineering mechanism scenario; not operator capacity
central,268,east,4.0,static engineering mechanism scenario; not operator capacity
central,268,north,2.0,static engineering mechanism scenario; not operator capacity
central,268,northwest,2.0,static engineering mechanism scenario; not operator capacity
central,268,southwest,2.0,static engineering mechanism scenario; not operator capacity
central,269,east,4.0,static engineering mechanism scenario; not operator capacity
central,269,north,2.0,static engineering mechanism scenario; not operator capacity
central,269,northwest,2.0,static engineering mechanism scenario; not operator capacity
central,269,southwest,2.0,static engineering mechanism scenario; not operator capacity
central,270,east,4.0,static engineering mechanism scenario; not operator capacity
central,270,north,2.0,static engineering mechanism scenario; not operator capacity
central,270,northwest,2.0,static engineering mechanism scenario; not operator capacity
central,270,southwest,2.0,static engineering mechanism scenario; not operator capacity
central,271,east,4.0,static engineering mechanism scenario; not operator capacity
central,271,north,2.0,static engineering mechanism scenario; not operator capacity
central,271,northwest,2.0,static engineering mechanism scenario; not operator capacity
central,271,southwest,2.0,static engineering mechanism scenario; not operator capacity
central,272,east,4.0,static engineering mechanism scenario; not operator capacity
central,272,north,2.0,static engineering mechanism scenario; not operator capacity
central,272,northwest,2.0,static engineering mechanism scenario; not operator capacity
central,272,southwest,2.0,static engineering mechanism scenario; not operator capacity
central,273,east,4.0,static engineering mechanism scenario; not operator capacity
central,273,north,2.0,static engineering mechanism scenario; not operator capacity
central,273,northwest,2.0,static engineering mechanism scenario; not operator capacity
central,273,southwest,2.0,static engineering mechanism scenario; not operator capacity
central,274,east,4.0,static engineering mechanism scenario; not operator capacity
central,274,north,2.0,static engineering mechanism scenario; not operator capacity
central,274,northwest,2.0,static engineering mechanism scenario; not operator capacity
central,274,southwest,2.0,static engineering mechanism scenario; not operator capacity
central,275,east,4.0,static engineering mechanism scenario; not operator capacity
central,275,north,2.0,static engineering mechanism scenario; not operator capacity
central,275,northwest,2.0,static engineering mechanism scenario; not operator capacity
central,275,southwest,2.0,static engineering mechanism scenario; not operator capacity
central,276,east,4.0,static engineering mechanism scenario; not operator capacity
central,276,north,2.0,static engineering mechanism scenario; not operator capacity
central,276,northwest,2.0,static engineering mechanism scenario; not operator capacity
central,276,southwest,2.0,static engineering mechanism scenario; not operator capacity
central,277,east,4.0,static engineering mechanism scenario; not operator capacity
central,277,north,2.0,static engineering mechanism scenario; not operator capacity
central,277,northwest,2.0,static engineering mechanism scenario; not operator capacity
central,277,southwest,2.0,static engineering mechanism scenario; not operator capacity
central,278,east,4.0,static engineering mechanism scenario; not operator capacity
central,278,north,2.0,static engineering mechanism scenario; not operator capacity
central,278,northwest,2.0,static engineering mechanism scenario; not operator capacity
central,278,southwest,2.0,static engineering mechanism scenario; not operator capacity
central,279,east,4.0,static engineering mechanism scenario; not operator capacity
central,279,north,2.0,static engineering mechanism scenario; not operator capacity
central,279,northwest,2.0,static engineering mechanism scenario; not operator capacity
central,279,southwest,2.0,static engineering mechanism scenario; not operator capacity
central,280,east,4.0,static engineering mechanism scenario; not operator capacity
central,280,north,2.0,static engineering mechanism scenario; not operator capacity
central,280,northwest,2.0,static engineering mechanism scenario; not operator capacity
central,280,southwest,2.0,static engineering mechanism scenario; not operator capacity
central,281,east,4.0,static engineering mechanism scenario; not operator capacity
central,281,north,2.0,static engineering mechanism scenario; not operator capacity
central,281,northwest,2.0,static engineering mechanism scenario; not operator capacity
central,281,southwest,2.0,static engineering mechanism scenario; not operator capacity
central,282,east,4.0,static engineering mechanism scenario; not operator capacity
central,282,north,2.0,static engineering mechanism scenario; not operator capacity
central,282,northwest,2.0,static engineering mechanism scenario; not operator capacity
central,282,southwest,2.0,static engineering mechanism scenario; not operator capacity
central,283,east,4.0,static engineering mechanism scenario; not operator capacity
central,283,north,2.0,static engineering mechanism scenario; not operator capacity
central,283,northwest,2.0,static engineering mechanism scenario; not operator capacity
central,283,southwest,2.0,static engineering mechanism scenario; not operator capacity
central,284,east,4.0,static engineering mechanism scenario; not operator capacity
central,284,north,2.0,static engineering mechanism scenario; not operator capacity
central,284,northwest,2.0,static engineering mechanism scenario; not operator capacity
central,284,southwest,2.0,static engineering mechanism scenario; not operator capacity
central,285,east,4.0,static engineering mechanism scenario; not operator capacity
central,285,north,2.0,static engineering mechanism scenario; not operator capacity
central,285,northwest,2.0,static engineering mechanism scenario; not operator capacity
central,285,southwest,2.0,static engineering mechanism scenario; not operator capacity
central,286,east,4.0,static engineering mechanism scenario; not operator capacity
central,286,north,2.0,static engineering mechanism scenario; not operator capacity
central,286,northwest,2.0,static engineering mechanism scenario; not operator capacity
central,286,southwest,2.0,static engineering mechanism scenario; not operator capacity
central,287,east,4.0,static engineering mechanism scenario; not operator capacity
central,287,north,2.0,static engineering mechanism scenario; not operator capacity
central,287,northwest,2.0,static engineering mechanism scenario; not operator capacity
central,287,southwest,2.0,static engineering mechanism scenario; not operator capacity
central,288,east,4.0,static engineering mechanism scenario; not operator capacity
central,288,north,2.0,static engineering mechanism scenario; not operator capacity
central,288,northwest,2.0,static engineering mechanism scenario; not operator capacity
central,288,southwest,2.0,static engineering mechanism scenario; not operator capacity
central,289,east,4.0,static engineering mechanism scenario; not operator capacity
central,289,north,2.0,static engineering mechanism scenario; not operator capacity
central,289,northwest,2.0,static engineering mechanism scenario; not operator capacity
central,289,southwest,2.0,static engineering mechanism scenario; not operator capacity
central,290,east,4.0,static engineering mechanism scenario; not operator capacity
central,290,north,2.0,static engineering mechanism scenario; not operator capacity
central,290,northwest,2.0,static engineering mechanism scenario; not operator capacity
central,290,southwest,2.0,static engineering mechanism scenario; not operator capacity
central,291,east,4.0,static engineering mechanism scenario; not operator capacity
central,291,north,2.0,static engineering mechanism scenario; not operator capacity
central,291,northwest,2.0,static engineering mechanism scenario; not operator capacity
central,291,southwest,2.0,static engineering mechanism scenario; not operator capacity
central,292,east,4.0,static engineering mechanism scenario; not operator capacity
central,292,north,2.0,static engineering mechanism scenario; not operator capacity
central,292,northwest,2.0,static engineering mechanism scenario; not operator capacity
central,292,southwest,2.0,static engineering mechanism scenario; not operator capacity
central,293,east,4.0,static engineering mechanism scenario; not operator capacity
central,293,north,2.0,static engineering mechanism scenario; not operator capacity
central,293,northwest,2.0,static engineering mechanism scenario; not operator capacity
central,293,southwest,2.0,static engineering mechanism scenario; not operator capacity
central,294,east,4.0,static engineering mechanism scenario; not operator capacity
central,294,north,2.0,static engineering mechanism scenario; not operator capacity
central,294,northwest,2.0,static engineering mechanism scenario; not operator capacity
central,294,southwest,2.0,static engineering mechanism scenario; not operator capacity
central,295,east,4.0,static engineering mechanism scenario; not operator capacity
central,295,north,2.0,static engineering mechanism scenario; not operator capacity
central,295,northwest,2.0,static engineering mechanism scenario; not operator capacity
central,295,southwest,2.0,static engineering mechanism scenario; not operator capacity
central,296,east,4.0,static engineering mechanism scenario; not operator capacity
central,296,north,2.0,static engineering mechanism scenario; not operator capacity
central,296,northwest,2.0,static engineering mechanism scenario; not operator capacity
central,296,southwest,2.0,static engineering mechanism scenario; not operator capacity
central,297,east,4.0,static engineering mechanism scenario; not operator capacity
central,297,north,2.0,static engineering mechanism scenario; not operator capacity
central,297,northwest,2.0,static engineering mechanism scenario; not operator capacity
central,297,southwest,2.0,static engineering mechanism scenario; not operator capacity
central,298,east,4.0,static engineering mechanism scenario; not operator capacity
central,298,north,2.0,static engineering mechanism scenario; not operator capacity
central,298,northwest,2.0,static engineering mechanism scenario; not operator capacity
central,298,southwest,2.0,static engineering mechanism scenario; not operator capacity
central,299,east,4.0,static engineering mechanism scenario; not operator capacity
central,299,north,2.0,static engineering mechanism scenario; not operator capacity
central,299,northwest,2.0,static engineering mechanism scenario; not operator capacity
central,299,southwest,2.0,static engineering mechanism scenario; not operator capacity
central,300,east,4.0,static engineering mechanism scenario; not operator capacity
central,300,north,2.0,static engineering mechanism scenario; not operator capacity
central,300,northwest,2.0,static engineering mechanism scenario; not operator capacity
central,300,southwest,2.0,static engineering mechanism scenario; not operator capacity
central,301,east,4.0,static engineering mechanism scenario; not operator capacity
central,301,north,2.0,static engineering mechanism scenario; not operator capacity
central,301,northwest,2.0,static engineering mechanism scenario; not operator capacity
central,301,southwest,2.0,static engineering mechanism scenario; not operator capacity
central,302,east,4.0,static engineering mechanism scenario; not operator capacity
central,302,north,2.0,static engineering mechanism scenario; not operator capacity
central,302,northwest,2.0,static engineering mechanism scenario; not operator capacity
central,302,southwest,2.0,static engineering mechanism scenario; not operator capacity
central,303,east,4.0,static engineering mechanism scenario; not operator capacity
central,303,north,2.0,static engineering mechanism scenario; not operator capacity
central,303,northwest,2.0,static engineering mechanism scenario; not operator capacity
central,303,southwest,2.0,static engineering mechanism scenario; not operator capacity
central,304,east,4.0,static engineering mechanism scenario; not operator capacity
central,304,north,2.0,static engineering mechanism scenario; not operator capacity
central,304,northwest,2.0,static engineering mechanism scenario; not operator capacity
central,304,southwest,2.0,static engineering mechanism scenario; not operator capacity
central,305,east,4.0,static engineering mechanism scenario; not operator capacity
central,305,north,2.0,static engineering mechanism scenario; not operator capacity
central,305,northwest,2.0,static engineering mechanism scenario; not operator capacity
central,305,southwest,2.0,static engineering mechanism scenario; not operator capacity
central,306,east,4.0,static engineering mechanism scenario; not operator capacity
central,306,north,2.0,static engineering mechanism scenario; not operator capacity
central,306,northwest,2.0,static engineering mechanism scenario; not operator capacity
central,306,southwest,2.0,static engineering mechanism scenario; not operator capacity
central,307,east,4.0,static engineering mechanism scenario; not operator capacity
central,307,north,2.0,static engineering mechanism scenario; not operator capacity
central,307,northwest,2.0,static engineering mechanism scenario; not operator capacity
central,307,southwest,2.0,static engineering mechanism scenario; not operator capacity
central,308,east,4.0,static engineering mechanism scenario; not operator capacity
central,308,north,2.0,static engineering mechanism scenario; not operator capacity
central,308,northwest,2.0,static engineering mechanism scenario; not operator capacity
central,308,southwest,2.0,static engineering mechanism scenario; not operator capacity
central,309,east,4.0,static engineering mechanism scenario; not operator capacity
central,309,north,2.0,static engineering mechanism scenario; not operator capacity
central,309,northwest,2.0,static engineering mechanism scenario; not operator capacity
central,309,southwest,2.0,static engineering mechanism scenario; not operator capacity
central,310,east,4.0,static engineering mechanism scenario; not operator capacity
central,310,north,2.0,static engineering mechanism scenario; not operator capacity
central,310,northwest,2.0,static engineering mechanism scenario; not operator capacity
central,310,southwest,2.0,static engineering mechanism scenario; not operator capacity
central,311,east,4.0,static engineering mechanism scenario; not operator capacity
central,311,north,2.0,static engineering mechanism scenario; not operator capacity
central,311,northwest,2.0,static engineering mechanism scenario; not operator capacity
central,311,southwest,2.0,static engineering mechanism scenario; not operator capacity
central,312,east,4.0,static engineering mechanism scenario; not operator capacity
central,312,north,2.0,static engineering mechanism scenario; not operator capacity
central,312,northwest,2.0,static engineering mechanism scenario; not operator capacity
central,312,southwest,2.0,static engineering mechanism scenario; not operator capacity
central,313,east,4.0,static engineering mechanism scenario; not operator capacity
central,313,north,2.0,static engineering mechanism scenario; not operator capacity
central,313,northwest,2.0,static engineering mechanism scenario; not operator capacity
central,313,southwest,2.0,static engineering mechanism scenario; not operator capacity
central,314,east,4.0,static engineering mechanism scenario; not operator capacity
central,314,north,2.0,static engineering mechanism scenario; not operator capacity
central,314,northwest,2.0,static engineering mechanism scenario; not operator capacity
central,314,southwest,2.0,static engineering mechanism scenario; not operator capacity
central,315,east,4.0,static engineering mechanism scenario; not operator capacity
central,315,north,2.0,static engineering mechanism scenario; not operator capacity
central,315,northwest,2.0,static engineering mechanism scenario; not operator capacity
central,315,southwest,2.0,static engineering mechanism scenario; not operator capacity
central,316,east,4.0,static engineering mechanism scenario; not operator capacity
central,316,north,2.0,static engineering mechanism scenario; not operator capacity
central,316,northwest,2.0,static engineering mechanism scenario; not operator capacity
central,316,southwest,2.0,static engineering mechanism scenario; not operator capacity
central,317,east,4.0,static engineering mechanism scenario; not operator capacity
central,317,north,2.0,static engineering mechanism scenario; not operator capacity
central,317,northwest,2.0,static engineering mechanism scenario; not operator capacity
central,317,southwest,2.0,static engineering mechanism scenario; not operator capacity
central,318,east,4.0,static engineering mechanism scenario; not operator capacity
central,318,north,2.0,static engineering mechanism scenario; not operator capacity
central,318,northwest,2.0,static engineering mechanism scenario; not operator capacity
central,318,southwest,2.0,static engineering mechanism scenario; not operator capacity
central,319,east,4.0,static engineering mechanism scenario; not operator capacity
central,319,north,2.0,static engineering mechanism scenario; not operator capacity
central,319,northwest,2.0,static engineering mechanism scenario; not operator capacity
central,319,southwest,2.0,static engineering mechanism scenario; not operator capacity
central,320,east,4.0,static engineering mechanism scenario; not operator capacity
central,320,north,2.0,static engineering mechanism scenario; not operator capacity
central,320,northwest,2.0,static engineering mechanism scenario; not operator capacity
central,320,southwest,2.0,static engineering mechanism scenario; not operator capacity
central,321,east,4.0,static engineering mechanism scenario; not operator capacity
central,321,north,2.0,static engineering mechanism scenario; not operator capacity
central,321,northwest,2.0,static engineering mechanism scenario; not operator capacity
central,321,southwest,2.0,static engineering mechanism scenario; not operator capacity
central,322,east,4.0,static engineering mechanism scenario; not operator capacity
central,322,north,2.0,static engineering mechanism scenario; not operator capacity
central,322,northwest,2.0,static engineering mechanism scenario; not operator capacity
central,322,southwest,2.0,static engineering mechanism scenario; not operator capacity
central,323,east,4.0,static engineering mechanism scenario; not operator capacity
central,323,north,2.0,static engineering mechanism scenario; not operator capacity
central,323,northwest,2.0,static engineering mechanism scenario; not operator capacity
central,323,southwest,2.0,static engineering mechanism scenario; not operator capacity
central,324,east,4.0,static engineering mechanism scenario; not operator capacity
central,324,north,2.0,static engineering mechanism scenario; not operator capacity
central,324,northwest,2.0,static engineering mechanism scenario; not operator capacity
central,324,southwest,2.0,static engineering mechanism scenario; not operator capacity
central,325,east,4.0,static engineering mechanism scenario; not operator capacity
central,325,north,2.0,static engineering mechanism scenario; not operator capacity
central,325,northwest,2.0,static engineering mechanism scenario; not operator capacity
central,325,southwest,2.0,static engineering mechanism scenario; not operator capacity
central,326,east,4.0,static engineering mechanism scenario; not operator capacity
central,326,north,2.0,static engineering mechanism scenario; not operator capacity
central,326,northwest,2.0,static engineering mechanism scenario; not operator capacity
central,326,southwest,2.0,static engineering mechanism scenario; not operator capacity
central,327,east,4.0,static engineering mechanism scenario; not operator capacity
central,327,north,2.0,static engineering mechanism scenario; not operator capacity
central,327,northwest,2.0,static engineering mechanism scenario; not operator capacity
central,327,southwest,2.0,static engineering mechanism scenario; not operator capacity
central,328,east,4.0,static engineering mechanism scenario; not operator capacity
central,328,north,2.0,static engineering mechanism scenario; not operator capacity
central,328,northwest,2.0,static engineering mechanism scenario; not operator capacity
central,328,southwest,2.0,static engineering mechanism scenario; not operator capacity
central,329,east,4.0,static engineering mechanism scenario; not operator capacity
central,329,north,2.0,static engineering mechanism scenario; not operator capacity
central,329,northwest,2.0,static engineering mechanism scenario; not operator capacity
central,329,southwest,2.0,static engineering mechanism scenario; not operator capacity
central,330,east,4.0,static engineering mechanism scenario; not operator capacity
central,330,north,2.0,static engineering mechanism scenario; not operator capacity
central,330,northwest,2.0,static engineering mechanism scenario; not operator capacity
central,330,southwest,2.0,static engineering mechanism scenario; not operator capacity
central,331,east,4.0,static engineering mechanism scenario; not operator capacity
central,331,north,2.0,static engineering mechanism scenario; not operator capacity
central,331,northwest,2.0,static engineering mechanism scenario; not operator capacity
central,331,southwest,2.0,static engineering mechanism scenario; not operator capacity
central,332,east,4.0,static engineering mechanism scenario; not operator capacity
central,332,north,2.0,static engineering mechanism scenario; not operator capacity
central,332,northwest,2.0,static engineering mechanism scenario; not operator capacity
central,332,southwest,2.0,static engineering mechanism scenario; not operator capacity
central,333,east,4.0,static engineering mechanism scenario; not operator capacity
central,333,north,2.0,static engineering mechanism scenario; not operator capacity
central,333,northwest,2.0,static engineering mechanism scenario; not operator capacity
central,333,southwest,2.0,static engineering mechanism scenario; not operator capacity
central,334,east,4.0,static engineering mechanism scenario; not operator capacity
central,334,north,2.0,static engineering mechanism scenario; not operator capacity
central,334,northwest,2.0,static engineering mechanism scenario; not operator capacity
central,334,southwest,2.0,static engineering mechanism scenario; not operator capacity
central,335,east,4.0,static engineering mechanism scenario; not operator capacity
central,335,north,2.0,static engineering mechanism scenario; not operator capacity
central,335,northwest,2.0,static engineering mechanism scenario; not operator capacity
central,335,southwest,2.0,static engineering mechanism scenario; not operator capacity
central,336,east,4.0,static engineering mechanism scenario; not operator capacity
central,336,north,2.0,static engineering mechanism scenario; not operator capacity
central,336,northwest,2.0,static engineering mechanism scenario; not operator capacity
central,336,southwest,2.0,static engineering mechanism scenario; not operator capacity
central,337,east,4.0,static engineering mechanism scenario; not operator capacity
central,337,north,2.0,static engineering mechanism scenario; not operator capacity
central,337,northwest,2.0,static engineering mechanism scenario; not operator capacity
central,337,southwest,2.0,static engineering mechanism scenario; not operator capacity
central,338,east,4.0,static engineering mechanism scenario; not operator capacity
central,338,north,2.0,static engineering mechanism scenario; not operator capacity
central,338,northwest,2.0,static engineering mechanism scenario; not operator capacity
central,338,southwest,2.0,static engineering mechanism scenario; not operator capacity
central,339,east,4.0,static engineering mechanism scenario; not operator capacity
central,339,north,2.0,static engineering mechanism scenario; not operator capacity
central,339,northwest,2.0,static engineering mechanism scenario; not operator capacity
central,339,southwest,2.0,static engineering mechanism scenario; not operator capacity
central,340,east,4.0,static engineering mechanism scenario; not operator capacity
central,340,north,2.0,static engineering mechanism scenario; not operator capacity
central,340,northwest,2.0,static engineering mechanism scenario; not operator capacity
central,340,southwest,2.0,static engineering mechanism scenario; not operator capacity
central,341,east,4.0,static engineering mechanism scenario; not operator capacity
central,341,north,2.0,static engineering mechanism scenario; not operator capacity
central,341,northwest,2.0,static engineering mechanism scenario; not operator capacity
central,341,southwest,2.0,static engineering mechanism scenario; not operator capacity
central,342,east,4.0,static engineering mechanism scenario; not operator capacity
central,342,north,2.0,static engineering mechanism scenario; not operator capacity
central,342,northwest,2.0,static engineering mechanism scenario; not operator capacity
central,342,southwest,2.0,static engineering mechanism scenario; not operator capacity
central,343,east,4.0,static engineering mechanism scenario; not operator capacity
central,343,north,2.0,static engineering mechanism scenario; not operator capacity
central,343,northwest,2.0,static engineering mechanism scenario; not operator capacity
central,343,southwest,2.0,static engineering mechanism scenario; not operator capacity
central,344,east,4.0,static engineering mechanism scenario; not operator capacity
central,344,north,2.0,static engineering mechanism scenario; not operator capacity
central,344,northwest,2.0,static engineering mechanism scenario; not operator capacity
central,344,southwest,2.0,static engineering mechanism scenario; not operator capacity
central,345,east,4.0,static engineering mechanism scenario; not operator capacity
central,345,north,2.0,static engineering mechanism scenario; not operator capacity
central,345,northwest,2.0,static engineering mechanism scenario; not operator capacity
central,345,southwest,2.0,static engineering mechanism scenario; not operator capacity
central,346,east,4.0,static engineering mechanism scenario; not operator capacity
central,346,north,2.0,static engineering mechanism scenario; not operator capacity
central,346,northwest,2.0,static engineering mechanism scenario; not operator capacity
central,346,southwest,2.0,static engineering mechanism scenario; not operator capacity
central,347,east,4.0,static engineering mechanism scenario; not operator capacity
central,347,north,2.0,static engineering mechanism scenario; not operator capacity
central,347,northwest,2.0,static engineering mechanism scenario; not operator capacity
central,347,southwest,2.0,static engineering mechanism scenario; not operator capacity
central,348,east,4.0,static engineering mechanism scenario; not operator capacity
central,348,north,2.0,static engineering mechanism scenario; not operator capacity
central,348,northwest,2.0,static engineering mechanism scenario; not operator capacity
central,348,southwest,2.0,static engineering mechanism scenario; not operator capacity
central,349,east,4.0,static engineering mechanism scenario; not operator capacity
central,349,north,2.0,static engineering mechanism scenario; not operator capacity
central,349,northwest,2.0,static engineering mechanism scenario; not operator capacity
central,349,southwest,2.0,static engineering mechanism scenario; not operator capacity
central,350,east,4.0,static engineering mechanism scenario; not operator capacity
central,350,north,2.0,static engineering mechanism scenario; not operator capacity
central,350,northwest,2.0,static engineering mechanism scenario; not operator capacity
central,350,southwest,2.0,static engineering mechanism scenario; not operator capacity
central,351,east,4.0,static engineering mechanism scenario; not operator capacity
central,351,north,2.0,static engineering mechanism scenario; not operator capacity
central,351,northwest,2.0,static engineering mechanism scenario; not operator capacity
central,351,southwest,2.0,static engineering mechanism scenario; not operator capacity
central,352,east,4.0,static engineering mechanism scenario; not operator capacity
central,352,north,2.0,static engineering mechanism scenario; not operator capacity
central,352,northwest,2.0,static engineering mechanism scenario; not operator capacity
central,352,southwest,2.0,static engineering mechanism scenario; not operator capacity
central,353,east,4.0,static engineering mechanism scenario; not operator capacity
central,353,north,2.0,static engineering mechanism scenario; not operator capacity
central,353,northwest,2.0,static engineering mechanism scenario; not operator capacity
central,353,southwest,2.0,static engineering mechanism scenario; not operator capacity
central,354,east,4.0,static engineering mechanism scenario; not operator capacity
central,354,north,2.0,static engineering mechanism scenario; not operator capacity
central,354,northwest,2.0,static engineering mechanism scenario; not operator capacity
central,354,southwest,2.0,static engineering mechanism scenario; not operator capacity
central,355,east,4.0,static engineering mechanism scenario; not operator capacity
central,355,north,2.0,static engineering mechanism scenario; not operator capacity
central,355,northwest,2.0,static engineering mechanism scenario; not operator capacity
central,355,southwest,2.0,static engineering mechanism scenario; not operator capacity
central,356,east,4.0,static engineering mechanism scenario; not operator capacity
central,356,north,2.0,static engineering mechanism scenario; not operator capacity
central,356,northwest,2.0,static engineering mechanism scenario; not operator capacity
central,356,southwest,2.0,static engineering mechanism scenario; not operator capacity
central,357,east,4.0,static engineering mechanism scenario; not operator capacity
central,357,north,2.0,static engineering mechanism scenario; not operator capacity
central,357,northwest,2.0,static engineering mechanism scenario; not operator capacity
central,357,southwest,2.0,static engineering mechanism scenario; not operator capacity
central,358,east,4.0,static engineering mechanism scenario; not operator capacity
central,358,north,2.0,static engineering mechanism scenario; not operator capacity
central,358,northwest,2.0,static engineering mechanism scenario; not operator capacity
central,358,southwest,2.0,static engineering mechanism scenario; not operator capacity
central,359,east,4.0,static engineering mechanism scenario; not operator capacity
central,359,north,2.0,static engineering mechanism scenario; not operator capacity
central,359,northwest,2.0,static engineering mechanism scenario; not operator capacity
central,359,southwest,2.0,static engineering mechanism scenario; not operator capacity
central,360,east,4.0,static engineering mechanism scenario; not operator capacity
central,360,north,2.0,static engineering mechanism scenario; not operator capacity
central,360,northwest,2.0,static engineering mechanism scenario; not operator capacity
central,360,southwest,2.0,static engineering mechanism scenario; not operator capacity
central,361,east,4.0,static engineering mechanism scenario; not operator capacity
central,361,north,2.0,static engineering mechanism scenario; not operator capacity
central,361,northwest,2.0,static engineering mechanism scenario; not operator capacity
central,361,southwest,2.0,static engineering mechanism scenario; not operator capacity
central,362,east,4.0,static engineering mechanism scenario; not operator capacity
central,362,north,2.0,static engineering mechanism scenario; not operator capacity
central,362,northwest,2.0,static engineering mechanism scenario; not operator capacity
central,362,southwest,2.0,static engineering mechanism scenario; not operator capacity
central,363,east,4.0,static engineering mechanism scenario; not operator capacity
central,363,north,2.0,static engineering mechanism scenario; not operator capacity
central,363,northwest,2.0,static engineering mechanism scenario; not operator capacity
central,363,southwest,2.0,static engineering mechanism scenario; not operator capacity
central,364,east,4.0,static engineering mechanism scenario; not operator capacity
central,364,north,2.0,static engineering mechanism scenario; not operator capacity
central,364,northwest,2.0,static engineering mechanism scenario; not operator capacity
central,364,southwest,2.0,static engineering mechanism scenario; not operator capacity
central,365,east,4.0,static engineering mechanism scenario; not operator capacity
central,365,north,2.0,static engineering mechanism scenario; not operator capacity
central,365,northwest,2.0,static engineering mechanism scenario; not operator capacity
central,365,southwest,2.0,static engineering mechanism scenario; not operator capacity
central,366,east,4.0,static engineering mechanism scenario; not operator capacity
central,366,north,2.0,static engineering mechanism scenario; not operator capacity
central,366,northwest,2.0,static engineering mechanism scenario; not operator capacity
central,366,southwest,2.0,static engineering mechanism scenario; not operator capacity
central,367,east,4.0,static engineering mechanism scenario; not operator capacity
central,367,north,2.0,static engineering mechanism scenario; not operator capacity
central,367,northwest,2.0,static engineering mechanism scenario; not operator capacity
central,367,southwest,2.0,static engineering mechanism scenario; not operator capacity
central,368,east,4.0,static engineering mechanism scenario; not operator capacity
central,368,north,2.0,static engineering mechanism scenario; not operator capacity
central,368,northwest,2.0,static engineering mechanism scenario; not operator capacity
central,368,southwest,2.0,static engineering mechanism scenario; not operator capacity
central,369,east,4.0,static engineering mechanism scenario; not operator capacity
central,369,north,2.0,static engineering mechanism scenario; not operator capacity
central,369,northwest,2.0,static engineering mechanism scenario; not operator capacity
central,369,southwest,2.0,static engineering mechanism scenario; not operator capacity
central,370,east,4.0,static engineering mechanism scenario; not operator capacity
central,370,north,2.0,static engineering mechanism scenario; not operator capacity
central,370,northwest,2.0,static engineering mechanism scenario; not operator capacity
central,370,southwest,2.0,static engineering mechanism scenario; not operator capacity
central,371,east,4.0,static engineering mechanism scenario; not operator capacity
central,371,north,2.0,static engineering mechanism scenario; not operator capacity
central,371,northwest,2.0,static engineering mechanism scenario; not operator capacity
central,371,southwest,2.0,static engineering mechanism scenario; not operator capacity
central,372,east,4.0,static engineering mechanism scenario; not operator capacity
central,372,north,2.0,static engineering mechanism scenario; not operator capacity
central,372,northwest,2.0,static engineering mechanism scenario; not operator capacity
central,372,southwest,2.0,static engineering mechanism scenario; not operator capacity
central,373,east,4.0,static engineering mechanism scenario; not operator capacity
central,373,north,2.0,static engineering mechanism scenario; not operator capacity
central,373,northwest,2.0,static engineering mechanism scenario; not operator capacity
central,373,southwest,2.0,static engineering mechanism scenario; not operator capacity
central,374,east,4.0,static engineering mechanism scenario; not operator capacity
central,374,north,2.0,static engineering mechanism scenario; not operator capacity
central,374,northwest,2.0,static engineering mechanism scenario; not operator capacity
central,374,southwest,2.0,static engineering mechanism scenario; not operator capacity
central,375,east,4.0,static engineering mechanism scenario; not operator capacity
central,375,north,2.0,static engineering mechanism scenario; not operator capacity
central,375,northwest,2.0,static engineering mechanism scenario; not operator capacity
central,375,southwest,2.0,static engineering mechanism scenario; not operator capacity
central,376,east,4.0,static engineering mechanism scenario; not operator capacity
central,376,north,2.0,static engineering mechanism scenario; not operator capacity
central,376,northwest,2.0,static engineering mechanism scenario; not operator capacity
central,376,southwest,2.0,static engineering mechanism scenario; not operator capacity
central,377,east,4.0,static engineering mechanism scenario; not operator capacity
central,377,north,2.0,static engineering mechanism scenario; not operator capacity
central,377,northwest,2.0,static engineering mechanism scenario; not operator capacity
central,377,southwest,2.0,static engineering mechanism scenario; not operator capacity
central,378,east,4.0,static engineering mechanism scenario; not operator capacity
central,378,north,2.0,static engineering mechanism scenario; not operator capacity
central,378,northwest,2.0,static engineering mechanism scenario; not operator capacity
central,378,southwest,2.0,static engineering mechanism scenario; not operator capacity
central,379,east,4.0,static engineering mechanism scenario; not operator capacity
central,379,north,2.0,static engineering mechanism scenario; not operator capacity
central,379,northwest,2.0,static engineering mechanism scenario; not operator capacity
central,379,southwest,2.0,static engineering mechanism scenario; not operator capacity
central,380,east,4.0,static engineering mechanism scenario; not operator capacity
central,380,north,2.0,static engineering mechanism scenario; not operator capacity
central,380,northwest,2.0,static engineering mechanism scenario; not operator capacity
central,380,southwest,2.0,static engineering mechanism scenario; not operator capacity
central,381,east,4.0,static engineering mechanism scenario; not operator capacity
central,381,north,2.0,static engineering mechanism scenario; not operator capacity
central,381,northwest,2.0,static engineering mechanism scenario; not operator capacity
central,381,southwest,2.0,static engineering mechanism scenario; not operator capacity
central,382,east,4.0,static engineering mechanism scenario; not operator capacity
central,382,north,2.0,static engineering mechanism scenario; not operator capacity
central,382,northwest,2.0,static engineering mechanism scenario; not operator capacity
central,382,southwest,2.0,static engineering mechanism scenario; not operator capacity
central,383,east,4.0,static engineering mechanism scenario; not operator capacity
central,383,north,2.0,static engineering mechanism scenario; not operator capacity
central,383,northwest,2.0,static engineering mechanism scenario; not operator capacity
central,383,southwest,2.0,static engineering mechanism scenario; not operator capacity
central,384,east,4.0,static engineering mechanism scenario; not operator capacity
central,384,north,2.0,static engineering mechanism scenario; not operator capacity
central,384,northwest,2.0,static engineering mechanism scenario; not operator capacity
central,384,southwest,2.0,static engineering mechanism scenario; not operator capacity
central,385,east,4.0,static engineering mechanism scenario; not operator capacity
central,385,north,2.0,static engineering mechanism scenario; not operator capacity
central,385,northwest,2.0,static engineering mechanism scenario; not operator capacity
central,385,southwest,2.0,static engineering mechanism scenario; not operator capacity
central,386,east,4.0,static engineering mechanism scenario; not operator capacity
central,386,north,2.0,static engineering mechanism scenario; not operator capacity
central,386,northwest,2.0,static engineering mechanism scenario; not operator capacity
central,386,southwest,2.0,static engineering mechanism scenario; not operator capacity
central,387,east,4.0,static engineering mechanism scenario; not operator capacity
central,387,north,2.0,static engineering mechanism scenario; not operator capacity
central,387,northwest,2.0,static engineering mechanism scenario; not operator capacity
central,387,southwest,2.0,static engineering mechanism scenario; not operator capacity
central,388,east,4.0,static engineering mechanism scenario; not operator capacity
central,388,north,2.0,static engineering mechanism scenario; not operator capacity
central,388,northwest,2.0,static engineering mechanism scenario; not operator capacity
central,388,southwest,2.0,static engineering mechanism scenario; not operator capacity
central,389,east,4.0,static engineering mechanism scenario; not operator capacity
central,389,north,2.0,static engineering mechanism scenario; not operator capacity
central,389,northwest,2.0,static engineering mechanism scenario; not operator capacity
central,389,southwest,2.0,static engineering mechanism scenario; not operator capacity
central,390,east,4.0,static engineering mechanism scenario; not operator capacity
central,390,north,2.0,static engineering mechanism scenario; not operator capacity
central,390,northwest,2.0,static engineering mechanism scenario; not operator capacity
central,390,southwest,2.0,static engineering mechanism scenario; not operator capacity
central,391,east,4.0,static engineering mechanism scenario; not operator capacity
central,391,north,2.0,static engineering mechanism scenario; not operator capacity
central,391,northwest,2.0,static engineering mechanism scenario; not operator capacity
central,391,southwest,2.0,static engineering mechanism scenario; not operator capacity
central,392,east,4.0,static engineering mechanism scenario; not operator capacity
central,392,north,2.0,static engineering mechanism scenario; not operator capacity
central,392,northwest,2.0,static engineering mechanism scenario; not operator capacity
central,392,southwest,2.0,static engineering mechanism scenario; not operator capacity
central,393,east,4.0,static engineering mechanism scenario; not operator capacity
central,393,north,2.0,static engineering mechanism scenario; not operator capacity
central,393,northwest,2.0,static engineering mechanism scenario; not operator capacity
central,393,southwest,2.0,static engineering mechanism scenario; not operator capacity
central,394,east,4.0,static engineering mechanism scenario; not operator capacity
central,394,north,2.0,static engineering mechanism scenario; not operator capacity
central,394,northwest,2.0,static engineering mechanism scenario; not operator capacity
central,394,southwest,2.0,static engineering mechanism scenario; not operator capacity
central,395,east,4.0,static engineering mechanism scenario; not operator capacity
central,395,north,2.0,static engineering mechanism scenario; not operator capacity
central,395,northwest,2.0,static engineering mechanism scenario; not operator capacity
central,395,southwest,2.0,static engineering mechanism scenario; not operator capacity
central,396,east,4.0,static engineering mechanism scenario; not operator capacity
central,396,north,2.0,static engineering mechanism scenario; not operator capacity
central,396,northwest,2.0,static engineering mechanism scenario; not operator capacity
central,396,southwest,2.0,static engineering mechanism scenario; not operator capacity
central,397,east,4.0,static engineering mechanism scenario; not operator capacity
central,397,north,2.0,static engineering mechanism scenario; not operator capacity
central,397,northwest,2.0,static engineering mechanism scenario; not operator capacity
central,397,southwest,2.0,static engineering mechanism scenario; not operator capacity
central,398,east,4.0,static engineering mechanism scenario; not operator capacity
central,398,north,2.0,static engineering mechanism scenario; not operator capacity
central,398,northwest,2.0,static engineering mechanism scenario; not operator capacity
central,398,southwest,2.0,static engineering mechanism scenario; not operator capacity
central,399,east,4.0,static engineering mechanism scenario; not operator capacity
central,399,north,2.0,static engineering mechanism scenario; not operator capacity
central,399,northwest,2.0,static engineering mechanism scenario; not operator capacity
central,399,southwest,2.0,static engineering mechanism scenario; not operator capacity
central,400,east,4.0,static engineering mechanism scenario; not operator capacity
central,400,north,2.0,static engineering mechanism scenario; not operator capacity
central,400,northwest,2.0,static engineering mechanism scenario; not operator capacity
central,400,southwest,2.0,static engineering mechanism scenario; not operator capacity
central,401,east,4.0,static engineering mechanism scenario; not operator capacity
central,401,north,2.0,static engineering mechanism scenario; not operator capacity
central,401,northwest,2.0,static engineering mechanism scenario; not operator capacity
central,401,southwest,2.0,static engineering mechanism scenario; not operator capacity
central,402,east,4.0,static engineering mechanism scenario; not operator capacity
central,402,north,2.0,static engineering mechanism scenario; not operator capacity
central,402,northwest,2.0,static engineering mechanism scenario; not operator capacity
central,402,southwest,2.0,static engineering mechanism scenario; not operator capacity
central,403,east,4.0,static engineering mechanism scenario; not operator capacity
central,403,north,2.0,static engineering mechanism scenario; not operator capacity
central,403,northwest,2.0,static engineering mechanism scenario; not operator capacity
central,403,southwest,2.0,static engineering mechanism scenario; not operator capacity
central,404,east,4.0,static engineering mechanism scenario; not operator capacity
central,404,north,2.0,static engineering mechanism scenario; not operator capacity
central,404,northwest,2.0,static engineering mechanism scenario; not operator capacity
central,404,southwest,2.0,static engineering mechanism scenario; not operator capacity
central,405,east,4.0,static engineering mechanism scenario; not operator capacity
central,405,north,2.0,static engineering mechanism scenario; not operator capacity
central,405,northwest,2.0,static engineering mechanism scenario; not operator capacity
central,405,southwest,2.0,static engineering mechanism scenario; not operator capacity
central,406,east,4.0,static engineering mechanism scenario; not operator capacity
central,406,north,2.0,static engineering mechanism scenario; not operator capacity
central,406,northwest,2.0,static engineering mechanism scenario; not operator capacity
central,406,southwest,2.0,static engineering mechanism scenario; not operator capacity
central,407,east,4.0,static engineering mechanism scenario; not operator capacity
central,407,north,2.0,static engineering mechanism scenario; not operator capacity
central,407,northwest,2.0,static engineering mechanism scenario; not operator capacity
central,407,southwest,2.0,static engineering mechanism scenario; not operator capacity
central,408,east,4.0,static engineering mechanism scenario; not operator capacity
central,408,north,2.0,static engineering mechanism scenario; not operator capacity
central,408,northwest,2.0,static engineering mechanism scenario; not operator capacity
central,408,southwest,2.0,static engineering mechanism scenario; not operator capacity
central,409,east,4.0,static engineering mechanism scenario; not operator capacity
central,409,north,2.0,static engineering mechanism scenario; not operator capacity
central,409,northwest,2.0,static engineering mechanism scenario; not operator capacity
central,409,southwest,2.0,static engineering mechanism scenario; not operator capacity
central,410,east,4.0,static engineering mechanism scenario; not operator capacity
central,410,north,2.0,static engineering mechanism scenario; not operator capacity
central,410,northwest,2.0,static engineering mechanism scenario; not operator capacity
central,410,southwest,2.0,static engineering mechanism scenario; not operator capacity
central,411,east,4.0,static engineering mechanism scenario; not operator capacity
central,411,north,2.0,static engineering mechanism scenario; not operator capacity
central,411,northwest,2.0,static engineering mechanism scenario; not operator capacity
central,411,southwest,2.0,static engineering mechanism scenario; not operator capacity
central,412,east,4.0,static engineering mechanism scenario; not operator capacity
central,412,north,2.0,static engineering mechanism scenario; not operator capacity
central,412,northwest,2.0,static engineering mechanism scenario; not operator capacity
central,412,southwest,2.0,static engineering mechanism scenario; not operator capacity
central,413,east,4.0,static engineering mechanism scenario; not operator capacity
central,413,north,2.0,static engineering mechanism scenario; not operator capacity
central,413,northwest,2.0,static engineering mechanism scenario; not operator capacity
central,413,southwest,2.0,static engineering mechanism scenario; not operator capacity
central,414,east,4.0,static engineering mechanism scenario; not operator capacity
central,414,north,2.0,static engineering mechanism scenario; not operator capacity
central,414,northwest,2.0,static engineering mechanism scenario; not operator capacity
central,414,southwest,2.0,static engineering mechanism scenario; not operator capacity
central,415,east,4.0,static engineering mechanism scenario; not operator capacity
central,415,north,2.0,static engineering mechanism scenario; not operator capacity
central,415,northwest,2.0,static engineering mechanism scenario; not operator capacity
central,415,southwest,2.0,static engineering mechanism scenario; not operator capacity
central,416,east,4.0,static engineering mechanism scenario; not operator capacity
central,416,north,2.0,static engineering mechanism scenario; not operator capacity
central,416,northwest,2.0,static engineering mechanism scenario; not operator capacity
central,416,southwest,2.0,static engineering mechanism scenario; not operator capacity
central,417,east,4.0,static engineering mechanism scenario; not operator capacity
central,417,north,2.0,static engineering mechanism scenario; not operator capacity
central,417,northwest,2.0,static engineering mechanism scenario; not operator capacity
central,417,southwest,2.0,static engineering mechanism scenario; not operator capacity
central,418,east,4.0,static engineering mechanism scenario; not operator capacity
central,418,north,2.0,static engineering mechanism scenario; not operator capacity
central,418,northwest,2.0,static engineering mechanism scenario; not operator capacity
central,418,southwest,2.0,static engineering mechanism scenario; not operator capacity
central,419,east,4.0,static engineering mechanism scenario; not operator capacity
central,419,north,2.0,static engineering mechanism scenario; not operator capacity
central,419,northwest,2.0,static engineering mechanism scenario; not operator capacity
central,419,southwest,2.0,static engineering mechanism scenario; not operator capacity
central,420,east,4.0,static engineering mechanism scenario; not operator capacity
central,420,north,2.0,static engineering mechanism scenario; not operator capacity
central,420,northwest,2.0,static engineering mechanism scenario; not operator capacity
central,420,southwest,2.0,static engineering mechanism scenario; not operator capacity
central,421,east,4.0,static engineering mechanism scenario; not operator capacity
central,421,north,2.0,static engineering mechanism scenario; not operator capacity
central,421,northwest,2.0,static engineering mechanism scenario; not operator capacity
central,421,southwest,2.0,static engineering mechanism scenario; not operator capacity
central,422,east,4.0,static engineering mechanism scenario; not operator capacity
central,422,north,2.0,static engineering mechanism scenario; not operator capacity
central,422,northwest,2.0,static engineering mechanism scenario; not operator capacity
central,422,southwest,2.0,static engineering mechanism scenario; not operator capacity
central,423,east,4.0,static engineering mechanism scenario; not operator capacity
central,423,north,2.0,static engineering mechanism scenario; not operator capacity
central,423,northwest,2.0,static engineering mechanism scenario; not operator capacity
central,423,southwest,2.0,static engineering mechanism scenario; not operator capacity
central,424,east,4.0,static engineering mechanism scenario; not operator capacity
central,424,north,2.0,static engineering mechanism scenario; not operator capacity
central,424,northwest,2.0,static engineering mechanism scenario; not operator capacity
central,424,southwest,2.0,static engineering mechanism scenario; not operator capacity
central,425,east,4.0,static engineering mechanism scenario; not operator capacity
central,425,north,2.0,static engineering mechanism scenario; not operator capacity
central,425,northwest,2.0,static engineering mechanism scenario; not operator capacity
central,425,southwest,2.0,static engineering mechanism scenario; not operator capacity
central,426,east,4.0,static engineering mechanism scenario; not operator capacity
central,426,north,2.0,static engineering mechanism scenario; not operator capacity
central,426,northwest,2.0,static engineering mechanism scenario; not operator capacity
central,426,southwest,2.0,static engineering mechanism scenario; not operator capacity
central,427,east,4.0,static engineering mechanism scenario; not operator capacity
central,427,north,2.0,static engineering mechanism scenario; not operator capacity
central,427,northwest,2.0,static engineering mechanism scenario; not operator capacity
central,427,southwest,2.0,static engineering mechanism scenario; not operator capacity
central,428,east,4.0,static engineering mechanism scenario; not operator capacity
central,428,north,2.0,static engineering mechanism scenario; not operator capacity
central,428,northwest,2.0,static engineering mechanism scenario; not operator capacity
central,428,southwest,2.0,static engineering mechanism scenario; not operator capacity
central,429,east,4.0,static engineering mechanism scenario; not operator capacity
central,429,north,2.0,static engineering mechanism scenario; not operator capacity
central,429,northwest,2.0,static engineering mechanism scenario; not operator capacity
central,429,southwest,2.0,static engineering mechanism scenario; not operator capacity
central,430,east,4.0,static engineering mechanism scenario; not operator capacity
central,430,north,2.0,static engineering mechanism scenario; not operator capacity
central,430,northwest,2.0,static engineering mechanism scenario; not operator capacity
central,430,southwest,2.0,static engineering mechanism scenario; not operator capacity
central,431,east,4.0,static engineering mechanism scenario; not operator capacity
central,431,north,2.0,static engineering mechanism scenario; not operator capacity
central,431,northwest,2.0,static engineering mechanism scenario; not operator capacity
central,431,southwest,2.0,static engineering mechanism scenario; not operator capacity
central,432,east,4.0,static engineering mechanism scenario; not operator capacity
central,432,north,2.0,static engineering mechanism scenario; not operator capacity
central,432,northwest,2.0,static engineering mechanism scenario; not operator capacity
central,432,southwest,2.0,static engineering mechanism scenario; not operator capacity
central,433,east,4.0,static engineering mechanism scenario; not operator capacity
central,433,north,2.0,static engineering mechanism scenario; not operator capacity
central,433,northwest,2.0,static engineering mechanism scenario; not operator capacity
central,433,southwest,2.0,static engineering mechanism scenario; not operator capacity
central,434,east,4.0,static engineering mechanism scenario; not operator capacity
central,434,north,2.0,static engineering mechanism scenario; not operator capacity
central,434,northwest,2.0,static engineering mechanism scenario; not operator capacity
central,434,southwest,2.0,static engineering mechanism scenario; not operator capacity
central,435,east,4.0,static engineering mechanism scenario; not operator capacity
central,435,north,2.0,static engineering mechanism scenario; not operator capacity
central,435,northwest,2.0,static engineering mechanism scenario; not operator capacity
central,435,southwest,2.0,static engineering mechanism scenario; not operator capacity
central,436,east,4.0,static engineering mechanism scenario; not operator capacity
central,436,north,2.0,static engineering mechanism scenario; not operator capacity
central,436,northwest,2.0,static engineering mechanism scenario; not operator capacity
central,436,southwest,2.0,static engineering mechanism scenario; not operator capacity
central,437,east,4.0,static engineering mechanism scenario; not operator capacity
central,437,north,2.0,static engineering mechanism scenario; not operator capacity
central,437,northwest,2.0,static engineering mechanism scenario; not operator capacity
central,437,southwest,2.0,static engineering mechanism scenario; not operator capacity
central,438,east,4.0,static engineering mechanism scenario; not operator capacity
central,438,north,2.0,static engineering mechanism scenario; not operator capacity
central,438,northwest,2.0,static engineering mechanism scenario; not operator capacity
central,438,southwest,2.0,static engineering mechanism scenario; not operator capacity
central,439,east,4.0,static engineering mechanism scenario; not operator capacity
central,439,north,2.0,static engineering mechanism scenario; not operator capacity
central,439,northwest,2.0,static engineering mechanism scenario; not operator capacity
central,439,southwest,2.0,static engineering mechanism scenario; not operator capacity
central,440,east,4.0,static engineering mechanism scenario; not operator capacity
central,440,north,2.0,static engineering mechanism scenario; not operator capacity
central,440,northwest,2.0,static engineering mechanism scenario; not operator capacity
central,440,southwest,2.0,static engineering mechanism scenario; not operator capacity
central,441,east,4.0,static engineering mechanism scenario; not operator capacity
central,441,north,2.0,static engineering mechanism scenario; not operator capacity
central,441,northwest,2.0,static engineering mechanism scenario; not operator capacity
central,441,southwest,2.0,static engineering mechanism scenario; not operator capacity
central,442,east,4.0,static engineering mechanism scenario; not operator capacity
central,442,north,2.0,static engineering mechanism scenario; not operator capacity
central,442,northwest,2.0,static engineering mechanism scenario; not operator capacity
central,442,southwest,2.0,static engineering mechanism scenario; not operator capacity
central,443,east,4.0,static engineering mechanism scenario; not operator capacity
central,443,north,2.0,static engineering mechanism scenario; not operator capacity
central,443,northwest,2.0,static engineering mechanism scenario; not operator capacity
central,443,southwest,2.0,static engineering mechanism scenario; not operator capacity
central,444,east,4.0,static engineering mechanism scenario; not operator capacity
central,444,north,2.0,static engineering mechanism scenario; not operator capacity
central,444,northwest,2.0,static engineering mechanism scenario; not operator capacity
central,444,southwest,2.0,static engineering mechanism scenario; not operator capacity
central,445,east,4.0,static engineering mechanism scenario; not operator capacity
central,445,north,2.0,static engineering mechanism scenario; not operator capacity
central,445,northwest,2.0,static engineering mechanism scenario; not operator capacity
central,445,southwest,2.0,static engineering mechanism scenario; not operator capacity
central,446,east,4.0,static engineering mechanism scenario; not operator capacity
central,446,north,2.0,static engineering mechanism scenario; not operator capacity
central,446,northwest,2.0,static engineering mechanism scenario; not operator capacity
central,446,southwest,2.0,static engineering mechanism scenario; not operator capacity
central,447,east,4.0,static engineering mechanism scenario; not operator capacity
central,447,north,2.0,static engineering mechanism scenario; not operator capacity
central,447,northwest,2.0,static engineering mechanism scenario; not operator capacity
central,447,southwest,2.0,static engineering mechanism scenario; not operator capacity
central,448,east,4.0,static engineering mechanism scenario; not operator capacity
central,448,north,2.0,static engineering mechanism scenario; not operator capacity
central,448,northwest,2.0,static engineering mechanism scenario; not operator capacity
central,448,southwest,2.0,static engineering mechanism scenario; not operator capacity
central,449,east,4.0,static engineering mechanism scenario; not operator capacity
central,449,north,2.0,static engineering mechanism scenario; not operator capacity
central,449,northwest,2.0,static engineering mechanism scenario; not operator capacity
central,449,southwest,2.0,static engineering mechanism scenario; not operator capacity
central,450,east,4.0,static engineering mechanism scenario; not operator capacity
central,450,north,2.0,static engineering mechanism scenario; not operator capacity
central,450,northwest,2.0,static engineering mechanism scenario; not operator capacity
central,450,southwest,2.0,static engineering mechanism scenario; not operator capacity
central,451,east,4.0,static engineering mechanism scenario; not operator capacity
central,451,north,2.0,static engineering mechanism scenario; not operator capacity
central,451,northwest,2.0,static engineering mechanism scenario; not operator capacity
central,451,southwest,2.0,static engineering mechanism scenario; not operator capacity
central,452,east,4.0,static engineering mechanism scenario; not operator capacity
central,452,north,2.0,static engineering mechanism scenario; not operator capacity
central,452,northwest,2.0,static engineering mechanism scenario; not operator capacity
central,452,southwest,2.0,static engineering mechanism scenario; not operator capacity
central,453,east,4.0,static engineering mechanism scenario; not operator capacity
central,453,north,2.0,static engineering mechanism scenario; not operator capacity
central,453,northwest,2.0,static engineering mechanism scenario; not operator capacity
central,453,southwest,2.0,static engineering mechanism scenario; not operator capacity
central,454,east,4.0,static engineering mechanism scenario; not operator capacity
central,454,north,2.0,static engineering mechanism scenario; not operator capacity
central,454,northwest,2.0,static engineering mechanism scenario; not operator capacity
central,454,southwest,2.0,static engineering mechanism scenario; not operator capacity
central,455,east,4.0,static engineering mechanism scenario; not operator capacity
central,455,north,2.0,static engineering mechanism scenario; not operator capacity
central,455,northwest,2.0,static engineering mechanism scenario; not operator capacity
central,455,southwest,2.0,static engineering mechanism scenario; not operator capacity
central,456,east,4.0,static engineering mechanism scenario; not operator capacity
central,456,north,2.0,static engineering mechanism scenario; not operator capacity
central,456,northwest,2.0,static engineering mechanism scenario; not operator capacity
central,456,southwest,2.0,static engineering mechanism scenario; not operator capacity
central,457,east,4.0,static engineering mechanism scenario; not operator capacity
central,457,north,2.0,static engineering mechanism scenario; not operator capacity
central,457,northwest,2.0,static engineering mechanism scenario; not operator capacity
central,457,southwest,2.0,static engineering mechanism scenario; not operator capacity
central,458,east,4.0,static engineering mechanism scenario; not operator capacity
central,458,north,2.0,static engineering mechanism scenario; not operator capacity
central,458,northwest,2.0,static engineering mechanism scenario; not operator capacity
central,458,southwest,2.0,static engineering mechanism scenario; not operator capacity
central,459,east,4.0,static engineering mechanism scenario; not operator capacity
central,459,north,2.0,static engineering mechanism scenario; not operator capacity
central,459,northwest,2.0,static engineering mechanism scenario; not operator capacity
central,459,southwest,2.0,static engineering mechanism scenario; not operator capacity
central,460,east,4.0,static engineering mechanism scenario; not operator capacity
central,460,north,2.0,static engineering mechanism scenario; not operator capacity
central,460,northwest,2.0,static engineering mechanism scenario; not operator capacity
central,460,southwest,2.0,static engineering mechanism scenario; not operator capacity
central,461,east,4.0,static engineering mechanism scenario; not operator capacity
central,461,north,2.0,static engineering mechanism scenario; not operator capacity
central,461,northwest,2.0,static engineering mechanism scenario; not operator capacity
central,461,southwest,2.0,static engineering mechanism scenario; not operator capacity
central,462,east,4.0,static engineering mechanism scenario; not operator capacity
central,462,north,2.0,static engineering mechanism scenario; not operator capacity
central,462,northwest,2.0,static engineering mechanism scenario; not operator capacity
central,462,southwest,2.0,static engineering mechanism scenario; not operator capacity
central,463,east,4.0,static engineering mechanism scenario; not operator capacity
central,463,north,2.0,static engineering mechanism scenario; not operator capacity
central,463,northwest,2.0,static engineering mechanism scenario; not operator capacity
central,463,southwest,2.0,static engineering mechanism scenario; not operator capacity
central,464,east,4.0,static engineering mechanism scenario; not operator capacity
central,464,north,2.0,static engineering mechanism scenario; not operator capacity
central,464,northwest,2.0,static engineering mechanism scenario; not operator capacity
central,464,southwest,2.0,static engineering mechanism scenario; not operator capacity
central,465,east,4.0,static engineering mechanism scenario; not operator capacity
central,465,north,2.0,static engineering mechanism scenario; not operator capacity
central,465,northwest,2.0,static engineering mechanism scenario; not operator capacity
central,465,southwest,2.0,static engineering mechanism scenario; not operator capacity
central,466,east,4.0,static engineering mechanism scenario; not operator capacity
central,466,north,2.0,static engineering mechanism scenario; not operator capacity
central,466,northwest,2.0,static engineering mechanism scenario; not operator capacity
central,466,southwest,2.0,static engineering mechanism scenario; not operator capacity
central,467,east,4.0,static engineering mechanism scenario; not operator capacity
central,467,north,2.0,static engineering mechanism scenario; not operator capacity
central,467,northwest,2.0,static engineering mechanism scenario; not operator capacity
central,467,southwest,2.0,static engineering mechanism scenario; not operator capacity
central,468,east,4.0,static engineering mechanism scenario; not operator capacity
central,468,north,2.0,static engineering mechanism scenario; not operator capacity
central,468,northwest,2.0,static engineering mechanism scenario; not operator capacity
central,468,southwest,2.0,static engineering mechanism scenario; not operator capacity
central,469,east,4.0,static engineering mechanism scenario; not operator capacity
central,469,north,2.0,static engineering mechanism scenario; not operator capacity
central,469,northwest,2.0,static engineering mechanism scenario; not operator capacity
central,469,southwest,2.0,static engineering mechanism scenario; not operator capacity
central,470,east,4.0,static engineering mechanism scenario; not operator capacity
central,470,north,2.0,static engineering mechanism scenario; not operator capacity
central,470,northwest,2.0,static engineering mechanism scenario; not operator capacity
central,470,southwest,2.0,static engineering mechanism scenario; not operator capacity
central,471,east,4.0,static engineering mechanism scenario; not operator capacity
central,471,north,2.0,static engineering mechanism scenario; not operator capacity
central,471,northwest,2.0,static engineering mechanism scenario; not operator capacity
central,471,southwest,2.0,static engineering mechanism scenario; not operator capacity
central,472,east,4.0,static engineering mechanism scenario; not operator capacity
central,472,north,2.0,static engineering mechanism scenario; not operator capacity
central,472,northwest,2.0,static engineering mechanism scenario; not operator capacity
central,472,southwest,2.0,static engineering mechanism scenario; not operator capacity
central,473,east,4.0,static engineering mechanism scenario; not operator capacity
central,473,north,2.0,static engineering mechanism scenario; not operator capacity
central,473,northwest,2.0,static engineering mechanism scenario; not operator capacity
central,473,southwest,2.0,static engineering mechanism scenario; not operator capacity
central,474,east,4.0,static engineering mechanism scenario; not operator capacity
central,474,north,2.0,static engineering mechanism scenario; not operator capacity
central,474,northwest,2.0,static engineering mechanism scenario; not operator capacity
central,474,southwest,2.0,static engineering mechanism scenario; not operator capacity
central,475,east,4.0,static engineering mechanism scenario; not operator capacity
central,475,north,2.0,static engineering mechanism scenario; not operator capacity
central,475,northwest,2.0,static engineering mechanism scenario; not operator capacity
central,475,southwest,2.0,static engineering mechanism scenario; not operator capacity
central,476,east,4.0,static engineering mechanism scenario; not operator capacity
central,476,north,2.0,static engineering mechanism scenario; not operator capacity
central,476,northwest,2.0,static engineering mechanism scenario; not operator capacity
central,476,southwest,2.0,static engineering mechanism scenario; not operator capacity
central,477,east,4.0,static engineering mechanism scenario; not operator capacity
central,477,north,2.0,static engineering mechanism scenario; not operator capacity
central,477,northwest,2.0,static engineering mechanism scenario; not operator capacity
central,477,southwest,2.0,static engineering mechanism scenario; not operator capacity
central,478,east,4.0,static engineering mechanism scenario; not operator capacity
central,478,north,2.0,static engineering mechanism scenario; not operator capacity
central,478,northwest,2.0,static engineering mechanism scenario; not operator capacity
central,478,southwest,2.0,static engineering mechanism scenario; not operator capacity
central,479,east,4.0,static engineering mechanism scenario; not operator capacity
central,479,north,2.0,static engineering mechanism scenario; not operator capacity
central,479,northwest,2.0,static engineering mechanism scenario; not operator capacity
central,479,southwest,2.0,static engineering mechanism scenario; not operator capacity
central,480,east,4.0,static engineering mechanism scenario; not operator capacity
central,480,north,2.0,static engineering mechanism scenario; not operator capacity
central,480,northwest,2.0,static engineering mechanism scenario; not operator capacity
central,480,southwest,2.0,static engineering mechanism scenario; not operator capacity
central,481,east,4.0,static engineering mechanism scenario; not operator capacity
central,481,north,2.0,static engineering mechanism scenario; not operator capacity
central,481,northwest,2.0,static engineering mechanism scenario; not operator capacity
central,481,southwest,2.0,static engineering mechanism scenario; not operator capacity
central,482,east,4.0,static engineering mechanism scenario; not operator capacity
central,482,north,2.0,static engineering mechanism scenario; not operator capacity
central,482,northwest,2.0,static engineering mechanism scenario; not operator capacity
central,482,southwest,2.0,static engineering mechanism scenario; not operator capacity
central,483,east,4.0,static engineering mechanism scenario; not operator capacity
central,483,north,2.0,static engineering mechanism scenario; not operator capacity
central,483,northwest,2.0,static engineering mechanism scenario; not operator capacity
central,483,southwest,2.0,static engineering mechanism scenario; not operator capacity
central,484,east,4.0,static engineering mechanism scenario; not operator capacity
central,484,north,2.0,static engineering mechanism scenario; not operator capacity
central,484,northwest,2.0,static engineering mechanism scenario; not operator capacity
central,484,southwest,2.0,static engineering mechanism scenario; not operator capacity
central,485,east,4.0,static engineering mechanism scenario; not operator capacity
central,485,north,2.0,static engineering mechanism scenario; not operator capacity
central,485,northwest,2.0,static engineering mechanism scenario; not operator capacity
central,485,southwest,2.0,static engineering mechanism scenario; not operator capacity
central,486,east,4.0,static engineering mechanism scenario; not operator capacity
central,486,north,2.0,static engineering mechanism scenario; not operator capacity
central,486,northwest,2.0,static engineering mechanism scenario; not operator capacity
central,486,southwest,2.0,static engineering mechanism scenario; not operator capacity
central,487,east,4.0,static engineering mechanism scenario; not operator capacity
central,487,north,2.0,static engineering mechanism scenario; not operator capacity
central,487,northwest,2.0,static engineering mechanism scenario; not operator capacity
central,487,southwest,2.0,static engineering mechanism scenario; not operator capacity
central,488,east,4.0,static engineering mechanism scenario; not operator capacity
central,488,north,2.0,static engineering mechanism scenario; not operator capacity
central,488,northwest,2.0,static engineering mechanism scenario; not operator capacity
central,488,southwest,2.0,static engineering mechanism scenario; not operator capacity
central,489,east,4.0,static engineering mechanism scenario; not operator capacity
central,489,north,2.0,static engineering mechanism scenario; not operator capacity
central,489,northwest,2.0,static engineering mechanism scenario; not operator capacity
central,489,southwest,2.0,static engineering mechanism scenario; not operator capacity
central,490,east,4.0,static engineering mechanism scenario; not operator capacity
central,490,north,2.0,static engineering mechanism scenario; not operator capacity
central,490,northwest,2.0,static engineering mechanism scenario; not operator capacity
central,490,southwest,2.0,static engineering mechanism scenario; not operator capacity
central,491,east,4.0,static engineering mechanism scenario; not operator capacity
central,491,north,2.0,static engineering mechanism scenario; not operator capacity
central,491,northwest,2.0,static engineering mechanism scenario; not operator capacity
central,491,southwest,2.0,static engineering mechanism scenario; not operator capacity
central,492,east,4.0,static engineering mechanism scenario; not operator capacity
central,492,north,2.0,static engineering mechanism scenario; not operator capacity
central,492,northwest,2.0,static engineering mechanism scenario; not operator capacity
central,492,southwest,2.0,static engineering mechanism scenario; not operator capacity
central,493,east,4.0,static engineering mechanism scenario; not operator capacity
central,493,north,2.0,static engineering mechanism scenario; not operator capacity
central,493,northwest,2.0,static engineering mechanism scenario; not operator capacity
central,493,southwest,2.0,static engineering mechanism scenario; not operator capacity
central,494,east,4.0,static engineering mechanism scenario; not operator capacity
central,494,north,2.0,static engineering mechanism scenario; not operator capacity
central,494,northwest,2.0,static engineering mechanism scenario; not operator capacity
central,494,southwest,2.0,static engineering mechanism scenario; not operator capacity
central,495,east,4.0,static engineering mechanism scenario; not operator capacity
central,495,north,2.0,static engineering mechanism scenario; not operator capacity
central,495,northwest,2.0,static engineering mechanism scenario; not operator capacity
central,495,southwest,2.0,static engineering mechanism scenario; not operator capacity
central,496,east,4.0,static engineering mechanism scenario; not operator capacity
central,496,north,2.0,static engineering mechanism scenario; not operator capacity
central,496,northwest,2.0,static engineering mechanism scenario; not operator capacity
central,496,southwest,2.0,static engineering mechanism scenario; not operator capacity
central,497,east,4.0,static engineering mechanism scenario; not operator capacity
central,497,north,2.0,static engineering mechanism scenario; not operator capacity
central,497,northwest,2.0,static engineering mechanism scenario; not operator capacity
central,497,southwest,2.0,static engineering mechanism scenario; not operator capacity
central,498,east,4.0,static engineering mechanism scenario; not operator capacity
central,498,north,2.0,static engineering mechanism scenario; not operator capacity
central,498,northwest,2.0,static engineering mechanism scenario; not operator capacity
central,498,southwest,2.0,static engineering mechanism scenario; not operator capacity
central,499,east,4.0,static engineering mechanism scenario; not operator capacity
central,499,north,2.0,static engineering mechanism scenario; not operator capacity
central,499,northwest,2.0,static engineering mechanism scenario; not operator capacity
central,499,southwest,2.0,static engineering mechanism scenario; not operator capacity
central,500,east,4.0,static engineering mechanism scenario; not operator capacity
central,500,north,2.0,static engineering mechanism scenario; not operator capacity
central,500,northwest,2.0,static engineering mechanism scenario; not operator capacity
central,500,southwest,2.0,static engineering mechanism scenario; not operator capacity
central,501,east,4.0,static engineering mechanism scenario; not operator capacity
central,501,north,2.0,static engineering mechanism scenario; not operator capacity
central,501,northwest,2.0,static engineering mechanism scenario; not operator capacity
central,501,southwest,2.0,static engineering mechanism scenario; not operator capacity
central,502,east,4.0,static engineering mechanism scenario; not operator capacity
central,502,north,2.0,static engineering mechanism scenario; not operator capacity
central,502,northwest,2.0,static engineering mechanism scenario; not operator capacity
central,502,southwest,2.0,static engineering mechanism scenario; not operator capacity
central,503,east,4.0,static engineering mechanism scenario; not operator capacity
central,503,north,2.0,static engineering mechanism scenario; not operator capacity
central,503,northwest,2.0,static engineering mechanism scenario; not operator capacity
central,503,southwest,2.0,static engineering mechanism scenario; not operator capacity
central,504,east,4.0,static engineering mechanism scenario; not operator capacity
central,504,north,2.0,static engineering mechanism scenario; not operator capacity
central,504,northwest,2.0,static engineering mechanism scenario; not operator capacity
central,504,southwest,2.0,static engineering mechanism scenario; not operator capacity
central,505,east,4.0,static engineering mechanism scenario; not operator capacity
central,505,north,2.0,static engineering mechanism scenario; not operator capacity
central,505,northwest,2.0,static engineering mechanism scenario; not operator capacity
central,505,southwest,2.0,static engineering mechanism scenario; not operator capacity
central,506,east,4.0,static engineering mechanism scenario; not operator capacity
central,506,north,2.0,static engineering mechanism scenario; not operator capacity
central,506,northwest,2.0,static engineering mechanism scenario; not operator capacity
central,506,southwest,2.0,static engineering mechanism scenario; not operator capacity
central,507,east,4.0,static engineering mechanism scenario; not operator capacity
central,507,north,2.0,static engineering mechanism scenario; not operator capacity
central,507,northwest,2.0,static engineering mechanism scenario; not operator capacity
central,507,southwest,2.0,static engineering mechanism scenario; not operator capacity
central,508,east,4.0,static engineering mechanism scenario; not operator capacity
central,508,north,2.0,static engineering mechanism scenario; not operator capacity
central,508,northwest,2.0,static engineering mechanism scenario; not operator capacity
central,508,southwest,2.0,static engineering mechanism scenario; not operator capacity
central,509,east,4.0,static engineering mechanism scenario; not operator capacity
central,509,north,2.0,static engineering mechanism scenario; not operator capacity
central,509,northwest,2.0,static engineering mechanism scenario; not operator capacity
central,509,southwest,2.0,static engineering mechanism scenario; not operator capacity
central,510,east,4.0,static engineering mechanism scenario; not operator capacity
central,510,north,2.0,static engineering mechanism scenario; not operator capacity
central,510,northwest,2.0,static engineering mechanism scenario; not operator capacity
central,510,southwest,2.0,static engineering mechanism scenario; not operator capacity
central,511,east,4.0,static engineering mechanism scenario; not operator capacity
central,511,north,2.0,static engineering mechanism scenario; not operator capacity
central,511,northwest,2.0,static engineering mechanism scenario; not operator capacity
central,511,southwest,2.0,static engineering mechanism scenario; not operator capacity
central,512,east,4.0,static engineering mechanism scenario; not operator capacity
central,512,north,2.0,static engineering mechanism scenario; not operator capacity
central,512,northwest,2.0,static engineering mechanism scenario; not operator capacity
central,512,southwest,2.0,static engineering mechanism scenario; not operator capacity
central,513,east,4.0,static engineering mechanism scenario; not operator capacity
central,513,north,2.0,static engineering mechanism scenario; not operator capacity
central,513,northwest,2.0,static engineering mechanism scenario; not operator capacity
central,513,southwest,2.0,static engineering mechanism scenario; not operator capacity
central,514,east,4.0,static engineering mechanism scenario; not operator capacity
central,514,north,2.0,static engineering mechanism scenario; not operator capacity
central,514,northwest,2.0,static engineering mechanism scenario; not operator capacity
central,514,southwest,2.0,static engineering mechanism scenario; not operator capacity
central,515,east,4.0,static engineering mechanism scenario; not operator capacity
central,515,north,2.0,static engineering mechanism scenario; not operator capacity
central,515,northwest,2.0,static engineering mechanism scenario; not operator capacity
central,515,southwest,2.0,static engineering mechanism scenario; not operator capacity
central,516,east,4.0,static engineering mechanism scenario; not operator capacity
central,516,north,2.0,static engineering mechanism scenario; not operator capacity
central,516,northwest,2.0,static engineering mechanism scenario; not operator capacity
central,516,southwest,2.0,static engineering mechanism scenario; not operator capacity
central,517,east,4.0,static engineering mechanism scenario; not operator capacity
central,517,north,2.0,static engineering mechanism scenario; not operator capacity
central,517,northwest,2.0,static engineering mechanism scenario; not operator capacity
central,517,southwest,2.0,static engineering mechanism scenario; not operator capacity
central,518,east,4.0,static engineering mechanism scenario; not operator capacity
central,518,north,2.0,static engineering mechanism scenario; not operator capacity
central,518,northwest,2.0,static engineering mechanism scenario; not operator capacity
central,518,southwest,2.0,static engineering mechanism scenario; not operator capacity
central,519,east,4.0,static engineering mechanism scenario; not operator capacity
central,519,north,2.0,static engineering mechanism scenario; not operator capacity
central,519,northwest,2.0,static engineering mechanism scenario; not operator capacity
central,519,southwest,2.0,static engineering mechanism scenario; not operator capacity
central,520,east,4.0,static engineering mechanism scenario; not operator capacity
central,520,north,2.0,static engineering mechanism scenario; not operator capacity
central,520,northwest,2.0,static engineering mechanism scenario; not operator capacity
central,520,southwest,2.0,static engineering mechanism scenario; not operator capacity
central,521,east,4.0,static engineering mechanism scenario; not operator capacity
central,521,north,2.0,static engineering mechanism scenario; not operator capacity
central,521,northwest,2.0,static engineering mechanism scenario; not operator capacity
central,521,southwest,2.0,static engineering mechanism scenario; not operator capacity
central,522,east,4.0,static engineering mechanism scenario; not operator capacity
central,522,north,2.0,static engineering mechanism scenario; not operator capacity
central,522,northwest,2.0,static engineering mechanism scenario; not operator capacity
central,522,southwest,2.0,static engineering mechanism scenario; not operator capacity
central,523,east,4.0,static engineering mechanism scenario; not operator capacity
central,523,north,2.0,static engineering mechanism scenario; not operator capacity
central,523,northwest,2.0,static engineering mechanism scenario; not operator capacity
central,523,southwest,2.0,static engineering mechanism scenario; not operator capacity
central,524,east,4.0,static engineering mechanism scenario; not operator capacity
central,524,north,2.0,static engineering mechanism scenario; not operator capacity
central,524,northwest,2.0,static engineering mechanism scenario; not operator capacity
central,524,southwest,2.0,static engineering mechanism scenario; not operator capacity
central,525,east,4.0,static engineering mechanism scenario; not operator capacity
central,525,north,2.0,static engineering mechanism scenario; not operator capacity
central,525,northwest,2.0,static engineering mechanism scenario; not operator capacity
central,525,southwest,2.0,static engineering mechanism scenario; not operator capacity
central,526,east,4.0,static engineering mechanism scenario; not operator capacity
central,526,north,2.0,static engineering mechanism scenario; not operator capacity
central,526,northwest,2.0,static engineering mechanism scenario; not operator capacity
central,526,southwest,2.0,static engineering mechanism scenario; not operator capacity
central,527,east,4.0,static engineering mechanism scenario; not operator capacity
central,527,north,2.0,static engineering mechanism scenario; not operator capacity
central,527,northwest,2.0,static engineering mechanism scenario; not operator capacity
central,527,southwest,2.0,static engineering mechanism scenario; not operator capacity
central,528,east,4.0,static engineering mechanism scenario; not operator capacity
central,528,north,2.0,static engineering mechanism scenario; not operator capacity
central,528,northwest,2.0,static engineering mechanism scenario; not operator capacity
central,528,southwest,2.0,static engineering mechanism scenario; not operator capacity
central,529,east,4.0,static engineering mechanism scenario; not operator capacity
central,529,north,2.0,static engineering mechanism scenario; not operator capacity
central,529,northwest,2.0,static engineering mechanism scenario; not operator capacity
central,529,southwest,2.0,static engineering mechanism scenario; not operator capacity
central,530,east,4.0,static engineering mechanism scenario; not operator capacity
central,530,north,2.0,static engineering mechanism scenario; not operator capacity
central,530,northwest,2.0,static engineering mechanism scenario; not operator capacity
central,530,southwest,2.0,static engineering mechanism scenario; not operator capacity
central,531,east,4.0,static engineering mechanism scenario; not operator capacity
central,531,north,2.0,static engineering mechanism scenario; not operator capacity
central,531,northwest,2.0,static engineering mechanism scenario; not operator capacity
central,531,southwest,2.0,static engineering mechanism scenario; not operator capacity
central,532,east,4.0,static engineering mechanism scenario; not operator capacity
central,532,north,2.0,static engineering mechanism scenario; not operator capacity
central,532,northwest,2.0,static engineering mechanism scenario; not operator capacity
central,532,southwest,2.0,static engineering mechanism scenario; not operator capacity
central,533,east,4.0,static engineering mechanism scenario; not operator capacity
central,533,north,2.0,static engineering mechanism scenario; not operator capacity
central,533,northwest,2.0,static engineering mechanism scenario; not operator capacity
central,533,southwest,2.0,static engineering mechanism scenario; not operator capacity
central,534,east,4.0,static engineering mechanism scenario; not operator capacity
central,534,north,2.0,static engineering mechanism scenario; not operator capacity
central,534,northwest,2.0,static engineering mechanism scenario; not operator capacity
central,534,southwest,2.0,static engineering mechanism scenario; not operator capacity
central,535,east,4.0,static engineering mechanism scenario; not operator capacity
central,535,north,2.0,static engineering mechanism scenario; not operator capacity
central,535,northwest,2.0,static engineering mechanism scenario; not operator capacity
central,535,southwest,2.0,static engineering mechanism scenario; not operator capacity
central,536,east,4.0,static engineering mechanism scenario; not operator capacity
central,536,north,2.0,static engineering mechanism scenario; not operator capacity
central,536,northwest,2.0,static engineering mechanism scenario; not operator capacity
central,536,southwest,2.0,static engineering mechanism scenario; not operator capacity
central,537,east,4.0,static engineering mechanism scenario; not operator capacity
central,537,north,2.0,static engineering mechanism scenario; not operator capacity
central,537,northwest,2.0,static engineering mechanism scenario; not operator capacity
central,537,southwest,2.0,static engineering mechanism scenario; not operator capacity
central,538,east,4.0,static engineering mechanism scenario; not operator capacity
central,538,north,2.0,static engineering mechanism scenario; not operator capacity
central,538,northwest,2.0,static engineering mechanism scenario; not operator capacity
central,538,southwest,2.0,static engineering mechanism scenario; not operator capacity
central,539,east,4.0,static engineering mechanism scenario; not operator capacity
central,539,north,2.0,static engineering mechanism scenario; not operator capacity
central,539,northwest,2.0,static engineering mechanism scenario; not operator capacity
central,539,southwest,2.0,static engineering mechanism scenario; not operator capacity
central,540,east,4.0,static engineering mechanism scenario; not operator capacity
central,540,north,2.0,static engineering mechanism scenario; not operator capacity
central,540,northwest,2.0,static engineering mechanism scenario; not operator capacity
central,540,southwest,2.0,static engineering mechanism scenario; not operator capacity
central,541,east,4.0,static engineering mechanism scenario; not operator capacity
central,541,north,2.0,static engineering mechanism scenario; not operator capacity
central,541,northwest,2.0,static engineering mechanism scenario; not operator capacity
central,541,southwest,2.0,static engineering mechanism scenario; not operator capacity
central,542,east,4.0,static engineering mechanism scenario; not operator capacity
central,542,north,2.0,static engineering mechanism scenario; not operator capacity
central,542,northwest,2.0,static engineering mechanism scenario; not operator capacity
central,542,southwest,2.0,static engineering mechanism scenario; not operator capacity
central,543,east,4.0,static engineering mechanism scenario; not operator capacity
central,543,north,2.0,static engineering mechanism scenario; not operator capacity
central,543,northwest,2.0,static engineering mechanism scenario; not operator capacity
central,543,southwest,2.0,static engineering mechanism scenario; not operator capacity
central,544,east,4.0,static engineering mechanism scenario; not operator capacity
central,544,north,2.0,static engineering mechanism scenario; not operator capacity
central,544,northwest,2.0,static engineering mechanism scenario; not operator capacity
central,544,southwest,2.0,static engineering mechanism scenario; not operator capacity
central,545,east,4.0,static engineering mechanism scenario; not operator capacity
central,545,north,2.0,static engineering mechanism scenario; not operator capacity
central,545,northwest,2.0,static engineering mechanism scenario; not operator capacity
central,545,southwest,2.0,static engineering mechanism scenario; not operator capacity
central,546,east,4.0,static engineering mechanism scenario; not operator capacity
central,546,north,2.0,static engineering mechanism scenario; not operator capacity
central,546,northwest,2.0,static engineering mechanism scenario; not operator capacity
central,546,southwest,2.0,static engineering mechanism scenario; not operator capacity
central,547,east,4.0,static engineering mechanism scenario; not operator capacity
central,547,north,2.0,static engineering mechanism scenario; not operator capacity
central,547,northwest,2.0,static engineering mechanism scenario; not operator capacity
central,547,southwest,2.0,static engineering mechanism scenario; not operator capacity
central,548,east,4.0,static engineering mechanism scenario; not operator capacity
central,548,north,2.0,static engineering mechanism scenario; not operator capacity
central,548,northwest,2.0,static engineering mechanism scenario; not operator capacity
central,548,southwest,2.0,static engineering mechanism scenario; not operator capacity
central,549,east,4.0,static engineering mechanism scenario; not operator capacity
central,549,north,2.0,static engineering mechanism scenario; not operator capacity
central,549,northwest,2.0,static engineering mechanism scenario; not operator capacity
central,549,southwest,2.0,static engineering mechanism scenario; not operator capacity
central,550,east,4.0,static engineering mechanism scenario; not operator capacity
central,550,north,2.0,static engineering mechanism scenario; not operator capacity
central,550,northwest,2.0,static engineering mechanism scenario; not operator capacity
central,550,southwest,2.0,static engineering mechanism scenario; not operator capacity
central,551,east,4.0,static engineering mechanism scenario; not operator capacity
central,551,north,2.0,static engineering mechanism scenario; not operator capacity
central,551,northwest,2.0,static engineering mechanism scenario; not operator capacity
central,551,southwest,2.0,static engineering mechanism scenario; not operator capacity
central,552,east,4.0,static engineering mechanism scenario; not operator capacity
central,552,north,2.0,static engineering mechanism scenario; not operator capacity
central,552,northwest,2.0,static engineering mechanism scenario; not operator capacity
central,552,southwest,2.0,static engineering mechanism scenario; not operator capacity
central,553,east,4.0,static engineering mechanism scenario; not operator capacity
central,553,north,2.0,static engineering mechanism scenario; not operator capacity
central,553,northwest,2.0,static engineering mechanism scenario; not operator capacity
central,553,southwest,2.0,static engineering mechanism scenario; not operator capacity
tight,0,east,2.5,static engineering mechanism scenario; not operator capacity
tight,0,north,1.5,static engineering mechanism scenario; not operator capacity
tight,0,northwest,1.5,static engineering mechanism scenario; not operator capacity
tight,0,southwest,1.5,static engineering mechanism scenario; not operator capacity
tight,1,east,2.5,static engineering mechanism scenario; not operator capacity
tight,1,north,1.5,static engineering mechanism scenario; not operator capacity
tight,1,northwest,1.5,static engineering mechanism scenario; not operator capacity
tight,1,southwest,1.5,static engineering mechanism scenario; not operator capacity
tight,2,east,2.5,static engineering mechanism scenario; not operator capacity
tight,2,north,1.5,static engineering mechanism scenario; not operator capacity
tight,2,northwest,1.5,static engineering mechanism scenario; not operator capacity
tight,2,southwest,1.5,static engineering mechanism scenario; not operator capacity
tight,3,east,2.5,static engineering mechanism scenario; not operator capacity
tight,3,north,1.5,static engineering mechanism scenario; not operator capacity
tight,3,northwest,1.5,static engineering mechanism scenario; not operator capacity
tight,3,southwest,1.5,static engineering mechanism scenario; not operator capacity
tight,4,east,2.5,static engineering mechanism scenario; not operator capacity
tight,4,north,1.5,static engineering mechanism scenario; not operator capacity
tight,4,northwest,1.5,static engineering mechanism scenario; not operator capacity
tight,4,southwest,1.5,static engineering mechanism scenario; not operator capacity
tight,5,east,2.5,static engineering mechanism scenario; not operator capacity
tight,5,north,1.5,static engineering mechanism scenario; not operator capacity
tight,5,northwest,1.5,static engineering mechanism scenario; not operator capacity
tight,5,southwest,1.5,static engineering mechanism scenario; not operator capacity
tight,6,east,2.5,static engineering mechanism scenario; not operator capacity
tight,6,north,1.5,static engineering mechanism scenario; not operator capacity
tight,6,northwest,1.5,static engineering mechanism scenario; not operator capacity
tight,6,southwest,1.5,static engineering mechanism scenario; not operator capacity
tight,7,east,2.5,static engineering mechanism scenario; not operator capacity
tight,7,north,1.5,static engineering mechanism scenario; not operator capacity
tight,7,northwest,1.5,static engineering mechanism scenario; not operator capacity
tight,7,southwest,1.5,static engineering mechanism scenario; not operator capacity
tight,8,east,2.5,static engineering mechanism scenario; not operator capacity
tight,8,north,1.5,static engineering mechanism scenario; not operator capacity
tight,8,northwest,1.5,static engineering mechanism scenario; not operator capacity
tight,8,southwest,1.5,static engineering mechanism scenario; not operator capacity
tight,9,east,2.5,static engineering mechanism scenario; not operator capacity
tight,9,north,1.5,static engineering mechanism scenario; not operator capacity
tight,9,northwest,1.5,static engineering mechanism scenario; not operator capacity
tight,9,southwest,1.5,static engineering mechanism scenario; not operator capacity
tight,10,east,2.5,static engineering mechanism scenario; not operator capacity
tight,10,north,1.5,static engineering mechanism scenario; not operator capacity
tight,10,northwest,1.5,static engineering mechanism scenario; not operator capacity
tight,10,southwest,1.5,static engineering mechanism scenario; not operator capacity
tight,11,east,2.5,static engineering mechanism scenario; not operator capacity
tight,11,north,1.5,static engineering mechanism scenario; not operator capacity
tight,11,northwest,1.5,static engineering mechanism scenario; not operator capacity
tight,11,southwest,1.5,static engineering mechanism scenario; not operator capacity
tight,12,east,2.5,static engineering mechanism scenario; not operator capacity
tight,12,north,1.5,static engineering mechanism scenario; not operator capacity
tight,12,northwest,1.5,static engineering mechanism scenario; not operator capacity
tight,12,southwest,1.5,static engineering mechanism scenario; not operator capacity
tight,13,east,2.5,static engineering mechanism scenario; not operator capacity
tight,13,north,1.5,static engineering mechanism scenario; not operator capacity
tight,13,northwest,1.5,static engineering mechanism scenario; not operator capacity
tight,13,southwest,1.5,static engineering mechanism scenario; not operator capacity
tight,14,east,2.5,static engineering mechanism scenario; not operator capacity
tight,14,north,1.5,static engineering mechanism scenario; not operator capacity
tight,14,northwest,1.5,static engineering mechanism scenario; not operator capacity
tight,14,southwest,1.5,static engineering mechanism scenario; not operator capacity
tight,15,east,2.5,static engineering mechanism scenario; not operator capacity
tight,15,north,1.5,static engineering mechanism scenario; not operator capacity
tight,15,northwest,1.5,static engineering mechanism scenario; not operator capacity
tight,15,southwest,1.5,static engineering mechanism scenario; not operator capacity
tight,16,east,2.5,static engineering mechanism scenario; not operator capacity
tight,16,north,1.5,static engineering mechanism scenario; not operator capacity
tight,16,northwest,1.5,static engineering mechanism scenario; not operator capacity
tight,16,southwest,1.5,static engineering mechanism scenario; not operator capacity
tight,17,east,2.5,static engineering mechanism scenario; not operator capacity
tight,17,north,1.5,static engineering mechanism scenario; not operator capacity
tight,17,northwest,1.5,static engineering mechanism scenario; not operator capacity
tight,17,southwest,1.5,static engineering mechanism scenario; not operator capacity
tight,18,east,2.5,static engineering mechanism scenario; not operator capacity
tight,18,north,1.5,static engineering mechanism scenario; not operator capacity
tight,18,northwest,1.5,static engineering mechanism scenario; not operator capacity
tight,18,southwest,1.5,static engineering mechanism scenario; not operator capacity
tight,19,east,2.5,static engineering mechanism scenario; not operator capacity
tight,19,north,1.5,static engineering mechanism scenario; not operator capacity
tight,19,northwest,1.5,static engineering mechanism scenario; not operator capacity
tight,19,southwest,1.5,static engineering mechanism scenario; not operator capacity
tight,20,east,2.5,static engineering mechanism scenario; not operator capacity
tight,20,north,1.5,static engineering mechanism scenario; not operator capacity
tight,20,northwest,1.5,static engineering mechanism scenario; not operator capacity
tight,20,southwest,1.5,static engineering mechanism scenario; not operator capacity
tight,21,east,2.5,static engineering mechanism scenario; not operator capacity
tight,21,north,1.5,static engineering mechanism scenario; not operator capacity
tight,21,northwest,1.5,static engineering mechanism scenario; not operator capacity
tight,21,southwest,1.5,static engineering mechanism scenario; not operator capacity
tight,22,east,2.5,static engineering mechanism scenario; not operator capacity
tight,22,north,1.5,static engineering mechanism scenario; not operator capacity
tight,22,northwest,1.5,static engineering mechanism scenario; not operator capacity
tight,22,southwest,1.5,static engineering mechanism scenario; not operator capacity
tight,23,east,2.5,static engineering mechanism scenario; not operator capacity
tight,23,north,1.5,static engineering mechanism scenario; not operator capacity
tight,23,northwest,1.5,static engineering mechanism scenario; not operator capacity
tight,23,southwest,1.5,static engineering mechanism scenario; not operator capacity
tight,24,east,2.5,static engineering mechanism scenario; not operator capacity
tight,24,north,1.5,static engineering mechanism scenario; not operator capacity
tight,24,northwest,1.5,static engineering mechanism scenario; not operator capacity
tight,24,southwest,1.5,static engineering mechanism scenario; not operator capacity
tight,25,east,2.5,static engineering mechanism scenario; not operator capacity
tight,25,north,1.5,static engineering mechanism scenario; not operator capacity
tight,25,northwest,1.5,static engineering mechanism scenario; not operator capacity
tight,25,southwest,1.5,static engineering mechanism scenario; not operator capacity
tight,26,east,2.5,static engineering mechanism scenario; not operator capacity
tight,26,north,1.5,static engineering mechanism scenario; not operator capacity
tight,26,northwest,1.5,static engineering mechanism scenario; not operator capacity
tight,26,southwest,1.5,static engineering mechanism scenario; not operator capacity
tight,27,east,2.5,static engineering mechanism scenario; not operator capacity
tight,27,north,1.5,static engineering mechanism scenario; not operator capacity
tight,27,northwest,1.5,static engineering mechanism scenario; not operator capacity
tight,27,southwest,1.5,static engineering mechanism scenario; not operator capacity
tight,28,east,2.5,static engineering mechanism scenario; not operator capacity
tight,28,north,1.5,static engineering mechanism scenario; not operator capacity
tight,28,northwest,1.5,static engineering mechanism scenario; not operator capacity
tight,28,southwest,1.5,static engineering mechanism scenario; not operator capacity
tight,29,east,2.5,static engineering mechanism scenario; not operator capacity
tight,29,north,1.5,static engineering mechanism scenario; not operator capacity
tight,29,northwest,1.5,static engineering mechanism scenario; not operator capacity
tight,29,southwest,1.5,static engineering mechanism scenario; not operator capacity
tight,30,east,2.5,static engineering mechanism scenario; not operator capacity
tight,30,north,1.5,static engineering mechanism scenario; not operator capacity
tight,30,northwest,1.5,static engineering mechanism scenario; not operator capacity
tight,30,southwest,1.5,static engineering mechanism scenario; not operator capacity
tight,31,east,2.5,static engineering mechanism scenario; not operator capacity
tight,31,north,1.5,static engineering mechanism scenario; not operator capacity
tight,31,northwest,1.5,static engineering mechanism scenario; not operator capacity
tight,31,southwest,1.5,static engineering mechanism scenario; not operator capacity
tight,32,east,2.5,static engineering mechanism scenario; not operator capacity
tight,32,north,1.5,static engineering mechanism scenario; not operator capacity
tight,32,northwest,1.5,static engineering mechanism scenario; not operator capacity
tight,32,southwest,1.5,static engineering mechanism scenario; not operator capacity
tight,33,east,2.5,static engineering mechanism scenario; not operator capacity
tight,33,north,1.5,static engineering mechanism scenario; not operator capacity
tight,33,northwest,1.5,static engineering mechanism scenario; not operator capacity
tight,33,southwest,1.5,static engineering mechanism scenario; not operator capacity
tight,34,east,2.5,static engineering mechanism scenario; not operator capacity
tight,34,north,1.5,static engineering mechanism scenario; not operator capacity
tight,34,northwest,1.5,static engineering mechanism scenario; not operator capacity
tight,34,southwest,1.5,static engineering mechanism scenario; not operator capacity
tight,35,east,2.5,static engineering mechanism scenario; not operator capacity
tight,35,north,1.5,static engineering mechanism scenario; not operator capacity
tight,35,northwest,1.5,static engineering mechanism scenario; not operator capacity
tight,35,southwest,1.5,static engineering mechanism scenario; not operator capacity
tight,36,east,2.5,static engineering mechanism scenario; not operator capacity
tight,36,north,1.5,static engineering mechanism scenario; not operator capacity
tight,36,northwest,1.5,static engineering mechanism scenario; not operator capacity
tight,36,southwest,1.5,static engineering mechanism scenario; not operator capacity
tight,37,east,2.5,static engineering mechanism scenario; not operator capacity
tight,37,north,1.5,static engineering mechanism scenario; not operator capacity
tight,37,northwest,1.5,static engineering mechanism scenario; not operator capacity
tight,37,southwest,1.5,static engineering mechanism scenario; not operator capacity
tight,38,east,2.5,static engineering mechanism scenario; not operator capacity
tight,38,north,1.5,static engineering mechanism scenario; not operator capacity
tight,38,northwest,1.5,static engineering mechanism scenario; not operator capacity
tight,38,southwest,1.5,static engineering mechanism scenario; not operator capacity
tight,39,east,2.5,static engineering mechanism scenario; not operator capacity
tight,39,north,1.5,static engineering mechanism scenario; not operator capacity
tight,39,northwest,1.5,static engineering mechanism scenario; not operator capacity
tight,39,southwest,1.5,static engineering mechanism scenario; not operator capacity
tight,40,east,2.5,static engineering mechanism scenario; not operator capacity
tight,40,north,1.5,static engineering mechanism scenario; not operator capacity
tight,40,northwest,1.5,static engineering mechanism scenario; not operator capacity
tight,40,southwest,1.5,static engineering mechanism scenario; not operator capacity
tight,41,east,2.5,static engineering mechanism scenario; not operator capacity
tight,41,north,1.5,static engineering mechanism scenario; not operator capacity
tight,41,northwest,1.5,static engineering mechanism scenario; not operator capacity
tight,41,southwest,1.5,static engineering mechanism scenario; not operator capacity
tight,42,east,2.5,static engineering mechanism scenario; not operator capacity
tight,42,north,1.5,static engineering mechanism scenario; not operator capacity
tight,42,northwest,1.5,static engineering mechanism scenario; not operator capacity
tight,42,southwest,1.5,static engineering mechanism scenario; not operator capacity
tight,43,east,2.5,static engineering mechanism scenario; not operator capacity
tight,43,north,1.5,static engineering mechanism scenario; not operator capacity
tight,43,northwest,1.5,static engineering mechanism scenario; not operator capacity
tight,43,southwest,1.5,static engineering mechanism scenario; not operator capacity
tight,44,east,2.5,static engineering mechanism scenario; not operator capacity
tight,44,north,1.5,static engineering mechanism scenario; not operator capacity
tight,44,northwest,1.5,static engineering mechanism scenario; not operator capacity
tight,44,southwest,1.5,static engineering mechanism scenario; not operator capacity
tight,45,east,2.5,static engineering mechanism scenario; not operator capacity
tight,45,north,1.5,static engineering mechanism scenario; not operator capacity
tight,45,northwest,1.5,static engineering mechanism scenario; not operator capacity
tight,45,southwest,1.5,static engineering mechanism scenario; not operator capacity
tight,46,east,2.5,static engineering mechanism scenario; not operator capacity
tight,46,north,1.5,static engineering mechanism scenario; not operator capacity
tight,46,northwest,1.5,static engineering mechanism scenario; not operator capacity
tight,46,southwest,1.5,static engineering mechanism scenario; not operator capacity
tight,47,east,2.5,static engineering mechanism scenario; not operator capacity
tight,47,north,1.5,static engineering mechanism scenario; not operator capacity
tight,47,northwest,1.5,static engineering mechanism scenario; not operator capacity
tight,47,southwest,1.5,static engineering mechanism scenario; not operator capacity
tight,48,east,2.5,static engineering mechanism scenario; not operator capacity
tight,48,north,1.5,static engineering mechanism scenario; not operator capacity
tight,48,northwest,1.5,static engineering mechanism scenario; not operator capacity
tight,48,southwest,1.5,static engineering mechanism scenario; not operator capacity
tight,49,east,2.5,static engineering mechanism scenario; not operator capacity
tight,49,north,1.5,static engineering mechanism scenario; not operator capacity
tight,49,northwest,1.5,static engineering mechanism scenario; not operator capacity
tight,49,southwest,1.5,static engineering mechanism scenario; not operator capacity
tight,50,east,2.5,static engineering mechanism scenario; not operator capacity
tight,50,north,1.5,static engineering mechanism scenario; not operator capacity
tight,50,northwest,1.5,static engineering mechanism scenario; not operator capacity
tight,50,southwest,1.5,static engineering mechanism scenario; not operator capacity
tight,51,east,2.5,static engineering mechanism scenario; not operator capacity
tight,51,north,1.5,static engineering mechanism scenario; not operator capacity
tight,51,northwest,1.5,static engineering mechanism scenario; not operator capacity
tight,51,southwest,1.5,static engineering mechanism scenario; not operator capacity
tight,52,east,2.5,static engineering mechanism scenario; not operator capacity
tight,52,north,1.5,static engineering mechanism scenario; not operator capacity
tight,52,northwest,1.5,static engineering mechanism scenario; not operator capacity
tight,52,southwest,1.5,static engineering mechanism scenario; not operator capacity
tight,53,east,2.5,static engineering mechanism scenario; not operator capacity
tight,53,north,1.5,static engineering mechanism scenario; not operator capacity
tight,53,northwest,1.5,static engineering mechanism scenario; not operator capacity
tight,53,southwest,1.5,static engineering mechanism scenario; not operator capacity
tight,54,east,2.5,static engineering mechanism scenario; not operator capacity
tight,54,north,1.5,static engineering mechanism scenario; not operator capacity
tight,54,northwest,1.5,static engineering mechanism scenario; not operator capacity
tight,54,southwest,1.5,static engineering mechanism scenario; not operator capacity
tight,55,east,2.5,static engineering mechanism scenario; not operator capacity
tight,55,north,1.5,static engineering mechanism scenario; not operator capacity
tight,55,northwest,1.5,static engineering mechanism scenario; not operator capacity
tight,55,southwest,1.5,static engineering mechanism scenario; not operator capacity
tight,56,east,2.5,static engineering mechanism scenario; not operator capacity
tight,56,north,1.5,static engineering mechanism scenario; not operator capacity
tight,56,northwest,1.5,static engineering mechanism scenario; not operator capacity
tight,56,southwest,1.5,static engineering mechanism scenario; not operator capacity
tight,57,east,2.5,static engineering mechanism scenario; not operator capacity
tight,57,north,1.5,static engineering mechanism scenario; not operator capacity
tight,57,northwest,1.5,static engineering mechanism scenario; not operator capacity
tight,57,southwest,1.5,static engineering mechanism scenario; not operator capacity
tight,58,east,2.5,static engineering mechanism scenario; not operator capacity
tight,58,north,1.5,static engineering mechanism scenario; not operator capacity
tight,58,northwest,1.5,static engineering mechanism scenario; not operator capacity
tight,58,southwest,1.5,static engineering mechanism scenario; not operator capacity
tight,59,east,2.5,static engineering mechanism scenario; not operator capacity
tight,59,north,1.5,static engineering mechanism scenario; not operator capacity
tight,59,northwest,1.5,static engineering mechanism scenario; not operator capacity
tight,59,southwest,1.5,static engineering mechanism scenario; not operator capacity
tight,60,east,2.5,static engineering mechanism scenario; not operator capacity
tight,60,north,1.5,static engineering mechanism scenario; not operator capacity
tight,60,northwest,1.5,static engineering mechanism scenario; not operator capacity
tight,60,southwest,1.5,static engineering mechanism scenario; not operator capacity
tight,61,east,2.5,static engineering mechanism scenario; not operator capacity
tight,61,north,1.5,static engineering mechanism scenario; not operator capacity
tight,61,northwest,1.5,static engineering mechanism scenario; not operator capacity
tight,61,southwest,1.5,static engineering mechanism scenario; not operator capacity
tight,62,east,2.5,static engineering mechanism scenario; not operator capacity
tight,62,north,1.5,static engineering mechanism scenario; not operator capacity
tight,62,northwest,1.5,static engineering mechanism scenario; not operator capacity
tight,62,southwest,1.5,static engineering mechanism scenario; not operator capacity
tight,63,east,2.5,static engineering mechanism scenario; not operator capacity
tight,63,north,1.5,static engineering mechanism scenario; not operator capacity
tight,63,northwest,1.5,static engineering mechanism scenario; not operator capacity
tight,63,southwest,1.5,static engineering mechanism scenario; not operator capacity
tight,64,east,2.5,static engineering mechanism scenario; not operator capacity
tight,64,north,1.5,static engineering mechanism scenario; not operator capacity
tight,64,northwest,1.5,static engineering mechanism scenario; not operator capacity
tight,64,southwest,1.5,static engineering mechanism scenario; not operator capacity
tight,65,east,2.5,static engineering mechanism scenario; not operator capacity
tight,65,north,1.5,static engineering mechanism scenario; not operator capacity
tight,65,northwest,1.5,static engineering mechanism scenario; not operator capacity
tight,65,southwest,1.5,static engineering mechanism scenario; not operator capacity
tight,66,east,2.5,static engineering mechanism scenario; not operator capacity
tight,66,north,1.5,static engineering mechanism scenario; not operator capacity
tight,66,northwest,1.5,static engineering mechanism scenario; not operator capacity
tight,66,southwest,1.5,static engineering mechanism scenario; not operator capacity
tight,67,east,2.5,static engineering mechanism scenario; not operator capacity
tight,67,north,1.5,static engineering mechanism scenario; not operator capacity
tight,67,northwest,1.5,static engineering mechanism scenario; not operator capacity
tight,67,southwest,1.5,static engineering mechanism scenario; not operator capacity
tight,68,east,2.5,static engineering mechanism scenario; not operator capacity
tight,68,north,1.5,static engineering mechanism scenario; not operator capacity
tight,68,northwest,1.5,static engineering mechanism scenario; not operator capacity
tight,68,southwest,1.5,static engineering mechanism scenario; not operator capacity
tight,69,east,2.5,static engineering mechanism scenario; not operator capacity
tight,69,north,1.5,static engineering mechanism scenario; not operator capacity
tight,69,northwest,1.5,static engineering mechanism scenario; not operator capacity
tight,69,southwest,1.5,static engineering mechanism scenario; not operator capacity
tight,70,east,2.5,static engineering mechanism scenario; not operator capacity
tight,70,north,1.5,static engineering mechanism scenario; not operator capacity
tight,70,northwest,1.5,static engineering mechanism scenario; not operator capacity
tight,70,southwest,1.5,static engineering mechanism scenario; not operator capacity
tight,71,east,2.5,static engineering mechanism scenario; not operator capacity
tight,71,north,1.5,static engineering mechanism scenario; not operator capacity
tight,71,northwest,1.5,static engineering mechanism scenario; not operator capacity
tight,71,southwest,1.5,static engineering mechanism scenario; not operator capacity
tight,72,east,2.5,static engineering mechanism scenario; not operator capacity
tight,72,north,1.5,static engineering mechanism scenario; not operator capacity
tight,72,northwest,1.5,static engineering mechanism scenario; not operator capacity
tight,72,southwest,1.5,static engineering mechanism scenario; not operator capacity
tight,73,east,2.5,static engineering mechanism scenario; not operator capacity
tight,73,north,1.5,static engineering mechanism scenario; not operator capacity
tight,73,northwest,1.5,static engineering mechanism scenario; not operator capacity
tight,73,southwest,1.5,static engineering mechanism scenario; not operator capacity
tight,74,east,2.5,static engineering mechanism scenario; not operator capacity
tight,74,north,1.5,static engineering mechanism scenario; not operator capacity
tight,74,northwest,1.5,static engineering mechanism scenario; not operator capacity
tight,74,southwest,1.5,static engineering mechanism scenario; not operator capacity
tight,75,east,2.5,static engineering mechanism scenario; not operator capacity
tight,75,north,1.5,static engineering mechanism scenario; not operator capacity
tight,75,northwest,1.5,static engineering mechanism scenario; not operator capacity
tight,75,southwest,1.5,static engineering mechanism scenario; not operator capacity
tight,76,east,2.5,static engineering mechanism scenario; not operator capacity
tight,76,north,1.5,static engineering mechanism scenario; not operator capacity
tight,76,northwest,1.5,static engineering mechanism scenario; not operator capacity
tight,76,southwest,1.5,static engineering mechanism scenario; not operator capacity
tight,77,east,2.5,static engineering mechanism scenario; not operator capacity
tight,77,north,1.5,static engineering mechanism scenario; not operator capacity
tight,77,northwest,1.5,static engineering mechanism scenario; not operator capacity
tight,77,southwest,1.5,static engineering mechanism scenario; not operator capacity
tight,78,east,2.5,static engineering mechanism scenario; not operator capacity
tight,78,north,1.5,static engineering mechanism scenario; not operator capacity
tight,78,northwest,1.5,static engineering mechanism scenario; not operator capacity
tight,78,southwest,1.5,static engineering mechanism scenario; not operator capacity
tight,79,east,2.5,static engineering mechanism scenario; not operator capacity
tight,79,north,1.5,static engineering mechanism scenario; not operator capacity
tight,79,northwest,1.5,static engineering mechanism scenario; not operator capacity
tight,79,southwest,1.5,static engineering mechanism scenario; not operator capacity
tight,80,east,2.5,static engineering mechanism scenario; not operator capacity
tight,80,north,1.5,static engineering mechanism scenario; not operator capacity
tight,80,northwest,1.5,static engineering mechanism scenario; not operator capacity
tight,80,southwest,1.5,static engineering mechanism scenario; not operator capacity
tight,81,east,2.5,static engineering mechanism scenario; not operator capacity
tight,81,north,1.5,static engineering mechanism scenario; not operator capacity
tight,81,northwest,1.5,static engineering mechanism scenario; not operator capacity
tight,81,southwest,1.5,static engineering mechanism scenario; not operator capacity
tight,82,east,2.5,static engineering mechanism scenario; not operator capacity
tight,82,north,1.5,static engineering mechanism scenario; not operator capacity
tight,82,northwest,1.5,static engineering mechanism scenario; not operator capacity
tight,82,southwest,1.5,static engineering mechanism scenario; not operator capacity
tight,83,east,2.5,static engineering mechanism scenario; not operator capacity
tight,83,north,1.5,static engineering mechanism scenario; not operator capacity
tight,83,northwest,1.5,static engineering mechanism scenario; not operator capacity
tight,83,southwest,1.5,static engineering mechanism scenario; not operator capacity
tight,84,east,2.5,static engineering mechanism scenario; not operator capacity
tight,84,north,1.5,static engineering mechanism scenario; not operator capacity
tight,84,northwest,1.5,static engineering mechanism scenario; not operator capacity
tight,84,southwest,1.5,static engineering mechanism scenario; not operator capacity
tight,85,east,2.5,static engineering mechanism scenario; not operator capacity
tight,85,north,1.5,static engineering mechanism scenario; not operator capacity
tight,85,northwest,1.5,static engineering mechanism scenario; not operator capacity
tight,85,southwest,1.5,static engineering mechanism scenario; not operator capacity
tight,86,east,2.5,static engineering mechanism scenario; not operator capacity
tight,86,north,1.5,static engineering mechanism scenario; not operator capacity
tight,86,northwest,1.5,static engineering mechanism scenario; not operator capacity
tight,86,southwest,1.5,static engineering mechanism scenario; not operator capacity
tight,87,east,2.5,static engineering mechanism scenario; not operator capacity
tight,87,north,1.5,static engineering mechanism scenario; not operator capacity
tight,87,northwest,1.5,static engineering mechanism scenario; not operator capacity
tight,87,southwest,1.5,static engineering mechanism scenario; not operator capacity
tight,88,east,2.5,static engineering mechanism scenario; not operator capacity
tight,88,north,1.5,static engineering mechanism scenario; not operator capacity
tight,88,northwest,1.5,static engineering mechanism scenario; not operator capacity
tight,88,southwest,1.5,static engineering mechanism scenario; not operator capacity
tight,89,east,2.5,static engineering mechanism scenario; not operator capacity
tight,89,north,1.5,static engineering mechanism scenario; not operator capacity
tight,89,northwest,1.5,static engineering mechanism scenario; not operator capacity
tight,89,southwest,1.5,static engineering mechanism scenario; not operator capacity
tight,90,east,2.5,static engineering mechanism scenario; not operator capacity
tight,90,north,1.5,static engineering mechanism scenario; not operator capacity
tight,90,northwest,1.5,static engineering mechanism scenario; not operator capacity
tight,90,southwest,1.5,static engineering mechanism scenario; not operator capacity
tight,91,east,2.5,static engineering mechanism scenario; not operator capacity
tight,91,north,1.5,static engineering mechanism scenario; not operator capacity
tight,91,northwest,1.5,static engineering mechanism scenario; not operator capacity
tight,91,southwest,1.5,static engineering mechanism scenario; not operator capacity
tight,92,east,2.5,static engineering mechanism scenario; not operator capacity
tight,92,north,1.5,static engineering mechanism scenario; not operator capacity
tight,92,northwest,1.5,static engineering mechanism scenario; not operator capacity
tight,92,southwest,1.5,static engineering mechanism scenario; not operator capacity
tight,93,east,2.5,static engineering mechanism scenario; not operator capacity
tight,93,north,1.5,static engineering mechanism scenario; not operator capacity
tight,93,northwest,1.5,static engineering mechanism scenario; not operator capacity
tight,93,southwest,1.5,static engineering mechanism scenario; not operator capacity
tight,94,east,2.5,static engineering mechanism scenario; not operator capacity
tight,94,north,1.5,static engineering mechanism scenario; not operator capacity
tight,94,northwest,1.5,static engineering mechanism scenario; not operator capacity
tight,94,southwest,1.5,static engineering mechanism scenario; not operator capacity
tight,95,east,2.5,static engineering mechanism scenario; not operator capacity
tight,95,north,1.5,static engineering mechanism scenario; not operator capacity
tight,95,northwest,1.5,static engineering mechanism scenario; not operator capacity
tight,95,southwest,1.5,static engineering mechanism scenario; not operator capacity
tight,96,east,2.5,static engineering mechanism scenario; not operator capacity
tight,96,north,1.5,static engineering mechanism scenario; not operator capacity
tight,96,northwest,1.5,static engineering mechanism scenario; not operator capacity
tight,96,southwest,1.5,static engineering mechanism scenario; not operator capacity
tight,97,east,2.5,static engineering mechanism scenario; not operator capacity
tight,97,north,1.5,static engineering mechanism scenario; not operator capacity
tight,97,northwest,1.5,static engineering mechanism scenario; not operator capacity
tight,97,southwest,1.5,static engineering mechanism scenario; not operator capacity
tight,98,east,2.5,static engineering mechanism scenario; not operator capacity
tight,98,north,1.5,static engineering mechanism scenario; not operator capacity
tight,98,northwest,1.5,static engineering mechanism scenario; not operator capacity
tight,98,southwest,1.5,static engineering mechanism scenario; not operator capacity
tight,99,east,2.5,static engineering mechanism scenario; not operator capacity
tight,99,north,1.5,static engineering mechanism scenario; not operator capacity
tight,99,northwest,1.5,static engineering mechanism scenario; not operator capacity
tight,99,southwest,1.5,static engineering mechanism scenario; not operator capacity
tight,100,east,2.5,static engineering mechanism scenario; not operator capacity
tight,100,north,1.5,static engineering mechanism scenario; not operator capacity
tight,100,northwest,1.5,static engineering mechanism scenario; not operator capacity
tight,100,southwest,1.5,static engineering mechanism scenario; not operator capacity
tight,101,east,2.5,static engineering mechanism scenario; not operator capacity
tight,101,north,1.5,static engineering mechanism scenario; not operator capacity
tight,101,northwest,1.5,static engineering mechanism scenario; not operator capacity
tight,101,southwest,1.5,static engineering mechanism scenario; not operator capacity
tight,102,east,2.5,static engineering mechanism scenario; not operator capacity
tight,102,north,1.5,static engineering mechanism scenario; not operator capacity
tight,102,northwest,1.5,static engineering mechanism scenario; not operator capacity
tight,102,southwest,1.5,static engineering mechanism scenario; not operator capacity
tight,103,east,2.5,static engineering mechanism scenario; not operator capacity
tight,103,north,1.5,static engineering mechanism scenario; not operator capacity
tight,103,northwest,1.5,static engineering mechanism scenario; not operator capacity
tight,103,southwest,1.5,static engineering mechanism scenario; not operator capacity
tight,104,east,2.5,static engineering mechanism scenario; not operator capacity
tight,104,north,1.5,static engineering mechanism scenario; not operator capacity
tight,104,northwest,1.5,static engineering mechanism scenario; not operator capacity
tight,104,southwest,1.5,static engineering mechanism scenario; not operator capacity
tight,105,east,2.5,static engineering mechanism scenario; not operator capacity
tight,105,north,1.5,static engineering mechanism scenario; not operator capacity
tight,105,northwest,1.5,static engineering mechanism scenario; not operator capacity
tight,105,southwest,1.5,static engineering mechanism scenario; not operator capacity
tight,106,east,2.5,static engineering mechanism scenario; not operator capacity
tight,106,north,1.5,static engineering mechanism scenario; not operator capacity
tight,106,northwest,1.5,static engineering mechanism scenario; not operator capacity
tight,106,southwest,1.5,static engineering mechanism scenario; not operator capacity
tight,107,east,2.5,static engineering mechanism scenario; not operator capacity
tight,107,north,1.5,static engineering mechanism scenario; not operator capacity
tight,107,northwest,1.5,static engineering mechanism scenario; not operator capacity
tight,107,southwest,1.5,static engineering mechanism scenario; not operator capacity
tight,108,east,2.5,static engineering mechanism scenario; not operator capacity
tight,108,north,1.5,static engineering mechanism scenario; not operator capacity
tight,108,northwest,1.5,static engineering mechanism scenario; not operator capacity
tight,108,southwest,1.5,static engineering mechanism scenario; not operator capacity
tight,109,east,2.5,static engineering mechanism scenario; not operator capacity
tight,109,north,1.5,static engineering mechanism scenario; not operator capacity
tight,109,northwest,1.5,static engineering mechanism scenario; not operator capacity
tight,109,southwest,1.5,static engineering mechanism scenario; not operator capacity
tight,110,east,2.5,static engineering mechanism scenario; not operator capacity
tight,110,north,1.5,static engineering mechanism scenario; not operator capacity
tight,110,northwest,1.5,static engineering mechanism scenario; not operator capacity
tight,110,southwest,1.5,static engineering mechanism scenario; not operator capacity
tight,111,east,2.5,static engineering mechanism scenario; not operator capacity
tight,111,north,1.5,static engineering mechanism scenario; not operator capacity
tight,111,northwest,1.5,static engineering mechanism scenario; not operator capacity
tight,111,southwest,1.5,static engineering mechanism scenario; not operator capacity
tight,112,east,2.5,static engineering mechanism scenario; not operator capacity
tight,112,north,1.5,static engineering mechanism scenario; not operator capacity
tight,112,northwest,1.5,static engineering mechanism scenario; not operator capacity
tight,112,southwest,1.5,static engineering mechanism scenario; not operator capacity
tight,113,east,2.5,static engineering mechanism scenario; not operator capacity
tight,113,north,1.5,static engineering mechanism scenario; not operator capacity
tight,113,northwest,1.5,static engineering mechanism scenario; not operator capacity
tight,113,southwest,1.5,static engineering mechanism scenario; not operator capacity
tight,114,east,2.5,static engineering mechanism scenario; not operator capacity
tight,114,north,1.5,static engineering mechanism scenario; not operator capacity
tight,114,northwest,1.5,static engineering mechanism scenario; not operator capacity
tight,114,southwest,1.5,static engineering mechanism scenario; not operator capacity
tight,115,east,2.5,static engineering mechanism scenario; not operator capacity
tight,115,north,1.5,static engineering mechanism scenario; not operator capacity
tight,115,northwest,1.5,static engineering mechanism scenario; not operator capacity
tight,115,southwest,1.5,static engineering mechanism scenario; not operator capacity
tight,116,east,2.5,static engineering mechanism scenario; not operator capacity
tight,116,north,1.5,static engineering mechanism scenario; not operator capacity
tight,116,northwest,1.5,static engineering mechanism scenario; not operator capacity
tight,116,southwest,1.5,static engineering mechanism scenario; not operator capacity
tight,117,east,2.5,static engineering mechanism scenario; not operator capacity
tight,117,north,1.5,static engineering mechanism scenario; not operator capacity
tight,117,northwest,1.5,static engineering mechanism scenario; not operator capacity
tight,117,southwest,1.5,static engineering mechanism scenario; not operator capacity
tight,118,east,2.5,static engineering mechanism scenario; not operator capacity
tight,118,north,1.5,static engineering mechanism scenario; not operator capacity
tight,118,northwest,1.5,static engineering mechanism scenario; not operator capacity
tight,118,southwest,1.5,static engineering mechanism scenario; not operator capacity
tight,119,east,2.5,static engineering mechanism scenario; not operator capacity
tight,119,north,1.5,static engineering mechanism scenario; not operator capacity
tight,119,northwest,1.5,static engineering mechanism scenario; not operator capacity
tight,119,southwest,1.5,static engineering mechanism scenario; not operator capacity
tight,120,east,2.5,static engineering mechanism scenario; not operator capacity
tight,120,north,1.5,static engineering mechanism scenario; not operator capacity
tight,120,northwest,1.5,static engineering mechanism scenario; not operator capacity
tight,120,southwest,1.5,static engineering mechanism scenario; not operator capacity
tight,121,east,2.5,static engineering mechanism scenario; not operator capacity
tight,121,north,1.5,static engineering mechanism scenario; not operator capacity
tight,121,northwest,1.5,static engineering mechanism scenario; not operator capacity
tight,121,southwest,1.5,static engineering mechanism scenario; not operator capacity
tight,122,east,2.5,static engineering mechanism scenario; not operator capacity
tight,122,north,1.5,static engineering mechanism scenario; not operator capacity
tight,122,northwest,1.5,static engineering mechanism scenario; not operator capacity
tight,122,southwest,1.5,static engineering mechanism scenario; not operator capacity
tight,123,east,2.5,static engineering mechanism scenario; not operator capacity
tight,123,north,1.5,static engineering mechanism scenario; not operator capacity
tight,123,northwest,1.5,static engineering mechanism scenario; not operator capacity
tight,123,southwest,1.5,static engineering mechanism scenario; not operator capacity
tight,124,east,2.5,static engineering mechanism scenario; not operator capacity
tight,124,north,1.5,static engineering mechanism scenario; not operator capacity
tight,124,northwest,1.5,static engineering mechanism scenario; not operator capacity
tight,124,southwest,1.5,static engineering mechanism scenario; not operator capacity
tight,125,east,2.5,static engineering mechanism scenario; not operator capacity
tight,125,north,1.5,static engineering mechanism scenario; not operator capacity
tight,125,northwest,1.5,static engineering mechanism scenario; not operator capacity
tight,125,southwest,1.5,static engineering mechanism scenario; not operator capacity
tight,126,east,2.5,static engineering mechanism scenario; not operator capacity
tight,126,north,1.5,static engineering mechanism scenario; not operator capacity
tight,126,northwest,1.5,static engineering mechanism scenario; not operator capacity
tight,126,southwest,1.5,static engineering mechanism scenario; not operator capacity
tight,127,east,2.5,static engineering mechanism scenario; not operator capacity
tight,127,north,1.5,static engineering mechanism scenario; not operator capacity
tight,127,northwest,1.5,static engineering mechanism scenario; not operator capacity
tight,127,southwest,1.5,static engineering mechanism scenario; not operator capacity
tight,128,east,2.5,static engineering mechanism scenario; not operator capacity
tight,128,north,1.5,static engineering mechanism scenario; not operator capacity
tight,128,northwest,1.5,static engineering mechanism scenario; not operator capacity
tight,128,southwest,1.5,static engineering mechanism scenario; not operator capacity
tight,129,east,2.5,static engineering mechanism scenario; not operator capacity
tight,129,north,1.5,static engineering mechanism scenario; not operator capacity
tight,129,northwest,1.5,static engineering mechanism scenario; not operator capacity
tight,129,southwest,1.5,static engineering mechanism scenario; not operator capacity
tight,130,east,2.5,static engineering mechanism scenario; not operator capacity
tight,130,north,1.5,static engineering mechanism scenario; not operator capacity
tight,130,northwest,1.5,static engineering mechanism scenario; not operator capacity
tight,130,southwest,1.5,static engineering mechanism scenario; not operator capacity
tight,131,east,2.5,static engineering mechanism scenario; not operator capacity
tight,131,north,1.5,static engineering mechanism scenario; not operator capacity
tight,131,northwest,1.5,static engineering mechanism scenario; not operator capacity
tight,131,southwest,1.5,static engineering mechanism scenario; not operator capacity
tight,132,east,2.5,static engineering mechanism scenario; not operator capacity
tight,132,north,1.5,static engineering mechanism scenario; not operator capacity
tight,132,northwest,1.5,static engineering mechanism scenario; not operator capacity
tight,132,southwest,1.5,static engineering mechanism scenario; not operator capacity
tight,133,east,2.5,static engineering mechanism scenario; not operator capacity
tight,133,north,1.5,static engineering mechanism scenario; not operator capacity
tight,133,northwest,1.5,static engineering mechanism scenario; not operator capacity
tight,133,southwest,1.5,static engineering mechanism scenario; not operator capacity
tight,134,east,2.5,static engineering mechanism scenario; not operator capacity
tight,134,north,1.5,static engineering mechanism scenario; not operator capacity
tight,134,northwest,1.5,static engineering mechanism scenario; not operator capacity
tight,134,southwest,1.5,static engineering mechanism scenario; not operator capacity
tight,135,east,2.5,static engineering mechanism scenario; not operator capacity
tight,135,north,1.5,static engineering mechanism scenario; not operator capacity
tight,135,northwest,1.5,static engineering mechanism scenario; not operator capacity
tight,135,southwest,1.5,static engineering mechanism scenario; not operator capacity
tight,136,east,2.5,static engineering mechanism scenario; not operator capacity
tight,136,north,1.5,static engineering mechanism scenario; not operator capacity
tight,136,northwest,1.5,static engineering mechanism scenario; not operator capacity
tight,136,southwest,1.5,static engineering mechanism scenario; not operator capacity
tight,137,east,2.5,static engineering mechanism scenario; not operator capacity
tight,137,north,1.5,static engineering mechanism scenario; not operator capacity
tight,137,northwest,1.5,static engineering mechanism scenario; not operator capacity
tight,137,southwest,1.5,static engineering mechanism scenario; not operator capacity
tight,138,east,2.5,static engineering mechanism scenario; not operator capacity
tight,138,north,1.5,static engineering mechanism scenario; not operator capacity
tight,138,northwest,1.5,static engineering mechanism scenario; not operator capacity
tight,138,southwest,1.5,static engineering mechanism scenario; not operator capacity
tight,139,east,2.5,static engineering mechanism scenario; not operator capacity
tight,139,north,1.5,static engineering mechanism scenario; not operator capacity
tight,139,northwest,1.5,static engineering mechanism scenario; not operator capacity
tight,139,southwest,1.5,static engineering mechanism scenario; not operator capacity
tight,140,east,2.5,static engineering mechanism scenario; not operator capacity
tight,140,north,1.5,static engineering mechanism scenario; not operator capacity
tight,140,northwest,1.5,static engineering mechanism scenario; not operator capacity
tight,140,southwest,1.5,static engineering mechanism scenario; not operator capacity
tight,141,east,2.5,static engineering mechanism scenario; not operator capacity
tight,141,north,1.5,static engineering mechanism scenario; not operator capacity
tight,141,northwest,1.5,static engineering mechanism scenario; not operator capacity
tight,141,southwest,1.5,static engineering mechanism scenario; not operator capacity
tight,142,east,2.5,static engineering mechanism scenario; not operator capacity
tight,142,north,1.5,static engineering mechanism scenario; not operator capacity
tight,142,northwest,1.5,static engineering mechanism scenario; not operator capacity
tight,142,southwest,1.5,static engineering mechanism scenario; not operator capacity
tight,143,east,2.5,static engineering mechanism scenario; not operator capacity
tight,143,north,1.5,static engineering mechanism scenario; not operator capacity
tight,143,northwest,1.5,static engineering mechanism scenario; not operator capacity
tight,143,southwest,1.5,static engineering mechanism scenario; not operator capacity
tight,144,east,2.5,static engineering mechanism scenario; not operator capacity
tight,144,north,1.5,static engineering mechanism scenario; not operator capacity
tight,144,northwest,1.5,static engineering mechanism scenario; not operator capacity
tight,144,southwest,1.5,static engineering mechanism scenario; not operator capacity
tight,145,east,2.5,static engineering mechanism scenario; not operator capacity
tight,145,north,1.5,static engineering mechanism scenario; not operator capacity
tight,145,northwest,1.5,static engineering mechanism scenario; not operator capacity
tight,145,southwest,1.5,static engineering mechanism scenario; not operator capacity
tight,146,east,2.5,static engineering mechanism scenario; not operator capacity
tight,146,north,1.5,static engineering mechanism scenario; not operator capacity
tight,146,northwest,1.5,static engineering mechanism scenario; not operator capacity
tight,146,southwest,1.5,static engineering mechanism scenario; not operator capacity
tight,147,east,2.5,static engineering mechanism scenario; not operator capacity
tight,147,north,1.5,static engineering mechanism scenario; not operator capacity
tight,147,northwest,1.5,static engineering mechanism scenario; not operator capacity
tight,147,southwest,1.5,static engineering mechanism scenario; not operator capacity
tight,148,east,2.5,static engineering mechanism scenario; not operator capacity
tight,148,north,1.5,static engineering mechanism scenario; not operator capacity
tight,148,northwest,1.5,static engineering mechanism scenario; not operator capacity
tight,148,southwest,1.5,static engineering mechanism scenario; not operator capacity
tight,149,east,2.5,static engineering mechanism scenario; not operator capacity
tight,149,north,1.5,static engineering mechanism scenario; not operator capacity
tight,149,northwest,1.5,static engineering mechanism scenario; not operator capacity
tight,149,southwest,1.5,static engineering mechanism scenario; not operator capacity
tight,150,east,2.5,static engineering mechanism scenario; not operator capacity
tight,150,north,1.5,static engineering mechanism scenario; not operator capacity
tight,150,northwest,1.5,static engineering mechanism scenario; not operator capacity
tight,150,southwest,1.5,static engineering mechanism scenario; not operator capacity
tight,151,east,2.5,static engineering mechanism scenario; not operator capacity
tight,151,north,1.5,static engineering mechanism scenario; not operator capacity
tight,151,northwest,1.5,static engineering mechanism scenario; not operator capacity
tight,151,southwest,1.5,static engineering mechanism scenario; not operator capacity
tight,152,east,2.5,static engineering mechanism scenario; not operator capacity
tight,152,north,1.5,static engineering mechanism scenario; not operator capacity
tight,152,northwest,1.5,static engineering mechanism scenario; not operator capacity
tight,152,southwest,1.5,static engineering mechanism scenario; not operator capacity
tight,153,east,2.5,static engineering mechanism scenario; not operator capacity
tight,153,north,1.5,static engineering mechanism scenario; not operator capacity
tight,153,northwest,1.5,static engineering mechanism scenario; not operator capacity
tight,153,southwest,1.5,static engineering mechanism scenario; not operator capacity
tight,154,east,2.5,static engineering mechanism scenario; not operator capacity
tight,154,north,1.5,static engineering mechanism scenario; not operator capacity
tight,154,northwest,1.5,static engineering mechanism scenario; not operator capacity
tight,154,southwest,1.5,static engineering mechanism scenario; not operator capacity
tight,155,east,2.5,static engineering mechanism scenario; not operator capacity
tight,155,north,1.5,static engineering mechanism scenario; not operator capacity
tight,155,northwest,1.5,static engineering mechanism scenario; not operator capacity
tight,155,southwest,1.5,static engineering mechanism scenario; not operator capacity
tight,156,east,2.5,static engineering mechanism scenario; not operator capacity
tight,156,north,1.5,static engineering mechanism scenario; not operator capacity
tight,156,northwest,1.5,static engineering mechanism scenario; not operator capacity
tight,156,southwest,1.5,static engineering mechanism scenario; not operator capacity
tight,157,east,2.5,static engineering mechanism scenario; not operator capacity
tight,157,north,1.5,static engineering mechanism scenario; not operator capacity
tight,157,northwest,1.5,static engineering mechanism scenario; not operator capacity
tight,157,southwest,1.5,static engineering mechanism scenario; not operator capacity
tight,158,east,2.5,static engineering mechanism scenario; not operator capacity
tight,158,north,1.5,static engineering mechanism scenario; not operator capacity
tight,158,northwest,1.5,static engineering mechanism scenario; not operator capacity
tight,158,southwest,1.5,static engineering mechanism scenario; not operator capacity
tight,159,east,2.5,static engineering mechanism scenario; not operator capacity
tight,159,north,1.5,static engineering mechanism scenario; not operator capacity
tight,159,northwest,1.5,static engineering mechanism scenario; not operator capacity
tight,159,southwest,1.5,static engineering mechanism scenario; not operator capacity
tight,160,east,2.5,static engineering mechanism scenario; not operator capacity
tight,160,north,1.5,static engineering mechanism scenario; not operator capacity
tight,160,northwest,1.5,static engineering mechanism scenario; not operator capacity
tight,160,southwest,1.5,static engineering mechanism scenario; not operator capacity
tight,161,east,2.5,static engineering mechanism scenario; not operator capacity
tight,161,north,1.5,static engineering mechanism scenario; not operator capacity
tight,161,northwest,1.5,static engineering mechanism scenario; not operator capacity
tight,161,southwest,1.5,static engineering mechanism scenario; not operator capacity
tight,162,east,2.5,static engineering mechanism scenario; not operator capacity
tight,162,north,1.5,static engineering mechanism scenario; not operator capacity
tight,162,northwest,1.5,static engineering mechanism scenario; not operator capacity
tight,162,southwest,1.5,static engineering mechanism scenario; not operator capacity
tight,163,east,2.5,static engineering mechanism scenario; not operator capacity
tight,163,north,1.5,static engineering mechanism scenario; not operator capacity
tight,163,northwest,1.5,static engineering mechanism scenario; not operator capacity
tight,163,southwest,1.5,static engineering mechanism scenario; not operator capacity
tight,164,east,2.5,static engineering mechanism scenario; not operator capacity
tight,164,north,1.5,static engineering mechanism scenario; not operator capacity
tight,164,northwest,1.5,static engineering mechanism scenario; not operator capacity
tight,164,southwest,1.5,static engineering mechanism scenario; not operator capacity
tight,165,east,2.5,static engineering mechanism scenario; not operator capacity
tight,165,north,1.5,static engineering mechanism scenario; not operator capacity
tight,165,northwest,1.5,static engineering mechanism scenario; not operator capacity
tight,165,southwest,1.5,static engineering mechanism scenario; not operator capacity
tight,166,east,2.5,static engineering mechanism scenario; not operator capacity
tight,166,north,1.5,static engineering mechanism scenario; not operator capacity
tight,166,northwest,1.5,static engineering mechanism scenario; not operator capacity
tight,166,southwest,1.5,static engineering mechanism scenario; not operator capacity
tight,167,east,2.5,static engineering mechanism scenario; not operator capacity
tight,167,north,1.5,static engineering mechanism scenario; not operator capacity
tight,167,northwest,1.5,static engineering mechanism scenario; not operator capacity
tight,167,southwest,1.5,static engineering mechanism scenario; not operator capacity
tight,168,east,2.5,static engineering mechanism scenario; not operator capacity
tight,168,north,1.5,static engineering mechanism scenario; not operator capacity
tight,168,northwest,1.5,static engineering mechanism scenario; not operator capacity
tight,168,southwest,1.5,static engineering mechanism scenario; not operator capacity
tight,169,east,2.5,static engineering mechanism scenario; not operator capacity
tight,169,north,1.5,static engineering mechanism scenario; not operator capacity
tight,169,northwest,1.5,static engineering mechanism scenario; not operator capacity
tight,169,southwest,1.5,static engineering mechanism scenario; not operator capacity
tight,170,east,2.5,static engineering mechanism scenario; not operator capacity
tight,170,north,1.5,static engineering mechanism scenario; not operator capacity
tight,170,northwest,1.5,static engineering mechanism scenario; not operator capacity
tight,170,southwest,1.5,static engineering mechanism scenario; not operator capacity
tight,171,east,2.5,static engineering mechanism scenario; not operator capacity
tight,171,north,1.5,static engineering mechanism scenario; not operator capacity
tight,171,northwest,1.5,static engineering mechanism scenario; not operator capacity
tight,171,southwest,1.5,static engineering mechanism scenario; not operator capacity
tight,172,east,2.5,static engineering mechanism scenario; not operator capacity
tight,172,north,1.5,static engineering mechanism scenario; not operator capacity
tight,172,northwest,1.5,static engineering mechanism scenario; not operator capacity
tight,172,southwest,1.5,static engineering mechanism scenario; not operator capacity
tight,173,east,2.5,static engineering mechanism scenario; not operator capacity
tight,173,north,1.5,static engineering mechanism scenario; not operator capacity
tight,173,northwest,1.5,static engineering mechanism scenario; not operator capacity
tight,173,southwest,1.5,static engineering mechanism scenario; not operator capacity
tight,174,east,2.5,static engineering mechanism scenario; not operator capacity
tight,174,north,1.5,static engineering mechanism scenario; not operator capacity
tight,174,northwest,1.5,static engineering mechanism scenario; not operator capacity
tight,174,southwest,1.5,static engineering mechanism scenario; not operator capacity
tight,175,east,2.5,static engineering mechanism scenario; not operator capacity
tight,175,north,1.5,static engineering mechanism scenario; not operator capacity
tight,175,northwest,1.5,static engineering mechanism scenario; not operator capacity
tight,175,southwest,1.5,static engineering mechanism scenario; not operator capacity
tight,176,east,2.5,static engineering mechanism scenario; not operator capacity
tight,176,north,1.5,static engineering mechanism scenario; not operator capacity
tight,176,northwest,1.5,static engineering mechanism scenario; not operator capacity
tight,176,southwest,1.5,static engineering mechanism scenario; not operator capacity
tight,177,east,2.5,static engineering mechanism scenario; not operator capacity
tight,177,north,1.5,static engineering mechanism scenario; not operator capacity
tight,177,northwest,1.5,static engineering mechanism scenario; not operator capacity
tight,177,southwest,1.5,static engineering mechanism scenario; not operator capacity
tight,178,east,2.5,static engineering mechanism scenario; not operator capacity
tight,178,north,1.5,static engineering mechanism scenario; not operator capacity
tight,178,northwest,1.5,static engineering mechanism scenario; not operator capacity
tight,178,southwest,1.5,static engineering mechanism scenario; not operator capacity
tight,179,east,2.5,static engineering mechanism scenario; not operator capacity
tight,179,north,1.5,static engineering mechanism scenario; not operator capacity
tight,179,northwest,1.5,static engineering mechanism scenario; not operator capacity
tight,179,southwest,1.5,static engineering mechanism scenario; not operator capacity
tight,180,east,2.5,static engineering mechanism scenario; not operator capacity
tight,180,north,1.5,static engineering mechanism scenario; not operator capacity
tight,180,northwest,1.5,static engineering mechanism scenario; not operator capacity
tight,180,southwest,1.5,static engineering mechanism scenario; not operator capacity
tight,181,east,2.5,static engineering mechanism scenario; not operator capacity
tight,181,north,1.5,static engineering mechanism scenario; not operator capacity
tight,181,northwest,1.5,static engineering mechanism scenario; not operator capacity
tight,181,southwest,1.5,static engineering mechanism scenario; not operator capacity
tight,182,east,2.5,static engineering mechanism scenario; not operator capacity
tight,182,north,1.5,static engineering mechanism scenario; not operator capacity
tight,182,northwest,1.5,static engineering mechanism scenario; not operator capacity
tight,182,southwest,1.5,static engineering mechanism scenario; not operator capacity
tight,183,east,2.5,static engineering mechanism scenario; not operator capacity
tight,183,north,1.5,static engineering mechanism scenario; not operator capacity
tight,183,northwest,1.5,static engineering mechanism scenario; not operator capacity
tight,183,southwest,1.5,static engineering mechanism scenario; not operator capacity
tight,184,east,2.5,static engineering mechanism scenario; not operator capacity
tight,184,north,1.5,static engineering mechanism scenario; not operator capacity
tight,184,northwest,1.5,static engineering mechanism scenario; not operator capacity
tight,184,southwest,1.5,static engineering mechanism scenario; not operator capacity
tight,185,east,2.5,static engineering mechanism scenario; not operator capacity
tight,185,north,1.5,static engineering mechanism scenario; not operator capacity
tight,185,northwest,1.5,static engineering mechanism scenario; not operator capacity
tight,185,southwest,1.5,static engineering mechanism scenario; not operator capacity
tight,186,east,2.5,static engineering mechanism scenario; not operator capacity
tight,186,north,1.5,static engineering mechanism scenario; not operator capacity
tight,186,northwest,1.5,static engineering mechanism scenario; not operator capacity
tight,186,southwest,1.5,static engineering mechanism scenario; not operator capacity
tight,187,east,2.5,static engineering mechanism scenario; not operator capacity
tight,187,north,1.5,static engineering mechanism scenario; not operator capacity
tight,187,northwest,1.5,static engineering mechanism scenario; not operator capacity
tight,187,southwest,1.5,static engineering mechanism scenario; not operator capacity
tight,188,east,2.5,static engineering mechanism scenario; not operator capacity
tight,188,north,1.5,static engineering mechanism scenario; not operator capacity
tight,188,northwest,1.5,static engineering mechanism scenario; not operator capacity
tight,188,southwest,1.5,static engineering mechanism scenario; not operator capacity
tight,189,east,2.5,static engineering mechanism scenario; not operator capacity
tight,189,north,1.5,static engineering mechanism scenario; not operator capacity
tight,189,northwest,1.5,static engineering mechanism scenario; not operator capacity
tight,189,southwest,1.5,static engineering mechanism scenario; not operator capacity
tight,190,east,2.5,static engineering mechanism scenario; not operator capacity
tight,190,north,1.5,static engineering mechanism scenario; not operator capacity
tight,190,northwest,1.5,static engineering mechanism scenario; not operator capacity
tight,190,southwest,1.5,static engineering mechanism scenario; not operator capacity
tight,191,east,2.5,static engineering mechanism scenario; not operator capacity
tight,191,north,1.5,static engineering mechanism scenario; not operator capacity
tight,191,northwest,1.5,static engineering mechanism scenario; not operator capacity
tight,191,southwest,1.5,static engineering mechanism scenario; not operator capacity
tight,192,east,2.5,static engineering mechanism scenario; not operator capacity
tight,192,north,1.5,static engineering mechanism scenario; not operator capacity
tight,192,northwest,1.5,static engineering mechanism scenario; not operator capacity
tight,192,southwest,1.5,static engineering mechanism scenario; not operator capacity
tight,193,east,2.5,static engineering mechanism scenario; not operator capacity
tight,193,north,1.5,static engineering mechanism scenario; not operator capacity
tight,193,northwest,1.5,static engineering mechanism scenario; not operator capacity
tight,193,southwest,1.5,static engineering mechanism scenario; not operator capacity
tight,194,east,2.5,static engineering mechanism scenario; not operator capacity
tight,194,north,1.5,static engineering mechanism scenario; not operator capacity
tight,194,northwest,1.5,static engineering mechanism scenario; not operator capacity
tight,194,southwest,1.5,static engineering mechanism scenario; not operator capacity
tight,195,east,2.5,static engineering mechanism scenario; not operator capacity
tight,195,north,1.5,static engineering mechanism scenario; not operator capacity
tight,195,northwest,1.5,static engineering mechanism scenario; not operator capacity
tight,195,southwest,1.5,static engineering mechanism scenario; not operator capacity
tight,196,east,2.5,static engineering mechanism scenario; not operator capacity
tight,196,north,1.5,static engineering mechanism scenario; not operator capacity
tight,196,northwest,1.5,static engineering mechanism scenario; not operator capacity
tight,196,southwest,1.5,static engineering mechanism scenario; not operator capacity
tight,197,east,2.5,static engineering mechanism scenario; not operator capacity
tight,197,north,1.5,static engineering mechanism scenario; not operator capacity
tight,197,northwest,1.5,static engineering mechanism scenario; not operator capacity
tight,197,southwest,1.5,static engineering mechanism scenario; not operator capacity
tight,198,east,2.5,static engineering mechanism scenario; not operator capacity
tight,198,north,1.5,static engineering mechanism scenario; not operator capacity
tight,198,northwest,1.5,static engineering mechanism scenario; not operator capacity
tight,198,southwest,1.5,static engineering mechanism scenario; not operator capacity
tight,199,east,2.5,static engineering mechanism scenario; not operator capacity
tight,199,north,1.5,static engineering mechanism scenario; not operator capacity
tight,199,northwest,1.5,static engineering mechanism scenario; not operator capacity
tight,199,southwest,1.5,static engineering mechanism scenario; not operator capacity
tight,200,east,2.5,static engineering mechanism scenario; not operator capacity
tight,200,north,1.5,static engineering mechanism scenario; not operator capacity
tight,200,northwest,1.5,static engineering mechanism scenario; not operator capacity
tight,200,southwest,1.5,static engineering mechanism scenario; not operator capacity
tight,201,east,2.5,static engineering mechanism scenario; not operator capacity
tight,201,north,1.5,static engineering mechanism scenario; not operator capacity
tight,201,northwest,1.5,static engineering mechanism scenario; not operator capacity
tight,201,southwest,1.5,static engineering mechanism scenario; not operator capacity
tight,202,east,2.5,static engineering mechanism scenario; not operator capacity
tight,202,north,1.5,static engineering mechanism scenario; not operator capacity
tight,202,northwest,1.5,static engineering mechanism scenario; not operator capacity
tight,202,southwest,1.5,static engineering mechanism scenario; not operator capacity
tight,203,east,2.5,static engineering mechanism scenario; not operator capacity
tight,203,north,1.5,static engineering mechanism scenario; not operator capacity
tight,203,northwest,1.5,static engineering mechanism scenario; not operator capacity
tight,203,southwest,1.5,static engineering mechanism scenario; not operator capacity
tight,204,east,2.5,static engineering mechanism scenario; not operator capacity
tight,204,north,1.5,static engineering mechanism scenario; not operator capacity
tight,204,northwest,1.5,static engineering mechanism scenario; not operator capacity
tight,204,southwest,1.5,static engineering mechanism scenario; not operator capacity
tight,205,east,2.5,static engineering mechanism scenario; not operator capacity
tight,205,north,1.5,static engineering mechanism scenario; not operator capacity
tight,205,northwest,1.5,static engineering mechanism scenario; not operator capacity
tight,205,southwest,1.5,static engineering mechanism scenario; not operator capacity
tight,206,east,2.5,static engineering mechanism scenario; not operator capacity
tight,206,north,1.5,static engineering mechanism scenario; not operator capacity
tight,206,northwest,1.5,static engineering mechanism scenario; not operator capacity
tight,206,southwest,1.5,static engineering mechanism scenario; not operator capacity
tight,207,east,2.5,static engineering mechanism scenario; not operator capacity
tight,207,north,1.5,static engineering mechanism scenario; not operator capacity
tight,207,northwest,1.5,static engineering mechanism scenario; not operator capacity
tight,207,southwest,1.5,static engineering mechanism scenario; not operator capacity
tight,208,east,2.5,static engineering mechanism scenario; not operator capacity
tight,208,north,1.5,static engineering mechanism scenario; not operator capacity
tight,208,northwest,1.5,static engineering mechanism scenario; not operator capacity
tight,208,southwest,1.5,static engineering mechanism scenario; not operator capacity
tight,209,east,2.5,static engineering mechanism scenario; not operator capacity
tight,209,north,1.5,static engineering mechanism scenario; not operator capacity
tight,209,northwest,1.5,static engineering mechanism scenario; not operator capacity
tight,209,southwest,1.5,static engineering mechanism scenario; not operator capacity
tight,210,east,2.5,static engineering mechanism scenario; not operator capacity
tight,210,north,1.5,static engineering mechanism scenario; not operator capacity
tight,210,northwest,1.5,static engineering mechanism scenario; not operator capacity
tight,210,southwest,1.5,static engineering mechanism scenario; not operator capacity
tight,211,east,2.5,static engineering mechanism scenario; not operator capacity
tight,211,north,1.5,static engineering mechanism scenario; not operator capacity
tight,211,northwest,1.5,static engineering mechanism scenario; not operator capacity
tight,211,southwest,1.5,static engineering mechanism scenario; not operator capacity
tight,212,east,2.5,static engineering mechanism scenario; not operator capacity
tight,212,north,1.5,static engineering mechanism scenario; not operator capacity
tight,212,northwest,1.5,static engineering mechanism scenario; not operator capacity
tight,212,southwest,1.5,static engineering mechanism scenario; not operator capacity
tight,213,east,2.5,static engineering mechanism scenario; not operator capacity
tight,213,north,1.5,static engineering mechanism scenario; not operator capacity
tight,213,northwest,1.5,static engineering mechanism scenario; not operator capacity
tight,213,southwest,1.5,static engineering mechanism scenario; not operator capacity
tight,214,east,2.5,static engineering mechanism scenario; not operator capacity
tight,214,north,1.5,static engineering mechanism scenario; not operator capacity
tight,214,northwest,1.5,static engineering mechanism scenario; not operator capacity
tight,214,southwest,1.5,static engineering mechanism scenario; not operator capacity
tight,215,east,2.5,static engineering mechanism scenario; not operator capacity
tight,215,north,1.5,static engineering mechanism scenario; not operator capacity
tight,215,northwest,1.5,static engineering mechanism scenario; not operator capacity
tight,215,southwest,1.5,static engineering mechanism scenario; not operator capacity
tight,216,east,2.5,static engineering mechanism scenario; not operator capacity
tight,216,north,1.5,static engineering mechanism scenario; not operator capacity
tight,216,northwest,1.5,static engineering mechanism scenario; not operator capacity
tight,216,southwest,1.5,static engineering mechanism scenario; not operator capacity
tight,217,east,2.5,static engineering mechanism scenario; not operator capacity
tight,217,north,1.5,static engineering mechanism scenario; not operator capacity
tight,217,northwest,1.5,static engineering mechanism scenario; not operator capacity
tight,217,southwest,1.5,static engineering mechanism scenario; not operator capacity
tight,218,east,2.5,static engineering mechanism scenario; not operator capacity
tight,218,north,1.5,static engineering mechanism scenario; not operator capacity
tight,218,northwest,1.5,static engineering mechanism scenario; not operator capacity
tight,218,southwest,1.5,static engineering mechanism scenario; not operator capacity
tight,219,east,2.5,static engineering mechanism scenario; not operator capacity
tight,219,north,1.5,static engineering mechanism scenario; not operator capacity
tight,219,northwest,1.5,static engineering mechanism scenario; not operator capacity
tight,219,southwest,1.5,static engineering mechanism scenario; not operator capacity
tight,220,east,2.5,static engineering mechanism scenario; not operator capacity
tight,220,north,1.5,static engineering mechanism scenario; not operator capacity
tight,220,northwest,1.5,static engineering mechanism scenario; not operator capacity
tight,220,southwest,1.5,static engineering mechanism scenario; not operator capacity
tight,221,east,2.5,static engineering mechanism scenario; not operator capacity
tight,221,north,1.5,static engineering mechanism scenario; not operator capacity
tight,221,northwest,1.5,static engineering mechanism scenario; not operator capacity
tight,221,southwest,1.5,static engineering mechanism scenario; not operator capacity
tight,222,east,2.5,static engineering mechanism scenario; not operator capacity
tight,222,north,1.5,static engineering mechanism scenario; not operator capacity
tight,222,northwest,1.5,static engineering mechanism scenario; not operator capacity
tight,222,southwest,1.5,static engineering mechanism scenario; not operator capacity
tight,223,east,2.5,static engineering mechanism scenario; not operator capacity
tight,223,north,1.5,static engineering mechanism scenario; not operator capacity
tight,223,northwest,1.5,static engineering mechanism scenario; not operator capacity
tight,223,southwest,1.5,static engineering mechanism scenario; not operator capacity
tight,224,east,2.5,static engineering mechanism scenario; not operator capacity
tight,224,north,1.5,static engineering mechanism scenario; not operator capacity
tight,224,northwest,1.5,static engineering mechanism scenario; not operator capacity
tight,224,southwest,1.5,static engineering mechanism scenario; not operator capacity
tight,225,east,2.5,static engineering mechanism scenario; not operator capacity
tight,225,north,1.5,static engineering mechanism scenario; not operator capacity
tight,225,northwest,1.5,static engineering mechanism scenario; not operator capacity
tight,225,southwest,1.5,static engineering mechanism scenario; not operator capacity
tight,226,east,2.5,static engineering mechanism scenario; not operator capacity
tight,226,north,1.5,static engineering mechanism scenario; not operator capacity
tight,226,northwest,1.5,static engineering mechanism scenario; not operator capacity
tight,226,southwest,1.5,static engineering mechanism scenario; not operator capacity
tight,227,east,2.5,static engineering mechanism scenario; not operator capacity
tight,227,north,1.5,static engineering mechanism scenario; not operator capacity
tight,227,northwest,1.5,static engineering mechanism scenario; not operator capacity
tight,227,southwest,1.5,static engineering mechanism scenario; not operator capacity
tight,228,east,2.5,static engineering mechanism scenario; not operator capacity
tight,228,north,1.5,static engineering mechanism scenario; not operator capacity
tight,228,northwest,1.5,static engineering mechanism scenario; not operator capacity
tight,228,southwest,1.5,static engineering mechanism scenario; not operator capacity
tight,229,east,2.5,static engineering mechanism scenario; not operator capacity
tight,229,north,1.5,static engineering mechanism scenario; not operator capacity
tight,229,northwest,1.5,static engineering mechanism scenario; not operator capacity
tight,229,southwest,1.5,static engineering mechanism scenario; not operator capacity
tight,230,east,2.5,static engineering mechanism scenario; not operator capacity
tight,230,north,1.5,static engineering mechanism scenario; not operator capacity
tight,230,northwest,1.5,static engineering mechanism scenario; not operator capacity
tight,230,southwest,1.5,static engineering mechanism scenario; not operator capacity
tight,231,east,2.5,static engineering mechanism scenario; not operator capacity
tight,231,north,1.5,static engineering mechanism scenario; not operator capacity
tight,231,northwest,1.5,static engineering mechanism scenario; not operator capacity
tight,231,southwest,1.5,static engineering mechanism scenario; not operator capacity
tight,232,east,2.5,static engineering mechanism scenario; not operator capacity
tight,232,north,1.5,static engineering mechanism scenario; not operator capacity
tight,232,northwest,1.5,static engineering mechanism scenario; not operator capacity
tight,232,southwest,1.5,static engineering mechanism scenario; not operator capacity
tight,233,east,2.5,static engineering mechanism scenario; not operator capacity
tight,233,north,1.5,static engineering mechanism scenario; not operator capacity
tight,233,northwest,1.5,static engineering mechanism scenario; not operator capacity
tight,233,southwest,1.5,static engineering mechanism scenario; not operator capacity
tight,234,east,2.5,static engineering mechanism scenario; not operator capacity
tight,234,north,1.5,static engineering mechanism scenario; not operator capacity
tight,234,northwest,1.5,static engineering mechanism scenario; not operator capacity
tight,234,southwest,1.5,static engineering mechanism scenario; not operator capacity
tight,235,east,2.5,static engineering mechanism scenario; not operator capacity
tight,235,north,1.5,static engineering mechanism scenario; not operator capacity
tight,235,northwest,1.5,static engineering mechanism scenario; not operator capacity
tight,235,southwest,1.5,static engineering mechanism scenario; not operator capacity
tight,236,east,2.5,static engineering mechanism scenario; not operator capacity
tight,236,north,1.5,static engineering mechanism scenario; not operator capacity
tight,236,northwest,1.5,static engineering mechanism scenario; not operator capacity
tight,236,southwest,1.5,static engineering mechanism scenario; not operator capacity
tight,237,east,2.5,static engineering mechanism scenario; not operator capacity
tight,237,north,1.5,static engineering mechanism scenario; not operator capacity
tight,237,northwest,1.5,static engineering mechanism scenario; not operator capacity
tight,237,southwest,1.5,static engineering mechanism scenario; not operator capacity
tight,238,east,2.5,static engineering mechanism scenario; not operator capacity
tight,238,north,1.5,static engineering mechanism scenario; not operator capacity
tight,238,northwest,1.5,static engineering mechanism scenario; not operator capacity
tight,238,southwest,1.5,static engineering mechanism scenario; not operator capacity
tight,239,east,2.5,static engineering mechanism scenario; not operator capacity
tight,239,north,1.5,static engineering mechanism scenario; not operator capacity
tight,239,northwest,1.5,static engineering mechanism scenario; not operator capacity
tight,239,southwest,1.5,static engineering mechanism scenario; not operator capacity
tight,240,east,2.5,static engineering mechanism scenario; not operator capacity
tight,240,north,1.5,static engineering mechanism scenario; not operator capacity
tight,240,northwest,1.5,static engineering mechanism scenario; not operator capacity
tight,240,southwest,1.5,static engineering mechanism scenario; not operator capacity
tight,241,east,2.5,static engineering mechanism scenario; not operator capacity
tight,241,north,1.5,static engineering mechanism scenario; not operator capacity
tight,241,northwest,1.5,static engineering mechanism scenario; not operator capacity
tight,241,southwest,1.5,static engineering mechanism scenario; not operator capacity
tight,242,east,2.5,static engineering mechanism scenario; not operator capacity
tight,242,north,1.5,static engineering mechanism scenario; not operator capacity
tight,242,northwest,1.5,static engineering mechanism scenario; not operator capacity
tight,242,southwest,1.5,static engineering mechanism scenario; not operator capacity
tight,243,east,2.5,static engineering mechanism scenario; not operator capacity
tight,243,north,1.5,static engineering mechanism scenario; not operator capacity
tight,243,northwest,1.5,static engineering mechanism scenario; not operator capacity
tight,243,southwest,1.5,static engineering mechanism scenario; not operator capacity
tight,244,east,2.5,static engineering mechanism scenario; not operator capacity
tight,244,north,1.5,static engineering mechanism scenario; not operator capacity
tight,244,northwest,1.5,static engineering mechanism scenario; not operator capacity
tight,244,southwest,1.5,static engineering mechanism scenario; not operator capacity
tight,245,east,2.5,static engineering mechanism scenario; not operator capacity
tight,245,north,1.5,static engineering mechanism scenario; not operator capacity
tight,245,northwest,1.5,static engineering mechanism scenario; not operator capacity
tight,245,southwest,1.5,static engineering mechanism scenario; not operator capacity
tight,246,east,2.5,static engineering mechanism scenario; not operator capacity
tight,246,north,1.5,static engineering mechanism scenario; not operator capacity
tight,246,northwest,1.5,static engineering mechanism scenario; not operator capacity
tight,246,southwest,1.5,static engineering mechanism scenario; not operator capacity
tight,247,east,2.5,static engineering mechanism scenario; not operator capacity
tight,247,north,1.5,static engineering mechanism scenario; not operator capacity
tight,247,northwest,1.5,static engineering mechanism scenario; not operator capacity
tight,247,southwest,1.5,static engineering mechanism scenario; not operator capacity
tight,248,east,2.5,static engineering mechanism scenario; not operator capacity
tight,248,north,1.5,static engineering mechanism scenario; not operator capacity
tight,248,northwest,1.5,static engineering mechanism scenario; not operator capacity
tight,248,southwest,1.5,static engineering mechanism scenario; not operator capacity
tight,249,east,2.5,static engineering mechanism scenario; not operator capacity
tight,249,north,1.5,static engineering mechanism scenario; not operator capacity
tight,249,northwest,1.5,static engineering mechanism scenario; not operator capacity
tight,249,southwest,1.5,static engineering mechanism scenario; not operator capacity
tight,250,east,2.5,static engineering mechanism scenario; not operator capacity
tight,250,north,1.5,static engineering mechanism scenario; not operator capacity
tight,250,northwest,1.5,static engineering mechanism scenario; not operator capacity
tight,250,southwest,1.5,static engineering mechanism scenario; not operator capacity
tight,251,east,2.5,static engineering mechanism scenario; not operator capacity
tight,251,north,1.5,static engineering mechanism scenario; not operator capacity
tight,251,northwest,1.5,static engineering mechanism scenario; not operator capacity
tight,251,southwest,1.5,static engineering mechanism scenario; not operator capacity
tight,252,east,2.5,static engineering mechanism scenario; not operator capacity
tight,252,north,1.5,static engineering mechanism scenario; not operator capacity
tight,252,northwest,1.5,static engineering mechanism scenario; not operator capacity
tight,252,southwest,1.5,static engineering mechanism scenario; not operator capacity
tight,253,east,2.5,static engineering mechanism scenario; not operator capacity
tight,253,north,1.5,static engineering mechanism scenario; not operator capacity
tight,253,northwest,1.5,static engineering mechanism scenario; not operator capacity
tight,253,southwest,1.5,static engineering mechanism scenario; not operator capacity
tight,254,east,2.5,static engineering mechanism scenario; not operator capacity
tight,254,north,1.5,static engineering mechanism scenario; not operator capacity
tight,254,northwest,1.5,static engineering mechanism scenario; not operator capacity
tight,254,southwest,1.5,static engineering mechanism scenario; not operator capacity
tight,255,east,2.5,static engineering mechanism scenario; not operator capacity
tight,255,north,1.5,static engineering mechanism scenario; not operator capacity
tight,255,northwest,1.5,static engineering mechanism scenario; not operator capacity
tight,255,southwest,1.5,static engineering mechanism scenario; not operator capacity
tight,256,east,2.5,static engineering mechanism scenario; not operator capacity
tight,256,north,1.5,static engineering mechanism scenario; not operator capacity
tight,256,northwest,1.5,static engineering mechanism scenario; not operator capacity
tight,256,southwest,1.5,static engineering mechanism scenario; not operator capacity
tight,257,east,2.5,static engineering mechanism scenario; not operator capacity
tight,257,north,1.5,static engineering mechanism scenario; not operator capacity
tight,257,northwest,1.5,static engineering mechanism scenario; not operator capacity
tight,257,southwest,1.5,static engineering mechanism scenario; not operator capacity
tight,258,east,2.5,static engineering mechanism scenario; not operator capacity
tight,258,north,1.5,static engineering mechanism scenario; not operator capacity
tight,258,northwest,1.5,static engineering mechanism scenario; not operator capacity
tight,258,southwest,1.5,static engineering mechanism scenario; not operator capacity
tight,259,east,2.5,static engineering mechanism scenario; not operator capacity
tight,259,north,1.5,static engineering mechanism scenario; not operator capacity
tight,259,northwest,1.5,static engineering mechanism scenario; not operator capacity
tight,259,southwest,1.5,static engineering mechanism scenario; not operator capacity
tight,260,east,2.5,static engineering mechanism scenario; not operator capacity
tight,260,north,1.5,static engineering mechanism scenario; not operator capacity
tight,260,northwest,1.5,static engineering mechanism scenario; not operator capacity
tight,260,southwest,1.5,static engineering mechanism scenario; not operator capacity
tight,261,east,2.5,static engineering mechanism scenario; not operator capacity
tight,261,north,1.5,static engineering mechanism scenario; not operator capacity
tight,261,northwest,1.5,static engineering mechanism scenario; not operator capacity
tight,261,southwest,1.5,static engineering mechanism scenario; not operator capacity
tight,262,east,2.5,static engineering mechanism scenario; not operator capacity
tight,262,north,1.5,static engineering mechanism scenario; not operator capacity
tight,262,northwest,1.5,static engineering mechanism scenario; not operator capacity
tight,262,southwest,1.5,static engineering mechanism scenario; not operator capacity
tight,263,east,2.5,static engineering mechanism scenario; not operator capacity
tight,263,north,1.5,static engineering mechanism scenario; not operator capacity
tight,263,northwest,1.5,static engineering mechanism scenario; not operator capacity
tight,263,southwest,1.5,static engineering mechanism scenario; not operator capacity
tight,264,east,2.5,static engineering mechanism scenario; not operator capacity
tight,264,north,1.5,static engineering mechanism scenario; not operator capacity
tight,264,northwest,1.5,static engineering mechanism scenario; not operator capacity
tight,264,southwest,1.5,static engineering mechanism scenario; not operator capacity
tight,265,east,2.5,static engineering mechanism scenario; not operator capacity
tight,265,north,1.5,static engineering mechanism scenario; not operator capacity
tight,265,northwest,1.5,static engineering mechanism scenario; not operator capacity
tight,265,southwest,1.5,static engineering mechanism scenario; not operator capacity
tight,266,east,2.5,static engineering mechanism scenario; not operator capacity
tight,266,north,1.5,static engineering mechanism scenario; not operator capacity
tight,266,northwest,1.5,static engineering mechanism scenario; not operator capacity
tight,266,southwest,1.5,static engineering mechanism scenario; not operator capacity
tight,267,east,2.5,static engineering mechanism scenario; not operator capacity
tight,267,north,1.5,static engineering mechanism scenario; not operator capacity
tight,267,northwest,1.5,static engineering mechanism scenario; not operator capacity
tight,267,southwest,1.5,static engineering mechanism scenario; not operator capacity
tight,268,east,2.5,static engineering mechanism scenario; not operator capacity
tight,268,north,1.5,static engineering mechanism scenario; not operator capacity
tight,268,northwest,1.5,static engineering mechanism scenario; not operator capacity
tight,268,southwest,1.5,static engineering mechanism scenario; not operator capacity
tight,269,east,2.5,static engineering mechanism scenario; not operator capacity
tight,269,north,1.5,static engineering mechanism scenario; not operator capacity
tight,269,northwest,1.5,static engineering mechanism scenario; not operator capacity
tight,269,southwest,1.5,static engineering mechanism scenario; not operator capacity
tight,270,east,2.5,static engineering mechanism scenario; not operator capacity
tight,270,north,1.5,static engineering mechanism scenario; not operator capacity
tight,270,northwest,1.5,static engineering mechanism scenario; not operator capacity
tight,270,southwest,1.5,static engineering mechanism scenario; not operator capacity
tight,271,east,2.5,static engineering mechanism scenario; not operator capacity
tight,271,north,1.5,static engineering mechanism scenario; not operator capacity
tight,271,northwest,1.5,static engineering mechanism scenario; not operator capacity
tight,271,southwest,1.5,static engineering mechanism scenario; not operator capacity
tight,272,east,2.5,static engineering mechanism scenario; not operator capacity
tight,272,north,1.5,static engineering mechanism scenario; not operator capacity
tight,272,northwest,1.5,static engineering mechanism scenario; not operator capacity
tight,272,southwest,1.5,static engineering mechanism scenario; not operator capacity
tight,273,east,2.5,static engineering mechanism scenario; not operator capacity
tight,273,north,1.5,static engineering mechanism scenario; not operator capacity
tight,273,northwest,1.5,static engineering mechanism scenario; not operator capacity
tight,273,southwest,1.5,static engineering mechanism scenario; not operator capacity
tight,274,east,2.5,static engineering mechanism scenario; not operator capacity
tight,274,north,1.5,static engineering mechanism scenario; not operator capacity
tight,274,northwest,1.5,static engineering mechanism scenario; not operator capacity
tight,274,southwest,1.5,static engineering mechanism scenario; not operator capacity
tight,275,east,2.5,static engineering mechanism scenario; not operator capacity
tight,275,north,1.5,static engineering mechanism scenario; not operator capacity
tight,275,northwest,1.5,static engineering mechanism scenario; not operator capacity
tight,275,southwest,1.5,static engineering mechanism scenario; not operator capacity
tight,276,east,2.5,static engineering mechanism scenario; not operator capacity
tight,276,north,1.5,static engineering mechanism scenario; not operator capacity
tight,276,northwest,1.5,static engineering mechanism scenario; not operator capacity
tight,276,southwest,1.5,static engineering mechanism scenario; not operator capacity
tight,277,east,2.5,static engineering mechanism scenario; not operator capacity
tight,277,north,1.5,static engineering mechanism scenario; not operator capacity
tight,277,northwest,1.5,static engineering mechanism scenario; not operator capacity
tight,277,southwest,1.5,static engineering mechanism scenario; not operator capacity
tight,278,east,2.5,static engineering mechanism scenario; not operator capacity
tight,278,north,1.5,static engineering mechanism scenario; not operator capacity
tight,278,northwest,1.5,static engineering mechanism scenario; not operator capacity
tight,278,southwest,1.5,static engineering mechanism scenario; not operator capacity
tight,279,east,2.5,static engineering mechanism scenario; not operator capacity
tight,279,north,1.5,static engineering mechanism scenario; not operator capacity
tight,279,northwest,1.5,static engineering mechanism scenario; not operator capacity
tight,279,southwest,1.5,static engineering mechanism scenario; not operator capacity
tight,280,east,2.5,static engineering mechanism scenario; not operator capacity
tight,280,north,1.5,static engineering mechanism scenario; not operator capacity
tight,280,northwest,1.5,static engineering mechanism scenario; not operator capacity
tight,280,southwest,1.5,static engineering mechanism scenario; not operator capacity
tight,281,east,2.5,static engineering mechanism scenario; not operator capacity
tight,281,north,1.5,static engineering mechanism scenario; not operator capacity
tight,281,northwest,1.5,static engineering mechanism scenario; not operator capacity
tight,281,southwest,1.5,static engineering mechanism scenario; not operator capacity
tight,282,east,2.5,static engineering mechanism scenario; not operator capacity
tight,282,north,1.5,static engineering mechanism scenario; not operator capacity
tight,282,northwest,1.5,static engineering mechanism scenario; not operator capacity
tight,282,southwest,1.5,static engineering mechanism scenario; not operator capacity
tight,283,east,2.5,static engineering mechanism scenario; not operator capacity
tight,283,north,1.5,static engineering mechanism scenario; not operator capacity
tight,283,northwest,1.5,static engineering mechanism scenario; not operator capacity
tight,283,southwest,1.5,static engineering mechanism scenario; not operator capacity
tight,284,east,2.5,static engineering mechanism scenario; not operator capacity
tight,284,north,1.5,static engineering mechanism scenario; not operator capacity
tight,284,northwest,1.5,static engineering mechanism scenario; not operator capacity
tight,284,southwest,1.5,static engineering mechanism scenario; not operator capacity
tight,285,east,2.5,static engineering mechanism scenario; not operator capacity
tight,285,north,1.5,static engineering mechanism scenario; not operator capacity
tight,285,northwest,1.5,static engineering mechanism scenario; not operator capacity
tight,285,southwest,1.5,static engineering mechanism scenario; not operator capacity
tight,286,east,2.5,static engineering mechanism scenario; not operator capacity
tight,286,north,1.5,static engineering mechanism scenario; not operator capacity
tight,286,northwest,1.5,static engineering mechanism scenario; not operator capacity
tight,286,southwest,1.5,static engineering mechanism scenario; not operator capacity
tight,287,east,2.5,static engineering mechanism scenario; not operator capacity
tight,287,north,1.5,static engineering mechanism scenario; not operator capacity
tight,287,northwest,1.5,static engineering mechanism scenario; not operator capacity
tight,287,southwest,1.5,static engineering mechanism scenario; not operator capacity
tight,288,east,2.5,static engineering mechanism scenario; not operator capacity
tight,288,north,1.5,static engineering mechanism scenario; not operator capacity
tight,288,northwest,1.5,static engineering mechanism scenario; not operator capacity
tight,288,southwest,1.5,static engineering mechanism scenario; not operator capacity
tight,289,east,2.5,static engineering mechanism scenario; not operator capacity
tight,289,north,1.5,static engineering mechanism scenario; not operator capacity
tight,289,northwest,1.5,static engineering mechanism scenario; not operator capacity
tight,289,southwest,1.5,static engineering mechanism scenario; not operator capacity
tight,290,east,2.5,static engineering mechanism scenario; not operator capacity
tight,290,north,1.5,static engineering mechanism scenario; not operator capacity
tight,290,northwest,1.5,static engineering mechanism scenario; not operator capacity
tight,290,southwest,1.5,static engineering mechanism scenario; not operator capacity
tight,291,east,2.5,static engineering mechanism scenario; not operator capacity
tight,291,north,1.5,static engineering mechanism scenario; not operator capacity
tight,291,northwest,1.5,static engineering mechanism scenario; not operator capacity
tight,291,southwest,1.5,static engineering mechanism scenario; not operator capacity
tight,292,east,2.5,static engineering mechanism scenario; not operator capacity
tight,292,north,1.5,static engineering mechanism scenario; not operator capacity
tight,292,northwest,1.5,static engineering mechanism scenario; not operator capacity
tight,292,southwest,1.5,static engineering mechanism scenario; not operator capacity
tight,293,east,2.5,static engineering mechanism scenario; not operator capacity
tight,293,north,1.5,static engineering mechanism scenario; not operator capacity
tight,293,northwest,1.5,static engineering mechanism scenario; not operator capacity
tight,293,southwest,1.5,static engineering mechanism scenario; not operator capacity
tight,294,east,2.5,static engineering mechanism scenario; not operator capacity
tight,294,north,1.5,static engineering mechanism scenario; not operator capacity
tight,294,northwest,1.5,static engineering mechanism scenario; not operator capacity
tight,294,southwest,1.5,static engineering mechanism scenario; not operator capacity
tight,295,east,2.5,static engineering mechanism scenario; not operator capacity
tight,295,north,1.5,static engineering mechanism scenario; not operator capacity
tight,295,northwest,1.5,static engineering mechanism scenario; not operator capacity
tight,295,southwest,1.5,static engineering mechanism scenario; not operator capacity
tight,296,east,2.5,static engineering mechanism scenario; not operator capacity
tight,296,north,1.5,static engineering mechanism scenario; not operator capacity
tight,296,northwest,1.5,static engineering mechanism scenario; not operator capacity
tight,296,southwest,1.5,static engineering mechanism scenario; not operator capacity
tight,297,east,2.5,static engineering mechanism scenario; not operator capacity
tight,297,north,1.5,static engineering mechanism scenario; not operator capacity
tight,297,northwest,1.5,static engineering mechanism scenario; not operator capacity
tight,297,southwest,1.5,static engineering mechanism scenario; not operator capacity
tight,298,east,2.5,static engineering mechanism scenario; not operator capacity
tight,298,north,1.5,static engineering mechanism scenario; not operator capacity
tight,298,northwest,1.5,static engineering mechanism scenario; not operator capacity
tight,298,southwest,1.5,static engineering mechanism scenario; not operator capacity
tight,299,east,2.5,static engineering mechanism scenario; not operator capacity
tight,299,north,1.5,static engineering mechanism scenario; not operator capacity
tight,299,northwest,1.5,static engineering mechanism scenario; not operator capacity
tight,299,southwest,1.5,static engineering mechanism scenario; not operator capacity
tight,300,east,2.5,static engineering mechanism scenario; not operator capacity
tight,300,north,1.5,static engineering mechanism scenario; not operator capacity
tight,300,northwest,1.5,static engineering mechanism scenario; not operator capacity
tight,300,southwest,1.5,static engineering mechanism scenario; not operator capacity
tight,301,east,2.5,static engineering mechanism scenario; not operator capacity
tight,301,north,1.5,static engineering mechanism scenario; not operator capacity
tight,301,northwest,1.5,static engineering mechanism scenario; not operator capacity
tight,301,southwest,1.5,static engineering mechanism scenario; not operator capacity
tight,302,east,2.5,static engineering mechanism scenario; not operator capacity
tight,302,north,1.5,static engineering mechanism scenario; not operator capacity
tight,302,northwest,1.5,static engineering mechanism scenario; not operator capacity
tight,302,southwest,1.5,static engineering mechanism scenario; not operator capacity
tight,303,east,2.5,static engineering mechanism scenario; not operator capacity
tight,303,north,1.5,static engineering mechanism scenario; not operator capacity
tight,303,northwest,1.5,static engineering mechanism scenario; not operator capacity
tight,303,southwest,1.5,static engineering mechanism scenario; not operator capacity
tight,304,east,2.5,static engineering mechanism scenario; not operator capacity
tight,304,north,1.5,static engineering mechanism scenario; not operator capacity
tight,304,northwest,1.5,static engineering mechanism scenario; not operator capacity
tight,304,southwest,1.5,static engineering mechanism scenario; not operator capacity
tight,305,east,2.5,static engineering mechanism scenario; not operator capacity
tight,305,north,1.5,static engineering mechanism scenario; not operator capacity
tight,305,northwest,1.5,static engineering mechanism scenario; not operator capacity
tight,305,southwest,1.5,static engineering mechanism scenario; not operator capacity
tight,306,east,2.5,static engineering mechanism scenario; not operator capacity
tight,306,north,1.5,static engineering mechanism scenario; not operator capacity
tight,306,northwest,1.5,static engineering mechanism scenario; not operator capacity
tight,306,southwest,1.5,static engineering mechanism scenario; not operator capacity
tight,307,east,2.5,static engineering mechanism scenario; not operator capacity
tight,307,north,1.5,static engineering mechanism scenario; not operator capacity
tight,307,northwest,1.5,static engineering mechanism scenario; not operator capacity
tight,307,southwest,1.5,static engineering mechanism scenario; not operator capacity
tight,308,east,2.5,static engineering mechanism scenario; not operator capacity
tight,308,north,1.5,static engineering mechanism scenario; not operator capacity
tight,308,northwest,1.5,static engineering mechanism scenario; not operator capacity
tight,308,southwest,1.5,static engineering mechanism scenario; not operator capacity
tight,309,east,2.5,static engineering mechanism scenario; not operator capacity
tight,309,north,1.5,static engineering mechanism scenario; not operator capacity
tight,309,northwest,1.5,static engineering mechanism scenario; not operator capacity
tight,309,southwest,1.5,static engineering mechanism scenario; not operator capacity
tight,310,east,2.5,static engineering mechanism scenario; not operator capacity
tight,310,north,1.5,static engineering mechanism scenario; not operator capacity
tight,310,northwest,1.5,static engineering mechanism scenario; not operator capacity
tight,310,southwest,1.5,static engineering mechanism scenario; not operator capacity
tight,311,east,2.5,static engineering mechanism scenario; not operator capacity
tight,311,north,1.5,static engineering mechanism scenario; not operator capacity
tight,311,northwest,1.5,static engineering mechanism scenario; not operator capacity
tight,311,southwest,1.5,static engineering mechanism scenario; not operator capacity
tight,312,east,2.5,static engineering mechanism scenario; not operator capacity
tight,312,north,1.5,static engineering mechanism scenario; not operator capacity
tight,312,northwest,1.5,static engineering mechanism scenario; not operator capacity
tight,312,southwest,1.5,static engineering mechanism scenario; not operator capacity
tight,313,east,2.5,static engineering mechanism scenario; not operator capacity
tight,313,north,1.5,static engineering mechanism scenario; not operator capacity
tight,313,northwest,1.5,static engineering mechanism scenario; not operator capacity
tight,313,southwest,1.5,static engineering mechanism scenario; not operator capacity
tight,314,east,2.5,static engineering mechanism scenario; not operator capacity
tight,314,north,1.5,static engineering mechanism scenario; not operator capacity
tight,314,northwest,1.5,static engineering mechanism scenario; not operator capacity
tight,314,southwest,1.5,static engineering mechanism scenario; not operator capacity
tight,315,east,2.5,static engineering mechanism scenario; not operator capacity
tight,315,north,1.5,static engineering mechanism scenario; not operator capacity
tight,315,northwest,1.5,static engineering mechanism scenario; not operator capacity
tight,315,southwest,1.5,static engineering mechanism scenario; not operator capacity
tight,316,east,2.5,static engineering mechanism scenario; not operator capacity
tight,316,north,1.5,static engineering mechanism scenario; not operator capacity
tight,316,northwest,1.5,static engineering mechanism scenario; not operator capacity
tight,316,southwest,1.5,static engineering mechanism scenario; not operator capacity
tight,317,east,2.5,static engineering mechanism scenario; not operator capacity
tight,317,north,1.5,static engineering mechanism scenario; not operator capacity
tight,317,northwest,1.5,static engineering mechanism scenario; not operator capacity
tight,317,southwest,1.5,static engineering mechanism scenario; not operator capacity
tight,318,east,2.5,static engineering mechanism scenario; not operator capacity
tight,318,north,1.5,static engineering mechanism scenario; not operator capacity
tight,318,northwest,1.5,static engineering mechanism scenario; not operator capacity
tight,318,southwest,1.5,static engineering mechanism scenario; not operator capacity
tight,319,east,2.5,static engineering mechanism scenario; not operator capacity
tight,319,north,1.5,static engineering mechanism scenario; not operator capacity
tight,319,northwest,1.5,static engineering mechanism scenario; not operator capacity
tight,319,southwest,1.5,static engineering mechanism scenario; not operator capacity
tight,320,east,2.5,static engineering mechanism scenario; not operator capacity
tight,320,north,1.5,static engineering mechanism scenario; not operator capacity
tight,320,northwest,1.5,static engineering mechanism scenario; not operator capacity
tight,320,southwest,1.5,static engineering mechanism scenario; not operator capacity
tight,321,east,2.5,static engineering mechanism scenario; not operator capacity
tight,321,north,1.5,static engineering mechanism scenario; not operator capacity
tight,321,northwest,1.5,static engineering mechanism scenario; not operator capacity
tight,321,southwest,1.5,static engineering mechanism scenario; not operator capacity
tight,322,east,2.5,static engineering mechanism scenario; not operator capacity
tight,322,north,1.5,static engineering mechanism scenario; not operator capacity
tight,322,northwest,1.5,static engineering mechanism scenario; not operator capacity
tight,322,southwest,1.5,static engineering mechanism scenario; not operator capacity
tight,323,east,2.5,static engineering mechanism scenario; not operator capacity
tight,323,north,1.5,static engineering mechanism scenario; not operator capacity
tight,323,northwest,1.5,static engineering mechanism scenario; not operator capacity
tight,323,southwest,1.5,static engineering mechanism scenario; not operator capacity
tight,324,east,2.5,static engineering mechanism scenario; not operator capacity
tight,324,north,1.5,static engineering mechanism scenario; not operator capacity
tight,324,northwest,1.5,static engineering mechanism scenario; not operator capacity
tight,324,southwest,1.5,static engineering mechanism scenario; not operator capacity
tight,325,east,2.5,static engineering mechanism scenario; not operator capacity
tight,325,north,1.5,static engineering mechanism scenario; not operator capacity
tight,325,northwest,1.5,static engineering mechanism scenario; not operator capacity
tight,325,southwest,1.5,static engineering mechanism scenario; not operator capacity
tight,326,east,2.5,static engineering mechanism scenario; not operator capacity
tight,326,north,1.5,static engineering mechanism scenario; not operator capacity
tight,326,northwest,1.5,static engineering mechanism scenario; not operator capacity
tight,326,southwest,1.5,static engineering mechanism scenario; not operator capacity
tight,327,east,2.5,static engineering mechanism scenario; not operator capacity
tight,327,north,1.5,static engineering mechanism scenario; not operator capacity
tight,327,northwest,1.5,static engineering mechanism scenario; not operator capacity
tight,327,southwest,1.5,static engineering mechanism scenario; not operator capacity
tight,328,east,2.5,static engineering mechanism scenario; not operator capacity
tight,328,north,1.5,static engineering mechanism scenario; not operator capacity
tight,328,northwest,1.5,static engineering mechanism scenario; not operator capacity
tight,328,southwest,1.5,static engineering mechanism scenario; not operator capacity
tight,329,east,2.5,static engineering mechanism scenario; not operator capacity
tight,329,north,1.5,static engineering mechanism scenario; not operator capacity
tight,329,northwest,1.5,static engineering mechanism scenario; not operator capacity
tight,329,southwest,1.5,static engineering mechanism scenario; not operator capacity
tight,330,east,2.5,static engineering mechanism scenario; not operator capacity
tight,330,north,1.5,static engineering mechanism scenario; not operator capacity
tight,330,northwest,1.5,static engineering mechanism scenario; not operator capacity
tight,330,southwest,1.5,static engineering mechanism scenario; not operator capacity
tight,331,east,2.5,static engineering mechanism scenario; not operator capacity
tight,331,north,1.5,static engineering mechanism scenario; not operator capacity
tight,331,northwest,1.5,static engineering mechanism scenario; not operator capacity
tight,331,southwest,1.5,static engineering mechanism scenario; not operator capacity
tight,332,east,2.5,static engineering mechanism scenario; not operator capacity
tight,332,north,1.5,static engineering mechanism scenario; not operator capacity
tight,332,northwest,1.5,static engineering mechanism scenario; not operator capacity
tight,332,southwest,1.5,static engineering mechanism scenario; not operator capacity
tight,333,east,2.5,static engineering mechanism scenario; not operator capacity
tight,333,north,1.5,static engineering mechanism scenario; not operator capacity
tight,333,northwest,1.5,static engineering mechanism scenario; not operator capacity
tight,333,southwest,1.5,static engineering mechanism scenario; not operator capacity
tight,334,east,2.5,static engineering mechanism scenario; not operator capacity
tight,334,north,1.5,static engineering mechanism scenario; not operator capacity
tight,334,northwest,1.5,static engineering mechanism scenario; not operator capacity
tight,334,southwest,1.5,static engineering mechanism scenario; not operator capacity
tight,335,east,2.5,static engineering mechanism scenario; not operator capacity
tight,335,north,1.5,static engineering mechanism scenario; not operator capacity
tight,335,northwest,1.5,static engineering mechanism scenario; not operator capacity
tight,335,southwest,1.5,static engineering mechanism scenario; not operator capacity
tight,336,east,2.5,static engineering mechanism scenario; not operator capacity
tight,336,north,1.5,static engineering mechanism scenario; not operator capacity
tight,336,northwest,1.5,static engineering mechanism scenario; not operator capacity
tight,336,southwest,1.5,static engineering mechanism scenario; not operator capacity
tight,337,east,2.5,static engineering mechanism scenario; not operator capacity
tight,337,north,1.5,static engineering mechanism scenario; not operator capacity
tight,337,northwest,1.5,static engineering mechanism scenario; not operator capacity
tight,337,southwest,1.5,static engineering mechanism scenario; not operator capacity
tight,338,east,2.5,static engineering mechanism scenario; not operator capacity
tight,338,north,1.5,static engineering mechanism scenario; not operator capacity
tight,338,northwest,1.5,static engineering mechanism scenario; not operator capacity
tight,338,southwest,1.5,static engineering mechanism scenario; not operator capacity
tight,339,east,2.5,static engineering mechanism scenario; not operator capacity
tight,339,north,1.5,static engineering mechanism scenario; not operator capacity
tight,339,northwest,1.5,static engineering mechanism scenario; not operator capacity
tight,339,southwest,1.5,static engineering mechanism scenario; not operator capacity
tight,340,east,2.5,static engineering mechanism scenario; not operator capacity
tight,340,north,1.5,static engineering mechanism scenario; not operator capacity
tight,340,northwest,1.5,static engineering mechanism scenario; not operator capacity
tight,340,southwest,1.5,static engineering mechanism scenario; not operator capacity
tight,341,east,2.5,static engineering mechanism scenario; not operator capacity
tight,341,north,1.5,static engineering mechanism scenario; not operator capacity
tight,341,northwest,1.5,static engineering mechanism scenario; not operator capacity
tight,341,southwest,1.5,static engineering mechanism scenario; not operator capacity
tight,342,east,2.5,static engineering mechanism scenario; not operator capacity
tight,342,north,1.5,static engineering mechanism scenario; not operator capacity
tight,342,northwest,1.5,static engineering mechanism scenario; not operator capacity
tight,342,southwest,1.5,static engineering mechanism scenario; not operator capacity
tight,343,east,2.5,static engineering mechanism scenario; not operator capacity
tight,343,north,1.5,static engineering mechanism scenario; not operator capacity
tight,343,northwest,1.5,static engineering mechanism scenario; not operator capacity
tight,343,southwest,1.5,static engineering mechanism scenario; not operator capacity
tight,344,east,2.5,static engineering mechanism scenario; not operator capacity
tight,344,north,1.5,static engineering mechanism scenario; not operator capacity
tight,344,northwest,1.5,static engineering mechanism scenario; not operator capacity
tight,344,southwest,1.5,static engineering mechanism scenario; not operator capacity
tight,345,east,2.5,static engineering mechanism scenario; not operator capacity
tight,345,north,1.5,static engineering mechanism scenario; not operator capacity
tight,345,northwest,1.5,static engineering mechanism scenario; not operator capacity
tight,345,southwest,1.5,static engineering mechanism scenario; not operator capacity
tight,346,east,2.5,static engineering mechanism scenario; not operator capacity
tight,346,north,1.5,static engineering mechanism scenario; not operator capacity
tight,346,northwest,1.5,static engineering mechanism scenario; not operator capacity
tight,346,southwest,1.5,static engineering mechanism scenario; not operator capacity
tight,347,east,2.5,static engineering mechanism scenario; not operator capacity
tight,347,north,1.5,static engineering mechanism scenario; not operator capacity
tight,347,northwest,1.5,static engineering mechanism scenario; not operator capacity
tight,347,southwest,1.5,static engineering mechanism scenario; not operator capacity
tight,348,east,2.5,static engineering mechanism scenario; not operator capacity
tight,348,north,1.5,static engineering mechanism scenario; not operator capacity
tight,348,northwest,1.5,static engineering mechanism scenario; not operator capacity
tight,348,southwest,1.5,static engineering mechanism scenario; not operator capacity
tight,349,east,2.5,static engineering mechanism scenario; not operator capacity
tight,349,north,1.5,static engineering mechanism scenario; not operator capacity
tight,349,northwest,1.5,static engineering mechanism scenario; not operator capacity
tight,349,southwest,1.5,static engineering mechanism scenario; not operator capacity
tight,350,east,2.5,static engineering mechanism scenario; not operator capacity
tight,350,north,1.5,static engineering mechanism scenario; not operator capacity
tight,350,northwest,1.5,static engineering mechanism scenario; not operator capacity
tight,350,southwest,1.5,static engineering mechanism scenario; not operator capacity
tight,351,east,2.5,static engineering mechanism scenario; not operator capacity
tight,351,north,1.5,static engineering mechanism scenario; not operator capacity
tight,351,northwest,1.5,static engineering mechanism scenario; not operator capacity
tight,351,southwest,1.5,static engineering mechanism scenario; not operator capacity
tight,352,east,2.5,static engineering mechanism scenario; not operator capacity
tight,352,north,1.5,static engineering mechanism scenario; not operator capacity
tight,352,northwest,1.5,static engineering mechanism scenario; not operator capacity
tight,352,southwest,1.5,static engineering mechanism scenario; not operator capacity
tight,353,east,2.5,static engineering mechanism scenario; not operator capacity
tight,353,north,1.5,static engineering mechanism scenario; not operator capacity
tight,353,northwest,1.5,static engineering mechanism scenario; not operator capacity
tight,353,southwest,1.5,static engineering mechanism scenario; not operator capacity
tight,354,east,2.5,static engineering mechanism scenario; not operator capacity
tight,354,north,1.5,static engineering mechanism scenario; not operator capacity
tight,354,northwest,1.5,static engineering mechanism scenario; not operator capacity
tight,354,southwest,1.5,static engineering mechanism scenario; not operator capacity
tight,355,east,2.5,static engineering mechanism scenario; not operator capacity
tight,355,north,1.5,static engineering mechanism scenario; not operator capacity
tight,355,northwest,1.5,static engineering mechanism scenario; not operator capacity
tight,355,southwest,1.5,static engineering mechanism scenario; not operator capacity
tight,356,east,2.5,static engineering mechanism scenario; not operator capacity
tight,356,north,1.5,static engineering mechanism scenario; not operator capacity
tight,356,northwest,1.5,static engineering mechanism scenario; not operator capacity
tight,356,southwest,1.5,static engineering mechanism scenario; not operator capacity
tight,357,east,2.5,static engineering mechanism scenario; not operator capacity
tight,357,north,1.5,static engineering mechanism scenario; not operator capacity
tight,357,northwest,1.5,static engineering mechanism scenario; not operator capacity
tight,357,southwest,1.5,static engineering mechanism scenario; not operator capacity
tight,358,east,2.5,static engineering mechanism scenario; not operator capacity
tight,358,north,1.5,static engineering mechanism scenario; not operator capacity
tight,358,northwest,1.5,static engineering mechanism scenario; not operator capacity
tight,358,southwest,1.5,static engineering mechanism scenario; not operator capacity
tight,359,east,2.5,static engineering mechanism scenario; not operator capacity
tight,359,north,1.5,static engineering mechanism scenario; not operator capacity
tight,359,northwest,1.5,static engineering mechanism scenario; not operator capacity
tight,359,southwest,1.5,static engineering mechanism scenario; not operator capacity
tight,360,east,2.5,static engineering mechanism scenario; not operator capacity
tight,360,north,1.5,static engineering mechanism scenario; not operator capacity
tight,360,northwest,1.5,static engineering mechanism scenario; not operator capacity
tight,360,southwest,1.5,static engineering mechanism scenario; not operator capacity
tight,361,east,2.5,static engineering mechanism scenario; not operator capacity
tight,361,north,1.5,static engineering mechanism scenario; not operator capacity
tight,361,northwest,1.5,static engineering mechanism scenario; not operator capacity
tight,361,southwest,1.5,static engineering mechanism scenario; not operator capacity
tight,362,east,2.5,static engineering mechanism scenario; not operator capacity
tight,362,north,1.5,static engineering mechanism scenario; not operator capacity
tight,362,northwest,1.5,static engineering mechanism scenario; not operator capacity
tight,362,southwest,1.5,static engineering mechanism scenario; not operator capacity
tight,363,east,2.5,static engineering mechanism scenario; not operator capacity
tight,363,north,1.5,static engineering mechanism scenario; not operator capacity
tight,363,northwest,1.5,static engineering mechanism scenario; not operator capacity
tight,363,southwest,1.5,static engineering mechanism scenario; not operator capacity
tight,364,east,2.5,static engineering mechanism scenario; not operator capacity
tight,364,north,1.5,static engineering mechanism scenario; not operator capacity
tight,364,northwest,1.5,static engineering mechanism scenario; not operator capacity
tight,364,southwest,1.5,static engineering mechanism scenario; not operator capacity
tight,365,east,2.5,static engineering mechanism scenario; not operator capacity
tight,365,north,1.5,static engineering mechanism scenario; not operator capacity
tight,365,northwest,1.5,static engineering mechanism scenario; not operator capacity
tight,365,southwest,1.5,static engineering mechanism scenario; not operator capacity
tight,366,east,2.5,static engineering mechanism scenario; not operator capacity
tight,366,north,1.5,static engineering mechanism scenario; not operator capacity
tight,366,northwest,1.5,static engineering mechanism scenario; not operator capacity
tight,366,southwest,1.5,static engineering mechanism scenario; not operator capacity
tight,367,east,2.5,static engineering mechanism scenario; not operator capacity
tight,367,north,1.5,static engineering mechanism scenario; not operator capacity
tight,367,northwest,1.5,static engineering mechanism scenario; not operator capacity
tight,367,southwest,1.5,static engineering mechanism scenario; not operator capacity
tight,368,east,2.5,static engineering mechanism scenario; not operator capacity
tight,368,north,1.5,static engineering mechanism scenario; not operator capacity
tight,368,northwest,1.5,static engineering mechanism scenario; not operator capacity
tight,368,southwest,1.5,static engineering mechanism scenario; not operator capacity
tight,369,east,2.5,static engineering mechanism scenario; not operator capacity
tight,369,north,1.5,static engineering mechanism scenario; not operator capacity
tight,369,northwest,1.5,static engineering mechanism scenario; not operator capacity
tight,369,southwest,1.5,static engineering mechanism scenario; not operator capacity
tight,370,east,2.5,static engineering mechanism scenario; not operator capacity
tight,370,north,1.5,static engineering mechanism scenario; not operator capacity
tight,370,northwest,1.5,static engineering mechanism scenario; not operator capacity
tight,370,southwest,1.5,static engineering mechanism scenario; not operator capacity
tight,371,east,2.5,static engineering mechanism scenario; not operator capacity
tight,371,north,1.5,static engineering mechanism scenario; not operator capacity
tight,371,northwest,1.5,static engineering mechanism scenario; not operator capacity
tight,371,southwest,1.5,static engineering mechanism scenario; not operator capacity
tight,372,east,2.5,static engineering mechanism scenario; not operator capacity
tight,372,north,1.5,static engineering mechanism scenario; not operator capacity
tight,372,northwest,1.5,static engineering mechanism scenario; not operator capacity
tight,372,southwest,1.5,static engineering mechanism scenario; not operator capacity
tight,373,east,2.5,static engineering mechanism scenario; not operator capacity
tight,373,north,1.5,static engineering mechanism scenario; not operator capacity
tight,373,northwest,1.5,static engineering mechanism scenario; not operator capacity
tight,373,southwest,1.5,static engineering mechanism scenario; not operator capacity
tight,374,east,2.5,static engineering mechanism scenario; not operator capacity
tight,374,north,1.5,static engineering mechanism scenario; not operator capacity
tight,374,northwest,1.5,static engineering mechanism scenario; not operator capacity
tight,374,southwest,1.5,static engineering mechanism scenario; not operator capacity
tight,375,east,2.5,static engineering mechanism scenario; not operator capacity
tight,375,north,1.5,static engineering mechanism scenario; not operator capacity
tight,375,northwest,1.5,static engineering mechanism scenario; not operator capacity
tight,375,southwest,1.5,static engineering mechanism scenario; not operator capacity
tight,376,east,2.5,static engineering mechanism scenario; not operator capacity
tight,376,north,1.5,static engineering mechanism scenario; not operator capacity
tight,376,northwest,1.5,static engineering mechanism scenario; not operator capacity
tight,376,southwest,1.5,static engineering mechanism scenario; not operator capacity
tight,377,east,2.5,static engineering mechanism scenario; not operator capacity
tight,377,north,1.5,static engineering mechanism scenario; not operator capacity
tight,377,northwest,1.5,static engineering mechanism scenario; not operator capacity
tight,377,southwest,1.5,static engineering mechanism scenario; not operator capacity
tight,378,east,2.5,static engineering mechanism scenario; not operator capacity
tight,378,north,1.5,static engineering mechanism scenario; not operator capacity
tight,378,northwest,1.5,static engineering mechanism scenario; not operator capacity
tight,378,southwest,1.5,static engineering mechanism scenario; not operator capacity
tight,379,east,2.5,static engineering mechanism scenario; not operator capacity
tight,379,north,1.5,static engineering mechanism scenario; not operator capacity
tight,379,northwest,1.5,static engineering mechanism scenario; not operator capacity
tight,379,southwest,1.5,static engineering mechanism scenario; not operator capacity
tight,380,east,2.5,static engineering mechanism scenario; not operator capacity
tight,380,north,1.5,static engineering mechanism scenario; not operator capacity
tight,380,northwest,1.5,static engineering mechanism scenario; not operator capacity
tight,380,southwest,1.5,static engineering mechanism scenario; not operator capacity
tight,381,east,2.5,static engineering mechanism scenario; not operator capacity
tight,381,north,1.5,static engineering mechanism scenario; not operator capacity
tight,381,northwest,1.5,static engineering mechanism scenario; not operator capacity
tight,381,southwest,1.5,static engineering mechanism scenario; not operator capacity
tight,382,east,2.5,static engineering mechanism scenario; not operator capacity
tight,382,north,1.5,static engineering mechanism scenario; not operator capacity
tight,382,northwest,1.5,static engineering mechanism scenario; not operator capacity
tight,382,southwest,1.5,static engineering mechanism scenario; not operator capacity
tight,383,east,2.5,static engineering mechanism scenario; not operator capacity
tight,383,north,1.5,static engineering mechanism scenario; not operator capacity
tight,383,northwest,1.5,static engineering mechanism scenario; not operator capacity
tight,383,southwest,1.5,static engineering mechanism scenario; not operator capacity
tight,384,east,2.5,static engineering mechanism scenario; not operator capacity
tight,384,north,1.5,static engineering mechanism scenario; not operator capacity
tight,384,northwest,1.5,static engineering mechanism scenario; not operator capacity
tight,384,southwest,1.5,static engineering mechanism scenario; not operator capacity
tight,385,east,2.5,static engineering mechanism scenario; not operator capacity
tight,385,north,1.5,static engineering mechanism scenario; not operator capacity
tight,385,northwest,1.5,static engineering mechanism scenario; not operator capacity
tight,385,southwest,1.5,static engineering mechanism scenario; not operator capacity
tight,386,east,2.5,static engineering mechanism scenario; not operator capacity
tight,386,north,1.5,static engineering mechanism scenario; not operator capacity
tight,386,northwest,1.5,static engineering mechanism scenario; not operator capacity
tight,386,southwest,1.5,static engineering mechanism scenario; not operator capacity
tight,387,east,2.5,static engineering mechanism scenario; not operator capacity
tight,387,north,1.5,static engineering mechanism scenario; not operator capacity
tight,387,northwest,1.5,static engineering mechanism scenario; not operator capacity
tight,387,southwest,1.5,static engineering mechanism scenario; not operator capacity
tight,388,east,2.5,static engineering mechanism scenario; not operator capacity
tight,388,north,1.5,static engineering mechanism scenario; not operator capacity
tight,388,northwest,1.5,static engineering mechanism scenario; not operator capacity
tight,388,southwest,1.5,static engineering mechanism scenario; not operator capacity
tight,389,east,2.5,static engineering mechanism scenario; not operator capacity
tight,389,north,1.5,static engineering mechanism scenario; not operator capacity
tight,389,northwest,1.5,static engineering mechanism scenario; not operator capacity
tight,389,southwest,1.5,static engineering mechanism scenario; not operator capacity
tight,390,east,2.5,static engineering mechanism scenario; not operator capacity
tight,390,north,1.5,static engineering mechanism scenario; not operator capacity
tight,390,northwest,1.5,static engineering mechanism scenario; not operator capacity
tight,390,southwest,1.5,static engineering mechanism scenario; not operator capacity
tight,391,east,2.5,static engineering mechanism scenario; not operator capacity
tight,391,north,1.5,static engineering mechanism scenario; not operator capacity
tight,391,northwest,1.5,static engineering mechanism scenario; not operator capacity
tight,391,southwest,1.5,static engineering mechanism scenario; not operator capacity
tight,392,east,2.5,static engineering mechanism scenario; not operator capacity
tight,392,north,1.5,static engineering mechanism scenario; not operator capacity
tight,392,northwest,1.5,static engineering mechanism scenario; not operator capacity
tight,392,southwest,1.5,static engineering mechanism scenario; not operator capacity
tight,393,east,2.5,static engineering mechanism scenario; not operator capacity
tight,393,north,1.5,static engineering mechanism scenario; not operator capacity
tight,393,northwest,1.5,static engineering mechanism scenario; not operator capacity
tight,393,southwest,1.5,static engineering mechanism scenario; not operator capacity
tight,394,east,2.5,static engineering mechanism scenario; not operator capacity
tight,394,north,1.5,static engineering mechanism scenario; not operator capacity
tight,394,northwest,1.5,static engineering mechanism scenario; not operator capacity
tight,394,southwest,1.5,static engineering mechanism scenario; not operator capacity
tight,395,east,2.5,static engineering mechanism scenario; not operator capacity
tight,395,north,1.5,static engineering mechanism scenario; not operator capacity
tight,395,northwest,1.5,static engineering mechanism scenario; not operator capacity
tight,395,southwest,1.5,static engineering mechanism scenario; not operator capacity
tight,396,east,2.5,static engineering mechanism scenario; not operator capacity
tight,396,north,1.5,static engineering mechanism scenario; not operator capacity
tight,396,northwest,1.5,static engineering mechanism scenario; not operator capacity
tight,396,southwest,1.5,static engineering mechanism scenario; not operator capacity
tight,397,east,2.5,static engineering mechanism scenario; not operator capacity
tight,397,north,1.5,static engineering mechanism scenario; not operator capacity
tight,397,northwest,1.5,static engineering mechanism scenario; not operator capacity
tight,397,southwest,1.5,static engineering mechanism scenario; not operator capacity
tight,398,east,2.5,static engineering mechanism scenario; not operator capacity
tight,398,north,1.5,static engineering mechanism scenario; not operator capacity
tight,398,northwest,1.5,static engineering mechanism scenario; not operator capacity
tight,398,southwest,1.5,static engineering mechanism scenario; not operator capacity
tight,399,east,2.5,static engineering mechanism scenario; not operator capacity
tight,399,north,1.5,static engineering mechanism scenario; not operator capacity
tight,399,northwest,1.5,static engineering mechanism scenario; not operator capacity
tight,399,southwest,1.5,static engineering mechanism scenario; not operator capacity
tight,400,east,2.5,static engineering mechanism scenario; not operator capacity
tight,400,north,1.5,static engineering mechanism scenario; not operator capacity
tight,400,northwest,1.5,static engineering mechanism scenario; not operator capacity
tight,400,southwest,1.5,static engineering mechanism scenario; not operator capacity
tight,401,east,2.5,static engineering mechanism scenario; not operator capacity
tight,401,north,1.5,static engineering mechanism scenario; not operator capacity
tight,401,northwest,1.5,static engineering mechanism scenario; not operator capacity
tight,401,southwest,1.5,static engineering mechanism scenario; not operator capacity
tight,402,east,2.5,static engineering mechanism scenario; not operator capacity
tight,402,north,1.5,static engineering mechanism scenario; not operator capacity
tight,402,northwest,1.5,static engineering mechanism scenario; not operator capacity
tight,402,southwest,1.5,static engineering mechanism scenario; not operator capacity
tight,403,east,2.5,static engineering mechanism scenario; not operator capacity
tight,403,north,1.5,static engineering mechanism scenario; not operator capacity
tight,403,northwest,1.5,static engineering mechanism scenario; not operator capacity
tight,403,southwest,1.5,static engineering mechanism scenario; not operator capacity
tight,404,east,2.5,static engineering mechanism scenario; not operator capacity
tight,404,north,1.5,static engineering mechanism scenario; not operator capacity
tight,404,northwest,1.5,static engineering mechanism scenario; not operator capacity
tight,404,southwest,1.5,static engineering mechanism scenario; not operator capacity
tight,405,east,2.5,static engineering mechanism scenario; not operator capacity
tight,405,north,1.5,static engineering mechanism scenario; not operator capacity
tight,405,northwest,1.5,static engineering mechanism scenario; not operator capacity
tight,405,southwest,1.5,static engineering mechanism scenario; not operator capacity
tight,406,east,2.5,static engineering mechanism scenario; not operator capacity
tight,406,north,1.5,static engineering mechanism scenario; not operator capacity
tight,406,northwest,1.5,static engineering mechanism scenario; not operator capacity
tight,406,southwest,1.5,static engineering mechanism scenario; not operator capacity
tight,407,east,2.5,static engineering mechanism scenario; not operator capacity
tight,407,north,1.5,static engineering mechanism scenario; not operator capacity
tight,407,northwest,1.5,static engineering mechanism scenario; not operator capacity
tight,407,southwest,1.5,static engineering mechanism scenario; not operator capacity
tight,408,east,2.5,static engineering mechanism scenario; not operator capacity
tight,408,north,1.5,static engineering mechanism scenario; not operator capacity
tight,408,northwest,1.5,static engineering mechanism scenario; not operator capacity
tight,408,southwest,1.5,static engineering mechanism scenario; not operator capacity
tight,409,east,2.5,static engineering mechanism scenario; not operator capacity
tight,409,north,1.5,static engineering mechanism scenario; not operator capacity
tight,409,northwest,1.5,static engineering mechanism scenario; not operator capacity
tight,409,southwest,1.5,static engineering mechanism scenario; not operator capacity
tight,410,east,2.5,static engineering mechanism scenario; not operator capacity
tight,410,north,1.5,static engineering mechanism scenario; not operator capacity
tight,410,northwest,1.5,static engineering mechanism scenario; not operator capacity
tight,410,southwest,1.5,static engineering mechanism scenario; not operator capacity
tight,411,east,2.5,static engineering mechanism scenario; not operator capacity
tight,411,north,1.5,static engineering mechanism scenario; not operator capacity
tight,411,northwest,1.5,static engineering mechanism scenario; not operator capacity
tight,411,southwest,1.5,static engineering mechanism scenario; not operator capacity
tight,412,east,2.5,static engineering mechanism scenario; not operator capacity
tight,412,north,1.5,static engineering mechanism scenario; not operator capacity
tight,412,northwest,1.5,static engineering mechanism scenario; not operator capacity
tight,412,southwest,1.5,static engineering mechanism scenario; not operator capacity
tight,413,east,2.5,static engineering mechanism scenario; not operator capacity
tight,413,north,1.5,static engineering mechanism scenario; not operator capacity
tight,413,northwest,1.5,static engineering mechanism scenario; not operator capacity
tight,413,southwest,1.5,static engineering mechanism scenario; not operator capacity
tight,414,east,2.5,static engineering mechanism scenario; not operator capacity
tight,414,north,1.5,static engineering mechanism scenario; not operator capacity
tight,414,northwest,1.5,static engineering mechanism scenario; not operator capacity
tight,414,southwest,1.5,static engineering mechanism scenario; not operator capacity
tight,415,east,2.5,static engineering mechanism scenario; not operator capacity
tight,415,north,1.5,static engineering mechanism scenario; not operator capacity
tight,415,northwest,1.5,static engineering mechanism scenario; not operator capacity
tight,415,southwest,1.5,static engineering mechanism scenario; not operator capacity
tight,416,east,2.5,static engineering mechanism scenario; not operator capacity
tight,416,north,1.5,static engineering mechanism scenario; not operator capacity
tight,416,northwest,1.5,static engineering mechanism scenario; not operator capacity
tight,416,southwest,1.5,static engineering mechanism scenario; not operator capacity
tight,417,east,2.5,static engineering mechanism scenario; not operator capacity
tight,417,north,1.5,static engineering mechanism scenario; not operator capacity
tight,417,northwest,1.5,static engineering mechanism scenario; not operator capacity
tight,417,southwest,1.5,static engineering mechanism scenario; not operator capacity
tight,418,east,2.5,static engineering mechanism scenario; not operator capacity
tight,418,north,1.5,static engineering mechanism scenario; not operator capacity
tight,418,northwest,1.5,static engineering mechanism scenario; not operator capacity
tight,418,southwest,1.5,static engineering mechanism scenario; not operator capacity
tight,419,east,2.5,static engineering mechanism scenario; not operator capacity
tight,419,north,1.5,static engineering mechanism scenario; not operator capacity
tight,419,northwest,1.5,static engineering mechanism scenario; not operator capacity
tight,419,southwest,1.5,static engineering mechanism scenario; not operator capacity
tight,420,east,2.5,static engineering mechanism scenario; not operator capacity
tight,420,north,1.5,static engineering mechanism scenario; not operator capacity
tight,420,northwest,1.5,static engineering mechanism scenario; not operator capacity
tight,420,southwest,1.5,static engineering mechanism scenario; not operator capacity
tight,421,east,2.5,static engineering mechanism scenario; not operator capacity
tight,421,north,1.5,static engineering mechanism scenario; not operator capacity
tight,421,northwest,1.5,static engineering mechanism scenario; not operator capacity
tight,421,southwest,1.5,static engineering mechanism scenario; not operator capacity
tight,422,east,2.5,static engineering mechanism scenario; not operator capacity
tight,422,north,1.5,static engineering mechanism scenario; not operator capacity
tight,422,northwest,1.5,static engineering mechanism scenario; not operator capacity
tight,422,southwest,1.5,static engineering mechanism scenario; not operator capacity
tight,423,east,2.5,static engineering mechanism scenario; not operator capacity
tight,423,north,1.5,static engineering mechanism scenario; not operator capacity
tight,423,northwest,1.5,static engineering mechanism scenario; not operator capacity
tight,423,southwest,1.5,static engineering mechanism scenario; not operator capacity
tight,424,east,2.5,static engineering mechanism scenario; not operator capacity
tight,424,north,1.5,static engineering mechanism scenario; not operator capacity
tight,424,northwest,1.5,static engineering mechanism scenario; not operator capacity
tight,424,southwest,1.5,static engineering mechanism scenario; not operator capacity
tight,425,east,2.5,static engineering mechanism scenario; not operator capacity
tight,425,north,1.5,static engineering mechanism scenario; not operator capacity
tight,425,northwest,1.5,static engineering mechanism scenario; not operator capacity
tight,425,southwest,1.5,static engineering mechanism scenario; not operator capacity
tight,426,east,2.5,static engineering mechanism scenario; not operator capacity
tight,426,north,1.5,static engineering mechanism scenario; not operator capacity
tight,426,northwest,1.5,static engineering mechanism scenario; not operator capacity
tight,426,southwest,1.5,static engineering mechanism scenario; not operator capacity
tight,427,east,2.5,static engineering mechanism scenario; not operator capacity
tight,427,north,1.5,static engineering mechanism scenario; not operator capacity
tight,427,northwest,1.5,static engineering mechanism scenario; not operator capacity
tight,427,southwest,1.5,static engineering mechanism scenario; not operator capacity
tight,428,east,2.5,static engineering mechanism scenario; not operator capacity
tight,428,north,1.5,static engineering mechanism scenario; not operator capacity
tight,428,northwest,1.5,static engineering mechanism scenario; not operator capacity
tight,428,southwest,1.5,static engineering mechanism scenario; not operator capacity
tight,429,east,2.5,static engineering mechanism scenario; not operator capacity
tight,429,north,1.5,static engineering mechanism scenario; not operator capacity
tight,429,northwest,1.5,static engineering mechanism scenario; not operator capacity
tight,429,southwest,1.5,static engineering mechanism scenario; not operator capacity
tight,430,east,2.5,static engineering mechanism scenario; not operator capacity
tight,430,north,1.5,static engineering mechanism scenario; not operator capacity
tight,430,northwest,1.5,static engineering mechanism scenario; not operator capacity
tight,430,southwest,1.5,static engineering mechanism scenario; not operator capacity
tight,431,east,2.5,static engineering mechanism scenario; not operator capacity
tight,431,north,1.5,static engineering mechanism scenario; not operator capacity
tight,431,northwest,1.5,static engineering mechanism scenario; not operator capacity
tight,431,southwest,1.5,static engineering mechanism scenario; not operator capacity
tight,432,east,2.5,static engineering mechanism scenario; not operator capacity
tight,432,north,1.5,static engineering mechanism scenario; not operator capacity
tight,432,northwest,1.5,static engineering mechanism scenario; not operator capacity
tight,432,southwest,1.5,static engineering mechanism scenario; not operator capacity
tight,433,east,2.5,static engineering mechanism scenario; not operator capacity
tight,433,north,1.5,static engineering mechanism scenario; not operator capacity
tight,433,northwest,1.5,static engineering mechanism scenario; not operator capacity
tight,433,southwest,1.5,static engineering mechanism scenario; not operator capacity
tight,434,east,2.5,static engineering mechanism scenario; not operator capacity
tight,434,north,1.5,static engineering mechanism scenario; not operator capacity
tight,434,northwest,1.5,static engineering mechanism scenario; not operator capacity
tight,434,southwest,1.5,static engineering mechanism scenario; not operator capacity
tight,435,east,2.5,static engineering mechanism scenario; not operator capacity
tight,435,north,1.5,static engineering mechanism scenario; not operator capacity
tight,435,northwest,1.5,static engineering mechanism scenario; not operator capacity
tight,435,southwest,1.5,static engineering mechanism scenario; not operator capacity
tight,436,east,2.5,static engineering mechanism scenario; not operator capacity
tight,436,north,1.5,static engineering mechanism scenario; not operator capacity
tight,436,northwest,1.5,static engineering mechanism scenario; not operator capacity
tight,436,southwest,1.5,static engineering mechanism scenario; not operator capacity
tight,437,east,2.5,static engineering mechanism scenario; not operator capacity
tight,437,north,1.5,static engineering mechanism scenario; not operator capacity
tight,437,northwest,1.5,static engineering mechanism scenario; not operator capacity
tight,437,southwest,1.5,static engineering mechanism scenario; not operator capacity
tight,438,east,2.5,static engineering mechanism scenario; not operator capacity
tight,438,north,1.5,static engineering mechanism scenario; not operator capacity
tight,438,northwest,1.5,static engineering mechanism scenario; not operator capacity
tight,438,southwest,1.5,static engineering mechanism scenario; not operator capacity
tight,439,east,2.5,static engineering mechanism scenario; not operator capacity
tight,439,north,1.5,static engineering mechanism scenario; not operator capacity
tight,439,northwest,1.5,static engineering mechanism scenario; not operator capacity
tight,439,southwest,1.5,static engineering mechanism scenario; not operator capacity
tight,440,east,2.5,static engineering mechanism scenario; not operator capacity
tight,440,north,1.5,static engineering mechanism scenario; not operator capacity
tight,440,northwest,1.5,static engineering mechanism scenario; not operator capacity
tight,440,southwest,1.5,static engineering mechanism scenario; not operator capacity
tight,441,east,2.5,static engineering mechanism scenario; not operator capacity
tight,441,north,1.5,static engineering mechanism scenario; not operator capacity
tight,441,northwest,1.5,static engineering mechanism scenario; not operator capacity
tight,441,southwest,1.5,static engineering mechanism scenario; not operator capacity
tight,442,east,2.5,static engineering mechanism scenario; not operator capacity
tight,442,north,1.5,static engineering mechanism scenario; not operator capacity
tight,442,northwest,1.5,static engineering mechanism scenario; not operator capacity
tight,442,southwest,1.5,static engineering mechanism scenario; not operator capacity
tight,443,east,2.5,static engineering mechanism scenario; not operator capacity
tight,443,north,1.5,static engineering mechanism scenario; not operator capacity
tight,443,northwest,1.5,static engineering mechanism scenario; not operator capacity
tight,443,southwest,1.5,static engineering mechanism scenario; not operator capacity
tight,444,east,2.5,static engineering mechanism scenario; not operator capacity
tight,444,north,1.5,static engineering mechanism scenario; not operator capacity
tight,444,northwest,1.5,static engineering mechanism scenario; not operator capacity
tight,444,southwest,1.5,static engineering mechanism scenario; not operator capacity
tight,445,east,2.5,static engineering mechanism scenario; not operator capacity
tight,445,north,1.5,static engineering mechanism scenario; not operator capacity
tight,445,northwest,1.5,static engineering mechanism scenario; not operator capacity
tight,445,southwest,1.5,static engineering mechanism scenario; not operator capacity
tight,446,east,2.5,static engineering mechanism scenario; not operator capacity
tight,446,north,1.5,static engineering mechanism scenario; not operator capacity
tight,446,northwest,1.5,static engineering mechanism scenario; not operator capacity
tight,446,southwest,1.5,static engineering mechanism scenario; not operator capacity
tight,447,east,2.5,static engineering mechanism scenario; not operator capacity
tight,447,north,1.5,static engineering mechanism scenario; not operator capacity
tight,447,northwest,1.5,static engineering mechanism scenario; not operator capacity
tight,447,southwest,1.5,static engineering mechanism scenario; not operator capacity
tight,448,east,2.5,static engineering mechanism scenario; not operator capacity
tight,448,north,1.5,static engineering mechanism scenario; not operator capacity
tight,448,northwest,1.5,static engineering mechanism scenario; not operator capacity
tight,448,southwest,1.5,static engineering mechanism scenario; not operator capacity
tight,449,east,2.5,static engineering mechanism scenario; not operator capacity
tight,449,north,1.5,static engineering mechanism scenario; not operator capacity
tight,449,northwest,1.5,static engineering mechanism scenario; not operator capacity
tight,449,southwest,1.5,static engineering mechanism scenario; not operator capacity
tight,450,east,2.5,static engineering mechanism scenario; not operator capacity
tight,450,north,1.5,static engineering mechanism scenario; not operator capacity
tight,450,northwest,1.5,static engineering mechanism scenario; not operator capacity
tight,450,southwest,1.5,static engineering mechanism scenario; not operator capacity
tight,451,east,2.5,static engineering mechanism scenario; not operator capacity
tight,451,north,1.5,static engineering mechanism scenario; not operator capacity
tight,451,northwest,1.5,static engineering mechanism scenario; not operator capacity
tight,451,southwest,1.5,static engineering mechanism scenario; not operator capacity
tight,452,east,2.5,static engineering mechanism scenario; not operator capacity
tight,452,north,1.5,static engineering mechanism scenario; not operator capacity
tight,452,northwest,1.5,static engineering mechanism scenario; not operator capacity
tight,452,southwest,1.5,static engineering mechanism scenario; not operator capacity
tight,453,east,2.5,static engineering mechanism scenario; not operator capacity
tight,453,north,1.5,static engineering mechanism scenario; not operator capacity
tight,453,northwest,1.5,static engineering mechanism scenario; not operator capacity
tight,453,southwest,1.5,static engineering mechanism scenario; not operator capacity
tight,454,east,2.5,static engineering mechanism scenario; not operator capacity
tight,454,north,1.5,static engineering mechanism scenario; not operator capacity
tight,454,northwest,1.5,static engineering mechanism scenario; not operator capacity
tight,454,southwest,1.5,static engineering mechanism scenario; not operator capacity
tight,455,east,2.5,static engineering mechanism scenario; not operator capacity
tight,455,north,1.5,static engineering mechanism scenario; not operator capacity
tight,455,northwest,1.5,static engineering mechanism scenario; not operator capacity
tight,455,southwest,1.5,static engineering mechanism scenario; not operator capacity
tight,456,east,2.5,static engineering mechanism scenario; not operator capacity
tight,456,north,1.5,static engineering mechanism scenario; not operator capacity
tight,456,northwest,1.5,static engineering mechanism scenario; not operator capacity
tight,456,southwest,1.5,static engineering mechanism scenario; not operator capacity
tight,457,east,2.5,static engineering mechanism scenario; not operator capacity
tight,457,north,1.5,static engineering mechanism scenario; not operator capacity
tight,457,northwest,1.5,static engineering mechanism scenario; not operator capacity
tight,457,southwest,1.5,static engineering mechanism scenario; not operator capacity
tight,458,east,2.5,static engineering mechanism scenario; not operator capacity
tight,458,north,1.5,static engineering mechanism scenario; not operator capacity
tight,458,northwest,1.5,static engineering mechanism scenario; not operator capacity
tight,458,southwest,1.5,static engineering mechanism scenario; not operator capacity
tight,459,east,2.5,static engineering mechanism scenario; not operator capacity
tight,459,north,1.5,static engineering mechanism scenario; not operator capacity
tight,459,northwest,1.5,static engineering mechanism scenario; not operator capacity
tight,459,southwest,1.5,static engineering mechanism scenario; not operator capacity
tight,460,east,2.5,static engineering mechanism scenario; not operator capacity
tight,460,north,1.5,static engineering mechanism scenario; not operator capacity
tight,460,northwest,1.5,static engineering mechanism scenario; not operator capacity
tight,460,southwest,1.5,static engineering mechanism scenario; not operator capacity
tight,461,east,2.5,static engineering mechanism scenario; not operator capacity
tight,461,north,1.5,static engineering mechanism scenario; not operator capacity
tight,461,northwest,1.5,static engineering mechanism scenario; not operator capacity
tight,461,southwest,1.5,static engineering mechanism scenario; not operator capacity
tight,462,east,2.5,static engineering mechanism scenario; not operator capacity
tight,462,north,1.5,static engineering mechanism scenario; not operator capacity
tight,462,northwest,1.5,static engineering mechanism scenario; not operator capacity
tight,462,southwest,1.5,static engineering mechanism scenario; not operator capacity
tight,463,east,2.5,static engineering mechanism scenario; not operator capacity
tight,463,north,1.5,static engineering mechanism scenario; not operator capacity
tight,463,northwest,1.5,static engineering mechanism scenario; not operator capacity
tight,463,southwest,1.5,static engineering mechanism scenario; not operator capacity
tight,464,east,2.5,static engineering mechanism scenario; not operator capacity
tight,464,north,1.5,static engineering mechanism scenario; not operator capacity
tight,464,northwest,1.5,static engineering mechanism scenario; not operator capacity
tight,464,southwest,1.5,static engineering mechanism scenario; not operator capacity
tight,465,east,2.5,static engineering mechanism scenario; not operator capacity
tight,465,north,1.5,static engineering mechanism scenario; not operator capacity
tight,465,northwest,1.5,static engineering mechanism scenario; not operator capacity
tight,465,southwest,1.5,static engineering mechanism scenario; not operator capacity
tight,466,east,2.5,static engineering mechanism scenario; not operator capacity
tight,466,north,1.5,static engineering mechanism scenario; not operator capacity
tight,466,northwest,1.5,static engineering mechanism scenario; not operator capacity
tight,466,southwest,1.5,static engineering mechanism scenario; not operator capacity
tight,467,east,2.5,static engineering mechanism scenario; not operator capacity
tight,467,north,1.5,static engineering mechanism scenario; not operator capacity
tight,467,northwest,1.5,static engineering mechanism scenario; not operator capacity
tight,467,southwest,1.5,static engineering mechanism scenario; not operator capacity
tight,468,east,2.5,static engineering mechanism scenario; not operator capacity
tight,468,north,1.5,static engineering mechanism scenario; not operator capacity
tight,468,northwest,1.5,static engineering mechanism scenario; not operator capacity
tight,468,southwest,1.5,static engineering mechanism scenario; not operator capacity
tight,469,east,2.5,static engineering mechanism scenario; not operator capacity
tight,469,north,1.5,static engineering mechanism scenario; not operator capacity
tight,469,northwest,1.5,static engineering mechanism scenario; not operator capacity
tight,469,southwest,1.5,static engineering mechanism scenario; not operator capacity
tight,470,east,2.5,static engineering mechanism scenario; not operator capacity
tight,470,north,1.5,static engineering mechanism scenario; not operator capacity
tight,470,northwest,1.5,static engineering mechanism scenario; not operator capacity
tight,470,southwest,1.5,static engineering mechanism scenario; not operator capacity
tight,471,east,2.5,static engineering mechanism scenario; not operator capacity
tight,471,north,1.5,static engineering mechanism scenario; not operator capacity
tight,471,northwest,1.5,static engineering mechanism scenario; not operator capacity
tight,471,southwest,1.5,static engineering mechanism scenario; not operator capacity
tight,472,east,2.5,static engineering mechanism scenario; not operator capacity
tight,472,north,1.5,static engineering mechanism scenario; not operator capacity
tight,472,northwest,1.5,static engineering mechanism scenario; not operator capacity
tight,472,southwest,1.5,static engineering mechanism scenario; not operator capacity
tight,473,east,2.5,static engineering mechanism scenario; not operator capacity
tight,473,north,1.5,static engineering mechanism scenario; not operator capacity
tight,473,northwest,1.5,static engineering mechanism scenario; not operator capacity
tight,473,southwest,1.5,static engineering mechanism scenario; not operator capacity
tight,474,east,2.5,static engineering mechanism scenario; not operator capacity
tight,474,north,1.5,static engineering mechanism scenario; not operator capacity
tight,474,northwest,1.5,static engineering mechanism scenario; not operator capacity
tight,474,southwest,1.5,static engineering mechanism scenario; not operator capacity
tight,475,east,2.5,static engineering mechanism scenario; not operator capacity
tight,475,north,1.5,static engineering mechanism scenario; not operator capacity
tight,475,northwest,1.5,static engineering mechanism scenario; not operator capacity
tight,475,southwest,1.5,static engineering mechanism scenario; not operator capacity
tight,476,east,2.5,static engineering mechanism scenario; not operator capacity
tight,476,north,1.5,static engineering mechanism scenario; not operator capacity
tight,476,northwest,1.5,static engineering mechanism scenario; not operator capacity
tight,476,southwest,1.5,static engineering mechanism scenario; not operator capacity
tight,477,east,2.5,static engineering mechanism scenario; not operator capacity
tight,477,north,1.5,static engineering mechanism scenario; not operator capacity
tight,477,northwest,1.5,static engineering mechanism scenario; not operator capacity
tight,477,southwest,1.5,static engineering mechanism scenario; not operator capacity
tight,478,east,2.5,static engineering mechanism scenario; not operator capacity
tight,478,north,1.5,static engineering mechanism scenario; not operator capacity
tight,478,northwest,1.5,static engineering mechanism scenario; not operator capacity
tight,478,southwest,1.5,static engineering mechanism scenario; not operator capacity
tight,479,east,2.5,static engineering mechanism scenario; not operator capacity
tight,479,north,1.5,static engineering mechanism scenario; not operator capacity
tight,479,northwest,1.5,static engineering mechanism scenario; not operator capacity
tight,479,southwest,1.5,static engineering mechanism scenario; not operator capacity
tight,480,east,2.5,static engineering mechanism scenario; not operator capacity
tight,480,north,1.5,static engineering mechanism scenario; not operator capacity
tight,480,northwest,1.5,static engineering mechanism scenario; not operator capacity
tight,480,southwest,1.5,static engineering mechanism scenario; not operator capacity
tight,481,east,2.5,static engineering mechanism scenario; not operator capacity
tight,481,north,1.5,static engineering mechanism scenario; not operator capacity
tight,481,northwest,1.5,static engineering mechanism scenario; not operator capacity
tight,481,southwest,1.5,static engineering mechanism scenario; not operator capacity
tight,482,east,2.5,static engineering mechanism scenario; not operator capacity
tight,482,north,1.5,static engineering mechanism scenario; not operator capacity
tight,482,northwest,1.5,static engineering mechanism scenario; not operator capacity
tight,482,southwest,1.5,static engineering mechanism scenario; not operator capacity
tight,483,east,2.5,static engineering mechanism scenario; not operator capacity
tight,483,north,1.5,static engineering mechanism scenario; not operator capacity
tight,483,northwest,1.5,static engineering mechanism scenario; not operator capacity
tight,483,southwest,1.5,static engineering mechanism scenario; not operator capacity
tight,484,east,2.5,static engineering mechanism scenario; not operator capacity
tight,484,north,1.5,static engineering mechanism scenario; not operator capacity
tight,484,northwest,1.5,static engineering mechanism scenario; not operator capacity
tight,484,southwest,1.5,static engineering mechanism scenario; not operator capacity
tight,485,east,2.5,static engineering mechanism scenario; not operator capacity
tight,485,north,1.5,static engineering mechanism scenario; not operator capacity
tight,485,northwest,1.5,static engineering mechanism scenario; not operator capacity
tight,485,southwest,1.5,static engineering mechanism scenario; not operator capacity
tight,486,east,2.5,static engineering mechanism scenario; not operator capacity
tight,486,north,1.5,static engineering mechanism scenario; not operator capacity
tight,486,northwest,1.5,static engineering mechanism scenario; not operator capacity
tight,486,southwest,1.5,static engineering mechanism scenario; not operator capacity
tight,487,east,2.5,static engineering mechanism scenario; not operator capacity
tight,487,north,1.5,static engineering mechanism scenario; not operator capacity
tight,487,northwest,1.5,static engineering mechanism scenario; not operator capacity
tight,487,southwest,1.5,static engineering mechanism scenario; not operator capacity
tight,488,east,2.5,static engineering mechanism scenario; not operator capacity
tight,488,north,1.5,static engineering mechanism scenario; not operator capacity
tight,488,northwest,1.5,static engineering mechanism scenario; not operator capacity
tight,488,southwest,1.5,static engineering mechanism scenario; not operator capacity
tight,489,east,2.5,static engineering mechanism scenario; not operator capacity
tight,489,north,1.5,static engineering mechanism scenario; not operator capacity
tight,489,northwest,1.5,static engineering mechanism scenario; not operator capacity
tight,489,southwest,1.5,static engineering mechanism scenario; not operator capacity
tight,490,east,2.5,static engineering mechanism scenario; not operator capacity
tight,490,north,1.5,static engineering mechanism scenario; not operator capacity
tight,490,northwest,1.5,static engineering mechanism scenario; not operator capacity
tight,490,southwest,1.5,static engineering mechanism scenario; not operator capacity
tight,491,east,2.5,static engineering mechanism scenario; not operator capacity
tight,491,north,1.5,static engineering mechanism scenario; not operator capacity
tight,491,northwest,1.5,static engineering mechanism scenario; not operator capacity
tight,491,southwest,1.5,static engineering mechanism scenario; not operator capacity
tight,492,east,2.5,static engineering mechanism scenario; not operator capacity
tight,492,north,1.5,static engineering mechanism scenario; not operator capacity
tight,492,northwest,1.5,static engineering mechanism scenario; not operator capacity
tight,492,southwest,1.5,static engineering mechanism scenario; not operator capacity
tight,493,east,2.5,static engineering mechanism scenario; not operator capacity
tight,493,north,1.5,static engineering mechanism scenario; not operator capacity
tight,493,northwest,1.5,static engineering mechanism scenario; not operator capacity
tight,493,southwest,1.5,static engineering mechanism scenario; not operator capacity
tight,494,east,2.5,static engineering mechanism scenario; not operator capacity
tight,494,north,1.5,static engineering mechanism scenario; not operator capacity
tight,494,northwest,1.5,static engineering mechanism scenario; not operator capacity
tight,494,southwest,1.5,static engineering mechanism scenario; not operator capacity
tight,495,east,2.5,static engineering mechanism scenario; not operator capacity
tight,495,north,1.5,static engineering mechanism scenario; not operator capacity
tight,495,northwest,1.5,static engineering mechanism scenario; not operator capacity
tight,495,southwest,1.5,static engineering mechanism scenario; not operator capacity
tight,496,east,2.5,static engineering mechanism scenario; not operator capacity
tight,496,north,1.5,static engineering mechanism scenario; not operator capacity
tight,496,northwest,1.5,static engineering mechanism scenario; not operator capacity
tight,496,southwest,1.5,static engineering mechanism scenario; not operator capacity
tight,497,east,2.5,static engineering mechanism scenario; not operator capacity
tight,497,north,1.5,static engineering mechanism scenario; not operator capacity
tight,497,northwest,1.5,static engineering mechanism scenario; not operator capacity
tight,497,southwest,1.5,static engineering mechanism scenario; not operator capacity
tight,498,east,2.5,static engineering mechanism scenario; not operator capacity
tight,498,north,1.5,static engineering mechanism scenario; not operator capacity
tight,498,northwest,1.5,static engineering mechanism scenario; not operator capacity
tight,498,southwest,1.5,static engineering mechanism scenario; not operator capacity
tight,499,east,2.5,static engineering mechanism scenario; not operator capacity
tight,499,north,1.5,static engineering mechanism scenario; not operator capacity
tight,499,northwest,1.5,static engineering mechanism scenario; not operator capacity
tight,499,southwest,1.5,static engineering mechanism scenario; not operator capacity
tight,500,east,2.5,static engineering mechanism scenario; not operator capacity
tight,500,north,1.5,static engineering mechanism scenario; not operator capacity
tight,500,northwest,1.5,static engineering mechanism scenario; not operator capacity
tight,500,southwest,1.5,static engineering mechanism scenario; not operator capacity
tight,501,east,2.5,static engineering mechanism scenario; not operator capacity
tight,501,north,1.5,static engineering mechanism scenario; not operator capacity
tight,501,northwest,1.5,static engineering mechanism scenario; not operator capacity
tight,501,southwest,1.5,static engineering mechanism scenario; not operator capacity
tight,502,east,2.5,static engineering mechanism scenario; not operator capacity
tight,502,north,1.5,static engineering mechanism scenario; not operator capacity
tight,502,northwest,1.5,static engineering mechanism scenario; not operator capacity
tight,502,southwest,1.5,static engineering mechanism scenario; not operator capacity
tight,503,east,2.5,static engineering mechanism scenario; not operator capacity
tight,503,north,1.5,static engineering mechanism scenario; not operator capacity
tight,503,northwest,1.5,static engineering mechanism scenario; not operator capacity
tight,503,southwest,1.5,static engineering mechanism scenario; not operator capacity
tight,504,east,2.5,static engineering mechanism scenario; not operator capacity
tight,504,north,1.5,static engineering mechanism scenario; not operator capacity
tight,504,northwest,1.5,static engineering mechanism scenario; not operator capacity
tight,504,southwest,1.5,static engineering mechanism scenario; not operator capacity
tight,505,east,2.5,static engineering mechanism scenario; not operator capacity
tight,505,north,1.5,static engineering mechanism scenario; not operator capacity
tight,505,northwest,1.5,static engineering mechanism scenario; not operator capacity
tight,505,southwest,1.5,static engineering mechanism scenario; not operator capacity
tight,506,east,2.5,static engineering mechanism scenario; not operator capacity
tight,506,north,1.5,static engineering mechanism scenario; not operator capacity
tight,506,northwest,1.5,static engineering mechanism scenario; not operator capacity
tight,506,southwest,1.5,static engineering mechanism scenario; not operator capacity
tight,507,east,2.5,static engineering mechanism scenario; not operator capacity
tight,507,north,1.5,static engineering mechanism scenario; not operator capacity
tight,507,northwest,1.5,static engineering mechanism scenario; not operator capacity
tight,507,southwest,1.5,static engineering mechanism scenario; not operator capacity
tight,508,east,2.5,static engineering mechanism scenario; not operator capacity
tight,508,north,1.5,static engineering mechanism scenario; not operator capacity
tight,508,northwest,1.5,static engineering mechanism scenario; not operator capacity
tight,508,southwest,1.5,static engineering mechanism scenario; not operator capacity
tight,509,east,2.5,static engineering mechanism scenario; not operator capacity
tight,509,north,1.5,static engineering mechanism scenario; not operator capacity
tight,509,northwest,1.5,static engineering mechanism scenario; not operator capacity
tight,509,southwest,1.5,static engineering mechanism scenario; not operator capacity
tight,510,east,2.5,static engineering mechanism scenario; not operator capacity
tight,510,north,1.5,static engineering mechanism scenario; not operator capacity
tight,510,northwest,1.5,static engineering mechanism scenario; not operator capacity
tight,510,southwest,1.5,static engineering mechanism scenario; not operator capacity
tight,511,east,2.5,static engineering mechanism scenario; not operator capacity
tight,511,north,1.5,static engineering mechanism scenario; not operator capacity
tight,511,northwest,1.5,static engineering mechanism scenario; not operator capacity
tight,511,southwest,1.5,static engineering mechanism scenario; not operator capacity
tight,512,east,2.5,static engineering mechanism scenario; not operator capacity
tight,512,north,1.5,static engineering mechanism scenario; not operator capacity
tight,512,northwest,1.5,static engineering mechanism scenario; not operator capacity
tight,512,southwest,1.5,static engineering mechanism scenario; not operator capacity
tight,513,east,2.5,static engineering mechanism scenario; not operator capacity
tight,513,north,1.5,static engineering mechanism scenario; not operator capacity
tight,513,northwest,1.5,static engineering mechanism scenario; not operator capacity
tight,513,southwest,1.5,static engineering mechanism scenario; not operator capacity
tight,514,east,2.5,static engineering mechanism scenario; not operator capacity
tight,514,north,1.5,static engineering mechanism scenario; not operator capacity
tight,514,northwest,1.5,static engineering mechanism scenario; not operator capacity
tight,514,southwest,1.5,static engineering mechanism scenario; not operator capacity
tight,515,east,2.5,static engineering mechanism scenario; not operator capacity
tight,515,north,1.5,static engineering mechanism scenario; not operator capacity
tight,515,northwest,1.5,static engineering mechanism scenario; not operator capacity
tight,515,southwest,1.5,static engineering mechanism scenario; not operator capacity
tight,516,east,2.5,static engineering mechanism scenario; not operator capacity
tight,516,north,1.5,static engineering mechanism scenario; not operator capacity
tight,516,northwest,1.5,static engineering mechanism scenario; not operator capacity
tight,516,southwest,1.5,static engineering mechanism scenario; not operator capacity
tight,517,east,2.5,static engineering mechanism scenario; not operator capacity
tight,517,north,1.5,static engineering mechanism scenario; not operator capacity
tight,517,northwest,1.5,static engineering mechanism scenario; not operator capacity
tight,517,southwest,1.5,static engineering mechanism scenario; not operator capacity
tight,518,east,2.5,static engineering mechanism scenario; not operator capacity
tight,518,north,1.5,static engineering mechanism scenario; not operator capacity
tight,518,northwest,1.5,static engineering mechanism scenario; not operator capacity
tight,518,southwest,1.5,static engineering mechanism scenario; not operator capacity
tight,519,east,2.5,static engineering mechanism scenario; not operator capacity
tight,519,north,1.5,static engineering mechanism scenario; not operator capacity
tight,519,northwest,1.5,static engineering mechanism scenario; not operator capacity
tight,519,southwest,1.5,static engineering mechanism scenario; not operator capacity
tight,520,east,2.5,static engineering mechanism scenario; not operator capacity
tight,520,north,1.5,static engineering mechanism scenario; not operator capacity
tight,520,northwest,1.5,static engineering mechanism scenario; not operator capacity
tight,520,southwest,1.5,static engineering mechanism scenario; not operator capacity
tight,521,east,2.5,static engineering mechanism scenario; not operator capacity
tight,521,north,1.5,static engineering mechanism scenario; not operator capacity
tight,521,northwest,1.5,static engineering mechanism scenario; not operator capacity
tight,521,southwest,1.5,static engineering mechanism scenario; not operator capacity
tight,522,east,2.5,static engineering mechanism scenario; not operator capacity
tight,522,north,1.5,static engineering mechanism scenario; not operator capacity
tight,522,northwest,1.5,static engineering mechanism scenario; not operator capacity
tight,522,southwest,1.5,static engineering mechanism scenario; not operator capacity
tight,523,east,2.5,static engineering mechanism scenario; not operator capacity
tight,523,north,1.5,static engineering mechanism scenario; not operator capacity
tight,523,northwest,1.5,static engineering mechanism scenario; not operator capacity
tight,523,southwest,1.5,static engineering mechanism scenario; not operator capacity
tight,524,east,2.5,static engineering mechanism scenario; not operator capacity
tight,524,north,1.5,static engineering mechanism scenario; not operator capacity
tight,524,northwest,1.5,static engineering mechanism scenario; not operator capacity
tight,524,southwest,1.5,static engineering mechanism scenario; not operator capacity
tight,525,east,2.5,static engineering mechanism scenario; not operator capacity
tight,525,north,1.5,static engineering mechanism scenario; not operator capacity
tight,525,northwest,1.5,static engineering mechanism scenario; not operator capacity
tight,525,southwest,1.5,static engineering mechanism scenario; not operator capacity
tight,526,east,2.5,static engineering mechanism scenario; not operator capacity
tight,526,north,1.5,static engineering mechanism scenario; not operator capacity
tight,526,northwest,1.5,static engineering mechanism scenario; not operator capacity
tight,526,southwest,1.5,static engineering mechanism scenario; not operator capacity
tight,527,east,2.5,static engineering mechanism scenario; not operator capacity
tight,527,north,1.5,static engineering mechanism scenario; not operator capacity
tight,527,northwest,1.5,static engineering mechanism scenario; not operator capacity
tight,527,southwest,1.5,static engineering mechanism scenario; not operator capacity
tight,528,east,2.5,static engineering mechanism scenario; not operator capacity
tight,528,north,1.5,static engineering mechanism scenario; not operator capacity
tight,528,northwest,1.5,static engineering mechanism scenario; not operator capacity
tight,528,southwest,1.5,static engineering mechanism scenario; not operator capacity
tight,529,east,2.5,static engineering mechanism scenario; not operator capacity
tight,529,north,1.5,static engineering mechanism scenario; not operator capacity
tight,529,northwest,1.5,static engineering mechanism scenario; not operator capacity
tight,529,southwest,1.5,static engineering mechanism scenario; not operator capacity
tight,530,east,2.5,static engineering mechanism scenario; not operator capacity
tight,530,north,1.5,static engineering mechanism scenario; not operator capacity
tight,530,northwest,1.5,static engineering mechanism scenario; not operator capacity
tight,530,southwest,1.5,static engineering mechanism scenario; not operator capacity
tight,531,east,2.5,static engineering mechanism scenario; not operator capacity
tight,531,north,1.5,static engineering mechanism scenario; not operator capacity
tight,531,northwest,1.5,static engineering mechanism scenario; not operator capacity
tight,531,southwest,1.5,static engineering mechanism scenario; not operator capacity
tight,532,east,2.5,static engineering mechanism scenario; not operator capacity
tight,532,north,1.5,static engineering mechanism scenario; not operator capacity
tight,532,northwest,1.5,static engineering mechanism scenario; not operator capacity
tight,532,southwest,1.5,static engineering mechanism scenario; not operator capacity
tight,533,east,2.5,static engineering mechanism scenario; not operator capacity
tight,533,north,1.5,static engineering mechanism scenario; not operator capacity
tight,533,northwest,1.5,static engineering mechanism scenario; not operator capacity
tight,533,southwest,1.5,static engineering mechanism scenario; not operator capacity
tight,534,east,2.5,static engineering mechanism scenario; not operator capacity
tight,534,north,1.5,static engineering mechanism scenario; not operator capacity
tight,534,northwest,1.5,static engineering mechanism scenario; not operator capacity
tight,534,southwest,1.5,static engineering mechanism scenario; not operator capacity
tight,535,east,2.5,static engineering mechanism scenario; not operator capacity
tight,535,north,1.5,static engineering mechanism scenario; not operator capacity
tight,535,northwest,1.5,static engineering mechanism scenario; not operator capacity
tight,535,southwest,1.5,static engineering mechanism scenario; not operator capacity
tight,536,east,2.5,static engineering mechanism scenario; not operator capacity
tight,536,north,1.5,static engineering mechanism scenario; not operator capacity
tight,536,northwest,1.5,static engineering mechanism scenario; not operator capacity
tight,536,southwest,1.5,static engineering mechanism scenario; not operator capacity
tight,537,east,2.5,static engineering mechanism scenario; not operator capacity
tight,537,north,1.5,static engineering mechanism scenario; not operator capacity
tight,537,northwest,1.5,static engineering mechanism scenario; not operator capacity
tight,537,southwest,1.5,static engineering mechanism scenario; not operator capacity
tight,538,east,2.5,static engineering mechanism scenario; not operator capacity
tight,538,north,1.5,static engineering mechanism scenario; not operator capacity
tight,538,northwest,1.5,static engineering mechanism scenario; not operator capacity
tight,538,southwest,1.5,static engineering mechanism scenario; not operator capacity
tight,539,east,2.5,static engineering mechanism scenario; not operator capacity
tight,539,north,1.5,static engineering mechanism scenario; not operator capacity
tight,539,northwest,1.5,static engineering mechanism scenario; not operator capacity
tight,539,southwest,1.5,static engineering mechanism scenario; not operator capacity
tight,540,east,2.5,static engineering mechanism scenario; not operator capacity
tight,540,north,1.5,static engineering mechanism scenario; not operator capacity
tight,540,northwest,1.5,static engineering mechanism scenario; not operator capacity
tight,540,southwest,1.5,static engineering mechanism scenario; not operator capacity
tight,541,east,2.5,static engineering mechanism scenario; not operator capacity
tight,541,north,1.5,static engineering mechanism scenario; not operator capacity
tight,541,northwest,1.5,static engineering mechanism scenario; not operator capacity
tight,541,southwest,1.5,static engineering mechanism scenario; not operator capacity
tight,542,east,2.5,static engineering mechanism scenario; not operator capacity
tight,542,north,1.5,static engineering mechanism scenario; not operator capacity
tight,542,northwest,1.5,static engineering mechanism scenario; not operator capacity
tight,542,southwest,1.5,static engineering mechanism scenario; not operator capacity
tight,543,east,2.5,static engineering mechanism scenario; not operator capacity
tight,543,north,1.5,static engineering mechanism scenario; not operator capacity
tight,543,northwest,1.5,static engineering mechanism scenario; not operator capacity
tight,543,southwest,1.5,static engineering mechanism scenario; not operator capacity
tight,544,east,2.5,static engineering mechanism scenario; not operator capacity
tight,544,north,1.5,static engineering mechanism scenario; not operator capacity
tight,544,northwest,1.5,static engineering mechanism scenario; not operator capacity
tight,544,southwest,1.5,static engineering mechanism scenario; not operator capacity
tight,545,east,2.5,static engineering mechanism scenario; not operator capacity
tight,545,north,1.5,static engineering mechanism scenario; not operator capacity
tight,545,northwest,1.5,static engineering mechanism scenario; not operator capacity
tight,545,southwest,1.5,static engineering mechanism scenario; not operator capacity
tight,546,east,2.5,static engineering mechanism scenario; not operator capacity
tight,546,north,1.5,static engineering mechanism scenario; not operator capacity
tight,546,northwest,1.5,static engineering mechanism scenario; not operator capacity
tight,546,southwest,1.5,static engineering mechanism scenario; not operator capacity
tight,547,east,2.5,static engineering mechanism scenario; not operator capacity
tight,547,north,1.5,static engineering mechanism scenario; not operator capacity
tight,547,northwest,1.5,static engineering mechanism scenario; not operator capacity
tight,547,southwest,1.5,static engineering mechanism scenario; not operator capacity
tight,548,east,2.5,static engineering mechanism scenario; not operator capacity
tight,548,north,1.5,static engineering mechanism scenario; not operator capacity
tight,548,northwest,1.5,static engineering mechanism scenario; not operator capacity
tight,548,southwest,1.5,static engineering mechanism scenario; not operator capacity
tight,549,east,2.5,static engineering mechanism scenario; not operator capacity
tight,549,north,1.5,static engineering mechanism scenario; not operator capacity
tight,549,northwest,1.5,static engineering mechanism scenario; not operator capacity
tight,549,southwest,1.5,static engineering mechanism scenario; not operator capacity
tight,550,east,2.5,static engineering mechanism scenario; not operator capacity
tight,550,north,1.5,static engineering mechanism scenario; not operator capacity
tight,550,northwest,1.5,static engineering mechanism scenario; not operator capacity
tight,550,southwest,1.5,static engineering mechanism scenario; not operator capacity
tight,551,east,2.5,static engineering mechanism scenario; not operator capacity
tight,551,north,1.5,static engineering mechanism scenario; not operator capacity
tight,551,northwest,1.5,static engineering mechanism scenario; not operator capacity
tight,551,southwest,1.5,static engineering mechanism scenario; not operator capacity
tight,552,east,2.5,static engineering mechanism scenario; not operator capacity
tight,552,north,1.5,static engineering mechanism scenario; not operator capacity
tight,552,northwest,1.5,static engineering mechanism scenario; not operator capacity
tight,552,southwest,1.5,static engineering mechanism scenario; not operator capacity
tight,553,east,2.5,static engineering mechanism scenario; not operator capacity
tight,553,north,1.5,static engineering mechanism scenario; not operator capacity
tight,553,northwest,1.5,static engineering mechanism scenario; not operator capacity
tight,553,southwest,1.5,static engineering mechanism scenario; not operator capacity
ample,0,east,5.0,static engineering mechanism scenario; not operator capacity
ample,0,north,3.0,static engineering mechanism scenario; not operator capacity
ample,0,northwest,3.0,static engineering mechanism scenario; not operator capacity
ample,0,southwest,3.0,static engineering mechanism scenario; not operator capacity
ample,1,east,5.0,static engineering mechanism scenario; not operator capacity
ample,1,north,3.0,static engineering mechanism scenario; not operator capacity
ample,1,northwest,3.0,static engineering mechanism scenario; not operator capacity
ample,1,southwest,3.0,static engineering mechanism scenario; not operator capacity
ample,2,east,5.0,static engineering mechanism scenario; not operator capacity
ample,2,north,3.0,static engineering mechanism scenario; not operator capacity
ample,2,northwest,3.0,static engineering mechanism scenario; not operator capacity
ample,2,southwest,3.0,static engineering mechanism scenario; not operator capacity
ample,3,east,5.0,static engineering mechanism scenario; not operator capacity
ample,3,north,3.0,static engineering mechanism scenario; not operator capacity
ample,3,northwest,3.0,static engineering mechanism scenario; not operator capacity
ample,3,southwest,3.0,static engineering mechanism scenario; not operator capacity
ample,4,east,5.0,static engineering mechanism scenario; not operator capacity
ample,4,north,3.0,static engineering mechanism scenario; not operator capacity
ample,4,northwest,3.0,static engineering mechanism scenario; not operator capacity
ample,4,southwest,3.0,static engineering mechanism scenario; not operator capacity
ample,5,east,5.0,static engineering mechanism scenario; not operator capacity
ample,5,north,3.0,static engineering mechanism scenario; not operator capacity
ample,5,northwest,3.0,static engineering mechanism scenario; not operator capacity
ample,5,southwest,3.0,static engineering mechanism scenario; not operator capacity
ample,6,east,5.0,static engineering mechanism scenario; not operator capacity
ample,6,north,3.0,static engineering mechanism scenario; not operator capacity
ample,6,northwest,3.0,static engineering mechanism scenario; not operator capacity
ample,6,southwest,3.0,static engineering mechanism scenario; not operator capacity
ample,7,east,5.0,static engineering mechanism scenario; not operator capacity
ample,7,north,3.0,static engineering mechanism scenario; not operator capacity
ample,7,northwest,3.0,static engineering mechanism scenario; not operator capacity
ample,7,southwest,3.0,static engineering mechanism scenario; not operator capacity
ample,8,east,5.0,static engineering mechanism scenario; not operator capacity
ample,8,north,3.0,static engineering mechanism scenario; not operator capacity
ample,8,northwest,3.0,static engineering mechanism scenario; not operator capacity
ample,8,southwest,3.0,static engineering mechanism scenario; not operator capacity
ample,9,east,5.0,static engineering mechanism scenario; not operator capacity
ample,9,north,3.0,static engineering mechanism scenario; not operator capacity
ample,9,northwest,3.0,static engineering mechanism scenario; not operator capacity
ample,9,southwest,3.0,static engineering mechanism scenario; not operator capacity
ample,10,east,5.0,static engineering mechanism scenario; not operator capacity
ample,10,north,3.0,static engineering mechanism scenario; not operator capacity
ample,10,northwest,3.0,static engineering mechanism scenario; not operator capacity
ample,10,southwest,3.0,static engineering mechanism scenario; not operator capacity
ample,11,east,5.0,static engineering mechanism scenario; not operator capacity
ample,11,north,3.0,static engineering mechanism scenario; not operator capacity
ample,11,northwest,3.0,static engineering mechanism scenario; not operator capacity
ample,11,southwest,3.0,static engineering mechanism scenario; not operator capacity
ample,12,east,5.0,static engineering mechanism scenario; not operator capacity
ample,12,north,3.0,static engineering mechanism scenario; not operator capacity
ample,12,northwest,3.0,static engineering mechanism scenario; not operator capacity
ample,12,southwest,3.0,static engineering mechanism scenario; not operator capacity
ample,13,east,5.0,static engineering mechanism scenario; not operator capacity
ample,13,north,3.0,static engineering mechanism scenario; not operator capacity
ample,13,northwest,3.0,static engineering mechanism scenario; not operator capacity
ample,13,southwest,3.0,static engineering mechanism scenario; not operator capacity
ample,14,east,5.0,static engineering mechanism scenario; not operator capacity
ample,14,north,3.0,static engineering mechanism scenario; not operator capacity
ample,14,northwest,3.0,static engineering mechanism scenario; not operator capacity
ample,14,southwest,3.0,static engineering mechanism scenario; not operator capacity
ample,15,east,5.0,static engineering mechanism scenario; not operator capacity
ample,15,north,3.0,static engineering mechanism scenario; not operator capacity
ample,15,northwest,3.0,static engineering mechanism scenario; not operator capacity
ample,15,southwest,3.0,static engineering mechanism scenario; not operator capacity
ample,16,east,5.0,static engineering mechanism scenario; not operator capacity
ample,16,north,3.0,static engineering mechanism scenario; not operator capacity
ample,16,northwest,3.0,static engineering mechanism scenario; not operator capacity
ample,16,southwest,3.0,static engineering mechanism scenario; not operator capacity
ample,17,east,5.0,static engineering mechanism scenario; not operator capacity
ample,17,north,3.0,static engineering mechanism scenario; not operator capacity
ample,17,northwest,3.0,static engineering mechanism scenario; not operator capacity
ample,17,southwest,3.0,static engineering mechanism scenario; not operator capacity
ample,18,east,5.0,static engineering mechanism scenario; not operator capacity
ample,18,north,3.0,static engineering mechanism scenario; not operator capacity
ample,18,northwest,3.0,static engineering mechanism scenario; not operator capacity
ample,18,southwest,3.0,static engineering mechanism scenario; not operator capacity
ample,19,east,5.0,static engineering mechanism scenario; not operator capacity
ample,19,north,3.0,static engineering mechanism scenario; not operator capacity
ample,19,northwest,3.0,static engineering mechanism scenario; not operator capacity
ample,19,southwest,3.0,static engineering mechanism scenario; not operator capacity
ample,20,east,5.0,static engineering mechanism scenario; not operator capacity
ample,20,north,3.0,static engineering mechanism scenario; not operator capacity
ample,20,northwest,3.0,static engineering mechanism scenario; not operator capacity
ample,20,southwest,3.0,static engineering mechanism scenario; not operator capacity
ample,21,east,5.0,static engineering mechanism scenario; not operator capacity
ample,21,north,3.0,static engineering mechanism scenario; not operator capacity
ample,21,northwest,3.0,static engineering mechanism scenario; not operator capacity
ample,21,southwest,3.0,static engineering mechanism scenario; not operator capacity
ample,22,east,5.0,static engineering mechanism scenario; not operator capacity
ample,22,north,3.0,static engineering mechanism scenario; not operator capacity
ample,22,northwest,3.0,static engineering mechanism scenario; not operator capacity
ample,22,southwest,3.0,static engineering mechanism scenario; not operator capacity
ample,23,east,5.0,static engineering mechanism scenario; not operator capacity
ample,23,north,3.0,static engineering mechanism scenario; not operator capacity
ample,23,northwest,3.0,static engineering mechanism scenario; not operator capacity
ample,23,southwest,3.0,static engineering mechanism scenario; not operator capacity
ample,24,east,5.0,static engineering mechanism scenario; not operator capacity
ample,24,north,3.0,static engineering mechanism scenario; not operator capacity
ample,24,northwest,3.0,static engineering mechanism scenario; not operator capacity
ample,24,southwest,3.0,static engineering mechanism scenario; not operator capacity
ample,25,east,5.0,static engineering mechanism scenario; not operator capacity
ample,25,north,3.0,static engineering mechanism scenario; not operator capacity
ample,25,northwest,3.0,static engineering mechanism scenario; not operator capacity
ample,25,southwest,3.0,static engineering mechanism scenario; not operator capacity
ample,26,east,5.0,static engineering mechanism scenario; not operator capacity
ample,26,north,3.0,static engineering mechanism scenario; not operator capacity
ample,26,northwest,3.0,static engineering mechanism scenario; not operator capacity
ample,26,southwest,3.0,static engineering mechanism scenario; not operator capacity
ample,27,east,5.0,static engineering mechanism scenario; not operator capacity
ample,27,north,3.0,static engineering mechanism scenario; not operator capacity
ample,27,northwest,3.0,static engineering mechanism scenario; not operator capacity
ample,27,southwest,3.0,static engineering mechanism scenario; not operator capacity
ample,28,east,5.0,static engineering mechanism scenario; not operator capacity
ample,28,north,3.0,static engineering mechanism scenario; not operator capacity
ample,28,northwest,3.0,static engineering mechanism scenario; not operator capacity
ample,28,southwest,3.0,static engineering mechanism scenario; not operator capacity
ample,29,east,5.0,static engineering mechanism scenario; not operator capacity
ample,29,north,3.0,static engineering mechanism scenario; not operator capacity
ample,29,northwest,3.0,static engineering mechanism scenario; not operator capacity
ample,29,southwest,3.0,static engineering mechanism scenario; not operator capacity
ample,30,east,5.0,static engineering mechanism scenario; not operator capacity
ample,30,north,3.0,static engineering mechanism scenario; not operator capacity
ample,30,northwest,3.0,static engineering mechanism scenario; not operator capacity
ample,30,southwest,3.0,static engineering mechanism scenario; not operator capacity
ample,31,east,5.0,static engineering mechanism scenario; not operator capacity
ample,31,north,3.0,static engineering mechanism scenario; not operator capacity
ample,31,northwest,3.0,static engineering mechanism scenario; not operator capacity
ample,31,southwest,3.0,static engineering mechanism scenario; not operator capacity
ample,32,east,5.0,static engineering mechanism scenario; not operator capacity
ample,32,north,3.0,static engineering mechanism scenario; not operator capacity
ample,32,northwest,3.0,static engineering mechanism scenario; not operator capacity
ample,32,southwest,3.0,static engineering mechanism scenario; not operator capacity
ample,33,east,5.0,static engineering mechanism scenario; not operator capacity
ample,33,north,3.0,static engineering mechanism scenario; not operator capacity
ample,33,northwest,3.0,static engineering mechanism scenario; not operator capacity
ample,33,southwest,3.0,static engineering mechanism scenario; not operator capacity
ample,34,east,5.0,static engineering mechanism scenario; not operator capacity
ample,34,north,3.0,static engineering mechanism scenario; not operator capacity
ample,34,northwest,3.0,static engineering mechanism scenario; not operator capacity
ample,34,southwest,3.0,static engineering mechanism scenario; not operator capacity
ample,35,east,5.0,static engineering mechanism scenario; not operator capacity
ample,35,north,3.0,static engineering mechanism scenario; not operator capacity
ample,35,northwest,3.0,static engineering mechanism scenario; not operator capacity
ample,35,southwest,3.0,static engineering mechanism scenario; not operator capacity
ample,36,east,5.0,static engineering mechanism scenario; not operator capacity
ample,36,north,3.0,static engineering mechanism scenario; not operator capacity
ample,36,northwest,3.0,static engineering mechanism scenario; not operator capacity
ample,36,southwest,3.0,static engineering mechanism scenario; not operator capacity
ample,37,east,5.0,static engineering mechanism scenario; not operator capacity
ample,37,north,3.0,static engineering mechanism scenario; not operator capacity
ample,37,northwest,3.0,static engineering mechanism scenario; not operator capacity
ample,37,southwest,3.0,static engineering mechanism scenario; not operator capacity
ample,38,east,5.0,static engineering mechanism scenario; not operator capacity
ample,38,north,3.0,static engineering mechanism scenario; not operator capacity
ample,38,northwest,3.0,static engineering mechanism scenario; not operator capacity
ample,38,southwest,3.0,static engineering mechanism scenario; not operator capacity
ample,39,east,5.0,static engineering mechanism scenario; not operator capacity
ample,39,north,3.0,static engineering mechanism scenario; not operator capacity
ample,39,northwest,3.0,static engineering mechanism scenario; not operator capacity
ample,39,southwest,3.0,static engineering mechanism scenario; not operator capacity
ample,40,east,5.0,static engineering mechanism scenario; not operator capacity
ample,40,north,3.0,static engineering mechanism scenario; not operator capacity
ample,40,northwest,3.0,static engineering mechanism scenario; not operator capacity
ample,40,southwest,3.0,static engineering mechanism scenario; not operator capacity
ample,41,east,5.0,static engineering mechanism scenario; not operator capacity
ample,41,north,3.0,static engineering mechanism scenario; not operator capacity
ample,41,northwest,3.0,static engineering mechanism scenario; not operator capacity
ample,41,southwest,3.0,static engineering mechanism scenario; not operator capacity
ample,42,east,5.0,static engineering mechanism scenario; not operator capacity
ample,42,north,3.0,static engineering mechanism scenario; not operator capacity
ample,42,northwest,3.0,static engineering mechanism scenario; not operator capacity
ample,42,southwest,3.0,static engineering mechanism scenario; not operator capacity
ample,43,east,5.0,static engineering mechanism scenario; not operator capacity
ample,43,north,3.0,static engineering mechanism scenario; not operator capacity
ample,43,northwest,3.0,static engineering mechanism scenario; not operator capacity
ample,43,southwest,3.0,static engineering mechanism scenario; not operator capacity
ample,44,east,5.0,static engineering mechanism scenario; not operator capacity
ample,44,north,3.0,static engineering mechanism scenario; not operator capacity
ample,44,northwest,3.0,static engineering mechanism scenario; not operator capacity
ample,44,southwest,3.0,static engineering mechanism scenario; not operator capacity
ample,45,east,5.0,static engineering mechanism scenario; not operator capacity
ample,45,north,3.0,static engineering mechanism scenario; not operator capacity
ample,45,northwest,3.0,static engineering mechanism scenario; not operator capacity
ample,45,southwest,3.0,static engineering mechanism scenario; not operator capacity
ample,46,east,5.0,static engineering mechanism scenario; not operator capacity
ample,46,north,3.0,static engineering mechanism scenario; not operator capacity
ample,46,northwest,3.0,static engineering mechanism scenario; not operator capacity
ample,46,southwest,3.0,static engineering mechanism scenario; not operator capacity
ample,47,east,5.0,static engineering mechanism scenario; not operator capacity
ample,47,north,3.0,static engineering mechanism scenario; not operator capacity
ample,47,northwest,3.0,static engineering mechanism scenario; not operator capacity
ample,47,southwest,3.0,static engineering mechanism scenario; not operator capacity
ample,48,east,5.0,static engineering mechanism scenario; not operator capacity
ample,48,north,3.0,static engineering mechanism scenario; not operator capacity
ample,48,northwest,3.0,static engineering mechanism scenario; not operator capacity
ample,48,southwest,3.0,static engineering mechanism scenario; not operator capacity
ample,49,east,5.0,static engineering mechanism scenario; not operator capacity
ample,49,north,3.0,static engineering mechanism scenario; not operator capacity
ample,49,northwest,3.0,static engineering mechanism scenario; not operator capacity
ample,49,southwest,3.0,static engineering mechanism scenario; not operator capacity
ample,50,east,5.0,static engineering mechanism scenario; not operator capacity
ample,50,north,3.0,static engineering mechanism scenario; not operator capacity
ample,50,northwest,3.0,static engineering mechanism scenario; not operator capacity
ample,50,southwest,3.0,static engineering mechanism scenario; not operator capacity
ample,51,east,5.0,static engineering mechanism scenario; not operator capacity
ample,51,north,3.0,static engineering mechanism scenario; not operator capacity
ample,51,northwest,3.0,static engineering mechanism scenario; not operator capacity
ample,51,southwest,3.0,static engineering mechanism scenario; not operator capacity
ample,52,east,5.0,static engineering mechanism scenario; not operator capacity
ample,52,north,3.0,static engineering mechanism scenario; not operator capacity
ample,52,northwest,3.0,static engineering mechanism scenario; not operator capacity
ample,52,southwest,3.0,static engineering mechanism scenario; not operator capacity
ample,53,east,5.0,static engineering mechanism scenario; not operator capacity
ample,53,north,3.0,static engineering mechanism scenario; not operator capacity
ample,53,northwest,3.0,static engineering mechanism scenario; not operator capacity
ample,53,southwest,3.0,static engineering mechanism scenario; not operator capacity
ample,54,east,5.0,static engineering mechanism scenario; not operator capacity
ample,54,north,3.0,static engineering mechanism scenario; not operator capacity
ample,54,northwest,3.0,static engineering mechanism scenario; not operator capacity
ample,54,southwest,3.0,static engineering mechanism scenario; not operator capacity
ample,55,east,5.0,static engineering mechanism scenario; not operator capacity
ample,55,north,3.0,static engineering mechanism scenario; not operator capacity
ample,55,northwest,3.0,static engineering mechanism scenario; not operator capacity
ample,55,southwest,3.0,static engineering mechanism scenario; not operator capacity
ample,56,east,5.0,static engineering mechanism scenario; not operator capacity
ample,56,north,3.0,static engineering mechanism scenario; not operator capacity
ample,56,northwest,3.0,static engineering mechanism scenario; not operator capacity
ample,56,southwest,3.0,static engineering mechanism scenario; not operator capacity
ample,57,east,5.0,static engineering mechanism scenario; not operator capacity
ample,57,north,3.0,static engineering mechanism scenario; not operator capacity
ample,57,northwest,3.0,static engineering mechanism scenario; not operator capacity
ample,57,southwest,3.0,static engineering mechanism scenario; not operator capacity
ample,58,east,5.0,static engineering mechanism scenario; not operator capacity
ample,58,north,3.0,static engineering mechanism scenario; not operator capacity
ample,58,northwest,3.0,static engineering mechanism scenario; not operator capacity
ample,58,southwest,3.0,static engineering mechanism scenario; not operator capacity
ample,59,east,5.0,static engineering mechanism scenario; not operator capacity
ample,59,north,3.0,static engineering mechanism scenario; not operator capacity
ample,59,northwest,3.0,static engineering mechanism scenario; not operator capacity
ample,59,southwest,3.0,static engineering mechanism scenario; not operator capacity
ample,60,east,5.0,static engineering mechanism scenario; not operator capacity
ample,60,north,3.0,static engineering mechanism scenario; not operator capacity
ample,60,northwest,3.0,static engineering mechanism scenario; not operator capacity
ample,60,southwest,3.0,static engineering mechanism scenario; not operator capacity
ample,61,east,5.0,static engineering mechanism scenario; not operator capacity
ample,61,north,3.0,static engineering mechanism scenario; not operator capacity
ample,61,northwest,3.0,static engineering mechanism scenario; not operator capacity
ample,61,southwest,3.0,static engineering mechanism scenario; not operator capacity
ample,62,east,5.0,static engineering mechanism scenario; not operator capacity
ample,62,north,3.0,static engineering mechanism scenario; not operator capacity
ample,62,northwest,3.0,static engineering mechanism scenario; not operator capacity
ample,62,southwest,3.0,static engineering mechanism scenario; not operator capacity
ample,63,east,5.0,static engineering mechanism scenario; not operator capacity
ample,63,north,3.0,static engineering mechanism scenario; not operator capacity
ample,63,northwest,3.0,static engineering mechanism scenario; not operator capacity
ample,63,southwest,3.0,static engineering mechanism scenario; not operator capacity
ample,64,east,5.0,static engineering mechanism scenario; not operator capacity
ample,64,north,3.0,static engineering mechanism scenario; not operator capacity
ample,64,northwest,3.0,static engineering mechanism scenario; not operator capacity
ample,64,southwest,3.0,static engineering mechanism scenario; not operator capacity
ample,65,east,5.0,static engineering mechanism scenario; not operator capacity
ample,65,north,3.0,static engineering mechanism scenario; not operator capacity
ample,65,northwest,3.0,static engineering mechanism scenario; not operator capacity
ample,65,southwest,3.0,static engineering mechanism scenario; not operator capacity
ample,66,east,5.0,static engineering mechanism scenario; not operator capacity
ample,66,north,3.0,static engineering mechanism scenario; not operator capacity
ample,66,northwest,3.0,static engineering mechanism scenario; not operator capacity
ample,66,southwest,3.0,static engineering mechanism scenario; not operator capacity
ample,67,east,5.0,static engineering mechanism scenario; not operator capacity
ample,67,north,3.0,static engineering mechanism scenario; not operator capacity
ample,67,northwest,3.0,static engineering mechanism scenario; not operator capacity
ample,67,southwest,3.0,static engineering mechanism scenario; not operator capacity
ample,68,east,5.0,static engineering mechanism scenario; not operator capacity
ample,68,north,3.0,static engineering mechanism scenario; not operator capacity
ample,68,northwest,3.0,static engineering mechanism scenario; not operator capacity
ample,68,southwest,3.0,static engineering mechanism scenario; not operator capacity
ample,69,east,5.0,static engineering mechanism scenario; not operator capacity
ample,69,north,3.0,static engineering mechanism scenario; not operator capacity
ample,69,northwest,3.0,static engineering mechanism scenario; not operator capacity
ample,69,southwest,3.0,static engineering mechanism scenario; not operator capacity
ample,70,east,5.0,static engineering mechanism scenario; not operator capacity
ample,70,north,3.0,static engineering mechanism scenario; not operator capacity
ample,70,northwest,3.0,static engineering mechanism scenario; not operator capacity
ample,70,southwest,3.0,static engineering mechanism scenario; not operator capacity
ample,71,east,5.0,static engineering mechanism scenario; not operator capacity
ample,71,north,3.0,static engineering mechanism scenario; not operator capacity
ample,71,northwest,3.0,static engineering mechanism scenario; not operator capacity
ample,71,southwest,3.0,static engineering mechanism scenario; not operator capacity
ample,72,east,5.0,static engineering mechanism scenario; not operator capacity
ample,72,north,3.0,static engineering mechanism scenario; not operator capacity
ample,72,northwest,3.0,static engineering mechanism scenario; not operator capacity
ample,72,southwest,3.0,static engineering mechanism scenario; not operator capacity
ample,73,east,5.0,static engineering mechanism scenario; not operator capacity
ample,73,north,3.0,static engineering mechanism scenario; not operator capacity
ample,73,northwest,3.0,static engineering mechanism scenario; not operator capacity
ample,73,southwest,3.0,static engineering mechanism scenario; not operator capacity
ample,74,east,5.0,static engineering mechanism scenario; not operator capacity
ample,74,north,3.0,static engineering mechanism scenario; not operator capacity
ample,74,northwest,3.0,static engineering mechanism scenario; not operator capacity
ample,74,southwest,3.0,static engineering mechanism scenario; not operator capacity
ample,75,east,5.0,static engineering mechanism scenario; not operator capacity
ample,75,north,3.0,static engineering mechanism scenario; not operator capacity
ample,75,northwest,3.0,static engineering mechanism scenario; not operator capacity
ample,75,southwest,3.0,static engineering mechanism scenario; not operator capacity
ample,76,east,5.0,static engineering mechanism scenario; not operator capacity
ample,76,north,3.0,static engineering mechanism scenario; not operator capacity
ample,76,northwest,3.0,static engineering mechanism scenario; not operator capacity
ample,76,southwest,3.0,static engineering mechanism scenario; not operator capacity
ample,77,east,5.0,static engineering mechanism scenario; not operator capacity
ample,77,north,3.0,static engineering mechanism scenario; not operator capacity
ample,77,northwest,3.0,static engineering mechanism scenario; not operator capacity
ample,77,southwest,3.0,static engineering mechanism scenario; not operator capacity
ample,78,east,5.0,static engineering mechanism scenario; not operator capacity
ample,78,north,3.0,static engineering mechanism scenario; not operator capacity
ample,78,northwest,3.0,static engineering mechanism scenario; not operator capacity
ample,78,southwest,3.0,static engineering mechanism scenario; not operator capacity
ample,79,east,5.0,static engineering mechanism scenario; not operator capacity
ample,79,north,3.0,static engineering mechanism scenario; not operator capacity
ample,79,northwest,3.0,static engineering mechanism scenario; not operator capacity
ample,79,southwest,3.0,static engineering mechanism scenario; not operator capacity
ample,80,east,5.0,static engineering mechanism scenario; not operator capacity
ample,80,north,3.0,static engineering mechanism scenario; not operator capacity
ample,80,northwest,3.0,static engineering mechanism scenario; not operator capacity
ample,80,southwest,3.0,static engineering mechanism scenario; not operator capacity
ample,81,east,5.0,static engineering mechanism scenario; not operator capacity
ample,81,north,3.0,static engineering mechanism scenario; not operator capacity
ample,81,northwest,3.0,static engineering mechanism scenario; not operator capacity
ample,81,southwest,3.0,static engineering mechanism scenario; not operator capacity
ample,82,east,5.0,static engineering mechanism scenario; not operator capacity
ample,82,north,3.0,static engineering mechanism scenario; not operator capacity
ample,82,northwest,3.0,static engineering mechanism scenario; not operator capacity
ample,82,southwest,3.0,static engineering mechanism scenario; not operator capacity
ample,83,east,5.0,static engineering mechanism scenario; not operator capacity
ample,83,north,3.0,static engineering mechanism scenario; not operator capacity
ample,83,northwest,3.0,static engineering mechanism scenario; not operator capacity
ample,83,southwest,3.0,static engineering mechanism scenario; not operator capacity
ample,84,east,5.0,static engineering mechanism scenario; not operator capacity
ample,84,north,3.0,static engineering mechanism scenario; not operator capacity
ample,84,northwest,3.0,static engineering mechanism scenario; not operator capacity
ample,84,southwest,3.0,static engineering mechanism scenario; not operator capacity
ample,85,east,5.0,static engineering mechanism scenario; not operator capacity
ample,85,north,3.0,static engineering mechanism scenario; not operator capacity
ample,85,northwest,3.0,static engineering mechanism scenario; not operator capacity
ample,85,southwest,3.0,static engineering mechanism scenario; not operator capacity
ample,86,east,5.0,static engineering mechanism scenario; not operator capacity
ample,86,north,3.0,static engineering mechanism scenario; not operator capacity
ample,86,northwest,3.0,static engineering mechanism scenario; not operator capacity
ample,86,southwest,3.0,static engineering mechanism scenario; not operator capacity
ample,87,east,5.0,static engineering mechanism scenario; not operator capacity
ample,87,north,3.0,static engineering mechanism scenario; not operator capacity
ample,87,northwest,3.0,static engineering mechanism scenario; not operator capacity
ample,87,southwest,3.0,static engineering mechanism scenario; not operator capacity
ample,88,east,5.0,static engineering mechanism scenario; not operator capacity
ample,88,north,3.0,static engineering mechanism scenario; not operator capacity
ample,88,northwest,3.0,static engineering mechanism scenario; not operator capacity
ample,88,southwest,3.0,static engineering mechanism scenario; not operator capacity
ample,89,east,5.0,static engineering mechanism scenario; not operator capacity
ample,89,north,3.0,static engineering mechanism scenario; not operator capacity
ample,89,northwest,3.0,static engineering mechanism scenario; not operator capacity
ample,89,southwest,3.0,static engineering mechanism scenario; not operator capacity
ample,90,east,5.0,static engineering mechanism scenario; not operator capacity
ample,90,north,3.0,static engineering mechanism scenario; not operator capacity
ample,90,northwest,3.0,static engineering mechanism scenario; not operator capacity
ample,90,southwest,3.0,static engineering mechanism scenario; not operator capacity
ample,91,east,5.0,static engineering mechanism scenario; not operator capacity
ample,91,north,3.0,static engineering mechanism scenario; not operator capacity
ample,91,northwest,3.0,static engineering mechanism scenario; not operator capacity
ample,91,southwest,3.0,static engineering mechanism scenario; not operator capacity
ample,92,east,5.0,static engineering mechanism scenario; not operator capacity
ample,92,north,3.0,static engineering mechanism scenario; not operator capacity
ample,92,northwest,3.0,static engineering mechanism scenario; not operator capacity
ample,92,southwest,3.0,static engineering mechanism scenario; not operator capacity
ample,93,east,5.0,static engineering mechanism scenario; not operator capacity
ample,93,north,3.0,static engineering mechanism scenario; not operator capacity
ample,93,northwest,3.0,static engineering mechanism scenario; not operator capacity
ample,93,southwest,3.0,static engineering mechanism scenario; not operator capacity
ample,94,east,5.0,static engineering mechanism scenario; not operator capacity
ample,94,north,3.0,static engineering mechanism scenario; not operator capacity
ample,94,northwest,3.0,static engineering mechanism scenario; not operator capacity
ample,94,southwest,3.0,static engineering mechanism scenario; not operator capacity
ample,95,east,5.0,static engineering mechanism scenario; not operator capacity
ample,95,north,3.0,static engineering mechanism scenario; not operator capacity
ample,95,northwest,3.0,static engineering mechanism scenario; not operator capacity
ample,95,southwest,3.0,static engineering mechanism scenario; not operator capacity
ample,96,east,5.0,static engineering mechanism scenario; not operator capacity
ample,96,north,3.0,static engineering mechanism scenario; not operator capacity
ample,96,northwest,3.0,static engineering mechanism scenario; not operator capacity
ample,96,southwest,3.0,static engineering mechanism scenario; not operator capacity
ample,97,east,5.0,static engineering mechanism scenario; not operator capacity
ample,97,north,3.0,static engineering mechanism scenario; not operator capacity
ample,97,northwest,3.0,static engineering mechanism scenario; not operator capacity
ample,97,southwest,3.0,static engineering mechanism scenario; not operator capacity
ample,98,east,5.0,static engineering mechanism scenario; not operator capacity
ample,98,north,3.0,static engineering mechanism scenario; not operator capacity
ample,98,northwest,3.0,static engineering mechanism scenario; not operator capacity
ample,98,southwest,3.0,static engineering mechanism scenario; not operator capacity
ample,99,east,5.0,static engineering mechanism scenario; not operator capacity
ample,99,north,3.0,static engineering mechanism scenario; not operator capacity
ample,99,northwest,3.0,static engineering mechanism scenario; not operator capacity
ample,99,southwest,3.0,static engineering mechanism scenario; not operator capacity
ample,100,east,5.0,static engineering mechanism scenario; not operator capacity
ample,100,north,3.0,static engineering mechanism scenario; not operator capacity
ample,100,northwest,3.0,static engineering mechanism scenario; not operator capacity
ample,100,southwest,3.0,static engineering mechanism scenario; not operator capacity
ample,101,east,5.0,static engineering mechanism scenario; not operator capacity
ample,101,north,3.0,static engineering mechanism scenario; not operator capacity
ample,101,northwest,3.0,static engineering mechanism scenario; not operator capacity
ample,101,southwest,3.0,static engineering mechanism scenario; not operator capacity
ample,102,east,5.0,static engineering mechanism scenario; not operator capacity
ample,102,north,3.0,static engineering mechanism scenario; not operator capacity
ample,102,northwest,3.0,static engineering mechanism scenario; not operator capacity
ample,102,southwest,3.0,static engineering mechanism scenario; not operator capacity
ample,103,east,5.0,static engineering mechanism scenario; not operator capacity
ample,103,north,3.0,static engineering mechanism scenario; not operator capacity
ample,103,northwest,3.0,static engineering mechanism scenario; not operator capacity
ample,103,southwest,3.0,static engineering mechanism scenario; not operator capacity
ample,104,east,5.0,static engineering mechanism scenario; not operator capacity
ample,104,north,3.0,static engineering mechanism scenario; not operator capacity
ample,104,northwest,3.0,static engineering mechanism scenario; not operator capacity
ample,104,southwest,3.0,static engineering mechanism scenario; not operator capacity
ample,105,east,5.0,static engineering mechanism scenario; not operator capacity
ample,105,north,3.0,static engineering mechanism scenario; not operator capacity
ample,105,northwest,3.0,static engineering mechanism scenario; not operator capacity
ample,105,southwest,3.0,static engineering mechanism scenario; not operator capacity
ample,106,east,5.0,static engineering mechanism scenario; not operator capacity
ample,106,north,3.0,static engineering mechanism scenario; not operator capacity
ample,106,northwest,3.0,static engineering mechanism scenario; not operator capacity
ample,106,southwest,3.0,static engineering mechanism scenario; not operator capacity
ample,107,east,5.0,static engineering mechanism scenario; not operator capacity
ample,107,north,3.0,static engineering mechanism scenario; not operator capacity
ample,107,northwest,3.0,static engineering mechanism scenario; not operator capacity
ample,107,southwest,3.0,static engineering mechanism scenario; not operator capacity
ample,108,east,5.0,static engineering mechanism scenario; not operator capacity
ample,108,north,3.0,static engineering mechanism scenario; not operator capacity
ample,108,northwest,3.0,static engineering mechanism scenario; not operator capacity
ample,108,southwest,3.0,static engineering mechanism scenario; not operator capacity
ample,109,east,5.0,static engineering mechanism scenario; not operator capacity
ample,109,north,3.0,static engineering mechanism scenario; not operator capacity
ample,109,northwest,3.0,static engineering mechanism scenario; not operator capacity
ample,109,southwest,3.0,static engineering mechanism scenario; not operator capacity
ample,110,east,5.0,static engineering mechanism scenario; not operator capacity
ample,110,north,3.0,static engineering mechanism scenario; not operator capacity
ample,110,northwest,3.0,static engineering mechanism scenario; not operator capacity
ample,110,southwest,3.0,static engineering mechanism scenario; not operator capacity
ample,111,east,5.0,static engineering mechanism scenario; not operator capacity
ample,111,north,3.0,static engineering mechanism scenario; not operator capacity
ample,111,northwest,3.0,static engineering mechanism scenario; not operator capacity
ample,111,southwest,3.0,static engineering mechanism scenario; not operator capacity
ample,112,east,5.0,static engineering mechanism scenario; not operator capacity
ample,112,north,3.0,static engineering mechanism scenario; not operator capacity
ample,112,northwest,3.0,static engineering mechanism scenario; not operator capacity
ample,112,southwest,3.0,static engineering mechanism scenario; not operator capacity
ample,113,east,5.0,static engineering mechanism scenario; not operator capacity
ample,113,north,3.0,static engineering mechanism scenario; not operator capacity
ample,113,northwest,3.0,static engineering mechanism scenario; not operator capacity
ample,113,southwest,3.0,static engineering mechanism scenario; not operator capacity
ample,114,east,5.0,static engineering mechanism scenario; not operator capacity
ample,114,north,3.0,static engineering mechanism scenario; not operator capacity
ample,114,northwest,3.0,static engineering mechanism scenario; not operator capacity
ample,114,southwest,3.0,static engineering mechanism scenario; not operator capacity
ample,115,east,5.0,static engineering mechanism scenario; not operator capacity
ample,115,north,3.0,static engineering mechanism scenario; not operator capacity
ample,115,northwest,3.0,static engineering mechanism scenario; not operator capacity
ample,115,southwest,3.0,static engineering mechanism scenario; not operator capacity
ample,116,east,5.0,static engineering mechanism scenario; not operator capacity
ample,116,north,3.0,static engineering mechanism scenario; not operator capacity
ample,116,northwest,3.0,static engineering mechanism scenario; not operator capacity
ample,116,southwest,3.0,static engineering mechanism scenario; not operator capacity
ample,117,east,5.0,static engineering mechanism scenario; not operator capacity
ample,117,north,3.0,static engineering mechanism scenario; not operator capacity
ample,117,northwest,3.0,static engineering mechanism scenario; not operator capacity
ample,117,southwest,3.0,static engineering mechanism scenario; not operator capacity
ample,118,east,5.0,static engineering mechanism scenario; not operator capacity
ample,118,north,3.0,static engineering mechanism scenario; not operator capacity
ample,118,northwest,3.0,static engineering mechanism scenario; not operator capacity
ample,118,southwest,3.0,static engineering mechanism scenario; not operator capacity
ample,119,east,5.0,static engineering mechanism scenario; not operator capacity
ample,119,north,3.0,static engineering mechanism scenario; not operator capacity
ample,119,northwest,3.0,static engineering mechanism scenario; not operator capacity
ample,119,southwest,3.0,static engineering mechanism scenario; not operator capacity
ample,120,east,5.0,static engineering mechanism scenario; not operator capacity
ample,120,north,3.0,static engineering mechanism scenario; not operator capacity
ample,120,northwest,3.0,static engineering mechanism scenario; not operator capacity
ample,120,southwest,3.0,static engineering mechanism scenario; not operator capacity
ample,121,east,5.0,static engineering mechanism scenario; not operator capacity
ample,121,north,3.0,static engineering mechanism scenario; not operator capacity
ample,121,northwest,3.0,static engineering mechanism scenario; not operator capacity
ample,121,southwest,3.0,static engineering mechanism scenario; not operator capacity
ample,122,east,5.0,static engineering mechanism scenario; not operator capacity
ample,122,north,3.0,static engineering mechanism scenario; not operator capacity
ample,122,northwest,3.0,static engineering mechanism scenario; not operator capacity
ample,122,southwest,3.0,static engineering mechanism scenario; not operator capacity
ample,123,east,5.0,static engineering mechanism scenario; not operator capacity
ample,123,north,3.0,static engineering mechanism scenario; not operator capacity
ample,123,northwest,3.0,static engineering mechanism scenario; not operator capacity
ample,123,southwest,3.0,static engineering mechanism scenario; not operator capacity
ample,124,east,5.0,static engineering mechanism scenario; not operator capacity
ample,124,north,3.0,static engineering mechanism scenario; not operator capacity
ample,124,northwest,3.0,static engineering mechanism scenario; not operator capacity
ample,124,southwest,3.0,static engineering mechanism scenario; not operator capacity
ample,125,east,5.0,static engineering mechanism scenario; not operator capacity
ample,125,north,3.0,static engineering mechanism scenario; not operator capacity
ample,125,northwest,3.0,static engineering mechanism scenario; not operator capacity
ample,125,southwest,3.0,static engineering mechanism scenario; not operator capacity
ample,126,east,5.0,static engineering mechanism scenario; not operator capacity
ample,126,north,3.0,static engineering mechanism scenario; not operator capacity
ample,126,northwest,3.0,static engineering mechanism scenario; not operator capacity
ample,126,southwest,3.0,static engineering mechanism scenario; not operator capacity
ample,127,east,5.0,static engineering mechanism scenario; not operator capacity
ample,127,north,3.0,static engineering mechanism scenario; not operator capacity
ample,127,northwest,3.0,static engineering mechanism scenario; not operator capacity
ample,127,southwest,3.0,static engineering mechanism scenario; not operator capacity
ample,128,east,5.0,static engineering mechanism scenario; not operator capacity
ample,128,north,3.0,static engineering mechanism scenario; not operator capacity
ample,128,northwest,3.0,static engineering mechanism scenario; not operator capacity
ample,128,southwest,3.0,static engineering mechanism scenario; not operator capacity
ample,129,east,5.0,static engineering mechanism scenario; not operator capacity
ample,129,north,3.0,static engineering mechanism scenario; not operator capacity
ample,129,northwest,3.0,static engineering mechanism scenario; not operator capacity
ample,129,southwest,3.0,static engineering mechanism scenario; not operator capacity
ample,130,east,5.0,static engineering mechanism scenario; not operator capacity
ample,130,north,3.0,static engineering mechanism scenario; not operator capacity
ample,130,northwest,3.0,static engineering mechanism scenario; not operator capacity
ample,130,southwest,3.0,static engineering mechanism scenario; not operator capacity
ample,131,east,5.0,static engineering mechanism scenario; not operator capacity
ample,131,north,3.0,static engineering mechanism scenario; not operator capacity
ample,131,northwest,3.0,static engineering mechanism scenario; not operator capacity
ample,131,southwest,3.0,static engineering mechanism scenario; not operator capacity
ample,132,east,5.0,static engineering mechanism scenario; not operator capacity
ample,132,north,3.0,static engineering mechanism scenario; not operator capacity
ample,132,northwest,3.0,static engineering mechanism scenario; not operator capacity
ample,132,southwest,3.0,static engineering mechanism scenario; not operator capacity
ample,133,east,5.0,static engineering mechanism scenario; not operator capacity
ample,133,north,3.0,static engineering mechanism scenario; not operator capacity
ample,133,northwest,3.0,static engineering mechanism scenario; not operator capacity
ample,133,southwest,3.0,static engineering mechanism scenario; not operator capacity
ample,134,east,5.0,static engineering mechanism scenario; not operator capacity
ample,134,north,3.0,static engineering mechanism scenario; not operator capacity
ample,134,northwest,3.0,static engineering mechanism scenario; not operator capacity
ample,134,southwest,3.0,static engineering mechanism scenario; not operator capacity
ample,135,east,5.0,static engineering mechanism scenario; not operator capacity
ample,135,north,3.0,static engineering mechanism scenario; not operator capacity
ample,135,northwest,3.0,static engineering mechanism scenario; not operator capacity
ample,135,southwest,3.0,static engineering mechanism scenario; not operator capacity
ample,136,east,5.0,static engineering mechanism scenario; not operator capacity
ample,136,north,3.0,static engineering mechanism scenario; not operator capacity
ample,136,northwest,3.0,static engineering mechanism scenario; not operator capacity
ample,136,southwest,3.0,static engineering mechanism scenario; not operator capacity
ample,137,east,5.0,static engineering mechanism scenario; not operator capacity
ample,137,north,3.0,static engineering mechanism scenario; not operator capacity
ample,137,northwest,3.0,static engineering mechanism scenario; not operator capacity
ample,137,southwest,3.0,static engineering mechanism scenario; not operator capacity
ample,138,east,5.0,static engineering mechanism scenario; not operator capacity
ample,138,north,3.0,static engineering mechanism scenario; not operator capacity
ample,138,northwest,3.0,static engineering mechanism scenario; not operator capacity
ample,138,southwest,3.0,static engineering mechanism scenario; not operator capacity
ample,139,east,5.0,static engineering mechanism scenario; not operator capacity
ample,139,north,3.0,static engineering mechanism scenario; not operator capacity
ample,139,northwest,3.0,static engineering mechanism scenario; not operator capacity
ample,139,southwest,3.0,static engineering mechanism scenario; not operator capacity
ample,140,east,5.0,static engineering mechanism scenario; not operator capacity
ample,140,north,3.0,static engineering mechanism scenario; not operator capacity
ample,140,northwest,3.0,static engineering mechanism scenario; not operator capacity
ample,140,southwest,3.0,static engineering mechanism scenario; not operator capacity
ample,141,east,5.0,static engineering mechanism scenario; not operator capacity
ample,141,north,3.0,static engineering mechanism scenario; not operator capacity
ample,141,northwest,3.0,static engineering mechanism scenario; not operator capacity
ample,141,southwest,3.0,static engineering mechanism scenario; not operator capacity
ample,142,east,5.0,static engineering mechanism scenario; not operator capacity
ample,142,north,3.0,static engineering mechanism scenario; not operator capacity
ample,142,northwest,3.0,static engineering mechanism scenario; not operator capacity
ample,142,southwest,3.0,static engineering mechanism scenario; not operator capacity
ample,143,east,5.0,static engineering mechanism scenario; not operator capacity
ample,143,north,3.0,static engineering mechanism scenario; not operator capacity
ample,143,northwest,3.0,static engineering mechanism scenario; not operator capacity
ample,143,southwest,3.0,static engineering mechanism scenario; not operator capacity
ample,144,east,5.0,static engineering mechanism scenario; not operator capacity
ample,144,north,3.0,static engineering mechanism scenario; not operator capacity
ample,144,northwest,3.0,static engineering mechanism scenario; not operator capacity
ample,144,southwest,3.0,static engineering mechanism scenario; not operator capacity
ample,145,east,5.0,static engineering mechanism scenario; not operator capacity
ample,145,north,3.0,static engineering mechanism scenario; not operator capacity
ample,145,northwest,3.0,static engineering mechanism scenario; not operator capacity
ample,145,southwest,3.0,static engineering mechanism scenario; not operator capacity
ample,146,east,5.0,static engineering mechanism scenario; not operator capacity
ample,146,north,3.0,static engineering mechanism scenario; not operator capacity
ample,146,northwest,3.0,static engineering mechanism scenario; not operator capacity
ample,146,southwest,3.0,static engineering mechanism scenario; not operator capacity
ample,147,east,5.0,static engineering mechanism scenario; not operator capacity
ample,147,north,3.0,static engineering mechanism scenario; not operator capacity
ample,147,northwest,3.0,static engineering mechanism scenario; not operator capacity
ample,147,southwest,3.0,static engineering mechanism scenario; not operator capacity
ample,148,east,5.0,static engineering mechanism scenario; not operator capacity
ample,148,north,3.0,static engineering mechanism scenario; not operator capacity
ample,148,northwest,3.0,static engineering mechanism scenario; not operator capacity
ample,148,southwest,3.0,static engineering mechanism scenario; not operator capacity
ample,149,east,5.0,static engineering mechanism scenario; not operator capacity
ample,149,north,3.0,static engineering mechanism scenario; not operator capacity
ample,149,northwest,3.0,static engineering mechanism scenario; not operator capacity
ample,149,southwest,3.0,static engineering mechanism scenario; not operator capacity
ample,150,east,5.0,static engineering mechanism scenario; not operator capacity
ample,150,north,3.0,static engineering mechanism scenario; not operator capacity
ample,150,northwest,3.0,static engineering mechanism scenario; not operator capacity
ample,150,southwest,3.0,static engineering mechanism scenario; not operator capacity
ample,151,east,5.0,static engineering mechanism scenario; not operator capacity
ample,151,north,3.0,static engineering mechanism scenario; not operator capacity
ample,151,northwest,3.0,static engineering mechanism scenario; not operator capacity
ample,151,southwest,3.0,static engineering mechanism scenario; not operator capacity
ample,152,east,5.0,static engineering mechanism scenario; not operator capacity
ample,152,north,3.0,static engineering mechanism scenario; not operator capacity
ample,152,northwest,3.0,static engineering mechanism scenario; not operator capacity
ample,152,southwest,3.0,static engineering mechanism scenario; not operator capacity
ample,153,east,5.0,static engineering mechanism scenario; not operator capacity
ample,153,north,3.0,static engineering mechanism scenario; not operator capacity
ample,153,northwest,3.0,static engineering mechanism scenario; not operator capacity
ample,153,southwest,3.0,static engineering mechanism scenario; not operator capacity
ample,154,east,5.0,static engineering mechanism scenario; not operator capacity
ample,154,north,3.0,static engineering mechanism scenario; not operator capacity
ample,154,northwest,3.0,static engineering mechanism scenario; not operator capacity
ample,154,southwest,3.0,static engineering mechanism scenario; not operator capacity
ample,155,east,5.0,static engineering mechanism scenario; not operator capacity
ample,155,north,3.0,static engineering mechanism scenario; not operator capacity
ample,155,northwest,3.0,static engineering mechanism scenario; not operator capacity
ample,155,southwest,3.0,static engineering mechanism scenario; not operator capacity
ample,156,east,5.0,static engineering mechanism scenario; not operator capacity
ample,156,north,3.0,static engineering mechanism scenario; not operator capacity
ample,156,northwest,3.0,static engineering mechanism scenario; not operator capacity
ample,156,southwest,3.0,static engineering mechanism scenario; not operator capacity
ample,157,east,5.0,static engineering mechanism scenario; not operator capacity
ample,157,north,3.0,static engineering mechanism scenario; not operator capacity
ample,157,northwest,3.0,static engineering mechanism scenario; not operator capacity
ample,157,southwest,3.0,static engineering mechanism scenario; not operator capacity
ample,158,east,5.0,static engineering mechanism scenario; not operator capacity
ample,158,north,3.0,static engineering mechanism scenario; not operator capacity
ample,158,northwest,3.0,static engineering mechanism scenario; not operator capacity
ample,158,southwest,3.0,static engineering mechanism scenario; not operator capacity
ample,159,east,5.0,static engineering mechanism scenario; not operator capacity
ample,159,north,3.0,static engineering mechanism scenario; not operator capacity
ample,159,northwest,3.0,static engineering mechanism scenario; not operator capacity
ample,159,southwest,3.0,static engineering mechanism scenario; not operator capacity
ample,160,east,5.0,static engineering mechanism scenario; not operator capacity
ample,160,north,3.0,static engineering mechanism scenario; not operator capacity
ample,160,northwest,3.0,static engineering mechanism scenario; not operator capacity
ample,160,southwest,3.0,static engineering mechanism scenario; not operator capacity
ample,161,east,5.0,static engineering mechanism scenario; not operator capacity
ample,161,north,3.0,static engineering mechanism scenario; not operator capacity
ample,161,northwest,3.0,static engineering mechanism scenario; not operator capacity
ample,161,southwest,3.0,static engineering mechanism scenario; not operator capacity
ample,162,east,5.0,static engineering mechanism scenario; not operator capacity
ample,162,north,3.0,static engineering mechanism scenario; not operator capacity
ample,162,northwest,3.0,static engineering mechanism scenario; not operator capacity
ample,162,southwest,3.0,static engineering mechanism scenario; not operator capacity
ample,163,east,5.0,static engineering mechanism scenario; not operator capacity
ample,163,north,3.0,static engineering mechanism scenario; not operator capacity
ample,163,northwest,3.0,static engineering mechanism scenario; not operator capacity
ample,163,southwest,3.0,static engineering mechanism scenario; not operator capacity
ample,164,east,5.0,static engineering mechanism scenario; not operator capacity
ample,164,north,3.0,static engineering mechanism scenario; not operator capacity
ample,164,northwest,3.0,static engineering mechanism scenario; not operator capacity
ample,164,southwest,3.0,static engineering mechanism scenario; not operator capacity
ample,165,east,5.0,static engineering mechanism scenario; not operator capacity
ample,165,north,3.0,static engineering mechanism scenario; not operator capacity
ample,165,northwest,3.0,static engineering mechanism scenario; not operator capacity
ample,165,southwest,3.0,static engineering mechanism scenario; not operator capacity
ample,166,east,5.0,static engineering mechanism scenario; not operator capacity
ample,166,north,3.0,static engineering mechanism scenario; not operator capacity
ample,166,northwest,3.0,static engineering mechanism scenario; not operator capacity
ample,166,southwest,3.0,static engineering mechanism scenario; not operator capacity
ample,167,east,5.0,static engineering mechanism scenario; not operator capacity
ample,167,north,3.0,static engineering mechanism scenario; not operator capacity
ample,167,northwest,3.0,static engineering mechanism scenario; not operator capacity
ample,167,southwest,3.0,static engineering mechanism scenario; not operator capacity
ample,168,east,5.0,static engineering mechanism scenario; not operator capacity
ample,168,north,3.0,static engineering mechanism scenario; not operator capacity
ample,168,northwest,3.0,static engineering mechanism scenario; not operator capacity
ample,168,southwest,3.0,static engineering mechanism scenario; not operator capacity
ample,169,east,5.0,static engineering mechanism scenario; not operator capacity
ample,169,north,3.0,static engineering mechanism scenario; not operator capacity
ample,169,northwest,3.0,static engineering mechanism scenario; not operator capacity
ample,169,southwest,3.0,static engineering mechanism scenario; not operator capacity
ample,170,east,5.0,static engineering mechanism scenario; not operator capacity
ample,170,north,3.0,static engineering mechanism scenario; not operator capacity
ample,170,northwest,3.0,static engineering mechanism scenario; not operator capacity
ample,170,southwest,3.0,static engineering mechanism scenario; not operator capacity
ample,171,east,5.0,static engineering mechanism scenario; not operator capacity
ample,171,north,3.0,static engineering mechanism scenario; not operator capacity
ample,171,northwest,3.0,static engineering mechanism scenario; not operator capacity
ample,171,southwest,3.0,static engineering mechanism scenario; not operator capacity
ample,172,east,5.0,static engineering mechanism scenario; not operator capacity
ample,172,north,3.0,static engineering mechanism scenario; not operator capacity
ample,172,northwest,3.0,static engineering mechanism scenario; not operator capacity
ample,172,southwest,3.0,static engineering mechanism scenario; not operator capacity
ample,173,east,5.0,static engineering mechanism scenario; not operator capacity
ample,173,north,3.0,static engineering mechanism scenario; not operator capacity
ample,173,northwest,3.0,static engineering mechanism scenario; not operator capacity
ample,173,southwest,3.0,static engineering mechanism scenario; not operator capacity
ample,174,east,5.0,static engineering mechanism scenario; not operator capacity
ample,174,north,3.0,static engineering mechanism scenario; not operator capacity
ample,174,northwest,3.0,static engineering mechanism scenario; not operator capacity
ample,174,southwest,3.0,static engineering mechanism scenario; not operator capacity
ample,175,east,5.0,static engineering mechanism scenario; not operator capacity
ample,175,north,3.0,static engineering mechanism scenario; not operator capacity
ample,175,northwest,3.0,static engineering mechanism scenario; not operator capacity
ample,175,southwest,3.0,static engineering mechanism scenario; not operator capacity
ample,176,east,5.0,static engineering mechanism scenario; not operator capacity
ample,176,north,3.0,static engineering mechanism scenario; not operator capacity
ample,176,northwest,3.0,static engineering mechanism scenario; not operator capacity
ample,176,southwest,3.0,static engineering mechanism scenario; not operator capacity
ample,177,east,5.0,static engineering mechanism scenario; not operator capacity
ample,177,north,3.0,static engineering mechanism scenario; not operator capacity
ample,177,northwest,3.0,static engineering mechanism scenario; not operator capacity
ample,177,southwest,3.0,static engineering mechanism scenario; not operator capacity
ample,178,east,5.0,static engineering mechanism scenario; not operator capacity
ample,178,north,3.0,static engineering mechanism scenario; not operator capacity
ample,178,northwest,3.0,static engineering mechanism scenario; not operator capacity
ample,178,southwest,3.0,static engineering mechanism scenario; not operator capacity
ample,179,east,5.0,static engineering mechanism scenario; not operator capacity
ample,179,north,3.0,static engineering mechanism scenario; not operator capacity
ample,179,northwest,3.0,static engineering mechanism scenario; not operator capacity
ample,179,southwest,3.0,static engineering mechanism scenario; not operator capacity
ample,180,east,5.0,static engineering mechanism scenario; not operator capacity
ample,180,north,3.0,static engineering mechanism scenario; not operator capacity
ample,180,northwest,3.0,static engineering mechanism scenario; not operator capacity
ample,180,southwest,3.0,static engineering mechanism scenario; not operator capacity
ample,181,east,5.0,static engineering mechanism scenario; not operator capacity
ample,181,north,3.0,static engineering mechanism scenario; not operator capacity
ample,181,northwest,3.0,static engineering mechanism scenario; not operator capacity
ample,181,southwest,3.0,static engineering mechanism scenario; not operator capacity
ample,182,east,5.0,static engineering mechanism scenario; not operator capacity
ample,182,north,3.0,static engineering mechanism scenario; not operator capacity
ample,182,northwest,3.0,static engineering mechanism scenario; not operator capacity
ample,182,southwest,3.0,static engineering mechanism scenario; not operator capacity
ample,183,east,5.0,static engineering mechanism scenario; not operator capacity
ample,183,north,3.0,static engineering mechanism scenario; not operator capacity
ample,183,northwest,3.0,static engineering mechanism scenario; not operator capacity
ample,183,southwest,3.0,static engineering mechanism scenario; not operator capacity
ample,184,east,5.0,static engineering mechanism scenario; not operator capacity
ample,184,north,3.0,static engineering mechanism scenario; not operator capacity
ample,184,northwest,3.0,static engineering mechanism scenario; not operator capacity
ample,184,southwest,3.0,static engineering mechanism scenario; not operator capacity
ample,185,east,5.0,static engineering mechanism scenario; not operator capacity
ample,185,north,3.0,static engineering mechanism scenario; not operator capacity
ample,185,northwest,3.0,static engineering mechanism scenario; not operator capacity
ample,185,southwest,3.0,static engineering mechanism scenario; not operator capacity
ample,186,east,5.0,static engineering mechanism scenario; not operator capacity
ample,186,north,3.0,static engineering mechanism scenario; not operator capacity
ample,186,northwest,3.0,static engineering mechanism scenario; not operator capacity
ample,186,southwest,3.0,static engineering mechanism scenario; not operator capacity
ample,187,east,5.0,static engineering mechanism scenario; not operator capacity
ample,187,north,3.0,static engineering mechanism scenario; not operator capacity
ample,187,northwest,3.0,static engineering mechanism scenario; not operator capacity
ample,187,southwest,3.0,static engineering mechanism scenario; not operator capacity
ample,188,east,5.0,static engineering mechanism scenario; not operator capacity
ample,188,north,3.0,static engineering mechanism scenario; not operator capacity
ample,188,northwest,3.0,static engineering mechanism scenario; not operator capacity
ample,188,southwest,3.0,static engineering mechanism scenario; not operator capacity
ample,189,east,5.0,static engineering mechanism scenario; not operator capacity
ample,189,north,3.0,static engineering mechanism scenario; not operator capacity
ample,189,northwest,3.0,static engineering mechanism scenario; not operator capacity
ample,189,southwest,3.0,static engineering mechanism scenario; not operator capacity
ample,190,east,5.0,static engineering mechanism scenario; not operator capacity
ample,190,north,3.0,static engineering mechanism scenario; not operator capacity
ample,190,northwest,3.0,static engineering mechanism scenario; not operator capacity
ample,190,southwest,3.0,static engineering mechanism scenario; not operator capacity
ample,191,east,5.0,static engineering mechanism scenario; not operator capacity
ample,191,north,3.0,static engineering mechanism scenario; not operator capacity
ample,191,northwest,3.0,static engineering mechanism scenario; not operator capacity
ample,191,southwest,3.0,static engineering mechanism scenario; not operator capacity
ample,192,east,5.0,static engineering mechanism scenario; not operator capacity
ample,192,north,3.0,static engineering mechanism scenario; not operator capacity
ample,192,northwest,3.0,static engineering mechanism scenario; not operator capacity
ample,192,southwest,3.0,static engineering mechanism scenario; not operator capacity
ample,193,east,5.0,static engineering mechanism scenario; not operator capacity
ample,193,north,3.0,static engineering mechanism scenario; not operator capacity
ample,193,northwest,3.0,static engineering mechanism scenario; not operator capacity
ample,193,southwest,3.0,static engineering mechanism scenario; not operator capacity
ample,194,east,5.0,static engineering mechanism scenario; not operator capacity
ample,194,north,3.0,static engineering mechanism scenario; not operator capacity
ample,194,northwest,3.0,static engineering mechanism scenario; not operator capacity
ample,194,southwest,3.0,static engineering mechanism scenario; not operator capacity
ample,195,east,5.0,static engineering mechanism scenario; not operator capacity
ample,195,north,3.0,static engineering mechanism scenario; not operator capacity
ample,195,northwest,3.0,static engineering mechanism scenario; not operator capacity
ample,195,southwest,3.0,static engineering mechanism scenario; not operator capacity
ample,196,east,5.0,static engineering mechanism scenario; not operator capacity
ample,196,north,3.0,static engineering mechanism scenario; not operator capacity
ample,196,northwest,3.0,static engineering mechanism scenario; not operator capacity
ample,196,southwest,3.0,static engineering mechanism scenario; not operator capacity
ample,197,east,5.0,static engineering mechanism scenario; not operator capacity
ample,197,north,3.0,static engineering mechanism scenario; not operator capacity
ample,197,northwest,3.0,static engineering mechanism scenario; not operator capacity
ample,197,southwest,3.0,static engineering mechanism scenario; not operator capacity
ample,198,east,5.0,static engineering mechanism scenario; not operator capacity
ample,198,north,3.0,static engineering mechanism scenario; not operator capacity
ample,198,northwest,3.0,static engineering mechanism scenario; not operator capacity
ample,198,southwest,3.0,static engineering mechanism scenario; not operator capacity
ample,199,east,5.0,static engineering mechanism scenario; not operator capacity
ample,199,north,3.0,static engineering mechanism scenario; not operator capacity
ample,199,northwest,3.0,static engineering mechanism scenario; not operator capacity
ample,199,southwest,3.0,static engineering mechanism scenario; not operator capacity
ample,200,east,5.0,static engineering mechanism scenario; not operator capacity
ample,200,north,3.0,static engineering mechanism scenario; not operator capacity
ample,200,northwest,3.0,static engineering mechanism scenario; not operator capacity
ample,200,southwest,3.0,static engineering mechanism scenario; not operator capacity
ample,201,east,5.0,static engineering mechanism scenario; not operator capacity
ample,201,north,3.0,static engineering mechanism scenario; not operator capacity
ample,201,northwest,3.0,static engineering mechanism scenario; not operator capacity
ample,201,southwest,3.0,static engineering mechanism scenario; not operator capacity
ample,202,east,5.0,static engineering mechanism scenario; not operator capacity
ample,202,north,3.0,static engineering mechanism scenario; not operator capacity
ample,202,northwest,3.0,static engineering mechanism scenario; not operator capacity
ample,202,southwest,3.0,static engineering mechanism scenario; not operator capacity
ample,203,east,5.0,static engineering mechanism scenario; not operator capacity
ample,203,north,3.0,static engineering mechanism scenario; not operator capacity
ample,203,northwest,3.0,static engineering mechanism scenario; not operator capacity
ample,203,southwest,3.0,static engineering mechanism scenario; not operator capacity
ample,204,east,5.0,static engineering mechanism scenario; not operator capacity
ample,204,north,3.0,static engineering mechanism scenario; not operator capacity
ample,204,northwest,3.0,static engineering mechanism scenario; not operator capacity
ample,204,southwest,3.0,static engineering mechanism scenario; not operator capacity
ample,205,east,5.0,static engineering mechanism scenario; not operator capacity
ample,205,north,3.0,static engineering mechanism scenario; not operator capacity
ample,205,northwest,3.0,static engineering mechanism scenario; not operator capacity
ample,205,southwest,3.0,static engineering mechanism scenario; not operator capacity
ample,206,east,5.0,static engineering mechanism scenario; not operator capacity
ample,206,north,3.0,static engineering mechanism scenario; not operator capacity
ample,206,northwest,3.0,static engineering mechanism scenario; not operator capacity
ample,206,southwest,3.0,static engineering mechanism scenario; not operator capacity
ample,207,east,5.0,static engineering mechanism scenario; not operator capacity
ample,207,north,3.0,static engineering mechanism scenario; not operator capacity
ample,207,northwest,3.0,static engineering mechanism scenario; not operator capacity
ample,207,southwest,3.0,static engineering mechanism scenario; not operator capacity
ample,208,east,5.0,static engineering mechanism scenario; not operator capacity
ample,208,north,3.0,static engineering mechanism scenario; not operator capacity
ample,208,northwest,3.0,static engineering mechanism scenario; not operator capacity
ample,208,southwest,3.0,static engineering mechanism scenario; not operator capacity
ample,209,east,5.0,static engineering mechanism scenario; not operator capacity
ample,209,north,3.0,static engineering mechanism scenario; not operator capacity
ample,209,northwest,3.0,static engineering mechanism scenario; not operator capacity
ample,209,southwest,3.0,static engineering mechanism scenario; not operator capacity
ample,210,east,5.0,static engineering mechanism scenario; not operator capacity
ample,210,north,3.0,static engineering mechanism scenario; not operator capacity
ample,210,northwest,3.0,static engineering mechanism scenario; not operator capacity
ample,210,southwest,3.0,static engineering mechanism scenario; not operator capacity
ample,211,east,5.0,static engineering mechanism scenario; not operator capacity
ample,211,north,3.0,static engineering mechanism scenario; not operator capacity
ample,211,northwest,3.0,static engineering mechanism scenario; not operator capacity
ample,211,southwest,3.0,static engineering mechanism scenario; not operator capacity
ample,212,east,5.0,static engineering mechanism scenario; not operator capacity
ample,212,north,3.0,static engineering mechanism scenario; not operator capacity
ample,212,northwest,3.0,static engineering mechanism scenario; not operator capacity
ample,212,southwest,3.0,static engineering mechanism scenario; not operator capacity
ample,213,east,5.0,static engineering mechanism scenario; not operator capacity
ample,213,north,3.0,static engineering mechanism scenario; not operator capacity
ample,213,northwest,3.0,static engineering mechanism scenario; not operator capacity
ample,213,southwest,3.0,static engineering mechanism scenario; not operator capacity
ample,214,east,5.0,static engineering mechanism scenario; not operator capacity
ample,214,north,3.0,static engineering mechanism scenario; not operator capacity
ample,214,northwest,3.0,static engineering mechanism scenario; not operator capacity
ample,214,southwest,3.0,static engineering mechanism scenario; not operator capacity
ample,215,east,5.0,static engineering mechanism scenario; not operator capacity
ample,215,north,3.0,static engineering mechanism scenario; not operator capacity
ample,215,northwest,3.0,static engineering mechanism scenario; not operator capacity
ample,215,southwest,3.0,static engineering mechanism scenario; not operator capacity
ample,216,east,5.0,static engineering mechanism scenario; not operator capacity
ample,216,north,3.0,static engineering mechanism scenario; not operator capacity
ample,216,northwest,3.0,static engineering mechanism scenario; not operator capacity
ample,216,southwest,3.0,static engineering mechanism scenario; not operator capacity
ample,217,east,5.0,static engineering mechanism scenario; not operator capacity
ample,217,north,3.0,static engineering mechanism scenario; not operator capacity
ample,217,northwest,3.0,static engineering mechanism scenario; not operator capacity
ample,217,southwest,3.0,static engineering mechanism scenario; not operator capacity
ample,218,east,5.0,static engineering mechanism scenario; not operator capacity
ample,218,north,3.0,static engineering mechanism scenario; not operator capacity
ample,218,northwest,3.0,static engineering mechanism scenario; not operator capacity
ample,218,southwest,3.0,static engineering mechanism scenario; not operator capacity
ample,219,east,5.0,static engineering mechanism scenario; not operator capacity
ample,219,north,3.0,static engineering mechanism scenario; not operator capacity
ample,219,northwest,3.0,static engineering mechanism scenario; not operator capacity
ample,219,southwest,3.0,static engineering mechanism scenario; not operator capacity
ample,220,east,5.0,static engineering mechanism scenario; not operator capacity
ample,220,north,3.0,static engineering mechanism scenario; not operator capacity
ample,220,northwest,3.0,static engineering mechanism scenario; not operator capacity
ample,220,southwest,3.0,static engineering mechanism scenario; not operator capacity
ample,221,east,5.0,static engineering mechanism scenario; not operator capacity
ample,221,north,3.0,static engineering mechanism scenario; not operator capacity
ample,221,northwest,3.0,static engineering mechanism scenario; not operator capacity
ample,221,southwest,3.0,static engineering mechanism scenario; not operator capacity
ample,222,east,5.0,static engineering mechanism scenario; not operator capacity
ample,222,north,3.0,static engineering mechanism scenario; not operator capacity
ample,222,northwest,3.0,static engineering mechanism scenario; not operator capacity
ample,222,southwest,3.0,static engineering mechanism scenario; not operator capacity
ample,223,east,5.0,static engineering mechanism scenario; not operator capacity
ample,223,north,3.0,static engineering mechanism scenario; not operator capacity
ample,223,northwest,3.0,static engineering mechanism scenario; not operator capacity
ample,223,southwest,3.0,static engineering mechanism scenario; not operator capacity
ample,224,east,5.0,static engineering mechanism scenario; not operator capacity
ample,224,north,3.0,static engineering mechanism scenario; not operator capacity
ample,224,northwest,3.0,static engineering mechanism scenario; not operator capacity
ample,224,southwest,3.0,static engineering mechanism scenario; not operator capacity
ample,225,east,5.0,static engineering mechanism scenario; not operator capacity
ample,225,north,3.0,static engineering mechanism scenario; not operator capacity
ample,225,northwest,3.0,static engineering mechanism scenario; not operator capacity
ample,225,southwest,3.0,static engineering mechanism scenario; not operator capacity
ample,226,east,5.0,static engineering mechanism scenario; not operator capacity
ample,226,north,3.0,static engineering mechanism scenario; not operator capacity
ample,226,northwest,3.0,static engineering mechanism scenario; not operator capacity
ample,226,southwest,3.0,static engineering mechanism scenario; not operator capacity
ample,227,east,5.0,static engineering mechanism scenario; not operator capacity
ample,227,north,3.0,static engineering mechanism scenario; not operator capacity
ample,227,northwest,3.0,static engineering mechanism scenario; not operator capacity
ample,227,southwest,3.0,static engineering mechanism scenario; not operator capacity
ample,228,east,5.0,static engineering mechanism scenario; not operator capacity
ample,228,north,3.0,static engineering mechanism scenario; not operator capacity
ample,228,northwest,3.0,static engineering mechanism scenario; not operator capacity
ample,228,southwest,3.0,static engineering mechanism scenario; not operator capacity
ample,229,east,5.0,static engineering mechanism scenario; not operator capacity
ample,229,north,3.0,static engineering mechanism scenario; not operator capacity
ample,229,northwest,3.0,static engineering mechanism scenario; not operator capacity
ample,229,southwest,3.0,static engineering mechanism scenario; not operator capacity
ample,230,east,5.0,static engineering mechanism scenario; not operator capacity
ample,230,north,3.0,static engineering mechanism scenario; not operator capacity
ample,230,northwest,3.0,static engineering mechanism scenario; not operator capacity
ample,230,southwest,3.0,static engineering mechanism scenario; not operator capacity
ample,231,east,5.0,static engineering mechanism scenario; not operator capacity
ample,231,north,3.0,static engineering mechanism scenario; not operator capacity
ample,231,northwest,3.0,static engineering mechanism scenario; not operator capacity
ample,231,southwest,3.0,static engineering mechanism scenario; not operator capacity
ample,232,east,5.0,static engineering mechanism scenario; not operator capacity
ample,232,north,3.0,static engineering mechanism scenario; not operator capacity
ample,232,northwest,3.0,static engineering mechanism scenario; not operator capacity
ample,232,southwest,3.0,static engineering mechanism scenario; not operator capacity
ample,233,east,5.0,static engineering mechanism scenario; not operator capacity
ample,233,north,3.0,static engineering mechanism scenario; not operator capacity
ample,233,northwest,3.0,static engineering mechanism scenario; not operator capacity
ample,233,southwest,3.0,static engineering mechanism scenario; not operator capacity
ample,234,east,5.0,static engineering mechanism scenario; not operator capacity
ample,234,north,3.0,static engineering mechanism scenario; not operator capacity
ample,234,northwest,3.0,static engineering mechanism scenario; not operator capacity
ample,234,southwest,3.0,static engineering mechanism scenario; not operator capacity
ample,235,east,5.0,static engineering mechanism scenario; not operator capacity
ample,235,north,3.0,static engineering mechanism scenario; not operator capacity
ample,235,northwest,3.0,static engineering mechanism scenario; not operator capacity
ample,235,southwest,3.0,static engineering mechanism scenario; not operator capacity
ample,236,east,5.0,static engineering mechanism scenario; not operator capacity
ample,236,north,3.0,static engineering mechanism scenario; not operator capacity
ample,236,northwest,3.0,static engineering mechanism scenario; not operator capacity
ample,236,southwest,3.0,static engineering mechanism scenario; not operator capacity
ample,237,east,5.0,static engineering mechanism scenario; not operator capacity
ample,237,north,3.0,static engineering mechanism scenario; not operator capacity
ample,237,northwest,3.0,static engineering mechanism scenario; not operator capacity
ample,237,southwest,3.0,static engineering mechanism scenario; not operator capacity
ample,238,east,5.0,static engineering mechanism scenario; not operator capacity
ample,238,north,3.0,static engineering mechanism scenario; not operator capacity
ample,238,northwest,3.0,static engineering mechanism scenario; not operator capacity
ample,238,southwest,3.0,static engineering mechanism scenario; not operator capacity
ample,239,east,5.0,static engineering mechanism scenario; not operator capacity
ample,239,north,3.0,static engineering mechanism scenario; not operator capacity
ample,239,northwest,3.0,static engineering mechanism scenario; not operator capacity
ample,239,southwest,3.0,static engineering mechanism scenario; not operator capacity
ample,240,east,5.0,static engineering mechanism scenario; not operator capacity
ample,240,north,3.0,static engineering mechanism scenario; not operator capacity
ample,240,northwest,3.0,static engineering mechanism scenario; not operator capacity
ample,240,southwest,3.0,static engineering mechanism scenario; not operator capacity
ample,241,east,5.0,static engineering mechanism scenario; not operator capacity
ample,241,north,3.0,static engineering mechanism scenario; not operator capacity
ample,241,northwest,3.0,static engineering mechanism scenario; not operator capacity
ample,241,southwest,3.0,static engineering mechanism scenario; not operator capacity
ample,242,east,5.0,static engineering mechanism scenario; not operator capacity
ample,242,north,3.0,static engineering mechanism scenario; not operator capacity
ample,242,northwest,3.0,static engineering mechanism scenario; not operator capacity
ample,242,southwest,3.0,static engineering mechanism scenario; not operator capacity
ample,243,east,5.0,static engineering mechanism scenario; not operator capacity
ample,243,north,3.0,static engineering mechanism scenario; not operator capacity
ample,243,northwest,3.0,static engineering mechanism scenario; not operator capacity
ample,243,southwest,3.0,static engineering mechanism scenario; not operator capacity
ample,244,east,5.0,static engineering mechanism scenario; not operator capacity
ample,244,north,3.0,static engineering mechanism scenario; not operator capacity
ample,244,northwest,3.0,static engineering mechanism scenario; not operator capacity
ample,244,southwest,3.0,static engineering mechanism scenario; not operator capacity
ample,245,east,5.0,static engineering mechanism scenario; not operator capacity
ample,245,north,3.0,static engineering mechanism scenario; not operator capacity
ample,245,northwest,3.0,static engineering mechanism scenario; not operator capacity
ample,245,southwest,3.0,static engineering mechanism scenario; not operator capacity
ample,246,east,5.0,static engineering mechanism scenario; not operator capacity
ample,246,north,3.0,static engineering mechanism scenario; not operator capacity
ample,246,northwest,3.0,static engineering mechanism scenario; not operator capacity
ample,246,southwest,3.0,static engineering mechanism scenario; not operator capacity
ample,247,east,5.0,static engineering mechanism scenario; not operator capacity
ample,247,north,3.0,static engineering mechanism scenario; not operator capacity
ample,247,northwest,3.0,static engineering mechanism scenario; not operator capacity
ample,247,southwest,3.0,static engineering mechanism scenario; not operator capacity
ample,248,east,5.0,static engineering mechanism scenario; not operator capacity
ample,248,north,3.0,static engineering mechanism scenario; not operator capacity
ample,248,northwest,3.0,static engineering mechanism scenario; not operator capacity
ample,248,southwest,3.0,static engineering mechanism scenario; not operator capacity
ample,249,east,5.0,static engineering mechanism scenario; not operator capacity
ample,249,north,3.0,static engineering mechanism scenario; not operator capacity
ample,249,northwest,3.0,static engineering mechanism scenario; not operator capacity
ample,249,southwest,3.0,static engineering mechanism scenario; not operator capacity
ample,250,east,5.0,static engineering mechanism scenario; not operator capacity
ample,250,north,3.0,static engineering mechanism scenario; not operator capacity
ample,250,northwest,3.0,static engineering mechanism scenario; not operator capacity
ample,250,southwest,3.0,static engineering mechanism scenario; not operator capacity
ample,251,east,5.0,static engineering mechanism scenario; not operator capacity
ample,251,north,3.0,static engineering mechanism scenario; not operator capacity
ample,251,northwest,3.0,static engineering mechanism scenario; not operator capacity
ample,251,southwest,3.0,static engineering mechanism scenario; not operator capacity
ample,252,east,5.0,static engineering mechanism scenario; not operator capacity
ample,252,north,3.0,static engineering mechanism scenario; not operator capacity
ample,252,northwest,3.0,static engineering mechanism scenario; not operator capacity
ample,252,southwest,3.0,static engineering mechanism scenario; not operator capacity
ample,253,east,5.0,static engineering mechanism scenario; not operator capacity
ample,253,north,3.0,static engineering mechanism scenario; not operator capacity
ample,253,northwest,3.0,static engineering mechanism scenario; not operator capacity
ample,253,southwest,3.0,static engineering mechanism scenario; not operator capacity
ample,254,east,5.0,static engineering mechanism scenario; not operator capacity
ample,254,north,3.0,static engineering mechanism scenario; not operator capacity
ample,254,northwest,3.0,static engineering mechanism scenario; not operator capacity
ample,254,southwest,3.0,static engineering mechanism scenario; not operator capacity
ample,255,east,5.0,static engineering mechanism scenario; not operator capacity
ample,255,north,3.0,static engineering mechanism scenario; not operator capacity
ample,255,northwest,3.0,static engineering mechanism scenario; not operator capacity
ample,255,southwest,3.0,static engineering mechanism scenario; not operator capacity
ample,256,east,5.0,static engineering mechanism scenario; not operator capacity
ample,256,north,3.0,static engineering mechanism scenario; not operator capacity
ample,256,northwest,3.0,static engineering mechanism scenario; not operator capacity
ample,256,southwest,3.0,static engineering mechanism scenario; not operator capacity
ample,257,east,5.0,static engineering mechanism scenario; not operator capacity
ample,257,north,3.0,static engineering mechanism scenario; not operator capacity
ample,257,northwest,3.0,static engineering mechanism scenario; not operator capacity
ample,257,southwest,3.0,static engineering mechanism scenario; not operator capacity
ample,258,east,5.0,static engineering mechanism scenario; not operator capacity
ample,258,north,3.0,static engineering mechanism scenario; not operator capacity
ample,258,northwest,3.0,static engineering mechanism scenario; not operator capacity
ample,258,southwest,3.0,static engineering mechanism scenario; not operator capacity
ample,259,east,5.0,static engineering mechanism scenario; not operator capacity
ample,259,north,3.0,static engineering mechanism scenario; not operator capacity
ample,259,northwest,3.0,static engineering mechanism scenario; not operator capacity
ample,259,southwest,3.0,static engineering mechanism scenario; not operator capacity
ample,260,east,5.0,static engineering mechanism scenario; not operator capacity
ample,260,north,3.0,static engineering mechanism scenario; not operator capacity
ample,260,northwest,3.0,static engineering mechanism scenario; not operator capacity
ample,260,southwest,3.0,static engineering mechanism scenario; not operator capacity
ample,261,east,5.0,static engineering mechanism scenario; not operator capacity
ample,261,north,3.0,static engineering mechanism scenario; not operator capacity
ample,261,northwest,3.0,static engineering mechanism scenario; not operator capacity
ample,261,southwest,3.0,static engineering mechanism scenario; not operator capacity
ample,262,east,5.0,static engineering mechanism scenario; not operator capacity
ample,262,north,3.0,static engineering mechanism scenario; not operator capacity
ample,262,northwest,3.0,static engineering mechanism scenario; not operator capacity
ample,262,southwest,3.0,static engineering mechanism scenario; not operator capacity
ample,263,east,5.0,static engineering mechanism scenario; not operator capacity
ample,263,north,3.0,static engineering mechanism scenario; not operator capacity
ample,263,northwest,3.0,static engineering mechanism scenario; not operator capacity
ample,263,southwest,3.0,static engineering mechanism scenario; not operator capacity
ample,264,east,5.0,static engineering mechanism scenario; not operator capacity
ample,264,north,3.0,static engineering mechanism scenario; not operator capacity
ample,264,northwest,3.0,static engineering mechanism scenario; not operator capacity
ample,264,southwest,3.0,static engineering mechanism scenario; not operator capacity
ample,265,east,5.0,static engineering mechanism scenario; not operator capacity
ample,265,north,3.0,static engineering mechanism scenario; not operator capacity
ample,265,northwest,3.0,static engineering mechanism scenario; not operator capacity
ample,265,southwest,3.0,static engineering mechanism scenario; not operator capacity
ample,266,east,5.0,static engineering mechanism scenario; not operator capacity
ample,266,north,3.0,static engineering mechanism scenario; not operator capacity
ample,266,northwest,3.0,static engineering mechanism scenario; not operator capacity
ample,266,southwest,3.0,static engineering mechanism scenario; not operator capacity
ample,267,east,5.0,static engineering mechanism scenario; not operator capacity
ample,267,north,3.0,static engineering mechanism scenario; not operator capacity
ample,267,northwest,3.0,static engineering mechanism scenario; not operator capacity
ample,267,southwest,3.0,static engineering mechanism scenario; not operator capacity
ample,268,east,5.0,static engineering mechanism scenario; not operator capacity
ample,268,north,3.0,static engineering mechanism scenario; not operator capacity
ample,268,northwest,3.0,static engineering mechanism scenario; not operator capacity
ample,268,southwest,3.0,static engineering mechanism scenario; not operator capacity
ample,269,east,5.0,static engineering mechanism scenario; not operator capacity
ample,269,north,3.0,static engineering mechanism scenario; not operator capacity
ample,269,northwest,3.0,static engineering mechanism scenario; not operator capacity
ample,269,southwest,3.0,static engineering mechanism scenario; not operator capacity
ample,270,east,5.0,static engineering mechanism scenario; not operator capacity
ample,270,north,3.0,static engineering mechanism scenario; not operator capacity
ample,270,northwest,3.0,static engineering mechanism scenario; not operator capacity
ample,270,southwest,3.0,static engineering mechanism scenario; not operator capacity
ample,271,east,5.0,static engineering mechanism scenario; not operator capacity
ample,271,north,3.0,static engineering mechanism scenario; not operator capacity
ample,271,northwest,3.0,static engineering mechanism scenario; not operator capacity
ample,271,southwest,3.0,static engineering mechanism scenario; not operator capacity
ample,272,east,5.0,static engineering mechanism scenario; not operator capacity
ample,272,north,3.0,static engineering mechanism scenario; not operator capacity
ample,272,northwest,3.0,static engineering mechanism scenario; not operator capacity
ample,272,southwest,3.0,static engineering mechanism scenario; not operator capacity
ample,273,east,5.0,static engineering mechanism scenario; not operator capacity
ample,273,north,3.0,static engineering mechanism scenario; not operator capacity
ample,273,northwest,3.0,static engineering mechanism scenario; not operator capacity
ample,273,southwest,3.0,static engineering mechanism scenario; not operator capacity
ample,274,east,5.0,static engineering mechanism scenario; not operator capacity
ample,274,north,3.0,static engineering mechanism scenario; not operator capacity
ample,274,northwest,3.0,static engineering mechanism scenario; not operator capacity
ample,274,southwest,3.0,static engineering mechanism scenario; not operator capacity
ample,275,east,5.0,static engineering mechanism scenario; not operator capacity
ample,275,north,3.0,static engineering mechanism scenario; not operator capacity
ample,275,northwest,3.0,static engineering mechanism scenario; not operator capacity
ample,275,southwest,3.0,static engineering mechanism scenario; not operator capacity
ample,276,east,5.0,static engineering mechanism scenario; not operator capacity
ample,276,north,3.0,static engineering mechanism scenario; not operator capacity
ample,276,northwest,3.0,static engineering mechanism scenario; not operator capacity
ample,276,southwest,3.0,static engineering mechanism scenario; not operator capacity
ample,277,east,5.0,static engineering mechanism scenario; not operator capacity
ample,277,north,3.0,static engineering mechanism scenario; not operator capacity
ample,277,northwest,3.0,static engineering mechanism scenario; not operator capacity
ample,277,southwest,3.0,static engineering mechanism scenario; not operator capacity
ample,278,east,5.0,static engineering mechanism scenario; not operator capacity
ample,278,north,3.0,static engineering mechanism scenario; not operator capacity
ample,278,northwest,3.0,static engineering mechanism scenario; not operator capacity
ample,278,southwest,3.0,static engineering mechanism scenario; not operator capacity
ample,279,east,5.0,static engineering mechanism scenario; not operator capacity
ample,279,north,3.0,static engineering mechanism scenario; not operator capacity
ample,279,northwest,3.0,static engineering mechanism scenario; not operator capacity
ample,279,southwest,3.0,static engineering mechanism scenario; not operator capacity
ample,280,east,5.0,static engineering mechanism scenario; not operator capacity
ample,280,north,3.0,static engineering mechanism scenario; not operator capacity
ample,280,northwest,3.0,static engineering mechanism scenario; not operator capacity
ample,280,southwest,3.0,static engineering mechanism scenario; not operator capacity
ample,281,east,5.0,static engineering mechanism scenario; not operator capacity
ample,281,north,3.0,static engineering mechanism scenario; not operator capacity
ample,281,northwest,3.0,static engineering mechanism scenario; not operator capacity
ample,281,southwest,3.0,static engineering mechanism scenario; not operator capacity
ample,282,east,5.0,static engineering mechanism scenario; not operator capacity
ample,282,north,3.0,static engineering mechanism scenario; not operator capacity
ample,282,northwest,3.0,static engineering mechanism scenario; not operator capacity
ample,282,southwest,3.0,static engineering mechanism scenario; not operator capacity
ample,283,east,5.0,static engineering mechanism scenario; not operator capacity
ample,283,north,3.0,static engineering mechanism scenario; not operator capacity
ample,283,northwest,3.0,static engineering mechanism scenario; not operator capacity
ample,283,southwest,3.0,static engineering mechanism scenario; not operator capacity
ample,284,east,5.0,static engineering mechanism scenario; not operator capacity
ample,284,north,3.0,static engineering mechanism scenario; not operator capacity
ample,284,northwest,3.0,static engineering mechanism scenario; not operator capacity
ample,284,southwest,3.0,static engineering mechanism scenario; not operator capacity
ample,285,east,5.0,static engineering mechanism scenario; not operator capacity
ample,285,north,3.0,static engineering mechanism scenario; not operator capacity
ample,285,northwest,3.0,static engineering mechanism scenario; not operator capacity
ample,285,southwest,3.0,static engineering mechanism scenario; not operator capacity
ample,286,east,5.0,static engineering mechanism scenario; not operator capacity
ample,286,north,3.0,static engineering mechanism scenario; not operator capacity
ample,286,northwest,3.0,static engineering mechanism scenario; not operator capacity
ample,286,southwest,3.0,static engineering mechanism scenario; not operator capacity
ample,287,east,5.0,static engineering mechanism scenario; not operator capacity
ample,287,north,3.0,static engineering mechanism scenario; not operator capacity
ample,287,northwest,3.0,static engineering mechanism scenario; not operator capacity
ample,287,southwest,3.0,static engineering mechanism scenario; not operator capacity
ample,288,east,5.0,static engineering mechanism scenario; not operator capacity
ample,288,north,3.0,static engineering mechanism scenario; not operator capacity
ample,288,northwest,3.0,static engineering mechanism scenario; not operator capacity
ample,288,southwest,3.0,static engineering mechanism scenario; not operator capacity
ample,289,east,5.0,static engineering mechanism scenario; not operator capacity
ample,289,north,3.0,static engineering mechanism scenario; not operator capacity
ample,289,northwest,3.0,static engineering mechanism scenario; not operator capacity
ample,289,southwest,3.0,static engineering mechanism scenario; not operator capacity
ample,290,east,5.0,static engineering mechanism scenario; not operator capacity
ample,290,north,3.0,static engineering mechanism scenario; not operator capacity
ample,290,northwest,3.0,static engineering mechanism scenario; not operator capacity
ample,290,southwest,3.0,static engineering mechanism scenario; not operator capacity
ample,291,east,5.0,static engineering mechanism scenario; not operator capacity
ample,291,north,3.0,static engineering mechanism scenario; not operator capacity
ample,291,northwest,3.0,static engineering mechanism scenario; not operator capacity
ample,291,southwest,3.0,static engineering mechanism scenario; not operator capacity
ample,292,east,5.0,static engineering mechanism scenario; not operator capacity
ample,292,north,3.0,static engineering mechanism scenario; not operator capacity
ample,292,northwest,3.0,static engineering mechanism scenario; not operator capacity
ample,292,southwest,3.0,static engineering mechanism scenario; not operator capacity
ample,293,east,5.0,static engineering mechanism scenario; not operator capacity
ample,293,north,3.0,static engineering mechanism scenario; not operator capacity
ample,293,northwest,3.0,static engineering mechanism scenario; not operator capacity
ample,293,southwest,3.0,static engineering mechanism scenario; not operator capacity
ample,294,east,5.0,static engineering mechanism scenario; not operator capacity
ample,294,north,3.0,static engineering mechanism scenario; not operator capacity
ample,294,northwest,3.0,static engineering mechanism scenario; not operator capacity
ample,294,southwest,3.0,static engineering mechanism scenario; not operator capacity
ample,295,east,5.0,static engineering mechanism scenario; not operator capacity
ample,295,north,3.0,static engineering mechanism scenario; not operator capacity
ample,295,northwest,3.0,static engineering mechanism scenario; not operator capacity
ample,295,southwest,3.0,static engineering mechanism scenario; not operator capacity
ample,296,east,5.0,static engineering mechanism scenario; not operator capacity
ample,296,north,3.0,static engineering mechanism scenario; not operator capacity
ample,296,northwest,3.0,static engineering mechanism scenario; not operator capacity
ample,296,southwest,3.0,static engineering mechanism scenario; not operator capacity
ample,297,east,5.0,static engineering mechanism scenario; not operator capacity
ample,297,north,3.0,static engineering mechanism scenario; not operator capacity
ample,297,northwest,3.0,static engineering mechanism scenario; not operator capacity
ample,297,southwest,3.0,static engineering mechanism scenario; not operator capacity
ample,298,east,5.0,static engineering mechanism scenario; not operator capacity
ample,298,north,3.0,static engineering mechanism scenario; not operator capacity
ample,298,northwest,3.0,static engineering mechanism scenario; not operator capacity
ample,298,southwest,3.0,static engineering mechanism scenario; not operator capacity
ample,299,east,5.0,static engineering mechanism scenario; not operator capacity
ample,299,north,3.0,static engineering mechanism scenario; not operator capacity
ample,299,northwest,3.0,static engineering mechanism scenario; not operator capacity
ample,299,southwest,3.0,static engineering mechanism scenario; not operator capacity
ample,300,east,5.0,static engineering mechanism scenario; not operator capacity
ample,300,north,3.0,static engineering mechanism scenario; not operator capacity
ample,300,northwest,3.0,static engineering mechanism scenario; not operator capacity
ample,300,southwest,3.0,static engineering mechanism scenario; not operator capacity
ample,301,east,5.0,static engineering mechanism scenario; not operator capacity
ample,301,north,3.0,static engineering mechanism scenario; not operator capacity
ample,301,northwest,3.0,static engineering mechanism scenario; not operator capacity
ample,301,southwest,3.0,static engineering mechanism scenario; not operator capacity
ample,302,east,5.0,static engineering mechanism scenario; not operator capacity
ample,302,north,3.0,static engineering mechanism scenario; not operator capacity
ample,302,northwest,3.0,static engineering mechanism scenario; not operator capacity
ample,302,southwest,3.0,static engineering mechanism scenario; not operator capacity
ample,303,east,5.0,static engineering mechanism scenario; not operator capacity
ample,303,north,3.0,static engineering mechanism scenario; not operator capacity
ample,303,northwest,3.0,static engineering mechanism scenario; not operator capacity
ample,303,southwest,3.0,static engineering mechanism scenario; not operator capacity
ample,304,east,5.0,static engineering mechanism scenario; not operator capacity
ample,304,north,3.0,static engineering mechanism scenario; not operator capacity
ample,304,northwest,3.0,static engineering mechanism scenario; not operator capacity
ample,304,southwest,3.0,static engineering mechanism scenario; not operator capacity
ample,305,east,5.0,static engineering mechanism scenario; not operator capacity
ample,305,north,3.0,static engineering mechanism scenario; not operator capacity
ample,305,northwest,3.0,static engineering mechanism scenario; not operator capacity
ample,305,southwest,3.0,static engineering mechanism scenario; not operator capacity
ample,306,east,5.0,static engineering mechanism scenario; not operator capacity
ample,306,north,3.0,static engineering mechanism scenario; not operator capacity
ample,306,northwest,3.0,static engineering mechanism scenario; not operator capacity
ample,306,southwest,3.0,static engineering mechanism scenario; not operator capacity
ample,307,east,5.0,static engineering mechanism scenario; not operator capacity
ample,307,north,3.0,static engineering mechanism scenario; not operator capacity
ample,307,northwest,3.0,static engineering mechanism scenario; not operator capacity
ample,307,southwest,3.0,static engineering mechanism scenario; not operator capacity
ample,308,east,5.0,static engineering mechanism scenario; not operator capacity
ample,308,north,3.0,static engineering mechanism scenario; not operator capacity
ample,308,northwest,3.0,static engineering mechanism scenario; not operator capacity
ample,308,southwest,3.0,static engineering mechanism scenario; not operator capacity
ample,309,east,5.0,static engineering mechanism scenario; not operator capacity
ample,309,north,3.0,static engineering mechanism scenario; not operator capacity
ample,309,northwest,3.0,static engineering mechanism scenario; not operator capacity
ample,309,southwest,3.0,static engineering mechanism scenario; not operator capacity
ample,310,east,5.0,static engineering mechanism scenario; not operator capacity
ample,310,north,3.0,static engineering mechanism scenario; not operator capacity
ample,310,northwest,3.0,static engineering mechanism scenario; not operator capacity
ample,310,southwest,3.0,static engineering mechanism scenario; not operator capacity
ample,311,east,5.0,static engineering mechanism scenario; not operator capacity
ample,311,north,3.0,static engineering mechanism scenario; not operator capacity
ample,311,northwest,3.0,static engineering mechanism scenario; not operator capacity
ample,311,southwest,3.0,static engineering mechanism scenario; not operator capacity
ample,312,east,5.0,static engineering mechanism scenario; not operator capacity
ample,312,north,3.0,static engineering mechanism scenario; not operator capacity
ample,312,northwest,3.0,static engineering mechanism scenario; not operator capacity
ample,312,southwest,3.0,static engineering mechanism scenario; not operator capacity
ample,313,east,5.0,static engineering mechanism scenario; not operator capacity
ample,313,north,3.0,static engineering mechanism scenario; not operator capacity
ample,313,northwest,3.0,static engineering mechanism scenario; not operator capacity
ample,313,southwest,3.0,static engineering mechanism scenario; not operator capacity
ample,314,east,5.0,static engineering mechanism scenario; not operator capacity
ample,314,north,3.0,static engineering mechanism scenario; not operator capacity
ample,314,northwest,3.0,static engineering mechanism scenario; not operator capacity
ample,314,southwest,3.0,static engineering mechanism scenario; not operator capacity
ample,315,east,5.0,static engineering mechanism scenario; not operator capacity
ample,315,north,3.0,static engineering mechanism scenario; not operator capacity
ample,315,northwest,3.0,static engineering mechanism scenario; not operator capacity
ample,315,southwest,3.0,static engineering mechanism scenario; not operator capacity
ample,316,east,5.0,static engineering mechanism scenario; not operator capacity
ample,316,north,3.0,static engineering mechanism scenario; not operator capacity
ample,316,northwest,3.0,static engineering mechanism scenario; not operator capacity
ample,316,southwest,3.0,static engineering mechanism scenario; not operator capacity
ample,317,east,5.0,static engineering mechanism scenario; not operator capacity
ample,317,north,3.0,static engineering mechanism scenario; not operator capacity
ample,317,northwest,3.0,static engineering mechanism scenario; not operator capacity
ample,317,southwest,3.0,static engineering mechanism scenario; not operator capacity
ample,318,east,5.0,static engineering mechanism scenario; not operator capacity
ample,318,north,3.0,static engineering mechanism scenario; not operator capacity
ample,318,northwest,3.0,static engineering mechanism scenario; not operator capacity
ample,318,southwest,3.0,static engineering mechanism scenario; not operator capacity
ample,319,east,5.0,static engineering mechanism scenario; not operator capacity
ample,319,north,3.0,static engineering mechanism scenario; not operator capacity
ample,319,northwest,3.0,static engineering mechanism scenario; not operator capacity
ample,319,southwest,3.0,static engineering mechanism scenario; not operator capacity
ample,320,east,5.0,static engineering mechanism scenario; not operator capacity
ample,320,north,3.0,static engineering mechanism scenario; not operator capacity
ample,320,northwest,3.0,static engineering mechanism scenario; not operator capacity
ample,320,southwest,3.0,static engineering mechanism scenario; not operator capacity
ample,321,east,5.0,static engineering mechanism scenario; not operator capacity
ample,321,north,3.0,static engineering mechanism scenario; not operator capacity
ample,321,northwest,3.0,static engineering mechanism scenario; not operator capacity
ample,321,southwest,3.0,static engineering mechanism scenario; not operator capacity
ample,322,east,5.0,static engineering mechanism scenario; not operator capacity
ample,322,north,3.0,static engineering mechanism scenario; not operator capacity
ample,322,northwest,3.0,static engineering mechanism scenario; not operator capacity
ample,322,southwest,3.0,static engineering mechanism scenario; not operator capacity
ample,323,east,5.0,static engineering mechanism scenario; not operator capacity
ample,323,north,3.0,static engineering mechanism scenario; not operator capacity
ample,323,northwest,3.0,static engineering mechanism scenario; not operator capacity
ample,323,southwest,3.0,static engineering mechanism scenario; not operator capacity
ample,324,east,5.0,static engineering mechanism scenario; not operator capacity
ample,324,north,3.0,static engineering mechanism scenario; not operator capacity
ample,324,northwest,3.0,static engineering mechanism scenario; not operator capacity
ample,324,southwest,3.0,static engineering mechanism scenario; not operator capacity
ample,325,east,5.0,static engineering mechanism scenario; not operator capacity
ample,325,north,3.0,static engineering mechanism scenario; not operator capacity
ample,325,northwest,3.0,static engineering mechanism scenario; not operator capacity
ample,325,southwest,3.0,static engineering mechanism scenario; not operator capacity
ample,326,east,5.0,static engineering mechanism scenario; not operator capacity
ample,326,north,3.0,static engineering mechanism scenario; not operator capacity
ample,326,northwest,3.0,static engineering mechanism scenario; not operator capacity
ample,326,southwest,3.0,static engineering mechanism scenario; not operator capacity
ample,327,east,5.0,static engineering mechanism scenario; not operator capacity
ample,327,north,3.0,static engineering mechanism scenario; not operator capacity
ample,327,northwest,3.0,static engineering mechanism scenario; not operator capacity
ample,327,southwest,3.0,static engineering mechanism scenario; not operator capacity
ample,328,east,5.0,static engineering mechanism scenario; not operator capacity
ample,328,north,3.0,static engineering mechanism scenario; not operator capacity
ample,328,northwest,3.0,static engineering mechanism scenario; not operator capacity
ample,328,southwest,3.0,static engineering mechanism scenario; not operator capacity
ample,329,east,5.0,static engineering mechanism scenario; not operator capacity
ample,329,north,3.0,static engineering mechanism scenario; not operator capacity
ample,329,northwest,3.0,static engineering mechanism scenario; not operator capacity
ample,329,southwest,3.0,static engineering mechanism scenario; not operator capacity
ample,330,east,5.0,static engineering mechanism scenario; not operator capacity
ample,330,north,3.0,static engineering mechanism scenario; not operator capacity
ample,330,northwest,3.0,static engineering mechanism scenario; not operator capacity
ample,330,southwest,3.0,static engineering mechanism scenario; not operator capacity
ample,331,east,5.0,static engineering mechanism scenario; not operator capacity
ample,331,north,3.0,static engineering mechanism scenario; not operator capacity
ample,331,northwest,3.0,static engineering mechanism scenario; not operator capacity
ample,331,southwest,3.0,static engineering mechanism scenario; not operator capacity
ample,332,east,5.0,static engineering mechanism scenario; not operator capacity
ample,332,north,3.0,static engineering mechanism scenario; not operator capacity
ample,332,northwest,3.0,static engineering mechanism scenario; not operator capacity
ample,332,southwest,3.0,static engineering mechanism scenario; not operator capacity
ample,333,east,5.0,static engineering mechanism scenario; not operator capacity
ample,333,north,3.0,static engineering mechanism scenario; not operator capacity
ample,333,northwest,3.0,static engineering mechanism scenario; not operator capacity
ample,333,southwest,3.0,static engineering mechanism scenario; not operator capacity
ample,334,east,5.0,static engineering mechanism scenario; not operator capacity
ample,334,north,3.0,static engineering mechanism scenario; not operator capacity
ample,334,northwest,3.0,static engineering mechanism scenario; not operator capacity
ample,334,southwest,3.0,static engineering mechanism scenario; not operator capacity
ample,335,east,5.0,static engineering mechanism scenario; not operator capacity
ample,335,north,3.0,static engineering mechanism scenario; not operator capacity
ample,335,northwest,3.0,static engineering mechanism scenario; not operator capacity
ample,335,southwest,3.0,static engineering mechanism scenario; not operator capacity
ample,336,east,5.0,static engineering mechanism scenario; not operator capacity
ample,336,north,3.0,static engineering mechanism scenario; not operator capacity
ample,336,northwest,3.0,static engineering mechanism scenario; not operator capacity
ample,336,southwest,3.0,static engineering mechanism scenario; not operator capacity
ample,337,east,5.0,static engineering mechanism scenario; not operator capacity
ample,337,north,3.0,static engineering mechanism scenario; not operator capacity
ample,337,northwest,3.0,static engineering mechanism scenario; not operator capacity
ample,337,southwest,3.0,static engineering mechanism scenario; not operator capacity
ample,338,east,5.0,static engineering mechanism scenario; not operator capacity
ample,338,north,3.0,static engineering mechanism scenario; not operator capacity
ample,338,northwest,3.0,static engineering mechanism scenario; not operator capacity
ample,338,southwest,3.0,static engineering mechanism scenario; not operator capacity
ample,339,east,5.0,static engineering mechanism scenario; not operator capacity
ample,339,north,3.0,static engineering mechanism scenario; not operator capacity
ample,339,northwest,3.0,static engineering mechanism scenario; not operator capacity
ample,339,southwest,3.0,static engineering mechanism scenario; not operator capacity
ample,340,east,5.0,static engineering mechanism scenario; not operator capacity
ample,340,north,3.0,static engineering mechanism scenario; not operator capacity
ample,340,northwest,3.0,static engineering mechanism scenario; not operator capacity
ample,340,southwest,3.0,static engineering mechanism scenario; not operator capacity
ample,341,east,5.0,static engineering mechanism scenario; not operator capacity
ample,341,north,3.0,static engineering mechanism scenario; not operator capacity
ample,341,northwest,3.0,static engineering mechanism scenario; not operator capacity
ample,341,southwest,3.0,static engineering mechanism scenario; not operator capacity
ample,342,east,5.0,static engineering mechanism scenario; not operator capacity
ample,342,north,3.0,static engineering mechanism scenario; not operator capacity
ample,342,northwest,3.0,static engineering mechanism scenario; not operator capacity
ample,342,southwest,3.0,static engineering mechanism scenario; not operator capacity
ample,343,east,5.0,static engineering mechanism scenario; not operator capacity
ample,343,north,3.0,static engineering mechanism scenario; not operator capacity
ample,343,northwest,3.0,static engineering mechanism scenario; not operator capacity
ample,343,southwest,3.0,static engineering mechanism scenario; not operator capacity
ample,344,east,5.0,static engineering mechanism scenario; not operator capacity
ample,344,north,3.0,static engineering mechanism scenario; not operator capacity
ample,344,northwest,3.0,static engineering mechanism scenario; not operator capacity
ample,344,southwest,3.0,static engineering mechanism scenario; not operator capacity
ample,345,east,5.0,static engineering mechanism scenario; not operator capacity
ample,345,north,3.0,static engineering mechanism scenario; not operator capacity
ample,345,northwest,3.0,static engineering mechanism scenario; not operator capacity
ample,345,southwest,3.0,static engineering mechanism scenario; not operator capacity
ample,346,east,5.0,static engineering mechanism scenario; not operator capacity
ample,346,north,3.0,static engineering mechanism scenario; not operator capacity
ample,346,northwest,3.0,static engineering mechanism scenario; not operator capacity
ample,346,southwest,3.0,static engineering mechanism scenario; not operator capacity
ample,347,east,5.0,static engineering mechanism scenario; not operator capacity
ample,347,north,3.0,static engineering mechanism scenario; not operator capacity
ample,347,northwest,3.0,static engineering mechanism scenario; not operator capacity
ample,347,southwest,3.0,static engineering mechanism scenario; not operator capacity
ample,348,east,5.0,static engineering mechanism scenario; not operator capacity
ample,348,north,3.0,static engineering mechanism scenario; not operator capacity
ample,348,northwest,3.0,static engineering mechanism scenario; not operator capacity
ample,348,southwest,3.0,static engineering mechanism scenario; not operator capacity
ample,349,east,5.0,static engineering mechanism scenario; not operator capacity
ample,349,north,3.0,static engineering mechanism scenario; not operator capacity
ample,349,northwest,3.0,static engineering mechanism scenario; not operator capacity
ample,349,southwest,3.0,static engineering mechanism scenario; not operator capacity
ample,350,east,5.0,static engineering mechanism scenario; not operator capacity
ample,350,north,3.0,static engineering mechanism scenario; not operator capacity
ample,350,northwest,3.0,static engineering mechanism scenario; not operator capacity
ample,350,southwest,3.0,static engineering mechanism scenario; not operator capacity
ample,351,east,5.0,static engineering mechanism scenario; not operator capacity
ample,351,north,3.0,static engineering mechanism scenario; not operator capacity
ample,351,northwest,3.0,static engineering mechanism scenario; not operator capacity
ample,351,southwest,3.0,static engineering mechanism scenario; not operator capacity
ample,352,east,5.0,static engineering mechanism scenario; not operator capacity
ample,352,north,3.0,static engineering mechanism scenario; not operator capacity
ample,352,northwest,3.0,static engineering mechanism scenario; not operator capacity
ample,352,southwest,3.0,static engineering mechanism scenario; not operator capacity
ample,353,east,5.0,static engineering mechanism scenario; not operator capacity
ample,353,north,3.0,static engineering mechanism scenario; not operator capacity
ample,353,northwest,3.0,static engineering mechanism scenario; not operator capacity
ample,353,southwest,3.0,static engineering mechanism scenario; not operator capacity
ample,354,east,5.0,static engineering mechanism scenario; not operator capacity
ample,354,north,3.0,static engineering mechanism scenario; not operator capacity
ample,354,northwest,3.0,static engineering mechanism scenario; not operator capacity
ample,354,southwest,3.0,static engineering mechanism scenario; not operator capacity
ample,355,east,5.0,static engineering mechanism scenario; not operator capacity
ample,355,north,3.0,static engineering mechanism scenario; not operator capacity
ample,355,northwest,3.0,static engineering mechanism scenario; not operator capacity
ample,355,southwest,3.0,static engineering mechanism scenario; not operator capacity
ample,356,east,5.0,static engineering mechanism scenario; not operator capacity
ample,356,north,3.0,static engineering mechanism scenario; not operator capacity
ample,356,northwest,3.0,static engineering mechanism scenario; not operator capacity
ample,356,southwest,3.0,static engineering mechanism scenario; not operator capacity
ample,357,east,5.0,static engineering mechanism scenario; not operator capacity
ample,357,north,3.0,static engineering mechanism scenario; not operator capacity
ample,357,northwest,3.0,static engineering mechanism scenario; not operator capacity
ample,357,southwest,3.0,static engineering mechanism scenario; not operator capacity
ample,358,east,5.0,static engineering mechanism scenario; not operator capacity
ample,358,north,3.0,static engineering mechanism scenario; not operator capacity
ample,358,northwest,3.0,static engineering mechanism scenario; not operator capacity
ample,358,southwest,3.0,static engineering mechanism scenario; not operator capacity
ample,359,east,5.0,static engineering mechanism scenario; not operator capacity
ample,359,north,3.0,static engineering mechanism scenario; not operator capacity
ample,359,northwest,3.0,static engineering mechanism scenario; not operator capacity
ample,359,southwest,3.0,static engineering mechanism scenario; not operator capacity
ample,360,east,5.0,static engineering mechanism scenario; not operator capacity
ample,360,north,3.0,static engineering mechanism scenario; not operator capacity
ample,360,northwest,3.0,static engineering mechanism scenario; not operator capacity
ample,360,southwest,3.0,static engineering mechanism scenario; not operator capacity
ample,361,east,5.0,static engineering mechanism scenario; not operator capacity
ample,361,north,3.0,static engineering mechanism scenario; not operator capacity
ample,361,northwest,3.0,static engineering mechanism scenario; not operator capacity
ample,361,southwest,3.0,static engineering mechanism scenario; not operator capacity
ample,362,east,5.0,static engineering mechanism scenario; not operator capacity
ample,362,north,3.0,static engineering mechanism scenario; not operator capacity
ample,362,northwest,3.0,static engineering mechanism scenario; not operator capacity
ample,362,southwest,3.0,static engineering mechanism scenario; not operator capacity
ample,363,east,5.0,static engineering mechanism scenario; not operator capacity
ample,363,north,3.0,static engineering mechanism scenario; not operator capacity
ample,363,northwest,3.0,static engineering mechanism scenario; not operator capacity
ample,363,southwest,3.0,static engineering mechanism scenario; not operator capacity
ample,364,east,5.0,static engineering mechanism scenario; not operator capacity
ample,364,north,3.0,static engineering mechanism scenario; not operator capacity
ample,364,northwest,3.0,static engineering mechanism scenario; not operator capacity
ample,364,southwest,3.0,static engineering mechanism scenario; not operator capacity
ample,365,east,5.0,static engineering mechanism scenario; not operator capacity
ample,365,north,3.0,static engineering mechanism scenario; not operator capacity
ample,365,northwest,3.0,static engineering mechanism scenario; not operator capacity
ample,365,southwest,3.0,static engineering mechanism scenario; not operator capacity
ample,366,east,5.0,static engineering mechanism scenario; not operator capacity
ample,366,north,3.0,static engineering mechanism scenario; not operator capacity
ample,366,northwest,3.0,static engineering mechanism scenario; not operator capacity
ample,366,southwest,3.0,static engineering mechanism scenario; not operator capacity
ample,367,east,5.0,static engineering mechanism scenario; not operator capacity
ample,367,north,3.0,static engineering mechanism scenario; not operator capacity
ample,367,northwest,3.0,static engineering mechanism scenario; not operator capacity
ample,367,southwest,3.0,static engineering mechanism scenario; not operator capacity
ample,368,east,5.0,static engineering mechanism scenario; not operator capacity
ample,368,north,3.0,static engineering mechanism scenario; not operator capacity
ample,368,northwest,3.0,static engineering mechanism scenario; not operator capacity
ample,368,southwest,3.0,static engineering mechanism scenario; not operator capacity
ample,369,east,5.0,static engineering mechanism scenario; not operator capacity
ample,369,north,3.0,static engineering mechanism scenario; not operator capacity
ample,369,northwest,3.0,static engineering mechanism scenario; not operator capacity
ample,369,southwest,3.0,static engineering mechanism scenario; not operator capacity
ample,370,east,5.0,static engineering mechanism scenario; not operator capacity
ample,370,north,3.0,static engineering mechanism scenario; not operator capacity
ample,370,northwest,3.0,static engineering mechanism scenario; not operator capacity
ample,370,southwest,3.0,static engineering mechanism scenario; not operator capacity
ample,371,east,5.0,static engineering mechanism scenario; not operator capacity
ample,371,north,3.0,static engineering mechanism scenario; not operator capacity
ample,371,northwest,3.0,static engineering mechanism scenario; not operator capacity
ample,371,southwest,3.0,static engineering mechanism scenario; not operator capacity
ample,372,east,5.0,static engineering mechanism scenario; not operator capacity
ample,372,north,3.0,static engineering mechanism scenario; not operator capacity
ample,372,northwest,3.0,static engineering mechanism scenario; not operator capacity
ample,372,southwest,3.0,static engineering mechanism scenario; not operator capacity
ample,373,east,5.0,static engineering mechanism scenario; not operator capacity
ample,373,north,3.0,static engineering mechanism scenario; not operator capacity
ample,373,northwest,3.0,static engineering mechanism scenario; not operator capacity
ample,373,southwest,3.0,static engineering mechanism scenario; not operator capacity
ample,374,east,5.0,static engineering mechanism scenario; not operator capacity
ample,374,north,3.0,static engineering mechanism scenario; not operator capacity
ample,374,northwest,3.0,static engineering mechanism scenario; not operator capacity
ample,374,southwest,3.0,static engineering mechanism scenario; not operator capacity
ample,375,east,5.0,static engineering mechanism scenario; not operator capacity
ample,375,north,3.0,static engineering mechanism scenario; not operator capacity
ample,375,northwest,3.0,static engineering mechanism scenario; not operator capacity
ample,375,southwest,3.0,static engineering mechanism scenario; not operator capacity
ample,376,east,5.0,static engineering mechanism scenario; not operator capacity
ample,376,north,3.0,static engineering mechanism scenario; not operator capacity
ample,376,northwest,3.0,static engineering mechanism scenario; not operator capacity
ample,376,southwest,3.0,static engineering mechanism scenario; not operator capacity
ample,377,east,5.0,static engineering mechanism scenario; not operator capacity
ample,377,north,3.0,static engineering mechanism scenario; not operator capacity
ample,377,northwest,3.0,static engineering mechanism scenario; not operator capacity
ample,377,southwest,3.0,static engineering mechanism scenario; not operator capacity
ample,378,east,5.0,static engineering mechanism scenario; not operator capacity
ample,378,north,3.0,static engineering mechanism scenario; not operator capacity
ample,378,northwest,3.0,static engineering mechanism scenario; not operator capacity
ample,378,southwest,3.0,static engineering mechanism scenario; not operator capacity
ample,379,east,5.0,static engineering mechanism scenario; not operator capacity
ample,379,north,3.0,static engineering mechanism scenario; not operator capacity
ample,379,northwest,3.0,static engineering mechanism scenario; not operator capacity
ample,379,southwest,3.0,static engineering mechanism scenario; not operator capacity
ample,380,east,5.0,static engineering mechanism scenario; not operator capacity
ample,380,north,3.0,static engineering mechanism scenario; not operator capacity
ample,380,northwest,3.0,static engineering mechanism scenario; not operator capacity
ample,380,southwest,3.0,static engineering mechanism scenario; not operator capacity
ample,381,east,5.0,static engineering mechanism scenario; not operator capacity
ample,381,north,3.0,static engineering mechanism scenario; not operator capacity
ample,381,northwest,3.0,static engineering mechanism scenario; not operator capacity
ample,381,southwest,3.0,static engineering mechanism scenario; not operator capacity
ample,382,east,5.0,static engineering mechanism scenario; not operator capacity
ample,382,north,3.0,static engineering mechanism scenario; not operator capacity
ample,382,northwest,3.0,static engineering mechanism scenario; not operator capacity
ample,382,southwest,3.0,static engineering mechanism scenario; not operator capacity
ample,383,east,5.0,static engineering mechanism scenario; not operator capacity
ample,383,north,3.0,static engineering mechanism scenario; not operator capacity
ample,383,northwest,3.0,static engineering mechanism scenario; not operator capacity
ample,383,southwest,3.0,static engineering mechanism scenario; not operator capacity
ample,384,east,5.0,static engineering mechanism scenario; not operator capacity
ample,384,north,3.0,static engineering mechanism scenario; not operator capacity
ample,384,northwest,3.0,static engineering mechanism scenario; not operator capacity
ample,384,southwest,3.0,static engineering mechanism scenario; not operator capacity
ample,385,east,5.0,static engineering mechanism scenario; not operator capacity
ample,385,north,3.0,static engineering mechanism scenario; not operator capacity
ample,385,northwest,3.0,static engineering mechanism scenario; not operator capacity
ample,385,southwest,3.0,static engineering mechanism scenario; not operator capacity
ample,386,east,5.0,static engineering mechanism scenario; not operator capacity
ample,386,north,3.0,static engineering mechanism scenario; not operator capacity
ample,386,northwest,3.0,static engineering mechanism scenario; not operator capacity
ample,386,southwest,3.0,static engineering mechanism scenario; not operator capacity
ample,387,east,5.0,static engineering mechanism scenario; not operator capacity
ample,387,north,3.0,static engineering mechanism scenario; not operator capacity
ample,387,northwest,3.0,static engineering mechanism scenario; not operator capacity
ample,387,southwest,3.0,static engineering mechanism scenario; not operator capacity
ample,388,east,5.0,static engineering mechanism scenario; not operator capacity
ample,388,north,3.0,static engineering mechanism scenario; not operator capacity
ample,388,northwest,3.0,static engineering mechanism scenario; not operator capacity
ample,388,southwest,3.0,static engineering mechanism scenario; not operator capacity
ample,389,east,5.0,static engineering mechanism scenario; not operator capacity
ample,389,north,3.0,static engineering mechanism scenario; not operator capacity
ample,389,northwest,3.0,static engineering mechanism scenario; not operator capacity
ample,389,southwest,3.0,static engineering mechanism scenario; not operator capacity
ample,390,east,5.0,static engineering mechanism scenario; not operator capacity
ample,390,north,3.0,static engineering mechanism scenario; not operator capacity
ample,390,northwest,3.0,static engineering mechanism scenario; not operator capacity
ample,390,southwest,3.0,static engineering mechanism scenario; not operator capacity
ample,391,east,5.0,static engineering mechanism scenario; not operator capacity
ample,391,north,3.0,static engineering mechanism scenario; not operator capacity
ample,391,northwest,3.0,static engineering mechanism scenario; not operator capacity
ample,391,southwest,3.0,static engineering mechanism scenario; not operator capacity
ample,392,east,5.0,static engineering mechanism scenario; not operator capacity
ample,392,north,3.0,static engineering mechanism scenario; not operator capacity
ample,392,northwest,3.0,static engineering mechanism scenario; not operator capacity
ample,392,southwest,3.0,static engineering mechanism scenario; not operator capacity
ample,393,east,5.0,static engineering mechanism scenario; not operator capacity
ample,393,north,3.0,static engineering mechanism scenario; not operator capacity
ample,393,northwest,3.0,static engineering mechanism scenario; not operator capacity
ample,393,southwest,3.0,static engineering mechanism scenario; not operator capacity
ample,394,east,5.0,static engineering mechanism scenario; not operator capacity
ample,394,north,3.0,static engineering mechanism scenario; not operator capacity
ample,394,northwest,3.0,static engineering mechanism scenario; not operator capacity
ample,394,southwest,3.0,static engineering mechanism scenario; not operator capacity
ample,395,east,5.0,static engineering mechanism scenario; not operator capacity
ample,395,north,3.0,static engineering mechanism scenario; not operator capacity
ample,395,northwest,3.0,static engineering mechanism scenario; not operator capacity
ample,395,southwest,3.0,static engineering mechanism scenario; not operator capacity
ample,396,east,5.0,static engineering mechanism scenario; not operator capacity
ample,396,north,3.0,static engineering mechanism scenario; not operator capacity
ample,396,northwest,3.0,static engineering mechanism scenario; not operator capacity
ample,396,southwest,3.0,static engineering mechanism scenario; not operator capacity
ample,397,east,5.0,static engineering mechanism scenario; not operator capacity
ample,397,north,3.0,static engineering mechanism scenario; not operator capacity
ample,397,northwest,3.0,static engineering mechanism scenario; not operator capacity
ample,397,southwest,3.0,static engineering mechanism scenario; not operator capacity
ample,398,east,5.0,static engineering mechanism scenario; not operator capacity
ample,398,north,3.0,static engineering mechanism scenario; not operator capacity
ample,398,northwest,3.0,static engineering mechanism scenario; not operator capacity
ample,398,southwest,3.0,static engineering mechanism scenario; not operator capacity
ample,399,east,5.0,static engineering mechanism scenario; not operator capacity
ample,399,north,3.0,static engineering mechanism scenario; not operator capacity
ample,399,northwest,3.0,static engineering mechanism scenario; not operator capacity
ample,399,southwest,3.0,static engineering mechanism scenario; not operator capacity
ample,400,east,5.0,static engineering mechanism scenario; not operator capacity
ample,400,north,3.0,static engineering mechanism scenario; not operator capacity
ample,400,northwest,3.0,static engineering mechanism scenario; not operator capacity
ample,400,southwest,3.0,static engineering mechanism scenario; not operator capacity
ample,401,east,5.0,static engineering mechanism scenario; not operator capacity
ample,401,north,3.0,static engineering mechanism scenario; not operator capacity
ample,401,northwest,3.0,static engineering mechanism scenario; not operator capacity
ample,401,southwest,3.0,static engineering mechanism scenario; not operator capacity
ample,402,east,5.0,static engineering mechanism scenario; not operator capacity
ample,402,north,3.0,static engineering mechanism scenario; not operator capacity
ample,402,northwest,3.0,static engineering mechanism scenario; not operator capacity
ample,402,southwest,3.0,static engineering mechanism scenario; not operator capacity
ample,403,east,5.0,static engineering mechanism scenario; not operator capacity
ample,403,north,3.0,static engineering mechanism scenario; not operator capacity
ample,403,northwest,3.0,static engineering mechanism scenario; not operator capacity
ample,403,southwest,3.0,static engineering mechanism scenario; not operator capacity
ample,404,east,5.0,static engineering mechanism scenario; not operator capacity
ample,404,north,3.0,static engineering mechanism scenario; not operator capacity
ample,404,northwest,3.0,static engineering mechanism scenario; not operator capacity
ample,404,southwest,3.0,static engineering mechanism scenario; not operator capacity
ample,405,east,5.0,static engineering mechanism scenario; not operator capacity
ample,405,north,3.0,static engineering mechanism scenario; not operator capacity
ample,405,northwest,3.0,static engineering mechanism scenario; not operator capacity
ample,405,southwest,3.0,static engineering mechanism scenario; not operator capacity
ample,406,east,5.0,static engineering mechanism scenario; not operator capacity
ample,406,north,3.0,static engineering mechanism scenario; not operator capacity
ample,406,northwest,3.0,static engineering mechanism scenario; not operator capacity
ample,406,southwest,3.0,static engineering mechanism scenario; not operator capacity
ample,407,east,5.0,static engineering mechanism scenario; not operator capacity
ample,407,north,3.0,static engineering mechanism scenario; not operator capacity
ample,407,northwest,3.0,static engineering mechanism scenario; not operator capacity
ample,407,southwest,3.0,static engineering mechanism scenario; not operator capacity
ample,408,east,5.0,static engineering mechanism scenario; not operator capacity
ample,408,north,3.0,static engineering mechanism scenario; not operator capacity
ample,408,northwest,3.0,static engineering mechanism scenario; not operator capacity
ample,408,southwest,3.0,static engineering mechanism scenario; not operator capacity
ample,409,east,5.0,static engineering mechanism scenario; not operator capacity
ample,409,north,3.0,static engineering mechanism scenario; not operator capacity
ample,409,northwest,3.0,static engineering mechanism scenario; not operator capacity
ample,409,southwest,3.0,static engineering mechanism scenario; not operator capacity
ample,410,east,5.0,static engineering mechanism scenario; not operator capacity
ample,410,north,3.0,static engineering mechanism scenario; not operator capacity
ample,410,northwest,3.0,static engineering mechanism scenario; not operator capacity
ample,410,southwest,3.0,static engineering mechanism scenario; not operator capacity
ample,411,east,5.0,static engineering mechanism scenario; not operator capacity
ample,411,north,3.0,static engineering mechanism scenario; not operator capacity
ample,411,northwest,3.0,static engineering mechanism scenario; not operator capacity
ample,411,southwest,3.0,static engineering mechanism scenario; not operator capacity
ample,412,east,5.0,static engineering mechanism scenario; not operator capacity
ample,412,north,3.0,static engineering mechanism scenario; not operator capacity
ample,412,northwest,3.0,static engineering mechanism scenario; not operator capacity
ample,412,southwest,3.0,static engineering mechanism scenario; not operator capacity
ample,413,east,5.0,static engineering mechanism scenario; not operator capacity
ample,413,north,3.0,static engineering mechanism scenario; not operator capacity
ample,413,northwest,3.0,static engineering mechanism scenario; not operator capacity
ample,413,southwest,3.0,static engineering mechanism scenario; not operator capacity
ample,414,east,5.0,static engineering mechanism scenario; not operator capacity
ample,414,north,3.0,static engineering mechanism scenario; not operator capacity
ample,414,northwest,3.0,static engineering mechanism scenario; not operator capacity
ample,414,southwest,3.0,static engineering mechanism scenario; not operator capacity
ample,415,east,5.0,static engineering mechanism scenario; not operator capacity
ample,415,north,3.0,static engineering mechanism scenario; not operator capacity
ample,415,northwest,3.0,static engineering mechanism scenario; not operator capacity
ample,415,southwest,3.0,static engineering mechanism scenario; not operator capacity
ample,416,east,5.0,static engineering mechanism scenario; not operator capacity
ample,416,north,3.0,static engineering mechanism scenario; not operator capacity
ample,416,northwest,3.0,static engineering mechanism scenario; not operator capacity
ample,416,southwest,3.0,static engineering mechanism scenario; not operator capacity
ample,417,east,5.0,static engineering mechanism scenario; not operator capacity
ample,417,north,3.0,static engineering mechanism scenario; not operator capacity
ample,417,northwest,3.0,static engineering mechanism scenario; not operator capacity
ample,417,southwest,3.0,static engineering mechanism scenario; not operator capacity
ample,418,east,5.0,static engineering mechanism scenario; not operator capacity
ample,418,north,3.0,static engineering mechanism scenario; not operator capacity
ample,418,northwest,3.0,static engineering mechanism scenario; not operator capacity
ample,418,southwest,3.0,static engineering mechanism scenario; not operator capacity
ample,419,east,5.0,static engineering mechanism scenario; not operator capacity
ample,419,north,3.0,static engineering mechanism scenario; not operator capacity
ample,419,northwest,3.0,static engineering mechanism scenario; not operator capacity
ample,419,southwest,3.0,static engineering mechanism scenario; not operator capacity
ample,420,east,5.0,static engineering mechanism scenario; not operator capacity
ample,420,north,3.0,static engineering mechanism scenario; not operator capacity
ample,420,northwest,3.0,static engineering mechanism scenario; not operator capacity
ample,420,southwest,3.0,static engineering mechanism scenario; not operator capacity
ample,421,east,5.0,static engineering mechanism scenario; not operator capacity
ample,421,north,3.0,static engineering mechanism scenario; not operator capacity
ample,421,northwest,3.0,static engineering mechanism scenario; not operator capacity
ample,421,southwest,3.0,static engineering mechanism scenario; not operator capacity
ample,422,east,5.0,static engineering mechanism scenario; not operator capacity
ample,422,north,3.0,static engineering mechanism scenario; not operator capacity
ample,422,northwest,3.0,static engineering mechanism scenario; not operator capacity
ample,422,southwest,3.0,static engineering mechanism scenario; not operator capacity
ample,423,east,5.0,static engineering mechanism scenario; not operator capacity
ample,423,north,3.0,static engineering mechanism scenario; not operator capacity
ample,423,northwest,3.0,static engineering mechanism scenario; not operator capacity
ample,423,southwest,3.0,static engineering mechanism scenario; not operator capacity
ample,424,east,5.0,static engineering mechanism scenario; not operator capacity
ample,424,north,3.0,static engineering mechanism scenario; not operator capacity
ample,424,northwest,3.0,static engineering mechanism scenario; not operator capacity
ample,424,southwest,3.0,static engineering mechanism scenario; not operator capacity
ample,425,east,5.0,static engineering mechanism scenario; not operator capacity
ample,425,north,3.0,static engineering mechanism scenario; not operator capacity
ample,425,northwest,3.0,static engineering mechanism scenario; not operator capacity
ample,425,southwest,3.0,static engineering mechanism scenario; not operator capacity
ample,426,east,5.0,static engineering mechanism scenario; not operator capacity
ample,426,north,3.0,static engineering mechanism scenario; not operator capacity
ample,426,northwest,3.0,static engineering mechanism scenario; not operator capacity
ample,426,southwest,3.0,static engineering mechanism scenario; not operator capacity
ample,427,east,5.0,static engineering mechanism scenario; not operator capacity
ample,427,north,3.0,static engineering mechanism scenario; not operator capacity
ample,427,northwest,3.0,static engineering mechanism scenario; not operator capacity
ample,427,southwest,3.0,static engineering mechanism scenario; not operator capacity
ample,428,east,5.0,static engineering mechanism scenario; not operator capacity
ample,428,north,3.0,static engineering mechanism scenario; not operator capacity
ample,428,northwest,3.0,static engineering mechanism scenario; not operator capacity
ample,428,southwest,3.0,static engineering mechanism scenario; not operator capacity
ample,429,east,5.0,static engineering mechanism scenario; not operator capacity
ample,429,north,3.0,static engineering mechanism scenario; not operator capacity
ample,429,northwest,3.0,static engineering mechanism scenario; not operator capacity
ample,429,southwest,3.0,static engineering mechanism scenario; not operator capacity
ample,430,east,5.0,static engineering mechanism scenario; not operator capacity
ample,430,north,3.0,static engineering mechanism scenario; not operator capacity
ample,430,northwest,3.0,static engineering mechanism scenario; not operator capacity
ample,430,southwest,3.0,static engineering mechanism scenario; not operator capacity
ample,431,east,5.0,static engineering mechanism scenario; not operator capacity
ample,431,north,3.0,static engineering mechanism scenario; not operator capacity
ample,431,northwest,3.0,static engineering mechanism scenario; not operator capacity
ample,431,southwest,3.0,static engineering mechanism scenario; not operator capacity
ample,432,east,5.0,static engineering mechanism scenario; not operator capacity
ample,432,north,3.0,static engineering mechanism scenario; not operator capacity
ample,432,northwest,3.0,static engineering mechanism scenario; not operator capacity
ample,432,southwest,3.0,static engineering mechanism scenario; not operator capacity
ample,433,east,5.0,static engineering mechanism scenario; not operator capacity
ample,433,north,3.0,static engineering mechanism scenario; not operator capacity
ample,433,northwest,3.0,static engineering mechanism scenario; not operator capacity
ample,433,southwest,3.0,static engineering mechanism scenario; not operator capacity
ample,434,east,5.0,static engineering mechanism scenario; not operator capacity
ample,434,north,3.0,static engineering mechanism scenario; not operator capacity
ample,434,northwest,3.0,static engineering mechanism scenario; not operator capacity
ample,434,southwest,3.0,static engineering mechanism scenario; not operator capacity
ample,435,east,5.0,static engineering mechanism scenario; not operator capacity
ample,435,north,3.0,static engineering mechanism scenario; not operator capacity
ample,435,northwest,3.0,static engineering mechanism scenario; not operator capacity
ample,435,southwest,3.0,static engineering mechanism scenario; not operator capacity
ample,436,east,5.0,static engineering mechanism scenario; not operator capacity
ample,436,north,3.0,static engineering mechanism scenario; not operator capacity
ample,436,northwest,3.0,static engineering mechanism scenario; not operator capacity
ample,436,southwest,3.0,static engineering mechanism scenario; not operator capacity
ample,437,east,5.0,static engineering mechanism scenario; not operator capacity
ample,437,north,3.0,static engineering mechanism scenario; not operator capacity
ample,437,northwest,3.0,static engineering mechanism scenario; not operator capacity
ample,437,southwest,3.0,static engineering mechanism scenario; not operator capacity
ample,438,east,5.0,static engineering mechanism scenario; not operator capacity
ample,438,north,3.0,static engineering mechanism scenario; not operator capacity
ample,438,northwest,3.0,static engineering mechanism scenario; not operator capacity
ample,438,southwest,3.0,static engineering mechanism scenario; not operator capacity
ample,439,east,5.0,static engineering mechanism scenario; not operator capacity
ample,439,north,3.0,static engineering mechanism scenario; not operator capacity
ample,439,northwest,3.0,static engineering mechanism scenario; not operator capacity
ample,439,southwest,3.0,static engineering mechanism scenario; not operator capacity
ample,440,east,5.0,static engineering mechanism scenario; not operator capacity
ample,440,north,3.0,static engineering mechanism scenario; not operator capacity
ample,440,northwest,3.0,static engineering mechanism scenario; not operator capacity
ample,440,southwest,3.0,static engineering mechanism scenario; not operator capacity
ample,441,east,5.0,static engineering mechanism scenario; not operator capacity
ample,441,north,3.0,static engineering mechanism scenario; not operator capacity
ample,441,northwest,3.0,static engineering mechanism scenario; not operator capacity
ample,441,southwest,3.0,static engineering mechanism scenario; not operator capacity
ample,442,east,5.0,static engineering mechanism scenario; not operator capacity
ample,442,north,3.0,static engineering mechanism scenario; not operator capacity
ample,442,northwest,3.0,static engineering mechanism scenario; not operator capacity
ample,442,southwest,3.0,static engineering mechanism scenario; not operator capacity
ample,443,east,5.0,static engineering mechanism scenario; not operator capacity
ample,443,north,3.0,static engineering mechanism scenario; not operator capacity
ample,443,northwest,3.0,static engineering mechanism scenario; not operator capacity
ample,443,southwest,3.0,static engineering mechanism scenario; not operator capacity
ample,444,east,5.0,static engineering mechanism scenario; not operator capacity
ample,444,north,3.0,static engineering mechanism scenario; not operator capacity
ample,444,northwest,3.0,static engineering mechanism scenario; not operator capacity
ample,444,southwest,3.0,static engineering mechanism scenario; not operator capacity
ample,445,east,5.0,static engineering mechanism scenario; not operator capacity
ample,445,north,3.0,static engineering mechanism scenario; not operator capacity
ample,445,northwest,3.0,static engineering mechanism scenario; not operator capacity
ample,445,southwest,3.0,static engineering mechanism scenario; not operator capacity
ample,446,east,5.0,static engineering mechanism scenario; not operator capacity
ample,446,north,3.0,static engineering mechanism scenario; not operator capacity
ample,446,northwest,3.0,static engineering mechanism scenario; not operator capacity
ample,446,southwest,3.0,static engineering mechanism scenario; not operator capacity
ample,447,east,5.0,static engineering mechanism scenario; not operator capacity
ample,447,north,3.0,static engineering mechanism scenario; not operator capacity
ample,447,northwest,3.0,static engineering mechanism scenario; not operator capacity
ample,447,southwest,3.0,static engineering mechanism scenario; not operator capacity
ample,448,east,5.0,static engineering mechanism scenario; not operator capacity
ample,448,north,3.0,static engineering mechanism scenario; not operator capacity
ample,448,northwest,3.0,static engineering mechanism scenario; not operator capacity
ample,448,southwest,3.0,static engineering mechanism scenario; not operator capacity
ample,449,east,5.0,static engineering mechanism scenario; not operator capacity
ample,449,north,3.0,static engineering mechanism scenario; not operator capacity
ample,449,northwest,3.0,static engineering mechanism scenario; not operator capacity
ample,449,southwest,3.0,static engineering mechanism scenario; not operator capacity
ample,450,east,5.0,static engineering mechanism scenario; not operator capacity
ample,450,north,3.0,static engineering mechanism scenario; not operator capacity
ample,450,northwest,3.0,static engineering mechanism scenario; not operator capacity
ample,450,southwest,3.0,static engineering mechanism scenario; not operator capacity
ample,451,east,5.0,static engineering mechanism scenario; not operator capacity
ample,451,north,3.0,static engineering mechanism scenario; not operator capacity
ample,451,northwest,3.0,static engineering mechanism scenario; not operator capacity
ample,451,southwest,3.0,static engineering mechanism scenario; not operator capacity
ample,452,east,5.0,static engineering mechanism scenario; not operator capacity
ample,452,north,3.0,static engineering mechanism scenario; not operator capacity
ample,452,northwest,3.0,static engineering mechanism scenario; not operator capacity
ample,452,southwest,3.0,static engineering mechanism scenario; not operator capacity
ample,453,east,5.0,static engineering mechanism scenario; not operator capacity
ample,453,north,3.0,static engineering mechanism scenario; not operator capacity
ample,453,northwest,3.0,static engineering mechanism scenario; not operator capacity
ample,453,southwest,3.0,static engineering mechanism scenario; not operator capacity
ample,454,east,5.0,static engineering mechanism scenario; not operator capacity
ample,454,north,3.0,static engineering mechanism scenario; not operator capacity
ample,454,northwest,3.0,static engineering mechanism scenario; not operator capacity
ample,454,southwest,3.0,static engineering mechanism scenario; not operator capacity
ample,455,east,5.0,static engineering mechanism scenario; not operator capacity
ample,455,north,3.0,static engineering mechanism scenario; not operator capacity
ample,455,northwest,3.0,static engineering mechanism scenario; not operator capacity
ample,455,southwest,3.0,static engineering mechanism scenario; not operator capacity
ample,456,east,5.0,static engineering mechanism scenario; not operator capacity
ample,456,north,3.0,static engineering mechanism scenario; not operator capacity
ample,456,northwest,3.0,static engineering mechanism scenario; not operator capacity
ample,456,southwest,3.0,static engineering mechanism scenario; not operator capacity
ample,457,east,5.0,static engineering mechanism scenario; not operator capacity
ample,457,north,3.0,static engineering mechanism scenario; not operator capacity
ample,457,northwest,3.0,static engineering mechanism scenario; not operator capacity
ample,457,southwest,3.0,static engineering mechanism scenario; not operator capacity
ample,458,east,5.0,static engineering mechanism scenario; not operator capacity
ample,458,north,3.0,static engineering mechanism scenario; not operator capacity
ample,458,northwest,3.0,static engineering mechanism scenario; not operator capacity
ample,458,southwest,3.0,static engineering mechanism scenario; not operator capacity
ample,459,east,5.0,static engineering mechanism scenario; not operator capacity
ample,459,north,3.0,static engineering mechanism scenario; not operator capacity
ample,459,northwest,3.0,static engineering mechanism scenario; not operator capacity
ample,459,southwest,3.0,static engineering mechanism scenario; not operator capacity
ample,460,east,5.0,static engineering mechanism scenario; not operator capacity
ample,460,north,3.0,static engineering mechanism scenario; not operator capacity
ample,460,northwest,3.0,static engineering mechanism scenario; not operator capacity
ample,460,southwest,3.0,static engineering mechanism scenario; not operator capacity
ample,461,east,5.0,static engineering mechanism scenario; not operator capacity
ample,461,north,3.0,static engineering mechanism scenario; not operator capacity
ample,461,northwest,3.0,static engineering mechanism scenario; not operator capacity
ample,461,southwest,3.0,static engineering mechanism scenario; not operator capacity
ample,462,east,5.0,static engineering mechanism scenario; not operator capacity
ample,462,north,3.0,static engineering mechanism scenario; not operator capacity
ample,462,northwest,3.0,static engineering mechanism scenario; not operator capacity
ample,462,southwest,3.0,static engineering mechanism scenario; not operator capacity
ample,463,east,5.0,static engineering mechanism scenario; not operator capacity
ample,463,north,3.0,static engineering mechanism scenario; not operator capacity
ample,463,northwest,3.0,static engineering mechanism scenario; not operator capacity
ample,463,southwest,3.0,static engineering mechanism scenario; not operator capacity
ample,464,east,5.0,static engineering mechanism scenario; not operator capacity
ample,464,north,3.0,static engineering mechanism scenario; not operator capacity
ample,464,northwest,3.0,static engineering mechanism scenario; not operator capacity
ample,464,southwest,3.0,static engineering mechanism scenario; not operator capacity
ample,465,east,5.0,static engineering mechanism scenario; not operator capacity
ample,465,north,3.0,static engineering mechanism scenario; not operator capacity
ample,465,northwest,3.0,static engineering mechanism scenario; not operator capacity
ample,465,southwest,3.0,static engineering mechanism scenario; not operator capacity
ample,466,east,5.0,static engineering mechanism scenario; not operator capacity
ample,466,north,3.0,static engineering mechanism scenario; not operator capacity
ample,466,northwest,3.0,static engineering mechanism scenario; not operator capacity
ample,466,southwest,3.0,static engineering mechanism scenario; not operator capacity
ample,467,east,5.0,static engineering mechanism scenario; not operator capacity
ample,467,north,3.0,static engineering mechanism scenario; not operator capacity
ample,467,northwest,3.0,static engineering mechanism scenario; not operator capacity
ample,467,southwest,3.0,static engineering mechanism scenario; not operator capacity
ample,468,east,5.0,static engineering mechanism scenario; not operator capacity
ample,468,north,3.0,static engineering mechanism scenario; not operator capacity
ample,468,northwest,3.0,static engineering mechanism scenario; not operator capacity
ample,468,southwest,3.0,static engineering mechanism scenario; not operator capacity
ample,469,east,5.0,static engineering mechanism scenario; not operator capacity
ample,469,north,3.0,static engineering mechanism scenario; not operator capacity
ample,469,northwest,3.0,static engineering mechanism scenario; not operator capacity
ample,469,southwest,3.0,static engineering mechanism scenario; not operator capacity
ample,470,east,5.0,static engineering mechanism scenario; not operator capacity
ample,470,north,3.0,static engineering mechanism scenario; not operator capacity
ample,470,northwest,3.0,static engineering mechanism scenario; not operator capacity
ample,470,southwest,3.0,static engineering mechanism scenario; not operator capacity
ample,471,east,5.0,static engineering mechanism scenario; not operator capacity
ample,471,north,3.0,static engineering mechanism scenario; not operator capacity
ample,471,northwest,3.0,static engineering mechanism scenario; not operator capacity
ample,471,southwest,3.0,static engineering mechanism scenario; not operator capacity
ample,472,east,5.0,static engineering mechanism scenario; not operator capacity
ample,472,north,3.0,static engineering mechanism scenario; not operator capacity
ample,472,northwest,3.0,static engineering mechanism scenario; not operator capacity
ample,472,southwest,3.0,static engineering mechanism scenario; not operator capacity
ample,473,east,5.0,static engineering mechanism scenario; not operator capacity
ample,473,north,3.0,static engineering mechanism scenario; not operator capacity
ample,473,northwest,3.0,static engineering mechanism scenario; not operator capacity
ample,473,southwest,3.0,static engineering mechanism scenario; not operator capacity
ample,474,east,5.0,static engineering mechanism scenario; not operator capacity
ample,474,north,3.0,static engineering mechanism scenario; not operator capacity
ample,474,northwest,3.0,static engineering mechanism scenario; not operator capacity
ample,474,southwest,3.0,static engineering mechanism scenario; not operator capacity
ample,475,east,5.0,static engineering mechanism scenario; not operator capacity
ample,475,north,3.0,static engineering mechanism scenario; not operator capacity
ample,475,northwest,3.0,static engineering mechanism scenario; not operator capacity
ample,475,southwest,3.0,static engineering mechanism scenario; not operator capacity
ample,476,east,5.0,static engineering mechanism scenario; not operator capacity
ample,476,north,3.0,static engineering mechanism scenario; not operator capacity
ample,476,northwest,3.0,static engineering mechanism scenario; not operator capacity
ample,476,southwest,3.0,static engineering mechanism scenario; not operator capacity
ample,477,east,5.0,static engineering mechanism scenario; not operator capacity
ample,477,north,3.0,static engineering mechanism scenario; not operator capacity
ample,477,northwest,3.0,static engineering mechanism scenario; not operator capacity
ample,477,southwest,3.0,static engineering mechanism scenario; not operator capacity
ample,478,east,5.0,static engineering mechanism scenario; not operator capacity
ample,478,north,3.0,static engineering mechanism scenario; not operator capacity
ample,478,northwest,3.0,static engineering mechanism scenario; not operator capacity
ample,478,southwest,3.0,static engineering mechanism scenario; not operator capacity
ample,479,east,5.0,static engineering mechanism scenario; not operator capacity
ample,479,north,3.0,static engineering mechanism scenario; not operator capacity
ample,479,northwest,3.0,static engineering mechanism scenario; not operator capacity
ample,479,southwest,3.0,static engineering mechanism scenario; not operator capacity
ample,480,east,5.0,static engineering mechanism scenario; not operator capacity
ample,480,north,3.0,static engineering mechanism scenario; not operator capacity
ample,480,northwest,3.0,static engineering mechanism scenario; not operator capacity
ample,480,southwest,3.0,static engineering mechanism scenario; not operator capacity
ample,481,east,5.0,static engineering mechanism scenario; not operator capacity
ample,481,north,3.0,static engineering mechanism scenario; not operator capacity
ample,481,northwest,3.0,static engineering mechanism scenario; not operator capacity
ample,481,southwest,3.0,static engineering mechanism scenario; not operator capacity
ample,482,east,5.0,static engineering mechanism scenario; not operator capacity
ample,482,north,3.0,static engineering mechanism scenario; not operator capacity
ample,482,northwest,3.0,static engineering mechanism scenario; not operator capacity
ample,482,southwest,3.0,static engineering mechanism scenario; not operator capacity
ample,483,east,5.0,static engineering mechanism scenario; not operator capacity
ample,483,north,3.0,static engineering mechanism scenario; not operator capacity
ample,483,northwest,3.0,static engineering mechanism scenario; not operator capacity
ample,483,southwest,3.0,static engineering mechanism scenario; not operator capacity
ample,484,east,5.0,static engineering mechanism scenario; not operator capacity
ample,484,north,3.0,static engineering mechanism scenario; not operator capacity
ample,484,northwest,3.0,static engineering mechanism scenario; not operator capacity
ample,484,southwest,3.0,static engineering mechanism scenario; not operator capacity
ample,485,east,5.0,static engineering mechanism scenario; not operator capacity
ample,485,north,3.0,static engineering mechanism scenario; not operator capacity
ample,485,northwest,3.0,static engineering mechanism scenario; not operator capacity
ample,485,southwest,3.0,static engineering mechanism scenario; not operator capacity
ample,486,east,5.0,static engineering mechanism scenario; not operator capacity
ample,486,north,3.0,static engineering mechanism scenario; not operator capacity
ample,486,northwest,3.0,static engineering mechanism scenario; not operator capacity
ample,486,southwest,3.0,static engineering mechanism scenario; not operator capacity
ample,487,east,5.0,static engineering mechanism scenario; not operator capacity
ample,487,north,3.0,static engineering mechanism scenario; not operator capacity
ample,487,northwest,3.0,static engineering mechanism scenario; not operator capacity
ample,487,southwest,3.0,static engineering mechanism scenario; not operator capacity
ample,488,east,5.0,static engineering mechanism scenario; not operator capacity
ample,488,north,3.0,static engineering mechanism scenario; not operator capacity
ample,488,northwest,3.0,static engineering mechanism scenario; not operator capacity
ample,488,southwest,3.0,static engineering mechanism scenario; not operator capacity
ample,489,east,5.0,static engineering mechanism scenario; not operator capacity
ample,489,north,3.0,static engineering mechanism scenario; not operator capacity
ample,489,northwest,3.0,static engineering mechanism scenario; not operator capacity
ample,489,southwest,3.0,static engineering mechanism scenario; not operator capacity
ample,490,east,5.0,static engineering mechanism scenario; not operator capacity
ample,490,north,3.0,static engineering mechanism scenario; not operator capacity
ample,490,northwest,3.0,static engineering mechanism scenario; not operator capacity
ample,490,southwest,3.0,static engineering mechanism scenario; not operator capacity
ample,491,east,5.0,static engineering mechanism scenario; not operator capacity
ample,491,north,3.0,static engineering mechanism scenario; not operator capacity
ample,491,northwest,3.0,static engineering mechanism scenario; not operator capacity
ample,491,southwest,3.0,static engineering mechanism scenario; not operator capacity
ample,492,east,5.0,static engineering mechanism scenario; not operator capacity
ample,492,north,3.0,static engineering mechanism scenario; not operator capacity
ample,492,northwest,3.0,static engineering mechanism scenario; not operator capacity
ample,492,southwest,3.0,static engineering mechanism scenario; not operator capacity
ample,493,east,5.0,static engineering mechanism scenario; not operator capacity
ample,493,north,3.0,static engineering mechanism scenario; not operator capacity
ample,493,northwest,3.0,static engineering mechanism scenario; not operator capacity
ample,493,southwest,3.0,static engineering mechanism scenario; not operator capacity
ample,494,east,5.0,static engineering mechanism scenario; not operator capacity
ample,494,north,3.0,static engineering mechanism scenario; not operator capacity
ample,494,northwest,3.0,static engineering mechanism scenario; not operator capacity
ample,494,southwest,3.0,static engineering mechanism scenario; not operator capacity
ample,495,east,5.0,static engineering mechanism scenario; not operator capacity
ample,495,north,3.0,static engineering mechanism scenario; not operator capacity
ample,495,northwest,3.0,static engineering mechanism scenario; not operator capacity
ample,495,southwest,3.0,static engineering mechanism scenario; not operator capacity
ample,496,east,5.0,static engineering mechanism scenario; not operator capacity
ample,496,north,3.0,static engineering mechanism scenario; not operator capacity
ample,496,northwest,3.0,static engineering mechanism scenario; not operator capacity
ample,496,southwest,3.0,static engineering mechanism scenario; not operator capacity
ample,497,east,5.0,static engineering mechanism scenario; not operator capacity
ample,497,north,3.0,static engineering mechanism scenario; not operator capacity
ample,497,northwest,3.0,static engineering mechanism scenario; not operator capacity
ample,497,southwest,3.0,static engineering mechanism scenario; not operator capacity
ample,498,east,5.0,static engineering mechanism scenario; not operator capacity
ample,498,north,3.0,static engineering mechanism scenario; not operator capacity
ample,498,northwest,3.0,static engineering mechanism scenario; not operator capacity
ample,498,southwest,3.0,static engineering mechanism scenario; not operator capacity
ample,499,east,5.0,static engineering mechanism scenario; not operator capacity
ample,499,north,3.0,static engineering mechanism scenario; not operator capacity
ample,499,northwest,3.0,static engineering mechanism scenario; not operator capacity
ample,499,southwest,3.0,static engineering mechanism scenario; not operator capacity
ample,500,east,5.0,static engineering mechanism scenario; not operator capacity
ample,500,north,3.0,static engineering mechanism scenario; not operator capacity
ample,500,northwest,3.0,static engineering mechanism scenario; not operator capacity
ample,500,southwest,3.0,static engineering mechanism scenario; not operator capacity
ample,501,east,5.0,static engineering mechanism scenario; not operator capacity
ample,501,north,3.0,static engineering mechanism scenario; not operator capacity
ample,501,northwest,3.0,static engineering mechanism scenario; not operator capacity
ample,501,southwest,3.0,static engineering mechanism scenario; not operator capacity
ample,502,east,5.0,static engineering mechanism scenario; not operator capacity
ample,502,north,3.0,static engineering mechanism scenario; not operator capacity
ample,502,northwest,3.0,static engineering mechanism scenario; not operator capacity
ample,502,southwest,3.0,static engineering mechanism scenario; not operator capacity
ample,503,east,5.0,static engineering mechanism scenario; not operator capacity
ample,503,north,3.0,static engineering mechanism scenario; not operator capacity
ample,503,northwest,3.0,static engineering mechanism scenario; not operator capacity
ample,503,southwest,3.0,static engineering mechanism scenario; not operator capacity
ample,504,east,5.0,static engineering mechanism scenario; not operator capacity
ample,504,north,3.0,static engineering mechanism scenario; not operator capacity
ample,504,northwest,3.0,static engineering mechanism scenario; not operator capacity
ample,504,southwest,3.0,static engineering mechanism scenario; not operator capacity
ample,505,east,5.0,static engineering mechanism scenario; not operator capacity
ample,505,north,3.0,static engineering mechanism scenario; not operator capacity
ample,505,northwest,3.0,static engineering mechanism scenario; not operator capacity
ample,505,southwest,3.0,static engineering mechanism scenario; not operator capacity
ample,506,east,5.0,static engineering mechanism scenario; not operator capacity
ample,506,north,3.0,static engineering mechanism scenario; not operator capacity
ample,506,northwest,3.0,static engineering mechanism scenario; not operator capacity
ample,506,southwest,3.0,static engineering mechanism scenario; not operator capacity
ample,507,east,5.0,static engineering mechanism scenario; not operator capacity
ample,507,north,3.0,static engineering mechanism scenario; not operator capacity
ample,507,northwest,3.0,static engineering mechanism scenario; not operator capacity
ample,507,southwest,3.0,static engineering mechanism scenario; not operator capacity
ample,508,east,5.0,static engineering mechanism scenario; not operator capacity
ample,508,north,3.0,static engineering mechanism scenario; not operator capacity
ample,508,northwest,3.0,static engineering mechanism scenario; not operator capacity
ample,508,southwest,3.0,static engineering mechanism scenario; not operator capacity
ample,509,east,5.0,static engineering mechanism scenario; not operator capacity
ample,509,north,3.0,static engineering mechanism scenario; not operator capacity
ample,509,northwest,3.0,static engineering mechanism scenario; not operator capacity
ample,509,southwest,3.0,static engineering mechanism scenario; not operator capacity
ample,510,east,5.0,static engineering mechanism scenario; not operator capacity
ample,510,north,3.0,static engineering mechanism scenario; not operator capacity
ample,510,northwest,3.0,static engineering mechanism scenario; not operator capacity
ample,510,southwest,3.0,static engineering mechanism scenario; not operator capacity
ample,511,east,5.0,static engineering mechanism scenario; not operator capacity
ample,511,north,3.0,static engineering mechanism scenario; not operator capacity
ample,511,northwest,3.0,static engineering mechanism scenario; not operator capacity
ample,511,southwest,3.0,static engineering mechanism scenario; not operator capacity
ample,512,east,5.0,static engineering mechanism scenario; not operator capacity
ample,512,north,3.0,static engineering mechanism scenario; not operator capacity
ample,512,northwest,3.0,static engineering mechanism scenario; not operator capacity
ample,512,southwest,3.0,static engineering mechanism scenario; not operator capacity
ample,513,east,5.0,static engineering mechanism scenario; not operator capacity
ample,513,north,3.0,static engineering mechanism scenario; not operator capacity
ample,513,northwest,3.0,static engineering mechanism scenario; not operator capacity
ample,513,southwest,3.0,static engineering mechanism scenario; not operator capacity
ample,514,east,5.0,static engineering mechanism scenario; not operator capacity
ample,514,north,3.0,static engineering mechanism scenario; not operator capacity
ample,514,northwest,3.0,static engineering mechanism scenario; not operator capacity
ample,514,southwest,3.0,static engineering mechanism scenario; not operator capacity
ample,515,east,5.0,static engineering mechanism scenario; not operator capacity
ample,515,north,3.0,static engineering mechanism scenario; not operator capacity
ample,515,northwest,3.0,static engineering mechanism scenario; not operator capacity
ample,515,southwest,3.0,static engineering mechanism scenario; not operator capacity
ample,516,east,5.0,static engineering mechanism scenario; not operator capacity
ample,516,north,3.0,static engineering mechanism scenario; not operator capacity
ample,516,northwest,3.0,static engineering mechanism scenario; not operator capacity
ample,516,southwest,3.0,static engineering mechanism scenario; not operator capacity
ample,517,east,5.0,static engineering mechanism scenario; not operator capacity
ample,517,north,3.0,static engineering mechanism scenario; not operator capacity
ample,517,northwest,3.0,static engineering mechanism scenario; not operator capacity
ample,517,southwest,3.0,static engineering mechanism scenario; not operator capacity
ample,518,east,5.0,static engineering mechanism scenario; not operator capacity
ample,518,north,3.0,static engineering mechanism scenario; not operator capacity
ample,518,northwest,3.0,static engineering mechanism scenario; not operator capacity
ample,518,southwest,3.0,static engineering mechanism scenario; not operator capacity
ample,519,east,5.0,static engineering mechanism scenario; not operator capacity
ample,519,north,3.0,static engineering mechanism scenario; not operator capacity
ample,519,northwest,3.0,static engineering mechanism scenario; not operator capacity
ample,519,southwest,3.0,static engineering mechanism scenario; not operator capacity
ample,520,east,5.0,static engineering mechanism scenario; not operator capacity
ample,520,north,3.0,static engineering mechanism scenario; not operator capacity
ample,520,northwest,3.0,static engineering mechanism scenario; not operator capacity
ample,520,southwest,3.0,static engineering mechanism scenario; not operator capacity
ample,521,east,5.0,static engineering mechanism scenario; not operator capacity
ample,521,north,3.0,static engineering mechanism scenario; not operator capacity
ample,521,northwest,3.0,static engineering mechanism scenario; not operator capacity
ample,521,southwest,3.0,static engineering mechanism scenario; not operator capacity
ample,522,east,5.0,static engineering mechanism scenario; not operator capacity
ample,522,north,3.0,static engineering mechanism scenario; not operator capacity
ample,522,northwest,3.0,static engineering mechanism scenario; not operator capacity
ample,522,southwest,3.0,static engineering mechanism scenario; not operator capacity
ample,523,east,5.0,static engineering mechanism scenario; not operator capacity
ample,523,north,3.0,static engineering mechanism scenario; not operator capacity
ample,523,northwest,3.0,static engineering mechanism scenario; not operator capacity
ample,523,southwest,3.0,static engineering mechanism scenario; not operator capacity
ample,524,east,5.0,static engineering mechanism scenario; not operator capacity
ample,524,north,3.0,static engineering mechanism scenario; not operator capacity
ample,524,northwest,3.0,static engineering mechanism scenario; not operator capacity
ample,524,southwest,3.0,static engineering mechanism scenario; not operator capacity
ample,525,east,5.0,static engineering mechanism scenario; not operator capacity
ample,525,north,3.0,static engineering mechanism scenario; not operator capacity
ample,525,northwest,3.0,static engineering mechanism scenario; not operator capacity
ample,525,southwest,3.0,static engineering mechanism scenario; not operator capacity
ample,526,east,5.0,static engineering mechanism scenario; not operator capacity
ample,526,north,3.0,static engineering mechanism scenario; not operator capacity
ample,526,northwest,3.0,static engineering mechanism scenario; not operator capacity
ample,526,southwest,3.0,static engineering mechanism scenario; not operator capacity
ample,527,east,5.0,static engineering mechanism scenario; not operator capacity
ample,527,north,3.0,static engineering mechanism scenario; not operator capacity
ample,527,northwest,3.0,static engineering mechanism scenario; not operator capacity
ample,527,southwest,3.0,static engineering mechanism scenario; not operator capacity
ample,528,east,5.0,static engineering mechanism scenario; not operator capacity
ample,528,north,3.0,static engineering mechanism scenario; not operator capacity
ample,528,northwest,3.0,static engineering mechanism scenario; not operator capacity
ample,528,southwest,3.0,static engineering mechanism scenario; not operator capacity
ample,529,east,5.0,static engineering mechanism scenario; not operator capacity
ample,529,north,3.0,static engineering mechanism scenario; not operator capacity
ample,529,northwest,3.0,static engineering mechanism scenario; not operator capacity
ample,529,southwest,3.0,static engineering mechanism scenario; not operator capacity
ample,530,east,5.0,static engineering mechanism scenario; not operator capacity
ample,530,north,3.0,static engineering mechanism scenario; not operator capacity
ample,530,northwest,3.0,static engineering mechanism scenario; not operator capacity
ample,530,southwest,3.0,static engineering mechanism scenario; not operator capacity
ample,531,east,5.0,static engineering mechanism scenario; not operator capacity
ample,531,north,3.0,static engineering mechanism scenario; not operator capacity
ample,531,northwest,3.0,static engineering mechanism scenario; not operator capacity
ample,531,southwest,3.0,static engineering mechanism scenario; not operator capacity
ample,532,east,5.0,static engineering mechanism scenario; not operator capacity
ample,532,north,3.0,static engineering mechanism scenario; not operator capacity
ample,532,northwest,3.0,static engineering mechanism scenario; not operator capacity
ample,532,southwest,3.0,static engineering mechanism scenario; not operator capacity
ample,533,east,5.0,static engineering mechanism scenario; not operator capacity
ample,533,north,3.0,static engineering mechanism scenario; not operator capacity
ample,533,northwest,3.0,static engineering mechanism scenario; not operator capacity
ample,533,southwest,3.0,static engineering mechanism scenario; not operator capacity
ample,534,east,5.0,static engineering mechanism scenario; not operator capacity
ample,534,north,3.0,static engineering mechanism scenario; not operator capacity
ample,534,northwest,3.0,static engineering mechanism scenario; not operator capacity
ample,534,southwest,3.0,static engineering mechanism scenario; not operator capacity
ample,535,east,5.0,static engineering mechanism scenario; not operator capacity
ample,535,north,3.0,static engineering mechanism scenario; not operator capacity
ample,535,northwest,3.0,static engineering mechanism scenario; not operator capacity
ample,535,southwest,3.0,static engineering mechanism scenario; not operator capacity
ample,536,east,5.0,static engineering mechanism scenario; not operator capacity
ample,536,north,3.0,static engineering mechanism scenario; not operator capacity
ample,536,northwest,3.0,static engineering mechanism scenario; not operator capacity
ample,536,southwest,3.0,static engineering mechanism scenario; not operator capacity
ample,537,east,5.0,static engineering mechanism scenario; not operator capacity
ample,537,north,3.0,static engineering mechanism scenario; not operator capacity
ample,537,northwest,3.0,static engineering mechanism scenario; not operator capacity
ample,537,southwest,3.0,static engineering mechanism scenario; not operator capacity
ample,538,east,5.0,static engineering mechanism scenario; not operator capacity
ample,538,north,3.0,static engineering mechanism scenario; not operator capacity
ample,538,northwest,3.0,static engineering mechanism scenario; not operator capacity
ample,538,southwest,3.0,static engineering mechanism scenario; not operator capacity
ample,539,east,5.0,static engineering mechanism scenario; not operator capacity
ample,539,north,3.0,static engineering mechanism scenario; not operator capacity
ample,539,northwest,3.0,static engineering mechanism scenario; not operator capacity
ample,539,southwest,3.0,static engineering mechanism scenario; not operator capacity
ample,540,east,5.0,static engineering mechanism scenario; not operator capacity
ample,540,north,3.0,static engineering mechanism scenario; not operator capacity
ample,540,northwest,3.0,static engineering mechanism scenario; not operator capacity
ample,540,southwest,3.0,static engineering mechanism scenario; not operator capacity
ample,541,east,5.0,static engineering mechanism scenario; not operator capacity
ample,541,north,3.0,static engineering mechanism scenario; not operator capacity
ample,541,northwest,3.0,static engineering mechanism scenario; not operator capacity
ample,541,southwest,3.0,static engineering mechanism scenario; not operator capacity
ample,542,east,5.0,static engineering mechanism scenario; not operator capacity
ample,542,north,3.0,static engineering mechanism scenario; not operator capacity
ample,542,northwest,3.0,static engineering mechanism scenario; not operator capacity
ample,542,southwest,3.0,static engineering mechanism scenario; not operator capacity
ample,543,east,5.0,static engineering mechanism scenario; not operator capacity
ample,543,north,3.0,static engineering mechanism scenario; not operator capacity
ample,543,northwest,3.0,static engineering mechanism scenario; not operator capacity
ample,543,southwest,3.0,static engineering mechanism scenario; not operator capacity
ample,544,east,5.0,static engineering mechanism scenario; not operator capacity
ample,544,north,3.0,static engineering mechanism scenario; not operator capacity
ample,544,northwest,3.0,static engineering mechanism scenario; not operator capacity
ample,544,southwest,3.0,static engineering mechanism scenario; not operator capacity
ample,545,east,5.0,static engineering mechanism scenario; not operator capacity
ample,545,north,3.0,static engineering mechanism scenario; not operator capacity
ample,545,northwest,3.0,static engineering mechanism scenario; not operator capacity
ample,545,southwest,3.0,static engineering mechanism scenario; not operator capacity
ample,546,east,5.0,static engineering mechanism scenario; not operator capacity
ample,546,north,3.0,static engineering mechanism scenario; not operator capacity
ample,546,northwest,3.0,static engineering mechanism scenario; not operator capacity
ample,546,southwest,3.0,static engineering mechanism scenario; not operator capacity
ample,547,east,5.0,static engineering mechanism scenario; not operator capacity
ample,547,north,3.0,static engineering mechanism scenario; not operator capacity
ample,547,northwest,3.0,static engineering mechanism scenario; not operator capacity
ample,547,southwest,3.0,static engineering mechanism scenario; not operator capacity
ample,548,east,5.0,static engineering mechanism scenario; not operator capacity
ample,548,north,3.0,static engineering mechanism scenario; not operator capacity
ample,548,northwest,3.0,static engineering mechanism scenario; not operator capacity
ample,548,southwest,3.0,static engineering mechanism scenario; not operator capacity
ample,549,east,5.0,static engineering mechanism scenario; not operator capacity
ample,549,north,3.0,static engineering mechanism scenario; not operator capacity
ample,549,northwest,3.0,static engineering mechanism scenario; not operator capacity
ample,549,southwest,3.0,static engineering mechanism scenario; not operator capacity
ample,550,east,5.0,static engineering mechanism scenario; not operator capacity
ample,550,north,3.0,static engineering mechanism scenario; not operator capacity
ample,550,northwest,3.0,static engineering mechanism scenario; not operator capacity
ample,550,southwest,3.0,static engineering mechanism scenario; not operator capacity
ample,551,east,5.0,static engineering mechanism scenario; not operator capacity
ample,551,north,3.0,static engineering mechanism scenario; not operator capacity
ample,551,northwest,3.0,static engineering mechanism scenario; not operator capacity
ample,551,southwest,3.0,static engineering mechanism scenario; not operator capacity
ample,552,east,5.0,static engineering mechanism scenario; not operator capacity
ample,552,north,3.0,static engineering mechanism scenario; not operator capacity
ample,552,northwest,3.0,static engineering mechanism scenario; not operator capacity
ample,552,southwest,3.0,static engineering mechanism scenario; not operator capacity
ample,553,east,5.0,static engineering mechanism scenario; not operator capacity
ample,553,north,3.0,static engineering mechanism scenario; not operator capacity
ample,553,northwest,3.0,static engineering mechanism scenario; not operator capacity
ample,553,southwest,3.0,static engineering mechanism scenario; not operator capacity
