trace_timestamp_anonymized,request_type,request_count,service_accelerator_hours,total_images,median_exec_time_seconds,p95_exec_time_seconds,hour_index,workload_class,service_quantity_status
2024-11-15 16:00:00,IMG_2_IMG,0.0,0.0,0.0,,,0,genai_diffusion_serving,single-accelerator-equivalent hours from successful request execution time; not measured fleet GPU occupancy
2024-11-15 16:00:00,INPAINTING,0.0,0.0,0.0,,,0,genai_diffusion_serving,single-accelerator-equivalent hours from successful request execution time; not measured fleet GPU occupancy
2024-11-15 16:00:00,TXT_2_IMG,1.0,0.008888888888888889,1.0,32.0,32.0,0,genai_diffusion_serving,single-accelerator-equivalent hours from successful request execution time; not measured fleet GPU occupancy
2024-11-15 17:00:00,IMG_2_IMG,0.0,0.0,0.0,,,1,genai_diffusion_serving,single-accelerator-equivalent hours from successful request execution time; not measured fleet GPU occupancy
2024-11-15 17:00:00,INPAINTING,0.0,0.0,0.0,,,1,genai_diffusion_serving,single-accelerator-equivalent hours from successful request execution time; not measured fleet GPU occupancy
2024-11-15 17:00:00,TXT_2_IMG,0.0,0.0,0.0,,,1,genai_diffusion_serving,single-accelerator-equivalent hours from successful request execution time; not measured fleet GPU occupancy
2024-11-15 18:00:00,IMG_2_IMG,5.0,0.06833333333333333,40.0,51.0,53.8,2,genai_diffusion_serving,single-accelerator-equivalent hours from successful request execution time; not measured fleet GPU occupancy
2024-11-15 18:00:00,INPAINTING,12.0,0.059166666666666666,89.0,15.0,27.699999999999996,2,genai_diffusion_serving,single-accelerator-equivalent hours from successful request execution time; not measured fleet GPU occupancy
2024-11-15 18:00:00,TXT_2_IMG,4.0,0.035,14.0,34.0,41.949999999999996,2,genai_diffusion_serving,single-accelerator-equivalent hours from successful request execution time; not measured fleet GPU occupancy
2024-11-15 19:00:00,IMG_2_IMG,0.0,0.0,0.0,,,3,genai_diffusion_serving,single-accelerator-equivalent hours from successful request execution time; not measured fleet GPU occupancy
2024-11-15 19:00:00,INPAINTING,2.0,0.013888888888888888,16.0,25.0,25.9,3,genai_diffusion_serving,single-accelerator-equivalent hours from successful request execution time; not measured fleet GPU occupancy
2024-11-15 19:00:00,TXT_2_IMG,16.0,0.185,100.0,46.5,52.25,3,genai_diffusion_serving,single-accelerator-equivalent hours from successful request execution time; not measured fleet GPU occupancy
2024-11-15 20:00:00,IMG_2_IMG,3.0,0.05277777777777777,16.0,69.0,71.7,4,genai_diffusion_serving,single-accelerator-equivalent hours from successful request execution time; not measured fleet GPU occupancy
2024-11-15 20:00:00,INPAINTING,0.0,0.0,0.0,,,4,genai_diffusion_serving,single-accelerator-equivalent hours from successful request execution time; not measured fleet GPU occupancy
2024-11-15 20:00:00,TXT_2_IMG,1.0,0.004722222222222222,4.0,17.0,17.0,4,genai_diffusion_serving,single-accelerator-equivalent hours from successful request execution time; not measured fleet GPU occupancy
2024-11-15 21:00:00,IMG_2_IMG,0.0,0.0,0.0,,,5,genai_diffusion_serving,single-accelerator-equivalent hours from successful request execution time; not measured fleet GPU occupancy
2024-11-15 21:00:00,INPAINTING,0.0,0.0,0.0,,,5,genai_diffusion_serving,single-accelerator-equivalent hours from successful request execution time; not measured fleet GPU occupancy
2024-11-15 21:00:00,TXT_2_IMG,1.0,0.0075,4.0,27.0,27.0,5,genai_diffusion_serving,single-accelerator-equivalent hours from successful request execution time; not measured fleet GPU occupancy
2024-11-15 22:00:00,IMG_2_IMG,6.0,0.024166666666666666,13.0,13.5,19.75,6,genai_diffusion_serving,single-accelerator-equivalent hours from successful request execution time; not measured fleet GPU occupancy
2024-11-15 22:00:00,INPAINTING,0.0,0.0,0.0,,,6,genai_diffusion_serving,single-accelerator-equivalent hours from successful request execution time; not measured fleet GPU occupancy
2024-11-15 22:00:00,TXT_2_IMG,36.0,0.16555555555555557,132.0,16.0,21.75,6,genai_diffusion_serving,single-accelerator-equivalent hours from successful request execution time; not measured fleet GPU occupancy
2024-11-15 23:00:00,IMG_2_IMG,0.0,0.0,0.0,,,7,genai_diffusion_serving,single-accelerator-equivalent hours from successful request execution time; not measured fleet GPU occupancy
2024-11-15 23:00:00,INPAINTING,0.0,0.0,0.0,,,7,genai_diffusion_serving,single-accelerator-equivalent hours from successful request execution time; not measured fleet GPU occupancy
2024-11-15 23:00:00,TXT_2_IMG,2.0,0.01,2.0,18.0,20.7,7,genai_diffusion_serving,single-accelerator-equivalent hours from successful request execution time; not measured fleet GPU occupancy
2024-11-16 00:00:00,IMG_2_IMG,0.0,0.0,0.0,,,8,genai_diffusion_serving,single-accelerator-equivalent hours from successful request execution time; not measured fleet GPU occupancy
2024-11-16 00:00:00,INPAINTING,0.0,0.0,0.0,,,8,genai_diffusion_serving,single-accelerator-equivalent hours from successful request execution time; not measured fleet GPU occupancy
2024-11-16 00:00:00,TXT_2_IMG,0.0,0.0,0.0,,,8,genai_diffusion_serving,single-accelerator-equivalent hours from successful request execution time; not measured fleet GPU occupancy
2024-11-16 01:00:00,IMG_2_IMG,0.0,0.0,0.0,,,9,genai_diffusion_serving,single-accelerator-equivalent hours from successful request execution time; not measured fleet GPU occupancy
2024-11-16 01:00:00,INPAINTING,6.0,0.03305555555555556,41.0,20.5,22.5,9,genai_diffusion_serving,single-accelerator-equivalent hours from successful request execution time; not measured fleet GPU occupancy
2024-11-16 01:00:00,TXT_2_IMG,2.0,0.012222222222222223,16.0,22.0,22.9,9,genai_diffusion_serving,single-accelerator-equivalent hours from successful request execution time; not measured fleet GPU occupancy
2024-11-16 02:00:00,IMG_2_IMG,2.0,0.015277777777777779,2.0,27.5,31.55,10,genai_diffusion_serving,single-accelerator-equivalent hours from successful request execution time; not measured fleet GPU occupancy
2024-11-16 02:00:00,INPAINTING,4.0,0.027777777777777776,4.0,26.5,30.549999999999997,10,genai_diffusion_serving,single-accelerator-equivalent hours from successful request execution time; not measured fleet GPU occupancy
2024-11-16 02:00:00,TXT_2_IMG,0.0,0.0,0.0,,,10,genai_diffusion_serving,single-accelerator-equivalent hours from successful request execution time; not measured fleet GPU occupancy
2024-11-16 03:00:00,IMG_2_IMG,0.0,0.0,0.0,,,11,genai_diffusion_serving,single-accelerator-equivalent hours from successful request execution time; not measured fleet GPU occupancy
2024-11-16 03:00:00,INPAINTING,0.0,0.0,0.0,,,11,genai_diffusion_serving,single-accelerator-equivalent hours from successful request execution time; not measured fleet GPU occupancy
2024-11-16 03:00:00,TXT_2_IMG,0.0,0.0,0.0,,,11,genai_diffusion_serving,single-accelerator-equivalent hours from successful request execution time; not measured fleet GPU occupancy
2024-11-16 04:00:00,IMG_2_IMG,0.0,0.0,0.0,,,12,genai_diffusion_serving,single-accelerator-equivalent hours from successful request execution time; not measured fleet GPU occupancy
2024-11-16 04:00:00,INPAINTING,0.0,0.0,0.0,,,12,genai_diffusion_serving,single-accelerator-equivalent hours from successful request execution time; not measured fleet GPU occupancy
2024-11-16 04:00:00,TXT_2_IMG,0.0,0.0,0.0,,,12,genai_diffusion_serving,single-accelerator-equivalent hours from successful request execution time; not measured fleet GPU occupancy
2024-11-16 05:00:00,IMG_2_IMG,0.0,0.0,0.0,,,13,genai_diffusion_serving,single-accelerator-equivalent hours from successful request execution time; not measured fleet GPU occupancy
2024-11-16 05:00:00,INPAINTING,0.0,0.0,0.0,,,13,genai_diffusion_serving,single-accelerator-equivalent hours from successful request execution time; not measured fleet GPU occupancy
2024-11-16 05:00:00,TXT_2_IMG,0.0,0.0,0.0,,,13,genai_diffusion_serving,single-accelerator-equivalent hours from successful request execution time; not measured fleet GPU occupancy
2024-11-16 06:00:00,IMG_2_IMG,0.0,0.0,0.0,,,14,genai_diffusion_serving,single-accelerator-equivalent hours from successful request execution time; not measured fleet GPU occupancy
2024-11-16 06:00:00,INPAINTING,0.0,0.0,0.0,,,14,genai_diffusion_serving,single-accelerator-equivalent hours from successful request execution time; not measured fleet GPU occupancy
2024-11-16 06:00:00,TXT_2_IMG,0.0,0.0,0.0,,,14,genai_diffusion_serving,single-accelerator-equivalent hours from successful request execution time; not measured fleet GPU occupancy
2024-11-16 07:00:00,IMG_2_IMG,0.0,0.0,0.0,,,15,genai_diffusion_serving,single-accelerator-equivalent hours from successful request execution time; not measured fleet GPU occupancy
2024-11-16 07:00:00,INPAINTING,0.0,0.0,0.0,,,15,genai_diffusion_serving,single-accelerator-equivalent hours from successful request execution time; not measured fleet GPU occupancy
2024-11-16 07:00:00,TXT_2_IMG,0.0,0.0,0.0,,,15,genai_diffusion_serving,single-accelerator-equivalent hours from successful request execution time; not measured fleet GPU occupancy
2024-11-16 08:00:00,IMG_2_IMG,0.0,0.0,0.0,,,16,genai_diffusion_serving,single-accelerator-equivalent hours from successful request execution time; not measured fleet GPU occupancy
2024-11-16 08:00:00,INPAINTING,0.0,0.0,0.0,,,16,genai_diffusion_serving,single-accelerator-equivalent hours from successful request execution time; not measured fleet GPU occupancy
2024-11-16 08:00:00,TXT_2_IMG,0.0,0.0,0.0,,,16,genai_diffusion_serving,single-accelerator-equivalent hours from successful request execution time; not measured fleet GPU occupancy
2024-11-16 09:00:00,IMG_2_IMG,0.0,0.0,0.0,,,17,genai_diffusion_serving,single-accelerator-equivalent hours from successful request execution time; not measured fleet GPU occupancy
2024-11-16 09:00:00,INPAINTING,0.0,0.0,0.0,,,17,genai_diffusion_serving,single-accelerator-equivalent hours from successful request execution time; not measured fleet GPU occupancy
2024-11-16 09:00:00,TXT_2_IMG,0.0,0.0,0.0,,,17,genai_diffusion_serving,single-accelerator-equivalent hours from successful request execution time; not measured fleet GPU occupancy
2024-11-16 10:00:00,IMG_2_IMG,0.0,0.0,0.0,,,18,genai_diffusion_serving,single-accelerator-equivalent hours from successful request execution time; not measured fleet GPU occupancy
2024-11-16 10:00:00,INPAINTING,0.0,0.0,0.0,,,18,genai_diffusion_serving,single-accelerator-equivalent hours from successful request execution time; not measured fleet GPU occupancy
2024-11-16 10:00:00,TXT_2_IMG,0.0,0.0,0.0,,,18,genai_diffusion_serving,single-accelerator-equivalent hours from successful request execution time; not measured fleet GPU occupancy
2024-11-16 11:00:00,IMG_2_IMG,0.0,0.0,0.0,,,19,genai_diffusion_serving,single-accelerator-equivalent hours from successful request execution time; not measured fleet GPU occupancy
2024-11-16 11:00:00,INPAINTING,0.0,0.0,0.0,,,19,genai_diffusion_serving,single-accelerator-equivalent hours from successful request execution time; not measured fleet GPU occupancy
2024-11-16 11:00:00,TXT_2_IMG,0.0,0.0,0.0,,,19,genai_diffusion_serving,single-accelerator-equivalent hours from successful request execution time; not measured fleet GPU occupancy
2024-11-16 12:00:00,IMG_2_IMG,0.0,0.0,0.0,,,20,genai_diffusion_serving,single-accelerator-equivalent hours from successful request execution time; not measured fleet GPU occupancy
2024-11-16 12:00:00,INPAINTING,0.0,0.0,0.0,,,20,genai_diffusion_serving,single-accelerator-equivalent hours from successful request execution time; not measured fleet GPU occupancy
2024-11-16 12:00:00,TXT_2_IMG,0.0,0.0,0.0,,,20,genai_diffusion_serving,single-accelerator-equivalent hours from successful request execution time; not measured fleet GPU occupancy
2024-11-16 13:00:00,IMG_2_IMG,0.0,0.0,0.0,,,21,genai_diffusion_serving,single-accelerator-equivalent hours from successful request execution time; not measured fleet GPU occupancy
2024-11-16 13:00:00,INPAINTING,0.0,0.0,0.0,,,21,genai_diffusion_serving,single-accelerator-equivalent hours from successful request execution time; not measured fleet GPU occupancy
2024-11-16 13:00:00,TXT_2_IMG,0.0,0.0,0.0,,,21,genai_diffusion_serving,single-accelerator-equivalent hours from successful request execution time; not measured fleet GPU occupancy
2024-11-16 14:00:00,IMG_2_IMG,0.0,0.0,0.0,,,22,genai_diffusion_serving,single-accelerator-equivalent hours from successful request execution time; not measured fleet GPU occupancy
2024-11-16 14:00:00,INPAINTING,0.0,0.0,0.0,,,22,genai_diffusion_serving,single-accelerator-equivalent hours from successful request execution time; not measured fleet GPU occupancy
2024-11-16 14:00:00,TXT_2_IMG,0.0,0.0,0.0,,,22,genai_diffusion_serving,single-accelerator-equivalent hours from successful request execution time; not measured fleet GPU occupancy
2024-11-16 15:00:00,IMG_2_IMG,0.0,0.0,0.0,,,23,genai_diffusion_serving,single-accelerator-equivalent hours from successful request execution time; not measured fleet GPU occupancy
2024-11-16 15:00:00,INPAINTING,0.0,0.0,0.0,,,23,genai_diffusion_serving,single-accelerator-equivalent hours from successful request execution time; not measured fleet GPU occupancy
2024-11-16 15:00:00,TXT_2_IMG,1.0,0.006944444444444444,1.0,25.0,25.0,23,genai_diffusion_serving,single-accelerator-equivalent hours from successful request execution time; not measured fleet GPU occupancy
2024-11-16 16:00:00,IMG_2_IMG,2.0,0.022222222222222223,2.0,40.0,41.8,24,genai_diffusion_serving,single-accelerator-equivalent hours from successful request execution time; not measured fleet GPU occupancy
2024-11-16 16:00:00,INPAINTING,0.0,0.0,0.0,,,24,genai_diffusion_serving,single-accelerator-equivalent hours from successful request execution time; not measured fleet GPU occupancy
2024-11-16 16:00:00,TXT_2_IMG,0.0,0.0,0.0,,,24,genai_diffusion_serving,single-accelerator-equivalent hours from successful request execution time; not measured fleet GPU occupancy
2024-11-16 17:00:00,IMG_2_IMG,0.0,0.0,0.0,,,25,genai_diffusion_serving,single-accelerator-equivalent hours from successful request execution time; not measured fleet GPU occupancy
2024-11-16 17:00:00,INPAINTING,0.0,0.0,0.0,,,25,genai_diffusion_serving,single-accelerator-equivalent hours from successful request execution time; not measured fleet GPU occupancy
2024-11-16 17:00:00,TXT_2_IMG,0.0,0.0,0.0,,,25,genai_diffusion_serving,single-accelerator-equivalent hours from successful request execution time; not measured fleet GPU occupancy
2024-11-16 18:00:00,IMG_2_IMG,0.0,0.0,0.0,,,26,genai_diffusion_serving,single-accelerator-equivalent hours from successful request execution time; not measured fleet GPU occupancy
2024-11-16 18:00:00,INPAINTING,0.0,0.0,0.0,,,26,genai_diffusion_serving,single-accelerator-equivalent hours from successful request execution time; not measured fleet GPU occupancy
2024-11-16 18:00:00,TXT_2_IMG,0.0,0.0,0.0,,,26,genai_diffusion_serving,single-accelerator-equivalent hours from successful request execution time; not measured fleet GPU occupancy
2024-11-16 19:00:00,IMG_2_IMG,0.0,0.0,0.0,,,27,genai_diffusion_serving,single-accelerator-equivalent hours from successful request execution time; not measured fleet GPU occupancy
2024-11-16 19:00:00,INPAINTING,0.0,0.0,0.0,,,27,genai_diffusion_serving,single-accelerator-equivalent hours from successful request execution time; not measured fleet GPU occupancy
2024-11-16 19:00:00,TXT_2_IMG,4.0,0.025277777777777777,4.0,23.0,24.85,27,genai_diffusion_serving,single-accelerator-equivalent hours from successful request execution time; not measured fleet GPU occupancy
2024-11-16 20:00:00,IMG_2_IMG,0.0,0.0,0.0,,,28,genai_diffusion_serving,single-accelerator-equivalent hours from successful request execution time; not measured fleet GPU occupancy
2024-11-16 20:00:00,INPAINTING,0.0,0.0,0.0,,,28,genai_diffusion_serving,single-accelerator-equivalent hours from successful request execution time; not measured fleet GPU occupancy
2024-11-16 20:00:00,TXT_2_IMG,0.0,0.0,0.0,,,28,genai_diffusion_serving,single-accelerator-equivalent hours from successful request execution time; not measured fleet GPU occupancy
2024-11-16 21:00:00,IMG_2_IMG,0.0,0.0,0.0,,,29,genai_diffusion_serving,single-accelerator-equivalent hours from successful request execution time; not measured fleet GPU occupancy
2024-11-16 21:00:00,INPAINTING,0.0,0.0,0.0,,,29,genai_diffusion_serving,single-accelerator-equivalent hours from successful request execution time; not measured fleet GPU occupancy
2024-11-16 21:00:00,TXT_2_IMG,18.0,0.08777777777777777,130.0,15.0,24.449999999999996,29,genai_diffusion_serving,single-accelerator-equivalent hours from successful request execution time; not measured fleet GPU occupancy
2024-11-16 22:00:00,IMG_2_IMG,30.0,0.2977777777777778,240.0,34.0,43.55,30,genai_diffusion_serving,single-accelerator-equivalent hours from successful request execution time; not measured fleet GPU occupancy
2024-11-16 22:00:00,INPAINTING,0.0,0.0,0.0,,,30,genai_diffusion_serving,single-accelerator-equivalent hours from successful request execution time; not measured fleet GPU occupancy
2024-11-16 22:00:00,TXT_2_IMG,9.0,0.08805555555555555,58.0,37.0,42.199999999999996,30,genai_diffusion_serving,single-accelerator-equivalent hours from successful request execution time; not measured fleet GPU occupancy
2024-11-16 23:00:00,IMG_2_IMG,9.0,0.10166666666666667,72.0,41.0,42.0,31,genai_diffusion_serving,single-accelerator-equivalent hours from successful request execution time; not measured fleet GPU occupancy
2024-11-16 23:00:00,INPAINTING,0.0,0.0,0.0,,,31,genai_diffusion_serving,single-accelerator-equivalent hours from successful request execution time; not measured fleet GPU occupancy
2024-11-16 23:00:00,TXT_2_IMG,6.0,0.059722222222222225,48.0,35.5,37.0,31,genai_diffusion_serving,single-accelerator-equivalent hours from successful request execution time; not measured fleet GPU occupancy
2024-11-17 00:00:00,IMG_2_IMG,0.0,0.0,0.0,,,32,genai_diffusion_serving,single-accelerator-equivalent hours from successful request execution time; not measured fleet GPU occupancy
2024-11-17 00:00:00,INPAINTING,0.0,0.0,0.0,,,32,genai_diffusion_serving,single-accelerator-equivalent hours from successful request execution time; not measured fleet GPU occupancy
2024-11-17 00:00:00,TXT_2_IMG,2.0,0.012222222222222221,2.0,22.0,28.3,32,genai_diffusion_serving,single-accelerator-equivalent hours from successful request execution time; not measured fleet GPU occupancy
2024-11-17 01:00:00,IMG_2_IMG,0.0,0.0,0.0,,,33,genai_diffusion_serving,single-accelerator-equivalent hours from successful request execution time; not measured fleet GPU occupancy
2024-11-17 01:00:00,INPAINTING,0.0,0.0,0.0,,,33,genai_diffusion_serving,single-accelerator-equivalent hours from successful request execution time; not measured fleet GPU occupancy
2024-11-17 01:00:00,TXT_2_IMG,0.0,0.0,0.0,,,33,genai_diffusion_serving,single-accelerator-equivalent hours from successful request execution time; not measured fleet GPU occupancy
2024-11-17 02:00:00,IMG_2_IMG,0.0,0.0,0.0,,,34,genai_diffusion_serving,single-accelerator-equivalent hours from successful request execution time; not measured fleet GPU occupancy
2024-11-17 02:00:00,INPAINTING,0.0,0.0,0.0,,,34,genai_diffusion_serving,single-accelerator-equivalent hours from successful request execution time; not measured fleet GPU occupancy
2024-11-17 02:00:00,TXT_2_IMG,1.0,0.006111111111111111,1.0,22.0,22.0,34,genai_diffusion_serving,single-accelerator-equivalent hours from successful request execution time; not measured fleet GPU occupancy
2024-11-17 03:00:00,IMG_2_IMG,1.0,0.005,1.0,18.0,18.0,35,genai_diffusion_serving,single-accelerator-equivalent hours from successful request execution time; not measured fleet GPU occupancy
2024-11-17 03:00:00,INPAINTING,1.0,0.002777777777777778,1.0,10.0,10.0,35,genai_diffusion_serving,single-accelerator-equivalent hours from successful request execution time; not measured fleet GPU occupancy
2024-11-17 03:00:00,TXT_2_IMG,9.0,0.04833333333333334,9.0,21.0,24.6,35,genai_diffusion_serving,single-accelerator-equivalent hours from successful request execution time; not measured fleet GPU occupancy
2024-11-17 04:00:00,IMG_2_IMG,0.0,0.0,0.0,,,36,genai_diffusion_serving,single-accelerator-equivalent hours from successful request execution time; not measured fleet GPU occupancy
2024-11-17 04:00:00,INPAINTING,0.0,0.0,0.0,,,36,genai_diffusion_serving,single-accelerator-equivalent hours from successful request execution time; not measured fleet GPU occupancy
2024-11-17 04:00:00,TXT_2_IMG,4.0,0.02277777777777778,8.0,15.5,33.849999999999994,36,genai_diffusion_serving,single-accelerator-equivalent hours from successful request execution time; not measured fleet GPU occupancy
2024-11-17 05:00:00,IMG_2_IMG,0.0,0.0,0.0,,,37,genai_diffusion_serving,single-accelerator-equivalent hours from successful request execution time; not measured fleet GPU occupancy
2024-11-17 05:00:00,INPAINTING,0.0,0.0,0.0,,,37,genai_diffusion_serving,single-accelerator-equivalent hours from successful request execution time; not measured fleet GPU occupancy
2024-11-17 05:00:00,TXT_2_IMG,1.0,0.0038888888888888888,1.0,14.0,14.0,37,genai_diffusion_serving,single-accelerator-equivalent hours from successful request execution time; not measured fleet GPU occupancy
2024-11-17 06:00:00,IMG_2_IMG,0.0,0.0,0.0,,,38,genai_diffusion_serving,single-accelerator-equivalent hours from successful request execution time; not measured fleet GPU occupancy
2024-11-17 06:00:00,INPAINTING,0.0,0.0,0.0,,,38,genai_diffusion_serving,single-accelerator-equivalent hours from successful request execution time; not measured fleet GPU occupancy
2024-11-17 06:00:00,TXT_2_IMG,0.0,0.0,0.0,,,38,genai_diffusion_serving,single-accelerator-equivalent hours from successful request execution time; not measured fleet GPU occupancy
2024-11-17 07:00:00,IMG_2_IMG,0.0,0.0,0.0,,,39,genai_diffusion_serving,single-accelerator-equivalent hours from successful request execution time; not measured fleet GPU occupancy
2024-11-17 07:00:00,INPAINTING,0.0,0.0,0.0,,,39,genai_diffusion_serving,single-accelerator-equivalent hours from successful request execution time; not measured fleet GPU occupancy
2024-11-17 07:00:00,TXT_2_IMG,0.0,0.0,0.0,,,39,genai_diffusion_serving,single-accelerator-equivalent hours from successful request execution time; not measured fleet GPU occupancy
2024-11-17 08:00:00,IMG_2_IMG,0.0,0.0,0.0,,,40,genai_diffusion_serving,single-accelerator-equivalent hours from successful request execution time; not measured fleet GPU occupancy
2024-11-17 08:00:00,INPAINTING,0.0,0.0,0.0,,,40,genai_diffusion_serving,single-accelerator-equivalent hours from successful request execution time; not measured fleet GPU occupancy
2024-11-17 08:00:00,TXT_2_IMG,0.0,0.0,0.0,,,40,genai_diffusion_serving,single-accelerator-equivalent hours from successful request execution time; not measured fleet GPU occupancy
2024-11-17 09:00:00,IMG_2_IMG,0.0,0.0,0.0,,,41,genai_diffusion_serving,single-accelerator-equivalent hours from successful request execution time; not measured fleet GPU occupancy
2024-11-17 09:00:00,INPAINTING,0.0,0.0,0.0,,,41,genai_diffusion_serving,single-accelerator-equivalent hours from successful request execution time; not measured fleet GPU occupancy
2024-11-17 09:00:00,TXT_2_IMG,0.0,0.0,0.0,,,41,genai_diffusion_serving,single-accelerator-equivalent hours from successful request execution time; not measured fleet GPU occupancy
2024-11-17 10:00:00,IMG_2_IMG,0.0,0.0,0.0,,,42,genai_diffusion_serving,single-accelerator-equivalent hours from successful request execution time; not measured fleet GPU occupancy
2024-11-17 10:00:00,INPAINTING,0.0,0.0,0.0,,,42,genai_diffusion_serving,single-accelerator-equivalent hours from successful request execution time; not measured fleet GPU occupancy
2024-11-17 10:00:00,TXT_2_IMG,0.0,0.0,0.0,,,42,genai_diffusion_serving,single-accelerator-equivalent hours from successful request execution time; not measured fleet GPU occupancy
2024-11-17 11:00:00,IMG_2_IMG,0.0,0.0,0.0,,,43,genai_diffusion_serving,single-accelerator-equivalent hours from successful request execution time; not measured fleet GPU occupancy
2024-11-17 11:00:00,INPAINTING,0.0,0.0,0.0,,,43,genai_diffusion_serving,single-accelerator-equivalent hours from successful request execution time; not measured fleet GPU occupancy
2024-11-17 11:00:00,TXT_2_IMG,0.0,0.0,0.0,,,43,genai_diffusion_serving,single-accelerator-equivalent hours from successful request execution time; not measured fleet GPU occupancy
2024-11-17 12:00:00,IMG_2_IMG,0.0,0.0,0.0,,,44,genai_diffusion_serving,single-accelerator-equivalent hours from successful request execution time; not measured fleet GPU occupancy
2024-11-17 12:00:00,INPAINTING,0.0,0.0,0.0,,,44,genai_diffusion_serving,single-accelerator-equivalent hours from successful request execution time; not measured fleet GPU occupancy
2024-11-17 12:00:00,TXT_2_IMG,0.0,0.0,0.0,,,44,genai_diffusion_serving,single-accelerator-equivalent hours from successful request execution time; not measured fleet GPU occupancy
2024-11-17 13:00:00,IMG_2_IMG,0.0,0.0,0.0,,,45,genai_diffusion_serving,single-accelerator-equivalent hours from successful request execution time; not measured fleet GPU occupancy
2024-11-17 13:00:00,INPAINTING,0.0,0.0,0.0,,,45,genai_diffusion_serving,single-accelerator-equivalent hours from successful request execution time; not measured fleet GPU occupancy
2024-11-17 13:00:00,TXT_2_IMG,0.0,0.0,0.0,,,45,genai_diffusion_serving,single-accelerator-equivalent hours from successful request execution time; not measured fleet GPU occupancy
2024-11-17 14:00:00,IMG_2_IMG,0.0,0.0,0.0,,,46,genai_diffusion_serving,single-accelerator-equivalent hours from successful request execution time; not measured fleet GPU occupancy
2024-11-17 14:00:00,INPAINTING,0.0,0.0,0.0,,,46,genai_diffusion_serving,single-accelerator-equivalent hours from successful request execution time; not measured fleet GPU occupancy
2024-11-17 14:00:00,TXT_2_IMG,0.0,0.0,0.0,,,46,genai_diffusion_serving,single-accelerator-equivalent hours from successful request execution time; not measured fleet GPU occupancy
2024-11-17 15:00:00,IMG_2_IMG,0.0,0.0,0.0,,,47,genai_diffusion_serving,single-accelerator-equivalent hours from successful request execution time; not measured fleet GPU occupancy
2024-11-17 15:00:00,INPAINTING,0.0,0.0,0.0,,,47,genai_diffusion_serving,single-accelerator-equivalent hours from successful request execution time; not measured fleet GPU occupancy
2024-11-17 15:00:00,TXT_2_IMG,0.0,0.0,0.0,,,47,genai_diffusion_serving,single-accelerator-equivalent hours from successful request execution time; not measured fleet GPU occupancy
2024-11-17 16:00:00,IMG_2_IMG,0.0,0.0,0.0,,,48,genai_diffusion_serving,single-accelerator-equivalent hours from successful request execution time; not measured fleet GPU occupancy
2024-11-17 16:00:00,INPAINTING,0.0,0.0,0.0,,,48,genai_diffusion_serving,single-accelerator-equivalent hours from successful request execution time; not measured fleet GPU occupancy
2024-11-17 16:00:00,TXT_2_IMG,0.0,0.0,0.0,,,48,genai_diffusion_serving,single-accelerator-equivalent hours from successful request execution time; not measured fleet GPU occupancy
2024-11-17 17:00:00,IMG_2_IMG,0.0,0.0,0.0,,,49,genai_diffusion_serving,single-accelerator-equivalent hours from successful request execution time; not measured fleet GPU occupancy
2024-11-17 17:00:00,INPAINTING,0.0,0.0,0.0,,,49,genai_diffusion_serving,single-accelerator-equivalent hours from successful request execution time; not measured fleet GPU occupancy
2024-11-17 17:00:00,TXT_2_IMG,1.0,0.0077777777777777776,8.0,28.0,28.0,49,genai_diffusion_serving,single-accelerator-equivalent hours from successful request execution time; not measured fleet GPU occupancy
2024-11-17 18:00:00,IMG_2_IMG,0.0,0.0,0.0,,,50,genai_diffusion_serving,single-accelerator-equivalent hours from successful request execution time; not measured fleet GPU occupancy
2024-11-17 18:00:00,INPAINTING,0.0,0.0,0.0,,,50,genai_diffusion_serving,single-accelerator-equivalent hours from successful request execution time; not measured fleet GPU occupancy
2024-11-17 18:00:00,TXT_2_IMG,10.0,0.06944444444444445,31.0,24.5,30.099999999999998,50,genai_diffusion_serving,single-accelerator-equivalent hours from successful request execution time; not measured fleet GPU occupancy
2024-11-17 19:00:00,IMG_2_IMG,0.0,0.0,0.0,,,51,genai_diffusion_serving,single-accelerator-equivalent hours from successful request execution time; not measured fleet GPU occupancy
2024-11-17 19:00:00,INPAINTING,0.0,0.0,0.0,,,51,genai_diffusion_serving,single-accelerator-equivalent hours from successful request execution time; not measured fleet GPU occupancy
2024-11-17 19:00:00,TXT_2_IMG,5.0,0.029722222222222223,5.0,23.0,25.6,51,genai_diffusion_serving,single-accelerator-equivalent hours from successful request execution time; not measured fleet GPU occupancy
2024-11-17 20:00:00,IMG_2_IMG,0.0,0.0,0.0,,,52,genai_diffusion_serving,single-accelerator-equivalent hours from successful request execution time; not measured fleet GPU occupancy
2024-11-17 20:00:00,INPAINTING,0.0,0.0,0.0,,,52,genai_diffusion_serving,single-accelerator-equivalent hours from successful request execution time; not measured fleet GPU occupancy
2024-11-17 20:00:00,TXT_2_IMG,0.0,0.0,0.0,,,52,genai_diffusion_serving,single-accelerator-equivalent hours from successful request execution time; not measured fleet GPU occupancy
2024-11-17 21:00:00,IMG_2_IMG,0.0,0.0,0.0,,,53,genai_diffusion_serving,single-accelerator-equivalent hours from successful request execution time; not measured fleet GPU occupancy
2024-11-17 21:00:00,INPAINTING,0.0,0.0,0.0,,,53,genai_diffusion_serving,single-accelerator-equivalent hours from successful request execution time; not measured fleet GPU occupancy
2024-11-17 21:00:00,TXT_2_IMG,30.0,0.20777777777777778,43.0,21.5,46.64999999999999,53,genai_diffusion_serving,single-accelerator-equivalent hours from successful request execution time; not measured fleet GPU occupancy
2024-11-17 22:00:00,IMG_2_IMG,0.0,0.0,0.0,,,54,genai_diffusion_serving,single-accelerator-equivalent hours from successful request execution time; not measured fleet GPU occupancy
2024-11-17 22:00:00,INPAINTING,0.0,0.0,0.0,,,54,genai_diffusion_serving,single-accelerator-equivalent hours from successful request execution time; not measured fleet GPU occupancy
2024-11-17 22:00:00,TXT_2_IMG,19.0,0.15305555555555556,32.0,25.0,55.099999999999994,54,genai_diffusion_serving,single-accelerator-equivalent hours from successful request execution time; not measured fleet GPU occupancy
2024-11-17 23:00:00,IMG_2_IMG,0.0,0.0,0.0,,,55,genai_diffusion_serving,single-accelerator-equivalent hours from successful request execution time; not measured fleet GPU occupancy
2024-11-17 23:00:00,INPAINTING,0.0,0.0,0.0,,,55,genai_diffusion_serving,single-accelerator-equivalent hours from successful request execution time; not measured fleet GPU occupancy
2024-11-17 23:00:00,TXT_2_IMG,0.0,0.0,0.0,,,55,genai_diffusion_serving,single-accelerator-equivalent hours from successful request execution time; not measured fleet GPU occupancy
2024-11-18 00:00:00,IMG_2_IMG,0.0,0.0,0.0,,,56,genai_diffusion_serving,single-accelerator-equivalent hours from successful request execution time; not measured fleet GPU occupancy
2024-11-18 00:00:00,INPAINTING,0.0,0.0,0.0,,,56,genai_diffusion_serving,single-accelerator-equivalent hours from successful request execution time; not measured fleet GPU occupancy
2024-11-18 00:00:00,TXT_2_IMG,4.0,0.017222222222222222,5.0,15.0,20.4,56,genai_diffusion_serving,single-accelerator-equivalent hours from successful request execution time; not measured fleet GPU occupancy
2024-11-18 01:00:00,IMG_2_IMG,0.0,0.0,0.0,,,57,genai_diffusion_serving,single-accelerator-equivalent hours from successful request execution time; not measured fleet GPU occupancy
2024-11-18 01:00:00,INPAINTING,0.0,0.0,0.0,,,57,genai_diffusion_serving,single-accelerator-equivalent hours from successful request execution time; not measured fleet GPU occupancy
2024-11-18 01:00:00,TXT_2_IMG,0.0,0.0,0.0,,,57,genai_diffusion_serving,single-accelerator-equivalent hours from successful request execution time; not measured fleet GPU occupancy
2024-11-18 02:00:00,IMG_2_IMG,0.0,0.0,0.0,,,58,genai_diffusion_serving,single-accelerator-equivalent hours from successful request execution time; not measured fleet GPU occupancy
2024-11-18 02:00:00,INPAINTING,0.0,0.0,0.0,,,58,genai_diffusion_serving,single-accelerator-equivalent hours from successful request execution time; not measured fleet GPU occupancy
2024-11-18 02:00:00,TXT_2_IMG,6.0,0.023055555555555555,6.0,14.0,19.0,58,genai_diffusion_serving,single-accelerator-equivalent hours from successful request execution time; not measured fleet GPU occupancy
2024-11-18 03:00:00,IMG_2_IMG,0.0,0.0,0.0,,,59,genai_diffusion_serving,single-accelerator-equivalent hours from successful request execution time; not measured fleet GPU occupancy
2024-11-18 03:00:00,INPAINTING,0.0,0.0,0.0,,,59,genai_diffusion_serving,single-accelerator-equivalent hours from successful request execution time; not measured fleet GPU occupancy
2024-11-18 03:00:00,TXT_2_IMG,22.0,0.09666666666666666,63.0,16.0,23.0,59,genai_diffusion_serving,single-accelerator-equivalent hours from successful request execution time; not measured fleet GPU occupancy
2024-11-18 04:00:00,IMG_2_IMG,0.0,0.0,0.0,,,60,genai_diffusion_serving,single-accelerator-equivalent hours from successful request execution time; not measured fleet GPU occupancy
2024-11-18 04:00:00,INPAINTING,0.0,0.0,0.0,,,60,genai_diffusion_serving,single-accelerator-equivalent hours from successful request execution time; not measured fleet GPU occupancy
2024-11-18 04:00:00,TXT_2_IMG,0.0,0.0,0.0,,,60,genai_diffusion_serving,single-accelerator-equivalent hours from successful request execution time; not measured fleet GPU occupancy
2024-11-18 05:00:00,IMG_2_IMG,0.0,0.0,0.0,,,61,genai_diffusion_serving,single-accelerator-equivalent hours from successful request execution time; not measured fleet GPU occupancy
2024-11-18 05:00:00,INPAINTING,0.0,0.0,0.0,,,61,genai_diffusion_serving,single-accelerator-equivalent hours from successful request execution time; not measured fleet GPU occupancy
2024-11-18 05:00:00,TXT_2_IMG,0.0,0.0,0.0,,,61,genai_diffusion_serving,single-accelerator-equivalent hours from successful request execution time; not measured fleet GPU occupancy
2024-11-18 06:00:00,IMG_2_IMG,0.0,0.0,0.0,,,62,genai_diffusion_serving,single-accelerator-equivalent hours from successful request execution time; not measured fleet GPU occupancy
2024-11-18 06:00:00,INPAINTING,0.0,0.0,0.0,,,62,genai_diffusion_serving,single-accelerator-equivalent hours from successful request execution time; not measured fleet GPU occupancy
2024-11-18 06:00:00,TXT_2_IMG,1.0,0.0044444444444444444,1.0,16.0,16.0,62,genai_diffusion_serving,single-accelerator-equivalent hours from successful request execution time; not measured fleet GPU occupancy
2024-11-18 07:00:00,IMG_2_IMG,0.0,0.0,0.0,,,63,genai_diffusion_serving,single-accelerator-equivalent hours from successful request execution time; not measured fleet GPU occupancy
2024-11-18 07:00:00,INPAINTING,0.0,0.0,0.0,,,63,genai_diffusion_serving,single-accelerator-equivalent hours from successful request execution time; not measured fleet GPU occupancy
2024-11-18 07:00:00,TXT_2_IMG,8.0,0.028888888888888888,8.0,14.0,15.0,63,genai_diffusion_serving,single-accelerator-equivalent hours from successful request execution time; not measured fleet GPU occupancy
2024-11-18 08:00:00,IMG_2_IMG,0.0,0.0,0.0,,,64,genai_diffusion_serving,single-accelerator-equivalent hours from successful request execution time; not measured fleet GPU occupancy
2024-11-18 08:00:00,INPAINTING,0.0,0.0,0.0,,,64,genai_diffusion_serving,single-accelerator-equivalent hours from successful request execution time; not measured fleet GPU occupancy
2024-11-18 08:00:00,TXT_2_IMG,0.0,0.0,0.0,,,64,genai_diffusion_serving,single-accelerator-equivalent hours from successful request execution time; not measured fleet GPU occupancy
2024-11-18 09:00:00,IMG_2_IMG,0.0,0.0,0.0,,,65,genai_diffusion_serving,single-accelerator-equivalent hours from successful request execution time; not measured fleet GPU occupancy
2024-11-18 09:00:00,INPAINTING,0.0,0.0,0.0,,,65,genai_diffusion_serving,single-accelerator-equivalent hours from successful request execution time; not measured fleet GPU occupancy
2024-11-18 09:00:00,TXT_2_IMG,5.0,0.020833333333333336,5.0,14.0,18.6,65,genai_diffusion_serving,single-accelerator-equivalent hours from successful request execution time; not measured fleet GPU occupancy
2024-11-18 10:00:00,IMG_2_IMG,0.0,0.0,0.0,,,66,genai_diffusion_serving,single-accelerator-equivalent hours from successful request execution time; not measured fleet GPU occupancy
2024-11-18 10:00:00,INPAINTING,0.0,0.0,0.0,,,66,genai_diffusion_serving,single-accelerator-equivalent hours from successful request execution time; not measured fleet GPU occupancy
2024-11-18 10:00:00,TXT_2_IMG,0.0,0.0,0.0,,,66,genai_diffusion_serving,single-accelerator-equivalent hours from successful request execution time; not measured fleet GPU occupancy
2024-11-18 11:00:00,IMG_2_IMG,0.0,0.0,0.0,,,67,genai_diffusion_serving,single-accelerator-equivalent hours from successful request execution time; not measured fleet GPU occupancy
2024-11-18 11:00:00,INPAINTING,0.0,0.0,0.0,,,67,genai_diffusion_serving,single-accelerator-equivalent hours from successful request execution time; not measured fleet GPU occupancy
2024-11-18 11:00:00,TXT_2_IMG,0.0,0.0,0.0,,,67,genai_diffusion_serving,single-accelerator-equivalent hours from successful request execution time; not measured fleet GPU occupancy
2024-11-18 12:00:00,IMG_2_IMG,0.0,0.0,0.0,,,68,genai_diffusion_serving,single-accelerator-equivalent hours from successful request execution time; not measured fleet GPU occupancy
2024-11-18 12:00:00,INPAINTING,0.0,0.0,0.0,,,68,genai_diffusion_serving,single-accelerator-equivalent hours from successful request execution time; not measured fleet GPU occupancy
2024-11-18 12:00:00,TXT_2_IMG,0.0,0.0,0.0,,,68,genai_diffusion_serving,single-accelerator-equivalent hours from successful request execution time; not measured fleet GPU occupancy
2024-11-18 13:00:00,IMG_2_IMG,0.0,0.0,0.0,,,69,genai_diffusion_serving,single-accelerator-equivalent hours from successful request execution time; not measured fleet GPU occupancy
2024-11-18 13:00:00,INPAINTING,0.0,0.0,0.0,,,69,genai_diffusion_serving,single-accelerator-equivalent hours from successful request execution time; not measured fleet GPU occupancy
2024-11-18 13:00:00,TXT_2_IMG,0.0,0.0,0.0,,,69,genai_diffusion_serving,single-accelerator-equivalent hours from successful request execution time; not measured fleet GPU occupancy
2024-11-18 14:00:00,IMG_2_IMG,0.0,0.0,0.0,,,70,genai_diffusion_serving,single-accelerator-equivalent hours from successful request execution time; not measured fleet GPU occupancy
2024-11-18 14:00:00,INPAINTING,0.0,0.0,0.0,,,70,genai_diffusion_serving,single-accelerator-equivalent hours from successful request execution time; not measured fleet GPU occupancy
2024-11-18 14:00:00,TXT_2_IMG,0.0,0.0,0.0,,,70,genai_diffusion_serving,single-accelerator-equivalent hours from successful request execution time; not measured fleet GPU occupancy
2024-11-18 15:00:00,IMG_2_IMG,0.0,0.0,0.0,,,71,genai_diffusion_serving,single-accelerator-equivalent hours from successful request execution time; not measured fleet GPU occupancy
2024-11-18 15:00:00,INPAINTING,0.0,0.0,0.0,,,71,genai_diffusion_serving,single-accelerator-equivalent hours from successful request execution time; not measured fleet GPU occupancy
2024-11-18 15:00:00,TXT_2_IMG,0.0,0.0,0.0,,,71,genai_diffusion_serving,single-accelerator-equivalent hours from successful request execution time; not measured fleet GPU occupancy
2024-11-18 16:00:00,IMG_2_IMG,0.0,0.0,0.0,,,72,genai_diffusion_serving,single-accelerator-equivalent hours from successful request execution time; not measured fleet GPU occupancy
2024-11-18 16:00:00,INPAINTING,0.0,0.0,0.0,,,72,genai_diffusion_serving,single-accelerator-equivalent hours from successful request execution time; not measured fleet GPU occupancy
2024-11-18 16:00:00,TXT_2_IMG,0.0,0.0,0.0,,,72,genai_diffusion_serving,single-accelerator-equivalent hours from successful request execution time; not measured fleet GPU occupancy
2024-11-18 17:00:00,IMG_2_IMG,0.0,0.0,0.0,,,73,genai_diffusion_serving,single-accelerator-equivalent hours from successful request execution time; not measured fleet GPU occupancy
2024-11-18 17:00:00,INPAINTING,0.0,0.0,0.0,,,73,genai_diffusion_serving,single-accelerator-equivalent hours from successful request execution time; not measured fleet GPU occupancy
2024-11-18 17:00:00,TXT_2_IMG,1.0,0.008888888888888889,1.0,32.0,32.0,73,genai_diffusion_serving,single-accelerator-equivalent hours from successful request execution time; not measured fleet GPU occupancy
2024-11-18 18:00:00,IMG_2_IMG,0.0,0.0,0.0,,,74,genai_diffusion_serving,single-accelerator-equivalent hours from successful request execution time; not measured fleet GPU occupancy
2024-11-18 18:00:00,INPAINTING,0.0,0.0,0.0,,,74,genai_diffusion_serving,single-accelerator-equivalent hours from successful request execution time; not measured fleet GPU occupancy
2024-11-18 18:00:00,TXT_2_IMG,1.0,0.01138888888888889,1.0,41.0,41.0,74,genai_diffusion_serving,single-accelerator-equivalent hours from successful request execution time; not measured fleet GPU occupancy
2024-11-18 19:00:00,IMG_2_IMG,0.0,0.0,0.0,,,75,genai_diffusion_serving,single-accelerator-equivalent hours from successful request execution time; not measured fleet GPU occupancy
2024-11-18 19:00:00,INPAINTING,0.0,0.0,0.0,,,75,genai_diffusion_serving,single-accelerator-equivalent hours from successful request execution time; not measured fleet GPU occupancy
2024-11-18 19:00:00,TXT_2_IMG,0.0,0.0,0.0,,,75,genai_diffusion_serving,single-accelerator-equivalent hours from successful request execution time; not measured fleet GPU occupancy
2024-11-18 20:00:00,IMG_2_IMG,0.0,0.0,0.0,,,76,genai_diffusion_serving,single-accelerator-equivalent hours from successful request execution time; not measured fleet GPU occupancy
2024-11-18 20:00:00,INPAINTING,0.0,0.0,0.0,,,76,genai_diffusion_serving,single-accelerator-equivalent hours from successful request execution time; not measured fleet GPU occupancy
2024-11-18 20:00:00,TXT_2_IMG,0.0,0.0,0.0,,,76,genai_diffusion_serving,single-accelerator-equivalent hours from successful request execution time; not measured fleet GPU occupancy
2024-11-18 21:00:00,IMG_2_IMG,0.0,0.0,0.0,,,77,genai_diffusion_serving,single-accelerator-equivalent hours from successful request execution time; not measured fleet GPU occupancy
2024-11-18 21:00:00,INPAINTING,0.0,0.0,0.0,,,77,genai_diffusion_serving,single-accelerator-equivalent hours from successful request execution time; not measured fleet GPU occupancy
2024-11-18 21:00:00,TXT_2_IMG,5.0,0.03833333333333333,5.0,30.0,31.0,77,genai_diffusion_serving,single-accelerator-equivalent hours from successful request execution time; not measured fleet GPU occupancy
2024-11-18 22:00:00,IMG_2_IMG,0.0,0.0,0.0,,,78,genai_diffusion_serving,single-accelerator-equivalent hours from successful request execution time; not measured fleet GPU occupancy
2024-11-18 22:00:00,INPAINTING,0.0,0.0,0.0,,,78,genai_diffusion_serving,single-accelerator-equivalent hours from successful request execution time; not measured fleet GPU occupancy
2024-11-18 22:00:00,TXT_2_IMG,0.0,0.0,0.0,,,78,genai_diffusion_serving,single-accelerator-equivalent hours from successful request execution time; not measured fleet GPU occupancy
2024-11-18 23:00:00,IMG_2_IMG,0.0,0.0,0.0,,,79,genai_diffusion_serving,single-accelerator-equivalent hours from successful request execution time; not measured fleet GPU occupancy
2024-11-18 23:00:00,INPAINTING,0.0,0.0,0.0,,,79,genai_diffusion_serving,single-accelerator-equivalent hours from successful request execution time; not measured fleet GPU occupancy
2024-11-18 23:00:00,TXT_2_IMG,5.0,0.03138888888888889,5.0,24.0,26.0,79,genai_diffusion_serving,single-accelerator-equivalent hours from successful request execution time; not measured fleet GPU occupancy
2024-11-19 00:00:00,IMG_2_IMG,0.0,0.0,0.0,,,80,genai_diffusion_serving,single-accelerator-equivalent hours from successful request execution time; not measured fleet GPU occupancy
2024-11-19 00:00:00,INPAINTING,0.0,0.0,0.0,,,80,genai_diffusion_serving,single-accelerator-equivalent hours from successful request execution time; not measured fleet GPU occupancy
2024-11-19 00:00:00,TXT_2_IMG,0.0,0.0,0.0,,,80,genai_diffusion_serving,single-accelerator-equivalent hours from successful request execution time; not measured fleet GPU occupancy
2024-11-19 01:00:00,IMG_2_IMG,0.0,0.0,0.0,,,81,genai_diffusion_serving,single-accelerator-equivalent hours from successful request execution time; not measured fleet GPU occupancy
2024-11-19 01:00:00,INPAINTING,0.0,0.0,0.0,,,81,genai_diffusion_serving,single-accelerator-equivalent hours from successful request execution time; not measured fleet GPU occupancy
2024-11-19 01:00:00,TXT_2_IMG,14.0,0.12277777777777778,45.0,29.5,46.0,81,genai_diffusion_serving,single-accelerator-equivalent hours from successful request execution time; not measured fleet GPU occupancy
2024-11-19 02:00:00,IMG_2_IMG,0.0,0.0,0.0,,,82,genai_diffusion_serving,single-accelerator-equivalent hours from successful request execution time; not measured fleet GPU occupancy
2024-11-19 02:00:00,INPAINTING,0.0,0.0,0.0,,,82,genai_diffusion_serving,single-accelerator-equivalent hours from successful request execution time; not measured fleet GPU occupancy
2024-11-19 02:00:00,TXT_2_IMG,1.0,0.006666666666666667,8.0,24.0,24.0,82,genai_diffusion_serving,single-accelerator-equivalent hours from successful request execution time; not measured fleet GPU occupancy
2024-11-19 03:00:00,IMG_2_IMG,0.0,0.0,0.0,,,83,genai_diffusion_serving,single-accelerator-equivalent hours from successful request execution time; not measured fleet GPU occupancy
2024-11-19 03:00:00,INPAINTING,0.0,0.0,0.0,,,83,genai_diffusion_serving,single-accelerator-equivalent hours from successful request execution time; not measured fleet GPU occupancy
2024-11-19 03:00:00,TXT_2_IMG,2.0,0.024722222222222222,9.0,44.5,53.05,83,genai_diffusion_serving,single-accelerator-equivalent hours from successful request execution time; not measured fleet GPU occupancy
2024-11-19 04:00:00,IMG_2_IMG,0.0,0.0,0.0,,,84,genai_diffusion_serving,single-accelerator-equivalent hours from successful request execution time; not measured fleet GPU occupancy
2024-11-19 04:00:00,INPAINTING,0.0,0.0,0.0,,,84,genai_diffusion_serving,single-accelerator-equivalent hours from successful request execution time; not measured fleet GPU occupancy
2024-11-19 04:00:00,TXT_2_IMG,6.0,0.07444444444444445,6.0,48.5,69.5,84,genai_diffusion_serving,single-accelerator-equivalent hours from successful request execution time; not measured fleet GPU occupancy
2024-11-19 05:00:00,IMG_2_IMG,0.0,0.0,0.0,,,85,genai_diffusion_serving,single-accelerator-equivalent hours from successful request execution time; not measured fleet GPU occupancy
2024-11-19 05:00:00,INPAINTING,0.0,0.0,0.0,,,85,genai_diffusion_serving,single-accelerator-equivalent hours from successful request execution time; not measured fleet GPU occupancy
2024-11-19 05:00:00,TXT_2_IMG,6.0,0.028055555555555556,6.0,18.5,19.75,85,genai_diffusion_serving,single-accelerator-equivalent hours from successful request execution time; not measured fleet GPU occupancy
2024-11-19 06:00:00,IMG_2_IMG,0.0,0.0,0.0,,,86,genai_diffusion_serving,single-accelerator-equivalent hours from successful request execution time; not measured fleet GPU occupancy
2024-11-19 06:00:00,INPAINTING,0.0,0.0,0.0,,,86,genai_diffusion_serving,single-accelerator-equivalent hours from successful request execution time; not measured fleet GPU occupancy
2024-11-19 06:00:00,TXT_2_IMG,0.0,0.0,0.0,,,86,genai_diffusion_serving,single-accelerator-equivalent hours from successful request execution time; not measured fleet GPU occupancy
2024-11-19 07:00:00,IMG_2_IMG,0.0,0.0,0.0,,,87,genai_diffusion_serving,single-accelerator-equivalent hours from successful request execution time; not measured fleet GPU occupancy
2024-11-19 07:00:00,INPAINTING,0.0,0.0,0.0,,,87,genai_diffusion_serving,single-accelerator-equivalent hours from successful request execution time; not measured fleet GPU occupancy
2024-11-19 07:00:00,TXT_2_IMG,0.0,0.0,0.0,,,87,genai_diffusion_serving,single-accelerator-equivalent hours from successful request execution time; not measured fleet GPU occupancy
2024-11-19 08:00:00,IMG_2_IMG,0.0,0.0,0.0,,,88,genai_diffusion_serving,single-accelerator-equivalent hours from successful request execution time; not measured fleet GPU occupancy
2024-11-19 08:00:00,INPAINTING,0.0,0.0,0.0,,,88,genai_diffusion_serving,single-accelerator-equivalent hours from successful request execution time; not measured fleet GPU occupancy
2024-11-19 08:00:00,TXT_2_IMG,0.0,0.0,0.0,,,88,genai_diffusion_serving,single-accelerator-equivalent hours from successful request execution time; not measured fleet GPU occupancy
2024-11-19 09:00:00,IMG_2_IMG,0.0,0.0,0.0,,,89,genai_diffusion_serving,single-accelerator-equivalent hours from successful request execution time; not measured fleet GPU occupancy
2024-11-19 09:00:00,INPAINTING,0.0,0.0,0.0,,,89,genai_diffusion_serving,single-accelerator-equivalent hours from successful request execution time; not measured fleet GPU occupancy
2024-11-19 09:00:00,TXT_2_IMG,0.0,0.0,0.0,,,89,genai_diffusion_serving,single-accelerator-equivalent hours from successful request execution time; not measured fleet GPU occupancy
2024-11-19 10:00:00,IMG_2_IMG,0.0,0.0,0.0,,,90,genai_diffusion_serving,single-accelerator-equivalent hours from successful request execution time; not measured fleet GPU occupancy
2024-11-19 10:00:00,INPAINTING,0.0,0.0,0.0,,,90,genai_diffusion_serving,single-accelerator-equivalent hours from successful request execution time; not measured fleet GPU occupancy
2024-11-19 10:00:00,TXT_2_IMG,0.0,0.0,0.0,,,90,genai_diffusion_serving,single-accelerator-equivalent hours from successful request execution time; not measured fleet GPU occupancy
2024-11-19 11:00:00,IMG_2_IMG,0.0,0.0,0.0,,,91,genai_diffusion_serving,single-accelerator-equivalent hours from successful request execution time; not measured fleet GPU occupancy
2024-11-19 11:00:00,INPAINTING,0.0,0.0,0.0,,,91,genai_diffusion_serving,single-accelerator-equivalent hours from successful request execution time; not measured fleet GPU occupancy
2024-11-19 11:00:00,TXT_2_IMG,0.0,0.0,0.0,,,91,genai_diffusion_serving,single-accelerator-equivalent hours from successful request execution time; not measured fleet GPU occupancy
2024-11-19 12:00:00,IMG_2_IMG,0.0,0.0,0.0,,,92,genai_diffusion_serving,single-accelerator-equivalent hours from successful request execution time; not measured fleet GPU occupancy
2024-11-19 12:00:00,INPAINTING,0.0,0.0,0.0,,,92,genai_diffusion_serving,single-accelerator-equivalent hours from successful request execution time; not measured fleet GPU occupancy
2024-11-19 12:00:00,TXT_2_IMG,0.0,0.0,0.0,,,92,genai_diffusion_serving,single-accelerator-equivalent hours from successful request execution time; not measured fleet GPU occupancy
2024-11-19 13:00:00,IMG_2_IMG,0.0,0.0,0.0,,,93,genai_diffusion_serving,single-accelerator-equivalent hours from successful request execution time; not measured fleet GPU occupancy
2024-11-19 13:00:00,INPAINTING,0.0,0.0,0.0,,,93,genai_diffusion_serving,single-accelerator-equivalent hours from successful request execution time; not measured fleet GPU occupancy
2024-11-19 13:00:00,TXT_2_IMG,0.0,0.0,0.0,,,93,genai_diffusion_serving,single-accelerator-equivalent hours from successful request execution time; not measured fleet GPU occupancy
2024-11-19 14:00:00,IMG_2_IMG,0.0,0.0,0.0,,,94,genai_diffusion_serving,single-accelerator-equivalent hours from successful request execution time; not measured fleet GPU occupancy
2024-11-19 14:00:00,INPAINTING,0.0,0.0,0.0,,,94,genai_diffusion_serving,single-accelerator-equivalent hours from successful request execution time; not measured fleet GPU occupancy
2024-11-19 14:00:00,TXT_2_IMG,0.0,0.0,0.0,,,94,genai_diffusion_serving,single-accelerator-equivalent hours from successful request execution time; not measured fleet GPU occupancy
2024-11-19 15:00:00,IMG_2_IMG,0.0,0.0,0.0,,,95,genai_diffusion_serving,single-accelerator-equivalent hours from successful request execution time; not measured fleet GPU occupancy
2024-11-19 15:00:00,INPAINTING,0.0,0.0,0.0,,,95,genai_diffusion_serving,single-accelerator-equivalent hours from successful request execution time; not measured fleet GPU occupancy
2024-11-19 15:00:00,TXT_2_IMG,0.0,0.0,0.0,,,95,genai_diffusion_serving,single-accelerator-equivalent hours from successful request execution time; not measured fleet GPU occupancy
2024-11-19 16:00:00,IMG_2_IMG,0.0,0.0,0.0,,,96,genai_diffusion_serving,single-accelerator-equivalent hours from successful request execution time; not measured fleet GPU occupancy
2024-11-19 16:00:00,INPAINTING,0.0,0.0,0.0,,,96,genai_diffusion_serving,single-accelerator-equivalent hours from successful request execution time; not measured fleet GPU occupancy
2024-11-19 16:00:00,TXT_2_IMG,24.0,0.16916666666666666,68.0,25.5,32.699999999999996,96,genai_diffusion_serving,single-accelerator-equivalent hours from successful request execution time; not measured fleet GPU occupancy
2024-11-19 17:00:00,IMG_2_IMG,2.0,0.018055555555555554,2.0,32.5,36.55,97,genai_diffusion_serving,single-accelerator-equivalent hours from successful request execution time; not measured fleet GPU occupancy
2024-11-19 17:00:00,INPAINTING,0.0,0.0,0.0,,,97,genai_diffusion_serving,single-accelerator-equivalent hours from successful request execution time; not measured fleet GPU occupancy
2024-11-19 17:00:00,TXT_2_IMG,56.0,0.30277777777777776,94.0,20.0,28.5,97,genai_diffusion_serving,single-accelerator-equivalent hours from successful request execution time; not measured fleet GPU occupancy
2024-11-19 18:00:00,IMG_2_IMG,13.0,0.0763888888888889,25.0,22.0,27.0,98,genai_diffusion_serving,single-accelerator-equivalent hours from successful request execution time; not measured fleet GPU occupancy
2024-11-19 18:00:00,INPAINTING,1.0,0.010277777777777778,1.0,37.0,37.0,98,genai_diffusion_serving,single-accelerator-equivalent hours from successful request execution time; not measured fleet GPU occupancy
2024-11-19 18:00:00,TXT_2_IMG,66.0,0.34944444444444445,87.0,18.0,36.25,98,genai_diffusion_serving,single-accelerator-equivalent hours from successful request execution time; not measured fleet GPU occupancy
2024-11-19 19:00:00,IMG_2_IMG,0.0,0.0,0.0,,,99,genai_diffusion_serving,single-accelerator-equivalent hours from successful request execution time; not measured fleet GPU occupancy
2024-11-19 19:00:00,INPAINTING,0.0,0.0,0.0,,,99,genai_diffusion_serving,single-accelerator-equivalent hours from successful request execution time; not measured fleet GPU occupancy
2024-11-19 19:00:00,TXT_2_IMG,12.0,0.059166666666666666,12.0,18.5,25.049999999999994,99,genai_diffusion_serving,single-accelerator-equivalent hours from successful request execution time; not measured fleet GPU occupancy
2024-11-19 20:00:00,IMG_2_IMG,2.0,0.0075,2.0,13.5,14.85,100,genai_diffusion_serving,single-accelerator-equivalent hours from successful request execution time; not measured fleet GPU occupancy
2024-11-19 20:00:00,INPAINTING,0.0,0.0,0.0,,,100,genai_diffusion_serving,single-accelerator-equivalent hours from successful request execution time; not measured fleet GPU occupancy
2024-11-19 20:00:00,TXT_2_IMG,30.0,0.1975,73.0,21.0,51.55,100,genai_diffusion_serving,single-accelerator-equivalent hours from successful request execution time; not measured fleet GPU occupancy
2024-11-19 21:00:00,IMG_2_IMG,7.0,0.058055555555555555,29.0,29.0,38.89999999999999,101,genai_diffusion_serving,single-accelerator-equivalent hours from successful request execution time; not measured fleet GPU occupancy
2024-11-19 21:00:00,INPAINTING,0.0,0.0,0.0,,,101,genai_diffusion_serving,single-accelerator-equivalent hours from successful request execution time; not measured fleet GPU occupancy
2024-11-19 21:00:00,TXT_2_IMG,141.0,0.8766666666666667,326.0,19.0,47.0,101,genai_diffusion_serving,single-accelerator-equivalent hours from successful request execution time; not measured fleet GPU occupancy
2024-11-19 22:00:00,IMG_2_IMG,1.0,0.006388888888888889,1.0,23.0,23.0,102,genai_diffusion_serving,single-accelerator-equivalent hours from successful request execution time; not measured fleet GPU occupancy
2024-11-19 22:00:00,INPAINTING,0.0,0.0,0.0,,,102,genai_diffusion_serving,single-accelerator-equivalent hours from successful request execution time; not measured fleet GPU occupancy
2024-11-19 22:00:00,TXT_2_IMG,114.0,0.7291666666666666,197.0,19.5,45.04999999999998,102,genai_diffusion_serving,single-accelerator-equivalent hours from successful request execution time; not measured fleet GPU occupancy
2024-11-19 23:00:00,IMG_2_IMG,21.0,0.15666666666666668,82.0,25.0,36.0,103,genai_diffusion_serving,single-accelerator-equivalent hours from successful request execution time; not measured fleet GPU occupancy
2024-11-19 23:00:00,INPAINTING,0.0,0.0,0.0,,,103,genai_diffusion_serving,single-accelerator-equivalent hours from successful request execution time; not measured fleet GPU occupancy
2024-11-19 23:00:00,TXT_2_IMG,42.0,0.2452777777777778,85.0,20.5,31.849999999999987,103,genai_diffusion_serving,single-accelerator-equivalent hours from successful request execution time; not measured fleet GPU occupancy
2024-11-20 00:00:00,IMG_2_IMG,0.0,0.0,0.0,,,104,genai_diffusion_serving,single-accelerator-equivalent hours from successful request execution time; not measured fleet GPU occupancy
2024-11-20 00:00:00,INPAINTING,0.0,0.0,0.0,,,104,genai_diffusion_serving,single-accelerator-equivalent hours from successful request execution time; not measured fleet GPU occupancy
2024-11-20 00:00:00,TXT_2_IMG,80.0,0.4061111111111111,132.0,18.0,32.0,104,genai_diffusion_serving,single-accelerator-equivalent hours from successful request execution time; not measured fleet GPU occupancy
2024-11-20 01:00:00,IMG_2_IMG,0.0,0.0,0.0,,,105,genai_diffusion_serving,single-accelerator-equivalent hours from successful request execution time; not measured fleet GPU occupancy
2024-11-20 01:00:00,INPAINTING,0.0,0.0,0.0,,,105,genai_diffusion_serving,single-accelerator-equivalent hours from successful request execution time; not measured fleet GPU occupancy
2024-11-20 01:00:00,TXT_2_IMG,29.0,0.21222222222222223,50.0,25.0,41.0,105,genai_diffusion_serving,single-accelerator-equivalent hours from successful request execution time; not measured fleet GPU occupancy
2024-11-20 02:00:00,IMG_2_IMG,1.0,0.0044444444444444444,1.0,16.0,16.0,106,genai_diffusion_serving,single-accelerator-equivalent hours from successful request execution time; not measured fleet GPU occupancy
2024-11-20 02:00:00,INPAINTING,0.0,0.0,0.0,,,106,genai_diffusion_serving,single-accelerator-equivalent hours from successful request execution time; not measured fleet GPU occupancy
2024-11-20 02:00:00,TXT_2_IMG,36.0,0.17250000000000001,63.0,16.0,29.5,106,genai_diffusion_serving,single-accelerator-equivalent hours from successful request execution time; not measured fleet GPU occupancy
2024-11-20 03:00:00,IMG_2_IMG,0.0,0.0,0.0,,,107,genai_diffusion_serving,single-accelerator-equivalent hours from successful request execution time; not measured fleet GPU occupancy
2024-11-20 03:00:00,INPAINTING,0.0,0.0,0.0,,,107,genai_diffusion_serving,single-accelerator-equivalent hours from successful request execution time; not measured fleet GPU occupancy
2024-11-20 03:00:00,TXT_2_IMG,53.0,0.2833333333333333,127.0,18.0,33.0,107,genai_diffusion_serving,single-accelerator-equivalent hours from successful request execution time; not measured fleet GPU occupancy
2024-11-20 04:00:00,IMG_2_IMG,0.0,0.0,0.0,,,108,genai_diffusion_serving,single-accelerator-equivalent hours from successful request execution time; not measured fleet GPU occupancy
2024-11-20 04:00:00,INPAINTING,1.0,0.0030555555555555557,1.0,11.0,11.0,108,genai_diffusion_serving,single-accelerator-equivalent hours from successful request execution time; not measured fleet GPU occupancy
2024-11-20 04:00:00,TXT_2_IMG,4.0,0.025,4.0,18.5,34.599999999999994,108,genai_diffusion_serving,single-accelerator-equivalent hours from successful request execution time; not measured fleet GPU occupancy
2024-11-20 05:00:00,IMG_2_IMG,1.0,0.012777777777777779,1.0,46.0,46.0,109,genai_diffusion_serving,single-accelerator-equivalent hours from successful request execution time; not measured fleet GPU occupancy
2024-11-20 05:00:00,INPAINTING,0.0,0.0,0.0,,,109,genai_diffusion_serving,single-accelerator-equivalent hours from successful request execution time; not measured fleet GPU occupancy
2024-11-20 05:00:00,TXT_2_IMG,1.0,0.0175,1.0,63.0,63.0,109,genai_diffusion_serving,single-accelerator-equivalent hours from successful request execution time; not measured fleet GPU occupancy
2024-11-20 06:00:00,IMG_2_IMG,0.0,0.0,0.0,,,110,genai_diffusion_serving,single-accelerator-equivalent hours from successful request execution time; not measured fleet GPU occupancy
2024-11-20 06:00:00,INPAINTING,0.0,0.0,0.0,,,110,genai_diffusion_serving,single-accelerator-equivalent hours from successful request execution time; not measured fleet GPU occupancy
2024-11-20 06:00:00,TXT_2_IMG,1.0,0.003611111111111111,2.0,13.0,13.0,110,genai_diffusion_serving,single-accelerator-equivalent hours from successful request execution time; not measured fleet GPU occupancy
2024-11-20 07:00:00,IMG_2_IMG,0.0,0.0,0.0,,,111,genai_diffusion_serving,single-accelerator-equivalent hours from successful request execution time; not measured fleet GPU occupancy
2024-11-20 07:00:00,INPAINTING,0.0,0.0,0.0,,,111,genai_diffusion_serving,single-accelerator-equivalent hours from successful request execution time; not measured fleet GPU occupancy
2024-11-20 07:00:00,TXT_2_IMG,0.0,0.0,0.0,,,111,genai_diffusion_serving,single-accelerator-equivalent hours from successful request execution time; not measured fleet GPU occupancy
2024-11-20 08:00:00,IMG_2_IMG,0.0,0.0,0.0,,,112,genai_diffusion_serving,single-accelerator-equivalent hours from successful request execution time; not measured fleet GPU occupancy
2024-11-20 08:00:00,INPAINTING,0.0,0.0,0.0,,,112,genai_diffusion_serving,single-accelerator-equivalent hours from successful request execution time; not measured fleet GPU occupancy
2024-11-20 08:00:00,TXT_2_IMG,11.0,0.13194444444444445,29.0,40.0,55.0,112,genai_diffusion_serving,single-accelerator-equivalent hours from successful request execution time; not measured fleet GPU occupancy
2024-11-20 09:00:00,IMG_2_IMG,0.0,0.0,0.0,,,113,genai_diffusion_serving,single-accelerator-equivalent hours from successful request execution time; not measured fleet GPU occupancy
2024-11-20 09:00:00,INPAINTING,0.0,0.0,0.0,,,113,genai_diffusion_serving,single-accelerator-equivalent hours from successful request execution time; not measured fleet GPU occupancy
2024-11-20 09:00:00,TXT_2_IMG,3.0,0.016944444444444446,3.0,21.0,23.7,113,genai_diffusion_serving,single-accelerator-equivalent hours from successful request execution time; not measured fleet GPU occupancy
2024-11-20 10:00:00,IMG_2_IMG,0.0,0.0,0.0,,,114,genai_diffusion_serving,single-accelerator-equivalent hours from successful request execution time; not measured fleet GPU occupancy
2024-11-20 10:00:00,INPAINTING,0.0,0.0,0.0,,,114,genai_diffusion_serving,single-accelerator-equivalent hours from successful request execution time; not measured fleet GPU occupancy
2024-11-20 10:00:00,TXT_2_IMG,0.0,0.0,0.0,,,114,genai_diffusion_serving,single-accelerator-equivalent hours from successful request execution time; not measured fleet GPU occupancy
2024-11-20 11:00:00,IMG_2_IMG,0.0,0.0,0.0,,,115,genai_diffusion_serving,single-accelerator-equivalent hours from successful request execution time; not measured fleet GPU occupancy
2024-11-20 11:00:00,INPAINTING,0.0,0.0,0.0,,,115,genai_diffusion_serving,single-accelerator-equivalent hours from successful request execution time; not measured fleet GPU occupancy
2024-11-20 11:00:00,TXT_2_IMG,0.0,0.0,0.0,,,115,genai_diffusion_serving,single-accelerator-equivalent hours from successful request execution time; not measured fleet GPU occupancy
2024-11-20 12:00:00,IMG_2_IMG,0.0,0.0,0.0,,,116,genai_diffusion_serving,single-accelerator-equivalent hours from successful request execution time; not measured fleet GPU occupancy
2024-11-20 12:00:00,INPAINTING,0.0,0.0,0.0,,,116,genai_diffusion_serving,single-accelerator-equivalent hours from successful request execution time; not measured fleet GPU occupancy
2024-11-20 12:00:00,TXT_2_IMG,0.0,0.0,0.0,,,116,genai_diffusion_serving,single-accelerator-equivalent hours from successful request execution time; not measured fleet GPU occupancy
2024-11-20 13:00:00,IMG_2_IMG,0.0,0.0,0.0,,,117,genai_diffusion_serving,single-accelerator-equivalent hours from successful request execution time; not measured fleet GPU occupancy
2024-11-20 13:00:00,INPAINTING,0.0,0.0,0.0,,,117,genai_diffusion_serving,single-accelerator-equivalent hours from successful request execution time; not measured fleet GPU occupancy
2024-11-20 13:00:00,TXT_2_IMG,0.0,0.0,0.0,,,117,genai_diffusion_serving,single-accelerator-equivalent hours from successful request execution time; not measured fleet GPU occupancy
2024-11-20 14:00:00,IMG_2_IMG,0.0,0.0,0.0,,,118,genai_diffusion_serving,single-accelerator-equivalent hours from successful request execution time; not measured fleet GPU occupancy
2024-11-20 14:00:00,INPAINTING,0.0,0.0,0.0,,,118,genai_diffusion_serving,single-accelerator-equivalent hours from successful request execution time; not measured fleet GPU occupancy
2024-11-20 14:00:00,TXT_2_IMG,0.0,0.0,0.0,,,118,genai_diffusion_serving,single-accelerator-equivalent hours from successful request execution time; not measured fleet GPU occupancy
2024-11-20 15:00:00,IMG_2_IMG,0.0,0.0,0.0,,,119,genai_diffusion_serving,single-accelerator-equivalent hours from successful request execution time; not measured fleet GPU occupancy
2024-11-20 15:00:00,INPAINTING,0.0,0.0,0.0,,,119,genai_diffusion_serving,single-accelerator-equivalent hours from successful request execution time; not measured fleet GPU occupancy
2024-11-20 15:00:00,TXT_2_IMG,0.0,0.0,0.0,,,119,genai_diffusion_serving,single-accelerator-equivalent hours from successful request execution time; not measured fleet GPU occupancy
2024-11-20 16:00:00,IMG_2_IMG,0.0,0.0,0.0,,,120,genai_diffusion_serving,single-accelerator-equivalent hours from successful request execution time; not measured fleet GPU occupancy
2024-11-20 16:00:00,INPAINTING,0.0,0.0,0.0,,,120,genai_diffusion_serving,single-accelerator-equivalent hours from successful request execution time; not measured fleet GPU occupancy
2024-11-20 16:00:00,TXT_2_IMG,20.0,0.21138888888888888,43.0,31.0,74.05,120,genai_diffusion_serving,single-accelerator-equivalent hours from successful request execution time; not measured fleet GPU occupancy
2024-11-20 17:00:00,IMG_2_IMG,4.0,0.017777777777777778,7.0,15.5,19.7,121,genai_diffusion_serving,single-accelerator-equivalent hours from successful request execution time; not measured fleet GPU occupancy
2024-11-20 17:00:00,INPAINTING,2.0,0.008888888888888889,8.0,16.0,16.9,121,genai_diffusion_serving,single-accelerator-equivalent hours from successful request execution time; not measured fleet GPU occupancy
2024-11-20 17:00:00,TXT_2_IMG,86.0,0.5608333333333333,225.0,20.0,45.75,121,genai_diffusion_serving,single-accelerator-equivalent hours from successful request execution time; not measured fleet GPU occupancy
2024-11-20 18:00:00,IMG_2_IMG,11.0,0.06527777777777778,11.0,19.0,31.0,122,genai_diffusion_serving,single-accelerator-equivalent hours from successful request execution time; not measured fleet GPU occupancy
2024-11-20 18:00:00,INPAINTING,7.0,0.05305555555555555,22.0,27.0,50.99999999999998,122,genai_diffusion_serving,single-accelerator-equivalent hours from successful request execution time; not measured fleet GPU occupancy
2024-11-20 18:00:00,TXT_2_IMG,163.0,1.1894444444444445,570.0,23.0,55.0,122,genai_diffusion_serving,single-accelerator-equivalent hours from successful request execution time; not measured fleet GPU occupancy
2024-11-20 19:00:00,IMG_2_IMG,3.0,0.01638888888888889,3.0,18.0,28.799999999999997,123,genai_diffusion_serving,single-accelerator-equivalent hours from successful request execution time; not measured fleet GPU occupancy
2024-11-20 19:00:00,INPAINTING,0.0,0.0,0.0,,,123,genai_diffusion_serving,single-accelerator-equivalent hours from successful request execution time; not measured fleet GPU occupancy
2024-11-20 19:00:00,TXT_2_IMG,10.0,0.12805555555555556,42.0,43.5,70.89999999999998,123,genai_diffusion_serving,single-accelerator-equivalent hours from successful request execution time; not measured fleet GPU occupancy
2024-11-20 20:00:00,IMG_2_IMG,1.0,0.009722222222222222,1.0,35.0,35.0,124,genai_diffusion_serving,single-accelerator-equivalent hours from successful request execution time; not measured fleet GPU occupancy
2024-11-20 20:00:00,INPAINTING,0.0,0.0,0.0,,,124,genai_diffusion_serving,single-accelerator-equivalent hours from successful request execution time; not measured fleet GPU occupancy
2024-11-20 20:00:00,TXT_2_IMG,29.0,0.1688888888888889,60.0,19.0,40.8,124,genai_diffusion_serving,single-accelerator-equivalent hours from successful request execution time; not measured fleet GPU occupancy
2024-11-20 21:00:00,IMG_2_IMG,4.0,0.04472222222222222,11.0,40.5,62.89999999999999,125,genai_diffusion_serving,single-accelerator-equivalent hours from successful request execution time; not measured fleet GPU occupancy
2024-11-20 21:00:00,INPAINTING,0.0,0.0,0.0,,,125,genai_diffusion_serving,single-accelerator-equivalent hours from successful request execution time; not measured fleet GPU occupancy
2024-11-20 21:00:00,TXT_2_IMG,185.0,1.2963888888888888,620.0,21.0,48.79999999999998,125,genai_diffusion_serving,single-accelerator-equivalent hours from successful request execution time; not measured fleet GPU occupancy
2024-11-20 22:00:00,IMG_2_IMG,1.0,0.008888888888888889,8.0,32.0,32.0,126,genai_diffusion_serving,single-accelerator-equivalent hours from successful request execution time; not measured fleet GPU occupancy
2024-11-20 22:00:00,INPAINTING,0.0,0.0,0.0,,,126,genai_diffusion_serving,single-accelerator-equivalent hours from successful request execution time; not measured fleet GPU occupancy
2024-11-20 22:00:00,TXT_2_IMG,148.0,1.0602777777777779,292.0,21.0,53.0,126,genai_diffusion_serving,single-accelerator-equivalent hours from successful request execution time; not measured fleet GPU occupancy
2024-11-20 23:00:00,IMG_2_IMG,4.0,0.03638888888888889,5.0,28.5,59.499999999999986,127,genai_diffusion_serving,single-accelerator-equivalent hours from successful request execution time; not measured fleet GPU occupancy
2024-11-20 23:00:00,INPAINTING,4.0,0.025277777777777777,6.0,21.0,27.799999999999997,127,genai_diffusion_serving,single-accelerator-equivalent hours from successful request execution time; not measured fleet GPU occupancy
2024-11-20 23:00:00,TXT_2_IMG,192.0,1.1452777777777778,327.0,19.0,44.0,127,genai_diffusion_serving,single-accelerator-equivalent hours from successful request execution time; not measured fleet GPU occupancy
2024-11-21 00:00:00,IMG_2_IMG,15.0,0.11666666666666667,37.0,24.0,58.199999999999996,128,genai_diffusion_serving,single-accelerator-equivalent hours from successful request execution time; not measured fleet GPU occupancy
2024-11-21 00:00:00,INPAINTING,3.0,0.020555555555555556,6.0,21.0,33.6,128,genai_diffusion_serving,single-accelerator-equivalent hours from successful request execution time; not measured fleet GPU occupancy
2024-11-21 00:00:00,TXT_2_IMG,332.0,2.105,640.0,21.0,43.0,128,genai_diffusion_serving,single-accelerator-equivalent hours from successful request execution time; not measured fleet GPU occupancy
2024-11-21 01:00:00,IMG_2_IMG,4.0,0.02,4.0,17.0,27.65,129,genai_diffusion_serving,single-accelerator-equivalent hours from successful request execution time; not measured fleet GPU occupancy
2024-11-21 01:00:00,INPAINTING,0.0,0.0,0.0,,,129,genai_diffusion_serving,single-accelerator-equivalent hours from successful request execution time; not measured fleet GPU occupancy
2024-11-21 01:00:00,TXT_2_IMG,65.0,0.4602777777777778,318.0,23.0,50.0,129,genai_diffusion_serving,single-accelerator-equivalent hours from successful request execution time; not measured fleet GPU occupancy
2024-11-21 02:00:00,IMG_2_IMG,6.0,0.04777777777777778,21.0,25.5,39.0,130,genai_diffusion_serving,single-accelerator-equivalent hours from successful request execution time; not measured fleet GPU occupancy
2024-11-21 02:00:00,INPAINTING,0.0,0.0,0.0,,,130,genai_diffusion_serving,single-accelerator-equivalent hours from successful request execution time; not measured fleet GPU occupancy
2024-11-21 02:00:00,TXT_2_IMG,23.0,0.15583333333333332,41.0,20.0,66.09999999999997,130,genai_diffusion_serving,single-accelerator-equivalent hours from successful request execution time; not measured fleet GPU occupancy
2024-11-21 03:00:00,IMG_2_IMG,1.0,0.004722222222222222,4.0,17.0,17.0,131,genai_diffusion_serving,single-accelerator-equivalent hours from successful request execution time; not measured fleet GPU occupancy
2024-11-21 03:00:00,INPAINTING,0.0,0.0,0.0,,,131,genai_diffusion_serving,single-accelerator-equivalent hours from successful request execution time; not measured fleet GPU occupancy
2024-11-21 03:00:00,TXT_2_IMG,33.0,0.32305555555555554,105.0,34.0,66.79999999999998,131,genai_diffusion_serving,single-accelerator-equivalent hours from successful request execution time; not measured fleet GPU occupancy
2024-11-21 04:00:00,IMG_2_IMG,0.0,0.0,0.0,,,132,genai_diffusion_serving,single-accelerator-equivalent hours from successful request execution time; not measured fleet GPU occupancy
2024-11-21 04:00:00,INPAINTING,0.0,0.0,0.0,,,132,genai_diffusion_serving,single-accelerator-equivalent hours from successful request execution time; not measured fleet GPU occupancy
2024-11-21 04:00:00,TXT_2_IMG,7.0,0.045,13.0,24.0,32.199999999999996,132,genai_diffusion_serving,single-accelerator-equivalent hours from successful request execution time; not measured fleet GPU occupancy
2024-11-21 05:00:00,IMG_2_IMG,0.0,0.0,0.0,,,133,genai_diffusion_serving,single-accelerator-equivalent hours from successful request execution time; not measured fleet GPU occupancy
2024-11-21 05:00:00,INPAINTING,0.0,0.0,0.0,,,133,genai_diffusion_serving,single-accelerator-equivalent hours from successful request execution time; not measured fleet GPU occupancy
2024-11-21 05:00:00,TXT_2_IMG,7.0,0.05555555555555555,19.0,32.0,38.5,133,genai_diffusion_serving,single-accelerator-equivalent hours from successful request execution time; not measured fleet GPU occupancy
2024-11-21 06:00:00,IMG_2_IMG,0.0,0.0,0.0,,,134,genai_diffusion_serving,single-accelerator-equivalent hours from successful request execution time; not measured fleet GPU occupancy
2024-11-21 06:00:00,INPAINTING,0.0,0.0,0.0,,,134,genai_diffusion_serving,single-accelerator-equivalent hours from successful request execution time; not measured fleet GPU occupancy
2024-11-21 06:00:00,TXT_2_IMG,1.0,0.006666666666666667,1.0,24.0,24.0,134,genai_diffusion_serving,single-accelerator-equivalent hours from successful request execution time; not measured fleet GPU occupancy
2024-11-21 07:00:00,IMG_2_IMG,0.0,0.0,0.0,,,135,genai_diffusion_serving,single-accelerator-equivalent hours from successful request execution time; not measured fleet GPU occupancy
2024-11-21 07:00:00,INPAINTING,0.0,0.0,0.0,,,135,genai_diffusion_serving,single-accelerator-equivalent hours from successful request execution time; not measured fleet GPU occupancy
2024-11-21 07:00:00,TXT_2_IMG,0.0,0.0,0.0,,,135,genai_diffusion_serving,single-accelerator-equivalent hours from successful request execution time; not measured fleet GPU occupancy
2024-11-21 08:00:00,IMG_2_IMG,0.0,0.0,0.0,,,136,genai_diffusion_serving,single-accelerator-equivalent hours from successful request execution time; not measured fleet GPU occupancy
2024-11-21 08:00:00,INPAINTING,0.0,0.0,0.0,,,136,genai_diffusion_serving,single-accelerator-equivalent hours from successful request execution time; not measured fleet GPU occupancy
2024-11-21 08:00:00,TXT_2_IMG,0.0,0.0,0.0,,,136,genai_diffusion_serving,single-accelerator-equivalent hours from successful request execution time; not measured fleet GPU occupancy
2024-11-21 09:00:00,IMG_2_IMG,0.0,0.0,0.0,,,137,genai_diffusion_serving,single-accelerator-equivalent hours from successful request execution time; not measured fleet GPU occupancy
2024-11-21 09:00:00,INPAINTING,0.0,0.0,0.0,,,137,genai_diffusion_serving,single-accelerator-equivalent hours from successful request execution time; not measured fleet GPU occupancy
2024-11-21 09:00:00,TXT_2_IMG,0.0,0.0,0.0,,,137,genai_diffusion_serving,single-accelerator-equivalent hours from successful request execution time; not measured fleet GPU occupancy
2024-11-21 10:00:00,IMG_2_IMG,0.0,0.0,0.0,,,138,genai_diffusion_serving,single-accelerator-equivalent hours from successful request execution time; not measured fleet GPU occupancy
2024-11-21 10:00:00,INPAINTING,0.0,0.0,0.0,,,138,genai_diffusion_serving,single-accelerator-equivalent hours from successful request execution time; not measured fleet GPU occupancy
2024-11-21 10:00:00,TXT_2_IMG,0.0,0.0,0.0,,,138,genai_diffusion_serving,single-accelerator-equivalent hours from successful request execution time; not measured fleet GPU occupancy
2024-11-21 11:00:00,IMG_2_IMG,0.0,0.0,0.0,,,139,genai_diffusion_serving,single-accelerator-equivalent hours from successful request execution time; not measured fleet GPU occupancy
2024-11-21 11:00:00,INPAINTING,0.0,0.0,0.0,,,139,genai_diffusion_serving,single-accelerator-equivalent hours from successful request execution time; not measured fleet GPU occupancy
2024-11-21 11:00:00,TXT_2_IMG,0.0,0.0,0.0,,,139,genai_diffusion_serving,single-accelerator-equivalent hours from successful request execution time; not measured fleet GPU occupancy
2024-11-21 12:00:00,IMG_2_IMG,0.0,0.0,0.0,,,140,genai_diffusion_serving,single-accelerator-equivalent hours from successful request execution time; not measured fleet GPU occupancy
2024-11-21 12:00:00,INPAINTING,0.0,0.0,0.0,,,140,genai_diffusion_serving,single-accelerator-equivalent hours from successful request execution time; not measured fleet GPU occupancy
2024-11-21 12:00:00,TXT_2_IMG,0.0,0.0,0.0,,,140,genai_diffusion_serving,single-accelerator-equivalent hours from successful request execution time; not measured fleet GPU occupancy
2024-11-21 13:00:00,IMG_2_IMG,0.0,0.0,0.0,,,141,genai_diffusion_serving,single-accelerator-equivalent hours from successful request execution time; not measured fleet GPU occupancy
2024-11-21 13:00:00,INPAINTING,0.0,0.0,0.0,,,141,genai_diffusion_serving,single-accelerator-equivalent hours from successful request execution time; not measured fleet GPU occupancy
2024-11-21 13:00:00,TXT_2_IMG,0.0,0.0,0.0,,,141,genai_diffusion_serving,single-accelerator-equivalent hours from successful request execution time; not measured fleet GPU occupancy
2024-11-21 14:00:00,IMG_2_IMG,0.0,0.0,0.0,,,142,genai_diffusion_serving,single-accelerator-equivalent hours from successful request execution time; not measured fleet GPU occupancy
2024-11-21 14:00:00,INPAINTING,0.0,0.0,0.0,,,142,genai_diffusion_serving,single-accelerator-equivalent hours from successful request execution time; not measured fleet GPU occupancy
2024-11-21 14:00:00,TXT_2_IMG,0.0,0.0,0.0,,,142,genai_diffusion_serving,single-accelerator-equivalent hours from successful request execution time; not measured fleet GPU occupancy
2024-11-21 15:00:00,IMG_2_IMG,0.0,0.0,0.0,,,143,genai_diffusion_serving,single-accelerator-equivalent hours from successful request execution time; not measured fleet GPU occupancy
2024-11-21 15:00:00,INPAINTING,0.0,0.0,0.0,,,143,genai_diffusion_serving,single-accelerator-equivalent hours from successful request execution time; not measured fleet GPU occupancy
2024-11-21 15:00:00,TXT_2_IMG,0.0,0.0,0.0,,,143,genai_diffusion_serving,single-accelerator-equivalent hours from successful request execution time; not measured fleet GPU occupancy
2024-11-21 16:00:00,IMG_2_IMG,0.0,0.0,0.0,,,144,genai_diffusion_serving,single-accelerator-equivalent hours from successful request execution time; not measured fleet GPU occupancy
2024-11-21 16:00:00,INPAINTING,0.0,0.0,0.0,,,144,genai_diffusion_serving,single-accelerator-equivalent hours from successful request execution time; not measured fleet GPU occupancy
2024-11-21 16:00:00,TXT_2_IMG,67.0,0.43083333333333335,204.0,18.0,48.39999999999999,144,genai_diffusion_serving,single-accelerator-equivalent hours from successful request execution time; not measured fleet GPU occupancy
2024-11-21 17:00:00,IMG_2_IMG,6.0,0.03944444444444445,22.0,19.5,42.5,145,genai_diffusion_serving,single-accelerator-equivalent hours from successful request execution time; not measured fleet GPU occupancy
2024-11-21 17:00:00,INPAINTING,0.0,0.0,0.0,,,145,genai_diffusion_serving,single-accelerator-equivalent hours from successful request execution time; not measured fleet GPU occupancy
2024-11-21 17:00:00,TXT_2_IMG,137.0,0.8811111111111112,273.0,20.0,54.0,145,genai_diffusion_serving,single-accelerator-equivalent hours from successful request execution time; not measured fleet GPU occupancy
2024-11-21 18:00:00,IMG_2_IMG,10.0,0.04111111111111111,10.0,12.0,25.94999999999999,146,genai_diffusion_serving,single-accelerator-equivalent hours from successful request execution time; not measured fleet GPU occupancy
2024-11-21 18:00:00,INPAINTING,0.0,0.0,0.0,,,146,genai_diffusion_serving,single-accelerator-equivalent hours from successful request execution time; not measured fleet GPU occupancy
2024-11-21 18:00:00,TXT_2_IMG,158.0,0.8033333333333333,371.0,16.0,32.60000000000002,146,genai_diffusion_serving,single-accelerator-equivalent hours from successful request execution time; not measured fleet GPU occupancy
2024-11-21 19:00:00,IMG_2_IMG,0.0,0.0,0.0,,,147,genai_diffusion_serving,single-accelerator-equivalent hours from successful request execution time; not measured fleet GPU occupancy
2024-11-21 19:00:00,INPAINTING,0.0,0.0,0.0,,,147,genai_diffusion_serving,single-accelerator-equivalent hours from successful request execution time; not measured fleet GPU occupancy
2024-11-21 19:00:00,TXT_2_IMG,17.0,0.10138888888888889,51.0,23.0,33.79999999999998,147,genai_diffusion_serving,single-accelerator-equivalent hours from successful request execution time; not measured fleet GPU occupancy
2024-11-21 20:00:00,IMG_2_IMG,0.0,0.0,0.0,,,148,genai_diffusion_serving,single-accelerator-equivalent hours from successful request execution time; not measured fleet GPU occupancy
2024-11-21 20:00:00,INPAINTING,0.0,0.0,0.0,,,148,genai_diffusion_serving,single-accelerator-equivalent hours from successful request execution time; not measured fleet GPU occupancy
2024-11-21 20:00:00,TXT_2_IMG,56.0,0.3638888888888889,184.0,21.0,41.25,148,genai_diffusion_serving,single-accelerator-equivalent hours from successful request execution time; not measured fleet GPU occupancy
2024-11-21 21:00:00,IMG_2_IMG,7.0,0.04722222222222222,7.0,23.0,33.4,149,genai_diffusion_serving,single-accelerator-equivalent hours from successful request execution time; not measured fleet GPU occupancy
2024-11-21 21:00:00,INPAINTING,0.0,0.0,0.0,,,149,genai_diffusion_serving,single-accelerator-equivalent hours from successful request execution time; not measured fleet GPU occupancy
2024-11-21 21:00:00,TXT_2_IMG,223.0,1.4180555555555556,706.0,20.0,41.89999999999998,149,genai_diffusion_serving,single-accelerator-equivalent hours from successful request execution time; not measured fleet GPU occupancy
2024-11-21 22:00:00,IMG_2_IMG,10.0,0.05611111111111111,31.0,22.0,33.849999999999994,150,genai_diffusion_serving,single-accelerator-equivalent hours from successful request execution time; not measured fleet GPU occupancy
2024-11-21 22:00:00,INPAINTING,0.0,0.0,0.0,,,150,genai_diffusion_serving,single-accelerator-equivalent hours from successful request execution time; not measured fleet GPU occupancy
2024-11-21 22:00:00,TXT_2_IMG,127.0,0.9461111111111111,292.0,25.0,58.39999999999998,150,genai_diffusion_serving,single-accelerator-equivalent hours from successful request execution time; not measured fleet GPU occupancy
2024-11-21 23:00:00,IMG_2_IMG,29.0,0.18083333333333335,50.0,23.0,34.199999999999996,151,genai_diffusion_serving,single-accelerator-equivalent hours from successful request execution time; not measured fleet GPU occupancy
2024-11-21 23:00:00,INPAINTING,1.0,0.015,1.0,54.0,54.0,151,genai_diffusion_serving,single-accelerator-equivalent hours from successful request execution time; not measured fleet GPU occupancy
2024-11-21 23:00:00,TXT_2_IMG,210.0,1.541388888888889,461.0,21.0,59.54999999999998,151,genai_diffusion_serving,single-accelerator-equivalent hours from successful request execution time; not measured fleet GPU occupancy
2024-11-22 00:00:00,IMG_2_IMG,16.0,0.0961111111111111,79.0,21.0,30.5,152,genai_diffusion_serving,single-accelerator-equivalent hours from successful request execution time; not measured fleet GPU occupancy
2024-11-22 00:00:00,INPAINTING,0.0,0.0,0.0,,,152,genai_diffusion_serving,single-accelerator-equivalent hours from successful request execution time; not measured fleet GPU occupancy
2024-11-22 00:00:00,TXT_2_IMG,178.0,1.3119444444444444,566.0,21.0,63.0,152,genai_diffusion_serving,single-accelerator-equivalent hours from successful request execution time; not measured fleet GPU occupancy
2024-11-22 01:00:00,IMG_2_IMG,4.0,0.013611111111111112,4.0,12.5,16.7,153,genai_diffusion_serving,single-accelerator-equivalent hours from successful request execution time; not measured fleet GPU occupancy
2024-11-22 01:00:00,INPAINTING,0.0,0.0,0.0,,,153,genai_diffusion_serving,single-accelerator-equivalent hours from successful request execution time; not measured fleet GPU occupancy
2024-11-22 01:00:00,TXT_2_IMG,52.0,0.3358333333333333,109.0,20.5,51.0,153,genai_diffusion_serving,single-accelerator-equivalent hours from successful request execution time; not measured fleet GPU occupancy
2024-11-22 02:00:00,IMG_2_IMG,14.0,0.07333333333333333,15.0,18.0,27.4,154,genai_diffusion_serving,single-accelerator-equivalent hours from successful request execution time; not measured fleet GPU occupancy
2024-11-22 02:00:00,INPAINTING,0.0,0.0,0.0,,,154,genai_diffusion_serving,single-accelerator-equivalent hours from successful request execution time; not measured fleet GPU occupancy
2024-11-22 02:00:00,TXT_2_IMG,54.0,0.2911111111111111,112.0,18.5,32.349999999999994,154,genai_diffusion_serving,single-accelerator-equivalent hours from successful request execution time; not measured fleet GPU occupancy
2024-11-22 03:00:00,IMG_2_IMG,0.0,0.0,0.0,,,155,genai_diffusion_serving,single-accelerator-equivalent hours from successful request execution time; not measured fleet GPU occupancy
2024-11-22 03:00:00,INPAINTING,0.0,0.0,0.0,,,155,genai_diffusion_serving,single-accelerator-equivalent hours from successful request execution time; not measured fleet GPU occupancy
2024-11-22 03:00:00,TXT_2_IMG,29.0,0.19416666666666668,85.0,22.0,42.199999999999996,155,genai_diffusion_serving,single-accelerator-equivalent hours from successful request execution time; not measured fleet GPU occupancy
2024-11-22 04:00:00,IMG_2_IMG,0.0,0.0,0.0,,,156,genai_diffusion_serving,single-accelerator-equivalent hours from successful request execution time; not measured fleet GPU occupancy
2024-11-22 04:00:00,INPAINTING,0.0,0.0,0.0,,,156,genai_diffusion_serving,single-accelerator-equivalent hours from successful request execution time; not measured fleet GPU occupancy
2024-11-22 04:00:00,TXT_2_IMG,21.0,0.3522222222222222,69.0,71.0,84.0,156,genai_diffusion_serving,single-accelerator-equivalent hours from successful request execution time; not measured fleet GPU occupancy
2024-11-22 05:00:00,IMG_2_IMG,2.0,0.008611111111111111,9.0,15.5,15.95,157,genai_diffusion_serving,single-accelerator-equivalent hours from successful request execution time; not measured fleet GPU occupancy
2024-11-22 05:00:00,INPAINTING,0.0,0.0,0.0,,,157,genai_diffusion_serving,single-accelerator-equivalent hours from successful request execution time; not measured fleet GPU occupancy
2024-11-22 05:00:00,TXT_2_IMG,7.0,0.034166666666666665,11.0,17.0,22.4,157,genai_diffusion_serving,single-accelerator-equivalent hours from successful request execution time; not measured fleet GPU occupancy
2024-11-22 06:00:00,IMG_2_IMG,0.0,0.0,0.0,,,158,genai_diffusion_serving,single-accelerator-equivalent hours from successful request execution time; not measured fleet GPU occupancy
2024-11-22 06:00:00,INPAINTING,0.0,0.0,0.0,,,158,genai_diffusion_serving,single-accelerator-equivalent hours from successful request execution time; not measured fleet GPU occupancy
2024-11-22 06:00:00,TXT_2_IMG,0.0,0.0,0.0,,,158,genai_diffusion_serving,single-accelerator-equivalent hours from successful request execution time; not measured fleet GPU occupancy
2024-11-22 07:00:00,IMG_2_IMG,0.0,0.0,0.0,,,159,genai_diffusion_serving,single-accelerator-equivalent hours from successful request execution time; not measured fleet GPU occupancy
2024-11-22 07:00:00,INPAINTING,0.0,0.0,0.0,,,159,genai_diffusion_serving,single-accelerator-equivalent hours from successful request execution time; not measured fleet GPU occupancy
2024-11-22 07:00:00,TXT_2_IMG,0.0,0.0,0.0,,,159,genai_diffusion_serving,single-accelerator-equivalent hours from successful request execution time; not measured fleet GPU occupancy
2024-11-22 08:00:00,IMG_2_IMG,0.0,0.0,0.0,,,160,genai_diffusion_serving,single-accelerator-equivalent hours from successful request execution time; not measured fleet GPU occupancy
2024-11-22 08:00:00,INPAINTING,0.0,0.0,0.0,,,160,genai_diffusion_serving,single-accelerator-equivalent hours from successful request execution time; not measured fleet GPU occupancy
2024-11-22 08:00:00,TXT_2_IMG,31.0,0.17194444444444446,85.0,20.0,25.0,160,genai_diffusion_serving,single-accelerator-equivalent hours from successful request execution time; not measured fleet GPU occupancy
2024-11-22 09:00:00,IMG_2_IMG,0.0,0.0,0.0,,,161,genai_diffusion_serving,single-accelerator-equivalent hours from successful request execution time; not measured fleet GPU occupancy
2024-11-22 09:00:00,INPAINTING,0.0,0.0,0.0,,,161,genai_diffusion_serving,single-accelerator-equivalent hours from successful request execution time; not measured fleet GPU occupancy
2024-11-22 09:00:00,TXT_2_IMG,27.0,0.11166666666666666,93.0,12.0,28.799999999999997,161,genai_diffusion_serving,single-accelerator-equivalent hours from successful request execution time; not measured fleet GPU occupancy
2024-11-22 10:00:00,IMG_2_IMG,0.0,0.0,0.0,,,162,genai_diffusion_serving,single-accelerator-equivalent hours from successful request execution time; not measured fleet GPU occupancy
2024-11-22 10:00:00,INPAINTING,0.0,0.0,0.0,,,162,genai_diffusion_serving,single-accelerator-equivalent hours from successful request execution time; not measured fleet GPU occupancy
2024-11-22 10:00:00,TXT_2_IMG,0.0,0.0,0.0,,,162,genai_diffusion_serving,single-accelerator-equivalent hours from successful request execution time; not measured fleet GPU occupancy
2024-11-22 11:00:00,IMG_2_IMG,0.0,0.0,0.0,,,163,genai_diffusion_serving,single-accelerator-equivalent hours from successful request execution time; not measured fleet GPU occupancy
2024-11-22 11:00:00,INPAINTING,0.0,0.0,0.0,,,163,genai_diffusion_serving,single-accelerator-equivalent hours from successful request execution time; not measured fleet GPU occupancy
2024-11-22 11:00:00,TXT_2_IMG,0.0,0.0,0.0,,,163,genai_diffusion_serving,single-accelerator-equivalent hours from successful request execution time; not measured fleet GPU occupancy
2024-11-22 12:00:00,IMG_2_IMG,0.0,0.0,0.0,,,164,genai_diffusion_serving,single-accelerator-equivalent hours from successful request execution time; not measured fleet GPU occupancy
2024-11-22 12:00:00,INPAINTING,0.0,0.0,0.0,,,164,genai_diffusion_serving,single-accelerator-equivalent hours from successful request execution time; not measured fleet GPU occupancy
2024-11-22 12:00:00,TXT_2_IMG,0.0,0.0,0.0,,,164,genai_diffusion_serving,single-accelerator-equivalent hours from successful request execution time; not measured fleet GPU occupancy
2024-11-22 13:00:00,IMG_2_IMG,0.0,0.0,0.0,,,165,genai_diffusion_serving,single-accelerator-equivalent hours from successful request execution time; not measured fleet GPU occupancy
2024-11-22 13:00:00,INPAINTING,0.0,0.0,0.0,,,165,genai_diffusion_serving,single-accelerator-equivalent hours from successful request execution time; not measured fleet GPU occupancy
2024-11-22 13:00:00,TXT_2_IMG,0.0,0.0,0.0,,,165,genai_diffusion_serving,single-accelerator-equivalent hours from successful request execution time; not measured fleet GPU occupancy
2024-11-22 14:00:00,IMG_2_IMG,0.0,0.0,0.0,,,166,genai_diffusion_serving,single-accelerator-equivalent hours from successful request execution time; not measured fleet GPU occupancy
2024-11-22 14:00:00,INPAINTING,0.0,0.0,0.0,,,166,genai_diffusion_serving,single-accelerator-equivalent hours from successful request execution time; not measured fleet GPU occupancy
2024-11-22 14:00:00,TXT_2_IMG,3.0,0.021388888888888888,3.0,31.0,31.9,166,genai_diffusion_serving,single-accelerator-equivalent hours from successful request execution time; not measured fleet GPU occupancy
2024-11-22 15:00:00,IMG_2_IMG,0.0,0.0,0.0,,,167,genai_diffusion_serving,single-accelerator-equivalent hours from successful request execution time; not measured fleet GPU occupancy
2024-11-22 15:00:00,INPAINTING,0.0,0.0,0.0,,,167,genai_diffusion_serving,single-accelerator-equivalent hours from successful request execution time; not measured fleet GPU occupancy
2024-11-22 15:00:00,TXT_2_IMG,10.0,0.07972222222222222,10.0,29.0,35.0,167,genai_diffusion_serving,single-accelerator-equivalent hours from successful request execution time; not measured fleet GPU occupancy
2024-11-22 16:00:00,IMG_2_IMG,0.0,0.0,0.0,,,168,genai_diffusion_serving,single-accelerator-equivalent hours from successful request execution time; not measured fleet GPU occupancy
2024-11-22 16:00:00,INPAINTING,0.0,0.0,0.0,,,168,genai_diffusion_serving,single-accelerator-equivalent hours from successful request execution time; not measured fleet GPU occupancy
2024-11-22 16:00:00,TXT_2_IMG,21.0,0.19833333333333333,43.0,29.0,66.0,168,genai_diffusion_serving,single-accelerator-equivalent hours from successful request execution time; not measured fleet GPU occupancy
2024-11-22 17:00:00,IMG_2_IMG,13.0,0.08972222222222223,23.0,24.0,38.399999999999984,169,genai_diffusion_serving,single-accelerator-equivalent hours from successful request execution time; not measured fleet GPU occupancy
2024-11-22 17:00:00,INPAINTING,0.0,0.0,0.0,,,169,genai_diffusion_serving,single-accelerator-equivalent hours from successful request execution time; not measured fleet GPU occupancy
2024-11-22 17:00:00,TXT_2_IMG,73.0,0.6752777777777778,143.0,26.0,83.99999999999987,169,genai_diffusion_serving,single-accelerator-equivalent hours from successful request execution time; not measured fleet GPU occupancy
2024-11-22 18:00:00,IMG_2_IMG,4.0,0.03,8.0,27.5,29.85,170,genai_diffusion_serving,single-accelerator-equivalent hours from successful request execution time; not measured fleet GPU occupancy
2024-11-22 18:00:00,INPAINTING,0.0,0.0,0.0,,,170,genai_diffusion_serving,single-accelerator-equivalent hours from successful request execution time; not measured fleet GPU occupancy
2024-11-22 18:00:00,TXT_2_IMG,103.0,0.7052777777777778,261.0,22.0,42.0,170,genai_diffusion_serving,single-accelerator-equivalent hours from successful request execution time; not measured fleet GPU occupancy
2024-11-22 19:00:00,IMG_2_IMG,1.0,0.0075,2.0,27.0,27.0,171,genai_diffusion_serving,single-accelerator-equivalent hours from successful request execution time; not measured fleet GPU occupancy
2024-11-22 19:00:00,INPAINTING,0.0,0.0,0.0,,,171,genai_diffusion_serving,single-accelerator-equivalent hours from successful request execution time; not measured fleet GPU occupancy
2024-11-22 19:00:00,TXT_2_IMG,43.0,0.2588888888888889,65.0,20.0,37.9,171,genai_diffusion_serving,single-accelerator-equivalent hours from successful request execution time; not measured fleet GPU occupancy
2024-11-22 20:00:00,IMG_2_IMG,0.0,0.0,0.0,,,172,genai_diffusion_serving,single-accelerator-equivalent hours from successful request execution time; not measured fleet GPU occupancy
2024-11-22 20:00:00,INPAINTING,0.0,0.0,0.0,,,172,genai_diffusion_serving,single-accelerator-equivalent hours from successful request execution time; not measured fleet GPU occupancy
2024-11-22 20:00:00,TXT_2_IMG,48.0,0.35833333333333334,91.0,23.0,53.949999999999996,172,genai_diffusion_serving,single-accelerator-equivalent hours from successful request execution time; not measured fleet GPU occupancy
2024-11-22 21:00:00,IMG_2_IMG,5.0,0.035277777777777776,14.0,26.0,28.6,173,genai_diffusion_serving,single-accelerator-equivalent hours from successful request execution time; not measured fleet GPU occupancy
2024-11-22 21:00:00,INPAINTING,0.0,0.0,0.0,,,173,genai_diffusion_serving,single-accelerator-equivalent hours from successful request execution time; not measured fleet GPU occupancy
2024-11-22 21:00:00,TXT_2_IMG,149.0,0.7916666666666666,172.0,18.0,38.39999999999998,173,genai_diffusion_serving,single-accelerator-equivalent hours from successful request execution time; not measured fleet GPU occupancy
2024-11-22 22:00:00,IMG_2_IMG,17.0,0.09611111111111112,47.0,18.0,35.8,174,genai_diffusion_serving,single-accelerator-equivalent hours from successful request execution time; not measured fleet GPU occupancy
2024-11-22 22:00:00,INPAINTING,1.0,0.003611111111111111,1.0,13.0,13.0,174,genai_diffusion_serving,single-accelerator-equivalent hours from successful request execution time; not measured fleet GPU occupancy
2024-11-22 22:00:00,TXT_2_IMG,205.0,1.3044444444444445,488.0,20.0,46.599999999999966,174,genai_diffusion_serving,single-accelerator-equivalent hours from successful request execution time; not measured fleet GPU occupancy
2024-11-22 23:00:00,IMG_2_IMG,35.0,0.23555555555555555,102.0,26.0,35.79999999999998,175,genai_diffusion_serving,single-accelerator-equivalent hours from successful request execution time; not measured fleet GPU occupancy
2024-11-22 23:00:00,INPAINTING,4.0,0.021388888888888888,4.0,19.0,23.7,175,genai_diffusion_serving,single-accelerator-equivalent hours from successful request execution time; not measured fleet GPU occupancy
2024-11-22 23:00:00,TXT_2_IMG,280.0,1.7658333333333334,788.0,20.0,39.05000000000001,175,genai_diffusion_serving,single-accelerator-equivalent hours from successful request execution time; not measured fleet GPU occupancy
2024-11-23 00:00:00,IMG_2_IMG,33.0,0.2827777777777778,95.0,29.0,48.99999999999997,176,genai_diffusion_serving,single-accelerator-equivalent hours from successful request execution time; not measured fleet GPU occupancy
2024-11-23 00:00:00,INPAINTING,0.0,0.0,0.0,,,176,genai_diffusion_serving,single-accelerator-equivalent hours from successful request execution time; not measured fleet GPU occupancy
2024-11-23 00:00:00,TXT_2_IMG,236.0,1.9213888888888888,763.0,20.5,84.75,176,genai_diffusion_serving,single-accelerator-equivalent hours from successful request execution time; not measured fleet GPU occupancy
2024-11-23 01:00:00,IMG_2_IMG,5.0,0.04861111111111111,14.0,29.0,62.599999999999994,177,genai_diffusion_serving,single-accelerator-equivalent hours from successful request execution time; not measured fleet GPU occupancy
2024-11-23 01:00:00,INPAINTING,0.0,0.0,0.0,,,177,genai_diffusion_serving,single-accelerator-equivalent hours from successful request execution time; not measured fleet GPU occupancy
2024-11-23 01:00:00,TXT_2_IMG,58.0,0.6344444444444445,195.0,26.0,82.3,177,genai_diffusion_serving,single-accelerator-equivalent hours from successful request execution time; not measured fleet GPU occupancy
2024-11-23 02:00:00,IMG_2_IMG,2.0,0.12222222222222222,8.0,220.0,230.8,178,genai_diffusion_serving,single-accelerator-equivalent hours from successful request execution time; not measured fleet GPU occupancy
2024-11-23 02:00:00,INPAINTING,0.0,0.0,0.0,,,178,genai_diffusion_serving,single-accelerator-equivalent hours from successful request execution time; not measured fleet GPU occupancy
2024-11-23 02:00:00,TXT_2_IMG,8.0,0.1338888888888889,11.0,62.5,82.65,178,genai_diffusion_serving,single-accelerator-equivalent hours from successful request execution time; not measured fleet GPU occupancy
2024-11-23 03:00:00,IMG_2_IMG,11.0,0.6591666666666667,30.0,236.0,477.5,179,genai_diffusion_serving,single-accelerator-equivalent hours from successful request execution time; not measured fleet GPU occupancy
2024-11-23 03:00:00,INPAINTING,0.0,0.0,0.0,,,179,genai_diffusion_serving,single-accelerator-equivalent hours from successful request execution time; not measured fleet GPU occupancy
2024-11-23 03:00:00,TXT_2_IMG,5.0,0.025555555555555554,5.0,16.0,24.599999999999998,179,genai_diffusion_serving,single-accelerator-equivalent hours from successful request execution time; not measured fleet GPU occupancy
2024-11-23 04:00:00,IMG_2_IMG,20.0,0.21472222222222223,74.0,25.0,97.25,180,genai_diffusion_serving,single-accelerator-equivalent hours from successful request execution time; not measured fleet GPU occupancy
2024-11-23 04:00:00,INPAINTING,0.0,0.0,0.0,,,180,genai_diffusion_serving,single-accelerator-equivalent hours from successful request execution time; not measured fleet GPU occupancy
2024-11-23 04:00:00,TXT_2_IMG,11.0,0.095,35.0,27.0,63.5,180,genai_diffusion_serving,single-accelerator-equivalent hours from successful request execution time; not measured fleet GPU occupancy
2024-11-23 05:00:00,IMG_2_IMG,3.0,0.06805555555555556,12.0,76.0,94.0,181,genai_diffusion_serving,single-accelerator-equivalent hours from successful request execution time; not measured fleet GPU occupancy
2024-11-23 05:00:00,INPAINTING,0.0,0.0,0.0,,,181,genai_diffusion_serving,single-accelerator-equivalent hours from successful request execution time; not measured fleet GPU occupancy
2024-11-23 05:00:00,TXT_2_IMG,1.0,0.020833333333333332,4.0,75.0,75.0,181,genai_diffusion_serving,single-accelerator-equivalent hours from successful request execution time; not measured fleet GPU occupancy
2024-11-23 06:00:00,IMG_2_IMG,0.0,0.0,0.0,,,182,genai_diffusion_serving,single-accelerator-equivalent hours from successful request execution time; not measured fleet GPU occupancy
2024-11-23 06:00:00,INPAINTING,0.0,0.0,0.0,,,182,genai_diffusion_serving,single-accelerator-equivalent hours from successful request execution time; not measured fleet GPU occupancy
2024-11-23 06:00:00,TXT_2_IMG,5.0,0.06138888888888889,5.0,45.0,53.8,182,genai_diffusion_serving,single-accelerator-equivalent hours from successful request execution time; not measured fleet GPU occupancy
2024-11-23 07:00:00,IMG_2_IMG,0.0,0.0,0.0,,,183,genai_diffusion_serving,single-accelerator-equivalent hours from successful request execution time; not measured fleet GPU occupancy
2024-11-23 07:00:00,INPAINTING,0.0,0.0,0.0,,,183,genai_diffusion_serving,single-accelerator-equivalent hours from successful request execution time; not measured fleet GPU occupancy
2024-11-23 07:00:00,TXT_2_IMG,1.0,0.0077777777777777776,1.0,28.0,28.0,183,genai_diffusion_serving,single-accelerator-equivalent hours from successful request execution time; not measured fleet GPU occupancy
2024-11-23 08:00:00,IMG_2_IMG,0.0,0.0,0.0,,,184,genai_diffusion_serving,single-accelerator-equivalent hours from successful request execution time; not measured fleet GPU occupancy
2024-11-23 08:00:00,INPAINTING,0.0,0.0,0.0,,,184,genai_diffusion_serving,single-accelerator-equivalent hours from successful request execution time; not measured fleet GPU occupancy
2024-11-23 08:00:00,TXT_2_IMG,0.0,0.0,0.0,,,184,genai_diffusion_serving,single-accelerator-equivalent hours from successful request execution time; not measured fleet GPU occupancy
2024-11-23 09:00:00,IMG_2_IMG,0.0,0.0,0.0,,,185,genai_diffusion_serving,single-accelerator-equivalent hours from successful request execution time; not measured fleet GPU occupancy
2024-11-23 09:00:00,INPAINTING,0.0,0.0,0.0,,,185,genai_diffusion_serving,single-accelerator-equivalent hours from successful request execution time; not measured fleet GPU occupancy
2024-11-23 09:00:00,TXT_2_IMG,0.0,0.0,0.0,,,185,genai_diffusion_serving,single-accelerator-equivalent hours from successful request execution time; not measured fleet GPU occupancy
2024-11-23 10:00:00,IMG_2_IMG,0.0,0.0,0.0,,,186,genai_diffusion_serving,single-accelerator-equivalent hours from successful request execution time; not measured fleet GPU occupancy
2024-11-23 10:00:00,INPAINTING,0.0,0.0,0.0,,,186,genai_diffusion_serving,single-accelerator-equivalent hours from successful request execution time; not measured fleet GPU occupancy
2024-11-23 10:00:00,TXT_2_IMG,0.0,0.0,0.0,,,186,genai_diffusion_serving,single-accelerator-equivalent hours from successful request execution time; not measured fleet GPU occupancy
2024-11-23 11:00:00,IMG_2_IMG,0.0,0.0,0.0,,,187,genai_diffusion_serving,single-accelerator-equivalent hours from successful request execution time; not measured fleet GPU occupancy
2024-11-23 11:00:00,INPAINTING,0.0,0.0,0.0,,,187,genai_diffusion_serving,single-accelerator-equivalent hours from successful request execution time; not measured fleet GPU occupancy
2024-11-23 11:00:00,TXT_2_IMG,0.0,0.0,0.0,,,187,genai_diffusion_serving,single-accelerator-equivalent hours from successful request execution time; not measured fleet GPU occupancy
2024-11-23 12:00:00,IMG_2_IMG,0.0,0.0,0.0,,,188,genai_diffusion_serving,single-accelerator-equivalent hours from successful request execution time; not measured fleet GPU occupancy
2024-11-23 12:00:00,INPAINTING,0.0,0.0,0.0,,,188,genai_diffusion_serving,single-accelerator-equivalent hours from successful request execution time; not measured fleet GPU occupancy
2024-11-23 12:00:00,TXT_2_IMG,0.0,0.0,0.0,,,188,genai_diffusion_serving,single-accelerator-equivalent hours from successful request execution time; not measured fleet GPU occupancy
2024-11-23 13:00:00,IMG_2_IMG,0.0,0.0,0.0,,,189,genai_diffusion_serving,single-accelerator-equivalent hours from successful request execution time; not measured fleet GPU occupancy
2024-11-23 13:00:00,INPAINTING,0.0,0.0,0.0,,,189,genai_diffusion_serving,single-accelerator-equivalent hours from successful request execution time; not measured fleet GPU occupancy
2024-11-23 13:00:00,TXT_2_IMG,0.0,0.0,0.0,,,189,genai_diffusion_serving,single-accelerator-equivalent hours from successful request execution time; not measured fleet GPU occupancy
2024-11-23 14:00:00,IMG_2_IMG,0.0,0.0,0.0,,,190,genai_diffusion_serving,single-accelerator-equivalent hours from successful request execution time; not measured fleet GPU occupancy
2024-11-23 14:00:00,INPAINTING,0.0,0.0,0.0,,,190,genai_diffusion_serving,single-accelerator-equivalent hours from successful request execution time; not measured fleet GPU occupancy
2024-11-23 14:00:00,TXT_2_IMG,0.0,0.0,0.0,,,190,genai_diffusion_serving,single-accelerator-equivalent hours from successful request execution time; not measured fleet GPU occupancy
2024-11-23 15:00:00,IMG_2_IMG,0.0,0.0,0.0,,,191,genai_diffusion_serving,single-accelerator-equivalent hours from successful request execution time; not measured fleet GPU occupancy
2024-11-23 15:00:00,INPAINTING,0.0,0.0,0.0,,,191,genai_diffusion_serving,single-accelerator-equivalent hours from successful request execution time; not measured fleet GPU occupancy
2024-11-23 15:00:00,TXT_2_IMG,0.0,0.0,0.0,,,191,genai_diffusion_serving,single-accelerator-equivalent hours from successful request execution time; not measured fleet GPU occupancy
2024-11-23 16:00:00,IMG_2_IMG,0.0,0.0,0.0,,,192,genai_diffusion_serving,single-accelerator-equivalent hours from successful request execution time; not measured fleet GPU occupancy
2024-11-23 16:00:00,INPAINTING,0.0,0.0,0.0,,,192,genai_diffusion_serving,single-accelerator-equivalent hours from successful request execution time; not measured fleet GPU occupancy
2024-11-23 16:00:00,TXT_2_IMG,0.0,0.0,0.0,,,192,genai_diffusion_serving,single-accelerator-equivalent hours from successful request execution time; not measured fleet GPU occupancy
2024-11-23 17:00:00,IMG_2_IMG,0.0,0.0,0.0,,,193,genai_diffusion_serving,single-accelerator-equivalent hours from successful request execution time; not measured fleet GPU occupancy
2024-11-23 17:00:00,INPAINTING,0.0,0.0,0.0,,,193,genai_diffusion_serving,single-accelerator-equivalent hours from successful request execution time; not measured fleet GPU occupancy
2024-11-23 17:00:00,TXT_2_IMG,0.0,0.0,0.0,,,193,genai_diffusion_serving,single-accelerator-equivalent hours from successful request execution time; not measured fleet GPU occupancy
2024-11-23 18:00:00,IMG_2_IMG,2.0,0.011111111111111112,8.0,20.0,22.7,194,genai_diffusion_serving,single-accelerator-equivalent hours from successful request execution time; not measured fleet GPU occupancy
2024-11-23 18:00:00,INPAINTING,0.0,0.0,0.0,,,194,genai_diffusion_serving,single-accelerator-equivalent hours from successful request execution time; not measured fleet GPU occupancy
2024-11-23 18:00:00,TXT_2_IMG,4.0,0.020833333333333336,4.0,18.0,25.949999999999996,194,genai_diffusion_serving,single-accelerator-equivalent hours from successful request execution time; not measured fleet GPU occupancy
2024-11-23 19:00:00,IMG_2_IMG,0.0,0.0,0.0,,,195,genai_diffusion_serving,single-accelerator-equivalent hours from successful request execution time; not measured fleet GPU occupancy
2024-11-23 19:00:00,INPAINTING,0.0,0.0,0.0,,,195,genai_diffusion_serving,single-accelerator-equivalent hours from successful request execution time; not measured fleet GPU occupancy
2024-11-23 19:00:00,TXT_2_IMG,1.0,0.004166666666666667,1.0,15.0,15.0,195,genai_diffusion_serving,single-accelerator-equivalent hours from successful request execution time; not measured fleet GPU occupancy
2024-11-23 20:00:00,IMG_2_IMG,0.0,0.0,0.0,,,196,genai_diffusion_serving,single-accelerator-equivalent hours from successful request execution time; not measured fleet GPU occupancy
2024-11-23 20:00:00,INPAINTING,0.0,0.0,0.0,,,196,genai_diffusion_serving,single-accelerator-equivalent hours from successful request execution time; not measured fleet GPU occupancy
2024-11-23 20:00:00,TXT_2_IMG,0.0,0.0,0.0,,,196,genai_diffusion_serving,single-accelerator-equivalent hours from successful request execution time; not measured fleet GPU occupancy
2024-11-23 21:00:00,IMG_2_IMG,1.0,0.012222222222222223,1.0,44.0,44.0,197,genai_diffusion_serving,single-accelerator-equivalent hours from successful request execution time; not measured fleet GPU occupancy
2024-11-23 21:00:00,INPAINTING,0.0,0.0,0.0,,,197,genai_diffusion_serving,single-accelerator-equivalent hours from successful request execution time; not measured fleet GPU occupancy
2024-11-23 21:00:00,TXT_2_IMG,8.0,0.04861111111111111,36.0,22.0,28.0,197,genai_diffusion_serving,single-accelerator-equivalent hours from successful request execution time; not measured fleet GPU occupancy
2024-11-23 22:00:00,IMG_2_IMG,0.0,0.0,0.0,,,198,genai_diffusion_serving,single-accelerator-equivalent hours from successful request execution time; not measured fleet GPU occupancy
2024-11-23 22:00:00,INPAINTING,0.0,0.0,0.0,,,198,genai_diffusion_serving,single-accelerator-equivalent hours from successful request execution time; not measured fleet GPU occupancy
2024-11-23 22:00:00,TXT_2_IMG,4.0,0.02388888888888889,4.0,22.0,33.8,198,genai_diffusion_serving,single-accelerator-equivalent hours from successful request execution time; not measured fleet GPU occupancy
2024-11-23 23:00:00,IMG_2_IMG,0.0,0.0,0.0,,,199,genai_diffusion_serving,single-accelerator-equivalent hours from successful request execution time; not measured fleet GPU occupancy
2024-11-23 23:00:00,INPAINTING,0.0,0.0,0.0,,,199,genai_diffusion_serving,single-accelerator-equivalent hours from successful request execution time; not measured fleet GPU occupancy
2024-11-23 23:00:00,TXT_2_IMG,0.0,0.0,0.0,,,199,genai_diffusion_serving,single-accelerator-equivalent hours from successful request execution time; not measured fleet GPU occupancy
2024-11-24 00:00:00,IMG_2_IMG,3.0,0.014166666666666668,3.0,14.0,23.0,200,genai_diffusion_serving,single-accelerator-equivalent hours from successful request execution time; not measured fleet GPU occupancy
2024-11-24 00:00:00,INPAINTING,0.0,0.0,0.0,,,200,genai_diffusion_serving,single-accelerator-equivalent hours from successful request execution time; not measured fleet GPU occupancy
2024-11-24 00:00:00,TXT_2_IMG,11.0,0.07027777777777777,12.0,21.0,42.5,200,genai_diffusion_serving,single-accelerator-equivalent hours from successful request execution time; not measured fleet GPU occupancy
2024-11-24 01:00:00,IMG_2_IMG,0.0,0.0,0.0,,,201,genai_diffusion_serving,single-accelerator-equivalent hours from successful request execution time; not measured fleet GPU occupancy
2024-11-24 01:00:00,INPAINTING,0.0,0.0,0.0,,,201,genai_diffusion_serving,single-accelerator-equivalent hours from successful request execution time; not measured fleet GPU occupancy
2024-11-24 01:00:00,TXT_2_IMG,2.0,0.011666666666666667,2.0,21.0,23.7,201,genai_diffusion_serving,single-accelerator-equivalent hours from successful request execution time; not measured fleet GPU occupancy
2024-11-24 02:00:00,IMG_2_IMG,0.0,0.0,0.0,,,202,genai_diffusion_serving,single-accelerator-equivalent hours from successful request execution time; not measured fleet GPU occupancy
2024-11-24 02:00:00,INPAINTING,0.0,0.0,0.0,,,202,genai_diffusion_serving,single-accelerator-equivalent hours from successful request execution time; not measured fleet GPU occupancy
2024-11-24 02:00:00,TXT_2_IMG,0.0,0.0,0.0,,,202,genai_diffusion_serving,single-accelerator-equivalent hours from successful request execution time; not measured fleet GPU occupancy
2024-11-24 03:00:00,IMG_2_IMG,0.0,0.0,0.0,,,203,genai_diffusion_serving,single-accelerator-equivalent hours from successful request execution time; not measured fleet GPU occupancy
2024-11-24 03:00:00,INPAINTING,0.0,0.0,0.0,,,203,genai_diffusion_serving,single-accelerator-equivalent hours from successful request execution time; not measured fleet GPU occupancy
2024-11-24 03:00:00,TXT_2_IMG,0.0,0.0,0.0,,,203,genai_diffusion_serving,single-accelerator-equivalent hours from successful request execution time; not measured fleet GPU occupancy
2024-11-24 04:00:00,IMG_2_IMG,6.0,0.026111111111111113,41.0,15.5,18.25,204,genai_diffusion_serving,single-accelerator-equivalent hours from successful request execution time; not measured fleet GPU occupancy
2024-11-24 04:00:00,INPAINTING,0.0,0.0,0.0,,,204,genai_diffusion_serving,single-accelerator-equivalent hours from successful request execution time; not measured fleet GPU occupancy
2024-11-24 04:00:00,TXT_2_IMG,6.0,0.03388888888888889,41.0,18.5,33.25,204,genai_diffusion_serving,single-accelerator-equivalent hours from successful request execution time; not measured fleet GPU occupancy
2024-11-24 05:00:00,IMG_2_IMG,0.0,0.0,0.0,,,205,genai_diffusion_serving,single-accelerator-equivalent hours from successful request execution time; not measured fleet GPU occupancy
2024-11-24 05:00:00,INPAINTING,0.0,0.0,0.0,,,205,genai_diffusion_serving,single-accelerator-equivalent hours from successful request execution time; not measured fleet GPU occupancy
2024-11-24 05:00:00,TXT_2_IMG,9.0,0.05138888888888889,9.0,22.0,29.199999999999996,205,genai_diffusion_serving,single-accelerator-equivalent hours from successful request execution time; not measured fleet GPU occupancy
2024-11-24 06:00:00,IMG_2_IMG,0.0,0.0,0.0,,,206,genai_diffusion_serving,single-accelerator-equivalent hours from successful request execution time; not measured fleet GPU occupancy
2024-11-24 06:00:00,INPAINTING,0.0,0.0,0.0,,,206,genai_diffusion_serving,single-accelerator-equivalent hours from successful request execution time; not measured fleet GPU occupancy
2024-11-24 06:00:00,TXT_2_IMG,18.0,0.11861111111111111,20.0,21.0,35.649999999999984,206,genai_diffusion_serving,single-accelerator-equivalent hours from successful request execution time; not measured fleet GPU occupancy
2024-11-24 07:00:00,IMG_2_IMG,0.0,0.0,0.0,,,207,genai_diffusion_serving,single-accelerator-equivalent hours from successful request execution time; not measured fleet GPU occupancy
2024-11-24 07:00:00,INPAINTING,0.0,0.0,0.0,,,207,genai_diffusion_serving,single-accelerator-equivalent hours from successful request execution time; not measured fleet GPU occupancy
2024-11-24 07:00:00,TXT_2_IMG,3.0,0.04055555555555555,9.0,49.0,49.9,207,genai_diffusion_serving,single-accelerator-equivalent hours from successful request execution time; not measured fleet GPU occupancy
2024-11-24 08:00:00,IMG_2_IMG,0.0,0.0,0.0,,,208,genai_diffusion_serving,single-accelerator-equivalent hours from successful request execution time; not measured fleet GPU occupancy
2024-11-24 08:00:00,INPAINTING,0.0,0.0,0.0,,,208,genai_diffusion_serving,single-accelerator-equivalent hours from successful request execution time; not measured fleet GPU occupancy
2024-11-24 08:00:00,TXT_2_IMG,7.0,0.09194444444444444,28.0,49.0,51.0,208,genai_diffusion_serving,single-accelerator-equivalent hours from successful request execution time; not measured fleet GPU occupancy
2024-11-24 09:00:00,IMG_2_IMG,0.0,0.0,0.0,,,209,genai_diffusion_serving,single-accelerator-equivalent hours from successful request execution time; not measured fleet GPU occupancy
2024-11-24 09:00:00,INPAINTING,0.0,0.0,0.0,,,209,genai_diffusion_serving,single-accelerator-equivalent hours from successful request execution time; not measured fleet GPU occupancy
2024-11-24 09:00:00,TXT_2_IMG,0.0,0.0,0.0,,,209,genai_diffusion_serving,single-accelerator-equivalent hours from successful request execution time; not measured fleet GPU occupancy
2024-11-24 10:00:00,IMG_2_IMG,0.0,0.0,0.0,,,210,genai_diffusion_serving,single-accelerator-equivalent hours from successful request execution time; not measured fleet GPU occupancy
2024-11-24 10:00:00,INPAINTING,0.0,0.0,0.0,,,210,genai_diffusion_serving,single-accelerator-equivalent hours from successful request execution time; not measured fleet GPU occupancy
2024-11-24 10:00:00,TXT_2_IMG,0.0,0.0,0.0,,,210,genai_diffusion_serving,single-accelerator-equivalent hours from successful request execution time; not measured fleet GPU occupancy
2024-11-24 11:00:00,IMG_2_IMG,0.0,0.0,0.0,,,211,genai_diffusion_serving,single-accelerator-equivalent hours from successful request execution time; not measured fleet GPU occupancy
2024-11-24 11:00:00,INPAINTING,0.0,0.0,0.0,,,211,genai_diffusion_serving,single-accelerator-equivalent hours from successful request execution time; not measured fleet GPU occupancy
2024-11-24 11:00:00,TXT_2_IMG,0.0,0.0,0.0,,,211,genai_diffusion_serving,single-accelerator-equivalent hours from successful request execution time; not measured fleet GPU occupancy
2024-11-24 12:00:00,IMG_2_IMG,0.0,0.0,0.0,,,212,genai_diffusion_serving,single-accelerator-equivalent hours from successful request execution time; not measured fleet GPU occupancy
2024-11-24 12:00:00,INPAINTING,0.0,0.0,0.0,,,212,genai_diffusion_serving,single-accelerator-equivalent hours from successful request execution time; not measured fleet GPU occupancy
2024-11-24 12:00:00,TXT_2_IMG,0.0,0.0,0.0,,,212,genai_diffusion_serving,single-accelerator-equivalent hours from successful request execution time; not measured fleet GPU occupancy
2024-11-24 13:00:00,IMG_2_IMG,0.0,0.0,0.0,,,213,genai_diffusion_serving,single-accelerator-equivalent hours from successful request execution time; not measured fleet GPU occupancy
2024-11-24 13:00:00,INPAINTING,0.0,0.0,0.0,,,213,genai_diffusion_serving,single-accelerator-equivalent hours from successful request execution time; not measured fleet GPU occupancy
2024-11-24 13:00:00,TXT_2_IMG,0.0,0.0,0.0,,,213,genai_diffusion_serving,single-accelerator-equivalent hours from successful request execution time; not measured fleet GPU occupancy
2024-11-24 14:00:00,IMG_2_IMG,0.0,0.0,0.0,,,214,genai_diffusion_serving,single-accelerator-equivalent hours from successful request execution time; not measured fleet GPU occupancy
2024-11-24 14:00:00,INPAINTING,0.0,0.0,0.0,,,214,genai_diffusion_serving,single-accelerator-equivalent hours from successful request execution time; not measured fleet GPU occupancy
2024-11-24 14:00:00,TXT_2_IMG,0.0,0.0,0.0,,,214,genai_diffusion_serving,single-accelerator-equivalent hours from successful request execution time; not measured fleet GPU occupancy
2024-11-24 15:00:00,IMG_2_IMG,0.0,0.0,0.0,,,215,genai_diffusion_serving,single-accelerator-equivalent hours from successful request execution time; not measured fleet GPU occupancy
2024-11-24 15:00:00,INPAINTING,0.0,0.0,0.0,,,215,genai_diffusion_serving,single-accelerator-equivalent hours from successful request execution time; not measured fleet GPU occupancy
2024-11-24 15:00:00,TXT_2_IMG,0.0,0.0,0.0,,,215,genai_diffusion_serving,single-accelerator-equivalent hours from successful request execution time; not measured fleet GPU occupancy
2024-11-24 16:00:00,IMG_2_IMG,7.0,0.03305555555555556,7.0,17.0,25.199999999999996,216,genai_diffusion_serving,single-accelerator-equivalent hours from successful request execution time; not measured fleet GPU occupancy
2024-11-24 16:00:00,INPAINTING,0.0,0.0,0.0,,,216,genai_diffusion_serving,single-accelerator-equivalent hours from successful request execution time; not measured fleet GPU occupancy
2024-11-24 16:00:00,TXT_2_IMG,25.0,0.2113888888888889,60.0,26.0,57.8,216,genai_diffusion_serving,single-accelerator-equivalent hours from successful request execution time; not measured fleet GPU occupancy
2024-11-24 17:00:00,IMG_2_IMG,12.0,0.06166666666666667,12.0,20.0,27.049999999999994,217,genai_diffusion_serving,single-accelerator-equivalent hours from successful request execution time; not measured fleet GPU occupancy
2024-11-24 17:00:00,INPAINTING,0.0,0.0,0.0,,,217,genai_diffusion_serving,single-accelerator-equivalent hours from successful request execution time; not measured fleet GPU occupancy
2024-11-24 17:00:00,TXT_2_IMG,111.0,1.0777777777777777,274.0,24.0,83.0,217,genai_diffusion_serving,single-accelerator-equivalent hours from successful request execution time; not measured fleet GPU occupancy
2024-11-24 18:00:00,IMG_2_IMG,29.0,0.20527777777777778,68.0,22.0,43.199999999999996,218,genai_diffusion_serving,single-accelerator-equivalent hours from successful request execution time; not measured fleet GPU occupancy
2024-11-24 18:00:00,INPAINTING,0.0,0.0,0.0,,,218,genai_diffusion_serving,single-accelerator-equivalent hours from successful request execution time; not measured fleet GPU occupancy
2024-11-24 18:00:00,TXT_2_IMG,152.0,1.0980555555555556,352.0,22.0,48.44999999999999,218,genai_diffusion_serving,single-accelerator-equivalent hours from successful request execution time; not measured fleet GPU occupancy
2024-11-24 19:00:00,IMG_2_IMG,0.0,0.0,0.0,,,219,genai_diffusion_serving,single-accelerator-equivalent hours from successful request execution time; not measured fleet GPU occupancy
2024-11-24 19:00:00,INPAINTING,0.0,0.0,0.0,,,219,genai_diffusion_serving,single-accelerator-equivalent hours from successful request execution time; not measured fleet GPU occupancy
2024-11-24 19:00:00,TXT_2_IMG,16.0,0.10222222222222223,25.0,22.5,35.5,219,genai_diffusion_serving,single-accelerator-equivalent hours from successful request execution time; not measured fleet GPU occupancy
2024-11-24 20:00:00,IMG_2_IMG,4.0,0.036944444444444446,25.0,27.5,52.64999999999999,220,genai_diffusion_serving,single-accelerator-equivalent hours from successful request execution time; not measured fleet GPU occupancy
2024-11-24 20:00:00,INPAINTING,0.0,0.0,0.0,,,220,genai_diffusion_serving,single-accelerator-equivalent hours from successful request execution time; not measured fleet GPU occupancy
2024-11-24 20:00:00,TXT_2_IMG,50.0,0.3308333333333333,79.0,19.5,62.749999999999986,220,genai_diffusion_serving,single-accelerator-equivalent hours from successful request execution time; not measured fleet GPU occupancy
2024-11-24 21:00:00,IMG_2_IMG,59.0,0.33055555555555555,85.0,18.0,34.099999999999994,221,genai_diffusion_serving,single-accelerator-equivalent hours from successful request execution time; not measured fleet GPU occupancy
2024-11-24 21:00:00,INPAINTING,0.0,0.0,0.0,,,221,genai_diffusion_serving,single-accelerator-equivalent hours from successful request execution time; not measured fleet GPU occupancy
2024-11-24 21:00:00,TXT_2_IMG,183.0,1.7147222222222223,429.0,23.0,91.70000000000002,221,genai_diffusion_serving,single-accelerator-equivalent hours from successful request execution time; not measured fleet GPU occupancy
2024-11-24 22:00:00,IMG_2_IMG,13.0,0.06722222222222222,16.0,16.0,35.59999999999995,222,genai_diffusion_serving,single-accelerator-equivalent hours from successful request execution time; not measured fleet GPU occupancy
2024-11-24 22:00:00,INPAINTING,2.0,0.012777777777777777,2.0,23.0,26.6,222,genai_diffusion_serving,single-accelerator-equivalent hours from successful request execution time; not measured fleet GPU occupancy
2024-11-24 22:00:00,TXT_2_IMG,218.0,1.6933333333333334,504.0,23.0,55.14999999999998,222,genai_diffusion_serving,single-accelerator-equivalent hours from successful request execution time; not measured fleet GPU occupancy
2024-11-24 23:00:00,IMG_2_IMG,7.0,0.03861111111111111,17.0,18.0,39.099999999999994,223,genai_diffusion_serving,single-accelerator-equivalent hours from successful request execution time; not measured fleet GPU occupancy
2024-11-24 23:00:00,INPAINTING,0.0,0.0,0.0,,,223,genai_diffusion_serving,single-accelerator-equivalent hours from successful request execution time; not measured fleet GPU occupancy
2024-11-24 23:00:00,TXT_2_IMG,197.0,1.4127777777777777,530.0,22.0,57.19999999999982,223,genai_diffusion_serving,single-accelerator-equivalent hours from successful request execution time; not measured fleet GPU occupancy
2024-11-25 00:00:00,IMG_2_IMG,4.0,0.016944444444444446,4.0,13.5,21.65,224,genai_diffusion_serving,single-accelerator-equivalent hours from successful request execution time; not measured fleet GPU occupancy
2024-11-25 00:00:00,INPAINTING,2.0,0.008611111111111111,2.0,15.5,15.95,224,genai_diffusion_serving,single-accelerator-equivalent hours from successful request execution time; not measured fleet GPU occupancy
2024-11-25 00:00:00,TXT_2_IMG,156.0,1.165,445.0,21.0,57.25,224,genai_diffusion_serving,single-accelerator-equivalent hours from successful request execution time; not measured fleet GPU occupancy
2024-11-25 01:00:00,IMG_2_IMG,4.0,0.034166666666666665,4.0,23.5,55.749999999999986,225,genai_diffusion_serving,single-accelerator-equivalent hours from successful request execution time; not measured fleet GPU occupancy
2024-11-25 01:00:00,INPAINTING,0.0,0.0,0.0,,,225,genai_diffusion_serving,single-accelerator-equivalent hours from successful request execution time; not measured fleet GPU occupancy
2024-11-25 01:00:00,TXT_2_IMG,37.0,0.24305555555555555,184.0,23.0,34.0,225,genai_diffusion_serving,single-accelerator-equivalent hours from successful request execution time; not measured fleet GPU occupancy
2024-11-25 02:00:00,IMG_2_IMG,9.0,0.07777777777777778,33.0,27.0,49.99999999999999,226,genai_diffusion_serving,single-accelerator-equivalent hours from successful request execution time; not measured fleet GPU occupancy
2024-11-25 02:00:00,INPAINTING,0.0,0.0,0.0,,,226,genai_diffusion_serving,single-accelerator-equivalent hours from successful request execution time; not measured fleet GPU occupancy
2024-11-25 02:00:00,TXT_2_IMG,47.0,0.425,114.0,29.0,83.5999999999998,226,genai_diffusion_serving,single-accelerator-equivalent hours from successful request execution time; not measured fleet GPU occupancy
2024-11-25 03:00:00,IMG_2_IMG,1.0,0.005555555555555556,1.0,20.0,20.0,227,genai_diffusion_serving,single-accelerator-equivalent hours from successful request execution time; not measured fleet GPU occupancy
2024-11-25 03:00:00,INPAINTING,0.0,0.0,0.0,,,227,genai_diffusion_serving,single-accelerator-equivalent hours from successful request execution time; not measured fleet GPU occupancy
2024-11-25 03:00:00,TXT_2_IMG,35.0,0.19611111111111112,75.0,19.0,38.599999999999994,227,genai_diffusion_serving,single-accelerator-equivalent hours from successful request execution time; not measured fleet GPU occupancy
2024-11-25 04:00:00,IMG_2_IMG,0.0,0.0,0.0,,,228,genai_diffusion_serving,single-accelerator-equivalent hours from successful request execution time; not measured fleet GPU occupancy
2024-11-25 04:00:00,INPAINTING,0.0,0.0,0.0,,,228,genai_diffusion_serving,single-accelerator-equivalent hours from successful request execution time; not measured fleet GPU occupancy
2024-11-25 04:00:00,TXT_2_IMG,45.0,0.6502777777777777,155.0,48.0,85.0,228,genai_diffusion_serving,single-accelerator-equivalent hours from successful request execution time; not measured fleet GPU occupancy
2024-11-25 05:00:00,IMG_2_IMG,0.0,0.0,0.0,,,229,genai_diffusion_serving,single-accelerator-equivalent hours from successful request execution time; not measured fleet GPU occupancy
2024-11-25 05:00:00,INPAINTING,0.0,0.0,0.0,,,229,genai_diffusion_serving,single-accelerator-equivalent hours from successful request execution time; not measured fleet GPU occupancy
2024-11-25 05:00:00,TXT_2_IMG,15.0,0.08694444444444445,35.0,16.0,35.49999999999997,229,genai_diffusion_serving,single-accelerator-equivalent hours from successful request execution time; not measured fleet GPU occupancy
2024-11-25 06:00:00,IMG_2_IMG,8.0,0.04,11.0,17.0,23.199999999999996,230,genai_diffusion_serving,single-accelerator-equivalent hours from successful request execution time; not measured fleet GPU occupancy
2024-11-25 06:00:00,INPAINTING,0.0,0.0,0.0,,,230,genai_diffusion_serving,single-accelerator-equivalent hours from successful request execution time; not measured fleet GPU occupancy
2024-11-25 06:00:00,TXT_2_IMG,25.0,0.19111111111111112,146.0,25.0,45.19999999999999,230,genai_diffusion_serving,single-accelerator-equivalent hours from successful request execution time; not measured fleet GPU occupancy
2024-11-25 07:00:00,IMG_2_IMG,10.0,0.04527777777777778,10.0,14.5,25.04999999999999,231,genai_diffusion_serving,single-accelerator-equivalent hours from successful request execution time; not measured fleet GPU occupancy
2024-11-25 07:00:00,INPAINTING,0.0,0.0,0.0,,,231,genai_diffusion_serving,single-accelerator-equivalent hours from successful request execution time; not measured fleet GPU occupancy
2024-11-25 07:00:00,TXT_2_IMG,5.0,0.0225,5.0,16.0,24.0,231,genai_diffusion_serving,single-accelerator-equivalent hours from successful request execution time; not measured fleet GPU occupancy
2024-11-25 08:00:00,IMG_2_IMG,0.0,0.0,0.0,,,232,genai_diffusion_serving,single-accelerator-equivalent hours from successful request execution time; not measured fleet GPU occupancy
2024-11-25 08:00:00,INPAINTING,0.0,0.0,0.0,,,232,genai_diffusion_serving,single-accelerator-equivalent hours from successful request execution time; not measured fleet GPU occupancy
2024-11-25 08:00:00,TXT_2_IMG,0.0,0.0,0.0,,,232,genai_diffusion_serving,single-accelerator-equivalent hours from successful request execution time; not measured fleet GPU occupancy
2024-11-25 09:00:00,IMG_2_IMG,0.0,0.0,0.0,,,233,genai_diffusion_serving,single-accelerator-equivalent hours from successful request execution time; not measured fleet GPU occupancy
2024-11-25 09:00:00,INPAINTING,0.0,0.0,0.0,,,233,genai_diffusion_serving,single-accelerator-equivalent hours from successful request execution time; not measured fleet GPU occupancy
2024-11-25 09:00:00,TXT_2_IMG,2.0,0.01,2.0,18.0,21.6,233,genai_diffusion_serving,single-accelerator-equivalent hours from successful request execution time; not measured fleet GPU occupancy
2024-11-25 10:00:00,IMG_2_IMG,1.0,0.003611111111111111,1.0,13.0,13.0,234,genai_diffusion_serving,single-accelerator-equivalent hours from successful request execution time; not measured fleet GPU occupancy
2024-11-25 10:00:00,INPAINTING,0.0,0.0,0.0,,,234,genai_diffusion_serving,single-accelerator-equivalent hours from successful request execution time; not measured fleet GPU occupancy
2024-11-25 10:00:00,TXT_2_IMG,9.0,0.03666666666666667,9.0,14.0,23.799999999999997,234,genai_diffusion_serving,single-accelerator-equivalent hours from successful request execution time; not measured fleet GPU occupancy
2024-11-25 11:00:00,IMG_2_IMG,0.0,0.0,0.0,,,235,genai_diffusion_serving,single-accelerator-equivalent hours from successful request execution time; not measured fleet GPU occupancy
2024-11-25 11:00:00,INPAINTING,0.0,0.0,0.0,,,235,genai_diffusion_serving,single-accelerator-equivalent hours from successful request execution time; not measured fleet GPU occupancy
2024-11-25 11:00:00,TXT_2_IMG,0.0,0.0,0.0,,,235,genai_diffusion_serving,single-accelerator-equivalent hours from successful request execution time; not measured fleet GPU occupancy
2024-11-25 12:00:00,IMG_2_IMG,0.0,0.0,0.0,,,236,genai_diffusion_serving,single-accelerator-equivalent hours from successful request execution time; not measured fleet GPU occupancy
2024-11-25 12:00:00,INPAINTING,0.0,0.0,0.0,,,236,genai_diffusion_serving,single-accelerator-equivalent hours from successful request execution time; not measured fleet GPU occupancy
2024-11-25 12:00:00,TXT_2_IMG,0.0,0.0,0.0,,,236,genai_diffusion_serving,single-accelerator-equivalent hours from successful request execution time; not measured fleet GPU occupancy
2024-11-25 13:00:00,IMG_2_IMG,0.0,0.0,0.0,,,237,genai_diffusion_serving,single-accelerator-equivalent hours from successful request execution time; not measured fleet GPU occupancy
2024-11-25 13:00:00,INPAINTING,0.0,0.0,0.0,,,237,genai_diffusion_serving,single-accelerator-equivalent hours from successful request execution time; not measured fleet GPU occupancy
2024-11-25 13:00:00,TXT_2_IMG,0.0,0.0,0.0,,,237,genai_diffusion_serving,single-accelerator-equivalent hours from successful request execution time; not measured fleet GPU occupancy
2024-11-25 14:00:00,IMG_2_IMG,0.0,0.0,0.0,,,238,genai_diffusion_serving,single-accelerator-equivalent hours from successful request execution time; not measured fleet GPU occupancy
2024-11-25 14:00:00,INPAINTING,0.0,0.0,0.0,,,238,genai_diffusion_serving,single-accelerator-equivalent hours from successful request execution time; not measured fleet GPU occupancy
2024-11-25 14:00:00,TXT_2_IMG,0.0,0.0,0.0,,,238,genai_diffusion_serving,single-accelerator-equivalent hours from successful request execution time; not measured fleet GPU occupancy
2024-11-25 15:00:00,IMG_2_IMG,0.0,0.0,0.0,,,239,genai_diffusion_serving,single-accelerator-equivalent hours from successful request execution time; not measured fleet GPU occupancy
2024-11-25 15:00:00,INPAINTING,0.0,0.0,0.0,,,239,genai_diffusion_serving,single-accelerator-equivalent hours from successful request execution time; not measured fleet GPU occupancy
2024-11-25 15:00:00,TXT_2_IMG,3.0,0.03361111111111111,9.0,36.0,50.4,239,genai_diffusion_serving,single-accelerator-equivalent hours from successful request execution time; not measured fleet GPU occupancy
2024-11-25 16:00:00,IMG_2_IMG,0.0,0.0,0.0,,,240,genai_diffusion_serving,single-accelerator-equivalent hours from successful request execution time; not measured fleet GPU occupancy
2024-11-25 16:00:00,INPAINTING,0.0,0.0,0.0,,,240,genai_diffusion_serving,single-accelerator-equivalent hours from successful request execution time; not measured fleet GPU occupancy
2024-11-25 16:00:00,TXT_2_IMG,17.0,0.15638888888888888,38.0,30.0,60.4,240,genai_diffusion_serving,single-accelerator-equivalent hours from successful request execution time; not measured fleet GPU occupancy
2024-11-25 17:00:00,IMG_2_IMG,6.0,0.03361111111111111,7.0,19.0,29.0,241,genai_diffusion_serving,single-accelerator-equivalent hours from successful request execution time; not measured fleet GPU occupancy
2024-11-25 17:00:00,INPAINTING,0.0,0.0,0.0,,,241,genai_diffusion_serving,single-accelerator-equivalent hours from successful request execution time; not measured fleet GPU occupancy
2024-11-25 17:00:00,TXT_2_IMG,123.0,1.116111111111111,340.0,29.0,55.89999999999999,241,genai_diffusion_serving,single-accelerator-equivalent hours from successful request execution time; not measured fleet GPU occupancy
2024-11-25 18:00:00,IMG_2_IMG,6.0,0.035277777777777776,6.0,21.0,31.75,242,genai_diffusion_serving,single-accelerator-equivalent hours from successful request execution time; not measured fleet GPU occupancy
2024-11-25 18:00:00,INPAINTING,4.0,0.02,4.0,20.0,23.4,242,genai_diffusion_serving,single-accelerator-equivalent hours from successful request execution time; not measured fleet GPU occupancy
2024-11-25 18:00:00,TXT_2_IMG,156.0,1.3980555555555556,453.0,25.5,85.25,242,genai_diffusion_serving,single-accelerator-equivalent hours from successful request execution time; not measured fleet GPU occupancy
2024-11-25 19:00:00,IMG_2_IMG,0.0,0.0,0.0,,,243,genai_diffusion_serving,single-accelerator-equivalent hours from successful request execution time; not measured fleet GPU occupancy
2024-11-25 19:00:00,INPAINTING,0.0,0.0,0.0,,,243,genai_diffusion_serving,single-accelerator-equivalent hours from successful request execution time; not measured fleet GPU occupancy
2024-11-25 19:00:00,TXT_2_IMG,18.0,0.12861111111111112,36.0,21.0,47.599999999999966,243,genai_diffusion_serving,single-accelerator-equivalent hours from successful request execution time; not measured fleet GPU occupancy
2024-11-25 20:00:00,IMG_2_IMG,0.0,0.0,0.0,,,244,genai_diffusion_serving,single-accelerator-equivalent hours from successful request execution time; not measured fleet GPU occupancy
2024-11-25 20:00:00,INPAINTING,1.0,0.0075,4.0,27.0,27.0,244,genai_diffusion_serving,single-accelerator-equivalent hours from successful request execution time; not measured fleet GPU occupancy
2024-11-25 20:00:00,TXT_2_IMG,56.0,0.46944444444444444,169.0,24.5,77.5,244,genai_diffusion_serving,single-accelerator-equivalent hours from successful request execution time; not measured fleet GPU occupancy
2024-11-25 21:00:00,IMG_2_IMG,6.0,0.0325,6.0,19.0,27.25,245,genai_diffusion_serving,single-accelerator-equivalent hours from successful request execution time; not measured fleet GPU occupancy
2024-11-25 21:00:00,INPAINTING,0.0,0.0,0.0,,,245,genai_diffusion_serving,single-accelerator-equivalent hours from successful request execution time; not measured fleet GPU occupancy
2024-11-25 21:00:00,TXT_2_IMG,196.0,1.5552777777777778,527.0,24.0,59.0,245,genai_diffusion_serving,single-accelerator-equivalent hours from successful request execution time; not measured fleet GPU occupancy
2024-11-25 22:00:00,IMG_2_IMG,29.0,0.13416666666666666,29.0,15.0,28.799999999999994,246,genai_diffusion_serving,single-accelerator-equivalent hours from successful request execution time; not measured fleet GPU occupancy
2024-11-25 22:00:00,INPAINTING,0.0,0.0,0.0,,,246,genai_diffusion_serving,single-accelerator-equivalent hours from successful request execution time; not measured fleet GPU occupancy
2024-11-25 22:00:00,TXT_2_IMG,220.0,1.5908333333333333,647.0,22.0,51.04999999999998,246,genai_diffusion_serving,single-accelerator-equivalent hours from successful request execution time; not measured fleet GPU occupancy
2024-11-25 23:00:00,IMG_2_IMG,34.0,0.14583333333333334,36.0,13.0,33.349999999999994,247,genai_diffusion_serving,single-accelerator-equivalent hours from successful request execution time; not measured fleet GPU occupancy
2024-11-25 23:00:00,INPAINTING,4.0,0.04583333333333333,18.0,43.0,49.85,247,genai_diffusion_serving,single-accelerator-equivalent hours from successful request execution time; not measured fleet GPU occupancy
2024-11-25 23:00:00,TXT_2_IMG,175.0,1.1758333333333333,501.0,22.0,39.19999999999993,247,genai_diffusion_serving,single-accelerator-equivalent hours from successful request execution time; not measured fleet GPU occupancy
2024-11-26 00:00:00,IMG_2_IMG,19.0,0.0938888888888889,19.0,16.0,27.39999999999999,248,genai_diffusion_serving,single-accelerator-equivalent hours from successful request execution time; not measured fleet GPU occupancy
2024-11-26 00:00:00,INPAINTING,1.0,0.0075,1.0,27.0,27.0,248,genai_diffusion_serving,single-accelerator-equivalent hours from successful request execution time; not measured fleet GPU occupancy
2024-11-26 00:00:00,TXT_2_IMG,230.0,1.4602777777777778,560.0,20.0,41.0,248,genai_diffusion_serving,single-accelerator-equivalent hours from successful request execution time; not measured fleet GPU occupancy
2024-11-26 01:00:00,IMG_2_IMG,1.0,0.006111111111111111,1.0,22.0,22.0,249,genai_diffusion_serving,single-accelerator-equivalent hours from successful request execution time; not measured fleet GPU occupancy
2024-11-26 01:00:00,INPAINTING,4.0,0.03111111111111111,16.0,28.5,29.85,249,genai_diffusion_serving,single-accelerator-equivalent hours from successful request execution time; not measured fleet GPU occupancy
2024-11-26 01:00:00,TXT_2_IMG,40.0,0.18833333333333332,145.0,15.0,36.05,249,genai_diffusion_serving,single-accelerator-equivalent hours from successful request execution time; not measured fleet GPU occupancy
2024-11-26 02:00:00,IMG_2_IMG,0.0,0.0,0.0,,,250,genai_diffusion_serving,single-accelerator-equivalent hours from successful request execution time; not measured fleet GPU occupancy
2024-11-26 02:00:00,INPAINTING,5.0,0.09277777777777778,20.0,47.0,125.6,250,genai_diffusion_serving,single-accelerator-equivalent hours from successful request execution time; not measured fleet GPU occupancy
2024-11-26 02:00:00,TXT_2_IMG,52.0,0.3736111111111111,119.0,24.0,45.449999999999996,250,genai_diffusion_serving,single-accelerator-equivalent hours from successful request execution time; not measured fleet GPU occupancy
2024-11-26 03:00:00,IMG_2_IMG,5.0,0.03805555555555556,5.0,31.0,32.0,251,genai_diffusion_serving,single-accelerator-equivalent hours from successful request execution time; not measured fleet GPU occupancy
2024-11-26 03:00:00,INPAINTING,0.0,0.0,0.0,,,251,genai_diffusion_serving,single-accelerator-equivalent hours from successful request execution time; not measured fleet GPU occupancy
2024-11-26 03:00:00,TXT_2_IMG,76.0,0.4675,107.0,20.5,40.5,251,genai_diffusion_serving,single-accelerator-equivalent hours from successful request execution time; not measured fleet GPU occupancy
2024-11-26 04:00:00,IMG_2_IMG,3.0,0.011944444444444445,3.0,15.0,15.0,252,genai_diffusion_serving,single-accelerator-equivalent hours from successful request execution time; not measured fleet GPU occupancy
2024-11-26 04:00:00,INPAINTING,1.0,0.0038888888888888888,1.0,14.0,14.0,252,genai_diffusion_serving,single-accelerator-equivalent hours from successful request execution time; not measured fleet GPU occupancy
2024-11-26 04:00:00,TXT_2_IMG,18.0,0.1288888888888889,37.0,21.0,51.849999999999945,252,genai_diffusion_serving,single-accelerator-equivalent hours from successful request execution time; not measured fleet GPU occupancy
2024-11-26 05:00:00,IMG_2_IMG,0.0,0.0,0.0,,,253,genai_diffusion_serving,single-accelerator-equivalent hours from successful request execution time; not measured fleet GPU occupancy
2024-11-26 05:00:00,INPAINTING,0.0,0.0,0.0,,,253,genai_diffusion_serving,single-accelerator-equivalent hours from successful request execution time; not measured fleet GPU occupancy
2024-11-26 05:00:00,TXT_2_IMG,19.0,0.3466666666666667,74.0,72.0,84.3,253,genai_diffusion_serving,single-accelerator-equivalent hours from successful request execution time; not measured fleet GPU occupancy
2024-11-26 06:00:00,IMG_2_IMG,0.0,0.0,0.0,,,254,genai_diffusion_serving,single-accelerator-equivalent hours from successful request execution time; not measured fleet GPU occupancy
2024-11-26 06:00:00,INPAINTING,0.0,0.0,0.0,,,254,genai_diffusion_serving,single-accelerator-equivalent hours from successful request execution time; not measured fleet GPU occupancy
2024-11-26 06:00:00,TXT_2_IMG,11.0,0.050833333333333335,15.0,16.0,21.0,254,genai_diffusion_serving,single-accelerator-equivalent hours from successful request execution time; not measured fleet GPU occupancy
2024-11-26 07:00:00,IMG_2_IMG,0.0,0.0,0.0,,,255,genai_diffusion_serving,single-accelerator-equivalent hours from successful request execution time; not measured fleet GPU occupancy
2024-11-26 07:00:00,INPAINTING,0.0,0.0,0.0,,,255,genai_diffusion_serving,single-accelerator-equivalent hours from successful request execution time; not measured fleet GPU occupancy
2024-11-26 07:00:00,TXT_2_IMG,8.0,0.03666666666666667,20.0,12.0,34.94999999999999,255,genai_diffusion_serving,single-accelerator-equivalent hours from successful request execution time; not measured fleet GPU occupancy
2024-11-26 08:00:00,IMG_2_IMG,0.0,0.0,0.0,,,256,genai_diffusion_serving,single-accelerator-equivalent hours from successful request execution time; not measured fleet GPU occupancy
2024-11-26 08:00:00,INPAINTING,0.0,0.0,0.0,,,256,genai_diffusion_serving,single-accelerator-equivalent hours from successful request execution time; not measured fleet GPU occupancy
2024-11-26 08:00:00,TXT_2_IMG,4.0,0.02666666666666667,7.0,22.0,32.349999999999994,256,genai_diffusion_serving,single-accelerator-equivalent hours from successful request execution time; not measured fleet GPU occupancy
2024-11-26 09:00:00,IMG_2_IMG,0.0,0.0,0.0,,,257,genai_diffusion_serving,single-accelerator-equivalent hours from successful request execution time; not measured fleet GPU occupancy
2024-11-26 09:00:00,INPAINTING,0.0,0.0,0.0,,,257,genai_diffusion_serving,single-accelerator-equivalent hours from successful request execution time; not measured fleet GPU occupancy
2024-11-26 09:00:00,TXT_2_IMG,0.0,0.0,0.0,,,257,genai_diffusion_serving,single-accelerator-equivalent hours from successful request execution time; not measured fleet GPU occupancy
2024-11-26 10:00:00,IMG_2_IMG,0.0,0.0,0.0,,,258,genai_diffusion_serving,single-accelerator-equivalent hours from successful request execution time; not measured fleet GPU occupancy
2024-11-26 10:00:00,INPAINTING,0.0,0.0,0.0,,,258,genai_diffusion_serving,single-accelerator-equivalent hours from successful request execution time; not measured fleet GPU occupancy
2024-11-26 10:00:00,TXT_2_IMG,14.0,0.06361111111111112,45.0,14.0,27.449999999999996,258,genai_diffusion_serving,single-accelerator-equivalent hours from successful request execution time; not measured fleet GPU occupancy
2024-11-26 11:00:00,IMG_2_IMG,0.0,0.0,0.0,,,259,genai_diffusion_serving,single-accelerator-equivalent hours from successful request execution time; not measured fleet GPU occupancy
2024-11-26 11:00:00,INPAINTING,0.0,0.0,0.0,,,259,genai_diffusion_serving,single-accelerator-equivalent hours from successful request execution time; not measured fleet GPU occupancy
2024-11-26 11:00:00,TXT_2_IMG,0.0,0.0,0.0,,,259,genai_diffusion_serving,single-accelerator-equivalent hours from successful request execution time; not measured fleet GPU occupancy
2024-11-26 12:00:00,IMG_2_IMG,0.0,0.0,0.0,,,260,genai_diffusion_serving,single-accelerator-equivalent hours from successful request execution time; not measured fleet GPU occupancy
2024-11-26 12:00:00,INPAINTING,0.0,0.0,0.0,,,260,genai_diffusion_serving,single-accelerator-equivalent hours from successful request execution time; not measured fleet GPU occupancy
2024-11-26 12:00:00,TXT_2_IMG,0.0,0.0,0.0,,,260,genai_diffusion_serving,single-accelerator-equivalent hours from successful request execution time; not measured fleet GPU occupancy
2024-11-26 13:00:00,IMG_2_IMG,0.0,0.0,0.0,,,261,genai_diffusion_serving,single-accelerator-equivalent hours from successful request execution time; not measured fleet GPU occupancy
2024-11-26 13:00:00,INPAINTING,0.0,0.0,0.0,,,261,genai_diffusion_serving,single-accelerator-equivalent hours from successful request execution time; not measured fleet GPU occupancy
2024-11-26 13:00:00,TXT_2_IMG,0.0,0.0,0.0,,,261,genai_diffusion_serving,single-accelerator-equivalent hours from successful request execution time; not measured fleet GPU occupancy
2024-11-26 14:00:00,IMG_2_IMG,0.0,0.0,0.0,,,262,genai_diffusion_serving,single-accelerator-equivalent hours from successful request execution time; not measured fleet GPU occupancy
2024-11-26 14:00:00,INPAINTING,0.0,0.0,0.0,,,262,genai_diffusion_serving,single-accelerator-equivalent hours from successful request execution time; not measured fleet GPU occupancy
2024-11-26 14:00:00,TXT_2_IMG,0.0,0.0,0.0,,,262,genai_diffusion_serving,single-accelerator-equivalent hours from successful request execution time; not measured fleet GPU occupancy
2024-11-26 15:00:00,IMG_2_IMG,0.0,0.0,0.0,,,263,genai_diffusion_serving,single-accelerator-equivalent hours from successful request execution time; not measured fleet GPU occupancy
2024-11-26 15:00:00,INPAINTING,0.0,0.0,0.0,,,263,genai_diffusion_serving,single-accelerator-equivalent hours from successful request execution time; not measured fleet GPU occupancy
2024-11-26 15:00:00,TXT_2_IMG,2.0,0.015,8.0,27.0,27.9,263,genai_diffusion_serving,single-accelerator-equivalent hours from successful request execution time; not measured fleet GPU occupancy
2024-11-26 16:00:00,IMG_2_IMG,0.0,0.0,0.0,,,264,genai_diffusion_serving,single-accelerator-equivalent hours from successful request execution time; not measured fleet GPU occupancy
2024-11-26 16:00:00,INPAINTING,0.0,0.0,0.0,,,264,genai_diffusion_serving,single-accelerator-equivalent hours from successful request execution time; not measured fleet GPU occupancy
2024-11-26 16:00:00,TXT_2_IMG,36.0,0.3263888888888889,113.0,27.0,63.25,264,genai_diffusion_serving,single-accelerator-equivalent hours from successful request execution time; not measured fleet GPU occupancy
2024-11-26 17:00:00,IMG_2_IMG,26.0,0.1663888888888889,74.0,23.0,34.0,265,genai_diffusion_serving,single-accelerator-equivalent hours from successful request execution time; not measured fleet GPU occupancy
2024-11-26 17:00:00,INPAINTING,0.0,0.0,0.0,,,265,genai_diffusion_serving,single-accelerator-equivalent hours from successful request execution time; not measured fleet GPU occupancy
2024-11-26 17:00:00,TXT_2_IMG,119.0,0.9372222222222222,398.0,25.0,52.39999999999998,265,genai_diffusion_serving,single-accelerator-equivalent hours from successful request execution time; not measured fleet GPU occupancy
2024-11-26 18:00:00,IMG_2_IMG,13.0,0.08472222222222223,13.0,20.0,41.99999999999995,266,genai_diffusion_serving,single-accelerator-equivalent hours from successful request execution time; not measured fleet GPU occupancy
2024-11-26 18:00:00,INPAINTING,2.0,0.014444444444444444,8.0,26.0,33.2,266,genai_diffusion_serving,single-accelerator-equivalent hours from successful request execution time; not measured fleet GPU occupancy
2024-11-26 18:00:00,TXT_2_IMG,180.0,1.5830555555555557,572.0,23.0,82.0,266,genai_diffusion_serving,single-accelerator-equivalent hours from successful request execution time; not measured fleet GPU occupancy
2024-11-26 19:00:00,IMG_2_IMG,7.0,0.04583333333333334,14.0,23.0,30.4,267,genai_diffusion_serving,single-accelerator-equivalent hours from successful request execution time; not measured fleet GPU occupancy
2024-11-26 19:00:00,INPAINTING,1.0,0.008888888888888889,2.0,32.0,32.0,267,genai_diffusion_serving,single-accelerator-equivalent hours from successful request execution time; not measured fleet GPU occupancy
2024-11-26 19:00:00,TXT_2_IMG,47.0,0.3933333333333333,171.0,25.0,62.399999999999906,267,genai_diffusion_serving,single-accelerator-equivalent hours from successful request execution time; not measured fleet GPU occupancy
2024-11-26 20:00:00,IMG_2_IMG,5.0,0.0275,8.0,20.0,24.6,268,genai_diffusion_serving,single-accelerator-equivalent hours from successful request execution time; not measured fleet GPU occupancy
2024-11-26 20:00:00,INPAINTING,0.0,0.0,0.0,,,268,genai_diffusion_serving,single-accelerator-equivalent hours from successful request execution time; not measured fleet GPU occupancy
2024-11-26 20:00:00,TXT_2_IMG,53.0,0.39055555555555554,150.0,21.0,63.4,268,genai_diffusion_serving,single-accelerator-equivalent hours from successful request execution time; not measured fleet GPU occupancy
2024-11-26 21:00:00,IMG_2_IMG,4.0,0.0325,12.0,17.0,64.04999999999998,269,genai_diffusion_serving,single-accelerator-equivalent hours from successful request execution time; not measured fleet GPU occupancy
2024-11-26 21:00:00,INPAINTING,4.0,0.03333333333333333,4.0,29.0,42.099999999999994,269,genai_diffusion_serving,single-accelerator-equivalent hours from successful request execution time; not measured fleet GPU occupancy
2024-11-26 21:00:00,TXT_2_IMG,211.0,1.8286111111111112,720.0,24.0,80.0,269,genai_diffusion_serving,single-accelerator-equivalent hours from successful request execution time; not measured fleet GPU occupancy
2024-11-26 22:00:00,IMG_2_IMG,24.0,0.3888888888888889,164.0,59.0,88.0,270,genai_diffusion_serving,single-accelerator-equivalent hours from successful request execution time; not measured fleet GPU occupancy
2024-11-26 22:00:00,INPAINTING,0.0,0.0,0.0,,,270,genai_diffusion_serving,single-accelerator-equivalent hours from successful request execution time; not measured fleet GPU occupancy
2024-11-26 22:00:00,TXT_2_IMG,252.0,1.9216666666666666,563.0,24.0,61.44999999999999,270,genai_diffusion_serving,single-accelerator-equivalent hours from successful request execution time; not measured fleet GPU occupancy
2024-11-26 23:00:00,IMG_2_IMG,22.0,0.3488888888888889,149.0,56.5,77.95,271,genai_diffusion_serving,single-accelerator-equivalent hours from successful request execution time; not measured fleet GPU occupancy
2024-11-26 23:00:00,INPAINTING,0.0,0.0,0.0,,,271,genai_diffusion_serving,single-accelerator-equivalent hours from successful request execution time; not measured fleet GPU occupancy
2024-11-26 23:00:00,TXT_2_IMG,212.0,2.155,541.0,27.0,79.44999999999999,271,genai_diffusion_serving,single-accelerator-equivalent hours from successful request execution time; not measured fleet GPU occupancy
2024-11-27 00:00:00,IMG_2_IMG,22.0,0.25972222222222224,78.0,36.5,74.9,272,genai_diffusion_serving,single-accelerator-equivalent hours from successful request execution time; not measured fleet GPU occupancy
2024-11-27 00:00:00,INPAINTING,1.0,0.008333333333333333,1.0,30.0,30.0,272,genai_diffusion_serving,single-accelerator-equivalent hours from successful request execution time; not measured fleet GPU occupancy
2024-11-27 00:00:00,TXT_2_IMG,180.0,1.8416666666666668,319.0,28.0,82.04999999999998,272,genai_diffusion_serving,single-accelerator-equivalent hours from successful request execution time; not measured fleet GPU occupancy
2024-11-27 01:00:00,IMG_2_IMG,0.0,0.0,0.0,,,273,genai_diffusion_serving,single-accelerator-equivalent hours from successful request execution time; not measured fleet GPU occupancy
2024-11-27 01:00:00,INPAINTING,0.0,0.0,0.0,,,273,genai_diffusion_serving,single-accelerator-equivalent hours from successful request execution time; not measured fleet GPU occupancy
2024-11-27 01:00:00,TXT_2_IMG,35.0,0.25166666666666665,95.0,21.0,54.69999999999986,273,genai_diffusion_serving,single-accelerator-equivalent hours from successful request execution time; not measured fleet GPU occupancy
2024-11-27 02:00:00,IMG_2_IMG,5.0,0.03861111111111111,5.0,27.0,40.8,274,genai_diffusion_serving,single-accelerator-equivalent hours from successful request execution time; not measured fleet GPU occupancy
2024-11-27 02:00:00,INPAINTING,2.0,0.0225,2.0,40.5,46.35,274,genai_diffusion_serving,single-accelerator-equivalent hours from successful request execution time; not measured fleet GPU occupancy
2024-11-27 02:00:00,TXT_2_IMG,18.0,0.12611111111111112,45.0,24.0,51.3,274,genai_diffusion_serving,single-accelerator-equivalent hours from successful request execution time; not measured fleet GPU occupancy
2024-11-27 03:00:00,IMG_2_IMG,0.0,0.0,0.0,,,275,genai_diffusion_serving,single-accelerator-equivalent hours from successful request execution time; not measured fleet GPU occupancy
2024-11-27 03:00:00,INPAINTING,0.0,0.0,0.0,,,275,genai_diffusion_serving,single-accelerator-equivalent hours from successful request execution time; not measured fleet GPU occupancy
2024-11-27 03:00:00,TXT_2_IMG,30.0,0.23583333333333334,109.0,25.0,47.749999999999986,275,genai_diffusion_serving,single-accelerator-equivalent hours from successful request execution time; not measured fleet GPU occupancy
2024-11-27 04:00:00,IMG_2_IMG,10.0,0.06694444444444445,31.0,26.0,28.0,276,genai_diffusion_serving,single-accelerator-equivalent hours from successful request execution time; not measured fleet GPU occupancy
2024-11-27 04:00:00,INPAINTING,0.0,0.0,0.0,,,276,genai_diffusion_serving,single-accelerator-equivalent hours from successful request execution time; not measured fleet GPU occupancy
2024-11-27 04:00:00,TXT_2_IMG,20.0,0.13805555555555557,83.0,21.5,40.35000000000001,276,genai_diffusion_serving,single-accelerator-equivalent hours from successful request execution time; not measured fleet GPU occupancy
2024-11-27 05:00:00,IMG_2_IMG,0.0,0.0,0.0,,,277,genai_diffusion_serving,single-accelerator-equivalent hours from successful request execution time; not measured fleet GPU occupancy
2024-11-27 05:00:00,INPAINTING,0.0,0.0,0.0,,,277,genai_diffusion_serving,single-accelerator-equivalent hours from successful request execution time; not measured fleet GPU occupancy
2024-11-27 05:00:00,TXT_2_IMG,11.0,0.07833333333333334,23.0,25.0,34.5,277,genai_diffusion_serving,single-accelerator-equivalent hours from successful request execution time; not measured fleet GPU occupancy
2024-11-27 06:00:00,IMG_2_IMG,0.0,0.0,0.0,,,278,genai_diffusion_serving,single-accelerator-equivalent hours from successful request execution time; not measured fleet GPU occupancy
2024-11-27 06:00:00,INPAINTING,0.0,0.0,0.0,,,278,genai_diffusion_serving,single-accelerator-equivalent hours from successful request execution time; not measured fleet GPU occupancy
2024-11-27 06:00:00,TXT_2_IMG,24.0,0.15694444444444444,61.0,23.5,36.0,278,genai_diffusion_serving,single-accelerator-equivalent hours from successful request execution time; not measured fleet GPU occupancy
2024-11-27 07:00:00,IMG_2_IMG,0.0,0.0,0.0,,,279,genai_diffusion_serving,single-accelerator-equivalent hours from successful request execution time; not measured fleet GPU occupancy
2024-11-27 07:00:00,INPAINTING,0.0,0.0,0.0,,,279,genai_diffusion_serving,single-accelerator-equivalent hours from successful request execution time; not measured fleet GPU occupancy
2024-11-27 07:00:00,TXT_2_IMG,4.0,0.025277777777777777,16.0,24.5,27.7,279,genai_diffusion_serving,single-accelerator-equivalent hours from successful request execution time; not measured fleet GPU occupancy
2024-11-27 08:00:00,IMG_2_IMG,0.0,0.0,0.0,,,280,genai_diffusion_serving,single-accelerator-equivalent hours from successful request execution time; not measured fleet GPU occupancy
2024-11-27 08:00:00,INPAINTING,0.0,0.0,0.0,,,280,genai_diffusion_serving,single-accelerator-equivalent hours from successful request execution time; not measured fleet GPU occupancy
2024-11-27 08:00:00,TXT_2_IMG,0.0,0.0,0.0,,,280,genai_diffusion_serving,single-accelerator-equivalent hours from successful request execution time; not measured fleet GPU occupancy
2024-11-27 09:00:00,IMG_2_IMG,0.0,0.0,0.0,,,281,genai_diffusion_serving,single-accelerator-equivalent hours from successful request execution time; not measured fleet GPU occupancy
2024-11-27 09:00:00,INPAINTING,0.0,0.0,0.0,,,281,genai_diffusion_serving,single-accelerator-equivalent hours from successful request execution time; not measured fleet GPU occupancy
2024-11-27 09:00:00,TXT_2_IMG,2.0,0.010555555555555556,8.0,19.0,19.9,281,genai_diffusion_serving,single-accelerator-equivalent hours from successful request execution time; not measured fleet GPU occupancy
2024-11-27 10:00:00,IMG_2_IMG,0.0,0.0,0.0,,,282,genai_diffusion_serving,single-accelerator-equivalent hours from successful request execution time; not measured fleet GPU occupancy
2024-11-27 10:00:00,INPAINTING,0.0,0.0,0.0,,,282,genai_diffusion_serving,single-accelerator-equivalent hours from successful request execution time; not measured fleet GPU occupancy
2024-11-27 10:00:00,TXT_2_IMG,1.0,0.005277777777777778,4.0,19.0,19.0,282,genai_diffusion_serving,single-accelerator-equivalent hours from successful request execution time; not measured fleet GPU occupancy
2024-11-27 11:00:00,IMG_2_IMG,1.0,0.0077777777777777776,1.0,28.0,28.0,283,genai_diffusion_serving,single-accelerator-equivalent hours from successful request execution time; not measured fleet GPU occupancy
2024-11-27 11:00:00,INPAINTING,0.0,0.0,0.0,,,283,genai_diffusion_serving,single-accelerator-equivalent hours from successful request execution time; not measured fleet GPU occupancy
2024-11-27 11:00:00,TXT_2_IMG,1.0,0.01361111111111111,1.0,49.0,49.0,283,genai_diffusion_serving,single-accelerator-equivalent hours from successful request execution time; not measured fleet GPU occupancy
2024-11-27 12:00:00,IMG_2_IMG,0.0,0.0,0.0,,,284,genai_diffusion_serving,single-accelerator-equivalent hours from successful request execution time; not measured fleet GPU occupancy
2024-11-27 12:00:00,INPAINTING,0.0,0.0,0.0,,,284,genai_diffusion_serving,single-accelerator-equivalent hours from successful request execution time; not measured fleet GPU occupancy
2024-11-27 12:00:00,TXT_2_IMG,0.0,0.0,0.0,,,284,genai_diffusion_serving,single-accelerator-equivalent hours from successful request execution time; not measured fleet GPU occupancy
2024-11-27 13:00:00,IMG_2_IMG,0.0,0.0,0.0,,,285,genai_diffusion_serving,single-accelerator-equivalent hours from successful request execution time; not measured fleet GPU occupancy
2024-11-27 13:00:00,INPAINTING,0.0,0.0,0.0,,,285,genai_diffusion_serving,single-accelerator-equivalent hours from successful request execution time; not measured fleet GPU occupancy
2024-11-27 13:00:00,TXT_2_IMG,0.0,0.0,0.0,,,285,genai_diffusion_serving,single-accelerator-equivalent hours from successful request execution time; not measured fleet GPU occupancy
2024-11-27 14:00:00,IMG_2_IMG,0.0,0.0,0.0,,,286,genai_diffusion_serving,single-accelerator-equivalent hours from successful request execution time; not measured fleet GPU occupancy
2024-11-27 14:00:00,INPAINTING,0.0,0.0,0.0,,,286,genai_diffusion_serving,single-accelerator-equivalent hours from successful request execution time; not measured fleet GPU occupancy
2024-11-27 14:00:00,TXT_2_IMG,0.0,0.0,0.0,,,286,genai_diffusion_serving,single-accelerator-equivalent hours from successful request execution time; not measured fleet GPU occupancy
2024-11-27 15:00:00,IMG_2_IMG,0.0,0.0,0.0,,,287,genai_diffusion_serving,single-accelerator-equivalent hours from successful request execution time; not measured fleet GPU occupancy
2024-11-27 15:00:00,INPAINTING,0.0,0.0,0.0,,,287,genai_diffusion_serving,single-accelerator-equivalent hours from successful request execution time; not measured fleet GPU occupancy
2024-11-27 15:00:00,TXT_2_IMG,0.0,0.0,0.0,,,287,genai_diffusion_serving,single-accelerator-equivalent hours from successful request execution time; not measured fleet GPU occupancy
2024-11-27 16:00:00,IMG_2_IMG,0.0,0.0,0.0,,,288,genai_diffusion_serving,single-accelerator-equivalent hours from successful request execution time; not measured fleet GPU occupancy
2024-11-27 16:00:00,INPAINTING,0.0,0.0,0.0,,,288,genai_diffusion_serving,single-accelerator-equivalent hours from successful request execution time; not measured fleet GPU occupancy
2024-11-27 16:00:00,TXT_2_IMG,34.0,0.2627777777777778,75.0,27.0,44.549999999999926,288,genai_diffusion_serving,single-accelerator-equivalent hours from successful request execution time; not measured fleet GPU occupancy
2024-11-27 17:00:00,IMG_2_IMG,16.0,0.22722222222222221,121.0,46.5,80.5,289,genai_diffusion_serving,single-accelerator-equivalent hours from successful request execution time; not measured fleet GPU occupancy
2024-11-27 17:00:00,INPAINTING,1.0,0.0038888888888888888,1.0,14.0,14.0,289,genai_diffusion_serving,single-accelerator-equivalent hours from successful request execution time; not measured fleet GPU occupancy
2024-11-27 17:00:00,TXT_2_IMG,116.0,1.0586111111111112,283.0,26.0,76.0,289,genai_diffusion_serving,single-accelerator-equivalent hours from successful request execution time; not measured fleet GPU occupancy
2024-11-27 18:00:00,IMG_2_IMG,5.0,0.024722222222222222,5.0,14.0,25.6,290,genai_diffusion_serving,single-accelerator-equivalent hours from successful request execution time; not measured fleet GPU occupancy
2024-11-27 18:00:00,INPAINTING,0.0,0.0,0.0,,,290,genai_diffusion_serving,single-accelerator-equivalent hours from successful request execution time; not measured fleet GPU occupancy
2024-11-27 18:00:00,TXT_2_IMG,156.0,1.7313888888888889,626.0,30.0,83.5,290,genai_diffusion_serving,single-accelerator-equivalent hours from successful request execution time; not measured fleet GPU occupancy
2024-11-27 19:00:00,IMG_2_IMG,0.0,0.0,0.0,,,291,genai_diffusion_serving,single-accelerator-equivalent hours from successful request execution time; not measured fleet GPU occupancy
2024-11-27 19:00:00,INPAINTING,0.0,0.0,0.0,,,291,genai_diffusion_serving,single-accelerator-equivalent hours from successful request execution time; not measured fleet GPU occupancy
2024-11-27 19:00:00,TXT_2_IMG,22.0,0.18694444444444444,32.0,24.5,58.849999999999994,291,genai_diffusion_serving,single-accelerator-equivalent hours from successful request execution time; not measured fleet GPU occupancy
2024-11-27 20:00:00,IMG_2_IMG,3.0,0.017222222222222222,3.0,19.0,28.9,292,genai_diffusion_serving,single-accelerator-equivalent hours from successful request execution time; not measured fleet GPU occupancy
2024-11-27 20:00:00,INPAINTING,0.0,0.0,0.0,,,292,genai_diffusion_serving,single-accelerator-equivalent hours from successful request execution time; not measured fleet GPU occupancy
2024-11-27 20:00:00,TXT_2_IMG,69.0,0.4272222222222222,223.0,22.0,33.599999999999994,292,genai_diffusion_serving,single-accelerator-equivalent hours from successful request execution time; not measured fleet GPU occupancy
2024-11-27 21:00:00,IMG_2_IMG,1.0,0.005833333333333334,1.0,21.0,21.0,293,genai_diffusion_serving,single-accelerator-equivalent hours from successful request execution time; not measured fleet GPU occupancy
2024-11-27 21:00:00,INPAINTING,1.0,0.006666666666666667,1.0,24.0,24.0,293,genai_diffusion_serving,single-accelerator-equivalent hours from successful request execution time; not measured fleet GPU occupancy
2024-11-27 21:00:00,TXT_2_IMG,167.0,1.3825,467.0,23.0,72.0,293,genai_diffusion_serving,single-accelerator-equivalent hours from successful request execution time; not measured fleet GPU occupancy
2024-11-27 22:00:00,IMG_2_IMG,36.0,0.39694444444444443,215.0,41.5,62.0,294,genai_diffusion_serving,single-accelerator-equivalent hours from successful request execution time; not measured fleet GPU occupancy
2024-11-27 22:00:00,INPAINTING,0.0,0.0,0.0,,,294,genai_diffusion_serving,single-accelerator-equivalent hours from successful request execution time; not measured fleet GPU occupancy
2024-11-27 22:00:00,TXT_2_IMG,153.0,1.3736111111111111,432.0,25.0,78.60000000000002,294,genai_diffusion_serving,single-accelerator-equivalent hours from successful request execution time; not measured fleet GPU occupancy
2024-11-27 23:00:00,IMG_2_IMG,18.0,0.16027777777777777,129.0,33.5,49.499999999999986,295,genai_diffusion_serving,single-accelerator-equivalent hours from successful request execution time; not measured fleet GPU occupancy
2024-11-27 23:00:00,INPAINTING,0.0,0.0,0.0,,,295,genai_diffusion_serving,single-accelerator-equivalent hours from successful request execution time; not measured fleet GPU occupancy
2024-11-27 23:00:00,TXT_2_IMG,167.0,1.2975,389.0,24.0,62.999999999999886,295,genai_diffusion_serving,single-accelerator-equivalent hours from successful request execution time; not measured fleet GPU occupancy
2024-11-28 00:00:00,IMG_2_IMG,32.0,0.26611111111111113,157.0,25.0,60.25,296,genai_diffusion_serving,single-accelerator-equivalent hours from successful request execution time; not measured fleet GPU occupancy
2024-11-28 00:00:00,INPAINTING,0.0,0.0,0.0,,,296,genai_diffusion_serving,single-accelerator-equivalent hours from successful request execution time; not measured fleet GPU occupancy
2024-11-28 00:00:00,TXT_2_IMG,199.0,1.3586111111111112,517.0,22.0,43.0,296,genai_diffusion_serving,single-accelerator-equivalent hours from successful request execution time; not measured fleet GPU occupancy
2024-11-28 01:00:00,IMG_2_IMG,1.0,0.004722222222222222,1.0,17.0,17.0,297,genai_diffusion_serving,single-accelerator-equivalent hours from successful request execution time; not measured fleet GPU occupancy
2024-11-28 01:00:00,INPAINTING,1.0,0.007222222222222222,1.0,26.0,26.0,297,genai_diffusion_serving,single-accelerator-equivalent hours from successful request execution time; not measured fleet GPU occupancy
2024-11-28 01:00:00,TXT_2_IMG,84.0,0.5869444444444445,204.0,21.0,64.39999999999998,297,genai_diffusion_serving,single-accelerator-equivalent hours from successful request execution time; not measured fleet GPU occupancy
2024-11-28 02:00:00,IMG_2_IMG,5.0,0.020833333333333332,5.0,14.0,20.8,298,genai_diffusion_serving,single-accelerator-equivalent hours from successful request execution time; not measured fleet GPU occupancy
2024-11-28 02:00:00,INPAINTING,0.0,0.0,0.0,,,298,genai_diffusion_serving,single-accelerator-equivalent hours from successful request execution time; not measured fleet GPU occupancy
2024-11-28 02:00:00,TXT_2_IMG,84.0,0.5991666666666666,178.0,22.5,47.69999999999999,298,genai_diffusion_serving,single-accelerator-equivalent hours from successful request execution time; not measured fleet GPU occupancy
2024-11-28 03:00:00,IMG_2_IMG,6.0,0.027222222222222224,19.0,16.0,21.5,299,genai_diffusion_serving,single-accelerator-equivalent hours from successful request execution time; not measured fleet GPU occupancy
2024-11-28 03:00:00,INPAINTING,4.0,0.032777777777777774,16.0,27.5,45.849999999999994,299,genai_diffusion_serving,single-accelerator-equivalent hours from successful request execution time; not measured fleet GPU occupancy
2024-11-28 03:00:00,TXT_2_IMG,60.0,0.38305555555555554,122.0,20.5,40.449999999999974,299,genai_diffusion_serving,single-accelerator-equivalent hours from successful request execution time; not measured fleet GPU occupancy
2024-11-28 04:00:00,IMG_2_IMG,5.0,0.029166666666666667,11.0,21.0,23.6,300,genai_diffusion_serving,single-accelerator-equivalent hours from successful request execution time; not measured fleet GPU occupancy
2024-11-28 04:00:00,INPAINTING,2.0,0.0125,16.0,22.5,24.75,300,genai_diffusion_serving,single-accelerator-equivalent hours from successful request execution time; not measured fleet GPU occupancy
2024-11-28 04:00:00,TXT_2_IMG,16.0,0.11166666666666666,40.0,22.0,41.0,300,genai_diffusion_serving,single-accelerator-equivalent hours from successful request execution time; not measured fleet GPU occupancy
2024-11-28 05:00:00,IMG_2_IMG,5.0,0.07305555555555555,40.0,58.0,86.19999999999999,301,genai_diffusion_serving,single-accelerator-equivalent hours from successful request execution time; not measured fleet GPU occupancy
2024-11-28 05:00:00,INPAINTING,1.0,0.006944444444444444,8.0,25.0,25.0,301,genai_diffusion_serving,single-accelerator-equivalent hours from successful request execution time; not measured fleet GPU occupancy
2024-11-28 05:00:00,TXT_2_IMG,12.0,0.07027777777777777,39.0,16.5,43.49999999999998,301,genai_diffusion_serving,single-accelerator-equivalent hours from successful request execution time; not measured fleet GPU occupancy
2024-11-28 06:00:00,IMG_2_IMG,8.0,0.135,64.0,60.0,82.65,302,genai_diffusion_serving,single-accelerator-equivalent hours from successful request execution time; not measured fleet GPU occupancy
2024-11-28 06:00:00,INPAINTING,0.0,0.0,0.0,,,302,genai_diffusion_serving,single-accelerator-equivalent hours from successful request execution time; not measured fleet GPU occupancy
2024-11-28 06:00:00,TXT_2_IMG,19.0,0.1288888888888889,29.0,24.0,39.699999999999946,302,genai_diffusion_serving,single-accelerator-equivalent hours from successful request execution time; not measured fleet GPU occupancy
2024-11-28 07:00:00,IMG_2_IMG,4.0,0.05611111111111111,32.0,49.5,57.099999999999994,303,genai_diffusion_serving,single-accelerator-equivalent hours from successful request execution time; not measured fleet GPU occupancy
2024-11-28 07:00:00,INPAINTING,0.0,0.0,0.0,,,303,genai_diffusion_serving,single-accelerator-equivalent hours from successful request execution time; not measured fleet GPU occupancy
2024-11-28 07:00:00,TXT_2_IMG,21.0,0.15694444444444444,56.0,20.0,56.0,303,genai_diffusion_serving,single-accelerator-equivalent hours from successful request execution time; not measured fleet GPU occupancy
2024-11-28 08:00:00,IMG_2_IMG,0.0,0.0,0.0,,,304,genai_diffusion_serving,single-accelerator-equivalent hours from successful request execution time; not measured fleet GPU occupancy
2024-11-28 08:00:00,INPAINTING,0.0,0.0,0.0,,,304,genai_diffusion_serving,single-accelerator-equivalent hours from successful request execution time; not measured fleet GPU occupancy
2024-11-28 08:00:00,TXT_2_IMG,1.0,0.007222222222222222,1.0,26.0,26.0,304,genai_diffusion_serving,single-accelerator-equivalent hours from successful request execution time; not measured fleet GPU occupancy
2024-11-28 09:00:00,IMG_2_IMG,0.0,0.0,0.0,,,305,genai_diffusion_serving,single-accelerator-equivalent hours from successful request execution time; not measured fleet GPU occupancy
2024-11-28 09:00:00,INPAINTING,0.0,0.0,0.0,,,305,genai_diffusion_serving,single-accelerator-equivalent hours from successful request execution time; not measured fleet GPU occupancy
2024-11-28 09:00:00,TXT_2_IMG,0.0,0.0,0.0,,,305,genai_diffusion_serving,single-accelerator-equivalent hours from successful request execution time; not measured fleet GPU occupancy
2024-11-28 10:00:00,IMG_2_IMG,0.0,0.0,0.0,,,306,genai_diffusion_serving,single-accelerator-equivalent hours from successful request execution time; not measured fleet GPU occupancy
2024-11-28 10:00:00,INPAINTING,0.0,0.0,0.0,,,306,genai_diffusion_serving,single-accelerator-equivalent hours from successful request execution time; not measured fleet GPU occupancy
2024-11-28 10:00:00,TXT_2_IMG,0.0,0.0,0.0,,,306,genai_diffusion_serving,single-accelerator-equivalent hours from successful request execution time; not measured fleet GPU occupancy
2024-11-28 11:00:00,IMG_2_IMG,0.0,0.0,0.0,,,307,genai_diffusion_serving,single-accelerator-equivalent hours from successful request execution time; not measured fleet GPU occupancy
2024-11-28 11:00:00,INPAINTING,0.0,0.0,0.0,,,307,genai_diffusion_serving,single-accelerator-equivalent hours from successful request execution time; not measured fleet GPU occupancy
2024-11-28 11:00:00,TXT_2_IMG,0.0,0.0,0.0,,,307,genai_diffusion_serving,single-accelerator-equivalent hours from successful request execution time; not measured fleet GPU occupancy
2024-11-28 12:00:00,IMG_2_IMG,0.0,0.0,0.0,,,308,genai_diffusion_serving,single-accelerator-equivalent hours from successful request execution time; not measured fleet GPU occupancy
2024-11-28 12:00:00,INPAINTING,0.0,0.0,0.0,,,308,genai_diffusion_serving,single-accelerator-equivalent hours from successful request execution time; not measured fleet GPU occupancy
2024-11-28 12:00:00,TXT_2_IMG,0.0,0.0,0.0,,,308,genai_diffusion_serving,single-accelerator-equivalent hours from successful request execution time; not measured fleet GPU occupancy
2024-11-28 13:00:00,IMG_2_IMG,0.0,0.0,0.0,,,309,genai_diffusion_serving,single-accelerator-equivalent hours from successful request execution time; not measured fleet GPU occupancy
2024-11-28 13:00:00,INPAINTING,0.0,0.0,0.0,,,309,genai_diffusion_serving,single-accelerator-equivalent hours from successful request execution time; not measured fleet GPU occupancy
2024-11-28 13:00:00,TXT_2_IMG,0.0,0.0,0.0,,,309,genai_diffusion_serving,single-accelerator-equivalent hours from successful request execution time; not measured fleet GPU occupancy
2024-11-28 14:00:00,IMG_2_IMG,0.0,0.0,0.0,,,310,genai_diffusion_serving,single-accelerator-equivalent hours from successful request execution time; not measured fleet GPU occupancy
2024-11-28 14:00:00,INPAINTING,0.0,0.0,0.0,,,310,genai_diffusion_serving,single-accelerator-equivalent hours from successful request execution time; not measured fleet GPU occupancy
2024-11-28 14:00:00,TXT_2_IMG,0.0,0.0,0.0,,,310,genai_diffusion_serving,single-accelerator-equivalent hours from successful request execution time; not measured fleet GPU occupancy
2024-11-28 15:00:00,IMG_2_IMG,0.0,0.0,0.0,,,311,genai_diffusion_serving,single-accelerator-equivalent hours from successful request execution time; not measured fleet GPU occupancy
2024-11-28 15:00:00,INPAINTING,0.0,0.0,0.0,,,311,genai_diffusion_serving,single-accelerator-equivalent hours from successful request execution time; not measured fleet GPU occupancy
2024-11-28 15:00:00,TXT_2_IMG,13.0,0.0875,13.0,29.0,32.199999999999996,311,genai_diffusion_serving,single-accelerator-equivalent hours from successful request execution time; not measured fleet GPU occupancy
2024-11-28 16:00:00,IMG_2_IMG,6.0,0.07166666666666667,18.0,43.0,46.0,312,genai_diffusion_serving,single-accelerator-equivalent hours from successful request execution time; not measured fleet GPU occupancy
2024-11-28 16:00:00,INPAINTING,0.0,0.0,0.0,,,312,genai_diffusion_serving,single-accelerator-equivalent hours from successful request execution time; not measured fleet GPU occupancy
2024-11-28 16:00:00,TXT_2_IMG,71.0,0.46194444444444444,119.0,20.0,50.0,312,genai_diffusion_serving,single-accelerator-equivalent hours from successful request execution time; not measured fleet GPU occupancy
2024-11-28 17:00:00,IMG_2_IMG,8.0,0.06583333333333333,21.0,25.0,52.39999999999999,313,genai_diffusion_serving,single-accelerator-equivalent hours from successful request execution time; not measured fleet GPU occupancy
2024-11-28 17:00:00,INPAINTING,1.0,0.0077777777777777776,8.0,28.0,28.0,313,genai_diffusion_serving,single-accelerator-equivalent hours from successful request execution time; not measured fleet GPU occupancy
2024-11-28 17:00:00,TXT_2_IMG,151.0,1.2347222222222223,369.0,23.0,60.0,313,genai_diffusion_serving,single-accelerator-equivalent hours from successful request execution time; not measured fleet GPU occupancy
2024-11-28 18:00:00,IMG_2_IMG,21.0,0.15777777777777777,24.0,21.0,56.0,314,genai_diffusion_serving,single-accelerator-equivalent hours from successful request execution time; not measured fleet GPU occupancy
2024-11-28 18:00:00,INPAINTING,5.0,0.019722222222222224,11.0,14.0,20.599999999999998,314,genai_diffusion_serving,single-accelerator-equivalent hours from successful request execution time; not measured fleet GPU occupancy
2024-11-28 18:00:00,TXT_2_IMG,204.0,1.3969444444444445,416.0,21.0,45.849999999999994,314,genai_diffusion_serving,single-accelerator-equivalent hours from successful request execution time; not measured fleet GPU occupancy
2024-11-28 19:00:00,IMG_2_IMG,0.0,0.0,0.0,,,315,genai_diffusion_serving,single-accelerator-equivalent hours from successful request execution time; not measured fleet GPU occupancy
2024-11-28 19:00:00,INPAINTING,0.0,0.0,0.0,,,315,genai_diffusion_serving,single-accelerator-equivalent hours from successful request execution time; not measured fleet GPU occupancy
2024-11-28 19:00:00,TXT_2_IMG,41.0,0.2588888888888889,82.0,22.0,38.0,315,genai_diffusion_serving,single-accelerator-equivalent hours from successful request execution time; not measured fleet GPU occupancy
2024-11-28 20:00:00,IMG_2_IMG,13.0,0.07805555555555556,20.0,21.0,31.4,316,genai_diffusion_serving,single-accelerator-equivalent hours from successful request execution time; not measured fleet GPU occupancy
2024-11-28 20:00:00,INPAINTING,0.0,0.0,0.0,,,316,genai_diffusion_serving,single-accelerator-equivalent hours from successful request execution time; not measured fleet GPU occupancy
2024-11-28 20:00:00,TXT_2_IMG,91.0,0.62,226.0,20.0,52.5,316,genai_diffusion_serving,single-accelerator-equivalent hours from successful request execution time; not measured fleet GPU occupancy
2024-11-28 21:00:00,IMG_2_IMG,10.0,0.03361111111111111,16.0,12.0,16.749999999999993,317,genai_diffusion_serving,single-accelerator-equivalent hours from successful request execution time; not measured fleet GPU occupancy
2024-11-28 21:00:00,INPAINTING,0.0,0.0,0.0,,,317,genai_diffusion_serving,single-accelerator-equivalent hours from successful request execution time; not measured fleet GPU occupancy
2024-11-28 21:00:00,TXT_2_IMG,239.0,1.3880555555555556,434.0,19.0,37.0,317,genai_diffusion_serving,single-accelerator-equivalent hours from successful request execution time; not measured fleet GPU occupancy
2024-11-28 22:00:00,IMG_2_IMG,7.0,0.050555555555555555,20.0,24.0,35.4,318,genai_diffusion_serving,single-accelerator-equivalent hours from successful request execution time; not measured fleet GPU occupancy
2024-11-28 22:00:00,INPAINTING,0.0,0.0,0.0,,,318,genai_diffusion_serving,single-accelerator-equivalent hours from successful request execution time; not measured fleet GPU occupancy
2024-11-28 22:00:00,TXT_2_IMG,244.0,1.776388888888889,732.0,20.0,76.0,318,genai_diffusion_serving,single-accelerator-equivalent hours from successful request execution time; not measured fleet GPU occupancy
2024-11-28 23:00:00,IMG_2_IMG,4.0,0.030833333333333334,4.0,26.5,42.199999999999996,319,genai_diffusion_serving,single-accelerator-equivalent hours from successful request execution time; not measured fleet GPU occupancy
2024-11-28 23:00:00,INPAINTING,0.0,0.0,0.0,,,319,genai_diffusion_serving,single-accelerator-equivalent hours from successful request execution time; not measured fleet GPU occupancy
2024-11-28 23:00:00,TXT_2_IMG,192.0,1.4547222222222222,584.0,23.0,66.59999999999991,319,genai_diffusion_serving,single-accelerator-equivalent hours from successful request execution time; not measured fleet GPU occupancy
2024-11-29 00:00:00,IMG_2_IMG,12.0,0.06583333333333334,12.0,20.0,29.949999999999992,320,genai_diffusion_serving,single-accelerator-equivalent hours from successful request execution time; not measured fleet GPU occupancy
2024-11-29 00:00:00,INPAINTING,7.0,0.03888888888888889,7.0,21.0,28.199999999999996,320,genai_diffusion_serving,single-accelerator-equivalent hours from successful request execution time; not measured fleet GPU occupancy
2024-11-29 00:00:00,TXT_2_IMG,296.0,2.131388888888889,797.0,20.0,70.25,320,genai_diffusion_serving,single-accelerator-equivalent hours from successful request execution time; not measured fleet GPU occupancy
2024-11-29 01:00:00,IMG_2_IMG,0.0,0.0,0.0,,,321,genai_diffusion_serving,single-accelerator-equivalent hours from successful request execution time; not measured fleet GPU occupancy
2024-11-29 01:00:00,INPAINTING,0.0,0.0,0.0,,,321,genai_diffusion_serving,single-accelerator-equivalent hours from successful request execution time; not measured fleet GPU occupancy
2024-11-29 01:00:00,TXT_2_IMG,48.0,0.5633333333333334,173.0,36.0,77.0,321,genai_diffusion_serving,single-accelerator-equivalent hours from successful request execution time; not measured fleet GPU occupancy
2024-11-29 02:00:00,IMG_2_IMG,0.0,0.0,0.0,,,322,genai_diffusion_serving,single-accelerator-equivalent hours from successful request execution time; not measured fleet GPU occupancy
2024-11-29 02:00:00,INPAINTING,0.0,0.0,0.0,,,322,genai_diffusion_serving,single-accelerator-equivalent hours from successful request execution time; not measured fleet GPU occupancy
2024-11-29 02:00:00,TXT_2_IMG,14.0,0.06166666666666667,32.0,15.5,22.049999999999997,322,genai_diffusion_serving,single-accelerator-equivalent hours from successful request execution time; not measured fleet GPU occupancy
2024-11-29 03:00:00,IMG_2_IMG,0.0,0.0,0.0,,,323,genai_diffusion_serving,single-accelerator-equivalent hours from successful request execution time; not measured fleet GPU occupancy
2024-11-29 03:00:00,INPAINTING,0.0,0.0,0.0,,,323,genai_diffusion_serving,single-accelerator-equivalent hours from successful request execution time; not measured fleet GPU occupancy
2024-11-29 03:00:00,TXT_2_IMG,3.0,0.013611111111111112,3.0,15.0,21.3,323,genai_diffusion_serving,single-accelerator-equivalent hours from successful request execution time; not measured fleet GPU occupancy
2024-11-29 04:00:00,IMG_2_IMG,0.0,0.0,0.0,,,324,genai_diffusion_serving,single-accelerator-equivalent hours from successful request execution time; not measured fleet GPU occupancy
2024-11-29 04:00:00,INPAINTING,0.0,0.0,0.0,,,324,genai_diffusion_serving,single-accelerator-equivalent hours from successful request execution time; not measured fleet GPU occupancy
2024-11-29 04:00:00,TXT_2_IMG,32.0,0.22944444444444445,220.0,23.0,48.45,324,genai_diffusion_serving,single-accelerator-equivalent hours from successful request execution time; not measured fleet GPU occupancy
2024-11-29 05:00:00,IMG_2_IMG,0.0,0.0,0.0,,,325,genai_diffusion_serving,single-accelerator-equivalent hours from successful request execution time; not measured fleet GPU occupancy
2024-11-29 05:00:00,INPAINTING,0.0,0.0,0.0,,,325,genai_diffusion_serving,single-accelerator-equivalent hours from successful request execution time; not measured fleet GPU occupancy
2024-11-29 05:00:00,TXT_2_IMG,54.0,0.25027777777777777,334.0,16.0,25.74999999999997,325,genai_diffusion_serving,single-accelerator-equivalent hours from successful request execution time; not measured fleet GPU occupancy
2024-11-29 06:00:00,IMG_2_IMG,1.0,0.011111111111111112,1.0,40.0,40.0,326,genai_diffusion_serving,single-accelerator-equivalent hours from successful request execution time; not measured fleet GPU occupancy
2024-11-29 06:00:00,INPAINTING,1.0,0.010555555555555556,1.0,38.0,38.0,326,genai_diffusion_serving,single-accelerator-equivalent hours from successful request execution time; not measured fleet GPU occupancy
2024-11-29 06:00:00,TXT_2_IMG,74.0,0.36194444444444446,447.0,16.5,26.399999999999977,326,genai_diffusion_serving,single-accelerator-equivalent hours from successful request execution time; not measured fleet GPU occupancy
2024-11-29 07:00:00,IMG_2_IMG,0.0,0.0,0.0,,,327,genai_diffusion_serving,single-accelerator-equivalent hours from successful request execution time; not measured fleet GPU occupancy
2024-11-29 07:00:00,INPAINTING,0.0,0.0,0.0,,,327,genai_diffusion_serving,single-accelerator-equivalent hours from successful request execution time; not measured fleet GPU occupancy
2024-11-29 07:00:00,TXT_2_IMG,91.0,0.46,708.0,18.0,25.5,327,genai_diffusion_serving,single-accelerator-equivalent hours from successful request execution time; not measured fleet GPU occupancy
2024-11-29 08:00:00,IMG_2_IMG,0.0,0.0,0.0,,,328,genai_diffusion_serving,single-accelerator-equivalent hours from successful request execution time; not measured fleet GPU occupancy
2024-11-29 08:00:00,INPAINTING,0.0,0.0,0.0,,,328,genai_diffusion_serving,single-accelerator-equivalent hours from successful request execution time; not measured fleet GPU occupancy
2024-11-29 08:00:00,TXT_2_IMG,12.0,0.07944444444444444,64.0,21.5,35.19999999999999,328,genai_diffusion_serving,single-accelerator-equivalent hours from successful request execution time; not measured fleet GPU occupancy
2024-11-29 09:00:00,IMG_2_IMG,0.0,0.0,0.0,,,329,genai_diffusion_serving,single-accelerator-equivalent hours from successful request execution time; not measured fleet GPU occupancy
2024-11-29 09:00:00,INPAINTING,0.0,0.0,0.0,,,329,genai_diffusion_serving,single-accelerator-equivalent hours from successful request execution time; not measured fleet GPU occupancy
2024-11-29 09:00:00,TXT_2_IMG,1.0,0.007222222222222222,4.0,26.0,26.0,329,genai_diffusion_serving,single-accelerator-equivalent hours from successful request execution time; not measured fleet GPU occupancy
2024-11-29 10:00:00,IMG_2_IMG,0.0,0.0,0.0,,,330,genai_diffusion_serving,single-accelerator-equivalent hours from successful request execution time; not measured fleet GPU occupancy
2024-11-29 10:00:00,INPAINTING,0.0,0.0,0.0,,,330,genai_diffusion_serving,single-accelerator-equivalent hours from successful request execution time; not measured fleet GPU occupancy
2024-11-29 10:00:00,TXT_2_IMG,0.0,0.0,0.0,,,330,genai_diffusion_serving,single-accelerator-equivalent hours from successful request execution time; not measured fleet GPU occupancy
2024-11-29 11:00:00,IMG_2_IMG,0.0,0.0,0.0,,,331,genai_diffusion_serving,single-accelerator-equivalent hours from successful request execution time; not measured fleet GPU occupancy
2024-11-29 11:00:00,INPAINTING,0.0,0.0,0.0,,,331,genai_diffusion_serving,single-accelerator-equivalent hours from successful request execution time; not measured fleet GPU occupancy
2024-11-29 11:00:00,TXT_2_IMG,0.0,0.0,0.0,,,331,genai_diffusion_serving,single-accelerator-equivalent hours from successful request execution time; not measured fleet GPU occupancy
2024-11-29 12:00:00,IMG_2_IMG,0.0,0.0,0.0,,,332,genai_diffusion_serving,single-accelerator-equivalent hours from successful request execution time; not measured fleet GPU occupancy
2024-11-29 12:00:00,INPAINTING,0.0,0.0,0.0,,,332,genai_diffusion_serving,single-accelerator-equivalent hours from successful request execution time; not measured fleet GPU occupancy
2024-11-29 12:00:00,TXT_2_IMG,0.0,0.0,0.0,,,332,genai_diffusion_serving,single-accelerator-equivalent hours from successful request execution time; not measured fleet GPU occupancy
2024-11-29 13:00:00,IMG_2_IMG,0.0,0.0,0.0,,,333,genai_diffusion_serving,single-accelerator-equivalent hours from successful request execution time; not measured fleet GPU occupancy
2024-11-29 13:00:00,INPAINTING,0.0,0.0,0.0,,,333,genai_diffusion_serving,single-accelerator-equivalent hours from successful request execution time; not measured fleet GPU occupancy
2024-11-29 13:00:00,TXT_2_IMG,0.0,0.0,0.0,,,333,genai_diffusion_serving,single-accelerator-equivalent hours from successful request execution time; not measured fleet GPU occupancy
2024-11-29 14:00:00,IMG_2_IMG,0.0,0.0,0.0,,,334,genai_diffusion_serving,single-accelerator-equivalent hours from successful request execution time; not measured fleet GPU occupancy
2024-11-29 14:00:00,INPAINTING,0.0,0.0,0.0,,,334,genai_diffusion_serving,single-accelerator-equivalent hours from successful request execution time; not measured fleet GPU occupancy
2024-11-29 14:00:00,TXT_2_IMG,0.0,0.0,0.0,,,334,genai_diffusion_serving,single-accelerator-equivalent hours from successful request execution time; not measured fleet GPU occupancy
2024-11-29 15:00:00,IMG_2_IMG,0.0,0.0,0.0,,,335,genai_diffusion_serving,single-accelerator-equivalent hours from successful request execution time; not measured fleet GPU occupancy
2024-11-29 15:00:00,INPAINTING,0.0,0.0,0.0,,,335,genai_diffusion_serving,single-accelerator-equivalent hours from successful request execution time; not measured fleet GPU occupancy
2024-11-29 15:00:00,TXT_2_IMG,0.0,0.0,0.0,,,335,genai_diffusion_serving,single-accelerator-equivalent hours from successful request execution time; not measured fleet GPU occupancy
2024-11-29 16:00:00,IMG_2_IMG,0.0,0.0,0.0,,,336,genai_diffusion_serving,single-accelerator-equivalent hours from successful request execution time; not measured fleet GPU occupancy
2024-11-29 16:00:00,INPAINTING,0.0,0.0,0.0,,,336,genai_diffusion_serving,single-accelerator-equivalent hours from successful request execution time; not measured fleet GPU occupancy
2024-11-29 16:00:00,TXT_2_IMG,5.0,0.03916666666666667,40.0,31.0,33.8,336,genai_diffusion_serving,single-accelerator-equivalent hours from successful request execution time; not measured fleet GPU occupancy
2024-11-29 17:00:00,IMG_2_IMG,0.0,0.0,0.0,,,337,genai_diffusion_serving,single-accelerator-equivalent hours from successful request execution time; not measured fleet GPU occupancy
2024-11-29 17:00:00,INPAINTING,0.0,0.0,0.0,,,337,genai_diffusion_serving,single-accelerator-equivalent hours from successful request execution time; not measured fleet GPU occupancy
2024-11-29 17:00:00,TXT_2_IMG,11.0,0.0675,29.0,23.0,30.5,337,genai_diffusion_serving,single-accelerator-equivalent hours from successful request execution time; not measured fleet GPU occupancy
2024-11-29 18:00:00,IMG_2_IMG,1.0,0.0075,1.0,27.0,27.0,338,genai_diffusion_serving,single-accelerator-equivalent hours from successful request execution time; not measured fleet GPU occupancy
2024-11-29 18:00:00,INPAINTING,0.0,0.0,0.0,,,338,genai_diffusion_serving,single-accelerator-equivalent hours from successful request execution time; not measured fleet GPU occupancy
2024-11-29 18:00:00,TXT_2_IMG,14.0,0.10555555555555556,28.0,17.0,86.35,338,genai_diffusion_serving,single-accelerator-equivalent hours from successful request execution time; not measured fleet GPU occupancy
2024-11-29 19:00:00,IMG_2_IMG,0.0,0.0,0.0,,,339,genai_diffusion_serving,single-accelerator-equivalent hours from successful request execution time; not measured fleet GPU occupancy
2024-11-29 19:00:00,INPAINTING,0.0,0.0,0.0,,,339,genai_diffusion_serving,single-accelerator-equivalent hours from successful request execution time; not measured fleet GPU occupancy
2024-11-29 19:00:00,TXT_2_IMG,8.0,0.03611111111111111,22.0,17.0,23.599999999999998,339,genai_diffusion_serving,single-accelerator-equivalent hours from successful request execution time; not measured fleet GPU occupancy
2024-11-29 20:00:00,IMG_2_IMG,0.0,0.0,0.0,,,340,genai_diffusion_serving,single-accelerator-equivalent hours from successful request execution time; not measured fleet GPU occupancy
2024-11-29 20:00:00,INPAINTING,0.0,0.0,0.0,,,340,genai_diffusion_serving,single-accelerator-equivalent hours from successful request execution time; not measured fleet GPU occupancy
2024-11-29 20:00:00,TXT_2_IMG,30.0,0.23805555555555555,96.0,22.5,70.94999999999992,340,genai_diffusion_serving,single-accelerator-equivalent hours from successful request execution time; not measured fleet GPU occupancy
2024-11-29 21:00:00,IMG_2_IMG,0.0,0.0,0.0,,,341,genai_diffusion_serving,single-accelerator-equivalent hours from successful request execution time; not measured fleet GPU occupancy
2024-11-29 21:00:00,INPAINTING,0.0,0.0,0.0,,,341,genai_diffusion_serving,single-accelerator-equivalent hours from successful request execution time; not measured fleet GPU occupancy
2024-11-29 21:00:00,TXT_2_IMG,22.0,0.13694444444444445,47.0,23.0,27.0,341,genai_diffusion_serving,single-accelerator-equivalent hours from successful request execution time; not measured fleet GPU occupancy
2024-11-29 22:00:00,IMG_2_IMG,0.0,0.0,0.0,,,342,genai_diffusion_serving,single-accelerator-equivalent hours from successful request execution time; not measured fleet GPU occupancy
2024-11-29 22:00:00,INPAINTING,0.0,0.0,0.0,,,342,genai_diffusion_serving,single-accelerator-equivalent hours from successful request execution time; not measured fleet GPU occupancy
2024-11-29 22:00:00,TXT_2_IMG,18.0,0.1252777777777778,30.0,21.0,45.3,342,genai_diffusion_serving,single-accelerator-equivalent hours from successful request execution time; not measured fleet GPU occupancy
2024-11-29 23:00:00,IMG_2_IMG,1.0,0.004722222222222222,1.0,17.0,17.0,343,genai_diffusion_serving,single-accelerator-equivalent hours from successful request execution time; not measured fleet GPU occupancy
2024-11-29 23:00:00,INPAINTING,0.0,0.0,0.0,,,343,genai_diffusion_serving,single-accelerator-equivalent hours from successful request execution time; not measured fleet GPU occupancy
2024-11-29 23:00:00,TXT_2_IMG,33.0,0.2619444444444444,100.0,26.0,54.199999999999996,343,genai_diffusion_serving,single-accelerator-equivalent hours from successful request execution time; not measured fleet GPU occupancy
2024-11-30 00:00:00,IMG_2_IMG,0.0,0.0,0.0,,,344,genai_diffusion_serving,single-accelerator-equivalent hours from successful request execution time; not measured fleet GPU occupancy
2024-11-30 00:00:00,INPAINTING,0.0,0.0,0.0,,,344,genai_diffusion_serving,single-accelerator-equivalent hours from successful request execution time; not measured fleet GPU occupancy
2024-11-30 00:00:00,TXT_2_IMG,47.0,0.3219444444444445,150.0,21.0,38.0,344,genai_diffusion_serving,single-accelerator-equivalent hours from successful request execution time; not measured fleet GPU occupancy
2024-11-30 01:00:00,IMG_2_IMG,0.0,0.0,0.0,,,345,genai_diffusion_serving,single-accelerator-equivalent hours from successful request execution time; not measured fleet GPU occupancy
2024-11-30 01:00:00,INPAINTING,0.0,0.0,0.0,,,345,genai_diffusion_serving,single-accelerator-equivalent hours from successful request execution time; not measured fleet GPU occupancy
2024-11-30 01:00:00,TXT_2_IMG,28.0,0.15611111111111112,84.0,17.0,39.65,345,genai_diffusion_serving,single-accelerator-equivalent hours from successful request execution time; not measured fleet GPU occupancy
2024-11-30 02:00:00,IMG_2_IMG,1.0,0.005,1.0,18.0,18.0,346,genai_diffusion_serving,single-accelerator-equivalent hours from successful request execution time; not measured fleet GPU occupancy
2024-11-30 02:00:00,INPAINTING,0.0,0.0,0.0,,,346,genai_diffusion_serving,single-accelerator-equivalent hours from successful request execution time; not measured fleet GPU occupancy
2024-11-30 02:00:00,TXT_2_IMG,12.0,0.07222222222222222,32.0,22.0,35.0,346,genai_diffusion_serving,single-accelerator-equivalent hours from successful request execution time; not measured fleet GPU occupancy
2024-11-30 03:00:00,IMG_2_IMG,5.0,0.02388888888888889,5.0,17.0,18.8,347,genai_diffusion_serving,single-accelerator-equivalent hours from successful request execution time; not measured fleet GPU occupancy
2024-11-30 03:00:00,INPAINTING,0.0,0.0,0.0,,,347,genai_diffusion_serving,single-accelerator-equivalent hours from successful request execution time; not measured fleet GPU occupancy
2024-11-30 03:00:00,TXT_2_IMG,4.0,0.05472222222222222,4.0,52.0,67.6,347,genai_diffusion_serving,single-accelerator-equivalent hours from successful request execution time; not measured fleet GPU occupancy
2024-11-30 04:00:00,IMG_2_IMG,1.0,0.006944444444444444,1.0,25.0,25.0,348,genai_diffusion_serving,single-accelerator-equivalent hours from successful request execution time; not measured fleet GPU occupancy
2024-11-30 04:00:00,INPAINTING,0.0,0.0,0.0,,,348,genai_diffusion_serving,single-accelerator-equivalent hours from successful request execution time; not measured fleet GPU occupancy
2024-11-30 04:00:00,TXT_2_IMG,35.0,0.15861111111111112,111.0,15.0,25.89999999999999,348,genai_diffusion_serving,single-accelerator-equivalent hours from successful request execution time; not measured fleet GPU occupancy
2024-11-30 05:00:00,IMG_2_IMG,0.0,0.0,0.0,,,349,genai_diffusion_serving,single-accelerator-equivalent hours from successful request execution time; not measured fleet GPU occupancy
2024-11-30 05:00:00,INPAINTING,0.0,0.0,0.0,,,349,genai_diffusion_serving,single-accelerator-equivalent hours from successful request execution time; not measured fleet GPU occupancy
2024-11-30 05:00:00,TXT_2_IMG,14.0,0.05583333333333333,44.0,14.5,21.0,349,genai_diffusion_serving,single-accelerator-equivalent hours from successful request execution time; not measured fleet GPU occupancy
2024-11-30 06:00:00,IMG_2_IMG,0.0,0.0,0.0,,,350,genai_diffusion_serving,single-accelerator-equivalent hours from successful request execution time; not measured fleet GPU occupancy
2024-11-30 06:00:00,INPAINTING,0.0,0.0,0.0,,,350,genai_diffusion_serving,single-accelerator-equivalent hours from successful request execution time; not measured fleet GPU occupancy
2024-11-30 06:00:00,TXT_2_IMG,12.0,0.09861111111111112,23.0,34.0,42.25,350,genai_diffusion_serving,single-accelerator-equivalent hours from successful request execution time; not measured fleet GPU occupancy
2024-11-30 07:00:00,IMG_2_IMG,0.0,0.0,0.0,,,351,genai_diffusion_serving,single-accelerator-equivalent hours from successful request execution time; not measured fleet GPU occupancy
2024-11-30 07:00:00,INPAINTING,0.0,0.0,0.0,,,351,genai_diffusion_serving,single-accelerator-equivalent hours from successful request execution time; not measured fleet GPU occupancy
2024-11-30 07:00:00,TXT_2_IMG,4.0,0.020555555555555556,4.0,19.5,20.0,351,genai_diffusion_serving,single-accelerator-equivalent hours from successful request execution time; not measured fleet GPU occupancy
2024-11-30 08:00:00,IMG_2_IMG,0.0,0.0,0.0,,,352,genai_diffusion_serving,single-accelerator-equivalent hours from successful request execution time; not measured fleet GPU occupancy
2024-11-30 08:00:00,INPAINTING,0.0,0.0,0.0,,,352,genai_diffusion_serving,single-accelerator-equivalent hours from successful request execution time; not measured fleet GPU occupancy
2024-11-30 08:00:00,TXT_2_IMG,0.0,0.0,0.0,,,352,genai_diffusion_serving,single-accelerator-equivalent hours from successful request execution time; not measured fleet GPU occupancy
2024-11-30 09:00:00,IMG_2_IMG,0.0,0.0,0.0,,,353,genai_diffusion_serving,single-accelerator-equivalent hours from successful request execution time; not measured fleet GPU occupancy
2024-11-30 09:00:00,INPAINTING,0.0,0.0,0.0,,,353,genai_diffusion_serving,single-accelerator-equivalent hours from successful request execution time; not measured fleet GPU occupancy
2024-11-30 09:00:00,TXT_2_IMG,0.0,0.0,0.0,,,353,genai_diffusion_serving,single-accelerator-equivalent hours from successful request execution time; not measured fleet GPU occupancy
2024-11-30 10:00:00,IMG_2_IMG,0.0,0.0,0.0,,,354,genai_diffusion_serving,single-accelerator-equivalent hours from successful request execution time; not measured fleet GPU occupancy
2024-11-30 10:00:00,INPAINTING,0.0,0.0,0.0,,,354,genai_diffusion_serving,single-accelerator-equivalent hours from successful request execution time; not measured fleet GPU occupancy
2024-11-30 10:00:00,TXT_2_IMG,0.0,0.0,0.0,,,354,genai_diffusion_serving,single-accelerator-equivalent hours from successful request execution time; not measured fleet GPU occupancy
2024-11-30 11:00:00,IMG_2_IMG,0.0,0.0,0.0,,,355,genai_diffusion_serving,single-accelerator-equivalent hours from successful request execution time; not measured fleet GPU occupancy
2024-11-30 11:00:00,INPAINTING,0.0,0.0,0.0,,,355,genai_diffusion_serving,single-accelerator-equivalent hours from successful request execution time; not measured fleet GPU occupancy
2024-11-30 11:00:00,TXT_2_IMG,0.0,0.0,0.0,,,355,genai_diffusion_serving,single-accelerator-equivalent hours from successful request execution time; not measured fleet GPU occupancy
2024-11-30 12:00:00,IMG_2_IMG,0.0,0.0,0.0,,,356,genai_diffusion_serving,single-accelerator-equivalent hours from successful request execution time; not measured fleet GPU occupancy
2024-11-30 12:00:00,INPAINTING,0.0,0.0,0.0,,,356,genai_diffusion_serving,single-accelerator-equivalent hours from successful request execution time; not measured fleet GPU occupancy
2024-11-30 12:00:00,TXT_2_IMG,0.0,0.0,0.0,,,356,genai_diffusion_serving,single-accelerator-equivalent hours from successful request execution time; not measured fleet GPU occupancy
2024-11-30 13:00:00,IMG_2_IMG,0.0,0.0,0.0,,,357,genai_diffusion_serving,single-accelerator-equivalent hours from successful request execution time; not measured fleet GPU occupancy
2024-11-30 13:00:00,INPAINTING,0.0,0.0,0.0,,,357,genai_diffusion_serving,single-accelerator-equivalent hours from successful request execution time; not measured fleet GPU occupancy
2024-11-30 13:00:00,TXT_2_IMG,0.0,0.0,0.0,,,357,genai_diffusion_serving,single-accelerator-equivalent hours from successful request execution time; not measured fleet GPU occupancy
2024-11-30 14:00:00,IMG_2_IMG,0.0,0.0,0.0,,,358,genai_diffusion_serving,single-accelerator-equivalent hours from successful request execution time; not measured fleet GPU occupancy
2024-11-30 14:00:00,INPAINTING,0.0,0.0,0.0,,,358,genai_diffusion_serving,single-accelerator-equivalent hours from successful request execution time; not measured fleet GPU occupancy
2024-11-30 14:00:00,TXT_2_IMG,0.0,0.0,0.0,,,358,genai_diffusion_serving,single-accelerator-equivalent hours from successful request execution time; not measured fleet GPU occupancy
2024-11-30 15:00:00,IMG_2_IMG,0.0,0.0,0.0,,,359,genai_diffusion_serving,single-accelerator-equivalent hours from successful request execution time; not measured fleet GPU occupancy
2024-11-30 15:00:00,INPAINTING,0.0,0.0,0.0,,,359,genai_diffusion_serving,single-accelerator-equivalent hours from successful request execution time; not measured fleet GPU occupancy
2024-11-30 15:00:00,TXT_2_IMG,0.0,0.0,0.0,,,359,genai_diffusion_serving,single-accelerator-equivalent hours from successful request execution time; not measured fleet GPU occupancy
2024-11-30 16:00:00,IMG_2_IMG,0.0,0.0,0.0,,,360,genai_diffusion_serving,single-accelerator-equivalent hours from successful request execution time; not measured fleet GPU occupancy
2024-11-30 16:00:00,INPAINTING,0.0,0.0,0.0,,,360,genai_diffusion_serving,single-accelerator-equivalent hours from successful request execution time; not measured fleet GPU occupancy
2024-11-30 16:00:00,TXT_2_IMG,2.0,0.016666666666666666,2.0,30.0,31.8,360,genai_diffusion_serving,single-accelerator-equivalent hours from successful request execution time; not measured fleet GPU occupancy
2024-11-30 17:00:00,IMG_2_IMG,0.0,0.0,0.0,,,361,genai_diffusion_serving,single-accelerator-equivalent hours from successful request execution time; not measured fleet GPU occupancy
2024-11-30 17:00:00,INPAINTING,0.0,0.0,0.0,,,361,genai_diffusion_serving,single-accelerator-equivalent hours from successful request execution time; not measured fleet GPU occupancy
2024-11-30 17:00:00,TXT_2_IMG,5.0,0.03777777777777778,10.0,29.0,32.0,361,genai_diffusion_serving,single-accelerator-equivalent hours from successful request execution time; not measured fleet GPU occupancy
2024-11-30 18:00:00,IMG_2_IMG,0.0,0.0,0.0,,,362,genai_diffusion_serving,single-accelerator-equivalent hours from successful request execution time; not measured fleet GPU occupancy
2024-11-30 18:00:00,INPAINTING,0.0,0.0,0.0,,,362,genai_diffusion_serving,single-accelerator-equivalent hours from successful request execution time; not measured fleet GPU occupancy
2024-11-30 18:00:00,TXT_2_IMG,13.0,0.10611111111111111,26.0,28.0,39.99999999999998,362,genai_diffusion_serving,single-accelerator-equivalent hours from successful request execution time; not measured fleet GPU occupancy
2024-11-30 19:00:00,IMG_2_IMG,4.0,0.028055555555555556,24.0,25.0,26.7,363,genai_diffusion_serving,single-accelerator-equivalent hours from successful request execution time; not measured fleet GPU occupancy
2024-11-30 19:00:00,INPAINTING,0.0,0.0,0.0,,,363,genai_diffusion_serving,single-accelerator-equivalent hours from successful request execution time; not measured fleet GPU occupancy
2024-11-30 19:00:00,TXT_2_IMG,21.0,0.15305555555555556,49.0,20.0,59.0,363,genai_diffusion_serving,single-accelerator-equivalent hours from successful request execution time; not measured fleet GPU occupancy
2024-11-30 20:00:00,IMG_2_IMG,0.0,0.0,0.0,,,364,genai_diffusion_serving,single-accelerator-equivalent hours from successful request execution time; not measured fleet GPU occupancy
2024-11-30 20:00:00,INPAINTING,0.0,0.0,0.0,,,364,genai_diffusion_serving,single-accelerator-equivalent hours from successful request execution time; not measured fleet GPU occupancy
2024-11-30 20:00:00,TXT_2_IMG,2.0,0.01138888888888889,9.0,20.5,24.55,364,genai_diffusion_serving,single-accelerator-equivalent hours from successful request execution time; not measured fleet GPU occupancy
2024-11-30 21:00:00,IMG_2_IMG,0.0,0.0,0.0,,,365,genai_diffusion_serving,single-accelerator-equivalent hours from successful request execution time; not measured fleet GPU occupancy
2024-11-30 21:00:00,INPAINTING,0.0,0.0,0.0,,,365,genai_diffusion_serving,single-accelerator-equivalent hours from successful request execution time; not measured fleet GPU occupancy
2024-11-30 21:00:00,TXT_2_IMG,6.0,0.030555555555555555,7.0,18.5,24.25,365,genai_diffusion_serving,single-accelerator-equivalent hours from successful request execution time; not measured fleet GPU occupancy
2024-11-30 22:00:00,IMG_2_IMG,7.0,0.08666666666666667,7.0,51.0,63.19999999999999,366,genai_diffusion_serving,single-accelerator-equivalent hours from successful request execution time; not measured fleet GPU occupancy
2024-11-30 22:00:00,INPAINTING,0.0,0.0,0.0,,,366,genai_diffusion_serving,single-accelerator-equivalent hours from successful request execution time; not measured fleet GPU occupancy
2024-11-30 22:00:00,TXT_2_IMG,9.0,0.07583333333333334,9.0,21.0,52.0,366,genai_diffusion_serving,single-accelerator-equivalent hours from successful request execution time; not measured fleet GPU occupancy
2024-11-30 23:00:00,IMG_2_IMG,9.0,0.0375,9.0,16.0,21.6,367,genai_diffusion_serving,single-accelerator-equivalent hours from successful request execution time; not measured fleet GPU occupancy
2024-11-30 23:00:00,INPAINTING,0.0,0.0,0.0,,,367,genai_diffusion_serving,single-accelerator-equivalent hours from successful request execution time; not measured fleet GPU occupancy
2024-11-30 23:00:00,TXT_2_IMG,26.0,0.2038888888888889,37.0,24.5,54.0,367,genai_diffusion_serving,single-accelerator-equivalent hours from successful request execution time; not measured fleet GPU occupancy
2024-12-01 00:00:00,IMG_2_IMG,0.0,0.0,0.0,,,368,genai_diffusion_serving,single-accelerator-equivalent hours from successful request execution time; not measured fleet GPU occupancy
2024-12-01 00:00:00,INPAINTING,0.0,0.0,0.0,,,368,genai_diffusion_serving,single-accelerator-equivalent hours from successful request execution time; not measured fleet GPU occupancy
2024-12-01 00:00:00,TXT_2_IMG,24.0,0.15055555555555555,24.0,19.0,37.0,368,genai_diffusion_serving,single-accelerator-equivalent hours from successful request execution time; not measured fleet GPU occupancy
2024-12-01 01:00:00,IMG_2_IMG,0.0,0.0,0.0,,,369,genai_diffusion_serving,single-accelerator-equivalent hours from successful request execution time; not measured fleet GPU occupancy
2024-12-01 01:00:00,INPAINTING,0.0,0.0,0.0,,,369,genai_diffusion_serving,single-accelerator-equivalent hours from successful request execution time; not measured fleet GPU occupancy
2024-12-01 01:00:00,TXT_2_IMG,10.0,0.05277777777777778,31.0,18.5,26.099999999999998,369,genai_diffusion_serving,single-accelerator-equivalent hours from successful request execution time; not measured fleet GPU occupancy
2024-12-01 02:00:00,IMG_2_IMG,0.0,0.0,0.0,,,370,genai_diffusion_serving,single-accelerator-equivalent hours from successful request execution time; not measured fleet GPU occupancy
2024-12-01 02:00:00,INPAINTING,0.0,0.0,0.0,,,370,genai_diffusion_serving,single-accelerator-equivalent hours from successful request execution time; not measured fleet GPU occupancy
2024-12-01 02:00:00,TXT_2_IMG,25.0,0.14527777777777778,30.0,21.0,30.39999999999999,370,genai_diffusion_serving,single-accelerator-equivalent hours from successful request execution time; not measured fleet GPU occupancy
2024-12-01 03:00:00,IMG_2_IMG,7.0,0.04638888888888889,16.0,22.0,37.4,371,genai_diffusion_serving,single-accelerator-equivalent hours from successful request execution time; not measured fleet GPU occupancy
2024-12-01 03:00:00,INPAINTING,0.0,0.0,0.0,,,371,genai_diffusion_serving,single-accelerator-equivalent hours from successful request execution time; not measured fleet GPU occupancy
2024-12-01 03:00:00,TXT_2_IMG,21.0,0.16694444444444445,71.0,23.0,56.0,371,genai_diffusion_serving,single-accelerator-equivalent hours from successful request execution time; not measured fleet GPU occupancy
2024-12-01 04:00:00,IMG_2_IMG,0.0,0.0,0.0,,,372,genai_diffusion_serving,single-accelerator-equivalent hours from successful request execution time; not measured fleet GPU occupancy
2024-12-01 04:00:00,INPAINTING,0.0,0.0,0.0,,,372,genai_diffusion_serving,single-accelerator-equivalent hours from successful request execution time; not measured fleet GPU occupancy
2024-12-01 04:00:00,TXT_2_IMG,46.0,0.3933333333333333,132.0,23.0,71.25,372,genai_diffusion_serving,single-accelerator-equivalent hours from successful request execution time; not measured fleet GPU occupancy
2024-12-01 05:00:00,IMG_2_IMG,0.0,0.0,0.0,,,373,genai_diffusion_serving,single-accelerator-equivalent hours from successful request execution time; not measured fleet GPU occupancy
2024-12-01 05:00:00,INPAINTING,0.0,0.0,0.0,,,373,genai_diffusion_serving,single-accelerator-equivalent hours from successful request execution time; not measured fleet GPU occupancy
2024-12-01 05:00:00,TXT_2_IMG,2.0,0.008611111111111111,2.0,15.5,15.95,373,genai_diffusion_serving,single-accelerator-equivalent hours from successful request execution time; not measured fleet GPU occupancy
2024-12-01 06:00:00,IMG_2_IMG,3.0,0.03222222222222222,3.0,38.0,43.4,374,genai_diffusion_serving,single-accelerator-equivalent hours from successful request execution time; not measured fleet GPU occupancy
2024-12-01 06:00:00,INPAINTING,0.0,0.0,0.0,,,374,genai_diffusion_serving,single-accelerator-equivalent hours from successful request execution time; not measured fleet GPU occupancy
2024-12-01 06:00:00,TXT_2_IMG,8.0,0.07305555555555555,11.0,39.0,47.0,374,genai_diffusion_serving,single-accelerator-equivalent hours from successful request execution time; not measured fleet GPU occupancy
2024-12-01 07:00:00,IMG_2_IMG,0.0,0.0,0.0,,,375,genai_diffusion_serving,single-accelerator-equivalent hours from successful request execution time; not measured fleet GPU occupancy
2024-12-01 07:00:00,INPAINTING,0.0,0.0,0.0,,,375,genai_diffusion_serving,single-accelerator-equivalent hours from successful request execution time; not measured fleet GPU occupancy
2024-12-01 07:00:00,TXT_2_IMG,25.0,0.15666666666666668,77.0,21.0,38.19999999999999,375,genai_diffusion_serving,single-accelerator-equivalent hours from successful request execution time; not measured fleet GPU occupancy
2024-12-01 08:00:00,IMG_2_IMG,0.0,0.0,0.0,,,376,genai_diffusion_serving,single-accelerator-equivalent hours from successful request execution time; not measured fleet GPU occupancy
2024-12-01 08:00:00,INPAINTING,0.0,0.0,0.0,,,376,genai_diffusion_serving,single-accelerator-equivalent hours from successful request execution time; not measured fleet GPU occupancy
2024-12-01 08:00:00,TXT_2_IMG,0.0,0.0,0.0,,,376,genai_diffusion_serving,single-accelerator-equivalent hours from successful request execution time; not measured fleet GPU occupancy
2024-12-01 09:00:00,IMG_2_IMG,0.0,0.0,0.0,,,377,genai_diffusion_serving,single-accelerator-equivalent hours from successful request execution time; not measured fleet GPU occupancy
2024-12-01 09:00:00,INPAINTING,0.0,0.0,0.0,,,377,genai_diffusion_serving,single-accelerator-equivalent hours from successful request execution time; not measured fleet GPU occupancy
2024-12-01 09:00:00,TXT_2_IMG,0.0,0.0,0.0,,,377,genai_diffusion_serving,single-accelerator-equivalent hours from successful request execution time; not measured fleet GPU occupancy
2024-12-01 10:00:00,IMG_2_IMG,0.0,0.0,0.0,,,378,genai_diffusion_serving,single-accelerator-equivalent hours from successful request execution time; not measured fleet GPU occupancy
2024-12-01 10:00:00,INPAINTING,0.0,0.0,0.0,,,378,genai_diffusion_serving,single-accelerator-equivalent hours from successful request execution time; not measured fleet GPU occupancy
2024-12-01 10:00:00,TXT_2_IMG,0.0,0.0,0.0,,,378,genai_diffusion_serving,single-accelerator-equivalent hours from successful request execution time; not measured fleet GPU occupancy
2024-12-01 11:00:00,IMG_2_IMG,0.0,0.0,0.0,,,379,genai_diffusion_serving,single-accelerator-equivalent hours from successful request execution time; not measured fleet GPU occupancy
2024-12-01 11:00:00,INPAINTING,0.0,0.0,0.0,,,379,genai_diffusion_serving,single-accelerator-equivalent hours from successful request execution time; not measured fleet GPU occupancy
2024-12-01 11:00:00,TXT_2_IMG,0.0,0.0,0.0,,,379,genai_diffusion_serving,single-accelerator-equivalent hours from successful request execution time; not measured fleet GPU occupancy
2024-12-01 12:00:00,IMG_2_IMG,0.0,0.0,0.0,,,380,genai_diffusion_serving,single-accelerator-equivalent hours from successful request execution time; not measured fleet GPU occupancy
2024-12-01 12:00:00,INPAINTING,0.0,0.0,0.0,,,380,genai_diffusion_serving,single-accelerator-equivalent hours from successful request execution time; not measured fleet GPU occupancy
2024-12-01 12:00:00,TXT_2_IMG,0.0,0.0,0.0,,,380,genai_diffusion_serving,single-accelerator-equivalent hours from successful request execution time; not measured fleet GPU occupancy
2024-12-01 13:00:00,IMG_2_IMG,0.0,0.0,0.0,,,381,genai_diffusion_serving,single-accelerator-equivalent hours from successful request execution time; not measured fleet GPU occupancy
2024-12-01 13:00:00,INPAINTING,0.0,0.0,0.0,,,381,genai_diffusion_serving,single-accelerator-equivalent hours from successful request execution time; not measured fleet GPU occupancy
2024-12-01 13:00:00,TXT_2_IMG,0.0,0.0,0.0,,,381,genai_diffusion_serving,single-accelerator-equivalent hours from successful request execution time; not measured fleet GPU occupancy
2024-12-01 14:00:00,IMG_2_IMG,0.0,0.0,0.0,,,382,genai_diffusion_serving,single-accelerator-equivalent hours from successful request execution time; not measured fleet GPU occupancy
2024-12-01 14:00:00,INPAINTING,0.0,0.0,0.0,,,382,genai_diffusion_serving,single-accelerator-equivalent hours from successful request execution time; not measured fleet GPU occupancy
2024-12-01 14:00:00,TXT_2_IMG,0.0,0.0,0.0,,,382,genai_diffusion_serving,single-accelerator-equivalent hours from successful request execution time; not measured fleet GPU occupancy
2024-12-01 15:00:00,IMG_2_IMG,0.0,0.0,0.0,,,383,genai_diffusion_serving,single-accelerator-equivalent hours from successful request execution time; not measured fleet GPU occupancy
2024-12-01 15:00:00,INPAINTING,0.0,0.0,0.0,,,383,genai_diffusion_serving,single-accelerator-equivalent hours from successful request execution time; not measured fleet GPU occupancy
2024-12-01 15:00:00,TXT_2_IMG,0.0,0.0,0.0,,,383,genai_diffusion_serving,single-accelerator-equivalent hours from successful request execution time; not measured fleet GPU occupancy
2024-12-01 16:00:00,IMG_2_IMG,3.0,0.021388888888888888,6.0,26.0,26.9,384,genai_diffusion_serving,single-accelerator-equivalent hours from successful request execution time; not measured fleet GPU occupancy
2024-12-01 16:00:00,INPAINTING,0.0,0.0,0.0,,,384,genai_diffusion_serving,single-accelerator-equivalent hours from successful request execution time; not measured fleet GPU occupancy
2024-12-01 16:00:00,TXT_2_IMG,11.0,0.08166666666666667,17.0,30.0,32.0,384,genai_diffusion_serving,single-accelerator-equivalent hours from successful request execution time; not measured fleet GPU occupancy
2024-12-01 17:00:00,IMG_2_IMG,7.0,0.041666666666666664,25.0,22.0,26.899999999999995,385,genai_diffusion_serving,single-accelerator-equivalent hours from successful request execution time; not measured fleet GPU occupancy
2024-12-01 17:00:00,INPAINTING,0.0,0.0,0.0,,,385,genai_diffusion_serving,single-accelerator-equivalent hours from successful request execution time; not measured fleet GPU occupancy
2024-12-01 17:00:00,TXT_2_IMG,128.0,1.073611111111111,287.0,21.0,79.64999999999999,385,genai_diffusion_serving,single-accelerator-equivalent hours from successful request execution time; not measured fleet GPU occupancy
2024-12-01 18:00:00,IMG_2_IMG,4.0,0.024166666666666666,11.0,21.5,27.549999999999997,386,genai_diffusion_serving,single-accelerator-equivalent hours from successful request execution time; not measured fleet GPU occupancy
2024-12-01 18:00:00,INPAINTING,0.0,0.0,0.0,,,386,genai_diffusion_serving,single-accelerator-equivalent hours from successful request execution time; not measured fleet GPU occupancy
2024-12-01 18:00:00,TXT_2_IMG,190.0,1.8063888888888888,568.0,25.0,73.54999999999998,386,genai_diffusion_serving,single-accelerator-equivalent hours from successful request execution time; not measured fleet GPU occupancy
2024-12-01 19:00:00,IMG_2_IMG,2.0,0.009444444444444445,5.0,17.0,17.9,387,genai_diffusion_serving,single-accelerator-equivalent hours from successful request execution time; not measured fleet GPU occupancy
2024-12-01 19:00:00,INPAINTING,0.0,0.0,0.0,,,387,genai_diffusion_serving,single-accelerator-equivalent hours from successful request execution time; not measured fleet GPU occupancy
2024-12-01 19:00:00,TXT_2_IMG,20.0,0.22111111111111112,90.0,31.5,85.75000000000001,387,genai_diffusion_serving,single-accelerator-equivalent hours from successful request execution time; not measured fleet GPU occupancy
2024-12-01 20:00:00,IMG_2_IMG,9.0,0.06,44.0,28.0,34.2,388,genai_diffusion_serving,single-accelerator-equivalent hours from successful request execution time; not measured fleet GPU occupancy
2024-12-01 20:00:00,INPAINTING,2.0,0.016666666666666666,16.0,30.0,32.7,388,genai_diffusion_serving,single-accelerator-equivalent hours from successful request execution time; not measured fleet GPU occupancy
2024-12-01 20:00:00,TXT_2_IMG,112.0,0.8150000000000001,252.0,21.0,60.89999999999998,388,genai_diffusion_serving,single-accelerator-equivalent hours from successful request execution time; not measured fleet GPU occupancy
2024-12-01 21:00:00,IMG_2_IMG,14.0,0.13472222222222222,49.0,36.0,46.8,389,genai_diffusion_serving,single-accelerator-equivalent hours from successful request execution time; not measured fleet GPU occupancy
2024-12-01 21:00:00,INPAINTING,0.0,0.0,0.0,,,389,genai_diffusion_serving,single-accelerator-equivalent hours from successful request execution time; not measured fleet GPU occupancy
2024-12-01 21:00:00,TXT_2_IMG,265.0,2.0969444444444445,516.0,23.0,61.0,389,genai_diffusion_serving,single-accelerator-equivalent hours from successful request execution time; not measured fleet GPU occupancy
2024-12-01 22:00:00,IMG_2_IMG,7.0,0.04861111111111111,7.0,28.0,30.7,390,genai_diffusion_serving,single-accelerator-equivalent hours from successful request execution time; not measured fleet GPU occupancy
2024-12-01 22:00:00,INPAINTING,0.0,0.0,0.0,,,390,genai_diffusion_serving,single-accelerator-equivalent hours from successful request execution time; not measured fleet GPU occupancy
2024-12-01 22:00:00,TXT_2_IMG,183.0,1.443888888888889,481.0,23.0,62.0,390,genai_diffusion_serving,single-accelerator-equivalent hours from successful request execution time; not measured fleet GPU occupancy
2024-12-01 23:00:00,IMG_2_IMG,27.0,0.24555555555555555,59.0,29.0,46.7,391,genai_diffusion_serving,single-accelerator-equivalent hours from successful request execution time; not measured fleet GPU occupancy
2024-12-01 23:00:00,INPAINTING,0.0,0.0,0.0,,,391,genai_diffusion_serving,single-accelerator-equivalent hours from successful request execution time; not measured fleet GPU occupancy
2024-12-01 23:00:00,TXT_2_IMG,174.0,1.2405555555555556,304.0,22.0,53.69999999999999,391,genai_diffusion_serving,single-accelerator-equivalent hours from successful request execution time; not measured fleet GPU occupancy
2024-12-02 00:00:00,IMG_2_IMG,14.0,0.08722222222222223,58.0,21.0,33.0,392,genai_diffusion_serving,single-accelerator-equivalent hours from successful request execution time; not measured fleet GPU occupancy
2024-12-02 00:00:00,INPAINTING,0.0,0.0,0.0,,,392,genai_diffusion_serving,single-accelerator-equivalent hours from successful request execution time; not measured fleet GPU occupancy
2024-12-02 00:00:00,TXT_2_IMG,180.0,1.4241666666666666,359.0,23.0,65.04999999999998,392,genai_diffusion_serving,single-accelerator-equivalent hours from successful request execution time; not measured fleet GPU occupancy
2024-12-02 01:00:00,IMG_2_IMG,8.0,0.10305555555555555,23.0,47.5,59.949999999999996,393,genai_diffusion_serving,single-accelerator-equivalent hours from successful request execution time; not measured fleet GPU occupancy
2024-12-02 01:00:00,INPAINTING,0.0,0.0,0.0,,,393,genai_diffusion_serving,single-accelerator-equivalent hours from successful request execution time; not measured fleet GPU occupancy
2024-12-02 01:00:00,TXT_2_IMG,43.0,0.3663888888888889,101.0,26.0,56.49999999999999,393,genai_diffusion_serving,single-accelerator-equivalent hours from successful request execution time; not measured fleet GPU occupancy
2024-12-02 02:00:00,IMG_2_IMG,1.0,0.019444444444444445,4.0,70.0,70.0,394,genai_diffusion_serving,single-accelerator-equivalent hours from successful request execution time; not measured fleet GPU occupancy
2024-12-02 02:00:00,INPAINTING,0.0,0.0,0.0,,,394,genai_diffusion_serving,single-accelerator-equivalent hours from successful request execution time; not measured fleet GPU occupancy
2024-12-02 02:00:00,TXT_2_IMG,135.0,0.9958333333333333,262.0,23.0,63.0,394,genai_diffusion_serving,single-accelerator-equivalent hours from successful request execution time; not measured fleet GPU occupancy
2024-12-02 03:00:00,IMG_2_IMG,8.0,0.07694444444444444,23.0,30.5,66.19999999999997,395,genai_diffusion_serving,single-accelerator-equivalent hours from successful request execution time; not measured fleet GPU occupancy
2024-12-02 03:00:00,INPAINTING,0.0,0.0,0.0,,,395,genai_diffusion_serving,single-accelerator-equivalent hours from successful request execution time; not measured fleet GPU occupancy
2024-12-02 03:00:00,TXT_2_IMG,91.0,0.6483333333333333,199.0,22.0,52.5,395,genai_diffusion_serving,single-accelerator-equivalent hours from successful request execution time; not measured fleet GPU occupancy
2024-12-02 04:00:00,IMG_2_IMG,2.0,0.009722222222222222,2.0,17.5,20.65,396,genai_diffusion_serving,single-accelerator-equivalent hours from successful request execution time; not measured fleet GPU occupancy
2024-12-02 04:00:00,INPAINTING,0.0,0.0,0.0,,,396,genai_diffusion_serving,single-accelerator-equivalent hours from successful request execution time; not measured fleet GPU occupancy
2024-12-02 04:00:00,TXT_2_IMG,52.0,0.425,113.0,23.0,57.699999999999974,396,genai_diffusion_serving,single-accelerator-equivalent hours from successful request execution time; not measured fleet GPU occupancy
2024-12-02 05:00:00,IMG_2_IMG,0.0,0.0,0.0,,,397,genai_diffusion_serving,single-accelerator-equivalent hours from successful request execution time; not measured fleet GPU occupancy
2024-12-02 05:00:00,INPAINTING,0.0,0.0,0.0,,,397,genai_diffusion_serving,single-accelerator-equivalent hours from successful request execution time; not measured fleet GPU occupancy
2024-12-02 05:00:00,TXT_2_IMG,29.0,0.4186111111111111,92.0,47.0,97.19999999999999,397,genai_diffusion_serving,single-accelerator-equivalent hours from successful request execution time; not measured fleet GPU occupancy
2024-12-02 06:00:00,IMG_2_IMG,0.0,0.0,0.0,,,398,genai_diffusion_serving,single-accelerator-equivalent hours from successful request execution time; not measured fleet GPU occupancy
2024-12-02 06:00:00,INPAINTING,0.0,0.0,0.0,,,398,genai_diffusion_serving,single-accelerator-equivalent hours from successful request execution time; not measured fleet GPU occupancy
2024-12-02 06:00:00,TXT_2_IMG,19.0,0.14972222222222223,51.0,25.0,52.09999999999998,398,genai_diffusion_serving,single-accelerator-equivalent hours from successful request execution time; not measured fleet GPU occupancy
2024-12-02 07:00:00,IMG_2_IMG,0.0,0.0,0.0,,,399,genai_diffusion_serving,single-accelerator-equivalent hours from successful request execution time; not measured fleet GPU occupancy
2024-12-02 07:00:00,INPAINTING,0.0,0.0,0.0,,,399,genai_diffusion_serving,single-accelerator-equivalent hours from successful request execution time; not measured fleet GPU occupancy
2024-12-02 07:00:00,TXT_2_IMG,12.0,0.0913888888888889,31.0,28.5,37.9,399,genai_diffusion_serving,single-accelerator-equivalent hours from successful request execution time; not measured fleet GPU occupancy
2024-12-02 08:00:00,IMG_2_IMG,0.0,0.0,0.0,,,400,genai_diffusion_serving,single-accelerator-equivalent hours from successful request execution time; not measured fleet GPU occupancy
2024-12-02 08:00:00,INPAINTING,0.0,0.0,0.0,,,400,genai_diffusion_serving,single-accelerator-equivalent hours from successful request execution time; not measured fleet GPU occupancy
2024-12-02 08:00:00,TXT_2_IMG,6.0,0.05,24.0,28.5,38.0,400,genai_diffusion_serving,single-accelerator-equivalent hours from successful request execution time; not measured fleet GPU occupancy
2024-12-02 09:00:00,IMG_2_IMG,0.0,0.0,0.0,,,401,genai_diffusion_serving,single-accelerator-equivalent hours from successful request execution time; not measured fleet GPU occupancy
2024-12-02 09:00:00,INPAINTING,0.0,0.0,0.0,,,401,genai_diffusion_serving,single-accelerator-equivalent hours from successful request execution time; not measured fleet GPU occupancy
2024-12-02 09:00:00,TXT_2_IMG,0.0,0.0,0.0,,,401,genai_diffusion_serving,single-accelerator-equivalent hours from successful request execution time; not measured fleet GPU occupancy
2024-12-02 10:00:00,IMG_2_IMG,0.0,0.0,0.0,,,402,genai_diffusion_serving,single-accelerator-equivalent hours from successful request execution time; not measured fleet GPU occupancy
2024-12-02 10:00:00,INPAINTING,0.0,0.0,0.0,,,402,genai_diffusion_serving,single-accelerator-equivalent hours from successful request execution time; not measured fleet GPU occupancy
2024-12-02 10:00:00,TXT_2_IMG,0.0,0.0,0.0,,,402,genai_diffusion_serving,single-accelerator-equivalent hours from successful request execution time; not measured fleet GPU occupancy
2024-12-02 11:00:00,IMG_2_IMG,0.0,0.0,0.0,,,403,genai_diffusion_serving,single-accelerator-equivalent hours from successful request execution time; not measured fleet GPU occupancy
2024-12-02 11:00:00,INPAINTING,0.0,0.0,0.0,,,403,genai_diffusion_serving,single-accelerator-equivalent hours from successful request execution time; not measured fleet GPU occupancy
2024-12-02 11:00:00,TXT_2_IMG,0.0,0.0,0.0,,,403,genai_diffusion_serving,single-accelerator-equivalent hours from successful request execution time; not measured fleet GPU occupancy
2024-12-02 12:00:00,IMG_2_IMG,0.0,0.0,0.0,,,404,genai_diffusion_serving,single-accelerator-equivalent hours from successful request execution time; not measured fleet GPU occupancy
2024-12-02 12:00:00,INPAINTING,0.0,0.0,0.0,,,404,genai_diffusion_serving,single-accelerator-equivalent hours from successful request execution time; not measured fleet GPU occupancy
2024-12-02 12:00:00,TXT_2_IMG,0.0,0.0,0.0,,,404,genai_diffusion_serving,single-accelerator-equivalent hours from successful request execution time; not measured fleet GPU occupancy
2024-12-02 13:00:00,IMG_2_IMG,0.0,0.0,0.0,,,405,genai_diffusion_serving,single-accelerator-equivalent hours from successful request execution time; not measured fleet GPU occupancy
2024-12-02 13:00:00,INPAINTING,0.0,0.0,0.0,,,405,genai_diffusion_serving,single-accelerator-equivalent hours from successful request execution time; not measured fleet GPU occupancy
2024-12-02 13:00:00,TXT_2_IMG,0.0,0.0,0.0,,,405,genai_diffusion_serving,single-accelerator-equivalent hours from successful request execution time; not measured fleet GPU occupancy
2024-12-02 14:00:00,IMG_2_IMG,0.0,0.0,0.0,,,406,genai_diffusion_serving,single-accelerator-equivalent hours from successful request execution time; not measured fleet GPU occupancy
2024-12-02 14:00:00,INPAINTING,0.0,0.0,0.0,,,406,genai_diffusion_serving,single-accelerator-equivalent hours from successful request execution time; not measured fleet GPU occupancy
2024-12-02 14:00:00,TXT_2_IMG,0.0,0.0,0.0,,,406,genai_diffusion_serving,single-accelerator-equivalent hours from successful request execution time; not measured fleet GPU occupancy
2024-12-02 15:00:00,IMG_2_IMG,0.0,0.0,0.0,,,407,genai_diffusion_serving,single-accelerator-equivalent hours from successful request execution time; not measured fleet GPU occupancy
2024-12-02 15:00:00,INPAINTING,0.0,0.0,0.0,,,407,genai_diffusion_serving,single-accelerator-equivalent hours from successful request execution time; not measured fleet GPU occupancy
2024-12-02 15:00:00,TXT_2_IMG,7.0,0.028888888888888888,7.0,17.0,18.7,407,genai_diffusion_serving,single-accelerator-equivalent hours from successful request execution time; not measured fleet GPU occupancy
2024-12-02 16:00:00,IMG_2_IMG,0.0,0.0,0.0,,,408,genai_diffusion_serving,single-accelerator-equivalent hours from successful request execution time; not measured fleet GPU occupancy
2024-12-02 16:00:00,INPAINTING,0.0,0.0,0.0,,,408,genai_diffusion_serving,single-accelerator-equivalent hours from successful request execution time; not measured fleet GPU occupancy
2024-12-02 16:00:00,TXT_2_IMG,42.0,0.30666666666666664,74.0,17.0,97.09999999999975,408,genai_diffusion_serving,single-accelerator-equivalent hours from successful request execution time; not measured fleet GPU occupancy
2024-12-02 17:00:00,IMG_2_IMG,18.0,0.1527777777777778,21.0,18.5,80.04999999999998,409,genai_diffusion_serving,single-accelerator-equivalent hours from successful request execution time; not measured fleet GPU occupancy
2024-12-02 17:00:00,INPAINTING,5.0,0.019722222222222224,5.0,16.0,16.8,409,genai_diffusion_serving,single-accelerator-equivalent hours from successful request execution time; not measured fleet GPU occupancy
2024-12-02 17:00:00,TXT_2_IMG,236.0,1.6736111111111112,550.0,21.0,58.0,409,genai_diffusion_serving,single-accelerator-equivalent hours from successful request execution time; not measured fleet GPU occupancy
2024-12-02 18:00:00,IMG_2_IMG,37.0,0.3219444444444445,89.0,23.0,76.59999999999994,410,genai_diffusion_serving,single-accelerator-equivalent hours from successful request execution time; not measured fleet GPU occupancy
2024-12-02 18:00:00,INPAINTING,0.0,0.0,0.0,,,410,genai_diffusion_serving,single-accelerator-equivalent hours from successful request execution time; not measured fleet GPU occupancy
2024-12-02 18:00:00,TXT_2_IMG,180.0,1.578888888888889,501.0,24.0,63.2999999999999,410,genai_diffusion_serving,single-accelerator-equivalent hours from successful request execution time; not measured fleet GPU occupancy
2024-12-02 19:00:00,IMG_2_IMG,7.0,0.06833333333333333,12.0,26.0,88.59999999999995,411,genai_diffusion_serving,single-accelerator-equivalent hours from successful request execution time; not measured fleet GPU occupancy
2024-12-02 19:00:00,INPAINTING,0.0,0.0,0.0,,,411,genai_diffusion_serving,single-accelerator-equivalent hours from successful request execution time; not measured fleet GPU occupancy
2024-12-02 19:00:00,TXT_2_IMG,36.0,0.4563888888888889,85.0,27.5,111.0,411,genai_diffusion_serving,single-accelerator-equivalent hours from successful request execution time; not measured fleet GPU occupancy
2024-12-02 20:00:00,IMG_2_IMG,0.0,0.0,0.0,,,412,genai_diffusion_serving,single-accelerator-equivalent hours from successful request execution time; not measured fleet GPU occupancy
2024-12-02 20:00:00,INPAINTING,0.0,0.0,0.0,,,412,genai_diffusion_serving,single-accelerator-equivalent hours from successful request execution time; not measured fleet GPU occupancy
2024-12-02 20:00:00,TXT_2_IMG,90.0,0.7483333333333333,175.0,25.5,60.29999999999998,412,genai_diffusion_serving,single-accelerator-equivalent hours from successful request execution time; not measured fleet GPU occupancy
2024-12-02 21:00:00,IMG_2_IMG,13.0,0.10916666666666668,16.0,30.0,44.99999999999999,413,genai_diffusion_serving,single-accelerator-equivalent hours from successful request execution time; not measured fleet GPU occupancy
2024-12-02 21:00:00,INPAINTING,1.0,0.005,1.0,18.0,18.0,413,genai_diffusion_serving,single-accelerator-equivalent hours from successful request execution time; not measured fleet GPU occupancy
2024-12-02 21:00:00,TXT_2_IMG,243.0,2.256666666666667,632.0,25.0,82.89999999999998,413,genai_diffusion_serving,single-accelerator-equivalent hours from successful request execution time; not measured fleet GPU occupancy
2024-12-02 22:00:00,IMG_2_IMG,6.0,0.0475,7.0,22.5,45.25,414,genai_diffusion_serving,single-accelerator-equivalent hours from successful request execution time; not measured fleet GPU occupancy
2024-12-02 22:00:00,INPAINTING,1.0,0.014444444444444444,1.0,52.0,52.0,414,genai_diffusion_serving,single-accelerator-equivalent hours from successful request execution time; not measured fleet GPU occupancy
2024-12-02 22:00:00,TXT_2_IMG,234.0,2.2594444444444446,804.0,28.0,68.69999999999999,414,genai_diffusion_serving,single-accelerator-equivalent hours from successful request execution time; not measured fleet GPU occupancy
2024-12-02 23:00:00,IMG_2_IMG,33.0,0.4547222222222222,103.0,35.0,117.99999999999994,415,genai_diffusion_serving,single-accelerator-equivalent hours from successful request execution time; not measured fleet GPU occupancy
2024-12-02 23:00:00,INPAINTING,0.0,0.0,0.0,,,415,genai_diffusion_serving,single-accelerator-equivalent hours from successful request execution time; not measured fleet GPU occupancy
2024-12-02 23:00:00,TXT_2_IMG,316.0,3.0533333333333332,1048.0,26.0,84.5,415,genai_diffusion_serving,single-accelerator-equivalent hours from successful request execution time; not measured fleet GPU occupancy
2024-12-03 00:00:00,IMG_2_IMG,21.0,0.1761111111111111,31.0,30.0,65.0,416,genai_diffusion_serving,single-accelerator-equivalent hours from successful request execution time; not measured fleet GPU occupancy
2024-12-03 00:00:00,INPAINTING,14.0,0.1625,48.0,34.0,77.7,416,genai_diffusion_serving,single-accelerator-equivalent hours from successful request execution time; not measured fleet GPU occupancy
2024-12-03 00:00:00,TXT_2_IMG,353.0,2.8622222222222224,1128.0,25.0,59.99999999999977,416,genai_diffusion_serving,single-accelerator-equivalent hours from successful request execution time; not measured fleet GPU occupancy
2024-12-03 01:00:00,IMG_2_IMG,36.0,0.24972222222222223,49.0,22.0,40.0,417,genai_diffusion_serving,single-accelerator-equivalent hours from successful request execution time; not measured fleet GPU occupancy
2024-12-03 01:00:00,INPAINTING,1.0,0.01138888888888889,1.0,41.0,41.0,417,genai_diffusion_serving,single-accelerator-equivalent hours from successful request execution time; not measured fleet GPU occupancy
2024-12-03 01:00:00,TXT_2_IMG,115.0,0.8363888888888888,340.0,23.0,46.19999999999999,417,genai_diffusion_serving,single-accelerator-equivalent hours from successful request execution time; not measured fleet GPU occupancy
2024-12-03 02:00:00,IMG_2_IMG,21.0,0.18166666666666667,23.0,23.0,68.0,418,genai_diffusion_serving,single-accelerator-equivalent hours from successful request execution time; not measured fleet GPU occupancy
2024-12-03 02:00:00,INPAINTING,0.0,0.0,0.0,,,418,genai_diffusion_serving,single-accelerator-equivalent hours from successful request execution time; not measured fleet GPU occupancy
2024-12-03 02:00:00,TXT_2_IMG,146.0,0.9869444444444444,289.0,22.0,47.75,418,genai_diffusion_serving,single-accelerator-equivalent hours from successful request execution time; not measured fleet GPU occupancy
2024-12-03 03:00:00,IMG_2_IMG,31.0,0.2777777777777778,39.0,25.0,72.5,419,genai_diffusion_serving,single-accelerator-equivalent hours from successful request execution time; not measured fleet GPU occupancy
2024-12-03 03:00:00,INPAINTING,0.0,0.0,0.0,,,419,genai_diffusion_serving,single-accelerator-equivalent hours from successful request execution time; not measured fleet GPU occupancy
2024-12-03 03:00:00,TXT_2_IMG,214.0,1.541388888888889,478.0,23.0,48.69999999999999,419,genai_diffusion_serving,single-accelerator-equivalent hours from successful request execution time; not measured fleet GPU occupancy
2024-12-03 04:00:00,IMG_2_IMG,3.0,0.03138888888888889,17.0,33.0,46.5,420,genai_diffusion_serving,single-accelerator-equivalent hours from successful request execution time; not measured fleet GPU occupancy
2024-12-03 04:00:00,INPAINTING,0.0,0.0,0.0,,,420,genai_diffusion_serving,single-accelerator-equivalent hours from successful request execution time; not measured fleet GPU occupancy
2024-12-03 04:00:00,TXT_2_IMG,40.0,0.26055555555555554,143.0,22.5,38.099999999999994,420,genai_diffusion_serving,single-accelerator-equivalent hours from successful request execution time; not measured fleet GPU occupancy
2024-12-03 05:00:00,IMG_2_IMG,5.0,0.029166666666666667,19.0,19.0,29.4,421,genai_diffusion_serving,single-accelerator-equivalent hours from successful request execution time; not measured fleet GPU occupancy
2024-12-03 05:00:00,INPAINTING,0.0,0.0,0.0,,,421,genai_diffusion_serving,single-accelerator-equivalent hours from successful request execution time; not measured fleet GPU occupancy
2024-12-03 05:00:00,TXT_2_IMG,52.0,0.47805555555555557,128.0,21.0,85.89999999999999,421,genai_diffusion_serving,single-accelerator-equivalent hours from successful request execution time; not measured fleet GPU occupancy
2024-12-03 06:00:00,IMG_2_IMG,0.0,0.0,0.0,,,422,genai_diffusion_serving,single-accelerator-equivalent hours from successful request execution time; not measured fleet GPU occupancy
2024-12-03 06:00:00,INPAINTING,0.0,0.0,0.0,,,422,genai_diffusion_serving,single-accelerator-equivalent hours from successful request execution time; not measured fleet GPU occupancy
2024-12-03 06:00:00,TXT_2_IMG,8.0,0.0761111111111111,29.0,24.0,63.9,422,genai_diffusion_serving,single-accelerator-equivalent hours from successful request execution time; not measured fleet GPU occupancy
2024-12-03 07:00:00,IMG_2_IMG,0.0,0.0,0.0,,,423,genai_diffusion_serving,single-accelerator-equivalent hours from successful request execution time; not measured fleet GPU occupancy
2024-12-03 07:00:00,INPAINTING,0.0,0.0,0.0,,,423,genai_diffusion_serving,single-accelerator-equivalent hours from successful request execution time; not measured fleet GPU occupancy
2024-12-03 07:00:00,TXT_2_IMG,3.0,0.029444444444444443,13.0,26.0,58.4,423,genai_diffusion_serving,single-accelerator-equivalent hours from successful request execution time; not measured fleet GPU occupancy
2024-12-03 08:00:00,IMG_2_IMG,0.0,0.0,0.0,,,424,genai_diffusion_serving,single-accelerator-equivalent hours from successful request execution time; not measured fleet GPU occupancy
2024-12-03 08:00:00,INPAINTING,0.0,0.0,0.0,,,424,genai_diffusion_serving,single-accelerator-equivalent hours from successful request execution time; not measured fleet GPU occupancy
2024-12-03 08:00:00,TXT_2_IMG,3.0,0.013333333333333332,4.0,16.0,16.9,424,genai_diffusion_serving,single-accelerator-equivalent hours from successful request execution time; not measured fleet GPU occupancy
2024-12-03 09:00:00,IMG_2_IMG,0.0,0.0,0.0,,,425,genai_diffusion_serving,single-accelerator-equivalent hours from successful request execution time; not measured fleet GPU occupancy
2024-12-03 09:00:00,INPAINTING,0.0,0.0,0.0,,,425,genai_diffusion_serving,single-accelerator-equivalent hours from successful request execution time; not measured fleet GPU occupancy
2024-12-03 09:00:00,TXT_2_IMG,0.0,0.0,0.0,,,425,genai_diffusion_serving,single-accelerator-equivalent hours from successful request execution time; not measured fleet GPU occupancy
2024-12-03 10:00:00,IMG_2_IMG,0.0,0.0,0.0,,,426,genai_diffusion_serving,single-accelerator-equivalent hours from successful request execution time; not measured fleet GPU occupancy
2024-12-03 10:00:00,INPAINTING,0.0,0.0,0.0,,,426,genai_diffusion_serving,single-accelerator-equivalent hours from successful request execution time; not measured fleet GPU occupancy
2024-12-03 10:00:00,TXT_2_IMG,0.0,0.0,0.0,,,426,genai_diffusion_serving,single-accelerator-equivalent hours from successful request execution time; not measured fleet GPU occupancy
2024-12-03 11:00:00,IMG_2_IMG,0.0,0.0,0.0,,,427,genai_diffusion_serving,single-accelerator-equivalent hours from successful request execution time; not measured fleet GPU occupancy
2024-12-03 11:00:00,INPAINTING,0.0,0.0,0.0,,,427,genai_diffusion_serving,single-accelerator-equivalent hours from successful request execution time; not measured fleet GPU occupancy
2024-12-03 11:00:00,TXT_2_IMG,0.0,0.0,0.0,,,427,genai_diffusion_serving,single-accelerator-equivalent hours from successful request execution time; not measured fleet GPU occupancy
2024-12-03 12:00:00,IMG_2_IMG,0.0,0.0,0.0,,,428,genai_diffusion_serving,single-accelerator-equivalent hours from successful request execution time; not measured fleet GPU occupancy
2024-12-03 12:00:00,INPAINTING,0.0,0.0,0.0,,,428,genai_diffusion_serving,single-accelerator-equivalent hours from successful request execution time; not measured fleet GPU occupancy
2024-12-03 12:00:00,TXT_2_IMG,0.0,0.0,0.0,,,428,genai_diffusion_serving,single-accelerator-equivalent hours from successful request execution time; not measured fleet GPU occupancy
2024-12-03 13:00:00,IMG_2_IMG,0.0,0.0,0.0,,,429,genai_diffusion_serving,single-accelerator-equivalent hours from successful request execution time; not measured fleet GPU occupancy
2024-12-03 13:00:00,INPAINTING,0.0,0.0,0.0,,,429,genai_diffusion_serving,single-accelerator-equivalent hours from successful request execution time; not measured fleet GPU occupancy
2024-12-03 13:00:00,TXT_2_IMG,2.0,0.019722222222222224,3.0,35.5,36.85,429,genai_diffusion_serving,single-accelerator-equivalent hours from successful request execution time; not measured fleet GPU occupancy
2024-12-03 14:00:00,IMG_2_IMG,0.0,0.0,0.0,,,430,genai_diffusion_serving,single-accelerator-equivalent hours from successful request execution time; not measured fleet GPU occupancy
2024-12-03 14:00:00,INPAINTING,0.0,0.0,0.0,,,430,genai_diffusion_serving,single-accelerator-equivalent hours from successful request execution time; not measured fleet GPU occupancy
2024-12-03 14:00:00,TXT_2_IMG,0.0,0.0,0.0,,,430,genai_diffusion_serving,single-accelerator-equivalent hours from successful request execution time; not measured fleet GPU occupancy
2024-12-03 15:00:00,IMG_2_IMG,0.0,0.0,0.0,,,431,genai_diffusion_serving,single-accelerator-equivalent hours from successful request execution time; not measured fleet GPU occupancy
2024-12-03 15:00:00,INPAINTING,0.0,0.0,0.0,,,431,genai_diffusion_serving,single-accelerator-equivalent hours from successful request execution time; not measured fleet GPU occupancy
2024-12-03 15:00:00,TXT_2_IMG,4.0,0.03361111111111111,32.0,31.0,31.85,431,genai_diffusion_serving,single-accelerator-equivalent hours from successful request execution time; not measured fleet GPU occupancy
2024-12-03 16:00:00,IMG_2_IMG,1.0,0.011111111111111112,1.0,40.0,40.0,432,genai_diffusion_serving,single-accelerator-equivalent hours from successful request execution time; not measured fleet GPU occupancy
2024-12-03 16:00:00,INPAINTING,0.0,0.0,0.0,,,432,genai_diffusion_serving,single-accelerator-equivalent hours from successful request execution time; not measured fleet GPU occupancy
2024-12-03 16:00:00,TXT_2_IMG,98.0,1.1219444444444444,418.0,25.5,109.59999999999997,432,genai_diffusion_serving,single-accelerator-equivalent hours from successful request execution time; not measured fleet GPU occupancy
2024-12-03 17:00:00,IMG_2_IMG,12.0,0.085,13.0,21.0,47.45,433,genai_diffusion_serving,single-accelerator-equivalent hours from successful request execution time; not measured fleet GPU occupancy
2024-12-03 17:00:00,INPAINTING,0.0,0.0,0.0,,,433,genai_diffusion_serving,single-accelerator-equivalent hours from successful request execution time; not measured fleet GPU occupancy
2024-12-03 17:00:00,TXT_2_IMG,262.0,2.4816666666666665,804.0,24.0,82.84999999999997,433,genai_diffusion_serving,single-accelerator-equivalent hours from successful request execution time; not measured fleet GPU occupancy
2024-12-03 18:00:00,IMG_2_IMG,11.0,0.0763888888888889,13.0,22.0,51.5,434,genai_diffusion_serving,single-accelerator-equivalent hours from successful request execution time; not measured fleet GPU occupancy
2024-12-03 18:00:00,INPAINTING,0.0,0.0,0.0,,,434,genai_diffusion_serving,single-accelerator-equivalent hours from successful request execution time; not measured fleet GPU occupancy
2024-12-03 18:00:00,TXT_2_IMG,211.0,2.0297222222222224,815.0,21.0,111.5,434,genai_diffusion_serving,single-accelerator-equivalent hours from successful request execution time; not measured fleet GPU occupancy
2024-12-03 19:00:00,IMG_2_IMG,3.0,0.034722222222222224,3.0,45.0,46.8,435,genai_diffusion_serving,single-accelerator-equivalent hours from successful request execution time; not measured fleet GPU occupancy
2024-12-03 19:00:00,INPAINTING,0.0,0.0,0.0,,,435,genai_diffusion_serving,single-accelerator-equivalent hours from successful request execution time; not measured fleet GPU occupancy
2024-12-03 19:00:00,TXT_2_IMG,59.0,0.7786111111111111,235.0,27.0,119.39999999999998,435,genai_diffusion_serving,single-accelerator-equivalent hours from successful request execution time; not measured fleet GPU occupancy
2024-12-03 20:00:00,IMG_2_IMG,6.0,0.05722222222222222,6.0,32.5,45.0,436,genai_diffusion_serving,single-accelerator-equivalent hours from successful request execution time; not measured fleet GPU occupancy
2024-12-03 20:00:00,INPAINTING,0.0,0.0,0.0,,,436,genai_diffusion_serving,single-accelerator-equivalent hours from successful request execution time; not measured fleet GPU occupancy
2024-12-03 20:00:00,TXT_2_IMG,105.0,0.7230555555555556,204.0,21.0,56.199999999999974,436,genai_diffusion_serving,single-accelerator-equivalent hours from successful request execution time; not measured fleet GPU occupancy
2024-12-03 21:00:00,IMG_2_IMG,11.0,0.05583333333333333,31.0,18.0,31.0,437,genai_diffusion_serving,single-accelerator-equivalent hours from successful request execution time; not measured fleet GPU occupancy
2024-12-03 21:00:00,INPAINTING,0.0,0.0,0.0,,,437,genai_diffusion_serving,single-accelerator-equivalent hours from successful request execution time; not measured fleet GPU occupancy
2024-12-03 21:00:00,TXT_2_IMG,210.0,1.351388888888889,612.0,21.0,43.0,437,genai_diffusion_serving,single-accelerator-equivalent hours from successful request execution time; not measured fleet GPU occupancy
2024-12-03 22:00:00,IMG_2_IMG,12.0,0.0725,33.0,21.0,34.45,438,genai_diffusion_serving,single-accelerator-equivalent hours from successful request execution time; not measured fleet GPU occupancy
2024-12-03 22:00:00,INPAINTING,11.0,0.05388888888888889,23.0,18.0,26.0,438,genai_diffusion_serving,single-accelerator-equivalent hours from successful request execution time; not measured fleet GPU occupancy
2024-12-03 22:00:00,TXT_2_IMG,292.0,2.1005555555555557,1041.0,22.0,60.14999999999992,438,genai_diffusion_serving,single-accelerator-equivalent hours from successful request execution time; not measured fleet GPU occupancy
2024-12-03 23:00:00,IMG_2_IMG,9.0,0.07277777777777777,9.0,29.0,51.19999999999999,439,genai_diffusion_serving,single-accelerator-equivalent hours from successful request execution time; not measured fleet GPU occupancy
2024-12-03 23:00:00,INPAINTING,0.0,0.0,0.0,,,439,genai_diffusion_serving,single-accelerator-equivalent hours from successful request execution time; not measured fleet GPU occupancy
2024-12-03 23:00:00,TXT_2_IMG,296.0,2.798888888888889,744.0,23.0,106.0,439,genai_diffusion_serving,single-accelerator-equivalent hours from successful request execution time; not measured fleet GPU occupancy
2024-12-04 00:00:00,IMG_2_IMG,24.0,0.13916666666666666,52.0,17.0,41.94999999999999,440,genai_diffusion_serving,single-accelerator-equivalent hours from successful request execution time; not measured fleet GPU occupancy
2024-12-04 00:00:00,INPAINTING,5.0,0.025277777777777777,5.0,16.0,25.799999999999997,440,genai_diffusion_serving,single-accelerator-equivalent hours from successful request execution time; not measured fleet GPU occupancy
2024-12-04 00:00:00,TXT_2_IMG,216.0,2.2255555555555557,502.0,25.5,95.25,440,genai_diffusion_serving,single-accelerator-equivalent hours from successful request execution time; not measured fleet GPU occupancy
2024-12-04 01:00:00,IMG_2_IMG,1.0,0.0125,1.0,45.0,45.0,441,genai_diffusion_serving,single-accelerator-equivalent hours from successful request execution time; not measured fleet GPU occupancy
2024-12-04 01:00:00,INPAINTING,0.0,0.0,0.0,,,441,genai_diffusion_serving,single-accelerator-equivalent hours from successful request execution time; not measured fleet GPU occupancy
2024-12-04 01:00:00,TXT_2_IMG,50.0,0.6833333333333333,120.0,36.0,100.55,441,genai_diffusion_serving,single-accelerator-equivalent hours from successful request execution time; not measured fleet GPU occupancy
2024-12-04 02:00:00,IMG_2_IMG,22.0,0.2,25.0,30.5,56.9,442,genai_diffusion_serving,single-accelerator-equivalent hours from successful request execution time; not measured fleet GPU occupancy
2024-12-04 02:00:00,INPAINTING,0.0,0.0,0.0,,,442,genai_diffusion_serving,single-accelerator-equivalent hours from successful request execution time; not measured fleet GPU occupancy
2024-12-04 02:00:00,TXT_2_IMG,127.0,1.1519444444444444,253.0,28.0,67.89999999999992,442,genai_diffusion_serving,single-accelerator-equivalent hours from successful request execution time; not measured fleet GPU occupancy
2024-12-04 03:00:00,IMG_2_IMG,21.0,0.2452777777777778,21.0,42.0,64.0,443,genai_diffusion_serving,single-accelerator-equivalent hours from successful request execution time; not measured fleet GPU occupancy
2024-12-04 03:00:00,INPAINTING,0.0,0.0,0.0,,,443,genai_diffusion_serving,single-accelerator-equivalent hours from successful request execution time; not measured fleet GPU occupancy
2024-12-04 03:00:00,TXT_2_IMG,114.0,0.9472222222222223,248.0,25.5,52.39999999999998,443,genai_diffusion_serving,single-accelerator-equivalent hours from successful request execution time; not measured fleet GPU occupancy
2024-12-04 04:00:00,IMG_2_IMG,8.0,0.06583333333333334,8.0,24.0,63.499999999999986,444,genai_diffusion_serving,single-accelerator-equivalent hours from successful request execution time; not measured fleet GPU occupancy
2024-12-04 04:00:00,INPAINTING,0.0,0.0,0.0,,,444,genai_diffusion_serving,single-accelerator-equivalent hours from successful request execution time; not measured fleet GPU occupancy
2024-12-04 04:00:00,TXT_2_IMG,60.0,0.5641666666666667,92.0,22.5,100.89999999999989,444,genai_diffusion_serving,single-accelerator-equivalent hours from successful request execution time; not measured fleet GPU occupancy
2024-12-04 05:00:00,IMG_2_IMG,0.0,0.0,0.0,,,445,genai_diffusion_serving,single-accelerator-equivalent hours from successful request execution time; not measured fleet GPU occupancy
2024-12-04 05:00:00,INPAINTING,0.0,0.0,0.0,,,445,genai_diffusion_serving,single-accelerator-equivalent hours from successful request execution time; not measured fleet GPU occupancy
2024-12-04 05:00:00,TXT_2_IMG,13.0,0.09611111111111112,19.0,22.0,52.4,445,genai_diffusion_serving,single-accelerator-equivalent hours from successful request execution time; not measured fleet GPU occupancy
2024-12-04 06:00:00,IMG_2_IMG,1.0,0.008333333333333333,1.0,30.0,30.0,446,genai_diffusion_serving,single-accelerator-equivalent hours from successful request execution time; not measured fleet GPU occupancy
2024-12-04 06:00:00,INPAINTING,0.0,0.0,0.0,,,446,genai_diffusion_serving,single-accelerator-equivalent hours from successful request execution time; not measured fleet GPU occupancy
2024-12-04 06:00:00,TXT_2_IMG,16.0,0.2941666666666667,27.0,25.5,288.25,446,genai_diffusion_serving,single-accelerator-equivalent hours from successful request execution time; not measured fleet GPU occupancy
2024-12-04 07:00:00,IMG_2_IMG,0.0,0.0,0.0,,,447,genai_diffusion_serving,single-accelerator-equivalent hours from successful request execution time; not measured fleet GPU occupancy
2024-12-04 07:00:00,INPAINTING,0.0,0.0,0.0,,,447,genai_diffusion_serving,single-accelerator-equivalent hours from successful request execution time; not measured fleet GPU occupancy
2024-12-04 07:00:00,TXT_2_IMG,11.0,0.15194444444444444,81.0,48.0,72.5,447,genai_diffusion_serving,single-accelerator-equivalent hours from successful request execution time; not measured fleet GPU occupancy
2024-12-04 08:00:00,IMG_2_IMG,3.0,0.011666666666666667,3.0,15.0,15.9,448,genai_diffusion_serving,single-accelerator-equivalent hours from successful request execution time; not measured fleet GPU occupancy
2024-12-04 08:00:00,INPAINTING,0.0,0.0,0.0,,,448,genai_diffusion_serving,single-accelerator-equivalent hours from successful request execution time; not measured fleet GPU occupancy
2024-12-04 08:00:00,TXT_2_IMG,25.0,0.2286111111111111,107.0,30.0,53.8,448,genai_diffusion_serving,single-accelerator-equivalent hours from successful request execution time; not measured fleet GPU occupancy
2024-12-04 09:00:00,IMG_2_IMG,0.0,0.0,0.0,,,449,genai_diffusion_serving,single-accelerator-equivalent hours from successful request execution time; not measured fleet GPU occupancy
2024-12-04 09:00:00,INPAINTING,0.0,0.0,0.0,,,449,genai_diffusion_serving,single-accelerator-equivalent hours from successful request execution time; not measured fleet GPU occupancy
2024-12-04 09:00:00,TXT_2_IMG,0.0,0.0,0.0,,,449,genai_diffusion_serving,single-accelerator-equivalent hours from successful request execution time; not measured fleet GPU occupancy
2024-12-04 10:00:00,IMG_2_IMG,0.0,0.0,0.0,,,450,genai_diffusion_serving,single-accelerator-equivalent hours from successful request execution time; not measured fleet GPU occupancy
2024-12-04 10:00:00,INPAINTING,0.0,0.0,0.0,,,450,genai_diffusion_serving,single-accelerator-equivalent hours from successful request execution time; not measured fleet GPU occupancy
2024-12-04 10:00:00,TXT_2_IMG,0.0,0.0,0.0,,,450,genai_diffusion_serving,single-accelerator-equivalent hours from successful request execution time; not measured fleet GPU occupancy
2024-12-04 11:00:00,IMG_2_IMG,0.0,0.0,0.0,,,451,genai_diffusion_serving,single-accelerator-equivalent hours from successful request execution time; not measured fleet GPU occupancy
2024-12-04 11:00:00,INPAINTING,0.0,0.0,0.0,,,451,genai_diffusion_serving,single-accelerator-equivalent hours from successful request execution time; not measured fleet GPU occupancy
2024-12-04 11:00:00,TXT_2_IMG,0.0,0.0,0.0,,,451,genai_diffusion_serving,single-accelerator-equivalent hours from successful request execution time; not measured fleet GPU occupancy
2024-12-04 12:00:00,IMG_2_IMG,0.0,0.0,0.0,,,452,genai_diffusion_serving,single-accelerator-equivalent hours from successful request execution time; not measured fleet GPU occupancy
2024-12-04 12:00:00,INPAINTING,0.0,0.0,0.0,,,452,genai_diffusion_serving,single-accelerator-equivalent hours from successful request execution time; not measured fleet GPU occupancy
2024-12-04 12:00:00,TXT_2_IMG,0.0,0.0,0.0,,,452,genai_diffusion_serving,single-accelerator-equivalent hours from successful request execution time; not measured fleet GPU occupancy
2024-12-04 13:00:00,IMG_2_IMG,0.0,0.0,0.0,,,453,genai_diffusion_serving,single-accelerator-equivalent hours from successful request execution time; not measured fleet GPU occupancy
2024-12-04 13:00:00,INPAINTING,0.0,0.0,0.0,,,453,genai_diffusion_serving,single-accelerator-equivalent hours from successful request execution time; not measured fleet GPU occupancy
2024-12-04 13:00:00,TXT_2_IMG,0.0,0.0,0.0,,,453,genai_diffusion_serving,single-accelerator-equivalent hours from successful request execution time; not measured fleet GPU occupancy
2024-12-04 14:00:00,IMG_2_IMG,0.0,0.0,0.0,,,454,genai_diffusion_serving,single-accelerator-equivalent hours from successful request execution time; not measured fleet GPU occupancy
2024-12-04 14:00:00,INPAINTING,0.0,0.0,0.0,,,454,genai_diffusion_serving,single-accelerator-equivalent hours from successful request execution time; not measured fleet GPU occupancy
2024-12-04 14:00:00,TXT_2_IMG,0.0,0.0,0.0,,,454,genai_diffusion_serving,single-accelerator-equivalent hours from successful request execution time; not measured fleet GPU occupancy
2024-12-04 15:00:00,IMG_2_IMG,0.0,0.0,0.0,,,455,genai_diffusion_serving,single-accelerator-equivalent hours from successful request execution time; not measured fleet GPU occupancy
2024-12-04 15:00:00,INPAINTING,0.0,0.0,0.0,,,455,genai_diffusion_serving,single-accelerator-equivalent hours from successful request execution time; not measured fleet GPU occupancy
2024-12-04 15:00:00,TXT_2_IMG,0.0,0.0,0.0,,,455,genai_diffusion_serving,single-accelerator-equivalent hours from successful request execution time; not measured fleet GPU occupancy
2024-12-04 16:00:00,IMG_2_IMG,0.0,0.0,0.0,,,456,genai_diffusion_serving,single-accelerator-equivalent hours from successful request execution time; not measured fleet GPU occupancy
2024-12-04 16:00:00,INPAINTING,0.0,0.0,0.0,,,456,genai_diffusion_serving,single-accelerator-equivalent hours from successful request execution time; not measured fleet GPU occupancy
2024-12-04 16:00:00,TXT_2_IMG,28.0,0.26611111111111113,48.0,30.0,62.0,456,genai_diffusion_serving,single-accelerator-equivalent hours from successful request execution time; not measured fleet GPU occupancy
2024-12-04 17:00:00,IMG_2_IMG,44.0,0.46611111111111114,178.0,28.5,81.7,457,genai_diffusion_serving,single-accelerator-equivalent hours from successful request execution time; not measured fleet GPU occupancy
2024-12-04 17:00:00,INPAINTING,4.0,0.028333333333333335,7.0,25.0,34.25,457,genai_diffusion_serving,single-accelerator-equivalent hours from successful request execution time; not measured fleet GPU occupancy
2024-12-04 17:00:00,TXT_2_IMG,203.0,1.7036111111111112,635.0,23.0,80.0,457,genai_diffusion_serving,single-accelerator-equivalent hours from successful request execution time; not measured fleet GPU occupancy
2024-12-04 18:00:00,IMG_2_IMG,65.0,0.6194444444444445,265.0,28.0,67.19999999999999,458,genai_diffusion_serving,single-accelerator-equivalent hours from successful request execution time; not measured fleet GPU occupancy
2024-12-04 18:00:00,INPAINTING,0.0,0.0,0.0,,,458,genai_diffusion_serving,single-accelerator-equivalent hours from successful request execution time; not measured fleet GPU occupancy
2024-12-04 18:00:00,TXT_2_IMG,240.0,2.5322222222222224,883.0,31.0,90.09999999999997,458,genai_diffusion_serving,single-accelerator-equivalent hours from successful request execution time; not measured fleet GPU occupancy
2024-12-04 19:00:00,IMG_2_IMG,20.0,0.31916666666666665,97.0,58.5,106.0,459,genai_diffusion_serving,single-accelerator-equivalent hours from successful request execution time; not measured fleet GPU occupancy
2024-12-04 19:00:00,INPAINTING,7.0,0.03194444444444444,7.0,16.0,20.099999999999998,459,genai_diffusion_serving,single-accelerator-equivalent hours from successful request execution time; not measured fleet GPU occupancy
2024-12-04 19:00:00,TXT_2_IMG,84.0,1.126111111111111,315.0,40.5,118.0,459,genai_diffusion_serving,single-accelerator-equivalent hours from successful request execution time; not measured fleet GPU occupancy
2024-12-04 20:00:00,IMG_2_IMG,5.0,0.056666666666666664,8.0,32.0,64.8,460,genai_diffusion_serving,single-accelerator-equivalent hours from successful request execution time; not measured fleet GPU occupancy
2024-12-04 20:00:00,INPAINTING,2.0,0.02527777777777778,16.0,45.5,47.75,460,genai_diffusion_serving,single-accelerator-equivalent hours from successful request execution time; not measured fleet GPU occupancy
2024-12-04 20:00:00,TXT_2_IMG,66.0,0.6813888888888889,176.0,30.0,89.5,460,genai_diffusion_serving,single-accelerator-equivalent hours from successful request execution time; not measured fleet GPU occupancy
2024-12-04 21:00:00,IMG_2_IMG,60.0,0.8944444444444445,194.0,33.0,106.05,461,genai_diffusion_serving,single-accelerator-equivalent hours from successful request execution time; not measured fleet GPU occupancy
2024-12-04 21:00:00,INPAINTING,1.0,0.008055555555555555,2.0,29.0,29.0,461,genai_diffusion_serving,single-accelerator-equivalent hours from successful request execution time; not measured fleet GPU occupancy
2024-12-04 21:00:00,TXT_2_IMG,178.0,1.9894444444444443,432.0,27.0,107.15,461,genai_diffusion_serving,single-accelerator-equivalent hours from successful request execution time; not measured fleet GPU occupancy
2024-12-04 22:00:00,IMG_2_IMG,12.0,0.16916666666666666,26.0,27.0,111.99999999999999,462,genai_diffusion_serving,single-accelerator-equivalent hours from successful request execution time; not measured fleet GPU occupancy
2024-12-04 22:00:00,INPAINTING,0.0,0.0,0.0,,,462,genai_diffusion_serving,single-accelerator-equivalent hours from successful request execution time; not measured fleet GPU occupancy
2024-12-04 22:00:00,TXT_2_IMG,199.0,2.0547222222222223,514.0,25.0,107.19999999999999,462,genai_diffusion_serving,single-accelerator-equivalent hours from successful request execution time; not measured fleet GPU occupancy
2024-12-04 23:00:00,IMG_2_IMG,7.0,0.10888888888888888,35.0,51.0,111.29999999999998,463,genai_diffusion_serving,single-accelerator-equivalent hours from successful request execution time; not measured fleet GPU occupancy
2024-12-04 23:00:00,INPAINTING,0.0,0.0,0.0,,,463,genai_diffusion_serving,single-accelerator-equivalent hours from successful request execution time; not measured fleet GPU occupancy
2024-12-04 23:00:00,TXT_2_IMG,283.0,2.6372222222222224,816.0,24.0,105.89999999999998,463,genai_diffusion_serving,single-accelerator-equivalent hours from successful request execution time; not measured fleet GPU occupancy
2024-12-05 00:00:00,IMG_2_IMG,19.0,0.19777777777777777,57.0,24.0,97.99999999999997,464,genai_diffusion_serving,single-accelerator-equivalent hours from successful request execution time; not measured fleet GPU occupancy
2024-12-05 00:00:00,INPAINTING,0.0,0.0,0.0,,,464,genai_diffusion_serving,single-accelerator-equivalent hours from successful request execution time; not measured fleet GPU occupancy
2024-12-05 00:00:00,TXT_2_IMG,276.0,2.0808333333333335,711.0,22.5,59.25,464,genai_diffusion_serving,single-accelerator-equivalent hours from successful request execution time; not measured fleet GPU occupancy
2024-12-05 01:00:00,IMG_2_IMG,23.0,0.29444444444444445,103.0,27.0,98.69999999999999,465,genai_diffusion_serving,single-accelerator-equivalent hours from successful request execution time; not measured fleet GPU occupancy
2024-12-05 01:00:00,INPAINTING,0.0,0.0,0.0,,,465,genai_diffusion_serving,single-accelerator-equivalent hours from successful request execution time; not measured fleet GPU occupancy
2024-12-05 01:00:00,TXT_2_IMG,96.0,0.9008333333333334,221.0,25.0,78.5,465,genai_diffusion_serving,single-accelerator-equivalent hours from successful request execution time; not measured fleet GPU occupancy
2024-12-05 02:00:00,IMG_2_IMG,8.0,0.13944444444444443,36.0,71.5,105.89999999999999,466,genai_diffusion_serving,single-accelerator-equivalent hours from successful request execution time; not measured fleet GPU occupancy
2024-12-05 02:00:00,INPAINTING,6.0,0.08944444444444445,48.0,57.5,63.0,466,genai_diffusion_serving,single-accelerator-equivalent hours from successful request execution time; not measured fleet GPU occupancy
2024-12-05 02:00:00,TXT_2_IMG,136.0,1.6747222222222222,421.0,38.0,99.0,466,genai_diffusion_serving,single-accelerator-equivalent hours from successful request execution time; not measured fleet GPU occupancy
2024-12-05 03:00:00,IMG_2_IMG,8.0,0.18916666666666668,50.0,97.5,119.25,467,genai_diffusion_serving,single-accelerator-equivalent hours from successful request execution time; not measured fleet GPU occupancy
2024-12-05 03:00:00,INPAINTING,0.0,0.0,0.0,,,467,genai_diffusion_serving,single-accelerator-equivalent hours from successful request execution time; not measured fleet GPU occupancy
2024-12-05 03:00:00,TXT_2_IMG,174.0,1.9144444444444444,487.0,33.0,85.35,467,genai_diffusion_serving,single-accelerator-equivalent hours from successful request execution time; not measured fleet GPU occupancy
2024-12-05 04:00:00,IMG_2_IMG,8.0,0.10361111111111111,21.0,38.0,87.8,468,genai_diffusion_serving,single-accelerator-equivalent hours from successful request execution time; not measured fleet GPU occupancy
2024-12-05 04:00:00,INPAINTING,0.0,0.0,0.0,,,468,genai_diffusion_serving,single-accelerator-equivalent hours from successful request execution time; not measured fleet GPU occupancy
2024-12-05 04:00:00,TXT_2_IMG,91.0,1.1869444444444444,288.0,36.0,102.0,468,genai_diffusion_serving,single-accelerator-equivalent hours from successful request execution time; not measured fleet GPU occupancy
2024-12-05 05:00:00,IMG_2_IMG,10.0,0.14416666666666667,74.0,42.5,85.1,469,genai_diffusion_serving,single-accelerator-equivalent hours from successful request execution time; not measured fleet GPU occupancy
2024-12-05 05:00:00,INPAINTING,0.0,0.0,0.0,,,469,genai_diffusion_serving,single-accelerator-equivalent hours from successful request execution time; not measured fleet GPU occupancy
2024-12-05 05:00:00,TXT_2_IMG,21.0,0.31333333333333335,81.0,44.0,107.0,469,genai_diffusion_serving,single-accelerator-equivalent hours from successful request execution time; not measured fleet GPU occupancy
2024-12-05 06:00:00,IMG_2_IMG,9.0,0.06527777777777778,72.0,25.0,31.0,470,genai_diffusion_serving,single-accelerator-equivalent hours from successful request execution time; not measured fleet GPU occupancy
2024-12-05 06:00:00,INPAINTING,0.0,0.0,0.0,,,470,genai_diffusion_serving,single-accelerator-equivalent hours from successful request execution time; not measured fleet GPU occupancy
2024-12-05 06:00:00,TXT_2_IMG,19.0,0.28944444444444445,61.0,64.0,97.59999999999997,470,genai_diffusion_serving,single-accelerator-equivalent hours from successful request execution time; not measured fleet GPU occupancy
2024-12-05 07:00:00,IMG_2_IMG,7.0,0.03638888888888889,7.0,20.0,26.199999999999996,471,genai_diffusion_serving,single-accelerator-equivalent hours from successful request execution time; not measured fleet GPU occupancy
2024-12-05 07:00:00,INPAINTING,0.0,0.0,0.0,,,471,genai_diffusion_serving,single-accelerator-equivalent hours from successful request execution time; not measured fleet GPU occupancy
2024-12-05 07:00:00,TXT_2_IMG,8.0,0.06194444444444445,15.0,22.5,48.74999999999999,471,genai_diffusion_serving,single-accelerator-equivalent hours from successful request execution time; not measured fleet GPU occupancy
2024-12-05 08:00:00,IMG_2_IMG,0.0,0.0,0.0,,,472,genai_diffusion_serving,single-accelerator-equivalent hours from successful request execution time; not measured fleet GPU occupancy
2024-12-05 08:00:00,INPAINTING,0.0,0.0,0.0,,,472,genai_diffusion_serving,single-accelerator-equivalent hours from successful request execution time; not measured fleet GPU occupancy
2024-12-05 08:00:00,TXT_2_IMG,4.0,0.05638888888888889,25.0,52.5,70.75,472,genai_diffusion_serving,single-accelerator-equivalent hours from successful request execution time; not measured fleet GPU occupancy
2024-12-05 09:00:00,IMG_2_IMG,0.0,0.0,0.0,,,473,genai_diffusion_serving,single-accelerator-equivalent hours from successful request execution time; not measured fleet GPU occupancy
2024-12-05 09:00:00,INPAINTING,0.0,0.0,0.0,,,473,genai_diffusion_serving,single-accelerator-equivalent hours from successful request execution time; not measured fleet GPU occupancy
2024-12-05 09:00:00,TXT_2_IMG,0.0,0.0,0.0,,,473,genai_diffusion_serving,single-accelerator-equivalent hours from successful request execution time; not measured fleet GPU occupancy
2024-12-05 10:00:00,IMG_2_IMG,0.0,0.0,0.0,,,474,genai_diffusion_serving,single-accelerator-equivalent hours from successful request execution time; not measured fleet GPU occupancy
2024-12-05 10:00:00,INPAINTING,0.0,0.0,0.0,,,474,genai_diffusion_serving,single-accelerator-equivalent hours from successful request execution time; not measured fleet GPU occupancy
2024-12-05 10:00:00,TXT_2_IMG,0.0,0.0,0.0,,,474,genai_diffusion_serving,single-accelerator-equivalent hours from successful request execution time; not measured fleet GPU occupancy
2024-12-05 11:00:00,IMG_2_IMG,0.0,0.0,0.0,,,475,genai_diffusion_serving,single-accelerator-equivalent hours from successful request execution time; not measured fleet GPU occupancy
2024-12-05 11:00:00,INPAINTING,0.0,0.0,0.0,,,475,genai_diffusion_serving,single-accelerator-equivalent hours from successful request execution time; not measured fleet GPU occupancy
2024-12-05 11:00:00,TXT_2_IMG,0.0,0.0,0.0,,,475,genai_diffusion_serving,single-accelerator-equivalent hours from successful request execution time; not measured fleet GPU occupancy
2024-12-05 12:00:00,IMG_2_IMG,0.0,0.0,0.0,,,476,genai_diffusion_serving,single-accelerator-equivalent hours from successful request execution time; not measured fleet GPU occupancy
2024-12-05 12:00:00,INPAINTING,0.0,0.0,0.0,,,476,genai_diffusion_serving,single-accelerator-equivalent hours from successful request execution time; not measured fleet GPU occupancy
2024-12-05 12:00:00,TXT_2_IMG,0.0,0.0,0.0,,,476,genai_diffusion_serving,single-accelerator-equivalent hours from successful request execution time; not measured fleet GPU occupancy
2024-12-05 13:00:00,IMG_2_IMG,0.0,0.0,0.0,,,477,genai_diffusion_serving,single-accelerator-equivalent hours from successful request execution time; not measured fleet GPU occupancy
2024-12-05 13:00:00,INPAINTING,0.0,0.0,0.0,,,477,genai_diffusion_serving,single-accelerator-equivalent hours from successful request execution time; not measured fleet GPU occupancy
2024-12-05 13:00:00,TXT_2_IMG,0.0,0.0,0.0,,,477,genai_diffusion_serving,single-accelerator-equivalent hours from successful request execution time; not measured fleet GPU occupancy
2024-12-05 14:00:00,IMG_2_IMG,0.0,0.0,0.0,,,478,genai_diffusion_serving,single-accelerator-equivalent hours from successful request execution time; not measured fleet GPU occupancy
2024-12-05 14:00:00,INPAINTING,0.0,0.0,0.0,,,478,genai_diffusion_serving,single-accelerator-equivalent hours from successful request execution time; not measured fleet GPU occupancy
2024-12-05 14:00:00,TXT_2_IMG,0.0,0.0,0.0,,,478,genai_diffusion_serving,single-accelerator-equivalent hours from successful request execution time; not measured fleet GPU occupancy
2024-12-05 15:00:00,IMG_2_IMG,0.0,0.0,0.0,,,479,genai_diffusion_serving,single-accelerator-equivalent hours from successful request execution time; not measured fleet GPU occupancy
2024-12-05 15:00:00,INPAINTING,0.0,0.0,0.0,,,479,genai_diffusion_serving,single-accelerator-equivalent hours from successful request execution time; not measured fleet GPU occupancy
2024-12-05 15:00:00,TXT_2_IMG,0.0,0.0,0.0,,,479,genai_diffusion_serving,single-accelerator-equivalent hours from successful request execution time; not measured fleet GPU occupancy
2024-12-05 16:00:00,IMG_2_IMG,4.0,0.030555555555555555,25.0,27.0,29.7,480,genai_diffusion_serving,single-accelerator-equivalent hours from successful request execution time; not measured fleet GPU occupancy
2024-12-05 16:00:00,INPAINTING,0.0,0.0,0.0,,,480,genai_diffusion_serving,single-accelerator-equivalent hours from successful request execution time; not measured fleet GPU occupancy
2024-12-05 16:00:00,TXT_2_IMG,65.0,0.5097222222222222,109.0,20.0,106.39999999999999,480,genai_diffusion_serving,single-accelerator-equivalent hours from successful request execution time; not measured fleet GPU occupancy
2024-12-05 17:00:00,IMG_2_IMG,14.0,0.1386111111111111,25.0,29.5,69.75,481,genai_diffusion_serving,single-accelerator-equivalent hours from successful request execution time; not measured fleet GPU occupancy
2024-12-05 17:00:00,INPAINTING,0.0,0.0,0.0,,,481,genai_diffusion_serving,single-accelerator-equivalent hours from successful request execution time; not measured fleet GPU occupancy
2024-12-05 17:00:00,TXT_2_IMG,194.0,2.065,387.0,27.0,92.69999999999999,481,genai_diffusion_serving,single-accelerator-equivalent hours from successful request execution time; not measured fleet GPU occupancy
2024-12-05 18:00:00,IMG_2_IMG,13.0,0.14583333333333334,55.0,33.0,73.59999999999998,482,genai_diffusion_serving,single-accelerator-equivalent hours from successful request execution time; not measured fleet GPU occupancy
2024-12-05 18:00:00,INPAINTING,0.0,0.0,0.0,,,482,genai_diffusion_serving,single-accelerator-equivalent hours from successful request execution time; not measured fleet GPU occupancy
2024-12-05 18:00:00,TXT_2_IMG,223.0,2.2802777777777776,491.0,28.0,87.69999999999993,482,genai_diffusion_serving,single-accelerator-equivalent hours from successful request execution time; not measured fleet GPU occupancy
2024-12-05 19:00:00,IMG_2_IMG,5.0,0.10250000000000001,8.0,73.0,112.39999999999999,483,genai_diffusion_serving,single-accelerator-equivalent hours from successful request execution time; not measured fleet GPU occupancy
2024-12-05 19:00:00,INPAINTING,0.0,0.0,0.0,,,483,genai_diffusion_serving,single-accelerator-equivalent hours from successful request execution time; not measured fleet GPU occupancy
2024-12-05 19:00:00,TXT_2_IMG,23.0,0.13416666666666666,72.0,20.0,31.0,483,genai_diffusion_serving,single-accelerator-equivalent hours from successful request execution time; not measured fleet GPU occupancy
2024-12-05 20:00:00,IMG_2_IMG,4.0,0.05888888888888889,6.0,51.0,86.5,484,genai_diffusion_serving,single-accelerator-equivalent hours from successful request execution time; not measured fleet GPU occupancy
2024-12-05 20:00:00,INPAINTING,0.0,0.0,0.0,,,484,genai_diffusion_serving,single-accelerator-equivalent hours from successful request execution time; not measured fleet GPU occupancy
2024-12-05 20:00:00,TXT_2_IMG,56.0,0.3627777777777778,92.0,20.5,44.75,484,genai_diffusion_serving,single-accelerator-equivalent hours from successful request execution time; not measured fleet GPU occupancy
2024-12-05 21:00:00,IMG_2_IMG,31.0,0.3105555555555556,93.0,23.0,91.0,485,genai_diffusion_serving,single-accelerator-equivalent hours from successful request execution time; not measured fleet GPU occupancy
2024-12-05 21:00:00,INPAINTING,0.0,0.0,0.0,,,485,genai_diffusion_serving,single-accelerator-equivalent hours from successful request execution time; not measured fleet GPU occupancy
2024-12-05 21:00:00,TXT_2_IMG,295.0,2.3325,609.0,23.0,64.30000000000001,485,genai_diffusion_serving,single-accelerator-equivalent hours from successful request execution time; not measured fleet GPU occupancy
2024-12-05 22:00:00,IMG_2_IMG,30.0,0.2925,96.0,25.0,78.49999999999997,486,genai_diffusion_serving,single-accelerator-equivalent hours from successful request execution time; not measured fleet GPU occupancy
2024-12-05 22:00:00,INPAINTING,0.0,0.0,0.0,,,486,genai_diffusion_serving,single-accelerator-equivalent hours from successful request execution time; not measured fleet GPU occupancy
2024-12-05 22:00:00,TXT_2_IMG,255.0,1.9016666666666666,661.0,22.0,65.29999999999998,486,genai_diffusion_serving,single-accelerator-equivalent hours from successful request execution time; not measured fleet GPU occupancy
2024-12-05 23:00:00,IMG_2_IMG,31.0,0.285,97.0,28.0,61.0,487,genai_diffusion_serving,single-accelerator-equivalent hours from successful request execution time; not measured fleet GPU occupancy
2024-12-05 23:00:00,INPAINTING,0.0,0.0,0.0,,,487,genai_diffusion_serving,single-accelerator-equivalent hours from successful request execution time; not measured fleet GPU occupancy
2024-12-05 23:00:00,TXT_2_IMG,308.0,2.343611111111111,731.0,25.0,48.64999999999998,487,genai_diffusion_serving,single-accelerator-equivalent hours from successful request execution time; not measured fleet GPU occupancy
2024-12-06 00:00:00,IMG_2_IMG,35.0,0.22666666666666668,91.0,22.0,56.599999999999994,488,genai_diffusion_serving,single-accelerator-equivalent hours from successful request execution time; not measured fleet GPU occupancy
2024-12-06 00:00:00,INPAINTING,6.0,0.06166666666666667,41.0,38.0,49.0,488,genai_diffusion_serving,single-accelerator-equivalent hours from successful request execution time; not measured fleet GPU occupancy
2024-12-06 00:00:00,TXT_2_IMG,394.0,2.2508333333333335,645.0,17.0,48.0,488,genai_diffusion_serving,single-accelerator-equivalent hours from successful request execution time; not measured fleet GPU occupancy
2024-12-06 01:00:00,IMG_2_IMG,4.0,0.0425,6.0,35.5,68.05,489,genai_diffusion_serving,single-accelerator-equivalent hours from successful request execution time; not measured fleet GPU occupancy
2024-12-06 01:00:00,INPAINTING,0.0,0.0,0.0,,,489,genai_diffusion_serving,single-accelerator-equivalent hours from successful request execution time; not measured fleet GPU occupancy
2024-12-06 01:00:00,TXT_2_IMG,102.0,0.6972222222222222,184.0,23.0,48.94999999999999,489,genai_diffusion_serving,single-accelerator-equivalent hours from successful request execution time; not measured fleet GPU occupancy
2024-12-06 02:00:00,IMG_2_IMG,4.0,0.043611111111111114,6.0,38.0,73.95,490,genai_diffusion_serving,single-accelerator-equivalent hours from successful request execution time; not measured fleet GPU occupancy
2024-12-06 02:00:00,INPAINTING,0.0,0.0,0.0,,,490,genai_diffusion_serving,single-accelerator-equivalent hours from successful request execution time; not measured fleet GPU occupancy
2024-12-06 02:00:00,TXT_2_IMG,38.0,0.22333333333333333,72.0,19.5,37.449999999999996,490,genai_diffusion_serving,single-accelerator-equivalent hours from successful request execution time; not measured fleet GPU occupancy
2024-12-06 03:00:00,IMG_2_IMG,6.0,0.05388888888888889,8.0,23.0,61.75,491,genai_diffusion_serving,single-accelerator-equivalent hours from successful request execution time; not measured fleet GPU occupancy
2024-12-06 03:00:00,INPAINTING,1.0,0.004166666666666667,1.0,15.0,15.0,491,genai_diffusion_serving,single-accelerator-equivalent hours from successful request execution time; not measured fleet GPU occupancy
2024-12-06 03:00:00,TXT_2_IMG,16.0,0.0938888888888889,36.0,21.0,38.0,491,genai_diffusion_serving,single-accelerator-equivalent hours from successful request execution time; not measured fleet GPU occupancy
2024-12-06 04:00:00,IMG_2_IMG,0.0,0.0,0.0,,,492,genai_diffusion_serving,single-accelerator-equivalent hours from successful request execution time; not measured fleet GPU occupancy
2024-12-06 04:00:00,INPAINTING,0.0,0.0,0.0,,,492,genai_diffusion_serving,single-accelerator-equivalent hours from successful request execution time; not measured fleet GPU occupancy
2024-12-06 04:00:00,TXT_2_IMG,24.0,0.14083333333333334,67.0,21.0,40.74999999999997,492,genai_diffusion_serving,single-accelerator-equivalent hours from successful request execution time; not measured fleet GPU occupancy
2024-12-06 05:00:00,IMG_2_IMG,1.0,0.024166666666666666,1.0,87.0,87.0,493,genai_diffusion_serving,single-accelerator-equivalent hours from successful request execution time; not measured fleet GPU occupancy
2024-12-06 05:00:00,INPAINTING,0.0,0.0,0.0,,,493,genai_diffusion_serving,single-accelerator-equivalent hours from successful request execution time; not measured fleet GPU occupancy
2024-12-06 05:00:00,TXT_2_IMG,2.0,0.0125,12.0,22.5,24.75,493,genai_diffusion_serving,single-accelerator-equivalent hours from successful request execution time; not measured fleet GPU occupancy
2024-12-06 06:00:00,IMG_2_IMG,0.0,0.0,0.0,,,494,genai_diffusion_serving,single-accelerator-equivalent hours from successful request execution time; not measured fleet GPU occupancy
2024-12-06 06:00:00,INPAINTING,0.0,0.0,0.0,,,494,genai_diffusion_serving,single-accelerator-equivalent hours from successful request execution time; not measured fleet GPU occupancy
2024-12-06 06:00:00,TXT_2_IMG,11.0,0.07472222222222222,20.0,21.0,37.0,494,genai_diffusion_serving,single-accelerator-equivalent hours from successful request execution time; not measured fleet GPU occupancy
2024-12-06 07:00:00,IMG_2_IMG,1.0,0.0030555555555555557,1.0,11.0,11.0,495,genai_diffusion_serving,single-accelerator-equivalent hours from successful request execution time; not measured fleet GPU occupancy
2024-12-06 07:00:00,INPAINTING,0.0,0.0,0.0,,,495,genai_diffusion_serving,single-accelerator-equivalent hours from successful request execution time; not measured fleet GPU occupancy
2024-12-06 07:00:00,TXT_2_IMG,7.0,0.03861111111111111,7.0,17.0,36.79999999999998,495,genai_diffusion_serving,single-accelerator-equivalent hours from successful request execution time; not measured fleet GPU occupancy
2024-12-06 08:00:00,IMG_2_IMG,0.0,0.0,0.0,,,496,genai_diffusion_serving,single-accelerator-equivalent hours from successful request execution time; not measured fleet GPU occupancy
2024-12-06 08:00:00,INPAINTING,0.0,0.0,0.0,,,496,genai_diffusion_serving,single-accelerator-equivalent hours from successful request execution time; not measured fleet GPU occupancy
2024-12-06 08:00:00,TXT_2_IMG,0.0,0.0,0.0,,,496,genai_diffusion_serving,single-accelerator-equivalent hours from successful request execution time; not measured fleet GPU occupancy
2024-12-06 09:00:00,IMG_2_IMG,0.0,0.0,0.0,,,497,genai_diffusion_serving,single-accelerator-equivalent hours from successful request execution time; not measured fleet GPU occupancy
2024-12-06 09:00:00,INPAINTING,0.0,0.0,0.0,,,497,genai_diffusion_serving,single-accelerator-equivalent hours from successful request execution time; not measured fleet GPU occupancy
2024-12-06 09:00:00,TXT_2_IMG,1.0,0.005833333333333334,1.0,21.0,21.0,497,genai_diffusion_serving,single-accelerator-equivalent hours from successful request execution time; not measured fleet GPU occupancy
2024-12-06 10:00:00,IMG_2_IMG,0.0,0.0,0.0,,,498,genai_diffusion_serving,single-accelerator-equivalent hours from successful request execution time; not measured fleet GPU occupancy
2024-12-06 10:00:00,INPAINTING,0.0,0.0,0.0,,,498,genai_diffusion_serving,single-accelerator-equivalent hours from successful request execution time; not measured fleet GPU occupancy
2024-12-06 10:00:00,TXT_2_IMG,0.0,0.0,0.0,,,498,genai_diffusion_serving,single-accelerator-equivalent hours from successful request execution time; not measured fleet GPU occupancy
2024-12-06 11:00:00,IMG_2_IMG,0.0,0.0,0.0,,,499,genai_diffusion_serving,single-accelerator-equivalent hours from successful request execution time; not measured fleet GPU occupancy
2024-12-06 11:00:00,INPAINTING,0.0,0.0,0.0,,,499,genai_diffusion_serving,single-accelerator-equivalent hours from successful request execution time; not measured fleet GPU occupancy
2024-12-06 11:00:00,TXT_2_IMG,0.0,0.0,0.0,,,499,genai_diffusion_serving,single-accelerator-equivalent hours from successful request execution time; not measured fleet GPU occupancy
2024-12-06 12:00:00,IMG_2_IMG,0.0,0.0,0.0,,,500,genai_diffusion_serving,single-accelerator-equivalent hours from successful request execution time; not measured fleet GPU occupancy
2024-12-06 12:00:00,INPAINTING,0.0,0.0,0.0,,,500,genai_diffusion_serving,single-accelerator-equivalent hours from successful request execution time; not measured fleet GPU occupancy
2024-12-06 12:00:00,TXT_2_IMG,0.0,0.0,0.0,,,500,genai_diffusion_serving,single-accelerator-equivalent hours from successful request execution time; not measured fleet GPU occupancy
2024-12-06 13:00:00,IMG_2_IMG,0.0,0.0,0.0,,,501,genai_diffusion_serving,single-accelerator-equivalent hours from successful request execution time; not measured fleet GPU occupancy
2024-12-06 13:00:00,INPAINTING,0.0,0.0,0.0,,,501,genai_diffusion_serving,single-accelerator-equivalent hours from successful request execution time; not measured fleet GPU occupancy
2024-12-06 13:00:00,TXT_2_IMG,0.0,0.0,0.0,,,501,genai_diffusion_serving,single-accelerator-equivalent hours from successful request execution time; not measured fleet GPU occupancy
2024-12-06 14:00:00,IMG_2_IMG,0.0,0.0,0.0,,,502,genai_diffusion_serving,single-accelerator-equivalent hours from successful request execution time; not measured fleet GPU occupancy
2024-12-06 14:00:00,INPAINTING,0.0,0.0,0.0,,,502,genai_diffusion_serving,single-accelerator-equivalent hours from successful request execution time; not measured fleet GPU occupancy
2024-12-06 14:00:00,TXT_2_IMG,0.0,0.0,0.0,,,502,genai_diffusion_serving,single-accelerator-equivalent hours from successful request execution time; not measured fleet GPU occupancy
2024-12-06 15:00:00,IMG_2_IMG,0.0,0.0,0.0,,,503,genai_diffusion_serving,single-accelerator-equivalent hours from successful request execution time; not measured fleet GPU occupancy
2024-12-06 15:00:00,INPAINTING,0.0,0.0,0.0,,,503,genai_diffusion_serving,single-accelerator-equivalent hours from successful request execution time; not measured fleet GPU occupancy
2024-12-06 15:00:00,TXT_2_IMG,0.0,0.0,0.0,,,503,genai_diffusion_serving,single-accelerator-equivalent hours from successful request execution time; not measured fleet GPU occupancy
2024-12-06 16:00:00,IMG_2_IMG,0.0,0.0,0.0,,,504,genai_diffusion_serving,single-accelerator-equivalent hours from successful request execution time; not measured fleet GPU occupancy
2024-12-06 16:00:00,INPAINTING,0.0,0.0,0.0,,,504,genai_diffusion_serving,single-accelerator-equivalent hours from successful request execution time; not measured fleet GPU occupancy
2024-12-06 16:00:00,TXT_2_IMG,1.0,0.009444444444444445,1.0,34.0,34.0,504,genai_diffusion_serving,single-accelerator-equivalent hours from successful request execution time; not measured fleet GPU occupancy
2024-12-06 17:00:00,IMG_2_IMG,2.0,0.01583333333333333,2.0,28.5,28.95,505,genai_diffusion_serving,single-accelerator-equivalent hours from successful request execution time; not measured fleet GPU occupancy
2024-12-06 17:00:00,INPAINTING,0.0,0.0,0.0,,,505,genai_diffusion_serving,single-accelerator-equivalent hours from successful request execution time; not measured fleet GPU occupancy
2024-12-06 17:00:00,TXT_2_IMG,6.0,0.04666666666666667,20.0,31.5,35.75,505,genai_diffusion_serving,single-accelerator-equivalent hours from successful request execution time; not measured fleet GPU occupancy
2024-12-06 18:00:00,IMG_2_IMG,0.0,0.0,0.0,,,506,genai_diffusion_serving,single-accelerator-equivalent hours from successful request execution time; not measured fleet GPU occupancy
2024-12-06 18:00:00,INPAINTING,0.0,0.0,0.0,,,506,genai_diffusion_serving,single-accelerator-equivalent hours from successful request execution time; not measured fleet GPU occupancy
2024-12-06 18:00:00,TXT_2_IMG,38.0,0.22444444444444445,97.0,22.5,30.0,506,genai_diffusion_serving,single-accelerator-equivalent hours from successful request execution time; not measured fleet GPU occupancy
2024-12-06 19:00:00,IMG_2_IMG,9.0,0.05416666666666667,58.0,21.0,26.799999999999997,507,genai_diffusion_serving,single-accelerator-equivalent hours from successful request execution time; not measured fleet GPU occupancy
2024-12-06 19:00:00,INPAINTING,0.0,0.0,0.0,,,507,genai_diffusion_serving,single-accelerator-equivalent hours from successful request execution time; not measured fleet GPU occupancy
2024-12-06 19:00:00,TXT_2_IMG,28.0,0.17305555555555555,134.0,22.5,35.89999999999999,507,genai_diffusion_serving,single-accelerator-equivalent hours from successful request execution time; not measured fleet GPU occupancy
2024-12-06 20:00:00,IMG_2_IMG,5.0,0.04111111111111111,19.0,28.0,38.2,508,genai_diffusion_serving,single-accelerator-equivalent hours from successful request execution time; not measured fleet GPU occupancy
2024-12-06 20:00:00,INPAINTING,2.0,0.01888888888888889,2.0,34.0,34.0,508,genai_diffusion_serving,single-accelerator-equivalent hours from successful request execution time; not measured fleet GPU occupancy
2024-12-06 20:00:00,TXT_2_IMG,39.0,0.22416666666666668,199.0,21.0,31.400000000000006,508,genai_diffusion_serving,single-accelerator-equivalent hours from successful request execution time; not measured fleet GPU occupancy
2024-12-06 21:00:00,IMG_2_IMG,13.0,0.08750000000000001,104.0,22.0,40.8,509,genai_diffusion_serving,single-accelerator-equivalent hours from successful request execution time; not measured fleet GPU occupancy
2024-12-06 21:00:00,INPAINTING,0.0,0.0,0.0,,,509,genai_diffusion_serving,single-accelerator-equivalent hours from successful request execution time; not measured fleet GPU occupancy
2024-12-06 21:00:00,TXT_2_IMG,18.0,0.1297222222222222,54.0,22.5,49.449999999999996,509,genai_diffusion_serving,single-accelerator-equivalent hours from successful request execution time; not measured fleet GPU occupancy
2024-12-06 22:00:00,IMG_2_IMG,13.0,0.09222222222222222,104.0,22.0,41.8,510,genai_diffusion_serving,single-accelerator-equivalent hours from successful request execution time; not measured fleet GPU occupancy
2024-12-06 22:00:00,INPAINTING,0.0,0.0,0.0,,,510,genai_diffusion_serving,single-accelerator-equivalent hours from successful request execution time; not measured fleet GPU occupancy
2024-12-06 22:00:00,TXT_2_IMG,30.0,0.17527777777777778,79.0,20.0,31.099999999999994,510,genai_diffusion_serving,single-accelerator-equivalent hours from successful request execution time; not measured fleet GPU occupancy
2024-12-06 23:00:00,IMG_2_IMG,6.0,0.04027777777777778,48.0,24.0,29.0,511,genai_diffusion_serving,single-accelerator-equivalent hours from successful request execution time; not measured fleet GPU occupancy
2024-12-06 23:00:00,INPAINTING,0.0,0.0,0.0,,,511,genai_diffusion_serving,single-accelerator-equivalent hours from successful request execution time; not measured fleet GPU occupancy
2024-12-06 23:00:00,TXT_2_IMG,29.0,0.2125,176.0,29.0,33.0,511,genai_diffusion_serving,single-accelerator-equivalent hours from successful request execution time; not measured fleet GPU occupancy
2024-12-07 00:00:00,IMG_2_IMG,5.0,0.020833333333333332,17.0,15.0,19.4,512,genai_diffusion_serving,single-accelerator-equivalent hours from successful request execution time; not measured fleet GPU occupancy
2024-12-07 00:00:00,INPAINTING,0.0,0.0,0.0,,,512,genai_diffusion_serving,single-accelerator-equivalent hours from successful request execution time; not measured fleet GPU occupancy
2024-12-07 00:00:00,TXT_2_IMG,62.0,0.39416666666666667,391.0,20.0,32.949999999999996,512,genai_diffusion_serving,single-accelerator-equivalent hours from successful request execution time; not measured fleet GPU occupancy
2024-12-07 01:00:00,IMG_2_IMG,1.0,0.002777777777777778,1.0,10.0,10.0,513,genai_diffusion_serving,single-accelerator-equivalent hours from successful request execution time; not measured fleet GPU occupancy
2024-12-07 01:00:00,INPAINTING,0.0,0.0,0.0,,,513,genai_diffusion_serving,single-accelerator-equivalent hours from successful request execution time; not measured fleet GPU occupancy
2024-12-07 01:00:00,TXT_2_IMG,60.0,0.6975,383.0,42.0,87.1,513,genai_diffusion_serving,single-accelerator-equivalent hours from successful request execution time; not measured fleet GPU occupancy
2024-12-07 02:00:00,IMG_2_IMG,0.0,0.0,0.0,,,514,genai_diffusion_serving,single-accelerator-equivalent hours from successful request execution time; not measured fleet GPU occupancy
2024-12-07 02:00:00,INPAINTING,0.0,0.0,0.0,,,514,genai_diffusion_serving,single-accelerator-equivalent hours from successful request execution time; not measured fleet GPU occupancy
2024-12-07 02:00:00,TXT_2_IMG,46.0,0.5675,173.0,41.0,89.25,514,genai_diffusion_serving,single-accelerator-equivalent hours from successful request execution time; not measured fleet GPU occupancy
2024-12-07 03:00:00,IMG_2_IMG,1.0,0.005833333333333334,8.0,21.0,21.0,515,genai_diffusion_serving,single-accelerator-equivalent hours from successful request execution time; not measured fleet GPU occupancy
2024-12-07 03:00:00,INPAINTING,0.0,0.0,0.0,,,515,genai_diffusion_serving,single-accelerator-equivalent hours from successful request execution time; not measured fleet GPU occupancy
2024-12-07 03:00:00,TXT_2_IMG,53.0,0.5138888888888888,308.0,31.0,60.0,515,genai_diffusion_serving,single-accelerator-equivalent hours from successful request execution time; not measured fleet GPU occupancy
2024-12-07 04:00:00,IMG_2_IMG,0.0,0.0,0.0,,,516,genai_diffusion_serving,single-accelerator-equivalent hours from successful request execution time; not measured fleet GPU occupancy
2024-12-07 04:00:00,INPAINTING,0.0,0.0,0.0,,,516,genai_diffusion_serving,single-accelerator-equivalent hours from successful request execution time; not measured fleet GPU occupancy
2024-12-07 04:00:00,TXT_2_IMG,10.0,0.06638888888888889,17.0,25.5,30.549999999999997,516,genai_diffusion_serving,single-accelerator-equivalent hours from successful request execution time; not measured fleet GPU occupancy
2024-12-07 05:00:00,IMG_2_IMG,0.0,0.0,0.0,,,517,genai_diffusion_serving,single-accelerator-equivalent hours from successful request execution time; not measured fleet GPU occupancy
2024-12-07 05:00:00,INPAINTING,0.0,0.0,0.0,,,517,genai_diffusion_serving,single-accelerator-equivalent hours from successful request execution time; not measured fleet GPU occupancy
2024-12-07 05:00:00,TXT_2_IMG,26.0,0.15805555555555556,33.0,21.5,35.25,517,genai_diffusion_serving,single-accelerator-equivalent hours from successful request execution time; not measured fleet GPU occupancy
2024-12-07 06:00:00,IMG_2_IMG,1.0,0.010833333333333334,1.0,39.0,39.0,518,genai_diffusion_serving,single-accelerator-equivalent hours from successful request execution time; not measured fleet GPU occupancy
2024-12-07 06:00:00,INPAINTING,0.0,0.0,0.0,,,518,genai_diffusion_serving,single-accelerator-equivalent hours from successful request execution time; not measured fleet GPU occupancy
2024-12-07 06:00:00,TXT_2_IMG,12.0,0.0788888888888889,19.0,19.5,39.0,518,genai_diffusion_serving,single-accelerator-equivalent hours from successful request execution time; not measured fleet GPU occupancy
2024-12-07 07:00:00,IMG_2_IMG,4.0,0.031111111111111114,32.0,30.0,39.7,519,genai_diffusion_serving,single-accelerator-equivalent hours from successful request execution time; not measured fleet GPU occupancy
2024-12-07 07:00:00,INPAINTING,0.0,0.0,0.0,,,519,genai_diffusion_serving,single-accelerator-equivalent hours from successful request execution time; not measured fleet GPU occupancy
2024-12-07 07:00:00,TXT_2_IMG,13.0,0.11166666666666666,83.0,32.0,45.0,519,genai_diffusion_serving,single-accelerator-equivalent hours from successful request execution time; not measured fleet GPU occupancy
2024-12-07 08:00:00,IMG_2_IMG,0.0,0.0,0.0,,,520,genai_diffusion_serving,single-accelerator-equivalent hours from successful request execution time; not measured fleet GPU occupancy
2024-12-07 08:00:00,INPAINTING,0.0,0.0,0.0,,,520,genai_diffusion_serving,single-accelerator-equivalent hours from successful request execution time; not measured fleet GPU occupancy
2024-12-07 08:00:00,TXT_2_IMG,9.0,0.041944444444444444,9.0,18.0,24.0,520,genai_diffusion_serving,single-accelerator-equivalent hours from successful request execution time; not measured fleet GPU occupancy
2024-12-07 09:00:00,IMG_2_IMG,0.0,0.0,0.0,,,521,genai_diffusion_serving,single-accelerator-equivalent hours from successful request execution time; not measured fleet GPU occupancy
2024-12-07 09:00:00,INPAINTING,0.0,0.0,0.0,,,521,genai_diffusion_serving,single-accelerator-equivalent hours from successful request execution time; not measured fleet GPU occupancy
2024-12-07 09:00:00,TXT_2_IMG,4.0,0.019166666666666665,4.0,16.5,22.099999999999998,521,genai_diffusion_serving,single-accelerator-equivalent hours from successful request execution time; not measured fleet GPU occupancy
2024-12-07 10:00:00,IMG_2_IMG,0.0,0.0,0.0,,,522,genai_diffusion_serving,single-accelerator-equivalent hours from successful request execution time; not measured fleet GPU occupancy
2024-12-07 10:00:00,INPAINTING,0.0,0.0,0.0,,,522,genai_diffusion_serving,single-accelerator-equivalent hours from successful request execution time; not measured fleet GPU occupancy
2024-12-07 10:00:00,TXT_2_IMG,3.0,0.014166666666666668,3.0,20.0,20.0,522,genai_diffusion_serving,single-accelerator-equivalent hours from successful request execution time; not measured fleet GPU occupancy
2024-12-07 11:00:00,IMG_2_IMG,0.0,0.0,0.0,,,523,genai_diffusion_serving,single-accelerator-equivalent hours from successful request execution time; not measured fleet GPU occupancy
2024-12-07 11:00:00,INPAINTING,0.0,0.0,0.0,,,523,genai_diffusion_serving,single-accelerator-equivalent hours from successful request execution time; not measured fleet GPU occupancy
2024-12-07 11:00:00,TXT_2_IMG,0.0,0.0,0.0,,,523,genai_diffusion_serving,single-accelerator-equivalent hours from successful request execution time; not measured fleet GPU occupancy
2024-12-07 12:00:00,IMG_2_IMG,0.0,0.0,0.0,,,524,genai_diffusion_serving,single-accelerator-equivalent hours from successful request execution time; not measured fleet GPU occupancy
2024-12-07 12:00:00,INPAINTING,0.0,0.0,0.0,,,524,genai_diffusion_serving,single-accelerator-equivalent hours from successful request execution time; not measured fleet GPU occupancy
2024-12-07 12:00:00,TXT_2_IMG,0.0,0.0,0.0,,,524,genai_diffusion_serving,single-accelerator-equivalent hours from successful request execution time; not measured fleet GPU occupancy
2024-12-07 13:00:00,IMG_2_IMG,0.0,0.0,0.0,,,525,genai_diffusion_serving,single-accelerator-equivalent hours from successful request execution time; not measured fleet GPU occupancy
2024-12-07 13:00:00,INPAINTING,0.0,0.0,0.0,,,525,genai_diffusion_serving,single-accelerator-equivalent hours from successful request execution time; not measured fleet GPU occupancy
2024-12-07 13:00:00,TXT_2_IMG,0.0,0.0,0.0,,,525,genai_diffusion_serving,single-accelerator-equivalent hours from successful request execution time; not measured fleet GPU occupancy
2024-12-07 14:00:00,IMG_2_IMG,0.0,0.0,0.0,,,526,genai_diffusion_serving,single-accelerator-equivalent hours from successful request execution time; not measured fleet GPU occupancy
2024-12-07 14:00:00,INPAINTING,0.0,0.0,0.0,,,526,genai_diffusion_serving,single-accelerator-equivalent hours from successful request execution time; not measured fleet GPU occupancy
2024-12-07 14:00:00,TXT_2_IMG,0.0,0.0,0.0,,,526,genai_diffusion_serving,single-accelerator-equivalent hours from successful request execution time; not measured fleet GPU occupancy
2024-12-07 15:00:00,IMG_2_IMG,0.0,0.0,0.0,,,527,genai_diffusion_serving,single-accelerator-equivalent hours from successful request execution time; not measured fleet GPU occupancy
2024-12-07 15:00:00,INPAINTING,0.0,0.0,0.0,,,527,genai_diffusion_serving,single-accelerator-equivalent hours from successful request execution time; not measured fleet GPU occupancy
2024-12-07 15:00:00,TXT_2_IMG,0.0,0.0,0.0,,,527,genai_diffusion_serving,single-accelerator-equivalent hours from successful request execution time; not measured fleet GPU occupancy
2024-12-07 16:00:00,IMG_2_IMG,0.0,0.0,0.0,,,528,genai_diffusion_serving,single-accelerator-equivalent hours from successful request execution time; not measured fleet GPU occupancy
2024-12-07 16:00:00,INPAINTING,0.0,0.0,0.0,,,528,genai_diffusion_serving,single-accelerator-equivalent hours from successful request execution time; not measured fleet GPU occupancy
2024-12-07 16:00:00,TXT_2_IMG,6.0,0.0675,18.0,34.0,61.5,528,genai_diffusion_serving,single-accelerator-equivalent hours from successful request execution time; not measured fleet GPU occupancy
2024-12-07 17:00:00,IMG_2_IMG,0.0,0.0,0.0,,,529,genai_diffusion_serving,single-accelerator-equivalent hours from successful request execution time; not measured fleet GPU occupancy
2024-12-07 17:00:00,INPAINTING,0.0,0.0,0.0,,,529,genai_diffusion_serving,single-accelerator-equivalent hours from successful request execution time; not measured fleet GPU occupancy
2024-12-07 17:00:00,TXT_2_IMG,3.0,0.042777777777777776,3.0,62.0,62.0,529,genai_diffusion_serving,single-accelerator-equivalent hours from successful request execution time; not measured fleet GPU occupancy
2024-12-07 18:00:00,IMG_2_IMG,0.0,0.0,0.0,,,530,genai_diffusion_serving,single-accelerator-equivalent hours from successful request execution time; not measured fleet GPU occupancy
2024-12-07 18:00:00,INPAINTING,0.0,0.0,0.0,,,530,genai_diffusion_serving,single-accelerator-equivalent hours from successful request execution time; not measured fleet GPU occupancy
2024-12-07 18:00:00,TXT_2_IMG,5.0,0.06194444444444444,17.0,31.0,77.39999999999999,530,genai_diffusion_serving,single-accelerator-equivalent hours from successful request execution time; not measured fleet GPU occupancy
2024-12-07 19:00:00,IMG_2_IMG,0.0,0.0,0.0,,,531,genai_diffusion_serving,single-accelerator-equivalent hours from successful request execution time; not measured fleet GPU occupancy
2024-12-07 19:00:00,INPAINTING,0.0,0.0,0.0,,,531,genai_diffusion_serving,single-accelerator-equivalent hours from successful request execution time; not measured fleet GPU occupancy
2024-12-07 19:00:00,TXT_2_IMG,5.0,0.04638888888888889,8.0,26.0,58.99999999999999,531,genai_diffusion_serving,single-accelerator-equivalent hours from successful request execution time; not measured fleet GPU occupancy
2024-12-07 20:00:00,IMG_2_IMG,0.0,0.0,0.0,,,532,genai_diffusion_serving,single-accelerator-equivalent hours from successful request execution time; not measured fleet GPU occupancy
2024-12-07 20:00:00,INPAINTING,0.0,0.0,0.0,,,532,genai_diffusion_serving,single-accelerator-equivalent hours from successful request execution time; not measured fleet GPU occupancy
2024-12-07 20:00:00,TXT_2_IMG,13.0,0.10500000000000001,13.0,27.0,44.4,532,genai_diffusion_serving,single-accelerator-equivalent hours from successful request execution time; not measured fleet GPU occupancy
2024-12-07 21:00:00,IMG_2_IMG,1.0,0.002777777777777778,1.0,10.0,10.0,533,genai_diffusion_serving,single-accelerator-equivalent hours from successful request execution time; not measured fleet GPU occupancy
2024-12-07 21:00:00,INPAINTING,0.0,0.0,0.0,,,533,genai_diffusion_serving,single-accelerator-equivalent hours from successful request execution time; not measured fleet GPU occupancy
2024-12-07 21:00:00,TXT_2_IMG,35.0,0.22333333333333333,52.0,22.0,41.699999999999974,533,genai_diffusion_serving,single-accelerator-equivalent hours from successful request execution time; not measured fleet GPU occupancy
2024-12-07 22:00:00,IMG_2_IMG,0.0,0.0,0.0,,,534,genai_diffusion_serving,single-accelerator-equivalent hours from successful request execution time; not measured fleet GPU occupancy
2024-12-07 22:00:00,INPAINTING,0.0,0.0,0.0,,,534,genai_diffusion_serving,single-accelerator-equivalent hours from successful request execution time; not measured fleet GPU occupancy
2024-12-07 22:00:00,TXT_2_IMG,17.0,0.10916666666666668,25.0,21.0,44.0,534,genai_diffusion_serving,single-accelerator-equivalent hours from successful request execution time; not measured fleet GPU occupancy
2024-12-07 23:00:00,IMG_2_IMG,0.0,0.0,0.0,,,535,genai_diffusion_serving,single-accelerator-equivalent hours from successful request execution time; not measured fleet GPU occupancy
2024-12-07 23:00:00,INPAINTING,0.0,0.0,0.0,,,535,genai_diffusion_serving,single-accelerator-equivalent hours from successful request execution time; not measured fleet GPU occupancy
2024-12-07 23:00:00,TXT_2_IMG,2.0,0.026388888888888892,16.0,47.5,47.95,535,genai_diffusion_serving,single-accelerator-equivalent hours from successful request execution time; not measured fleet GPU occupancy
2024-12-08 00:00:00,IMG_2_IMG,1.0,0.008611111111111111,1.0,31.0,31.0,536,genai_diffusion_serving,single-accelerator-equivalent hours from successful request execution time; not measured fleet GPU occupancy
2024-12-08 00:00:00,INPAINTING,0.0,0.0,0.0,,,536,genai_diffusion_serving,single-accelerator-equivalent hours from successful request execution time; not measured fleet GPU occupancy
2024-12-08 00:00:00,TXT_2_IMG,7.0,0.03777777777777778,17.0,21.0,25.899999999999995,536,genai_diffusion_serving,single-accelerator-equivalent hours from successful request execution time; not measured fleet GPU occupancy
2024-12-08 01:00:00,IMG_2_IMG,0.0,0.0,0.0,,,537,genai_diffusion_serving,single-accelerator-equivalent hours from successful request execution time; not measured fleet GPU occupancy
2024-12-08 01:00:00,INPAINTING,0.0,0.0,0.0,,,537,genai_diffusion_serving,single-accelerator-equivalent hours from successful request execution time; not measured fleet GPU occupancy
2024-12-08 01:00:00,TXT_2_IMG,1.0,0.004166666666666667,1.0,15.0,15.0,537,genai_diffusion_serving,single-accelerator-equivalent hours from successful request execution time; not measured fleet GPU occupancy
2024-12-08 02:00:00,IMG_2_IMG,0.0,0.0,0.0,,,538,genai_diffusion_serving,single-accelerator-equivalent hours from successful request execution time; not measured fleet GPU occupancy
2024-12-08 02:00:00,INPAINTING,0.0,0.0,0.0,,,538,genai_diffusion_serving,single-accelerator-equivalent hours from successful request execution time; not measured fleet GPU occupancy
2024-12-08 02:00:00,TXT_2_IMG,28.0,0.19805555555555557,68.0,20.0,44.0,538,genai_diffusion_serving,single-accelerator-equivalent hours from successful request execution time; not measured fleet GPU occupancy
2024-12-08 03:00:00,IMG_2_IMG,0.0,0.0,0.0,,,539,genai_diffusion_serving,single-accelerator-equivalent hours from successful request execution time; not measured fleet GPU occupancy
2024-12-08 03:00:00,INPAINTING,0.0,0.0,0.0,,,539,genai_diffusion_serving,single-accelerator-equivalent hours from successful request execution time; not measured fleet GPU occupancy
2024-12-08 03:00:00,TXT_2_IMG,15.0,0.1,22.0,19.0,43.69999999999999,539,genai_diffusion_serving,single-accelerator-equivalent hours from successful request execution time; not measured fleet GPU occupancy
2024-12-08 04:00:00,IMG_2_IMG,0.0,0.0,0.0,,,540,genai_diffusion_serving,single-accelerator-equivalent hours from successful request execution time; not measured fleet GPU occupancy
2024-12-08 04:00:00,INPAINTING,0.0,0.0,0.0,,,540,genai_diffusion_serving,single-accelerator-equivalent hours from successful request execution time; not measured fleet GPU occupancy
2024-12-08 04:00:00,TXT_2_IMG,40.0,0.25194444444444447,93.0,17.5,53.39999999999998,540,genai_diffusion_serving,single-accelerator-equivalent hours from successful request execution time; not measured fleet GPU occupancy
2024-12-08 05:00:00,IMG_2_IMG,0.0,0.0,0.0,,,541,genai_diffusion_serving,single-accelerator-equivalent hours from successful request execution time; not measured fleet GPU occupancy
2024-12-08 05:00:00,INPAINTING,0.0,0.0,0.0,,,541,genai_diffusion_serving,single-accelerator-equivalent hours from successful request execution time; not measured fleet GPU occupancy
2024-12-08 05:00:00,TXT_2_IMG,28.0,0.2175,59.0,23.5,48.0,541,genai_diffusion_serving,single-accelerator-equivalent hours from successful request execution time; not measured fleet GPU occupancy
2024-12-08 06:00:00,IMG_2_IMG,7.0,0.03222222222222222,17.0,14.0,27.899999999999988,542,genai_diffusion_serving,single-accelerator-equivalent hours from successful request execution time; not measured fleet GPU occupancy
2024-12-08 06:00:00,INPAINTING,0.0,0.0,0.0,,,542,genai_diffusion_serving,single-accelerator-equivalent hours from successful request execution time; not measured fleet GPU occupancy
2024-12-08 06:00:00,TXT_2_IMG,7.0,0.08972222222222222,7.0,40.0,97.59999999999997,542,genai_diffusion_serving,single-accelerator-equivalent hours from successful request execution time; not measured fleet GPU occupancy
2024-12-08 07:00:00,IMG_2_IMG,2.0,0.005833333333333333,2.0,10.5,12.75,543,genai_diffusion_serving,single-accelerator-equivalent hours from successful request execution time; not measured fleet GPU occupancy
2024-12-08 07:00:00,INPAINTING,0.0,0.0,0.0,,,543,genai_diffusion_serving,single-accelerator-equivalent hours from successful request execution time; not measured fleet GPU occupancy
2024-12-08 07:00:00,TXT_2_IMG,1.0,0.0038888888888888888,1.0,14.0,14.0,543,genai_diffusion_serving,single-accelerator-equivalent hours from successful request execution time; not measured fleet GPU occupancy
2024-12-08 08:00:00,IMG_2_IMG,0.0,0.0,0.0,,,544,genai_diffusion_serving,single-accelerator-equivalent hours from successful request execution time; not measured fleet GPU occupancy
2024-12-08 08:00:00,INPAINTING,0.0,0.0,0.0,,,544,genai_diffusion_serving,single-accelerator-equivalent hours from successful request execution time; not measured fleet GPU occupancy
2024-12-08 08:00:00,TXT_2_IMG,3.0,0.013055555555555556,3.0,16.0,16.9,544,genai_diffusion_serving,single-accelerator-equivalent hours from successful request execution time; not measured fleet GPU occupancy
2024-12-08 09:00:00,IMG_2_IMG,0.0,0.0,0.0,,,545,genai_diffusion_serving,single-accelerator-equivalent hours from successful request execution time; not measured fleet GPU occupancy
2024-12-08 09:00:00,INPAINTING,0.0,0.0,0.0,,,545,genai_diffusion_serving,single-accelerator-equivalent hours from successful request execution time; not measured fleet GPU occupancy
2024-12-08 09:00:00,TXT_2_IMG,0.0,0.0,0.0,,,545,genai_diffusion_serving,single-accelerator-equivalent hours from successful request execution time; not measured fleet GPU occupancy
2024-12-08 10:00:00,IMG_2_IMG,0.0,0.0,0.0,,,546,genai_diffusion_serving,single-accelerator-equivalent hours from successful request execution time; not measured fleet GPU occupancy
2024-12-08 10:00:00,INPAINTING,0.0,0.0,0.0,,,546,genai_diffusion_serving,single-accelerator-equivalent hours from successful request execution time; not measured fleet GPU occupancy
2024-12-08 10:00:00,TXT_2_IMG,8.0,0.03777777777777778,8.0,16.0,23.249999999999996,546,genai_diffusion_serving,single-accelerator-equivalent hours from successful request execution time; not measured fleet GPU occupancy
2024-12-08 11:00:00,IMG_2_IMG,0.0,0.0,0.0,,,547,genai_diffusion_serving,single-accelerator-equivalent hours from successful request execution time; not measured fleet GPU occupancy
2024-12-08 11:00:00,INPAINTING,0.0,0.0,0.0,,,547,genai_diffusion_serving,single-accelerator-equivalent hours from successful request execution time; not measured fleet GPU occupancy
2024-12-08 11:00:00,TXT_2_IMG,0.0,0.0,0.0,,,547,genai_diffusion_serving,single-accelerator-equivalent hours from successful request execution time; not measured fleet GPU occupancy
2024-12-08 12:00:00,IMG_2_IMG,0.0,0.0,0.0,,,548,genai_diffusion_serving,single-accelerator-equivalent hours from successful request execution time; not measured fleet GPU occupancy
2024-12-08 12:00:00,INPAINTING,0.0,0.0,0.0,,,548,genai_diffusion_serving,single-accelerator-equivalent hours from successful request execution time; not measured fleet GPU occupancy
2024-12-08 12:00:00,TXT_2_IMG,0.0,0.0,0.0,,,548,genai_diffusion_serving,single-accelerator-equivalent hours from successful request execution time; not measured fleet GPU occupancy
2024-12-08 13:00:00,IMG_2_IMG,0.0,0.0,0.0,,,549,genai_diffusion_serving,single-accelerator-equivalent hours from successful request execution time; not measured fleet GPU occupancy
2024-12-08 13:00:00,INPAINTING,0.0,0.0,0.0,,,549,genai_diffusion_serving,single-accelerator-equivalent hours from successful request execution time; not measured fleet GPU occupancy
2024-12-08 13:00:00,TXT_2_IMG,1.0,0.0077777777777777776,1.0,28.0,28.0,549,genai_diffusion_serving,single-accelerator-equivalent hours from successful request execution time; not measured fleet GPU occupancy
2024-12-08 14:00:00,IMG_2_IMG,0.0,0.0,0.0,,,550,genai_diffusion_serving,single-accelerator-equivalent hours from successful request execution time; not measured fleet GPU occupancy
2024-12-08 14:00:00,INPAINTING,0.0,0.0,0.0,,,550,genai_diffusion_serving,single-accelerator-equivalent hours from successful request execution time; not measured fleet GPU occupancy
2024-12-08 14:00:00,TXT_2_IMG,0.0,0.0,0.0,,,550,genai_diffusion_serving,single-accelerator-equivalent hours from successful request execution time; not measured fleet GPU occupancy
2024-12-08 15:00:00,IMG_2_IMG,0.0,0.0,0.0,,,551,genai_diffusion_serving,single-accelerator-equivalent hours from successful request execution time; not measured fleet GPU occupancy
2024-12-08 15:00:00,INPAINTING,0.0,0.0,0.0,,,551,genai_diffusion_serving,single-accelerator-equivalent hours from successful request execution time; not measured fleet GPU occupancy
2024-12-08 15:00:00,TXT_2_IMG,0.0,0.0,0.0,,,551,genai_diffusion_serving,single-accelerator-equivalent hours from successful request execution time; not measured fleet GPU occupancy
2024-12-08 16:00:00,IMG_2_IMG,6.0,0.028333333333333335,9.0,19.0,24.0,552,genai_diffusion_serving,single-accelerator-equivalent hours from successful request execution time; not measured fleet GPU occupancy
2024-12-08 16:00:00,INPAINTING,4.0,0.021111111111111112,4.0,17.5,27.949999999999996,552,genai_diffusion_serving,single-accelerator-equivalent hours from successful request execution time; not measured fleet GPU occupancy
2024-12-08 16:00:00,TXT_2_IMG,27.0,0.3236111111111111,60.0,31.0,86.79999999999998,552,genai_diffusion_serving,single-accelerator-equivalent hours from successful request execution time; not measured fleet GPU occupancy
2024-12-08 17:00:00,IMG_2_IMG,4.0,0.0175,4.0,14.5,22.65,553,genai_diffusion_serving,single-accelerator-equivalent hours from successful request execution time; not measured fleet GPU occupancy
2024-12-08 17:00:00,INPAINTING,0.0,0.0,0.0,,,553,genai_diffusion_serving,single-accelerator-equivalent hours from successful request execution time; not measured fleet GPU occupancy
2024-12-08 17:00:00,TXT_2_IMG,66.0,0.6133333333333334,132.0,23.0,89.5,553,genai_diffusion_serving,single-accelerator-equivalent hours from successful request execution time; not measured fleet GPU occupancy
