policy,hour_index,trace_timestamp_anonymized,region,assigned_accelerator_hours,it_energy_kwh,facility_energy_kwh,carbon_kgco2e,direct_water_l,high_stress_direct_water_l,water_stress_category,latency_from_east_ms,migrated
E0_true_no_migration_status_quo,0,2024-05-10 00:00:00+00:00,east,2826.428945296973,1865.4378352854326,2331.7972941067906,1254.3612068985715,2145.253510578247,0.0,medium_high,2.5,False
E0_true_no_migration_status_quo,0,2024-05-10 00:00:00+00:00,north,0.0,0.0,0.0,0.0,0.0,0.0,extremely_high,14.693,True
E0_true_no_migration_status_quo,0,2024-05-10 00:00:00+00:00,northwest,-0.0,-0.0,-0.0,-0.0,-0.0,-0.0,high,18.956,True
E0_true_no_migration_status_quo,0,2024-05-10 00:00:00+00:00,southwest,0.0,0.0,0.0,0.0,0.0,0.0,low_medium,17.801,True
E0_true_no_migration_status_quo,1,2024-05-10 01:00:00+00:00,east,2478.672422615139,1635.919178551669,2044.898973189586,1101.4848319085704,1881.3070553344191,0.0,medium_high,2.5,False
E0_true_no_migration_status_quo,1,2024-05-10 01:00:00+00:00,north,0.0,0.0,0.0,0.0,0.0,0.0,extremely_high,14.693,True
E0_true_no_migration_status_quo,1,2024-05-10 01:00:00+00:00,northwest,-0.0,-0.0,-0.0,-0.0,-0.0,-0.0,high,18.956,True
E0_true_no_migration_status_quo,1,2024-05-10 01:00:00+00:00,southwest,0.0,0.0,0.0,0.0,0.0,0.0,low_medium,17.801,True
E0_true_no_migration_status_quo,2,2024-05-10 02:00:00+00:00,east,2382.830565193971,1572.6637313079052,1965.8296641348813,1053.7829914595034,1808.5632910040908,0.0,medium_high,2.5,False
E0_true_no_migration_status_quo,2,2024-05-10 02:00:00+00:00,north,0.0,0.0,0.0,0.0,0.0,0.0,extremely_high,14.693,True
E0_true_no_migration_status_quo,2,2024-05-10 02:00:00+00:00,northwest,-0.0,-0.0,-0.0,-0.0,-0.0,-0.0,high,18.956,True
E0_true_no_migration_status_quo,2,2024-05-10 02:00:00+00:00,southwest,0.0,0.0,0.0,0.0,0.0,0.0,low_medium,17.801,True
E0_true_no_migration_status_quo,3,2024-05-10 03:00:00+00:00,east,2150.745850382113,1419.4882521500592,1774.360315187574,942.8507124827972,1632.411489972568,0.0,medium_high,2.5,False
E0_true_no_migration_status_quo,3,2024-05-10 03:00:00+00:00,north,0.0,0.0,0.0,0.0,0.0,0.0,extremely_high,14.693,True
E0_true_no_migration_status_quo,3,2024-05-10 03:00:00+00:00,northwest,-0.0,-0.0,-0.0,-0.0,-0.0,-0.0,high,18.956,True
E0_true_no_migration_status_quo,3,2024-05-10 03:00:00+00:00,southwest,0.0,0.0,0.0,0.0,0.0,0.0,low_medium,17.801,True
E0_true_no_migration_status_quo,4,2024-05-10 04:00:00+00:00,east,1908.6475786754609,1259.7038441074399,1574.6298051342999,830.4597592278297,1448.6594207235557,0.0,medium_high,2.5,False
E0_true_no_migration_status_quo,4,2024-05-10 04:00:00+00:00,north,0.0,0.0,0.0,0.0,0.0,0.0,extremely_high,14.693,True
E0_true_no_migration_status_quo,4,2024-05-10 04:00:00+00:00,northwest,-0.0,-0.0,-0.0,-0.0,-0.0,-0.0,high,18.956,True
E0_true_no_migration_status_quo,4,2024-05-10 04:00:00+00:00,southwest,0.0,0.0,0.0,0.0,0.0,0.0,low_medium,17.801,True
E0_true_no_migration_status_quo,5,2024-05-10 05:00:00+00:00,east,1416.14793857138,934.654999683693,1168.3187496046162,607.7740175286914,1074.8532496362468,0.0,medium_high,2.5,False
E0_true_no_migration_status_quo,5,2024-05-10 05:00:00+00:00,north,0.0,0.0,0.0,0.0,0.0,0.0,extremely_high,14.693,True
E0_true_no_migration_status_quo,5,2024-05-10 05:00:00+00:00,northwest,-0.0,-0.0,-0.0,-0.0,-0.0,-0.0,high,18.956,True
E0_true_no_migration_status_quo,5,2024-05-10 05:00:00+00:00,southwest,0.0,0.0,0.0,0.0,0.0,0.0,low_medium,17.801,True
E0_true_no_migration_status_quo,6,2024-05-10 06:00:00+00:00,east,1352.7514222284117,892.8134170717378,1116.0167713396722,578.4454427949938,1026.7354296324984,0.0,medium_high,2.5,False
E0_true_no_migration_status_quo,6,2024-05-10 06:00:00+00:00,north,0.0,0.0,0.0,0.0,0.0,0.0,extremely_high,14.693,True
E0_true_no_migration_status_quo,6,2024-05-10 06:00:00+00:00,northwest,0.0,0.0,0.0,0.0,0.0,0.0,high,18.956,True
E0_true_no_migration_status_quo,6,2024-05-10 06:00:00+00:00,southwest,-0.0,-0.0,-0.0,-0.0,-0.0,-0.0,low_medium,17.801,True
E0_true_no_migration_status_quo,7,2024-05-10 07:00:00+00:00,east,1190.8534366811075,785.9610483967832,982.451310495979,527.4167053983851,903.8552056563005,0.0,medium_high,2.5,False
E0_true_no_migration_status_quo,7,2024-05-10 07:00:00+00:00,north,0.0,0.0,0.0,0.0,0.0,0.0,extremely_high,14.693,True
E0_true_no_migration_status_quo,7,2024-05-10 07:00:00+00:00,northwest,0.0,0.0,0.0,0.0,0.0,0.0,high,18.956,True
E0_true_no_migration_status_quo,7,2024-05-10 07:00:00+00:00,southwest,-0.0,-0.0,-0.0,-0.0,-0.0,-0.0,low_medium,17.801,True
E0_true_no_migration_status_quo,8,2024-05-10 08:00:00+00:00,east,1020.095004565258,673.2608015029219,841.5760018786524,456.0500354180418,774.2499217283602,0.0,medium_high,2.5,False
E0_true_no_migration_status_quo,8,2024-05-10 08:00:00+00:00,north,0.0,0.0,0.0,0.0,0.0,0.0,extremely_high,14.693,True
E0_true_no_migration_status_quo,8,2024-05-10 08:00:00+00:00,northwest,0.0,0.0,0.0,0.0,0.0,0.0,high,18.956,True
E0_true_no_migration_status_quo,8,2024-05-10 08:00:00+00:00,southwest,-0.0,-0.0,-0.0,-0.0,-0.0,-0.0,low_medium,17.801,True
E0_true_no_migration_status_quo,9,2024-05-10 09:00:00+00:00,east,1189.9808944943968,785.3851721800181,981.7314652250227,469.32899859413743,903.1929480070208,0.0,medium_high,2.5,False
E0_true_no_migration_status_quo,9,2024-05-10 09:00:00+00:00,north,0.0,0.0,0.0,0.0,0.0,0.0,extremely_high,14.693,True
E0_true_no_migration_status_quo,9,2024-05-10 09:00:00+00:00,northwest,0.0,0.0,0.0,0.0,0.0,0.0,high,18.956,True
E0_true_no_migration_status_quo,9,2024-05-10 09:00:00+00:00,southwest,-0.0,-0.0,-0.0,-0.0,-0.0,-0.0,low_medium,17.801,True
E0_true_no_migration_status_quo,10,2024-05-10 10:00:00+00:00,east,1122.6503166384152,740.9471163027696,926.183895378462,389.5761009935655,852.089183748185,0.0,medium_high,2.5,False
E0_true_no_migration_status_quo,10,2024-05-10 10:00:00+00:00,north,0.0,0.0,0.0,0.0,0.0,0.0,extremely_high,14.693,True
E0_true_no_migration_status_quo,10,2024-05-10 10:00:00+00:00,northwest,0.0,0.0,0.0,0.0,0.0,0.0,high,18.956,True
E0_true_no_migration_status_quo,10,2024-05-10 10:00:00+00:00,southwest,-0.0,-0.0,-0.0,-0.0,-0.0,-0.0,low_medium,17.801,True
E0_true_no_migration_status_quo,11,2024-05-10 11:00:00+00:00,east,1496.1352668762174,987.4464872643451,1234.3081090804314,458.1751700906561,1135.5634603539968,0.0,medium_high,2.5,False
E0_true_no_migration_status_quo,11,2024-05-10 11:00:00+00:00,north,0.0,0.0,0.0,0.0,0.0,0.0,extremely_high,14.693,True
E0_true_no_migration_status_quo,11,2024-05-10 11:00:00+00:00,northwest,0.0,0.0,0.0,0.0,0.0,0.0,high,18.956,True
E0_true_no_migration_status_quo,11,2024-05-10 11:00:00+00:00,southwest,-0.0,-0.0,-0.0,-0.0,-0.0,-0.0,low_medium,17.801,True
E0_true_no_migration_status_quo,12,2024-05-10 12:00:00+00:00,east,2737.5743733095483,1806.7939834032761,2258.492479254095,712.5826083606577,2077.8130809137674,0.0,medium_high,2.5,False
E0_true_no_migration_status_quo,12,2024-05-10 12:00:00+00:00,north,0.0,0.0,0.0,0.0,0.0,0.0,extremely_high,14.693,True
E0_true_no_migration_status_quo,12,2024-05-10 12:00:00+00:00,northwest,0.0,0.0,0.0,0.0,0.0,0.0,high,18.956,True
E0_true_no_migration_status_quo,12,2024-05-10 12:00:00+00:00,southwest,-0.0,-0.0,-0.0,-0.0,-0.0,-0.0,low_medium,17.801,True
E0_true_no_migration_status_quo,13,2024-05-10 13:00:00+00:00,east,4548.75466294602,3002.16959842908,3752.7119980363495,1149.2211404986567,3452.495038193442,0.0,medium_high,2.5,False
E0_true_no_migration_status_quo,13,2024-05-10 13:00:00+00:00,north,0.0,0.0,0.0,0.0,0.0,0.0,extremely_high,14.693,True
E0_true_no_migration_status_quo,13,2024-05-10 13:00:00+00:00,northwest,0.0,0.0,0.0,0.0,0.0,0.0,high,18.956,True
E0_true_no_migration_status_quo,13,2024-05-10 13:00:00+00:00,southwest,-0.0,-0.0,-0.0,-0.0,-0.0,-0.0,low_medium,17.801,True
E0_true_no_migration_status_quo,14,2024-05-10 14:00:00+00:00,east,6742.219838771705,4449.852525740852,5562.315657176065,1791.8999889592692,5117.330404601979,0.0,medium_high,2.5,False
E0_true_no_migration_status_quo,14,2024-05-10 14:00:00+00:00,north,0.0,0.0,0.0,0.0,0.0,0.0,extremely_high,14.693,True
E0_true_no_migration_status_quo,14,2024-05-10 14:00:00+00:00,northwest,0.0,0.0,0.0,0.0,0.0,0.0,high,18.956,True
E0_true_no_migration_status_quo,14,2024-05-10 14:00:00+00:00,southwest,-0.0,-0.0,-0.0,-0.0,-0.0,-0.0,low_medium,17.801,True
E0_true_no_migration_status_quo,15,2024-05-10 15:00:00+00:00,east,7491.369795938635,4944.290101016539,6180.362626270674,2269.8926835635616,5685.93361616902,0.0,medium_high,2.5,False
E0_true_no_migration_status_quo,15,2024-05-10 15:00:00+00:00,north,0.0,0.0,0.0,0.0,0.0,0.0,extremely_high,14.693,True
E0_true_no_migration_status_quo,15,2024-05-10 15:00:00+00:00,northwest,0.0,0.0,0.0,0.0,0.0,0.0,high,18.956,True
E0_true_no_migration_status_quo,15,2024-05-10 15:00:00+00:00,southwest,-0.0,-0.0,-0.0,-0.0,-0.0,-0.0,low_medium,17.801,True
E0_true_no_migration_status_quo,16,2024-05-10 16:00:00+00:00,east,6823.362679333332,4503.406649257051,5629.258311571313,2734.9047849480276,5178.917646645607,0.0,medium_high,2.5,False
E0_true_no_migration_status_quo,16,2024-05-10 16:00:00+00:00,north,0.0,0.0,0.0,0.0,0.0,0.0,extremely_high,14.693,True
E0_true_no_migration_status_quo,16,2024-05-10 16:00:00+00:00,northwest,0.0,0.0,0.0,0.0,0.0,0.0,high,18.956,True
E0_true_no_migration_status_quo,16,2024-05-10 16:00:00+00:00,southwest,-0.0,-0.0,-0.0,-0.0,-0.0,-0.0,low_medium,17.801,True
E0_true_no_migration_status_quo,17,2024-05-10 17:00:00+00:00,east,7618.553496621655,5028.231106390298,6285.288882987872,3245.8017452859744,5782.465772348843,0.0,medium_high,2.5,False
E0_true_no_migration_status_quo,17,2024-05-10 17:00:00+00:00,north,0.0,0.0,0.0,0.0,0.0,0.0,extremely_high,14.693,True
E0_true_no_migration_status_quo,17,2024-05-10 17:00:00+00:00,northwest,0.0,0.0,0.0,0.0,0.0,0.0,high,18.956,True
E0_true_no_migration_status_quo,17,2024-05-10 17:00:00+00:00,southwest,-0.0,-0.0,-0.0,-0.0,-0.0,-0.0,low_medium,17.801,True
E0_true_no_migration_status_quo,18,2024-05-10 18:00:00+00:00,east,8008.085003319142,5285.32117470365,6606.651468379562,3382.605551810336,6078.119350909197,0.0,medium_high,2.5,False
E0_true_no_migration_status_quo,18,2024-05-10 18:00:00+00:00,north,0.0,0.0,0.0,0.0,0.0,0.0,extremely_high,14.693,True
E0_true_no_migration_status_quo,18,2024-05-10 18:00:00+00:00,northwest,0.0,0.0,0.0,0.0,0.0,0.0,high,18.956,True
E0_true_no_migration_status_quo,18,2024-05-10 18:00:00+00:00,southwest,-0.0,-0.0,-0.0,-0.0,-0.0,-0.0,low_medium,17.801,True
E0_true_no_migration_status_quo,19,2024-05-10 19:00:00+00:00,east,8658.63058494059,5714.680045923004,7143.350057403755,3613.017167159102,6571.882052811455,0.0,medium_high,2.5,False
E0_true_no_migration_status_quo,19,2024-05-10 19:00:00+00:00,north,0.0,0.0,0.0,0.0,0.0,0.0,extremely_high,14.693,True
E0_true_no_migration_status_quo,19,2024-05-10 19:00:00+00:00,northwest,0.0,0.0,0.0,0.0,0.0,0.0,high,18.956,True
E0_true_no_migration_status_quo,19,2024-05-10 19:00:00+00:00,southwest,-0.0,-0.0,-0.0,-0.0,-0.0,-0.0,low_medium,17.801,True
E0_true_no_migration_status_quo,20,2024-05-10 20:00:00+00:00,east,8280.599121586722,5465.179984779762,6831.474980974702,3470.0477165861,6284.956982496725,0.0,medium_high,2.5,False
E0_true_no_migration_status_quo,20,2024-05-10 20:00:00+00:00,north,0.0,0.0,0.0,0.0,0.0,0.0,extremely_high,14.693,True
E0_true_no_migration_status_quo,20,2024-05-10 20:00:00+00:00,northwest,0.0,0.0,0.0,0.0,0.0,0.0,high,18.956,True
E0_true_no_migration_status_quo,20,2024-05-10 20:00:00+00:00,southwest,-0.0,-0.0,-0.0,-0.0,-0.0,-0.0,low_medium,17.801,True
E0_true_no_migration_status_quo,21,2024-05-10 21:00:00+00:00,east,5914.519177808564,3903.571632382263,4879.464540477828,2497.492931736821,4489.107377239602,0.0,medium_high,2.5,False
E0_true_no_migration_status_quo,21,2024-05-10 21:00:00+00:00,north,0.0,0.0,0.0,0.0,0.0,0.0,extremely_high,14.693,True
E0_true_no_migration_status_quo,21,2024-05-10 21:00:00+00:00,northwest,0.0,0.0,0.0,0.0,0.0,0.0,high,18.956,True
E0_true_no_migration_status_quo,21,2024-05-10 21:00:00+00:00,southwest,-0.0,-0.0,-0.0,-0.0,-0.0,-0.0,low_medium,17.801,True
E0_true_no_migration_status_quo,22,2024-05-10 22:00:00+00:00,east,4102.154685519701,2707.414445813297,3384.268057266621,1751.739449791919,3113.526612685291,0.0,medium_high,2.5,False
E0_true_no_migration_status_quo,22,2024-05-10 22:00:00+00:00,north,0.0,0.0,0.0,0.0,0.0,0.0,extremely_high,14.693,True
E0_true_no_migration_status_quo,22,2024-05-10 22:00:00+00:00,northwest,0.0,0.0,0.0,0.0,0.0,0.0,high,18.956,True
E0_true_no_migration_status_quo,22,2024-05-10 22:00:00+00:00,southwest,-0.0,-0.0,-0.0,-0.0,-0.0,-0.0,low_medium,17.801,True
E0_true_no_migration_status_quo,23,2024-05-10 23:00:00+00:00,east,2601.603786938421,1717.0536498545775,2146.317062318222,1168.1062322034134,1974.611697332764,0.0,medium_high,2.5,False
E0_true_no_migration_status_quo,23,2024-05-10 23:00:00+00:00,north,0.0,0.0,0.0,0.0,0.0,0.0,extremely_high,14.693,True
E0_true_no_migration_status_quo,23,2024-05-10 23:00:00+00:00,northwest,0.0,0.0,0.0,0.0,0.0,0.0,high,18.956,True
E0_true_no_migration_status_quo,23,2024-05-10 23:00:00+00:00,southwest,-0.0,-0.0,-0.0,-0.0,-0.0,-0.0,low_medium,17.801,True
E0_true_no_migration_status_quo,24,2024-05-11 00:00:00+00:00,east,1880.69304002361,1241.2539007059324,1551.5673758824155,919.3424593947283,1427.4419858118222,0.0,medium_high,2.5,False
E0_true_no_migration_status_quo,24,2024-05-11 00:00:00+00:00,north,0.0,0.0,0.0,0.0,0.0,0.0,extremely_high,14.693,True
E0_true_no_migration_status_quo,24,2024-05-11 00:00:00+00:00,northwest,0.0,0.0,0.0,0.0,0.0,0.0,high,18.956,True
E0_true_no_migration_status_quo,24,2024-05-11 00:00:00+00:00,southwest,-0.0,-0.0,-0.0,-0.0,-0.0,-0.0,low_medium,17.801,True
E0_true_no_migration_status_quo,25,2024-05-11 01:00:00+00:00,east,1692.9898939075215,1117.3701741577418,1396.7127176971771,828.2331826854547,1284.9757002814029,0.0,medium_high,2.5,False
E0_true_no_migration_status_quo,25,2024-05-11 01:00:00+00:00,north,0.0,0.0,0.0,0.0,0.0,0.0,extremely_high,14.693,True
E0_true_no_migration_status_quo,25,2024-05-11 01:00:00+00:00,northwest,0.0,0.0,0.0,0.0,0.0,0.0,high,18.956,True
E0_true_no_migration_status_quo,25,2024-05-11 01:00:00+00:00,southwest,-0.0,-0.0,-0.0,-0.0,-0.0,-0.0,low_medium,17.801,True
E0_true_no_migration_status_quo,26,2024-05-11 02:00:00+00:00,east,1389.0718397701091,916.7848249461107,1145.9810311826382,680.9419287287236,1054.3025486880272,0.0,medium_high,2.5,False
E0_true_no_migration_status_quo,26,2024-05-11 02:00:00+00:00,north,0.0,0.0,0.0,0.0,0.0,0.0,extremely_high,14.693,True
E0_true_no_migration_status_quo,26,2024-05-11 02:00:00+00:00,northwest,0.0,0.0,0.0,0.0,0.0,0.0,high,18.956,True
E0_true_no_migration_status_quo,26,2024-05-11 02:00:00+00:00,southwest,-0.0,-0.0,-0.0,-0.0,-0.0,-0.0,low_medium,17.801,True
E0_true_no_migration_status_quo,27,2024-05-11 03:00:00+00:00,east,1466.647681594539,967.9847359448303,1209.9809199310378,723.4778415497658,1113.1824463365547,0.0,medium_high,2.5,False
E0_true_no_migration_status_quo,27,2024-05-11 03:00:00+00:00,north,0.0,0.0,0.0,0.0,0.0,0.0,extremely_high,14.693,True
E0_true_no_migration_status_quo,27,2024-05-11 03:00:00+00:00,northwest,0.0,0.0,0.0,0.0,0.0,0.0,high,18.956,True
E0_true_no_migration_status_quo,27,2024-05-11 03:00:00+00:00,southwest,-0.0,-0.0,-0.0,-0.0,-0.0,-0.0,low_medium,17.801,True
E0_true_no_migration_status_quo,28,2024-05-11 04:00:00+00:00,east,1179.5236053790616,778.4833808568278,973.1042260710346,581.1743352180995,895.2558879853518,0.0,medium_high,2.5,False
E0_true_no_migration_status_quo,28,2024-05-11 04:00:00+00:00,north,0.0,0.0,0.0,0.0,0.0,0.0,extremely_high,14.693,True
E0_true_no_migration_status_quo,28,2024-05-11 04:00:00+00:00,northwest,0.0,0.0,0.0,0.0,0.0,0.0,high,18.956,True
E0_true_no_migration_status_quo,28,2024-05-11 04:00:00+00:00,southwest,-0.0,-0.0,-0.0,-0.0,-0.0,-0.0,low_medium,17.801,True
E0_true_no_migration_status_quo,29,2024-05-11 05:00:00+00:00,east,955.836924432778,630.8505883958888,788.563235494861,468.731844218589,725.4781766552721,0.0,medium_high,2.5,False
E0_true_no_migration_status_quo,29,2024-05-11 05:00:00+00:00,north,0.0,0.0,0.0,0.0,0.0,0.0,extremely_high,14.693,True
E0_true_no_migration_status_quo,29,2024-05-11 05:00:00+00:00,northwest,0.0,0.0,0.0,0.0,0.0,0.0,high,18.956,True
E0_true_no_migration_status_quo,29,2024-05-11 05:00:00+00:00,southwest,-0.0,-0.0,-0.0,-0.0,-0.0,-0.0,low_medium,17.801,True
E0_true_no_migration_status_quo,30,2024-05-11 06:00:00+00:00,east,843.0785723798475,556.430286228388,695.537857785485,408.50677232386,639.8948291626461,0.0,medium_high,2.5,False
E0_true_no_migration_status_quo,30,2024-05-11 06:00:00+00:00,north,0.0,0.0,0.0,0.0,0.0,0.0,extremely_high,14.693,True
E0_true_no_migration_status_quo,30,2024-05-11 06:00:00+00:00,northwest,0.0,0.0,0.0,0.0,0.0,0.0,high,18.956,True
E0_true_no_migration_status_quo,30,2024-05-11 06:00:00+00:00,southwest,-0.0,-0.0,-0.0,-0.0,-0.0,-0.0,low_medium,17.801,True
E0_true_no_migration_status_quo,31,2024-05-11 07:00:00+00:00,east,586.3700544328918,387.00314290142734,483.75392862678416,279.97258619275135,445.0536143366414,0.0,medium_high,2.5,False
E0_true_no_migration_status_quo,31,2024-05-11 07:00:00+00:00,north,0.0,0.0,0.0,0.0,0.0,0.0,extremely_high,14.693,True
E0_true_no_migration_status_quo,31,2024-05-11 07:00:00+00:00,northwest,0.0,0.0,0.0,0.0,0.0,0.0,high,18.956,True
E0_true_no_migration_status_quo,31,2024-05-11 07:00:00+00:00,southwest,-0.0,-0.0,-0.0,-0.0,-0.0,-0.0,low_medium,17.801,True
E0_true_no_migration_status_quo,32,2024-05-11 08:00:00+00:00,east,504.78982525418064,333.1603437132685,416.45042964158563,237.51729691570785,383.1343952702587,0.0,medium_high,2.5,False
E0_true_no_migration_status_quo,32,2024-05-11 08:00:00+00:00,north,0.0,0.0,0.0,0.0,0.0,0.0,extremely_high,14.693,True
E0_true_no_migration_status_quo,32,2024-05-11 08:00:00+00:00,northwest,0.0,0.0,0.0,0.0,0.0,0.0,high,18.956,True
E0_true_no_migration_status_quo,32,2024-05-11 08:00:00+00:00,southwest,-0.0,-0.0,-0.0,-0.0,-0.0,-0.0,low_medium,17.801,True
E0_true_no_migration_status_quo,33,2024-05-11 09:00:00+00:00,east,386.1672281614918,254.86965075078496,318.58706343848115,164.5940239871983,293.10009836340265,0.0,medium_high,2.5,False
E0_true_no_migration_status_quo,33,2024-05-11 09:00:00+00:00,north,0.0,0.0,0.0,0.0,0.0,0.0,extremely_high,14.693,True
E0_true_no_migration_status_quo,33,2024-05-11 09:00:00+00:00,northwest,0.0,0.0,0.0,0.0,0.0,0.0,high,18.956,True
E0_true_no_migration_status_quo,33,2024-05-11 09:00:00+00:00,southwest,-0.0,-0.0,-0.0,-0.0,-0.0,-0.0,low_medium,17.801,True
E0_true_no_migration_status_quo,34,2024-05-11 10:00:00+00:00,east,384.3913921893547,253.6976023194251,317.1220028992813,149.0830175879884,291.7522426673388,0.0,medium_high,2.5,False
E0_true_no_migration_status_quo,34,2024-05-11 10:00:00+00:00,north,0.0,0.0,0.0,0.0,0.0,0.0,extremely_high,14.693,True
E0_true_no_migration_status_quo,34,2024-05-11 10:00:00+00:00,northwest,0.0,0.0,0.0,0.0,0.0,0.0,high,18.956,True
E0_true_no_migration_status_quo,34,2024-05-11 10:00:00+00:00,southwest,-0.0,-0.0,-0.0,-0.0,-0.0,-0.0,low_medium,17.801,True
E0_true_no_migration_status_quo,35,2024-05-11 11:00:00+00:00,east,536.4348644693556,354.04601060728487,442.5575132591061,188.745247436093,407.1529121983776,0.0,medium_high,2.5,False
E0_true_no_migration_status_quo,35,2024-05-11 11:00:00+00:00,north,0.0,0.0,0.0,0.0,0.0,0.0,extremely_high,14.693,True
E0_true_no_migration_status_quo,35,2024-05-11 11:00:00+00:00,northwest,0.0,0.0,0.0,0.0,0.0,0.0,high,18.956,True
E0_true_no_migration_status_quo,35,2024-05-11 11:00:00+00:00,southwest,-0.0,-0.0,-0.0,-0.0,-0.0,-0.0,low_medium,17.801,True
E0_true_no_migration_status_quo,36,2024-05-11 12:00:00+00:00,east,777.0026989733109,512.8203329489388,641.0254161861735,264.50311235381974,589.7433828912796,0.0,medium_high,2.5,False
E0_true_no_migration_status_quo,36,2024-05-11 12:00:00+00:00,north,0.0,0.0,0.0,0.0,0.0,0.0,extremely_high,14.693,True
E0_true_no_migration_status_quo,36,2024-05-11 12:00:00+00:00,northwest,0.0,0.0,0.0,0.0,0.0,0.0,high,18.956,True
E0_true_no_migration_status_quo,36,2024-05-11 12:00:00+00:00,southwest,-0.0,-0.0,-0.0,-0.0,-0.0,-0.0,low_medium,17.801,True
E0_true_no_migration_status_quo,37,2024-05-11 13:00:00+00:00,east,943.7759347687528,622.8903576999443,778.6129471249303,317.5183598375466,716.3239113549358,0.0,medium_high,2.5,False
E0_true_no_migration_status_quo,37,2024-05-11 13:00:00+00:00,north,0.0,0.0,0.0,0.0,0.0,0.0,extremely_high,14.693,True
E0_true_no_migration_status_quo,37,2024-05-11 13:00:00+00:00,northwest,0.0,0.0,0.0,0.0,0.0,0.0,high,18.956,True
E0_true_no_migration_status_quo,37,2024-05-11 13:00:00+00:00,southwest,-0.0,-0.0,-0.0,-0.0,-0.0,-0.0,low_medium,17.801,True
E0_true_no_migration_status_quo,38,2024-05-11 14:00:00+00:00,east,1462.8775461882697,965.4964536044209,1206.870567005526,506.7951228497955,1110.320921645084,0.0,medium_high,2.5,False
E0_true_no_migration_status_quo,38,2024-05-11 14:00:00+00:00,north,0.0,0.0,0.0,0.0,0.0,0.0,extremely_high,14.693,True
E0_true_no_migration_status_quo,38,2024-05-11 14:00:00+00:00,northwest,0.0,0.0,0.0,0.0,0.0,0.0,high,18.956,True
E0_true_no_migration_status_quo,38,2024-05-11 14:00:00+00:00,southwest,-0.0,-0.0,-0.0,-0.0,-0.0,-0.0,low_medium,17.801,True
E0_true_no_migration_status_quo,39,2024-05-11 15:00:00+00:00,east,1447.5272634567418,955.3652956153379,1194.2066195191724,541.4234261245048,1098.6700899576385,0.0,medium_high,2.5,False
E0_true_no_migration_status_quo,39,2024-05-11 15:00:00+00:00,north,0.0,0.0,0.0,0.0,0.0,0.0,extremely_high,14.693,True
E0_true_no_migration_status_quo,39,2024-05-11 15:00:00+00:00,northwest,0.0,0.0,0.0,0.0,0.0,0.0,high,18.956,True
E0_true_no_migration_status_quo,39,2024-05-11 15:00:00+00:00,southwest,-0.0,-0.0,-0.0,-0.0,-0.0,-0.0,low_medium,17.801,True
E0_true_no_migration_status_quo,40,2024-05-11 16:00:00+00:00,east,1517.3724753877807,1001.4630052947156,1251.8287566183944,623.4889600932489,1151.682456088923,0.0,medium_high,2.5,False
E0_true_no_migration_status_quo,40,2024-05-11 16:00:00+00:00,north,0.0,0.0,0.0,0.0,0.0,0.0,extremely_high,14.693,True
E0_true_no_migration_status_quo,40,2024-05-11 16:00:00+00:00,northwest,0.0,0.0,0.0,0.0,0.0,0.0,high,18.956,True
E0_true_no_migration_status_quo,40,2024-05-11 16:00:00+00:00,southwest,-0.0,-0.0,-0.0,-0.0,-0.0,-0.0,low_medium,17.801,True
E0_true_no_migration_status_quo,41,2024-05-11 17:00:00+00:00,east,1730.230205712841,1141.9487105313744,1427.4358881642179,744.0687996542006,1313.2410171110805,0.0,medium_high,2.5,False
E0_true_no_migration_status_quo,41,2024-05-11 17:00:00+00:00,north,0.0,0.0,0.0,0.0,0.0,0.0,extremely_high,14.693,True
E0_true_no_migration_status_quo,41,2024-05-11 17:00:00+00:00,northwest,0.0,0.0,0.0,0.0,0.0,0.0,high,18.956,True
E0_true_no_migration_status_quo,41,2024-05-11 17:00:00+00:00,southwest,-0.0,-0.0,-0.0,-0.0,-0.0,-0.0,low_medium,17.801,True
E0_true_no_migration_status_quo,42,2024-05-11 18:00:00+00:00,east,1824.4127689600573,1204.1090267133404,1505.1362833916753,788.0329153732539,1384.7253807203413,0.0,medium_high,2.5,False
E0_true_no_migration_status_quo,42,2024-05-11 18:00:00+00:00,north,0.0,0.0,0.0,0.0,0.0,0.0,extremely_high,14.693,True
E0_true_no_migration_status_quo,42,2024-05-11 18:00:00+00:00,northwest,0.0,0.0,0.0,0.0,0.0,0.0,high,18.956,True
E0_true_no_migration_status_quo,42,2024-05-11 18:00:00+00:00,southwest,-0.0,-0.0,-0.0,-0.0,-0.0,-0.0,low_medium,17.801,True
E0_true_no_migration_status_quo,43,2024-05-11 19:00:00+00:00,east,1932.565956680363,1275.4899290055746,1594.3624112569682,836.8808296687824,1466.8134183564107,0.0,medium_high,2.5,False
E0_true_no_migration_status_quo,43,2024-05-11 19:00:00+00:00,north,0.0,0.0,0.0,0.0,0.0,0.0,extremely_high,14.693,True
E0_true_no_migration_status_quo,43,2024-05-11 19:00:00+00:00,northwest,0.0,0.0,0.0,0.0,0.0,0.0,high,18.956,True
E0_true_no_migration_status_quo,43,2024-05-11 19:00:00+00:00,southwest,-0.0,-0.0,-0.0,-0.0,-0.0,-0.0,low_medium,17.801,True
E0_true_no_migration_status_quo,44,2024-05-11 20:00:00+00:00,east,1721.534889407581,1136.2098179784246,1420.2622724730306,740.7910480435271,1306.6412906751882,0.0,medium_high,2.5,False
E0_true_no_migration_status_quo,44,2024-05-11 20:00:00+00:00,north,0.0,0.0,0.0,0.0,0.0,0.0,extremely_high,14.693,True
E0_true_no_migration_status_quo,44,2024-05-11 20:00:00+00:00,northwest,0.0,0.0,0.0,0.0,0.0,0.0,high,18.956,True
E0_true_no_migration_status_quo,44,2024-05-11 20:00:00+00:00,southwest,-0.0,-0.0,-0.0,-0.0,-0.0,-0.0,low_medium,17.801,True
E0_true_no_migration_status_quo,45,2024-05-11 21:00:00+00:00,east,1578.4106601318756,1041.748093447467,1302.1851168093337,682.4426650918515,1198.010307464587,0.0,medium_high,2.5,False
E0_true_no_migration_status_quo,45,2024-05-11 21:00:00+00:00,north,0.0,0.0,0.0,0.0,0.0,0.0,extremely_high,14.693,True
E0_true_no_migration_status_quo,45,2024-05-11 21:00:00+00:00,northwest,0.0,0.0,0.0,0.0,0.0,0.0,high,18.956,True
E0_true_no_migration_status_quo,45,2024-05-11 21:00:00+00:00,southwest,-0.0,-0.0,-0.0,-0.0,-0.0,-0.0,low_medium,17.801,True
E0_true_no_migration_status_quo,46,2024-05-11 22:00:00+00:00,east,1593.2245299398362,1051.525219906897,1314.4065248836214,710.8967689833065,1209.2540028929316,0.0,medium_high,2.5,False
E0_true_no_migration_status_quo,46,2024-05-11 22:00:00+00:00,north,0.0,0.0,0.0,0.0,0.0,0.0,extremely_high,14.693,True
E0_true_no_migration_status_quo,46,2024-05-11 22:00:00+00:00,northwest,0.0,0.0,0.0,0.0,0.0,0.0,high,18.956,True
E0_true_no_migration_status_quo,46,2024-05-11 22:00:00+00:00,southwest,-0.0,-0.0,-0.0,-0.0,-0.0,-0.0,low_medium,17.801,True
E0_true_no_migration_status_quo,47,2024-05-11 23:00:00+00:00,east,1283.137993837724,846.8686840969355,1058.5858551211693,593.3638364417934,973.8989867114757,0.0,medium_high,2.5,False
E0_true_no_migration_status_quo,47,2024-05-11 23:00:00+00:00,north,0.0,0.0,0.0,0.0,0.0,0.0,extremely_high,14.693,True
E0_true_no_migration_status_quo,47,2024-05-11 23:00:00+00:00,northwest,0.0,0.0,0.0,0.0,0.0,0.0,high,18.956,True
E0_true_no_migration_status_quo,47,2024-05-11 23:00:00+00:00,southwest,-0.0,-0.0,-0.0,-0.0,-0.0,-0.0,low_medium,17.801,True
E0_true_no_migration_status_quo,48,2024-05-12 00:00:00+00:00,east,1359.2337539469636,897.0917439225786,1121.364679903223,670.4919762311349,1031.6555055109652,0.0,medium_high,2.5,False
E0_true_no_migration_status_quo,48,2024-05-12 00:00:00+00:00,north,0.0,0.0,0.0,0.0,0.0,0.0,extremely_high,14.693,True
E0_true_no_migration_status_quo,48,2024-05-12 00:00:00+00:00,northwest,0.0,0.0,0.0,0.0,0.0,0.0,high,18.956,True
E0_true_no_migration_status_quo,48,2024-05-12 00:00:00+00:00,southwest,-0.0,-0.0,-0.0,-0.0,-0.0,-0.0,low_medium,17.801,True
E0_true_no_migration_status_quo,49,2024-05-12 01:00:00+00:00,east,1428.5792480462676,942.8596407645113,1178.574550955639,707.3509811198006,1084.288586879188,0.0,medium_high,2.5,False
E0_true_no_migration_status_quo,49,2024-05-12 01:00:00+00:00,north,0.0,0.0,0.0,0.0,0.0,0.0,extremely_high,14.693,True
E0_true_no_migration_status_quo,49,2024-05-12 01:00:00+00:00,northwest,0.0,0.0,0.0,0.0,0.0,0.0,high,18.956,True
E0_true_no_migration_status_quo,49,2024-05-12 01:00:00+00:00,southwest,-0.0,-0.0,-0.0,-0.0,-0.0,-0.0,low_medium,17.801,True
E0_true_no_migration_status_quo,50,2024-05-12 02:00:00+00:00,east,1355.208791544959,894.4352762399949,1118.0440952999936,679.3375678554673,1028.600567675994,0.0,medium_high,2.5,False
E0_true_no_migration_status_quo,50,2024-05-12 02:00:00+00:00,north,0.0,0.0,0.0,0.0,0.0,0.0,extremely_high,14.693,True
E0_true_no_migration_status_quo,50,2024-05-12 02:00:00+00:00,northwest,0.0,0.0,0.0,0.0,0.0,0.0,high,18.956,True
E0_true_no_migration_status_quo,50,2024-05-12 02:00:00+00:00,southwest,-0.0,-0.0,-0.0,-0.0,-0.0,-0.0,low_medium,17.801,True
E0_true_no_migration_status_quo,51,2024-05-12 03:00:00+00:00,east,1277.438194496011,843.1068271561272,1053.883533945159,644.1994836681528,969.5728512295462,0.0,medium_high,2.5,False
E0_true_no_migration_status_quo,51,2024-05-12 03:00:00+00:00,north,0.0,0.0,0.0,0.0,0.0,0.0,extremely_high,14.693,True
E0_true_no_migration_status_quo,51,2024-05-12 03:00:00+00:00,northwest,0.0,0.0,0.0,0.0,0.0,0.0,high,18.956,True
E0_true_no_migration_status_quo,51,2024-05-12 03:00:00+00:00,southwest,-0.0,-0.0,-0.0,-0.0,-0.0,-0.0,low_medium,17.801,True
E0_true_no_migration_status_quo,52,2024-05-12 04:00:00+00:00,east,1197.1376579551315,790.1086227235238,987.6357784044046,599.6924446471544,908.6249161320522,0.0,medium_high,2.5,False
E0_true_no_migration_status_quo,52,2024-05-12 04:00:00+00:00,north,0.0,0.0,0.0,0.0,0.0,0.0,extremely_high,14.693,True
E0_true_no_migration_status_quo,52,2024-05-12 04:00:00+00:00,northwest,0.0,0.0,0.0,0.0,0.0,0.0,high,18.956,True
E0_true_no_migration_status_quo,52,2024-05-12 04:00:00+00:00,southwest,-0.0,-0.0,-0.0,-0.0,-0.0,-0.0,low_medium,17.801,True
E0_true_no_migration_status_quo,53,2024-05-12 05:00:00+00:00,east,1039.7085269937872,686.2056897451253,857.7571121814065,515.2010874678595,789.136543206894,0.0,medium_high,2.5,False
E0_true_no_migration_status_quo,53,2024-05-12 05:00:00+00:00,north,0.0,0.0,0.0,0.0,0.0,0.0,extremely_high,14.693,True
E0_true_no_migration_status_quo,53,2024-05-12 05:00:00+00:00,northwest,0.0,0.0,0.0,0.0,0.0,0.0,high,18.956,True
E0_true_no_migration_status_quo,53,2024-05-12 05:00:00+00:00,southwest,-0.0,-0.0,-0.0,-0.0,-0.0,-0.0,low_medium,17.801,True
E0_true_no_migration_status_quo,54,2024-05-12 06:00:00+00:00,east,768.7657065892139,507.38393332961704,634.2299166620213,373.2522338295578,583.4915233290595,0.0,medium_high,2.5,False
E0_true_no_migration_status_quo,54,2024-05-12 06:00:00+00:00,north,0.0,0.0,0.0,0.0,0.0,0.0,extremely_high,14.693,True
E0_true_no_migration_status_quo,54,2024-05-12 06:00:00+00:00,northwest,0.0,0.0,0.0,0.0,0.0,0.0,high,18.956,True
E0_true_no_migration_status_quo,54,2024-05-12 06:00:00+00:00,southwest,-0.0,-0.0,-0.0,-0.0,-0.0,-0.0,low_medium,17.801,True
E0_true_no_migration_status_quo,55,2024-05-12 07:00:00+00:00,east,491.7225833781797,324.5359884331264,405.66998554140804,233.5087145524537,373.21638669809533,0.0,medium_high,2.5,False
E0_true_no_migration_status_quo,55,2024-05-12 07:00:00+00:00,north,0.0,0.0,0.0,0.0,0.0,0.0,extremely_high,14.693,True
E0_true_no_migration_status_quo,55,2024-05-12 07:00:00+00:00,northwest,0.0,0.0,0.0,0.0,0.0,0.0,high,18.956,True
E0_true_no_migration_status_quo,55,2024-05-12 07:00:00+00:00,southwest,-0.0,-0.0,-0.0,-0.0,-0.0,-0.0,low_medium,17.801,True
E0_true_no_migration_status_quo,56,2024-05-12 08:00:00+00:00,east,518.4923054988598,342.2039551326208,427.754943915776,240.36084992307352,393.5345484025139,0.0,medium_high,2.5,False
E0_true_no_migration_status_quo,56,2024-05-12 08:00:00+00:00,north,0.0,0.0,0.0,0.0,0.0,0.0,extremely_high,14.693,True
E0_true_no_migration_status_quo,56,2024-05-12 08:00:00+00:00,northwest,0.0,0.0,0.0,0.0,0.0,0.0,high,18.956,True
E0_true_no_migration_status_quo,56,2024-05-12 08:00:00+00:00,southwest,-0.0,-0.0,-0.0,-0.0,-0.0,-0.0,low_medium,17.801,True
E0_true_no_migration_status_quo,57,2024-05-12 09:00:00+00:00,east,451.1394267291885,297.75118069390714,372.1889758673839,193.4452202070728,342.41385779799316,0.0,medium_high,2.5,False
E0_true_no_migration_status_quo,57,2024-05-12 09:00:00+00:00,north,0.0,0.0,0.0,0.0,0.0,0.0,extremely_high,14.693,True
E0_true_no_migration_status_quo,57,2024-05-12 09:00:00+00:00,northwest,0.0,0.0,0.0,0.0,0.0,0.0,high,18.956,True
E0_true_no_migration_status_quo,57,2024-05-12 09:00:00+00:00,southwest,-0.0,-0.0,-0.0,-0.0,-0.0,-0.0,low_medium,17.801,True
E0_true_no_migration_status_quo,58,2024-05-12 10:00:00+00:00,east,457.9061468516657,302.2172033612238,377.77150420152975,185.59914001421157,347.5497838654074,0.0,medium_high,2.5,False
E0_true_no_migration_status_quo,58,2024-05-12 10:00:00+00:00,north,0.0,0.0,0.0,0.0,0.0,0.0,extremely_high,14.693,True
E0_true_no_migration_status_quo,58,2024-05-12 10:00:00+00:00,northwest,0.0,0.0,0.0,0.0,0.0,0.0,high,18.956,True
E0_true_no_migration_status_quo,58,2024-05-12 10:00:00+00:00,southwest,-0.0,-0.0,-0.0,-0.0,-0.0,-0.0,low_medium,17.801,True
E0_true_no_migration_status_quo,59,2024-05-12 11:00:00+00:00,east,445.7540732313846,294.1968574239356,367.7460717799195,170.14691376077425,338.32638603752594,0.0,medium_high,2.5,False
E0_true_no_migration_status_quo,59,2024-05-12 11:00:00+00:00,north,0.0,0.0,0.0,0.0,0.0,0.0,extremely_high,14.693,True
E0_true_no_migration_status_quo,59,2024-05-12 11:00:00+00:00,northwest,0.0,0.0,0.0,0.0,0.0,0.0,high,18.956,True
E0_true_no_migration_status_quo,59,2024-05-12 11:00:00+00:00,southwest,-0.0,-0.0,-0.0,-0.0,-0.0,-0.0,low_medium,17.801,True
E0_true_no_migration_status_quo,60,2024-05-12 12:00:00+00:00,east,756.3741188346403,499.2055085101626,624.0068856377031,276.3492493907273,574.086334786687,0.0,medium_high,2.5,False
E0_true_no_migration_status_quo,60,2024-05-12 12:00:00+00:00,north,0.0,0.0,0.0,0.0,0.0,0.0,extremely_high,14.693,True
E0_true_no_migration_status_quo,60,2024-05-12 12:00:00+00:00,northwest,0.0,0.0,0.0,0.0,0.0,0.0,high,18.956,True
E0_true_no_migration_status_quo,60,2024-05-12 12:00:00+00:00,southwest,-0.0,-0.0,-0.0,-0.0,-0.0,-0.0,low_medium,17.801,True
E0_true_no_migration_status_quo,61,2024-05-12 13:00:00+00:00,east,884.7846701012701,583.9562329821914,729.9452912277393,323.79460687248485,671.5496679295201,0.0,medium_high,2.5,False
E0_true_no_migration_status_quo,61,2024-05-12 13:00:00+00:00,north,0.0,0.0,0.0,0.0,0.0,0.0,extremely_high,14.693,True
E0_true_no_migration_status_quo,61,2024-05-12 13:00:00+00:00,northwest,0.0,0.0,0.0,0.0,0.0,0.0,high,18.956,True
E0_true_no_migration_status_quo,61,2024-05-12 13:00:00+00:00,southwest,-0.0,-0.0,-0.0,-0.0,-0.0,-0.0,low_medium,17.801,True
E0_true_no_migration_status_quo,62,2024-05-12 14:00:00+00:00,east,998.3802544345104,658.9291068940523,823.6613836175653,370.9770871813514,757.76847292816,0.0,medium_high,2.5,False
E0_true_no_migration_status_quo,62,2024-05-12 14:00:00+00:00,north,0.0,0.0,0.0,0.0,0.0,0.0,extremely_high,14.693,True
E0_true_no_migration_status_quo,62,2024-05-12 14:00:00+00:00,northwest,0.0,0.0,0.0,0.0,0.0,0.0,high,18.956,True
E0_true_no_migration_status_quo,62,2024-05-12 14:00:00+00:00,southwest,-0.0,-0.0,-0.0,-0.0,-0.0,-0.0,low_medium,17.801,True
E0_true_no_migration_status_quo,63,2024-05-12 15:00:00+00:00,east,1176.1090484824551,776.2297796699792,970.2872245874739,457.2599831771544,892.664246620476,0.0,medium_high,2.5,False
E0_true_no_migration_status_quo,63,2024-05-12 15:00:00+00:00,north,0.0,0.0,0.0,0.0,0.0,0.0,extremely_high,14.693,True
E0_true_no_migration_status_quo,63,2024-05-12 15:00:00+00:00,northwest,0.0,0.0,0.0,0.0,0.0,0.0,high,18.956,True
E0_true_no_migration_status_quo,63,2024-05-12 15:00:00+00:00,southwest,-0.0,-0.0,-0.0,-0.0,-0.0,-0.0,low_medium,17.801,True
E0_true_no_migration_status_quo,64,2024-05-12 16:00:00+00:00,east,1318.38491640465,870.1315872890096,1087.664484111262,543.764263025374,1000.6513253823609,0.0,medium_high,2.5,False
E0_true_no_migration_status_quo,64,2024-05-12 16:00:00+00:00,north,0.0,0.0,0.0,0.0,0.0,0.0,extremely_high,14.693,True
E0_true_no_migration_status_quo,64,2024-05-12 16:00:00+00:00,northwest,0.0,0.0,0.0,0.0,0.0,0.0,high,18.956,True
E0_true_no_migration_status_quo,64,2024-05-12 16:00:00+00:00,southwest,-0.0,-0.0,-0.0,-0.0,-0.0,-0.0,low_medium,17.801,True
E0_true_no_migration_status_quo,65,2024-05-12 17:00:00+00:00,east,1262.7715329829946,833.4268578969563,1041.7835723711953,542.2223048298979,958.4408865814997,0.0,medium_high,2.5,False
E0_true_no_migration_status_quo,65,2024-05-12 17:00:00+00:00,north,0.0,0.0,0.0,0.0,0.0,0.0,extremely_high,14.693,True
E0_true_no_migration_status_quo,65,2024-05-12 17:00:00+00:00,northwest,0.0,0.0,0.0,0.0,0.0,0.0,high,18.956,True
E0_true_no_migration_status_quo,65,2024-05-12 17:00:00+00:00,southwest,-0.0,-0.0,-0.0,-0.0,-0.0,-0.0,low_medium,17.801,True
E0_true_no_migration_status_quo,66,2024-05-12 18:00:00+00:00,east,1576.950701738993,1040.784523629603,1300.9806545370036,679.8924900610381,1196.9022021740432,0.0,medium_high,2.5,False
E0_true_no_migration_status_quo,66,2024-05-12 18:00:00+00:00,north,0.0,0.0,0.0,0.0,0.0,0.0,extremely_high,14.693,True
E0_true_no_migration_status_quo,66,2024-05-12 18:00:00+00:00,northwest,0.0,0.0,0.0,0.0,0.0,0.0,high,18.956,True
E0_true_no_migration_status_quo,66,2024-05-12 18:00:00+00:00,southwest,-0.0,-0.0,-0.0,-0.0,-0.0,-0.0,low_medium,17.801,True
E0_true_no_migration_status_quo,67,2024-05-12 19:00:00+00:00,east,1633.2478068482317,1077.940508060968,1347.4256350762103,707.2300302106257,1239.6315842701133,0.0,medium_high,2.5,False
E0_true_no_migration_status_quo,67,2024-05-12 19:00:00+00:00,north,0.0,0.0,0.0,0.0,0.0,0.0,extremely_high,14.693,True
E0_true_no_migration_status_quo,67,2024-05-12 19:00:00+00:00,northwest,0.0,0.0,0.0,0.0,0.0,0.0,high,18.956,True
E0_true_no_migration_status_quo,67,2024-05-12 19:00:00+00:00,southwest,-0.0,-0.0,-0.0,-0.0,-0.0,-0.0,low_medium,17.801,True
E0_true_no_migration_status_quo,68,2024-05-12 20:00:00+00:00,east,1435.004591500162,947.1003554669071,1183.8754443336338,621.0018643252077,1089.165408786943,0.0,medium_high,2.5,False
E0_true_no_migration_status_quo,68,2024-05-12 20:00:00+00:00,north,0.0,0.0,0.0,0.0,0.0,0.0,extremely_high,14.693,True
E0_true_no_migration_status_quo,68,2024-05-12 20:00:00+00:00,northwest,0.0,0.0,0.0,0.0,0.0,0.0,high,18.956,True
E0_true_no_migration_status_quo,68,2024-05-12 20:00:00+00:00,southwest,-0.0,-0.0,-0.0,-0.0,-0.0,-0.0,low_medium,17.801,True
E0_true_no_migration_status_quo,69,2024-05-12 21:00:00+00:00,east,1729.434543809019,1141.423575158007,1426.7794689475088,746.7050350736787,1312.637111431708,0.0,medium_high,2.5,False
E0_true_no_migration_status_quo,69,2024-05-12 21:00:00+00:00,north,0.0,0.0,0.0,0.0,0.0,0.0,extremely_high,14.693,True
E0_true_no_migration_status_quo,69,2024-05-12 21:00:00+00:00,northwest,0.0,0.0,0.0,0.0,0.0,0.0,high,18.956,True
E0_true_no_migration_status_quo,69,2024-05-12 21:00:00+00:00,southwest,-0.0,-0.0,-0.0,-0.0,-0.0,-0.0,low_medium,17.801,True
E0_true_no_migration_status_quo,70,2024-05-12 22:00:00+00:00,east,1493.338033276043,985.6003183024189,1232.0003978780237,667.3746155305254,1133.4403660477817,0.0,medium_high,2.5,False
E0_true_no_migration_status_quo,70,2024-05-12 22:00:00+00:00,north,0.0,0.0,0.0,0.0,0.0,0.0,extremely_high,14.693,True
E0_true_no_migration_status_quo,70,2024-05-12 22:00:00+00:00,northwest,0.0,0.0,0.0,0.0,0.0,0.0,high,18.956,True
E0_true_no_migration_status_quo,70,2024-05-12 22:00:00+00:00,southwest,-0.0,-0.0,-0.0,-0.0,-0.0,-0.0,low_medium,17.801,True
E0_true_no_migration_status_quo,71,2024-05-12 23:00:00+00:00,east,1738.6241490827476,1147.4886975087657,1434.360871885957,789.669448505915,1319.6120021350805,0.0,medium_high,2.5,False
E0_true_no_migration_status_quo,71,2024-05-12 23:00:00+00:00,north,0.0,0.0,0.0,0.0,0.0,0.0,extremely_high,14.693,True
E0_true_no_migration_status_quo,71,2024-05-12 23:00:00+00:00,northwest,0.0,0.0,0.0,0.0,0.0,0.0,high,18.956,True
E0_true_no_migration_status_quo,71,2024-05-12 23:00:00+00:00,southwest,-0.0,-0.0,-0.0,-0.0,-0.0,-0.0,low_medium,17.801,True
E0_true_no_migration_status_quo,72,2024-05-13 00:00:00+00:00,east,2087.2105349652006,1377.5550624080297,1721.9438280100371,1018.9387359270893,1584.188321769234,0.0,medium_high,2.5,False
E0_true_no_migration_status_quo,72,2024-05-13 00:00:00+00:00,north,0.0,0.0,0.0,0.0,0.0,0.0,extremely_high,14.693,True
E0_true_no_migration_status_quo,72,2024-05-13 00:00:00+00:00,northwest,0.0,0.0,0.0,0.0,0.0,0.0,high,18.956,True
E0_true_no_migration_status_quo,72,2024-05-13 00:00:00+00:00,southwest,-0.0,-0.0,-0.0,-0.0,-0.0,-0.0,low_medium,17.801,True
E0_true_no_migration_status_quo,73,2024-05-13 01:00:00+00:00,east,2078.748623244818,1371.970216446021,1714.962770557526,1022.4393667717653,1577.765748912924,0.0,medium_high,2.5,False
E0_true_no_migration_status_quo,73,2024-05-13 01:00:00+00:00,north,0.0,0.0,0.0,0.0,0.0,0.0,extremely_high,14.693,True
E0_true_no_migration_status_quo,73,2024-05-13 01:00:00+00:00,northwest,0.0,0.0,0.0,0.0,0.0,0.0,high,18.956,True
E0_true_no_migration_status_quo,73,2024-05-13 01:00:00+00:00,southwest,-0.0,-0.0,-0.0,-0.0,-0.0,-0.0,low_medium,17.801,True
E0_true_no_migration_status_quo,74,2024-05-13 02:00:00+00:00,east,2232.773810116299,1473.6265526702384,1842.033190837798,1100.8450856744391,1694.670535570774,0.0,medium_high,2.5,False
E0_true_no_migration_status_quo,74,2024-05-13 02:00:00+00:00,north,0.0,0.0,0.0,0.0,0.0,0.0,extremely_high,14.693,True
E0_true_no_migration_status_quo,74,2024-05-13 02:00:00+00:00,northwest,0.0,0.0,0.0,0.0,0.0,0.0,high,18.956,True
E0_true_no_migration_status_quo,74,2024-05-13 02:00:00+00:00,southwest,-0.0,-0.0,-0.0,-0.0,-0.0,-0.0,low_medium,17.801,True
E0_true_no_migration_status_quo,75,2024-05-13 03:00:00+00:00,east,1979.3598935971952,1306.3738401443516,1632.9673001804392,975.5959014015511,1502.329916166004,0.0,medium_high,2.5,False
E0_true_no_migration_status_quo,75,2024-05-13 03:00:00+00:00,north,0.0,0.0,0.0,0.0,0.0,0.0,extremely_high,14.693,True
E0_true_no_migration_status_quo,75,2024-05-13 03:00:00+00:00,northwest,0.0,0.0,0.0,0.0,0.0,0.0,high,18.956,True
E0_true_no_migration_status_quo,75,2024-05-13 03:00:00+00:00,southwest,-0.0,-0.0,-0.0,-0.0,-0.0,-0.0,low_medium,17.801,True
E0_true_no_migration_status_quo,76,2024-05-13 04:00:00+00:00,east,1696.2015892300249,1119.489887083827,1399.3623588547835,835.0519956171064,1287.4133701464007,0.0,medium_high,2.5,False
E0_true_no_migration_status_quo,76,2024-05-13 04:00:00+00:00,north,0.0,0.0,0.0,0.0,0.0,0.0,extremely_high,14.693,True
E0_true_no_migration_status_quo,76,2024-05-13 04:00:00+00:00,northwest,0.0,0.0,0.0,0.0,0.0,0.0,high,18.956,True
E0_true_no_migration_status_quo,76,2024-05-13 04:00:00+00:00,southwest,-0.0,-0.0,-0.0,-0.0,-0.0,-0.0,low_medium,17.801,True
E0_true_no_migration_status_quo,77,2024-05-13 05:00:00+00:00,east,1519.056088147847,1002.5741865780177,1253.217733222522,746.0718470306979,1152.9603145647202,0.0,medium_high,2.5,False
E0_true_no_migration_status_quo,77,2024-05-13 05:00:00+00:00,north,0.0,0.0,0.0,0.0,0.0,0.0,extremely_high,14.693,True
E0_true_no_migration_status_quo,77,2024-05-13 05:00:00+00:00,northwest,0.0,0.0,0.0,0.0,0.0,0.0,high,18.956,True
E0_true_no_migration_status_quo,77,2024-05-13 05:00:00+00:00,southwest,-0.0,-0.0,-0.0,-0.0,-0.0,-0.0,low_medium,17.801,True
E0_true_no_migration_status_quo,78,2024-05-13 06:00:00+00:00,east,1429.7984003752204,943.6642790290567,1179.5803487863209,696.5716854670422,1085.213920883415,0.0,medium_high,2.5,False
E0_true_no_migration_status_quo,78,2024-05-13 06:00:00+00:00,north,0.0,0.0,0.0,0.0,0.0,0.0,extremely_high,14.693,True
E0_true_no_migration_status_quo,78,2024-05-13 06:00:00+00:00,northwest,0.0,0.0,0.0,0.0,0.0,0.0,high,18.956,True
E0_true_no_migration_status_quo,78,2024-05-13 06:00:00+00:00,southwest,-0.0,-0.0,-0.0,-0.0,-0.0,-0.0,low_medium,17.801,True
E0_true_no_migration_status_quo,79,2024-05-13 07:00:00+00:00,east,1396.2243824993072,921.5054898146698,1151.881862268337,671.6335168421107,1059.73131328687,0.0,medium_high,2.5,False
E0_true_no_migration_status_quo,79,2024-05-13 07:00:00+00:00,north,0.0,0.0,0.0,0.0,0.0,0.0,extremely_high,14.693,True
E0_true_no_migration_status_quo,79,2024-05-13 07:00:00+00:00,northwest,0.0,0.0,0.0,0.0,0.0,0.0,high,18.956,True
E0_true_no_migration_status_quo,79,2024-05-13 07:00:00+00:00,southwest,-0.0,-0.0,-0.0,-0.0,-0.0,-0.0,low_medium,17.801,True
E0_true_no_migration_status_quo,80,2024-05-13 08:00:00+00:00,east,1183.2713797259505,780.9569049397281,976.1961311746601,560.9833092311582,898.1004406806873,0.0,medium_high,2.5,False
E0_true_no_migration_status_quo,80,2024-05-13 08:00:00+00:00,north,0.0,0.0,0.0,0.0,0.0,0.0,extremely_high,14.693,True
E0_true_no_migration_status_quo,80,2024-05-13 08:00:00+00:00,northwest,0.0,0.0,0.0,0.0,0.0,0.0,high,18.956,True
E0_true_no_migration_status_quo,80,2024-05-13 08:00:00+00:00,southwest,-0.0,-0.0,-0.0,-0.0,-0.0,-0.0,low_medium,17.801,True
E0_true_no_migration_status_quo,81,2024-05-13 09:00:00+00:00,east,1182.1356746866088,780.2073417307759,975.2591771634698,496.89455076478794,897.2384429903922,0.0,medium_high,2.5,False
E0_true_no_migration_status_quo,81,2024-05-13 09:00:00+00:00,north,0.0,0.0,0.0,0.0,0.0,0.0,extremely_high,14.693,True
E0_true_no_migration_status_quo,81,2024-05-13 09:00:00+00:00,northwest,0.0,0.0,0.0,0.0,0.0,0.0,high,18.956,True
E0_true_no_migration_status_quo,81,2024-05-13 09:00:00+00:00,southwest,-0.0,-0.0,-0.0,-0.0,-0.0,-0.0,low_medium,17.801,True
E0_true_no_migration_status_quo,82,2024-05-13 10:00:00+00:00,east,1117.6554330385468,737.6505024375793,922.063128046974,418.74344381343275,848.2980778032161,0.0,medium_high,2.5,False
E0_true_no_migration_status_quo,82,2024-05-13 10:00:00+00:00,north,0.0,0.0,0.0,0.0,0.0,0.0,extremely_high,14.693,True
E0_true_no_migration_status_quo,82,2024-05-13 10:00:00+00:00,northwest,0.0,0.0,0.0,0.0,0.0,0.0,high,18.956,True
E0_true_no_migration_status_quo,82,2024-05-13 10:00:00+00:00,southwest,-0.0,-0.0,-0.0,-0.0,-0.0,-0.0,low_medium,17.801,True
E0_true_no_migration_status_quo,83,2024-05-13 11:00:00+00:00,east,1669.7442369762114,1102.0280839141908,1377.5351048927382,564.8754889500784,1267.3322965013192,0.0,medium_high,2.5,False
E0_true_no_migration_status_quo,83,2024-05-13 11:00:00+00:00,north,0.0,0.0,0.0,0.0,0.0,0.0,extremely_high,14.693,True
E0_true_no_migration_status_quo,83,2024-05-13 11:00:00+00:00,northwest,0.0,0.0,0.0,0.0,0.0,0.0,high,18.956,True
E0_true_no_migration_status_quo,83,2024-05-13 11:00:00+00:00,southwest,-0.0,-0.0,-0.0,-0.0,-0.0,-0.0,low_medium,17.801,True
E0_true_no_migration_status_quo,84,2024-05-13 12:00:00+00:00,east,2663.08662344763,1757.63220734345,2197.0402591793127,845.1739247030416,2021.2770384449675,0.0,medium_high,2.5,False
E0_true_no_migration_status_quo,84,2024-05-13 12:00:00+00:00,north,0.0,0.0,0.0,0.0,0.0,0.0,extremely_high,14.693,True
E0_true_no_migration_status_quo,84,2024-05-13 12:00:00+00:00,northwest,0.0,0.0,0.0,0.0,0.0,0.0,high,18.956,True
E0_true_no_migration_status_quo,84,2024-05-13 12:00:00+00:00,southwest,-0.0,-0.0,-0.0,-0.0,-0.0,-0.0,low_medium,17.801,True
E0_true_no_migration_status_quo,85,2024-05-13 13:00:00+00:00,east,5113.081456005034,3374.6242299135333,4218.280287391916,1560.8164348386017,3880.817864400563,0.0,medium_high,2.5,False
E0_true_no_migration_status_quo,85,2024-05-13 13:00:00+00:00,north,0.0,0.0,0.0,0.0,0.0,0.0,extremely_high,14.693,True
E0_true_no_migration_status_quo,85,2024-05-13 13:00:00+00:00,northwest,0.0,0.0,0.0,0.0,0.0,0.0,high,18.956,True
E0_true_no_migration_status_quo,85,2024-05-13 13:00:00+00:00,southwest,-0.0,-0.0,-0.0,-0.0,-0.0,-0.0,low_medium,17.801,True
E0_true_no_migration_status_quo,86,2024-05-13 14:00:00+00:00,east,7271.68900405124,4799.3011878672805,5999.126484834101,2293.016120665714,5519.196366047372,0.0,medium_high,2.5,False
E0_true_no_migration_status_quo,86,2024-05-13 14:00:00+00:00,north,0.0,0.0,0.0,0.0,0.0,0.0,extremely_high,14.693,True
E0_true_no_migration_status_quo,86,2024-05-13 14:00:00+00:00,northwest,-0.0,-0.0,-0.0,-0.0,-0.0,-0.0,high,18.956,True
E0_true_no_migration_status_quo,86,2024-05-13 14:00:00+00:00,southwest,0.0,0.0,0.0,0.0,0.0,0.0,low_medium,17.801,True
E0_true_no_migration_status_quo,87,2024-05-13 15:00:00+00:00,east,8101.396469760301,5346.906568617388,6683.633210771735,2760.173425218457,6148.942553909996,0.0,medium_high,2.5,False
E0_true_no_migration_status_quo,87,2024-05-13 15:00:00+00:00,north,0.0,0.0,0.0,0.0,0.0,0.0,extremely_high,14.693,True
E0_true_no_migration_status_quo,87,2024-05-13 15:00:00+00:00,northwest,0.0,0.0,0.0,0.0,0.0,0.0,high,18.956,True
E0_true_no_migration_status_quo,87,2024-05-13 15:00:00+00:00,southwest,-0.0,-0.0,-0.0,-0.0,-0.0,-0.0,low_medium,17.801,True
E0_true_no_migration_status_quo,88,2024-05-13 16:00:00+00:00,east,7952.557241389503,5248.672955336725,6560.841194170906,3202.510607904673,6035.973898637233,0.0,medium_high,2.5,False
E0_true_no_migration_status_quo,88,2024-05-13 16:00:00+00:00,north,0.0,0.0,0.0,0.0,0.0,0.0,extremely_high,14.693,True
E0_true_no_migration_status_quo,88,2024-05-13 16:00:00+00:00,northwest,0.0,0.0,0.0,0.0,0.0,0.0,high,18.956,True
E0_true_no_migration_status_quo,88,2024-05-13 16:00:00+00:00,southwest,-0.0,-0.0,-0.0,-0.0,-0.0,-0.0,low_medium,17.801,True
E0_true_no_migration_status_quo,89,2024-05-13 17:00:00+00:00,east,8431.151552602634,5564.544308612702,6955.680385765876,3596.60843546989,6399.225954904606,0.0,medium_high,2.5,False
E0_true_no_migration_status_quo,89,2024-05-13 17:00:00+00:00,north,0.0,0.0,0.0,0.0,0.0,0.0,extremely_high,14.693,True
E0_true_no_migration_status_quo,89,2024-05-13 17:00:00+00:00,northwest,0.0,0.0,0.0,0.0,0.0,0.0,high,18.956,True
E0_true_no_migration_status_quo,89,2024-05-13 17:00:00+00:00,southwest,-0.0,-0.0,-0.0,-0.0,-0.0,-0.0,low_medium,17.801,True
E0_true_no_migration_status_quo,90,2024-05-13 18:00:00+00:00,east,10024.7611352311,6616.323662576336,8270.40457822042,4315.910629144326,7608.772211962785,0.0,medium_high,2.5,False
E0_true_no_migration_status_quo,90,2024-05-13 18:00:00+00:00,north,0.0,0.0,0.0,0.0,0.0,0.0,extremely_high,14.693,True
E0_true_no_migration_status_quo,90,2024-05-13 18:00:00+00:00,northwest,0.0,0.0,0.0,0.0,0.0,0.0,high,18.956,True
E0_true_no_migration_status_quo,90,2024-05-13 18:00:00+00:00,southwest,-0.0,-0.0,-0.0,-0.0,-0.0,-0.0,low_medium,17.801,True
E0_true_no_migration_status_quo,91,2024-05-13 19:00:00+00:00,east,10419.087444444069,6876.578291612144,8595.722864515179,4515.76300687305,7908.065035353965,0.0,medium_high,2.5,False
E0_true_no_migration_status_quo,91,2024-05-13 19:00:00+00:00,north,0.0,0.0,0.0,0.0,0.0,0.0,extremely_high,14.693,True
E0_true_no_migration_status_quo,91,2024-05-13 19:00:00+00:00,northwest,0.0,0.0,0.0,0.0,0.0,0.0,high,18.956,True
E0_true_no_migration_status_quo,91,2024-05-13 19:00:00+00:00,southwest,-0.0,-0.0,-0.0,-0.0,-0.0,-0.0,low_medium,17.801,True
E0_true_no_migration_status_quo,92,2024-05-13 20:00:00+00:00,east,10123.436446797465,6681.449184274224,8351.811480342778,4350.5629977540575,7683.666561915356,0.0,medium_high,2.5,False
E0_true_no_migration_status_quo,92,2024-05-13 20:00:00+00:00,north,0.0,0.0,0.0,0.0,0.0,0.0,extremely_high,14.693,True
E0_true_no_migration_status_quo,92,2024-05-13 20:00:00+00:00,northwest,0.0,0.0,0.0,0.0,0.0,0.0,high,18.956,True
E0_true_no_migration_status_quo,92,2024-05-13 20:00:00+00:00,southwest,-0.0,-0.0,-0.0,-0.0,-0.0,-0.0,low_medium,17.801,True
E0_true_no_migration_status_quo,93,2024-05-13 21:00:00+00:00,east,7582.194115149794,5004.233982394649,6255.29247799331,3245.402119894879,5754.869079753846,0.0,medium_high,2.5,False
E0_true_no_migration_status_quo,93,2024-05-13 21:00:00+00:00,north,0.0,0.0,0.0,0.0,0.0,0.0,extremely_high,14.693,True
E0_true_no_migration_status_quo,93,2024-05-13 21:00:00+00:00,northwest,0.0,0.0,0.0,0.0,0.0,0.0,high,18.956,True
E0_true_no_migration_status_quo,93,2024-05-13 21:00:00+00:00,southwest,-0.0,-0.0,-0.0,-0.0,-0.0,-0.0,low_medium,17.801,True
E0_true_no_migration_status_quo,94,2024-05-13 22:00:00+00:00,east,5772.3437354179,3809.736105426845,4762.170131783556,2549.249198670385,4381.196521240871,0.0,medium_high,2.5,False
E0_true_no_migration_status_quo,94,2024-05-13 22:00:00+00:00,north,0.0,0.0,0.0,0.0,0.0,0.0,extremely_high,14.693,True
E0_true_no_migration_status_quo,94,2024-05-13 22:00:00+00:00,northwest,0.0,0.0,0.0,0.0,0.0,0.0,high,18.956,True
E0_true_no_migration_status_quo,94,2024-05-13 22:00:00+00:00,southwest,-0.0,-0.0,-0.0,-0.0,-0.0,-0.0,low_medium,17.801,True
E0_true_no_migration_status_quo,95,2024-05-13 23:00:00+00:00,east,3909.119385974001,2580.011507940974,3225.014384926217,1738.1618154357964,2967.0132341321196,0.0,medium_high,2.5,False
E0_true_no_migration_status_quo,95,2024-05-13 23:00:00+00:00,north,0.0,0.0,0.0,0.0,0.0,0.0,extremely_high,14.693,True
E0_true_no_migration_status_quo,95,2024-05-13 23:00:00+00:00,northwest,0.0,0.0,0.0,0.0,0.0,0.0,high,18.956,True
E0_true_no_migration_status_quo,95,2024-05-13 23:00:00+00:00,southwest,-0.0,-0.0,-0.0,-0.0,-0.0,-0.0,low_medium,17.801,True
E0_true_no_migration_status_quo,96,2024-05-14 00:00:00+00:00,east,3616.75035065686,2387.0484896227504,2983.8106120284374,1656.8727352267413,2745.1057630661626,0.0,medium_high,2.5,False
E0_true_no_migration_status_quo,96,2024-05-14 00:00:00+00:00,north,0.0,0.0,0.0,0.0,0.0,0.0,extremely_high,14.693,True
E0_true_no_migration_status_quo,96,2024-05-14 00:00:00+00:00,northwest,0.0,0.0,0.0,0.0,0.0,0.0,high,18.956,True
E0_true_no_migration_status_quo,96,2024-05-14 00:00:00+00:00,southwest,-0.0,-0.0,-0.0,-0.0,-0.0,-0.0,low_medium,17.801,True
E0_true_no_migration_status_quo,97,2024-05-14 01:00:00+00:00,east,3236.49138126878,2136.0782786491154,2670.097848311394,1485.175175677005,2456.4900204464825,0.0,medium_high,2.5,False
E0_true_no_migration_status_quo,97,2024-05-14 01:00:00+00:00,north,0.0,0.0,0.0,0.0,0.0,0.0,extremely_high,14.693,True
E0_true_no_migration_status_quo,97,2024-05-14 01:00:00+00:00,northwest,0.0,0.0,0.0,0.0,0.0,0.0,high,18.956,True
E0_true_no_migration_status_quo,97,2024-05-14 01:00:00+00:00,southwest,-0.0,-0.0,-0.0,-0.0,-0.0,-0.0,low_medium,17.801,True
E0_true_no_migration_status_quo,98,2024-05-14 02:00:00+00:00,east,2943.000778262289,1942.3750277465808,2427.968784683226,1361.8780409386297,2233.731281908568,0.0,medium_high,2.5,False
E0_true_no_migration_status_quo,98,2024-05-14 02:00:00+00:00,north,0.0,0.0,0.0,0.0,0.0,0.0,extremely_high,14.693,True
E0_true_no_migration_status_quo,98,2024-05-14 02:00:00+00:00,northwest,0.0,0.0,0.0,0.0,0.0,0.0,high,18.956,True
E0_true_no_migration_status_quo,98,2024-05-14 02:00:00+00:00,southwest,-0.0,-0.0,-0.0,-0.0,-0.0,-0.0,low_medium,17.801,True
E0_true_no_migration_status_quo,99,2024-05-14 03:00:00+00:00,east,2050.8541314198656,1353.559903838336,1691.9498797979197,953.3926078926302,1556.593889414086,0.0,medium_high,2.5,False
E0_true_no_migration_status_quo,99,2024-05-14 03:00:00+00:00,north,0.0,0.0,0.0,0.0,0.0,0.0,extremely_high,14.693,True
E0_true_no_migration_status_quo,99,2024-05-14 03:00:00+00:00,northwest,0.0,0.0,0.0,0.0,0.0,0.0,high,18.956,True
E0_true_no_migration_status_quo,99,2024-05-14 03:00:00+00:00,southwest,-0.0,-0.0,-0.0,-0.0,-0.0,-0.0,low_medium,17.801,True
E0_true_no_migration_status_quo,100,2024-05-14 04:00:00+00:00,east,1727.009029393111,1139.8227401647928,1424.7784252059907,803.9846556134255,1310.7961511895114,0.0,medium_high,2.5,False
E0_true_no_migration_status_quo,100,2024-05-14 04:00:00+00:00,north,0.0,0.0,0.0,0.0,0.0,0.0,extremely_high,14.693,True
E0_true_no_migration_status_quo,100,2024-05-14 04:00:00+00:00,northwest,0.0,0.0,0.0,0.0,0.0,0.0,high,18.956,True
E0_true_no_migration_status_quo,100,2024-05-14 04:00:00+00:00,southwest,-0.0,-0.0,-0.0,-0.0,-0.0,-0.0,low_medium,17.801,True
E0_true_no_migration_status_quo,101,2024-05-14 05:00:00+00:00,east,1324.621231835071,874.2475438482711,1092.8094298103388,614.3364810857546,1005.3846754255117,0.0,medium_high,2.5,False
E0_true_no_migration_status_quo,101,2024-05-14 05:00:00+00:00,north,0.0,0.0,0.0,0.0,0.0,0.0,extremely_high,14.693,True
E0_true_no_migration_status_quo,101,2024-05-14 05:00:00+00:00,northwest,0.0,0.0,0.0,0.0,0.0,0.0,high,18.956,True
E0_true_no_migration_status_quo,101,2024-05-14 05:00:00+00:00,southwest,-0.0,-0.0,-0.0,-0.0,-0.0,-0.0,low_medium,17.801,True
E0_true_no_migration_status_quo,102,2024-05-14 06:00:00+00:00,east,1305.793087397126,861.821003615868,1077.276254519835,603.3958961097411,991.0941541582481,0.0,medium_high,2.5,False
E0_true_no_migration_status_quo,102,2024-05-14 06:00:00+00:00,north,0.0,0.0,0.0,0.0,0.0,0.0,extremely_high,14.693,True
E0_true_no_migration_status_quo,102,2024-05-14 06:00:00+00:00,northwest,0.0,0.0,0.0,0.0,0.0,0.0,high,18.956,True
E0_true_no_migration_status_quo,102,2024-05-14 06:00:00+00:00,southwest,-0.0,-0.0,-0.0,-0.0,-0.0,-0.0,low_medium,17.801,True
E0_true_no_migration_status_quo,103,2024-05-14 07:00:00+00:00,east,1331.9349965815184,879.0746149476885,1098.8432686846104,600.5178463361395,1010.9358071898416,0.0,medium_high,2.5,False
E0_true_no_migration_status_quo,103,2024-05-14 07:00:00+00:00,north,0.0,0.0,0.0,0.0,0.0,0.0,extremely_high,14.693,True
E0_true_no_migration_status_quo,103,2024-05-14 07:00:00+00:00,northwest,0.0,0.0,0.0,0.0,0.0,0.0,high,18.956,True
E0_true_no_migration_status_quo,103,2024-05-14 07:00:00+00:00,southwest,-0.0,-0.0,-0.0,-0.0,-0.0,-0.0,low_medium,17.801,True
E0_true_no_migration_status_quo,104,2024-05-14 08:00:00+00:00,east,1266.678852267989,836.0056813416063,1045.0071016770078,562.0178818706657,961.4065335428471,0.0,medium_high,2.5,False
E0_true_no_migration_status_quo,104,2024-05-14 08:00:00+00:00,north,0.0,0.0,0.0,0.0,0.0,0.0,extremely_high,14.693,True
E0_true_no_migration_status_quo,104,2024-05-14 08:00:00+00:00,northwest,0.0,0.0,0.0,0.0,0.0,0.0,high,18.956,True
E0_true_no_migration_status_quo,104,2024-05-14 08:00:00+00:00,southwest,-0.0,-0.0,-0.0,-0.0,-0.0,-0.0,low_medium,17.801,True
E0_true_no_migration_status_quo,105,2024-05-14 09:00:00+00:00,east,1421.7768272825676,938.3700557405355,1172.962569675669,572.039183198703,1079.1255641016157,0.0,medium_high,2.5,False
E0_true_no_migration_status_quo,105,2024-05-14 09:00:00+00:00,north,0.0,0.0,0.0,0.0,0.0,0.0,extremely_high,14.693,True
E0_true_no_migration_status_quo,105,2024-05-14 09:00:00+00:00,northwest,0.0,0.0,0.0,0.0,0.0,0.0,high,18.956,True
E0_true_no_migration_status_quo,105,2024-05-14 09:00:00+00:00,southwest,-0.0,-0.0,-0.0,-0.0,-0.0,-0.0,low_medium,17.801,True
E0_true_no_migration_status_quo,106,2024-05-14 10:00:00+00:00,east,1499.7264117620575,989.8166361949187,1237.2707952436483,553.632283216711,1138.2891316241564,0.0,medium_high,2.5,False
E0_true_no_migration_status_quo,106,2024-05-14 10:00:00+00:00,north,0.0,0.0,0.0,0.0,0.0,0.0,extremely_high,14.693,True
E0_true_no_migration_status_quo,106,2024-05-14 10:00:00+00:00,northwest,0.0,0.0,0.0,0.0,0.0,0.0,high,18.956,True
E0_true_no_migration_status_quo,106,2024-05-14 10:00:00+00:00,southwest,-0.0,-0.0,-0.0,-0.0,-0.0,-0.0,low_medium,17.801,True
E0_true_no_migration_status_quo,107,2024-05-14 11:00:00+00:00,east,1875.018512425243,1237.508723068625,1546.885903835781,625.889372765755,1423.1350315289185,0.0,medium_high,2.5,False
E0_true_no_migration_status_quo,107,2024-05-14 11:00:00+00:00,north,0.0,0.0,0.0,0.0,0.0,0.0,extremely_high,14.693,True
E0_true_no_migration_status_quo,107,2024-05-14 11:00:00+00:00,northwest,0.0,0.0,0.0,0.0,0.0,0.0,high,18.956,True
E0_true_no_migration_status_quo,107,2024-05-14 11:00:00+00:00,southwest,-0.0,-0.0,-0.0,-0.0,-0.0,-0.0,low_medium,17.801,True
E0_true_no_migration_status_quo,108,2024-05-14 12:00:00+00:00,east,3303.1665844016547,2180.0837884307657,2725.104735538457,1008.5953264319769,2507.0963566953806,0.0,medium_high,2.5,False
E0_true_no_migration_status_quo,108,2024-05-14 12:00:00+00:00,north,0.0,0.0,0.0,0.0,0.0,0.0,extremely_high,14.693,True
E0_true_no_migration_status_quo,108,2024-05-14 12:00:00+00:00,northwest,0.0,0.0,0.0,0.0,0.0,0.0,high,18.956,True
E0_true_no_migration_status_quo,108,2024-05-14 12:00:00+00:00,southwest,-0.0,-0.0,-0.0,-0.0,-0.0,-0.0,low_medium,17.801,True
E0_true_no_migration_status_quo,109,2024-05-14 13:00:00+00:00,east,5963.911620897081,3936.1705527506015,4920.2131909382515,1743.4160415440822,4526.5961356631915,0.0,medium_high,2.5,False
E0_true_no_migration_status_quo,109,2024-05-14 13:00:00+00:00,north,0.0,0.0,0.0,0.0,0.0,0.0,extremely_high,14.693,True
E0_true_no_migration_status_quo,109,2024-05-14 13:00:00+00:00,northwest,0.0,0.0,0.0,0.0,0.0,0.0,high,18.956,True
E0_true_no_migration_status_quo,109,2024-05-14 13:00:00+00:00,southwest,-0.0,-0.0,-0.0,-0.0,-0.0,-0.0,low_medium,17.801,True
E0_true_no_migration_status_quo,110,2024-05-14 14:00:00+00:00,east,8443.901066347526,5572.958963918573,6966.1987048982155,2656.995263531991,6408.902808506358,0.0,medium_high,2.5,False
E0_true_no_migration_status_quo,110,2024-05-14 14:00:00+00:00,north,0.0,0.0,0.0,0.0,0.0,0.0,extremely_high,14.693,True
E0_true_no_migration_status_quo,110,2024-05-14 14:00:00+00:00,northwest,0.0,0.0,0.0,0.0,0.0,0.0,high,18.956,True
E0_true_no_migration_status_quo,110,2024-05-14 14:00:00+00:00,southwest,-0.0,-0.0,-0.0,-0.0,-0.0,-0.0,low_medium,17.801,True
E0_true_no_migration_status_quo,111,2024-05-14 15:00:00+00:00,east,9130.284263141844,6025.9705943488425,7532.463242936053,3141.9787302097016,6929.866183501168,0.0,medium_high,2.5,False
E0_true_no_migration_status_quo,111,2024-05-14 15:00:00+00:00,north,0.0,0.0,0.0,0.0,0.0,0.0,extremely_high,14.693,True
E0_true_no_migration_status_quo,111,2024-05-14 15:00:00+00:00,northwest,0.0,0.0,0.0,0.0,0.0,0.0,high,18.956,True
E0_true_no_migration_status_quo,111,2024-05-14 15:00:00+00:00,southwest,-0.0,-0.0,-0.0,-0.0,-0.0,-0.0,low_medium,17.801,True
E0_true_no_migration_status_quo,112,2024-05-14 16:00:00+00:00,east,7773.108288698705,5130.23698106298,6412.7962263287245,3058.4228402418266,5899.772528222426,0.0,medium_high,2.5,False
E0_true_no_migration_status_quo,112,2024-05-14 16:00:00+00:00,north,0.0,0.0,0.0,0.0,0.0,0.0,extremely_high,14.693,True
E0_true_no_migration_status_quo,112,2024-05-14 16:00:00+00:00,northwest,0.0,0.0,0.0,0.0,0.0,0.0,high,18.956,True
E0_true_no_migration_status_quo,112,2024-05-14 16:00:00+00:00,southwest,-0.0,-0.0,-0.0,-0.0,-0.0,-0.0,low_medium,17.801,True
E0_true_no_migration_status_quo,113,2024-05-14 17:00:00+00:00,east,9488.24855839944,6262.22636195479,7827.782952443487,3887.2770141834358,7201.560316248008,0.0,medium_high,2.5,False
E0_true_no_migration_status_quo,113,2024-05-14 17:00:00+00:00,north,0.0,0.0,0.0,0.0,0.0,0.0,extremely_high,14.693,True
E0_true_no_migration_status_quo,113,2024-05-14 17:00:00+00:00,northwest,0.0,0.0,0.0,0.0,0.0,0.0,high,18.956,True
E0_true_no_migration_status_quo,113,2024-05-14 17:00:00+00:00,southwest,-0.0,-0.0,-0.0,-0.0,-0.0,-0.0,low_medium,17.801,True
E0_true_no_migration_status_quo,114,2024-05-14 18:00:00+00:00,east,11109.736391886938,7332.405309518876,9165.506636898594,4628.58085163379,8432.266105946706,0.0,medium_high,2.5,False
E0_true_no_migration_status_quo,114,2024-05-14 18:00:00+00:00,north,0.0,0.0,0.0,0.0,0.0,0.0,extremely_high,14.693,True
E0_true_no_migration_status_quo,114,2024-05-14 18:00:00+00:00,northwest,0.0,0.0,0.0,0.0,0.0,0.0,high,18.956,True
E0_true_no_migration_status_quo,114,2024-05-14 18:00:00+00:00,southwest,-0.0,-0.0,-0.0,-0.0,-0.0,-0.0,low_medium,17.801,True
E0_true_no_migration_status_quo,115,2024-05-14 19:00:00+00:00,east,11071.934781397404,7307.456317059951,9134.320396324938,4632.470588996192,8403.574764618943,0.0,medium_high,2.5,False
E0_true_no_migration_status_quo,115,2024-05-14 19:00:00+00:00,north,0.0,0.0,0.0,0.0,0.0,0.0,extremely_high,14.693,True
E0_true_no_migration_status_quo,115,2024-05-14 19:00:00+00:00,northwest,0.0,0.0,0.0,0.0,0.0,0.0,high,18.956,True
E0_true_no_migration_status_quo,115,2024-05-14 19:00:00+00:00,southwest,-0.0,-0.0,-0.0,-0.0,-0.0,-0.0,low_medium,17.801,True
E0_true_no_migration_status_quo,116,2024-05-14 20:00:00+00:00,east,10775.63767283133,7111.900777719565,8889.875972149455,4516.612611100183,8178.685894377499,0.0,medium_high,2.5,False
E0_true_no_migration_status_quo,116,2024-05-14 20:00:00+00:00,north,0.0,0.0,0.0,0.0,0.0,0.0,extremely_high,14.693,True
E0_true_no_migration_status_quo,116,2024-05-14 20:00:00+00:00,northwest,0.0,0.0,0.0,0.0,0.0,0.0,high,18.956,True
E0_true_no_migration_status_quo,116,2024-05-14 20:00:00+00:00,southwest,-0.0,-0.0,-0.0,-0.0,-0.0,-0.0,low_medium,17.801,True
E0_true_no_migration_status_quo,117,2024-05-14 21:00:00+00:00,east,7256.962246213566,4789.581555145858,5986.976943932323,3049.3918691801296,5508.018788417737,0.0,medium_high,2.5,False
E0_true_no_migration_status_quo,117,2024-05-14 21:00:00+00:00,north,0.0,0.0,0.0,0.0,0.0,0.0,extremely_high,14.693,True
E0_true_no_migration_status_quo,117,2024-05-14 21:00:00+00:00,northwest,0.0,0.0,0.0,0.0,0.0,0.0,high,18.956,True
E0_true_no_migration_status_quo,117,2024-05-14 21:00:00+00:00,southwest,-0.0,-0.0,-0.0,-0.0,-0.0,-0.0,low_medium,17.801,True
E0_true_no_migration_status_quo,118,2024-05-14 22:00:00+00:00,east,5209.341059053271,3438.1553884924633,4297.694235615579,2233.296809537635,3953.8786967663323,0.0,medium_high,2.5,False
E0_true_no_migration_status_quo,118,2024-05-14 22:00:00+00:00,north,0.0,0.0,0.0,0.0,0.0,0.0,extremely_high,14.693,True
E0_true_no_migration_status_quo,118,2024-05-14 22:00:00+00:00,northwest,0.0,0.0,0.0,0.0,0.0,0.0,high,18.956,True
E0_true_no_migration_status_quo,118,2024-05-14 22:00:00+00:00,southwest,-0.0,-0.0,-0.0,-0.0,-0.0,-0.0,low_medium,17.801,True
E0_true_no_migration_status_quo,119,2024-05-14 23:00:00+00:00,east,3741.795197935735,2469.577855736708,3086.972319670885,1642.0763382949312,2840.014534097214,0.0,medium_high,2.5,False
E0_true_no_migration_status_quo,119,2024-05-14 23:00:00+00:00,north,0.0,0.0,0.0,0.0,0.0,0.0,extremely_high,14.693,True
E0_true_no_migration_status_quo,119,2024-05-14 23:00:00+00:00,northwest,0.0,0.0,0.0,0.0,0.0,0.0,high,18.956,True
E0_true_no_migration_status_quo,119,2024-05-14 23:00:00+00:00,southwest,-0.0,-0.0,-0.0,-0.0,-0.0,-0.0,low_medium,17.801,True
E0_true_no_migration_status_quo,120,2024-05-15 00:00:00+00:00,east,3188.066312046428,2104.117823229211,2630.1472790365133,1462.2632566213376,2419.735496713592,0.0,medium_high,2.5,False
E0_true_no_migration_status_quo,120,2024-05-15 00:00:00+00:00,north,0.0,0.0,0.0,0.0,0.0,0.0,extremely_high,14.693,True
E0_true_no_migration_status_quo,120,2024-05-15 00:00:00+00:00,northwest,0.0,0.0,0.0,0.0,0.0,0.0,high,18.956,True
E0_true_no_migration_status_quo,120,2024-05-15 00:00:00+00:00,southwest,-0.0,-0.0,-0.0,-0.0,-0.0,-0.0,low_medium,17.801,True
E0_true_no_migration_status_quo,121,2024-05-15 01:00:00+00:00,east,2623.272405613565,1731.3548977887403,2164.193622235925,1194.986560937844,1991.058132457051,0.0,medium_high,2.5,False
E0_true_no_migration_status_quo,121,2024-05-15 01:00:00+00:00,north,0.0,0.0,0.0,0.0,0.0,0.0,extremely_high,14.693,True
E0_true_no_migration_status_quo,121,2024-05-15 01:00:00+00:00,northwest,0.0,0.0,0.0,0.0,0.0,0.0,high,18.956,True
E0_true_no_migration_status_quo,121,2024-05-15 01:00:00+00:00,southwest,-0.0,-0.0,-0.0,-0.0,-0.0,-0.0,low_medium,17.801,True
E0_true_no_migration_status_quo,122,2024-05-15 02:00:00+00:00,east,2862.1009284535817,1888.9812776743622,2361.2265970929525,1296.903708453304,2172.3284693255164,0.0,medium_high,2.5,False
E0_true_no_migration_status_quo,122,2024-05-15 02:00:00+00:00,north,-0.0,-0.0,-0.0,-0.0,-0.0,-0.0,extremely_high,14.693,True
E0_true_no_migration_status_quo,122,2024-05-15 02:00:00+00:00,northwest,0.0,0.0,0.0,0.0,0.0,0.0,high,18.956,True
E0_true_no_migration_status_quo,122,2024-05-15 02:00:00+00:00,southwest,0.0,0.0,0.0,0.0,0.0,0.0,low_medium,17.801,True
E0_true_no_migration_status_quo,123,2024-05-15 03:00:00+00:00,east,2648.070847444335,1747.721823171463,2184.6522789643286,1199.7564153002352,2009.8800966471824,0.0,medium_high,2.5,False
E0_true_no_migration_status_quo,123,2024-05-15 03:00:00+00:00,north,-0.0,-0.0,-0.0,-0.0,-0.0,-0.0,extremely_high,14.693,True
E0_true_no_migration_status_quo,123,2024-05-15 03:00:00+00:00,northwest,0.0,0.0,0.0,0.0,0.0,0.0,high,18.956,True
E0_true_no_migration_status_quo,123,2024-05-15 03:00:00+00:00,southwest,0.0,0.0,0.0,0.0,0.0,0.0,low_medium,17.801,True
E0_true_no_migration_status_quo,124,2024-05-15 04:00:00+00:00,east,1969.905105437031,1300.1336975828601,1625.1671219785749,899.9362937956357,1495.1537522202889,0.0,medium_high,2.5,False
E0_true_no_migration_status_quo,124,2024-05-15 04:00:00+00:00,north,0.0,0.0,0.0,0.0,0.0,0.0,extremely_high,14.693,True
E0_true_no_migration_status_quo,124,2024-05-15 04:00:00+00:00,northwest,0.0,0.0,0.0,0.0,0.0,0.0,high,18.956,True
E0_true_no_migration_status_quo,124,2024-05-15 04:00:00+00:00,southwest,-0.0,-0.0,-0.0,-0.0,-0.0,-0.0,low_medium,17.801,True
E0_true_no_migration_status_quo,125,2024-05-15 05:00:00+00:00,east,1681.9592303948136,1110.089956801085,1387.6124460013564,771.0962362429536,1276.6034503212477,0.0,medium_high,2.5,False
E0_true_no_migration_status_quo,125,2024-05-15 05:00:00+00:00,north,0.0,0.0,0.0,0.0,0.0,0.0,extremely_high,14.693,True
E0_true_no_migration_status_quo,125,2024-05-15 05:00:00+00:00,northwest,0.0,0.0,0.0,0.0,0.0,0.0,high,18.956,True
E0_true_no_migration_status_quo,125,2024-05-15 05:00:00+00:00,southwest,-0.0,-0.0,-0.0,-0.0,-0.0,-0.0,low_medium,17.801,True
E0_true_no_migration_status_quo,126,2024-05-15 06:00:00+00:00,east,1682.9537678735956,1110.7463496832115,1388.4329371040144,767.109197749968,1277.3583021356933,0.0,medium_high,2.5,False
E0_true_no_migration_status_quo,126,2024-05-15 06:00:00+00:00,north,0.0,0.0,0.0,0.0,0.0,0.0,extremely_high,14.693,True
E0_true_no_migration_status_quo,126,2024-05-15 06:00:00+00:00,northwest,0.0,0.0,0.0,0.0,0.0,0.0,high,18.956,True
E0_true_no_migration_status_quo,126,2024-05-15 06:00:00+00:00,southwest,-0.0,-0.0,-0.0,-0.0,-0.0,-0.0,low_medium,17.801,True
E0_true_no_migration_status_quo,127,2024-05-15 07:00:00+00:00,east,1389.3382331905973,916.9606441070616,1146.200805133827,629.8659974411663,1054.504740723121,0.0,medium_high,2.5,False
E0_true_no_migration_status_quo,127,2024-05-15 07:00:00+00:00,north,0.0,0.0,0.0,0.0,0.0,0.0,extremely_high,14.693,True
E0_true_no_migration_status_quo,127,2024-05-15 07:00:00+00:00,northwest,0.0,0.0,0.0,0.0,0.0,0.0,high,18.956,True
E0_true_no_migration_status_quo,127,2024-05-15 07:00:00+00:00,southwest,-0.0,-0.0,-0.0,-0.0,-0.0,-0.0,low_medium,17.801,True
E0_true_no_migration_status_quo,128,2024-05-15 08:00:00+00:00,east,1361.6957994134832,898.7166893411007,1123.395861676376,609.8354435110206,1033.5241927422658,0.0,medium_high,2.5,False
E0_true_no_migration_status_quo,128,2024-05-15 08:00:00+00:00,north,0.0,0.0,0.0,0.0,0.0,0.0,extremely_high,14.693,True
E0_true_no_migration_status_quo,128,2024-05-15 08:00:00+00:00,northwest,0.0,0.0,0.0,0.0,0.0,0.0,high,18.956,True
E0_true_no_migration_status_quo,128,2024-05-15 08:00:00+00:00,southwest,-0.0,-0.0,-0.0,-0.0,-0.0,-0.0,low_medium,17.801,True
E0_true_no_migration_status_quo,129,2024-05-15 09:00:00+00:00,east,1267.7281648751457,836.6982257063564,1045.8727821329455,518.2561103664278,962.2029595623098,0.0,medium_high,2.5,False
E0_true_no_migration_status_quo,129,2024-05-15 09:00:00+00:00,north,0.0,0.0,0.0,0.0,0.0,0.0,extremely_high,14.693,True
E0_true_no_migration_status_quo,129,2024-05-15 09:00:00+00:00,northwest,0.0,0.0,0.0,0.0,0.0,0.0,high,18.956,True
E0_true_no_migration_status_quo,129,2024-05-15 09:00:00+00:00,southwest,-0.0,-0.0,-0.0,-0.0,-0.0,-0.0,low_medium,17.801,True
E0_true_no_migration_status_quo,130,2024-05-15 10:00:00+00:00,east,1490.0444762155414,983.4265767818496,1229.2832209773119,527.1166451550712,1130.940563299127,0.0,medium_high,2.5,False
E0_true_no_migration_status_quo,130,2024-05-15 10:00:00+00:00,north,0.0,0.0,0.0,0.0,0.0,0.0,extremely_high,14.693,True
E0_true_no_migration_status_quo,130,2024-05-15 10:00:00+00:00,northwest,0.0,0.0,0.0,0.0,0.0,0.0,high,18.956,True
E0_true_no_migration_status_quo,130,2024-05-15 10:00:00+00:00,southwest,-0.0,-0.0,-0.0,-0.0,-0.0,-0.0,low_medium,17.801,True
E0_true_no_migration_status_quo,131,2024-05-15 11:00:00+00:00,east,1797.787247722078,1186.5362323276306,1483.1702904095382,544.1566399226293,1364.516667176775,0.0,medium_high,2.5,False
E0_true_no_migration_status_quo,131,2024-05-15 11:00:00+00:00,north,0.0,0.0,0.0,0.0,0.0,0.0,extremely_high,14.693,True
E0_true_no_migration_status_quo,131,2024-05-15 11:00:00+00:00,northwest,0.0,0.0,0.0,0.0,0.0,0.0,high,18.956,True
E0_true_no_migration_status_quo,131,2024-05-15 11:00:00+00:00,southwest,-0.0,-0.0,-0.0,-0.0,-0.0,-0.0,low_medium,17.801,True
E0_true_no_migration_status_quo,132,2024-05-15 12:00:00+00:00,east,3317.299783947904,2189.4116737862714,2736.764592232839,903.7822970274921,2517.8234248542117,0.0,medium_high,2.5,False
E0_true_no_migration_status_quo,132,2024-05-15 12:00:00+00:00,north,0.0,0.0,0.0,0.0,0.0,0.0,extremely_high,14.693,True
E0_true_no_migration_status_quo,132,2024-05-15 12:00:00+00:00,northwest,0.0,0.0,0.0,0.0,0.0,0.0,high,18.956,True
E0_true_no_migration_status_quo,132,2024-05-15 12:00:00+00:00,southwest,-0.0,-0.0,-0.0,-0.0,-0.0,-0.0,low_medium,17.801,True
E0_true_no_migration_status_quo,133,2024-05-15 13:00:00+00:00,east,6028.193475934735,3978.596457250732,4973.245571563414,1590.8169272038474,4575.385925838341,0.0,medium_high,2.5,False
E0_true_no_migration_status_quo,133,2024-05-15 13:00:00+00:00,north,-0.0,-0.0,-0.0,-0.0,-0.0,-0.0,extremely_high,14.693,True
E0_true_no_migration_status_quo,133,2024-05-15 13:00:00+00:00,northwest,0.0,0.0,0.0,0.0,0.0,0.0,high,18.956,True
E0_true_no_migration_status_quo,133,2024-05-15 13:00:00+00:00,southwest,0.0,0.0,0.0,0.0,0.0,0.0,low_medium,17.801,True
E0_true_no_migration_status_quo,134,2024-05-15 14:00:00+00:00,east,7531.60158370284,4970.843005946769,6213.553757433461,2015.210822379607,5716.469456838784,0.0,medium_high,2.5,False
E0_true_no_migration_status_quo,134,2024-05-15 14:00:00+00:00,north,0.0,0.0,0.0,0.0,0.0,0.0,extremely_high,14.693,True
E0_true_no_migration_status_quo,134,2024-05-15 14:00:00+00:00,northwest,0.0,0.0,0.0,0.0,0.0,0.0,high,18.956,True
E0_true_no_migration_status_quo,134,2024-05-15 14:00:00+00:00,southwest,-0.0,-0.0,-0.0,-0.0,-0.0,-0.0,low_medium,17.801,True
E0_true_no_migration_status_quo,135,2024-05-15 15:00:00+00:00,east,8864.042516789934,5850.251538045045,7312.814422556306,2708.209411213446,6727.7892687518015,0.0,medium_high,2.5,False
E0_true_no_migration_status_quo,135,2024-05-15 15:00:00+00:00,north,0.0,0.0,0.0,0.0,0.0,0.0,extremely_high,14.693,True
E0_true_no_migration_status_quo,135,2024-05-15 15:00:00+00:00,northwest,0.0,0.0,0.0,0.0,0.0,0.0,high,18.956,True
E0_true_no_migration_status_quo,135,2024-05-15 15:00:00+00:00,southwest,-0.0,-0.0,-0.0,-0.0,-0.0,-0.0,low_medium,17.801,True
E0_true_no_migration_status_quo,136,2024-05-15 16:00:00+00:00,east,8877.298251050805,5859.000297947842,7323.750372434802,3439.0500811360725,6737.8503426400175,0.0,medium_high,2.5,False
E0_true_no_migration_status_quo,136,2024-05-15 16:00:00+00:00,north,0.0,0.0,0.0,0.0,0.0,0.0,extremely_high,14.693,True
E0_true_no_migration_status_quo,136,2024-05-15 16:00:00+00:00,northwest,0.0,0.0,0.0,0.0,0.0,0.0,high,18.956,True
E0_true_no_migration_status_quo,136,2024-05-15 16:00:00+00:00,southwest,-0.0,-0.0,-0.0,-0.0,-0.0,-0.0,low_medium,17.801,True
E0_true_no_migration_status_quo,137,2024-05-15 17:00:00+00:00,east,10004.741972679769,6603.111052609218,8253.888815761522,4240.125858266891,7593.5777105006,0.0,medium_high,2.5,False
E0_true_no_migration_status_quo,137,2024-05-15 17:00:00+00:00,north,0.0,0.0,0.0,0.0,0.0,0.0,extremely_high,14.693,True
E0_true_no_migration_status_quo,137,2024-05-15 17:00:00+00:00,northwest,0.0,0.0,0.0,0.0,0.0,0.0,high,18.956,True
E0_true_no_migration_status_quo,137,2024-05-15 17:00:00+00:00,southwest,-0.0,-0.0,-0.0,-0.0,-0.0,-0.0,low_medium,17.801,True
E0_true_no_migration_status_quo,138,2024-05-15 18:00:00+00:00,east,11024.829474695802,7276.366902443636,9095.458628054545,4512.711798309262,8367.82193781018,0.0,medium_high,2.5,False
E0_true_no_migration_status_quo,138,2024-05-15 18:00:00+00:00,north,0.0,0.0,0.0,0.0,0.0,0.0,extremely_high,14.693,True
E0_true_no_migration_status_quo,138,2024-05-15 18:00:00+00:00,northwest,0.0,0.0,0.0,0.0,0.0,0.0,high,18.956,True
E0_true_no_migration_status_quo,138,2024-05-15 18:00:00+00:00,southwest,-0.0,-0.0,-0.0,-0.0,-0.0,-0.0,low_medium,17.801,True
E0_true_no_migration_status_quo,139,2024-05-15 19:00:00+00:00,east,11312.606812841414,7466.299409187813,9332.874261484765,4591.540814793968,8586.244320565984,0.0,medium_high,2.5,False
E0_true_no_migration_status_quo,139,2024-05-15 19:00:00+00:00,north,0.0,0.0,0.0,0.0,0.0,0.0,extremely_high,14.693,True
E0_true_no_migration_status_quo,139,2024-05-15 19:00:00+00:00,northwest,0.0,0.0,0.0,0.0,0.0,0.0,high,18.956,True
E0_true_no_migration_status_quo,139,2024-05-15 19:00:00+00:00,southwest,-0.0,-0.0,-0.0,-0.0,-0.0,-0.0,low_medium,17.801,True
E0_true_no_migration_status_quo,140,2024-05-15 20:00:00+00:00,east,11363.056076666568,7499.595829272363,9374.494786590452,4658.42082182646,8624.535203663216,0.0,medium_high,2.5,False
E0_true_no_migration_status_quo,140,2024-05-15 20:00:00+00:00,north,0.0,0.0,0.0,0.0,0.0,0.0,extremely_high,14.693,True
E0_true_no_migration_status_quo,140,2024-05-15 20:00:00+00:00,northwest,0.0,0.0,0.0,0.0,0.0,0.0,high,18.956,True
E0_true_no_migration_status_quo,140,2024-05-15 20:00:00+00:00,southwest,-0.0,-0.0,-0.0,-0.0,-0.0,-0.0,low_medium,17.801,True
E0_true_no_migration_status_quo,141,2024-05-15 21:00:00+00:00,east,8037.958938001313,5305.0379159073145,6631.297394884144,3281.083059771238,6100.793603293411,0.0,medium_high,2.5,False
E0_true_no_migration_status_quo,141,2024-05-15 21:00:00+00:00,north,0.0,0.0,0.0,0.0,0.0,0.0,extremely_high,14.693,True
E0_true_no_migration_status_quo,141,2024-05-15 21:00:00+00:00,northwest,0.0,0.0,0.0,0.0,0.0,0.0,high,18.956,True
E0_true_no_migration_status_quo,141,2024-05-15 21:00:00+00:00,southwest,-0.0,-0.0,-0.0,-0.0,-0.0,-0.0,low_medium,17.801,True
E0_true_no_migration_status_quo,142,2024-05-15 22:00:00+00:00,east,5104.223230069414,3368.7778173082183,4210.972271635273,2139.805559831464,3874.0944899044507,0.0,medium_high,2.5,False
E0_true_no_migration_status_quo,142,2024-05-15 22:00:00+00:00,north,0.0,0.0,0.0,0.0,0.0,0.0,extremely_high,14.693,True
E0_true_no_migration_status_quo,142,2024-05-15 22:00:00+00:00,northwest,0.0,0.0,0.0,0.0,0.0,0.0,high,18.956,True
E0_true_no_migration_status_quo,142,2024-05-15 22:00:00+00:00,southwest,-0.0,-0.0,-0.0,-0.0,-0.0,-0.0,low_medium,17.801,True
E0_true_no_migration_status_quo,143,2024-05-15 23:00:00+00:00,east,3914.970764086748,2583.873406588114,3229.841758235142,1695.7476691174056,2971.454417576331,0.0,medium_high,2.5,False
E0_true_no_migration_status_quo,143,2024-05-15 23:00:00+00:00,north,0.0,0.0,0.0,0.0,0.0,0.0,extremely_high,14.693,True
E0_true_no_migration_status_quo,143,2024-05-15 23:00:00+00:00,northwest,0.0,0.0,0.0,0.0,0.0,0.0,high,18.956,True
E0_true_no_migration_status_quo,143,2024-05-15 23:00:00+00:00,southwest,-0.0,-0.0,-0.0,-0.0,-0.0,-0.0,low_medium,17.801,True
E0_true_no_migration_status_quo,144,2024-05-16 00:00:00+00:00,east,3201.6447278538267,2113.0795523512206,2641.349440439026,1437.8515847709891,2430.0414852039034,0.0,medium_high,2.5,False
E0_true_no_migration_status_quo,144,2024-05-16 00:00:00+00:00,north,0.0,0.0,0.0,0.0,0.0,0.0,extremely_high,14.693,True
E0_true_no_migration_status_quo,144,2024-05-16 00:00:00+00:00,northwest,0.0,0.0,0.0,0.0,0.0,0.0,high,18.956,True
E0_true_no_migration_status_quo,144,2024-05-16 00:00:00+00:00,southwest,-0.0,-0.0,-0.0,-0.0,-0.0,-0.0,low_medium,17.801,True
E0_true_no_migration_status_quo,145,2024-05-16 01:00:00+00:00,east,2826.396202046798,1865.4162248013522,2331.77028100169,1273.8169573827106,2145.2286585215547,0.0,medium_high,2.5,False
E0_true_no_migration_status_quo,145,2024-05-16 01:00:00+00:00,north,0.0,0.0,0.0,0.0,0.0,0.0,extremely_high,14.693,True
E0_true_no_migration_status_quo,145,2024-05-16 01:00:00+00:00,northwest,0.0,0.0,0.0,0.0,0.0,0.0,high,18.956,True
E0_true_no_migration_status_quo,145,2024-05-16 01:00:00+00:00,southwest,-0.0,-0.0,-0.0,-0.0,-0.0,-0.0,low_medium,17.801,True
E0_true_no_migration_status_quo,146,2024-05-16 02:00:00+00:00,east,2702.284155899566,1783.5025056954887,2229.378132119361,1221.0582701884255,2051.027881549812,0.0,medium_high,2.5,False
E0_true_no_migration_status_quo,146,2024-05-16 02:00:00+00:00,north,0.0,0.0,0.0,0.0,0.0,0.0,extremely_high,14.693,True
E0_true_no_migration_status_quo,146,2024-05-16 02:00:00+00:00,northwest,0.0,0.0,0.0,0.0,0.0,0.0,high,18.956,True
E0_true_no_migration_status_quo,146,2024-05-16 02:00:00+00:00,southwest,-0.0,-0.0,-0.0,-0.0,-0.0,-0.0,low_medium,17.801,True
E0_true_no_migration_status_quo,147,2024-05-16 03:00:00+00:00,east,2205.1851611574434,1455.4180957840704,1819.2726197300879,998.8716318628046,1673.7308101516808,0.0,medium_high,2.5,False
E0_true_no_migration_status_quo,147,2024-05-16 03:00:00+00:00,north,0.0,0.0,0.0,0.0,0.0,0.0,extremely_high,14.693,True
E0_true_no_migration_status_quo,147,2024-05-16 03:00:00+00:00,northwest,0.0,0.0,0.0,0.0,0.0,0.0,high,18.956,True
E0_true_no_migration_status_quo,147,2024-05-16 03:00:00+00:00,southwest,-0.0,-0.0,-0.0,-0.0,-0.0,-0.0,low_medium,17.801,True
E0_true_no_migration_status_quo,148,2024-05-16 04:00:00+00:00,east,1827.9049578633876,1206.4138648799167,1508.0173310998957,827.0721052417377,1387.375944611904,0.0,medium_high,2.5,False
E0_true_no_migration_status_quo,148,2024-05-16 04:00:00+00:00,north,0.0,0.0,0.0,0.0,0.0,0.0,extremely_high,14.693,True
E0_true_no_migration_status_quo,148,2024-05-16 04:00:00+00:00,northwest,0.0,0.0,0.0,0.0,0.0,0.0,high,18.956,True
E0_true_no_migration_status_quo,148,2024-05-16 04:00:00+00:00,southwest,-0.0,-0.0,-0.0,-0.0,-0.0,-0.0,low_medium,17.801,True
E0_true_no_migration_status_quo,149,2024-05-16 05:00:00+00:00,east,1610.9549781932096,1063.2272827036459,1329.034103379557,725.5861687400692,1222.7113751091927,0.0,medium_high,2.5,False
E0_true_no_migration_status_quo,149,2024-05-16 05:00:00+00:00,north,0.0,0.0,0.0,0.0,0.0,0.0,extremely_high,14.693,True
E0_true_no_migration_status_quo,149,2024-05-16 05:00:00+00:00,northwest,0.0,0.0,0.0,0.0,0.0,0.0,high,18.956,True
E0_true_no_migration_status_quo,149,2024-05-16 05:00:00+00:00,southwest,-0.0,-0.0,-0.0,-0.0,-0.0,-0.0,low_medium,17.801,True
E0_true_no_migration_status_quo,150,2024-05-16 06:00:00+00:00,east,1499.4401353380483,989.6276942887068,1237.0346178608834,670.5810034096618,1138.0718484320128,0.0,medium_high,2.5,False
E0_true_no_migration_status_quo,150,2024-05-16 06:00:00+00:00,north,0.0,0.0,0.0,0.0,0.0,0.0,extremely_high,14.693,True
E0_true_no_migration_status_quo,150,2024-05-16 06:00:00+00:00,northwest,0.0,0.0,0.0,0.0,0.0,0.0,high,18.956,True
E0_true_no_migration_status_quo,150,2024-05-16 06:00:00+00:00,southwest,-0.0,-0.0,-0.0,-0.0,-0.0,-0.0,low_medium,17.801,True
E0_true_no_migration_status_quo,151,2024-05-16 07:00:00+00:00,east,1383.7122576239758,913.2475107202026,1141.559388400253,625.2891549962386,1050.2346373282328,0.0,medium_high,2.5,False
E0_true_no_migration_status_quo,151,2024-05-16 07:00:00+00:00,north,0.0,0.0,0.0,0.0,0.0,0.0,extremely_high,14.693,True
E0_true_no_migration_status_quo,151,2024-05-16 07:00:00+00:00,northwest,0.0,0.0,0.0,0.0,0.0,0.0,high,18.956,True
E0_true_no_migration_status_quo,151,2024-05-16 07:00:00+00:00,southwest,-0.0,-0.0,-0.0,-0.0,-0.0,-0.0,low_medium,17.801,True
E0_true_no_migration_status_quo,152,2024-05-16 08:00:00+00:00,east,1300.1261615407675,858.0808431141159,1072.6010538926448,584.8357246349645,986.7929695812331,0.0,medium_high,2.5,False
E0_true_no_migration_status_quo,152,2024-05-16 08:00:00+00:00,north,0.0,0.0,0.0,0.0,0.0,0.0,extremely_high,14.693,True
E0_true_no_migration_status_quo,152,2024-05-16 08:00:00+00:00,northwest,0.0,0.0,0.0,0.0,0.0,0.0,high,18.956,True
E0_true_no_migration_status_quo,152,2024-05-16 08:00:00+00:00,southwest,-0.0,-0.0,-0.0,-0.0,-0.0,-0.0,low_medium,17.801,True
E0_true_no_migration_status_quo,153,2024-05-16 09:00:00+00:00,east,1446.8002062917924,954.8854392417437,1193.6067990521797,593.4613004887436,1098.118255128005,0.0,medium_high,2.5,False
E0_true_no_migration_status_quo,153,2024-05-16 09:00:00+00:00,north,0.0,0.0,0.0,0.0,0.0,0.0,extremely_high,14.693,True
E0_true_no_migration_status_quo,153,2024-05-16 09:00:00+00:00,northwest,0.0,0.0,0.0,0.0,0.0,0.0,high,18.956,True
E0_true_no_migration_status_quo,153,2024-05-16 09:00:00+00:00,southwest,-0.0,-0.0,-0.0,-0.0,-0.0,-0.0,low_medium,17.801,True
E0_true_no_migration_status_quo,154,2024-05-16 10:00:00+00:00,east,1344.5542831835842,887.4033205820452,1109.2541507275564,481.37470438510724,1020.513818669352,0.0,medium_high,2.5,False
E0_true_no_migration_status_quo,154,2024-05-16 10:00:00+00:00,north,0.0,0.0,0.0,0.0,0.0,0.0,extremely_high,14.693,True
E0_true_no_migration_status_quo,154,2024-05-16 10:00:00+00:00,northwest,0.0,0.0,0.0,0.0,0.0,0.0,high,18.956,True
E0_true_no_migration_status_quo,154,2024-05-16 10:00:00+00:00,southwest,-0.0,-0.0,-0.0,-0.0,-0.0,-0.0,low_medium,17.801,True
E0_true_no_migration_status_quo,155,2024-05-16 11:00:00+00:00,east,2105.3592968290395,1389.5332114079274,1736.916514259909,679.7857007684719,1597.9631931191163,0.0,medium_high,2.5,False
E0_true_no_migration_status_quo,155,2024-05-16 11:00:00+00:00,north,0.0,0.0,0.0,0.0,0.0,0.0,extremely_high,14.693,True
E0_true_no_migration_status_quo,155,2024-05-16 11:00:00+00:00,northwest,0.0,0.0,0.0,0.0,0.0,0.0,high,18.956,True
E0_true_no_migration_status_quo,155,2024-05-16 11:00:00+00:00,southwest,-0.0,-0.0,-0.0,-0.0,-0.0,-0.0,low_medium,17.801,True
E0_true_no_migration_status_quo,156,2024-05-16 12:00:00+00:00,east,3593.717562227195,2371.846892193487,2964.808615241858,1020.3388849354852,2727.6239260225093,0.0,medium_high,2.5,False
E0_true_no_migration_status_quo,156,2024-05-16 12:00:00+00:00,north,0.0,0.0,0.0,0.0,0.0,0.0,extremely_high,14.693,True
E0_true_no_migration_status_quo,156,2024-05-16 12:00:00+00:00,northwest,0.0,0.0,0.0,0.0,0.0,0.0,high,18.956,True
E0_true_no_migration_status_quo,156,2024-05-16 12:00:00+00:00,southwest,-0.0,-0.0,-0.0,-0.0,-0.0,-0.0,low_medium,17.801,True
E0_true_no_migration_status_quo,157,2024-05-16 13:00:00+00:00,east,5448.993033488388,3596.3252448958947,4495.406556119868,1459.1527755345576,4135.774031630279,0.0,medium_high,2.5,False
E0_true_no_migration_status_quo,157,2024-05-16 13:00:00+00:00,north,0.0,0.0,0.0,0.0,0.0,0.0,extremely_high,14.693,True
E0_true_no_migration_status_quo,157,2024-05-16 13:00:00+00:00,northwest,0.0,0.0,0.0,0.0,0.0,0.0,high,18.956,True
E0_true_no_migration_status_quo,157,2024-05-16 13:00:00+00:00,southwest,-0.0,-0.0,-0.0,-0.0,-0.0,-0.0,low_medium,17.801,True
E0_true_no_migration_status_quo,158,2024-05-16 14:00:00+00:00,east,7866.765313330609,5192.050442738471,6490.063053423089,2228.2008978164818,5970.858009149241,0.0,medium_high,2.5,False
E0_true_no_migration_status_quo,158,2024-05-16 14:00:00+00:00,north,0.0,0.0,0.0,0.0,0.0,0.0,extremely_high,14.693,True
E0_true_no_migration_status_quo,158,2024-05-16 14:00:00+00:00,northwest,-0.0,-0.0,-0.0,-0.0,-0.0,-0.0,high,18.956,True
E0_true_no_migration_status_quo,158,2024-05-16 14:00:00+00:00,southwest,0.0,0.0,0.0,0.0,0.0,0.0,low_medium,17.801,True
E0_true_no_migration_status_quo,159,2024-05-16 15:00:00+00:00,east,8633.829331688103,5698.311265007188,7122.889081258985,2812.917934302689,6553.057954758266,0.0,medium_high,2.5,False
E0_true_no_migration_status_quo,159,2024-05-16 15:00:00+00:00,north,0.0,0.0,0.0,0.0,0.0,0.0,extremely_high,14.693,True
E0_true_no_migration_status_quo,159,2024-05-16 15:00:00+00:00,northwest,0.0,0.0,0.0,0.0,0.0,0.0,high,18.956,True
E0_true_no_migration_status_quo,159,2024-05-16 15:00:00+00:00,southwest,-0.0,-0.0,-0.0,-0.0,-0.0,-0.0,low_medium,17.801,True
E0_true_no_migration_status_quo,160,2024-05-16 16:00:00+00:00,east,8576.278138542542,5660.327584809536,7075.4094810119195,3394.516141133981,6509.376722530966,0.0,medium_high,2.5,False
E0_true_no_migration_status_quo,160,2024-05-16 16:00:00+00:00,north,0.0,0.0,0.0,0.0,0.0,0.0,extremely_high,14.693,True
E0_true_no_migration_status_quo,160,2024-05-16 16:00:00+00:00,northwest,0.0,0.0,0.0,0.0,0.0,0.0,high,18.956,True
E0_true_no_migration_status_quo,160,2024-05-16 16:00:00+00:00,southwest,-0.0,-0.0,-0.0,-0.0,-0.0,-0.0,low_medium,17.801,True
E0_true_no_migration_status_quo,161,2024-05-16 17:00:00+00:00,east,9542.130162570113,6297.788120269322,7872.235150336651,4017.201597216793,7242.456338309718,0.0,medium_high,2.5,False
E0_true_no_migration_status_quo,161,2024-05-16 17:00:00+00:00,north,0.0,0.0,0.0,0.0,0.0,0.0,extremely_high,14.693,True
E0_true_no_migration_status_quo,161,2024-05-16 17:00:00+00:00,northwest,0.0,0.0,0.0,0.0,0.0,0.0,high,18.956,True
E0_true_no_migration_status_quo,161,2024-05-16 17:00:00+00:00,southwest,-0.0,-0.0,-0.0,-0.0,-0.0,-0.0,low_medium,17.801,True
E0_true_no_migration_status_quo,162,2024-05-16 18:00:00+00:00,east,10496.37141542064,6927.585568395339,8659.481960494173,4390.24911044604,7966.723403654639,0.0,medium_high,2.5,False
E0_true_no_migration_status_quo,162,2024-05-16 18:00:00+00:00,north,0.0,0.0,0.0,0.0,0.0,0.0,extremely_high,14.693,True
E0_true_no_migration_status_quo,162,2024-05-16 18:00:00+00:00,northwest,0.0,0.0,0.0,0.0,0.0,0.0,high,18.956,True
E0_true_no_migration_status_quo,162,2024-05-16 18:00:00+00:00,southwest,-0.0,-0.0,-0.0,-0.0,-0.0,-0.0,low_medium,17.801,True
E0_true_no_migration_status_quo,163,2024-05-16 19:00:00+00:00,east,10497.653111240234,6928.431485247123,8660.539356558904,4330.377935021409,7967.696208034191,0.0,medium_high,2.5,False
E0_true_no_migration_status_quo,163,2024-05-16 19:00:00+00:00,north,0.0,0.0,0.0,0.0,0.0,0.0,extremely_high,14.693,True
E0_true_no_migration_status_quo,163,2024-05-16 19:00:00+00:00,northwest,0.0,0.0,0.0,0.0,0.0,0.0,high,18.956,True
E0_true_no_migration_status_quo,163,2024-05-16 19:00:00+00:00,southwest,-0.0,-0.0,-0.0,-0.0,-0.0,-0.0,low_medium,17.801,True
E0_true_no_migration_status_quo,164,2024-05-16 20:00:00+00:00,east,9960.478034461636,6573.896935895533,8217.371169869415,4081.054674376021,7559.981476279862,0.0,medium_high,2.5,False
E0_true_no_migration_status_quo,164,2024-05-16 20:00:00+00:00,north,0.0,0.0,0.0,0.0,0.0,0.0,extremely_high,14.693,True
E0_true_no_migration_status_quo,164,2024-05-16 20:00:00+00:00,northwest,0.0,0.0,0.0,0.0,0.0,0.0,high,18.956,True
E0_true_no_migration_status_quo,164,2024-05-16 20:00:00+00:00,southwest,-0.0,-0.0,-0.0,-0.0,-0.0,-0.0,low_medium,17.801,True
E0_true_no_migration_status_quo,165,2024-05-16 21:00:00+00:00,east,6989.18207533897,4612.847141524792,5766.05892690599,2878.6328435212286,5304.77421275351,0.0,medium_high,2.5,False
E0_true_no_migration_status_quo,165,2024-05-16 21:00:00+00:00,north,0.0,0.0,0.0,0.0,0.0,0.0,extremely_high,14.693,True
E0_true_no_migration_status_quo,165,2024-05-16 21:00:00+00:00,northwest,0.0,0.0,0.0,0.0,0.0,0.0,high,18.956,True
E0_true_no_migration_status_quo,165,2024-05-16 21:00:00+00:00,southwest,-0.0,-0.0,-0.0,-0.0,-0.0,-0.0,low_medium,17.801,True
E0_true_no_migration_status_quo,166,2024-05-16 22:00:00+00:00,east,4731.914344412913,3123.054646778056,3903.8183084725697,2024.422579316163,3591.512843794764,0.0,medium_high,2.5,False
E0_true_no_migration_status_quo,166,2024-05-16 22:00:00+00:00,north,0.0,0.0,0.0,0.0,0.0,0.0,extremely_high,14.693,True
E0_true_no_migration_status_quo,166,2024-05-16 22:00:00+00:00,northwest,0.0,0.0,0.0,0.0,0.0,0.0,high,18.956,True
E0_true_no_migration_status_quo,166,2024-05-16 22:00:00+00:00,southwest,-0.0,-0.0,-0.0,-0.0,-0.0,-0.0,low_medium,17.801,True
E0_true_no_migration_status_quo,167,2024-05-16 23:00:00+00:00,east,3690.4829114405543,2435.71184229866,3044.6398028733247,1646.0845094234628,2801.0686186434586,0.0,medium_high,2.5,False
E0_true_no_migration_status_quo,167,2024-05-16 23:00:00+00:00,north,0.0,0.0,0.0,0.0,0.0,0.0,extremely_high,14.693,True
E0_true_no_migration_status_quo,167,2024-05-16 23:00:00+00:00,northwest,0.0,0.0,0.0,0.0,0.0,0.0,high,18.956,True
E0_true_no_migration_status_quo,167,2024-05-16 23:00:00+00:00,southwest,-0.0,-0.0,-0.0,-0.0,-0.0,-0.0,low_medium,17.801,True
E1_carbon_first,0,2024-05-10 00:00:00+00:00,east,1978.500261707881,1305.8064846998027,1632.2581058747533,878.052844829,1501.677457404773,0.0,medium_high,2.5,False
E1_carbon_first,0,2024-05-10 00:00:00+00:00,north,0.0,0.0,0.0,0.0,0.0,0.0,extremely_high,14.693,True
E1_carbon_first,0,2024-05-10 00:00:00+00:00,northwest,847.9286835890919,559.6313505856298,671.5576207027557,223.9308886233338,643.5760531734742,643.5760531734742,high,18.956,True
E1_carbon_first,0,2024-05-10 00:00:00+00:00,southwest,0.0,0.0,0.0,0.0,0.0,0.0,low_medium,17.801,True
E1_carbon_first,1,2024-05-10 01:00:00+00:00,east,1735.0706958305973,1145.1434249861682,1431.42928123271,771.0393823359992,1316.9149387340933,0.0,medium_high,2.5,False
E1_carbon_first,1,2024-05-10 01:00:00+00:00,north,0.0,0.0,0.0,0.0,0.0,0.0,extremely_high,14.693,True
E1_carbon_first,1,2024-05-10 01:00:00+00:00,northwest,743.6017267845417,490.7757535655007,588.9309042786008,195.67229294656508,564.3921166003257,564.3921166003257,high,18.956,True
E1_carbon_first,1,2024-05-10 01:00:00+00:00,southwest,0.0,0.0,0.0,0.0,0.0,0.0,low_medium,17.801,True
E1_carbon_first,2,2024-05-10 02:00:00+00:00,east,1667.9813956357798,1100.8646119155337,1376.0807648944171,737.6480940216524,1265.9943037028638,0.0,medium_high,2.5,False
E1_carbon_first,2,2024-05-10 02:00:00+00:00,north,0.0,0.0,0.0,0.0,0.0,0.0,extremely_high,14.693,True
E1_carbon_first,2,2024-05-10 02:00:00+00:00,northwest,714.8491695581912,471.79911939237155,566.1589432708458,187.6250737999583,542.5689873012273,542.5689873012273,high,18.956,True
E1_carbon_first,2,2024-05-10 02:00:00+00:00,southwest,0.0,0.0,0.0,0.0,0.0,0.0,low_medium,17.801,True
E1_carbon_first,3,2024-05-10 03:00:00+00:00,east,1505.522095267479,993.6417765050414,1242.0522206313017,659.995498737958,1142.6880429807975,0.0,medium_high,2.5,False
E1_carbon_first,3,2024-05-10 03:00:00+00:00,north,0.0,0.0,0.0,0.0,0.0,0.0,extremely_high,14.693,True
E1_carbon_first,3,2024-05-10 03:00:00+00:00,northwest,645.223755114634,425.8464756450178,511.01577077402135,168.2008409502691,489.72344699177046,489.72344699177046,high,18.956,True
E1_carbon_first,3,2024-05-10 03:00:00+00:00,southwest,0.0,0.0,0.0,0.0,0.0,0.0,low_medium,17.801,True
E1_carbon_first,4,2024-05-10 04:00:00+00:00,east,1336.0533050728227,881.792690875208,1102.24086359401,581.3218314594809,1014.0615945064892,0.0,medium_high,2.5,False
E1_carbon_first,4,2024-05-10 04:00:00+00:00,north,0.0,0.0,0.0,0.0,0.0,0.0,extremely_high,14.693,True
E1_carbon_first,4,2024-05-10 04:00:00+00:00,northwest,572.5942736026383,377.911153232232,453.49338387867834,148.63245656623684,434.59782621706677,434.59782621706677,high,18.956,True
E1_carbon_first,4,2024-05-10 04:00:00+00:00,southwest,0.0,0.0,0.0,0.0,0.0,0.0,low_medium,17.801,True
E1_carbon_first,5,2024-05-10 05:00:00+00:00,east,991.3035569999661,654.2584997785851,817.8231247232313,425.441812270084,752.3972747453728,0.0,medium_high,2.5,False
E1_carbon_first,5,2024-05-10 05:00:00+00:00,north,0.0,0.0,0.0,0.0,0.0,0.0,extremely_high,14.693,True
E1_carbon_first,5,2024-05-10 05:00:00+00:00,northwest,424.84438157141403,280.3964999051079,336.47579988612944,109.80887729283833,322.4559748908741,322.4559748908741,high,18.956,True
E1_carbon_first,5,2024-05-10 05:00:00+00:00,southwest,0.0,0.0,0.0,0.0,0.0,0.0,low_medium,17.801,True
E1_carbon_first,6,2024-05-10 06:00:00+00:00,east,946.9259955598882,624.9693919502165,781.2117399377705,404.91180995649563,718.7148007427489,0.0,medium_high,2.5,False
E1_carbon_first,6,2024-05-10 06:00:00+00:00,north,0.0,0.0,0.0,0.0,0.0,0.0,extremely_high,14.693,True
E1_carbon_first,6,2024-05-10 06:00:00+00:00,northwest,0.0,0.0,0.0,0.0,0.0,0.0,high,18.956,True
E1_carbon_first,6,2024-05-10 06:00:00+00:00,southwest,405.8254266685235,267.8440251215214,321.4128301458256,107.27688894167173,308.0206288897495,0.0,low_medium,17.801,True
E1_carbon_first,7,2024-05-10 07:00:00+00:00,east,833.5974056767752,550.1727338777482,687.7159173471853,369.1916937788696,632.6986439594104,0.0,medium_high,2.5,False
E1_carbon_first,7,2024-05-10 07:00:00+00:00,north,0.0,0.0,0.0,0.0,0.0,0.0,extremely_high,14.693,True
E1_carbon_first,7,2024-05-10 07:00:00+00:00,northwest,0.0,0.0,0.0,0.0,0.0,0.0,high,18.956,True
E1_carbon_first,7,2024-05-10 07:00:00+00:00,southwest,357.2560310043322,235.78831451903494,282.9459774228419,87.15679257881607,271.15656169689015,0.0,low_medium,17.801,True
E1_carbon_first,8,2024-05-10 08:00:00+00:00,east,714.0665031956806,471.28256105204537,589.1032013150567,319.23502479262925,541.9749452098521,0.0,medium_high,2.5,False
E1_carbon_first,8,2024-05-10 08:00:00+00:00,north,0.0,0.0,0.0,0.0,0.0,0.0,extremely_high,14.693,True
E1_carbon_first,8,2024-05-10 08:00:00+00:00,northwest,0.0,0.0,0.0,0.0,0.0,0.0,high,18.956,True
E1_carbon_first,8,2024-05-10 08:00:00+00:00,southwest,306.0285013695774,201.97824045087657,242.37388854105185,69.07655823419977,232.27497651850803,0.0,low_medium,17.801,True
E1_carbon_first,9,2024-05-10 09:00:00+00:00,east,832.9866261460777,549.7696205260127,687.2120256575158,328.53029901589616,632.2350636049146,0.0,medium_high,2.5,False
E1_carbon_first,9,2024-05-10 09:00:00+00:00,north,0.0,0.0,0.0,0.0,0.0,0.0,extremely_high,14.693,True
E1_carbon_first,9,2024-05-10 09:00:00+00:00,northwest,0.0,0.0,0.0,0.0,0.0,0.0,high,18.956,True
E1_carbon_first,9,2024-05-10 09:00:00+00:00,southwest,356.99426834831905,235.61555165400546,282.7386619848065,79.40244090739984,270.95788440210623,0.0,low_medium,17.801,True
E1_carbon_first,10,2024-05-10 10:00:00+00:00,east,785.8552216468906,518.6629814119387,648.3287267649233,272.70327069549586,596.4624286237295,0.0,medium_high,2.5,False
E1_carbon_first,10,2024-05-10 10:00:00+00:00,north,0.0,0.0,0.0,0.0,0.0,0.0,extremely_high,14.693,True
E1_carbon_first,10,2024-05-10 10:00:00+00:00,northwest,0.0,0.0,0.0,0.0,0.0,0.0,high,18.956,True
E1_carbon_first,10,2024-05-10 10:00:00+00:00,southwest,336.79509499152454,222.28413489083087,266.74096186899703,78.80417150149735,255.62675512445546,0.0,low_medium,17.801,True
E1_carbon_first,11,2024-05-10 11:00:00+00:00,east,1047.2946868133522,691.2125410850416,864.0156763563019,320.72261906345926,794.8944222477978,0.0,medium_high,2.5,False
E1_carbon_first,11,2024-05-10 11:00:00+00:00,north,0.0,0.0,0.0,0.0,0.0,0.0,extremely_high,14.693,True
E1_carbon_first,11,2024-05-10 11:00:00+00:00,northwest,0.0,0.0,0.0,0.0,0.0,0.0,high,18.956,True
E1_carbon_first,11,2024-05-10 11:00:00+00:00,southwest,448.84058006286523,296.23394617930353,355.48073541516425,102.14146464262383,340.669038106199,0.0,low_medium,17.801,True
E1_carbon_first,12,2024-05-10 12:00:00+00:00,east,1916.3020613166836,1264.7557883822933,1580.9447354778665,498.80782585246027,1454.469156639637,0.0,medium_high,2.5,False
E1_carbon_first,12,2024-05-10 12:00:00+00:00,north,0.0,0.0,0.0,0.0,0.0,0.0,extremely_high,14.693,True
E1_carbon_first,12,2024-05-10 12:00:00+00:00,northwest,0.0,0.0,0.0,0.0,0.0,0.0,high,18.956,True
E1_carbon_first,12,2024-05-10 12:00:00+00:00,southwest,821.2723119928645,542.0381950209828,650.4458340251794,188.0438906166793,623.3439242741302,0.0,low_medium,17.801,True
E1_carbon_first,13,2024-05-10 13:00:00+00:00,east,3184.128264062214,2101.518718900356,2626.8983986254448,804.4547983490596,2416.746526735409,0.0,medium_high,2.5,False
E1_carbon_first,13,2024-05-10 13:00:00+00:00,north,0.0,0.0,0.0,0.0,0.0,0.0,extremely_high,14.693,True
E1_carbon_first,13,2024-05-10 13:00:00+00:00,northwest,0.0,0.0,0.0,0.0,0.0,0.0,high,18.956,True
E1_carbon_first,13,2024-05-10 13:00:00+00:00,southwest,1364.6263988838061,900.650879528724,1080.7810554344687,301.3217582551299,1035.7485114580325,0.0,low_medium,17.801,True
E1_carbon_first,14,2024-05-10 14:00:00+00:00,east,4719.553887140194,3114.896768018597,3893.6209600232455,1254.3299922714884,3582.1312832213857,0.0,medium_high,2.5,False
E1_carbon_first,14,2024-05-10 14:00:00+00:00,north,0.0,0.0,0.0,0.0,0.0,0.0,extremely_high,14.693,True
E1_carbon_first,14,2024-05-10 14:00:00+00:00,northwest,0.0,0.0,0.0,0.0,0.0,0.0,high,18.956,True
E1_carbon_first,14,2024-05-10 14:00:00+00:00,southwest,2022.6659516315115,1334.9557577222556,1601.9469092667066,438.7198602178421,1535.1991213805936,0.0,low_medium,17.801,True
E1_carbon_first,15,2024-05-10 15:00:00+00:00,east,5243.958857157045,3461.0030707115775,4326.253838389472,1588.9248784944932,3980.1535313183135,0.0,medium_high,2.5,False
E1_carbon_first,15,2024-05-10 15:00:00+00:00,north,0.0,0.0,0.0,0.0,0.0,0.0,extremely_high,14.693,True
E1_carbon_first,15,2024-05-10 15:00:00+00:00,northwest,0.0,0.0,0.0,0.0,0.0,0.0,high,18.956,True
E1_carbon_first,15,2024-05-10 15:00:00+00:00,southwest,2247.4109387815906,1483.2870303049617,1779.9444363659538,519.1504606067366,1705.7800848507059,0.0,low_medium,17.801,True
E1_carbon_first,16,2024-05-10 16:00:00+00:00,east,4776.353875533333,3152.3846544799358,3940.4808180999194,1914.4333494636194,3625.2423526519256,0.0,medium_high,2.5,False
E1_carbon_first,16,2024-05-10 16:00:00+00:00,north,0.0,0.0,0.0,0.0,0.0,0.0,extremely_high,14.693,True
E1_carbon_first,16,2024-05-10 16:00:00+00:00,northwest,0.0,0.0,0.0,0.0,0.0,0.0,high,18.956,True
E1_carbon_first,16,2024-05-10 16:00:00+00:00,southwest,2047.0088037999997,1351.0219947771152,1621.226393732538,358.1289103755175,1553.6752939936823,0.0,low_medium,17.801,True
E1_carbon_first,17,2024-05-10 17:00:00+00:00,east,5332.987447635158,3519.761774473209,4399.70221809151,2272.061221700182,4047.7260406441897,0.0,medium_high,2.5,False
E1_carbon_first,17,2024-05-10 17:00:00+00:00,north,0.0,0.0,0.0,0.0,0.0,0.0,extremely_high,14.693,True
E1_carbon_first,17,2024-05-10 17:00:00+00:00,northwest,0.0,0.0,0.0,0.0,0.0,0.0,high,18.956,True
E1_carbon_first,17,2024-05-10 17:00:00+00:00,southwest,2285.5660489864963,1508.4693319170894,1810.1631983005072,346.22388106161037,1734.7397317046527,0.0,low_medium,17.801,True
E1_carbon_first,18,2024-05-10 18:00:00+00:00,east,5605.6595023233995,3699.724822292555,4624.656027865693,2367.823886267235,4254.683545636438,0.0,medium_high,2.5,False
E1_carbon_first,18,2024-05-10 18:00:00+00:00,north,0.0,0.0,0.0,0.0,0.0,0.0,extremely_high,14.693,True
E1_carbon_first,18,2024-05-10 18:00:00+00:00,northwest,0.0,0.0,0.0,0.0,0.0,0.0,high,18.956,True
E1_carbon_first,18,2024-05-10 18:00:00+00:00,southwest,2402.4255009957424,1585.5963524110948,1902.7156228933138,306.65433455630557,1823.435805272759,0.0,low_medium,17.801,True
E1_carbon_first,19,2024-05-10 19:00:00+00:00,east,6061.041409458414,4000.2760321461033,5000.3450401826285,2529.1120170113713,4600.317436968018,0.0,medium_high,2.5,False
E1_carbon_first,19,2024-05-10 19:00:00+00:00,north,0.0,0.0,0.0,0.0,0.0,0.0,extremely_high,14.693,True
E1_carbon_first,19,2024-05-10 19:00:00+00:00,northwest,0.0,0.0,0.0,0.0,0.0,0.0,high,18.956,True
E1_carbon_first,19,2024-05-10 19:00:00+00:00,southwest,2597.5891754821773,1714.4040137769014,2057.2848165322816,342.6750742737269,1971.5646158434363,0.0,low_medium,17.801,True
E1_carbon_first,20,2024-05-10 20:00:00+00:00,east,5796.419385110705,3825.6259893458327,4782.032486682291,2429.0334016102697,4399.469887747708,0.0,medium_high,2.5,False
E1_carbon_first,20,2024-05-10 20:00:00+00:00,north,0.0,0.0,0.0,0.0,0.0,0.0,extremely_high,14.693,True
E1_carbon_first,20,2024-05-10 20:00:00+00:00,northwest,0.0,0.0,0.0,0.0,0.0,0.0,high,18.956,True
E1_carbon_first,20,2024-05-10 20:00:00+00:00,southwest,2484.1797364760164,1639.5539954339283,1967.464794520714,338.01045169865847,1885.4870947490174,0.0,low_medium,17.801,True
E1_carbon_first,21,2024-05-10 21:00:00+00:00,east,4140.1634244659945,2732.500142667584,3415.62517833448,1748.2450522157746,3142.3751640677215,0.0,medium_high,2.5,False
E1_carbon_first,21,2024-05-10 21:00:00+00:00,north,0.0,0.0,0.0,0.0,0.0,0.0,extremely_high,14.693,True
E1_carbon_first,21,2024-05-10 21:00:00+00:00,northwest,0.0,0.0,0.0,0.0,0.0,0.0,high,18.956,True
E1_carbon_first,21,2024-05-10 21:00:00+00:00,southwest,1774.355753342569,1171.0714897146788,1405.2857876576145,245.12868422707652,1346.7322131718806,0.0,low_medium,17.801,True
E1_carbon_first,22,2024-05-10 22:00:00+00:00,east,2871.508279863791,1895.190112069308,2368.9876400866347,1226.2176148543433,2179.468628879704,0.0,medium_high,2.5,False
E1_carbon_first,22,2024-05-10 22:00:00+00:00,north,0.0,0.0,0.0,0.0,0.0,0.0,extremely_high,14.693,True
E1_carbon_first,22,2024-05-10 22:00:00+00:00,northwest,0.0,0.0,0.0,0.0,0.0,0.0,high,18.956,True
E1_carbon_first,22,2024-05-10 22:00:00+00:00,southwest,1230.6464056559103,812.2243337439891,974.6692004927868,192.65961196407412,934.0579838055874,0.0,low_medium,17.801,True
E1_carbon_first,23,2024-05-10 23:00:00+00:00,east,1821.1226508568948,1201.9375548982043,1502.4219436227554,817.6743625423893,1382.228188132935,0.0,medium_high,2.5,False
E1_carbon_first,23,2024-05-10 23:00:00+00:00,north,0.0,0.0,0.0,0.0,0.0,0.0,extremely_high,14.693,True
E1_carbon_first,23,2024-05-10 23:00:00+00:00,northwest,0.0,0.0,0.0,0.0,0.0,0.0,high,18.956,True
E1_carbon_first,23,2024-05-10 23:00:00+00:00,southwest,780.4811360815262,515.1160949563732,618.1393139476478,126.98641972864509,592.3835091998292,0.0,low_medium,17.801,True
E1_carbon_first,24,2024-05-11 00:00:00+00:00,east,1316.485128016527,868.8777304941527,1086.0971631176908,643.5397215763098,999.2093900682755,0.0,medium_high,2.5,False
E1_carbon_first,24,2024-05-11 00:00:00+00:00,north,0.0,0.0,0.0,0.0,0.0,0.0,extremely_high,14.693,True
E1_carbon_first,24,2024-05-11 00:00:00+00:00,northwest,0.0,0.0,0.0,0.0,0.0,0.0,high,18.956,True
E1_carbon_first,24,2024-05-11 00:00:00+00:00,southwest,564.207912007083,372.37617021177977,446.8514042541357,154.34247502937845,428.23259574354665,0.0,low_medium,17.801,True
E1_carbon_first,25,2024-05-11 01:00:00+00:00,east,1185.092925735265,782.1591219104192,977.698902388024,579.7632278798183,899.482990196982,0.0,medium_high,2.5,False
E1_carbon_first,25,2024-05-11 01:00:00+00:00,north,0.0,0.0,0.0,0.0,0.0,0.0,extremely_high,14.693,True
E1_carbon_first,25,2024-05-11 01:00:00+00:00,northwest,0.0,0.0,0.0,0.0,0.0,0.0,high,18.956,True
E1_carbon_first,25,2024-05-11 01:00:00+00:00,southwest,507.89696817225644,335.2110522473225,402.253262696787,143.72509076156197,385.4927100844209,0.0,low_medium,17.801,True
E1_carbon_first,26,2024-05-11 02:00:00+00:00,east,972.3502878390764,641.7493774622775,802.1867218278468,476.6593501101065,738.011784081619,0.0,medium_high,2.5,False
E1_carbon_first,26,2024-05-11 02:00:00+00:00,north,0.0,0.0,0.0,0.0,0.0,0.0,extremely_high,14.693,True
E1_carbon_first,26,2024-05-11 02:00:00+00:00,northwest,0.0,0.0,0.0,0.0,0.0,0.0,high,18.956,True
E1_carbon_first,26,2024-05-11 02:00:00+00:00,southwest,416.7215519310327,275.0354474838332,330.0425369805998,118.6722948803243,316.2907646064081,0.0,low_medium,17.801,True
E1_carbon_first,27,2024-05-11 03:00:00+00:00,east,1026.6533771161774,677.5893151613811,846.9866439517264,506.434489084836,779.2277124355883,0.0,medium_high,2.5,False
E1_carbon_first,27,2024-05-11 03:00:00+00:00,north,0.0,0.0,0.0,0.0,0.0,0.0,extremely_high,14.693,True
E1_carbon_first,27,2024-05-11 03:00:00+00:00,northwest,0.0,0.0,0.0,0.0,0.0,0.0,high,18.956,True
E1_carbon_first,27,2024-05-11 03:00:00+00:00,southwest,439.9943044783617,290.395420783449,348.47450494013884,127.39066318928339,333.95473390096635,0.0,low_medium,17.801,True
E1_carbon_first,28,2024-05-11 04:00:00+00:00,east,825.6665237653431,544.9383665997794,681.1729582497243,406.82203465266963,626.6791215897463,0.0,medium_high,2.5,False
E1_carbon_first,28,2024-05-11 04:00:00+00:00,north,0.0,0.0,0.0,0.0,0.0,0.0,extremely_high,14.693,True
E1_carbon_first,28,2024-05-11 04:00:00+00:00,northwest,0.0,0.0,0.0,0.0,0.0,0.0,high,18.956,True
E1_carbon_first,28,2024-05-11 04:00:00+00:00,southwest,353.85708161371844,233.5450142570483,280.25401710845796,102.21798184002489,268.57676639560555,0.0,low_medium,17.801,True
E1_carbon_first,29,2024-05-11 05:00:00+00:00,east,669.0858471029446,441.5954118771222,551.9942648464028,328.1122909530123,507.8347236586905,0.0,medium_high,2.5,False
E1_carbon_first,29,2024-05-11 05:00:00+00:00,north,0.0,0.0,0.0,0.0,0.0,0.0,extremely_high,14.693,True
E1_carbon_first,29,2024-05-11 05:00:00+00:00,northwest,0.0,0.0,0.0,0.0,0.0,0.0,high,18.956,True
E1_carbon_first,29,2024-05-11 05:00:00+00:00,southwest,286.7510773298334,189.25517651876663,227.10621182251995,80.5242925052048,217.64345299658163,0.0,low_medium,17.801,True
E1_carbon_first,30,2024-05-11 06:00:00+00:00,east,590.1550006658933,389.5012003598717,486.87650044983957,285.954740626702,447.92638041385237,0.0,medium_high,2.5,False
E1_carbon_first,30,2024-05-11 06:00:00+00:00,north,0.0,0.0,0.0,0.0,0.0,0.0,extremely_high,14.693,True
E1_carbon_first,30,2024-05-11 06:00:00+00:00,northwest,0.0,0.0,0.0,0.0,0.0,0.0,high,18.956,True
E1_carbon_first,30,2024-05-11 06:00:00+00:00,southwest,252.92357171395423,166.9290858685164,200.31490304221967,64.85528844163596,191.96844874879383,0.0,low_medium,17.801,True
E1_carbon_first,31,2024-05-11 07:00:00+00:00,east,410.4590381030243,270.90220003099915,338.6277500387489,195.98081033492593,311.53753003564896,0.0,medium_high,2.5,False
E1_carbon_first,31,2024-05-11 07:00:00+00:00,north,0.0,0.0,0.0,0.0,0.0,0.0,extremely_high,14.693,True
E1_carbon_first,31,2024-05-11 07:00:00+00:00,northwest,0.0,0.0,0.0,0.0,0.0,0.0,high,18.956,True
E1_carbon_first,31,2024-05-11 07:00:00+00:00,southwest,175.91101632986755,116.1009428704282,139.32113144451384,42.85982407004727,133.51608430099242,0.0,low_medium,17.801,True
E1_carbon_first,32,2024-05-11 08:00:00+00:00,east,353.3528776779265,233.21224059928798,291.51530074910994,166.2621078409955,268.19407668918114,0.0,medium_high,2.5,False
E1_carbon_first,32,2024-05-11 08:00:00+00:00,north,0.0,0.0,0.0,0.0,0.0,0.0,extremely_high,14.693,True
E1_carbon_first,32,2024-05-11 08:00:00+00:00,northwest,0.0,0.0,0.0,0.0,0.0,0.0,high,18.956,True
E1_carbon_first,32,2024-05-11 08:00:00+00:00,southwest,151.4369475762542,99.94810311398055,119.93772373677666,33.174774385592414,114.94031858107763,0.0,low_medium,17.801,True
E1_carbon_first,33,2024-05-11 09:00:00+00:00,east,270.3170597130443,178.40875552554948,223.01094440693683,115.21581679103882,205.1700688543819,0.0,medium_high,2.5,False
E1_carbon_first,33,2024-05-11 09:00:00+00:00,north,0.0,0.0,0.0,0.0,0.0,0.0,extremely_high,14.693,True
E1_carbon_first,33,2024-05-11 09:00:00+00:00,northwest,0.0,0.0,0.0,0.0,0.0,0.0,high,18.956,True
E1_carbon_first,33,2024-05-11 09:00:00+00:00,southwest,115.85016844844753,76.46089522523549,91.75307427028257,24.14329227632035,87.9300295090208,0.0,low_medium,17.801,True
E1_carbon_first,34,2024-05-11 10:00:00+00:00,east,269.0739745325483,177.58832162359755,221.98540202949692,104.35811231159188,204.22656986713716,0.0,medium_high,2.5,False
E1_carbon_first,34,2024-05-11 10:00:00+00:00,north,0.0,0.0,0.0,0.0,0.0,0.0,extremely_high,14.693,True
E1_carbon_first,34,2024-05-11 10:00:00+00:00,northwest,0.0,0.0,0.0,0.0,0.0,0.0,high,18.956,True
E1_carbon_first,34,2024-05-11 10:00:00+00:00,southwest,115.3174176568064,76.10928069582752,91.33113683499302,22.966736542772907,87.52567280020165,0.0,low_medium,17.801,True
E1_carbon_first,35,2024-05-11 11:00:00+00:00,east,375.5044051285489,247.8322074250994,309.79025928137423,132.1216732052651,285.00703853886426,0.0,medium_high,2.5,False
E1_carbon_first,35,2024-05-11 11:00:00+00:00,north,0.0,0.0,0.0,0.0,0.0,0.0,extremely_high,14.693,True
E1_carbon_first,35,2024-05-11 11:00:00+00:00,northwest,0.0,0.0,0.0,0.0,0.0,0.0,high,18.956,True
E1_carbon_first,35,2024-05-11 11:00:00+00:00,southwest,160.93045934080666,106.21380318218546,127.45656381862253,31.37555746001757,122.14587365951326,0.0,low_medium,17.801,True
E1_carbon_first,36,2024-05-11 12:00:00+00:00,east,543.9018892813176,358.97423306425713,448.7177913303214,185.15217864767382,412.8203680238957,0.0,medium_high,2.5,False
E1_carbon_first,36,2024-05-11 12:00:00+00:00,north,0.0,0.0,0.0,0.0,0.0,0.0,extremely_high,14.693,True
E1_carbon_first,36,2024-05-11 12:00:00+00:00,northwest,0.0,0.0,0.0,0.0,0.0,0.0,high,18.956,True
E1_carbon_first,36,2024-05-11 12:00:00+00:00,southwest,233.10080969199325,153.84609988468162,184.61531986161793,45.88306082960744,176.92301486738387,0.0,low_medium,17.801,True
E1_carbon_first,37,2024-05-11 13:00:00+00:00,east,660.643154338127,436.02325038996105,545.0290629874513,222.26285188628265,501.4267379484552,0.0,medium_high,2.5,False
E1_carbon_first,37,2024-05-11 13:00:00+00:00,north,0.0,0.0,0.0,0.0,0.0,0.0,extremely_high,14.693,True
E1_carbon_first,37,2024-05-11 13:00:00+00:00,northwest,0.0,0.0,0.0,0.0,0.0,0.0,high,18.956,True
E1_carbon_first,37,2024-05-11 13:00:00+00:00,southwest,283.1327804306258,186.86710730998328,224.2405287719799,56.23204993172014,214.89717340648073,0.0,low_medium,17.801,True
E1_carbon_first,38,2024-05-11 14:00:00+00:00,east,1024.0142823317888,675.8475175230947,844.8093969038682,354.75658599485683,777.2246451515588,0.0,medium_high,2.5,False
E1_carbon_first,38,2024-05-11 14:00:00+00:00,north,0.0,0.0,0.0,0.0,0.0,0.0,extremely_high,14.693,True
E1_carbon_first,38,2024-05-11 14:00:00+00:00,northwest,0.0,0.0,0.0,0.0,0.0,0.0,high,18.956,True
E1_carbon_first,38,2024-05-11 14:00:00+00:00,southwest,438.8632638564809,289.64893608132627,347.57872329759147,85.58546763331026,333.0962764935252,0.0,low_medium,17.801,True
E1_carbon_first,39,2024-05-11 15:00:00+00:00,east,1013.2690844197193,668.7557069307366,835.9446336634207,378.99639828715334,769.069062970347,0.0,medium_high,2.5,False
E1_carbon_first,39,2024-05-11 15:00:00+00:00,north,0.0,0.0,0.0,0.0,0.0,0.0,extremely_high,14.693,True
E1_carbon_first,39,2024-05-11 15:00:00+00:00,northwest,0.0,0.0,0.0,0.0,0.0,0.0,high,18.956,True
E1_carbon_first,39,2024-05-11 15:00:00+00:00,southwest,434.25817903702256,286.6095886846014,343.93150642152165,83.91928756685128,329.60102698729156,0.0,low_medium,17.801,True
E1_carbon_first,40,2024-05-11 16:00:00+00:00,east,1062.1607327714464,701.0241037063009,876.2801296328761,436.4422720652742,806.1777192622459,0.0,medium_high,2.5,False
E1_carbon_first,40,2024-05-11 16:00:00+00:00,north,0.0,0.0,0.0,0.0,0.0,0.0,extremely_high,14.693,True
E1_carbon_first,40,2024-05-11 16:00:00+00:00,northwest,0.0,0.0,0.0,0.0,0.0,0.0,high,18.956,True
E1_carbon_first,40,2024-05-11 16:00:00+00:00,southwest,455.2117426163342,300.4389015884147,360.5266819060976,80.90218741972826,345.50473682667683,0.0,low_medium,17.801,True
E1_carbon_first,41,2024-05-11 17:00:00+00:00,east,1211.1611439989888,799.3640973719621,999.2051217149526,520.8481597579405,919.2687119777563,0.0,medium_high,2.5,False
E1_carbon_first,41,2024-05-11 17:00:00+00:00,north,0.0,0.0,0.0,0.0,0.0,0.0,extremely_high,14.693,True
E1_carbon_first,41,2024-05-11 17:00:00+00:00,northwest,0.0,0.0,0.0,0.0,0.0,0.0,high,18.956,True
E1_carbon_first,41,2024-05-11 17:00:00+00:00,southwest,519.0690617138523,342.5846131594123,411.10153579129474,60.788213759006084,393.97230513332414,0.0,low_medium,17.801,True
E1_carbon_first,42,2024-05-11 18:00:00+00:00,east,1277.0889382720402,842.8763186993383,1053.5953983741729,551.6230407612778,969.307766504239,0.0,medium_high,2.5,False
E1_carbon_first,42,2024-05-11 18:00:00+00:00,north,0.0,0.0,0.0,0.0,0.0,0.0,extremely_high,14.693,True
E1_carbon_first,42,2024-05-11 18:00:00+00:00,northwest,0.0,0.0,0.0,0.0,0.0,0.0,high,18.956,True
E1_carbon_first,42,2024-05-11 18:00:00+00:00,southwest,547.3238306880172,361.2327080140021,433.4792496168025,75.52653459156754,415.4176142161024,0.0,low_medium,17.801,True
E1_carbon_first,43,2024-05-11 19:00:00+00:00,east,1352.796169676254,892.8429503039023,1116.0536878798778,585.8165807681478,1026.7693928494875,0.0,medium_high,2.5,False
E1_carbon_first,43,2024-05-11 19:00:00+00:00,north,0.0,0.0,0.0,0.0,0.0,0.0,extremely_high,14.693,True
E1_carbon_first,43,2024-05-11 19:00:00+00:00,northwest,0.0,0.0,0.0,0.0,0.0,0.0,high,18.956,True
E1_carbon_first,43,2024-05-11 19:00:00+00:00,southwest,579.7697870041088,382.64697870167237,459.17637444200676,79.69771272398427,440.04402550692316,0.0,low_medium,17.801,True
E1_carbon_first,44,2024-05-11 20:00:00+00:00,east,1205.0744225853068,795.3468725848974,994.1835907311216,518.553733630469,914.6489034726318,0.0,medium_high,2.5,False
E1_carbon_first,44,2024-05-11 20:00:00+00:00,north,0.0,0.0,0.0,0.0,0.0,0.0,extremely_high,14.693,True
E1_carbon_first,44,2024-05-11 20:00:00+00:00,northwest,0.0,0.0,0.0,0.0,0.0,0.0,high,18.956,True
E1_carbon_first,44,2024-05-11 20:00:00+00:00,southwest,516.4604668222743,340.86294539352735,409.0355344722328,67.66811191952303,391.9923872025564,0.0,low_medium,17.801,True
E1_carbon_first,45,2024-05-11 21:00:00+00:00,east,1104.887462092313,729.223665413227,911.5295817665336,477.7098655642961,838.6072152252109,0.0,medium_high,2.5,False
E1_carbon_first,45,2024-05-11 21:00:00+00:00,north,0.0,0.0,0.0,0.0,0.0,0.0,extremely_high,14.693,True
E1_carbon_first,45,2024-05-11 21:00:00+00:00,northwest,0.0,0.0,0.0,0.0,0.0,0.0,high,18.956,True
E1_carbon_first,45,2024-05-11 21:00:00+00:00,southwest,473.52319803956266,312.5244280342401,375.0293136410881,65.78014161264684,359.40309223937606,0.0,low_medium,17.801,True
E1_carbon_first,46,2024-05-11 22:00:00+00:00,east,1115.2571709578854,736.0676539348281,920.084567418535,497.62773828831456,846.4778020250521,0.0,medium_high,2.5,False
E1_carbon_first,46,2024-05-11 22:00:00+00:00,north,0.0,0.0,0.0,0.0,0.0,0.0,extremely_high,14.693,True
E1_carbon_first,46,2024-05-11 22:00:00+00:00,northwest,0.0,0.0,0.0,0.0,0.0,0.0,high,18.956,True
E1_carbon_first,46,2024-05-11 22:00:00+00:00,southwest,477.96735898195084,315.4575659720691,378.5490791664829,77.89278218982328,362.7762008678795,0.0,low_medium,17.801,True
E1_carbon_first,47,2024-05-11 23:00:00+00:00,east,898.1965956864069,592.8080788678549,741.0100985848185,415.35468550925543,681.729290698033,0.0,medium_high,2.5,False
E1_carbon_first,47,2024-05-11 23:00:00+00:00,north,0.0,0.0,0.0,0.0,0.0,0.0,extremely_high,14.693,True
E1_carbon_first,47,2024-05-11 23:00:00+00:00,northwest,0.0,0.0,0.0,0.0,0.0,0.0,high,18.956,True
E1_carbon_first,47,2024-05-11 23:00:00+00:00,southwest,384.9413981513172,254.0606052290806,304.8727262748967,72.35646036924214,292.16969601344266,0.0,low_medium,17.801,True
E1_carbon_first,48,2024-05-12 00:00:00+00:00,east,951.4636277628745,627.964220745805,784.9552759322562,469.3443833617944,722.1588538576757,0.0,medium_high,2.5,False
E1_carbon_first,48,2024-05-12 00:00:00+00:00,north,0.0,0.0,0.0,0.0,0.0,0.0,extremely_high,14.693,True
E1_carbon_first,48,2024-05-12 00:00:00+00:00,northwest,0.0,0.0,0.0,0.0,0.0,0.0,high,18.956,True
E1_carbon_first,48,2024-05-12 00:00:00+00:00,southwest,407.77012618408907,269.1275231767736,322.95302781212825,107.99549250037569,309.4966516532896,0.0,low_medium,17.801,True
E1_carbon_first,49,2024-05-12 01:00:00+00:00,east,1000.0054736323873,660.0017485351578,825.0021856689473,495.14568678386047,759.0020108154315,0.0,medium_high,2.5,False
E1_carbon_first,49,2024-05-12 01:00:00+00:00,north,0.0,0.0,0.0,0.0,0.0,0.0,extremely_high,14.693,True
E1_carbon_first,49,2024-05-12 01:00:00+00:00,northwest,0.0,0.0,0.0,0.0,0.0,0.0,high,18.956,True
E1_carbon_first,49,2024-05-12 01:00:00+00:00,southwest,428.57377441388024,282.85789222935335,339.429470675224,115.39470571388699,325.28657606375634,0.0,low_medium,17.801,True
E1_carbon_first,50,2024-05-12 02:00:00+00:00,east,948.6461540814713,626.1046933679964,782.6308667099954,475.53629749882714,720.0203973731958,0.0,medium_high,2.5,False
E1_carbon_first,50,2024-05-12 02:00:00+00:00,north,0.0,0.0,0.0,0.0,0.0,0.0,extremely_high,14.693,True
E1_carbon_first,50,2024-05-12 02:00:00+00:00,northwest,0.0,0.0,0.0,0.0,0.0,0.0,high,18.956,True
E1_carbon_first,50,2024-05-12 02:00:00+00:00,southwest,406.5626374634877,268.33058287199844,321.9966994463981,110.7990642795056,308.5801703027982,0.0,low_medium,17.801,True
E1_carbon_first,51,2024-05-12 03:00:00+00:00,east,894.2067361442078,590.1747790073091,737.7184737591364,450.9396385661941,678.7009958584055,0.0,medium_high,2.5,False
E1_carbon_first,51,2024-05-12 03:00:00+00:00,north,0.0,0.0,0.0,0.0,0.0,0.0,extremely_high,14.693,True
E1_carbon_first,51,2024-05-12 03:00:00+00:00,northwest,0.0,0.0,0.0,0.0,0.0,0.0,high,18.956,True
E1_carbon_first,51,2024-05-12 03:00:00+00:00,southwest,383.23145835180327,252.93204814881815,303.51845777858176,106.45404042487456,290.87185537114084,0.0,low_medium,17.801,True
E1_carbon_first,52,2024-05-12 04:00:00+00:00,east,837.9963605685921,553.0760359064666,691.3450448830832,419.7847112530081,636.0374412924366,0.0,medium_high,2.5,False
E1_carbon_first,52,2024-05-12 04:00:00+00:00,north,0.0,0.0,0.0,0.0,0.0,0.0,extremely_high,14.693,True
E1_carbon_first,52,2024-05-12 04:00:00+00:00,northwest,0.0,0.0,0.0,0.0,0.0,0.0,high,18.956,True
E1_carbon_first,52,2024-05-12 04:00:00+00:00,southwest,359.14129738653946,237.03258681705714,284.4391041804685,99.75279383609032,272.58747483961565,0.0,low_medium,17.801,True
E1_carbon_first,53,2024-05-12 05:00:00+00:00,east,727.7959688956511,480.34398282158764,600.4299785269845,360.6407612275016,552.3955802448257,0.0,medium_high,2.5,False
E1_carbon_first,53,2024-05-12 05:00:00+00:00,north,0.0,0.0,0.0,0.0,0.0,0.0,extremely_high,14.693,True
E1_carbon_first,53,2024-05-12 05:00:00+00:00,northwest,0.0,0.0,0.0,0.0,0.0,0.0,high,18.956,True
E1_carbon_first,53,2024-05-12 05:00:00+00:00,southwest,311.9125580981362,205.86170692353758,247.03404830824508,84.19743813172686,236.74096296206818,0.0,low_medium,17.801,True
E1_carbon_first,54,2024-05-12 06:00:00+00:00,east,538.1359946124497,355.16875333073193,443.96094166341487,261.27656368069046,408.4440663303417,0.0,medium_high,2.5,False
E1_carbon_first,54,2024-05-12 06:00:00+00:00,north,0.0,0.0,0.0,0.0,0.0,0.0,extremely_high,14.693,True
E1_carbon_first,54,2024-05-12 06:00:00+00:00,northwest,0.0,0.0,0.0,0.0,0.0,0.0,high,18.956,True
E1_carbon_first,54,2024-05-12 06:00:00+00:00,southwest,230.62971197676416,152.2151799988851,182.65821599866211,56.98936339158258,175.04745699871785,0.0,low_medium,17.801,True
E1_carbon_first,55,2024-05-12 07:00:00+00:00,east,344.20580836472584,227.17519190318853,283.96898987898567,163.45610018671763,261.2514706886668,0.0,medium_high,2.5,False
E1_carbon_first,55,2024-05-12 07:00:00+00:00,north,0.0,0.0,0.0,0.0,0.0,0.0,extremely_high,14.693,True
E1_carbon_first,55,2024-05-12 07:00:00+00:00,northwest,0.0,0.0,0.0,0.0,0.0,0.0,high,18.956,True
E1_carbon_first,55,2024-05-12 07:00:00+00:00,southwest,147.5167750134539,97.36079652993791,116.83295583592549,34.61760481418472,111.96491600942859,0.0,low_medium,17.801,True
E1_carbon_first,56,2024-05-12 08:00:00+00:00,east,362.9446138492018,239.54276859283456,299.4284607410432,168.25259494615145,275.4741838817597,0.0,medium_high,2.5,False
E1_carbon_first,56,2024-05-12 08:00:00+00:00,north,0.0,0.0,0.0,0.0,0.0,0.0,extremely_high,14.693,True
E1_carbon_first,56,2024-05-12 08:00:00+00:00,northwest,0.0,0.0,0.0,0.0,0.0,0.0,high,18.956,True
E1_carbon_first,56,2024-05-12 08:00:00+00:00,southwest,155.54769164965793,102.66118653978626,123.19342384774349,33.79195616143604,118.06036452075418,0.0,low_medium,17.801,True
E1_carbon_first,57,2024-05-12 09:00:00+00:00,east,315.79759871043194,208.425826485735,260.5322831071687,135.41165414495097,239.6897004585952,0.0,medium_high,2.5,False
E1_carbon_first,57,2024-05-12 09:00:00+00:00,north,0.0,0.0,0.0,0.0,0.0,0.0,extremely_high,14.693,True
E1_carbon_first,57,2024-05-12 09:00:00+00:00,northwest,0.0,0.0,0.0,0.0,0.0,0.0,high,18.956,True
E1_carbon_first,57,2024-05-12 09:00:00+00:00,southwest,135.34182801875653,89.32535420817213,107.19042504980655,27.49434402527538,102.72415733939795,0.0,low_medium,17.801,True
E1_carbon_first,58,2024-05-12 10:00:00+00:00,east,320.534302796166,211.5520423528567,264.44005294107086,129.9193980099481,243.28484870578515,0.0,medium_high,2.5,False
E1_carbon_first,58,2024-05-12 10:00:00+00:00,north,0.0,0.0,0.0,0.0,0.0,0.0,extremely_high,14.693,True
E1_carbon_first,58,2024-05-12 10:00:00+00:00,northwest,0.0,0.0,0.0,0.0,0.0,0.0,high,18.956,True
E1_carbon_first,58,2024-05-12 10:00:00+00:00,southwest,137.3718440554997,90.66516100836715,108.79819321004057,26.641050910698592,104.26493515962221,0.0,low_medium,17.801,True
E1_carbon_first,59,2024-05-12 11:00:00+00:00,east,312.0278512619692,205.93780019675492,257.42225024594364,119.10283963254197,236.82847022626814,0.0,medium_high,2.5,False
E1_carbon_first,59,2024-05-12 11:00:00+00:00,north,0.0,0.0,0.0,0.0,0.0,0.0,extremely_high,14.693,True
E1_carbon_first,59,2024-05-12 11:00:00+00:00,northwest,0.0,0.0,0.0,0.0,0.0,0.0,high,18.956,True
E1_carbon_first,59,2024-05-12 11:00:00+00:00,southwest,133.72622196941538,88.25905722718068,105.91086867261681,25.782235797204017,101.49791581125777,0.0,low_medium,17.801,True
E1_carbon_first,60,2024-05-12 12:00:00+00:00,east,529.4618831842482,349.44385595711384,436.80481994639223,193.44447457350913,401.86043435068086,0.0,medium_high,2.5,False
E1_carbon_first,60,2024-05-12 12:00:00+00:00,north,0.0,0.0,0.0,0.0,0.0,0.0,extremely_high,14.693,True
E1_carbon_first,60,2024-05-12 12:00:00+00:00,northwest,0.0,0.0,0.0,0.0,0.0,0.0,high,18.956,True
E1_carbon_first,60,2024-05-12 12:00:00+00:00,southwest,226.9122356503921,149.76165255304878,179.71398306365853,43.16130826578865,172.22590043600607,0.0,low_medium,17.801,True
E1_carbon_first,61,2024-05-12 13:00:00+00:00,east,619.349269070889,408.769363087534,510.96170385941747,226.6562248107394,470.084767550664,0.0,medium_high,2.5,False
E1_carbon_first,61,2024-05-12 13:00:00+00:00,north,0.0,0.0,0.0,0.0,0.0,0.0,extremely_high,14.693,True
E1_carbon_first,61,2024-05-12 13:00:00+00:00,northwest,0.0,0.0,0.0,0.0,0.0,0.0,high,18.956,True
E1_carbon_first,61,2024-05-12 13:00:00+00:00,southwest,265.435401030381,175.18686989465743,210.2242438735889,50.08942984028043,201.46490037885602,0.0,low_medium,17.801,True
E1_carbon_first,62,2024-05-12 14:00:00+00:00,east,698.8661781041574,461.2503748258366,576.5629685322957,259.683961026946,530.4379310497121,0.0,medium_high,2.5,False
E1_carbon_first,62,2024-05-12 14:00:00+00:00,north,0.0,0.0,0.0,0.0,0.0,0.0,extremely_high,14.693,True
E1_carbon_first,62,2024-05-12 14:00:00+00:00,northwest,0.0,0.0,0.0,0.0,0.0,0.0,high,18.956,True
E1_carbon_first,62,2024-05-12 14:00:00+00:00,southwest,299.51407633035313,197.67873206821568,237.2144784818588,55.62679520399588,227.330541878448,0.0,low_medium,17.801,True
E1_carbon_first,63,2024-05-12 15:00:00+00:00,east,823.2763339377186,543.3608457689854,679.2010572112317,320.0819882240081,624.8649726343332,0.0,medium_high,2.5,False
E1_carbon_first,63,2024-05-12 15:00:00+00:00,north,0.0,0.0,0.0,0.0,0.0,0.0,extremely_high,14.693,True
E1_carbon_first,63,2024-05-12 15:00:00+00:00,northwest,0.0,0.0,0.0,0.0,0.0,0.0,high,18.956,True
E1_carbon_first,63,2024-05-12 15:00:00+00:00,southwest,352.8327145447365,232.86893390099374,279.44272068119244,64.91454401424097,267.7992739861428,0.0,low_medium,17.801,True
E1_carbon_first,64,2024-05-12 16:00:00+00:00,east,922.8694414832551,609.0921111023067,761.3651388778834,380.6349841177618,700.4559277676526,0.0,medium_high,2.5,False
E1_carbon_first,64,2024-05-12 16:00:00+00:00,north,0.0,0.0,0.0,0.0,0.0,0.0,extremely_high,14.693,True
E1_carbon_first,64,2024-05-12 16:00:00+00:00,northwest,0.0,0.0,0.0,0.0,0.0,0.0,high,18.956,True
E1_carbon_first,64,2024-05-12 16:00:00+00:00,southwest,395.515474921395,261.03947618670287,313.2473714240434,59.99731320675177,300.19539761470827,0.0,low_medium,17.801,True
E1_carbon_first,65,2024-05-12 17:00:00+00:00,east,883.9400730880961,583.3988005278694,729.2485006598367,379.5556133809285,670.9086206070498,0.0,medium_high,2.5,False
E1_carbon_first,65,2024-05-12 17:00:00+00:00,north,0.0,0.0,0.0,0.0,0.0,0.0,extremely_high,14.693,True
E1_carbon_first,65,2024-05-12 17:00:00+00:00,northwest,0.0,0.0,0.0,0.0,0.0,0.0,high,18.956,True
E1_carbon_first,65,2024-05-12 17:00:00+00:00,southwest,378.8314598948984,250.02805736908692,300.03366884290426,45.16506828315185,287.53226597444996,0.0,low_medium,17.801,True
E1_carbon_first,66,2024-05-12 18:00:00+00:00,east,1103.8654912172951,728.549166540722,910.6864581759024,475.9247430427267,837.8315415218302,0.0,medium_high,2.5,False
E1_carbon_first,66,2024-05-12 18:00:00+00:00,north,0.0,0.0,0.0,0.0,0.0,0.0,extremely_high,14.693,True
E1_carbon_first,66,2024-05-12 18:00:00+00:00,northwest,0.0,0.0,0.0,0.0,0.0,0.0,high,18.956,True
E1_carbon_first,66,2024-05-12 18:00:00+00:00,southwest,473.0852105216979,312.23535708888085,374.682428506657,62.871711503417,359.07066065221295,0.0,low_medium,17.801,True
E1_carbon_first,67,2024-05-12 19:00:00+00:00,east,1143.2734647937623,754.5583556426778,943.1979445533472,495.06102114743805,867.7421089890794,0.0,medium_high,2.5,False
E1_carbon_first,67,2024-05-12 19:00:00+00:00,north,0.0,0.0,0.0,0.0,0.0,0.0,extremely_high,14.693,True
E1_carbon_first,67,2024-05-12 19:00:00+00:00,northwest,0.0,0.0,0.0,0.0,0.0,0.0,high,18.956,True
E1_carbon_first,67,2024-05-12 19:00:00+00:00,southwest,489.9743420544695,323.38215241829045,388.0585829019485,65.96995909333125,371.889475281034,0.0,low_medium,17.801,True
E1_carbon_first,68,2024-05-12 20:00:00+00:00,east,1004.5032140501135,662.970248826835,828.7128110335437,434.70130502764545,762.4157861508602,0.0,medium_high,2.5,False
E1_carbon_first,68,2024-05-12 20:00:00+00:00,north,0.0,0.0,0.0,0.0,0.0,0.0,extremely_high,14.693,True
E1_carbon_first,68,2024-05-12 20:00:00+00:00,northwest,0.0,0.0,0.0,0.0,0.0,0.0,high,18.956,True
E1_carbon_first,68,2024-05-12 20:00:00+00:00,southwest,430.50137745004855,284.13010664007214,340.9561279680865,56.0304570294222,326.7496226360829,0.0,low_medium,17.801,True
E1_carbon_first,69,2024-05-12 21:00:00+00:00,east,1210.6041806663134,798.9965026106049,998.7456282632561,522.693524551575,918.8459780021956,0.0,medium_high,2.5,False
E1_carbon_first,69,2024-05-12 21:00:00+00:00,north,0.0,0.0,0.0,0.0,0.0,0.0,extremely_high,14.693,True
E1_carbon_first,69,2024-05-12 21:00:00+00:00,northwest,0.0,0.0,0.0,0.0,0.0,0.0,high,18.956,True
E1_carbon_first,69,2024-05-12 21:00:00+00:00,southwest,518.8303631427057,342.4270725474021,410.91248705688247,69.9099111312776,393.79113342951234,0.0,low_medium,17.801,True
E1_carbon_first,70,2024-05-12 22:00:00+00:00,east,1045.33662329323,689.9202228116933,862.4002785146165,467.16223087136774,793.4082562334472,0.0,medium_high,2.5,False
E1_carbon_first,70,2024-05-12 22:00:00+00:00,north,0.0,0.0,0.0,0.0,0.0,0.0,extremely_high,14.693,True
E1_carbon_first,70,2024-05-12 22:00:00+00:00,northwest,0.0,0.0,0.0,0.0,0.0,0.0,high,18.956,True
E1_carbon_first,70,2024-05-12 22:00:00+00:00,southwest,448.0014099828129,295.6800954907257,354.8161145888708,67.95911314758837,340.0321098143345,0.0,low_medium,17.801,True
E1_carbon_first,71,2024-05-12 23:00:00+00:00,east,1217.0369043579235,803.2420882561361,1004.0526103201701,552.7686139541406,923.7284014945565,0.0,medium_high,2.5,False
E1_carbon_first,71,2024-05-12 23:00:00+00:00,north,0.0,0.0,0.0,0.0,0.0,0.0,extremely_high,14.693,True
E1_carbon_first,71,2024-05-12 23:00:00+00:00,northwest,0.0,0.0,0.0,0.0,0.0,0.0,high,18.956,True
E1_carbon_first,71,2024-05-12 23:00:00+00:00,southwest,521.5872447248242,344.2466092526297,413.0959311031556,104.44442124724782,395.8836006405241,0.0,low_medium,17.801,True
E1_carbon_first,72,2024-05-13 00:00:00+00:00,east,1461.0473744756405,964.2885436856209,1205.360679607026,713.2571151489625,1108.931825238464,0.0,medium_high,2.5,False
E1_carbon_first,72,2024-05-13 00:00:00+00:00,north,0.0,0.0,0.0,0.0,0.0,0.0,extremely_high,14.693,True
E1_carbon_first,72,2024-05-13 00:00:00+00:00,northwest,0.0,0.0,0.0,0.0,0.0,0.0,high,18.956,True
E1_carbon_first,72,2024-05-13 00:00:00+00:00,southwest,626.1631604895601,413.26651872240893,495.91982246689065,174.8778600625745,475.2564965307702,0.0,low_medium,17.801,True
E1_carbon_first,73,2024-05-13 01:00:00+00:00,east,1455.124036271373,960.3791515122148,1200.4739393902685,715.7075567402358,1104.436024239047,0.0,medium_high,2.5,False
E1_carbon_first,73,2024-05-13 01:00:00+00:00,north,0.0,0.0,0.0,0.0,0.0,0.0,extremely_high,14.693,True
E1_carbon_first,73,2024-05-13 01:00:00+00:00,northwest,0.0,0.0,0.0,0.0,0.0,0.0,high,18.956,True
E1_carbon_first,73,2024-05-13 01:00:00+00:00,southwest,623.6245869734454,411.59106493380625,493.9092779205675,177.72502183841752,473.32972467387714,0.0,low_medium,17.801,True
E1_carbon_first,74,2024-05-13 02:00:00+00:00,east,1562.9416670814094,1031.538586869167,1289.4232335864585,770.5915599721075,1186.2693748995418,0.0,medium_high,2.5,False
E1_carbon_first,74,2024-05-13 02:00:00+00:00,north,0.0,0.0,0.0,0.0,0.0,0.0,extremely_high,14.693,True
E1_carbon_first,74,2024-05-13 02:00:00+00:00,northwest,0.0,0.0,0.0,0.0,0.0,0.0,high,18.956,True
E1_carbon_first,74,2024-05-13 02:00:00+00:00,southwest,669.8321430348897,442.0879658010715,530.5055589612857,193.08633994327596,508.40116067123216,0.0,low_medium,17.801,True
E1_carbon_first,75,2024-05-13 03:00:00+00:00,east,1385.5519255180366,914.4616881010461,1143.0771101263074,682.9171309810857,1051.6309413162028,0.0,medium_high,2.5,False
E1_carbon_first,75,2024-05-13 03:00:00+00:00,north,0.0,0.0,0.0,0.0,0.0,0.0,extremely_high,14.693,True
E1_carbon_first,75,2024-05-13 03:00:00+00:00,northwest,0.0,0.0,0.0,0.0,0.0,0.0,high,18.956,True
E1_carbon_first,75,2024-05-13 03:00:00+00:00,southwest,593.8079680791585,391.9121520433054,470.2945824519665,174.35387820102568,450.6989748498012,0.0,low_medium,17.801,True
E1_carbon_first,76,2024-05-13 04:00:00+00:00,east,1187.3411124610175,783.6429209586788,979.5536511983485,584.5363969319745,901.1893591024806,0.0,medium_high,2.5,False
E1_carbon_first,76,2024-05-13 04:00:00+00:00,north,0.0,0.0,0.0,0.0,0.0,0.0,extremely_high,14.693,True
E1_carbon_first,76,2024-05-13 04:00:00+00:00,northwest,0.0,0.0,0.0,0.0,0.0,0.0,high,18.956,True
E1_carbon_first,76,2024-05-13 04:00:00+00:00,southwest,508.86047676900745,335.84696612514807,403.0163593501776,149.6131064694309,386.2240110439202,0.0,low_medium,17.801,True
E1_carbon_first,77,2024-05-13 05:00:00+00:00,east,1063.3392617034929,701.8019306046123,877.2524132557653,522.2502929214885,807.0722201953041,0.0,medium_high,2.5,False
E1_carbon_first,77,2024-05-13 05:00:00+00:00,north,0.0,0.0,0.0,0.0,0.0,0.0,extremely_high,14.693,True
E1_carbon_first,77,2024-05-13 05:00:00+00:00,northwest,0.0,0.0,0.0,0.0,0.0,0.0,high,18.956,True
E1_carbon_first,77,2024-05-13 05:00:00+00:00,southwest,455.7168264443541,300.7722559734053,360.92670716808635,131.37732140918342,345.8880943694161,0.0,low_medium,17.801,True
E1_carbon_first,78,2024-05-13 06:00:00+00:00,east,1000.8588802626543,660.5649953203398,825.7062441504247,487.6001798269296,759.6497446183906,0.0,medium_high,2.5,False
E1_carbon_first,78,2024-05-13 06:00:00+00:00,north,0.0,0.0,0.0,0.0,0.0,0.0,extremely_high,14.693,True
E1_carbon_first,78,2024-05-13 06:00:00+00:00,northwest,0.0,0.0,0.0,0.0,0.0,0.0,high,18.956,True
E1_carbon_first,78,2024-05-13 06:00:00+00:00,southwest,428.9395201125661,283.099283708717,339.7191404504604,114.40608253236668,325.5641762650245,0.0,low_medium,17.801,True
E1_carbon_first,79,2024-05-13 07:00:00+00:00,east,977.3570677495151,645.0538428702688,806.317303587836,470.14346178947744,741.8119193008091,0.0,medium_high,2.5,False
E1_carbon_first,79,2024-05-13 07:00:00+00:00,north,0.0,0.0,0.0,0.0,0.0,0.0,extremely_high,14.693,True
E1_carbon_first,79,2024-05-13 07:00:00+00:00,northwest,0.0,0.0,0.0,0.0,0.0,0.0,high,18.956,True
E1_carbon_first,79,2024-05-13 07:00:00+00:00,southwest,418.8673147497922,276.4516469444009,331.74197633328106,101.11495438638404,317.91939398606104,0.0,low_medium,17.801,True
E1_carbon_first,80,2024-05-13 08:00:00+00:00,east,828.2899658081653,546.6698334578097,683.337291822262,392.6883164618107,628.6703084764811,0.0,medium_high,2.5,False
E1_carbon_first,80,2024-05-13 08:00:00+00:00,north,0.0,0.0,0.0,0.0,0.0,0.0,extremely_high,14.693,True
E1_carbon_first,80,2024-05-13 08:00:00+00:00,northwest,0.0,0.0,0.0,0.0,0.0,0.0,high,18.956,True
E1_carbon_first,80,2024-05-13 08:00:00+00:00,southwest,354.9814139177851,234.28707148191842,281.14448577830206,67.91513628117849,269.43013220420613,0.0,low_medium,17.801,True
E1_carbon_first,81,2024-05-13 09:00:00+00:00,east,827.4949722806261,546.1451392115431,682.6814240144288,347.82618553535156,628.0669100932745,0.0,medium_high,2.5,False
E1_carbon_first,81,2024-05-13 09:00:00+00:00,north,0.0,0.0,0.0,0.0,0.0,0.0,extremely_high,14.693,True
E1_carbon_first,81,2024-05-13 09:00:00+00:00,northwest,0.0,0.0,0.0,0.0,0.0,0.0,high,18.956,True
E1_carbon_first,81,2024-05-13 09:00:00+00:00,southwest,354.6407024059826,234.06220251923276,280.8746430230793,78.72916243936912,269.17153289711763,0.0,low_medium,17.801,True
E1_carbon_first,82,2024-05-13 10:00:00+00:00,east,782.3588031269828,516.3553517063056,645.444189632882,293.120410669403,593.8086544622513,0.0,medium_high,2.5,False
E1_carbon_first,82,2024-05-13 10:00:00+00:00,north,0.0,0.0,0.0,0.0,0.0,0.0,extremely_high,14.693,True
E1_carbon_first,82,2024-05-13 10:00:00+00:00,northwest,0.0,0.0,0.0,0.0,0.0,0.0,high,18.956,True
E1_carbon_first,82,2024-05-13 10:00:00+00:00,southwest,335.296629911564,221.2951507312738,265.5541808775285,71.83240592737147,254.48942334096483,0.0,low_medium,17.801,True
E1_carbon_first,83,2024-05-13 11:00:00+00:00,east,1168.820965883348,771.4196587399335,964.2745734249169,395.41284226505496,887.1326075509235,0.0,medium_high,2.5,False
E1_carbon_first,83,2024-05-13 11:00:00+00:00,north,0.0,0.0,0.0,0.0,0.0,0.0,extremely_high,14.693,True
E1_carbon_first,83,2024-05-13 11:00:00+00:00,northwest,0.0,0.0,0.0,0.0,0.0,0.0,high,18.956,True
E1_carbon_first,83,2024-05-13 11:00:00+00:00,southwest,500.9232710928634,330.6084251742572,396.7301102091086,106.38979122107594,380.19968895039574,0.0,low_medium,17.801,True
E1_carbon_first,84,2024-05-13 12:00:00+00:00,east,1864.1606364133409,1230.342545140415,1537.9281814255187,591.6217472921292,1414.8939269114771,0.0,medium_high,2.5,False
E1_carbon_first,84,2024-05-13 12:00:00+00:00,north,0.0,0.0,0.0,0.0,0.0,0.0,extremely_high,14.693,True
E1_carbon_first,84,2024-05-13 12:00:00+00:00,northwest,0.0,0.0,0.0,0.0,0.0,0.0,high,18.956,True
E1_carbon_first,84,2024-05-13 12:00:00+00:00,southwest,798.9259870342889,527.289662203035,632.7475946436421,168.16321906979186,606.3831115334903,0.0,low_medium,17.801,True
E1_carbon_first,85,2024-05-13 13:00:00+00:00,east,3579.1570192035238,2362.2369609394736,2952.7962011743416,1092.5715043870212,2716.5725050803944,0.0,medium_high,2.5,False
E1_carbon_first,85,2024-05-13 13:00:00+00:00,north,0.0,0.0,0.0,0.0,0.0,0.0,extremely_high,14.693,True
E1_carbon_first,85,2024-05-13 13:00:00+00:00,northwest,0.0,0.0,0.0,0.0,0.0,0.0,high,18.956,True
E1_carbon_first,85,2024-05-13 13:00:00+00:00,southwest,1533.9244368015102,1012.38726897406,1214.864722768872,319.7523950327671,1164.245359320169,0.0,low_medium,17.801,True
E1_carbon_first,86,2024-05-13 14:00:00+00:00,east,5090.1823028358685,3359.510831507097,4199.388539383871,1605.1112844660001,3863.437456233161,0.0,medium_high,2.5,False
E1_carbon_first,86,2024-05-13 14:00:00+00:00,north,0.0,0.0,0.0,0.0,0.0,0.0,extremely_high,14.693,True
E1_carbon_first,86,2024-05-13 14:00:00+00:00,northwest,2181.506701215372,1439.7903563601842,1727.7484276322207,430.29574590180454,1655.7589098142116,1655.7589098142116,high,18.956,True
E1_carbon_first,86,2024-05-13 14:00:00+00:00,southwest,0.0,0.0,0.0,0.0,0.0,0.0,low_medium,17.801,True
E1_carbon_first,87,2024-05-13 15:00:00+00:00,east,5670.977528832211,3742.834598032172,4678.543247540214,1932.1213976529198,4304.259787736997,0.0,medium_high,2.5,False
E1_carbon_first,87,2024-05-13 15:00:00+00:00,north,0.0,0.0,0.0,0.0,0.0,0.0,extremely_high,14.693,True
E1_carbon_first,87,2024-05-13 15:00:00+00:00,northwest,0.0,0.0,0.0,0.0,0.0,0.0,high,18.956,True
E1_carbon_first,87,2024-05-13 15:00:00+00:00,southwest,2430.4189409280903,1604.0719705852164,1924.8863647022595,486.8037616332015,1844.6827661729988,0.0,low_medium,17.801,True
E1_carbon_first,88,2024-05-13 16:00:00+00:00,east,5566.790068972652,3674.0710687357073,4592.588835919634,2241.757425533271,4225.181729046063,0.0,medium_high,2.5,False
E1_carbon_first,88,2024-05-13 16:00:00+00:00,north,0.0,0.0,0.0,0.0,0.0,0.0,extremely_high,14.693,True
E1_carbon_first,88,2024-05-13 16:00:00+00:00,northwest,0.0,0.0,0.0,0.0,0.0,0.0,high,18.956,True
E1_carbon_first,88,2024-05-13 16:00:00+00:00,southwest,2385.767172416851,1574.6018866010174,1889.5222639212207,447.94274470025726,1810.7921695911698,0.0,low_medium,17.801,True
E1_carbon_first,89,2024-05-13 17:00:00+00:00,east,5901.806086821844,3895.181016028891,4868.976270036113,2517.625904828923,4479.458168433224,0.0,medium_high,2.5,False
E1_carbon_first,89,2024-05-13 17:00:00+00:00,north,0.0,0.0,0.0,0.0,0.0,0.0,extremely_high,14.693,True
E1_carbon_first,89,2024-05-13 17:00:00+00:00,northwest,0.0,0.0,0.0,0.0,0.0,0.0,high,18.956,True
E1_carbon_first,89,2024-05-13 17:00:00+00:00,southwest,2529.34546578079,1669.3632925838103,2003.2359511005723,351.7682330132605,1919.7677864713817,0.0,low_medium,17.801,True
E1_carbon_first,90,2024-05-13 18:00:00+00:00,east,7017.33279466177,4631.426563803435,5789.283204754293,3021.1374404010285,5326.14054837395,0.0,medium_high,2.5,False
E1_carbon_first,90,2024-05-13 18:00:00+00:00,north,0.0,0.0,0.0,0.0,0.0,0.0,extremely_high,14.693,True
E1_carbon_first,90,2024-05-13 18:00:00+00:00,northwest,0.0,0.0,0.0,0.0,0.0,0.0,high,18.956,True
E1_carbon_first,90,2024-05-13 18:00:00+00:00,southwest,3007.42834056933,1984.8970987729008,2381.8765185274806,461.84585694247846,2282.6316635888356,0.0,low_medium,17.801,True
E1_carbon_first,91,2024-05-13 19:00:00+00:00,east,7293.361211110849,4813.604804128501,6017.006005160626,3161.034104811135,5535.645524747776,0.0,medium_high,2.5,False
E1_carbon_first,91,2024-05-13 19:00:00+00:00,north,0.0,0.0,0.0,0.0,0.0,0.0,extremely_high,14.693,True
E1_carbon_first,91,2024-05-13 19:00:00+00:00,northwest,0.0,0.0,0.0,0.0,0.0,0.0,high,18.956,True
E1_carbon_first,91,2024-05-13 19:00:00+00:00,southwest,3125.7262333332205,2062.973487483643,2475.568184980372,490.7401332026089,2372.4195106061893,0.0,low_medium,17.801,True
E1_carbon_first,92,2024-05-13 20:00:00+00:00,east,7086.405512758225,4677.014428991956,5846.268036239945,3045.39409842784,5378.566593340749,0.0,medium_high,2.5,False
E1_carbon_first,92,2024-05-13 20:00:00+00:00,north,0.0,0.0,0.0,0.0,0.0,0.0,extremely_high,14.693,True
E1_carbon_first,92,2024-05-13 20:00:00+00:00,northwest,0.0,0.0,0.0,0.0,0.0,0.0,high,18.956,True
E1_carbon_first,92,2024-05-13 20:00:00+00:00,southwest,3037.030934039239,2004.434755282267,2405.32170633872,473.76819875851635,2305.0999685746065,0.0,low_medium,17.801,True
E1_carbon_first,93,2024-05-13 21:00:00+00:00,east,5307.535880604855,3502.9637876762536,4378.704734595317,2271.781483926415,4028.408355827691,0.0,medium_high,2.5,False
E1_carbon_first,93,2024-05-13 21:00:00+00:00,north,0.0,0.0,0.0,0.0,0.0,0.0,extremely_high,14.693,True
E1_carbon_first,93,2024-05-13 21:00:00+00:00,northwest,0.0,0.0,0.0,0.0,0.0,0.0,high,18.956,True
E1_carbon_first,93,2024-05-13 21:00:00+00:00,southwest,2274.6582345449383,1501.2701947183946,1801.5242336620734,368.6519090150489,1726.4607239261536,0.0,low_medium,17.801,True
E1_carbon_first,94,2024-05-13 22:00:00+00:00,east,4040.64061479253,2666.8152737987916,3333.519092248489,1784.4744390692697,3066.83756486861,0.0,medium_high,2.5,False
E1_carbon_first,94,2024-05-13 22:00:00+00:00,north,0.0,0.0,0.0,0.0,0.0,0.0,extremely_high,14.693,True
E1_carbon_first,94,2024-05-13 22:00:00+00:00,northwest,0.0,0.0,0.0,0.0,0.0,0.0,high,18.956,True
E1_carbon_first,94,2024-05-13 22:00:00+00:00,southwest,1731.7031206253698,1142.9208316280533,1371.5049979536639,315.44614952934256,1314.3589563722612,0.0,low_medium,17.801,True
E1_carbon_first,95,2024-05-13 23:00:00+00:00,east,2736.3835701818007,1806.0080555586817,2257.510069448352,1216.7132708050574,2076.909263892484,0.0,medium_high,2.5,False
E1_carbon_first,95,2024-05-13 23:00:00+00:00,north,0.0,0.0,0.0,0.0,0.0,0.0,extremely_high,14.693,True
E1_carbon_first,95,2024-05-13 23:00:00+00:00,northwest,0.0,0.0,0.0,0.0,0.0,0.0,high,18.956,True
E1_carbon_first,95,2024-05-13 23:00:00+00:00,southwest,1172.7358157922004,774.0034523822923,928.8041428587505,248.60990890519219,890.1039702396359,0.0,low_medium,17.801,True
E1_carbon_first,96,2024-05-14 00:00:00+00:00,east,2531.725245459802,1670.933942735925,2088.667428419906,1159.8109146587187,1921.5740341463136,0.0,medium_high,2.5,False
E1_carbon_first,96,2024-05-14 00:00:00+00:00,north,0.0,0.0,0.0,0.0,0.0,0.0,extremely_high,14.693,True
E1_carbon_first,96,2024-05-14 00:00:00+00:00,northwest,0.0,0.0,0.0,0.0,0.0,0.0,high,18.956,True
E1_carbon_first,96,2024-05-14 00:00:00+00:00,southwest,1085.0251051970579,716.114546886825,859.3374562641899,304.26274868127416,823.5317289198487,0.0,low_medium,17.801,True
E1_carbon_first,97,2024-05-14 01:00:00+00:00,east,2265.5439668881463,1495.254795054381,1869.068493817976,1039.6226229739036,1719.543014312538,0.0,medium_high,2.5,False
E1_carbon_first,97,2024-05-14 01:00:00+00:00,north,0.0,0.0,0.0,0.0,0.0,0.0,extremely_high,14.693,True
E1_carbon_first,97,2024-05-14 01:00:00+00:00,northwest,0.0,0.0,0.0,0.0,0.0,0.0,high,18.956,True
E1_carbon_first,97,2024-05-14 01:00:00+00:00,southwest,970.947414380634,640.8234835947346,768.9881803136814,281.5778386915264,736.9470061339447,0.0,low_medium,17.801,True
E1_carbon_first,98,2024-05-14 02:00:00+00:00,east,2060.1005447836023,1359.6625194226067,1699.5781492782583,953.3146286570409,1563.6118973359976,0.0,medium_high,2.5,False
E1_carbon_first,98,2024-05-14 02:00:00+00:00,north,0.0,0.0,0.0,0.0,0.0,0.0,extremely_high,14.693,True
E1_carbon_first,98,2024-05-14 02:00:00+00:00,northwest,0.0,0.0,0.0,0.0,0.0,0.0,high,18.956,True
E1_carbon_first,98,2024-05-14 02:00:00+00:00,southwest,882.9002334786866,582.7125083239742,699.255009988769,259.79654471116055,670.1193845725703,0.0,low_medium,17.801,True
E1_carbon_first,99,2024-05-14 03:00:00+00:00,east,1435.597891993906,947.4919326868352,1184.364915858544,667.3748255248412,1089.6157225898603,0.0,medium_high,2.5,False
E1_carbon_first,99,2024-05-14 03:00:00+00:00,north,0.0,0.0,0.0,0.0,0.0,0.0,extremely_high,14.693,True
E1_carbon_first,99,2024-05-14 03:00:00+00:00,northwest,0.0,0.0,0.0,0.0,0.0,0.0,high,18.956,True
E1_carbon_first,99,2024-05-14 03:00:00+00:00,southwest,615.2562394259596,406.0679711515007,487.2815653818009,184.9720822189316,466.9781668242258,0.0,low_medium,17.801,True
E1_carbon_first,100,2024-05-14 04:00:00+00:00,east,1208.9063205751777,797.8759181153549,997.3448976441936,562.7892589293979,917.5573058326581,0.0,medium_high,2.5,False
E1_carbon_first,100,2024-05-14 04:00:00+00:00,north,0.0,0.0,0.0,0.0,0.0,0.0,extremely_high,14.693,True
E1_carbon_first,100,2024-05-14 04:00:00+00:00,northwest,0.0,0.0,0.0,0.0,0.0,0.0,high,18.956,True
E1_carbon_first,100,2024-05-14 04:00:00+00:00,southwest,518.1027088179333,341.9468220494378,410.33618645932535,155.36695806638252,393.23884535685346,0.0,low_medium,17.801,True
E1_carbon_first,101,2024-05-14 05:00:00+00:00,east,927.2348622845498,611.9732806937898,764.9666008672372,430.03553676002826,703.7692727978582,0.0,medium_high,2.5,False
E1_carbon_first,101,2024-05-14 05:00:00+00:00,north,0.0,0.0,0.0,0.0,0.0,0.0,extremely_high,14.693,True
E1_carbon_first,101,2024-05-14 05:00:00+00:00,northwest,0.0,0.0,0.0,0.0,0.0,0.0,high,18.956,True
E1_carbon_first,101,2024-05-14 05:00:00+00:00,southwest,397.3863695505213,262.27426315448133,314.72911578537753,116.55468254585146,301.6154026276535,0.0,low_medium,17.801,True
E1_carbon_first,102,2024-05-14 06:00:00+00:00,east,914.0551611779883,603.2747025311077,754.0933781638845,422.3771272768188,693.7659079107738,0.0,medium_high,2.5,False
E1_carbon_first,102,2024-05-14 06:00:00+00:00,north,0.0,0.0,0.0,0.0,0.0,0.0,extremely_high,14.693,True
E1_carbon_first,102,2024-05-14 06:00:00+00:00,northwest,0.0,0.0,0.0,0.0,0.0,0.0,high,18.956,True
E1_carbon_first,102,2024-05-14 06:00:00+00:00,southwest,391.7379262191378,258.5463010847604,310.2555613017125,106.00398344475174,297.3282462474744,0.0,low_medium,17.801,True
E1_carbon_first,103,2024-05-14 07:00:00+00:00,east,932.3544976070629,615.3522304633819,769.1902880792273,420.3624924352977,707.6550650328891,0.0,medium_high,2.5,False
E1_carbon_first,103,2024-05-14 07:00:00+00:00,north,0.0,0.0,0.0,0.0,0.0,0.0,extremely_high,14.693,True
E1_carbon_first,103,2024-05-14 07:00:00+00:00,northwest,0.0,0.0,0.0,0.0,0.0,0.0,high,18.956,True
E1_carbon_first,103,2024-05-14 07:00:00+00:00,southwest,399.5804989744555,263.72238448430653,316.4668613811678,103.49521256702123,303.2807421569525,0.0,low_medium,17.801,True
E1_carbon_first,104,2024-05-14 08:00:00+00:00,east,886.6751965875924,585.2039769391245,731.5049711739056,393.4125173094661,672.9845734799931,0.0,medium_high,2.5,False
E1_carbon_first,104,2024-05-14 08:00:00+00:00,north,0.0,0.0,0.0,0.0,0.0,0.0,extremely_high,14.693,True
E1_carbon_first,104,2024-05-14 08:00:00+00:00,northwest,0.0,0.0,0.0,0.0,0.0,0.0,high,18.956,True
E1_carbon_first,104,2024-05-14 08:00:00+00:00,southwest,380.00365568039666,250.80170440248187,300.96204528297824,88.43268097231508,288.4219600628541,0.0,low_medium,17.801,True
E1_carbon_first,105,2024-05-14 09:00:00+00:00,east,995.2437790977974,656.8590390183748,821.0737987729685,400.4274282390921,755.387894871131,0.0,medium_high,2.5,False
E1_carbon_first,105,2024-05-14 09:00:00+00:00,north,0.0,0.0,0.0,0.0,0.0,0.0,extremely_high,14.693,True
E1_carbon_first,105,2024-05-14 09:00:00+00:00,northwest,0.0,0.0,0.0,0.0,0.0,0.0,high,18.956,True
E1_carbon_first,105,2024-05-14 09:00:00+00:00,southwest,426.5330481847703,281.5110167221606,337.8132200665927,97.05373812513209,323.7376692304847,0.0,low_medium,17.801,True
E1_carbon_first,106,2024-05-14 10:00:00+00:00,east,1049.8084882334404,692.8716453364432,866.089556670554,387.5425982516977,796.8023921369096,0.0,medium_high,2.5,False
E1_carbon_first,106,2024-05-14 10:00:00+00:00,north,0.0,0.0,0.0,0.0,0.0,0.0,extremely_high,14.693,True
E1_carbon_first,106,2024-05-14 10:00:00+00:00,northwest,0.0,0.0,0.0,0.0,0.0,0.0,high,18.956,True
E1_carbon_first,106,2024-05-14 10:00:00+00:00,southwest,449.9179235286172,296.9449908584756,356.3339890301707,97.38607920194565,341.4867394872469,0.0,low_medium,17.801,True
E1_carbon_first,107,2024-05-14 11:00:00+00:00,east,1312.51295869767,866.2561061480374,1082.8201326850467,438.12256093602844,996.1945220702429,0.0,medium_high,2.5,False
E1_carbon_first,107,2024-05-14 11:00:00+00:00,north,0.0,0.0,0.0,0.0,0.0,0.0,extremely_high,14.693,True
E1_carbon_first,107,2024-05-14 11:00:00+00:00,northwest,0.0,0.0,0.0,0.0,0.0,0.0,high,18.956,True
E1_carbon_first,107,2024-05-14 11:00:00+00:00,southwest,562.5055537275729,371.25261692058746,445.5031403047049,120.5977000804836,426.94050945867554,0.0,low_medium,17.801,True
E1_carbon_first,108,2024-05-14 12:00:00+00:00,east,2312.2166090811584,1526.0586519015362,1907.57331487692,706.0167285023839,1754.9674496867665,0.0,medium_high,2.5,False
E1_carbon_first,108,2024-05-14 12:00:00+00:00,north,0.0,0.0,0.0,0.0,0.0,0.0,extremely_high,14.693,True
E1_carbon_first,108,2024-05-14 12:00:00+00:00,northwest,0.0,0.0,0.0,0.0,0.0,0.0,high,18.956,True
E1_carbon_first,108,2024-05-14 12:00:00+00:00,southwest,990.9499753204964,654.0251365292297,784.8301638350756,209.65429776580993,752.1289070086141,0.0,low_medium,17.801,True
E1_carbon_first,109,2024-05-14 13:00:00+00:00,east,4174.738134627956,2755.319386925421,3444.149233656776,1220.3912290808573,3168.6172949642337,0.0,medium_high,2.5,False
E1_carbon_first,109,2024-05-14 13:00:00+00:00,north,0.0,0.0,0.0,0.0,0.0,0.0,extremely_high,14.693,True
E1_carbon_first,109,2024-05-14 13:00:00+00:00,northwest,0.0,0.0,0.0,0.0,0.0,0.0,high,18.956,True
E1_carbon_first,109,2024-05-14 13:00:00+00:00,southwest,1789.1734862691242,1180.8511658251805,1417.0213989902163,365.21364856641173,1357.9788406989574,0.0,low_medium,17.801,True
E1_carbon_first,110,2024-05-14 14:00:00+00:00,east,5910.730746443268,3901.071274743001,4876.339093428751,1859.8966844723936,4486.231965954451,0.0,medium_high,2.5,False
E1_carbon_first,110,2024-05-14 14:00:00+00:00,north,0.0,0.0,0.0,0.0,0.0,0.0,extremely_high,14.693,True
E1_carbon_first,110,2024-05-14 14:00:00+00:00,northwest,0.0,0.0,0.0,0.0,0.0,0.0,high,18.956,True
E1_carbon_first,110,2024-05-14 14:00:00+00:00,southwest,2533.1703199042577,1671.887689175572,2006.2652270106862,508.45448403207484,1922.6708425519075,0.0,low_medium,17.801,True
E1_carbon_first,111,2024-05-14 15:00:00+00:00,east,6391.198984199291,4218.17941604419,5272.724270055237,2199.385111146791,4850.906328450817,0.0,medium_high,2.5,False
E1_carbon_first,111,2024-05-14 15:00:00+00:00,north,0.0,0.0,0.0,0.0,0.0,0.0,extremely_high,14.693,True
E1_carbon_first,111,2024-05-14 15:00:00+00:00,northwest,0.0,0.0,0.0,0.0,0.0,0.0,high,18.956,True
E1_carbon_first,111,2024-05-14 15:00:00+00:00,southwest,2739.085278942553,1807.7911783046527,2169.349413965583,545.8083125537407,2078.95985505035,0.0,low_medium,17.801,True
E1_carbon_first,112,2024-05-14 16:00:00+00:00,east,5441.175802089094,3591.165886744086,4488.957358430108,2140.8959881692786,4129.840769755699,0.0,medium_high,2.5,False
E1_carbon_first,112,2024-05-14 16:00:00+00:00,north,0.0,0.0,0.0,0.0,0.0,0.0,extremely_high,14.693,True
E1_carbon_first,112,2024-05-14 16:00:00+00:00,northwest,0.0,0.0,0.0,0.0,0.0,0.0,high,18.956,True
E1_carbon_first,112,2024-05-14 16:00:00+00:00,southwest,2331.9324866096113,1539.0710943188938,1846.8853131826725,427.3076986266977,1769.9317584667278,0.0,low_medium,17.801,True
E1_carbon_first,113,2024-05-14 17:00:00+00:00,east,6641.773990879608,4383.558453368353,5479.448066710442,2721.093909928405,5041.092221373606,0.0,medium_high,2.5,False
E1_carbon_first,113,2024-05-14 17:00:00+00:00,north,0.0,0.0,0.0,0.0,0.0,0.0,extremely_high,14.693,True
E1_carbon_first,113,2024-05-14 17:00:00+00:00,northwest,0.0,0.0,0.0,0.0,0.0,0.0,high,18.956,True
E1_carbon_first,113,2024-05-14 17:00:00+00:00,southwest,2846.474567519832,1878.6679085864369,2254.401490303724,424.804387489565,2160.468094874402,0.0,low_medium,17.801,True
E1_carbon_first,114,2024-05-14 18:00:00+00:00,east,7776.815474320856,5132.683716663213,6415.854645829016,3240.006596143653,5902.586274162694,0.0,medium_high,2.5,False
E1_carbon_first,114,2024-05-14 18:00:00+00:00,north,0.0,0.0,0.0,0.0,0.0,0.0,extremely_high,14.693,True
E1_carbon_first,114,2024-05-14 18:00:00+00:00,northwest,0.0,0.0,0.0,0.0,0.0,0.0,high,18.956,True
E1_carbon_first,114,2024-05-14 18:00:00+00:00,southwest,3332.9209175660812,2199.721592855663,2639.665911426795,469.59656564282653,2529.679831784012,0.0,low_medium,17.801,True
E1_carbon_first,115,2024-05-14 19:00:00+00:00,east,7750.354346978183,5115.219421941966,6394.0242774274575,3242.729412297335,5882.50233523326,0.0,medium_high,2.5,False
E1_carbon_first,115,2024-05-14 19:00:00+00:00,north,0.0,0.0,0.0,0.0,0.0,0.0,extremely_high,14.693,True
E1_carbon_first,115,2024-05-14 19:00:00+00:00,northwest,0.0,0.0,0.0,0.0,0.0,0.0,high,18.956,True
E1_carbon_first,115,2024-05-14 19:00:00+00:00,southwest,3321.580434419221,2192.2368951179856,2630.684274141582,472.2955166842187,2521.072429385683,0.0,low_medium,17.801,True
E1_carbon_first,116,2024-05-14 20:00:00+00:00,east,7542.946370981931,4978.330544403696,6222.913180504619,3161.6288277701283,5725.080126064249,0.0,medium_high,2.5,False
E1_carbon_first,116,2024-05-14 20:00:00+00:00,north,0.0,0.0,0.0,0.0,0.0,0.0,extremely_high,14.693,True
E1_carbon_first,116,2024-05-14 20:00:00+00:00,northwest,0.0,0.0,0.0,0.0,0.0,0.0,high,18.956,True
E1_carbon_first,116,2024-05-14 20:00:00+00:00,southwest,3232.6913018493988,2133.5702333158692,2560.2842799790433,472.71382089346383,2453.6057683132494,0.0,low_medium,17.801,True
E1_carbon_first,117,2024-05-14 21:00:00+00:00,east,5079.873572349496,3352.7070886021006,4190.883860752626,2134.5743084260907,3855.6131518924153,0.0,medium_high,2.5,False
E1_carbon_first,117,2024-05-14 21:00:00+00:00,north,0.0,0.0,0.0,0.0,0.0,0.0,extremely_high,14.693,True
E1_carbon_first,117,2024-05-14 21:00:00+00:00,northwest,0.0,0.0,0.0,0.0,0.0,0.0,high,18.956,True
E1_carbon_first,117,2024-05-14 21:00:00+00:00,southwest,2177.0886738640697,1436.8744665437575,1724.2493598525089,326.0555539481094,1652.405636525321,0.0,low_medium,17.801,True
E1_carbon_first,118,2024-05-14 22:00:00+00:00,east,3646.53874133729,2406.7087719447245,3008.385964930905,1563.3077666763447,2767.715087736433,0.0,medium_high,2.5,False
E1_carbon_first,118,2024-05-14 22:00:00+00:00,north,0.0,0.0,0.0,0.0,0.0,0.0,extremely_high,14.693,True
E1_carbon_first,118,2024-05-14 22:00:00+00:00,northwest,0.0,0.0,0.0,0.0,0.0,0.0,high,18.956,True
E1_carbon_first,118,2024-05-14 22:00:00+00:00,southwest,1562.8023177159814,1031.446616547739,1237.7359398572867,266.19574279864037,1186.1636090298996,0.0,low_medium,17.801,True
E1_carbon_first,119,2024-05-14 23:00:00+00:00,east,2619.2566385550144,1728.7044990156958,2160.8806237696194,1149.453436806452,1988.0101738680498,0.0,medium_high,2.5,False
E1_carbon_first,119,2024-05-14 23:00:00+00:00,north,0.0,0.0,0.0,0.0,0.0,0.0,extremely_high,14.693,True
E1_carbon_first,119,2024-05-14 23:00:00+00:00,northwest,0.0,0.0,0.0,0.0,0.0,0.0,high,18.956,True
E1_carbon_first,119,2024-05-14 23:00:00+00:00,southwest,1122.5385593807205,740.8733567210124,889.0480280652148,207.62234948749645,852.0043602291643,0.0,low_medium,17.801,True
E1_carbon_first,120,2024-05-15 00:00:00+00:00,east,2231.6464184324996,1472.8824762604474,1841.1030953255593,1023.5842796349364,1693.8148476995145,0.0,medium_high,2.5,False
E1_carbon_first,120,2024-05-15 00:00:00+00:00,north,0.0,0.0,0.0,0.0,0.0,0.0,extremely_high,14.693,True
E1_carbon_first,120,2024-05-15 00:00:00+00:00,northwest,0.0,0.0,0.0,0.0,0.0,0.0,high,18.956,True
E1_carbon_first,120,2024-05-15 00:00:00+00:00,southwest,956.4198936139283,631.2353469687631,757.4824163625157,300.5437733987675,725.9206490140775,0.0,low_medium,17.801,True
E1_carbon_first,121,2024-05-15 01:00:00+00:00,east,1836.2906839294956,1211.9484284521184,1514.9355355651478,836.4905926564909,1393.7406927199359,0.0,medium_high,2.5,False
E1_carbon_first,121,2024-05-15 01:00:00+00:00,north,0.0,0.0,0.0,0.0,0.0,0.0,extremely_high,14.693,True
E1_carbon_first,121,2024-05-15 01:00:00+00:00,northwest,0.0,0.0,0.0,0.0,0.0,0.0,high,18.956,True
E1_carbon_first,121,2024-05-15 01:00:00+00:00,southwest,786.9817216840694,519.4064693366221,623.2877632039464,255.7557455013526,597.3174397371153,0.0,low_medium,17.801,True
E1_carbon_first,122,2024-05-15 02:00:00+00:00,east,2003.4706499175072,1322.2868943720537,1652.858617965067,907.8325959173129,1520.6299285278615,0.0,medium_high,2.5,False
E1_carbon_first,122,2024-05-15 02:00:00+00:00,north,858.6302785360745,566.6943833023087,680.0332599627703,265.5529880154618,651.6985407976549,651.6985407976549,extremely_high,14.693,True
E1_carbon_first,122,2024-05-15 02:00:00+00:00,northwest,0.0,0.0,0.0,0.0,0.0,0.0,high,18.956,True
E1_carbon_first,122,2024-05-15 02:00:00+00:00,southwest,0.0,0.0,0.0,0.0,0.0,0.0,low_medium,17.801,True
E1_carbon_first,123,2024-05-15 03:00:00+00:00,east,1853.6495932110345,1223.4052762200242,1529.2565952750301,839.8294907101646,1406.9160676530275,0.0,medium_high,2.5,False
E1_carbon_first,123,2024-05-15 03:00:00+00:00,north,794.4212542333005,524.3165469514389,629.1798563417267,254.75492383276514,602.9640289941547,602.9640289941547,extremely_high,14.693,True
E1_carbon_first,123,2024-05-15 03:00:00+00:00,northwest,0.0,0.0,0.0,0.0,0.0,0.0,high,18.956,True
E1_carbon_first,123,2024-05-15 03:00:00+00:00,southwest,0.0,0.0,0.0,0.0,0.0,0.0,low_medium,17.801,True
E1_carbon_first,124,2024-05-15 04:00:00+00:00,east,1378.9335738059217,910.093588308002,1137.6169853850024,629.9554056569451,1046.6076265542022,0.0,medium_high,2.5,False
E1_carbon_first,124,2024-05-15 04:00:00+00:00,north,0.0,0.0,0.0,0.0,0.0,0.0,extremely_high,14.693,True
E1_carbon_first,124,2024-05-15 04:00:00+00:00,northwest,0.0,0.0,0.0,0.0,0.0,0.0,high,18.956,True
E1_carbon_first,124,2024-05-15 04:00:00+00:00,southwest,590.9715316311092,390.04010927485797,468.0481311298295,198.59282203838663,448.5461256660866,0.0,low_medium,17.801,True
E1_carbon_first,125,2024-05-15 05:00:00+00:00,east,1177.3714612763697,777.0629697607596,971.3287122009496,539.7673653700676,893.6224152248735,0.0,medium_high,2.5,False
E1_carbon_first,125,2024-05-15 05:00:00+00:00,north,0.0,0.0,0.0,0.0,0.0,0.0,extremely_high,14.693,True
E1_carbon_first,125,2024-05-15 05:00:00+00:00,northwest,0.0,0.0,0.0,0.0,0.0,0.0,high,18.956,True
E1_carbon_first,125,2024-05-15 05:00:00+00:00,southwest,504.58776911844404,333.0269870403255,399.63238444839055,168.81804027048182,382.9810350963743,0.0,low_medium,17.801,True
E1_carbon_first,126,2024-05-15 06:00:00+00:00,east,1178.067637511517,777.5224447782482,971.9030559728102,536.9764384249776,894.1508114949853,0.0,medium_high,2.5,False
E1_carbon_first,126,2024-05-15 06:00:00+00:00,north,0.0,0.0,0.0,0.0,0.0,0.0,extremely_high,14.693,True
E1_carbon_first,126,2024-05-15 06:00:00+00:00,northwest,0.0,0.0,0.0,0.0,0.0,0.0,high,18.956,True
E1_carbon_first,126,2024-05-15 06:00:00+00:00,southwest,504.88613036207863,333.22390490496343,399.8686858859561,152.42994305972647,383.20749064070793,0.0,low_medium,17.801,True
E1_carbon_first,127,2024-05-15 07:00:00+00:00,east,972.5367632334181,641.8724508749432,802.3405635936789,440.9061982088164,738.1533185061846,0.0,medium_high,2.5,False
E1_carbon_first,127,2024-05-15 07:00:00+00:00,north,0.0,0.0,0.0,0.0,0.0,0.0,extremely_high,14.693,True
E1_carbon_first,127,2024-05-15 07:00:00+00:00,northwest,0.0,0.0,0.0,0.0,0.0,0.0,high,18.956,True
E1_carbon_first,127,2024-05-15 07:00:00+00:00,southwest,416.80146995717917,275.0881932321185,330.1058318785422,96.1598288262193,316.3514222169362,0.0,low_medium,17.801,True
E1_carbon_first,128,2024-05-15 08:00:00+00:00,east,953.1870595894383,629.1016825387705,786.3771031734631,426.8848104577144,723.466934919586,0.0,medium_high,2.5,False
E1_carbon_first,128,2024-05-15 08:00:00+00:00,north,0.0,0.0,0.0,0.0,0.0,0.0,extremely_high,14.693,True
E1_carbon_first,128,2024-05-15 08:00:00+00:00,northwest,0.0,0.0,0.0,0.0,0.0,0.0,high,18.956,True
E1_carbon_first,128,2024-05-15 08:00:00+00:00,southwest,408.50873982404494,269.6150068023302,323.53800816279625,93.07110034816438,310.05725782267973,0.0,low_medium,17.801,True
E1_carbon_first,129,2024-05-15 09:00:00+00:00,east,887.409715412602,585.6887579944496,732.1109474930619,362.7792772564995,673.5420716936169,0.0,medium_high,2.5,False
E1_carbon_first,129,2024-05-15 09:00:00+00:00,north,0.0,0.0,0.0,0.0,0.0,0.0,extremely_high,14.693,True
E1_carbon_first,129,2024-05-15 09:00:00+00:00,northwest,0.0,0.0,0.0,0.0,0.0,0.0,high,18.956,True
E1_carbon_first,129,2024-05-15 09:00:00+00:00,southwest,380.3184494625437,251.00946771190692,301.2113612542883,93.1044317637005,288.66088786869295,0.0,low_medium,17.801,True
E1_carbon_first,130,2024-05-15 10:00:00+00:00,east,1043.031133350879,688.3986037472947,860.4982546841183,368.98165160854984,791.6583943093888,0.0,medium_high,2.5,False
E1_carbon_first,130,2024-05-15 10:00:00+00:00,north,0.0,0.0,0.0,0.0,0.0,0.0,extremely_high,14.693,True
E1_carbon_first,130,2024-05-15 10:00:00+00:00,northwest,0.0,0.0,0.0,0.0,0.0,0.0,high,18.956,True
E1_carbon_first,130,2024-05-15 10:00:00+00:00,southwest,447.01334286466243,295.02797303455486,354.0335676414658,107.62620456300562,339.28216898973807,0.0,low_medium,17.801,True
E1_carbon_first,131,2024-05-15 11:00:00+00:00,east,1258.4510734054547,830.5753626293415,1038.2192032866767,380.9096479458406,955.1616670237426,0.0,medium_high,2.5,False
E1_carbon_first,131,2024-05-15 11:00:00+00:00,north,0.0,0.0,0.0,0.0,0.0,0.0,extremely_high,14.693,True
E1_carbon_first,131,2024-05-15 11:00:00+00:00,northwest,0.0,0.0,0.0,0.0,0.0,0.0,high,18.956,True
E1_carbon_first,131,2024-05-15 11:00:00+00:00,southwest,539.3361743166234,355.9608696982892,427.153043637947,129.34194161357036,409.3550001530325,0.0,low_medium,17.801,True
E1_carbon_first,132,2024-05-15 12:00:00+00:00,east,2322.1098487635327,1532.5881716503898,1915.7352145629873,632.6476079192445,1762.4763973979482,0.0,medium_high,2.5,False
E1_carbon_first,132,2024-05-15 12:00:00+00:00,north,0.0,0.0,0.0,0.0,0.0,0.0,extremely_high,14.693,True
E1_carbon_first,132,2024-05-15 12:00:00+00:00,northwest,0.0,0.0,0.0,0.0,0.0,0.0,high,18.956,True
E1_carbon_first,132,2024-05-15 12:00:00+00:00,southwest,995.1899351843712,656.8235021358814,788.1882025630575,235.72081844652504,755.3470274562635,0.0,low_medium,17.801,True
E1_carbon_first,133,2024-05-15 13:00:00+00:00,east,4219.735433154315,2785.0175200755125,3481.2719000943903,1113.5718490426932,3202.770148086839,0.0,medium_high,2.5,False
E1_carbon_first,133,2024-05-15 13:00:00+00:00,north,1808.4580427804206,1193.5789371752196,1432.2947246102633,404.76648917486045,1372.6157777515025,1372.6157777515025,extremely_high,14.693,True
E1_carbon_first,133,2024-05-15 13:00:00+00:00,northwest,0.0,0.0,0.0,0.0,0.0,0.0,high,18.956,True
E1_carbon_first,133,2024-05-15 13:00:00+00:00,southwest,0.0,0.0,0.0,0.0,0.0,0.0,low_medium,17.801,True
E1_carbon_first,134,2024-05-15 14:00:00+00:00,east,5272.121108591988,3479.590104162738,4349.487630203423,1410.6475756657248,4001.5286197871483,0.0,medium_high,2.5,False
E1_carbon_first,134,2024-05-15 14:00:00+00:00,north,0.0,0.0,0.0,0.0,0.0,0.0,extremely_high,14.693,True
E1_carbon_first,134,2024-05-15 14:00:00+00:00,northwest,0.0,0.0,0.0,0.0,0.0,0.0,high,18.956,True
E1_carbon_first,134,2024-05-15 14:00:00+00:00,southwest,2259.480475110852,1491.2529017840307,1789.5034821408365,536.9703448743935,1714.940837051635,0.0,low_medium,17.801,True
E1_carbon_first,135,2024-05-15 15:00:00+00:00,east,6204.829761752953,4095.1760766315315,5118.970095789414,1895.746587849412,4709.4524881262605,0.0,medium_high,2.5,False
E1_carbon_first,135,2024-05-15 15:00:00+00:00,north,0.0,0.0,0.0,0.0,0.0,0.0,extremely_high,14.693,True
E1_carbon_first,135,2024-05-15 15:00:00+00:00,northwest,0.0,0.0,0.0,0.0,0.0,0.0,high,18.956,True
E1_carbon_first,135,2024-05-15 15:00:00+00:00,southwest,2659.21275503698,1755.0754614135135,2106.090553696216,632.3185872380606,2018.3367806255403,0.0,low_medium,17.801,True
E1_carbon_first,136,2024-05-15 16:00:00+00:00,east,6214.1087757355635,4101.30020856349,5126.625260704362,2407.3350567952507,4716.495239848013,0.0,medium_high,2.5,False
E1_carbon_first,136,2024-05-15 16:00:00+00:00,north,0.0,0.0,0.0,0.0,0.0,0.0,extremely_high,14.693,True
E1_carbon_first,136,2024-05-15 16:00:00+00:00,northwest,0.0,0.0,0.0,0.0,0.0,0.0,high,18.956,True
E1_carbon_first,136,2024-05-15 16:00:00+00:00,southwest,2663.1894753152415,1757.7000893843526,2109.240107261223,632.0689521426132,2021.3551027920053,0.0,low_medium,17.801,True
E1_carbon_first,137,2024-05-15 17:00:00+00:00,east,7003.319380875839,4622.177736826453,5777.722171033066,2968.088100786824,5315.50439735042,0.0,medium_high,2.5,False
E1_carbon_first,137,2024-05-15 17:00:00+00:00,north,0.0,0.0,0.0,0.0,0.0,0.0,extremely_high,14.693,True
E1_carbon_first,137,2024-05-15 17:00:00+00:00,northwest,0.0,0.0,0.0,0.0,0.0,0.0,high,18.956,True
E1_carbon_first,137,2024-05-15 17:00:00+00:00,southwest,3001.4225918039306,1980.9333157827652,2377.119978939318,535.723605920291,2278.0733131501797,0.0,low_medium,17.801,True
E1_carbon_first,138,2024-05-15 18:00:00+00:00,east,7717.380632287061,5093.456831710546,6366.821039638181,3158.8982588164836,5857.475356467126,0.0,medium_high,2.5,False
E1_carbon_first,138,2024-05-15 18:00:00+00:00,north,0.0,0.0,0.0,0.0,0.0,0.0,extremely_high,14.693,True
E1_carbon_first,138,2024-05-15 18:00:00+00:00,northwest,0.0,0.0,0.0,0.0,0.0,0.0,high,18.956,True
E1_carbon_first,138,2024-05-15 18:00:00+00:00,southwest,3307.4488424087403,2182.910070733091,2619.4920848797087,545.3782520719553,2510.346581343054,0.0,low_medium,17.801,True
E1_carbon_first,139,2024-05-15 19:00:00+00:00,east,7918.8247689889895,5226.4095864314695,6533.011983039336,3214.078570355777,6010.371024396189,0.0,medium_high,2.5,False
E1_carbon_first,139,2024-05-15 19:00:00+00:00,north,0.0,0.0,0.0,0.0,0.0,0.0,extremely_high,14.693,True
E1_carbon_first,139,2024-05-15 19:00:00+00:00,northwest,0.0,0.0,0.0,0.0,0.0,0.0,high,18.956,True
E1_carbon_first,139,2024-05-15 19:00:00+00:00,southwest,3393.782043852424,2239.889822756344,2687.8677873076126,566.333742785714,2575.873296169795,0.0,low_medium,17.801,True
E1_carbon_first,140,2024-05-15 20:00:00+00:00,east,7954.139253666597,5249.717080490654,6562.146350613317,3260.8945752785226,6037.174642564251,0.0,medium_high,2.5,False
E1_carbon_first,140,2024-05-15 20:00:00+00:00,north,0.0,0.0,0.0,0.0,0.0,0.0,extremely_high,14.693,True
E1_carbon_first,140,2024-05-15 20:00:00+00:00,northwest,0.0,0.0,0.0,0.0,0.0,0.0,high,18.956,True
E1_carbon_first,140,2024-05-15 20:00:00+00:00,southwest,3408.91682299997,2249.8787487817085,2699.8544985380504,576.6889208877276,2587.360561098965,0.0,low_medium,17.801,True
E1_carbon_first,141,2024-05-15 21:00:00+00:00,east,5626.571256600919,3713.52654113512,4641.9081764188995,2296.7581418398663,4270.555522305388,0.0,medium_high,2.5,False
E1_carbon_first,141,2024-05-15 21:00:00+00:00,north,0.0,0.0,0.0,0.0,0.0,0.0,extremely_high,14.693,True
E1_carbon_first,141,2024-05-15 21:00:00+00:00,northwest,0.0,0.0,0.0,0.0,0.0,0.0,high,18.956,True
E1_carbon_first,141,2024-05-15 21:00:00+00:00,southwest,2411.387681400394,1591.5113747721944,1909.8136497266332,409.6550278663628,1830.2380809880235,0.0,low_medium,17.801,True
E1_carbon_first,142,2024-05-15 22:00:00+00:00,east,3572.95626104859,2358.1444721157527,2947.680590144691,1497.863891882025,2711.8661429331155,0.0,medium_high,2.5,False
E1_carbon_first,142,2024-05-15 22:00:00+00:00,north,0.0,0.0,0.0,0.0,0.0,0.0,extremely_high,14.693,True
E1_carbon_first,142,2024-05-15 22:00:00+00:00,northwest,0.0,0.0,0.0,0.0,0.0,0.0,high,18.956,True
E1_carbon_first,142,2024-05-15 22:00:00+00:00,southwest,1531.2669690208243,1010.6333451924655,1212.7600142309586,283.26031399054415,1162.2283469713352,0.0,low_medium,17.801,True
E1_carbon_first,143,2024-05-15 23:00:00+00:00,east,2740.479534860724,1808.71138461168,2260.8892307645997,1187.0233683821841,2080.018092303432,0.0,medium_high,2.5,False
E1_carbon_first,143,2024-05-15 23:00:00+00:00,north,0.0,0.0,0.0,0.0,0.0,0.0,extremely_high,14.693,True
E1_carbon_first,143,2024-05-15 23:00:00+00:00,northwest,0.0,0.0,0.0,0.0,0.0,0.0,high,18.956,True
E1_carbon_first,143,2024-05-15 23:00:00+00:00,southwest,1174.4912292260244,775.1620219764342,930.1944263717209,211.06111534374344,891.4363252728991,0.0,low_medium,17.801,True
E1_carbon_first,144,2024-05-16 00:00:00+00:00,east,2241.151309497679,1479.1556866458545,1848.9446083073183,1006.4961093396926,1701.0290396427326,0.0,medium_high,2.5,False
E1_carbon_first,144,2024-05-16 00:00:00+00:00,north,0.0,0.0,0.0,0.0,0.0,0.0,extremely_high,14.693,True
E1_carbon_first,144,2024-05-16 00:00:00+00:00,northwest,0.0,0.0,0.0,0.0,0.0,0.0,high,18.956,True
E1_carbon_first,144,2024-05-16 00:00:00+00:00,southwest,960.4934183561479,633.9238657053661,760.7086388464393,294.36888627894376,729.0124455611709,0.0,low_medium,17.801,True
E1_carbon_first,145,2024-05-16 01:00:00+00:00,east,1978.4773414327587,1305.7913573609467,1632.2391967011831,891.6718701678975,1501.6600609650884,0.0,medium_high,2.5,False
E1_carbon_first,145,2024-05-16 01:00:00+00:00,north,0.0,0.0,0.0,0.0,0.0,0.0,extremely_high,14.693,True
E1_carbon_first,145,2024-05-16 01:00:00+00:00,northwest,0.0,0.0,0.0,0.0,0.0,0.0,high,18.956,True
E1_carbon_first,145,2024-05-16 01:00:00+00:00,southwest,847.9188606140393,559.6248674404056,671.5498409284867,269.38102619111356,643.5685975564663,0.0,low_medium,17.801,True
E1_carbon_first,146,2024-05-16 02:00:00+00:00,east,1891.5989091296963,1248.451753986842,1560.5646924835526,854.7407891318978,1435.7195170848684,0.0,medium_high,2.5,False
E1_carbon_first,146,2024-05-16 02:00:00+00:00,north,0.0,0.0,0.0,0.0,0.0,0.0,extremely_high,14.693,True
E1_carbon_first,146,2024-05-16 02:00:00+00:00,northwest,0.0,0.0,0.0,0.0,0.0,0.0,high,18.956,True
E1_carbon_first,146,2024-05-16 02:00:00+00:00,southwest,810.6852467698698,535.0507517086465,642.0609020503758,262.7313211190138,615.3083644649436,0.0,low_medium,17.801,True
E1_carbon_first,147,2024-05-16 03:00:00+00:00,east,1543.6296128102103,1018.7926670488492,1273.4908338110615,699.2101423039632,1171.6115671061766,0.0,medium_high,2.5,False
E1_carbon_first,147,2024-05-16 03:00:00+00:00,north,0.0,0.0,0.0,0.0,0.0,0.0,extremely_high,14.693,True
E1_carbon_first,147,2024-05-16 03:00:00+00:00,northwest,0.0,0.0,0.0,0.0,0.0,0.0,high,18.956,True
E1_carbon_first,147,2024-05-16 03:00:00+00:00,southwest,661.555548347233,436.6254287352211,523.9505144822652,219.95442597965496,502.1192430455042,0.0,low_medium,17.801,True
E1_carbon_first,148,2024-05-16 04:00:00+00:00,east,1279.5334705043715,844.4897054159418,1055.6121317699271,578.9504736692165,971.1631612283329,0.0,medium_high,2.5,False
E1_carbon_first,148,2024-05-16 04:00:00+00:00,north,0.0,0.0,0.0,0.0,0.0,0.0,extremely_high,14.693,True
E1_carbon_first,148,2024-05-16 04:00:00+00:00,northwest,0.0,0.0,0.0,0.0,0.0,0.0,high,18.956,True
E1_carbon_first,148,2024-05-16 04:00:00+00:00,southwest,548.3714873590162,361.92415946397495,434.30899135676987,183.49554884823527,416.21278338357115,0.0,low_medium,17.801,True
E1_carbon_first,149,2024-05-16 05:00:00+00:00,east,1127.6684847352467,744.2590978925521,930.32387236569,507.9103181180484,855.8979625764348,0.0,medium_high,2.5,False
E1_carbon_first,149,2024-05-16 05:00:00+00:00,north,0.0,0.0,0.0,0.0,0.0,0.0,extremely_high,14.693,True
E1_carbon_first,149,2024-05-16 05:00:00+00:00,northwest,0.0,0.0,0.0,0.0,0.0,0.0,high,18.956,True
E1_carbon_first,149,2024-05-16 05:00:00+00:00,southwest,483.2864934579629,318.96818481109375,382.7618217733125,160.44099695998017,366.81341253275775,0.0,low_medium,17.801,True
E1_carbon_first,150,2024-05-16 06:00:00+00:00,east,1049.6080947366338,692.7393860020948,865.9242325026185,469.40670238676324,796.6502939024089,0.0,medium_high,2.5,False
E1_carbon_first,150,2024-05-16 06:00:00+00:00,north,0.0,0.0,0.0,0.0,0.0,0.0,extremely_high,14.693,True
E1_carbon_first,150,2024-05-16 06:00:00+00:00,northwest,0.0,0.0,0.0,0.0,0.0,0.0,high,18.956,True
E1_carbon_first,150,2024-05-16 06:00:00+00:00,southwest,449.83204060141446,296.888308286612,356.2659699439344,134.41915045984643,341.4215545296038,0.0,low_medium,17.801,True
E1_carbon_first,151,2024-05-16 07:00:00+00:00,east,968.598580336783,639.2732575041417,799.0915718801772,437.702408497367,735.164246129763,0.0,medium_high,2.5,False
E1_carbon_first,151,2024-05-16 07:00:00+00:00,north,0.0,0.0,0.0,0.0,0.0,0.0,extremely_high,14.693,True
E1_carbon_first,151,2024-05-16 07:00:00+00:00,northwest,0.0,0.0,0.0,0.0,0.0,0.0,high,18.956,True
E1_carbon_first,151,2024-05-16 07:00:00+00:00,southwest,415.11367728719273,273.9742532160608,328.7691038592729,108.5376401540746,315.07039119846985,0.0,low_medium,17.801,True
E1_carbon_first,152,2024-05-16 08:00:00+00:00,east,910.0883130785373,600.6565901798812,750.8207377248515,409.3850072444753,690.7550787068633,0.0,medium_high,2.5,False
E1_carbon_first,152,2024-05-16 08:00:00+00:00,north,0.0,0.0,0.0,0.0,0.0,0.0,extremely_high,14.693,True
E1_carbon_first,152,2024-05-16 08:00:00+00:00,northwest,0.0,0.0,0.0,0.0,0.0,0.0,high,18.956,True
E1_carbon_first,152,2024-05-16 08:00:00+00:00,southwest,390.0378484622302,257.42425293423474,308.90910352108165,93.81569473935251,296.0378908743699,0.0,low_medium,17.801,True
E1_carbon_first,153,2024-05-16 09:00:00+00:00,east,1012.7601444042547,668.4198074692206,835.5247593365257,415.4229103421206,768.6827785896036,0.0,medium_high,2.5,False
E1_carbon_first,153,2024-05-16 09:00:00+00:00,north,0.0,0.0,0.0,0.0,0.0,0.0,extremely_high,14.693,True
E1_carbon_first,153,2024-05-16 09:00:00+00:00,northwest,0.0,0.0,0.0,0.0,0.0,0.0,high,18.956,True
E1_carbon_first,153,2024-05-16 09:00:00+00:00,southwest,434.0400618875377,286.4656317725231,343.7587581270277,104.97246610672336,329.43547653840153,0.0,low_medium,17.801,True
E1_carbon_first,154,2024-05-16 10:00:00+00:00,east,941.187998228509,621.1823244074317,776.4779055092896,336.9622930695751,714.3596730685464,0.0,medium_high,2.5,False
E1_carbon_first,154,2024-05-16 10:00:00+00:00,north,0.0,0.0,0.0,0.0,0.0,0.0,extremely_high,14.693,True
E1_carbon_first,154,2024-05-16 10:00:00+00:00,northwest,0.0,0.0,0.0,0.0,0.0,0.0,high,18.956,True
E1_carbon_first,154,2024-05-16 10:00:00+00:00,southwest,403.36628495507523,266.22099617461356,319.46519540953625,95.74371906423802,306.1541456008056,0.0,low_medium,17.801,True
E1_carbon_first,155,2024-05-16 11:00:00+00:00,east,1473.7515077803278,972.6732479855492,1215.8415599819364,475.84999053793035,1118.5742351833815,0.0,medium_high,2.5,False
E1_carbon_first,155,2024-05-16 11:00:00+00:00,north,0.0,0.0,0.0,0.0,0.0,0.0,extremely_high,14.693,True
E1_carbon_first,155,2024-05-16 11:00:00+00:00,northwest,0.0,0.0,0.0,0.0,0.0,0.0,high,18.956,True
E1_carbon_first,155,2024-05-16 11:00:00+00:00,southwest,631.6077890487119,416.8599634223782,500.23195610685383,144.75045369878657,479.38895793573494,0.0,low_medium,17.801,True
E1_carbon_first,156,2024-05-16 12:00:00+00:00,east,2515.6022935590363,1660.2928245354408,2075.366030669301,714.2372194548396,1909.3367482157566,0.0,medium_high,2.5,False
E1_carbon_first,156,2024-05-16 12:00:00+00:00,north,0.0,0.0,0.0,0.0,0.0,0.0,extremely_high,14.693,True
E1_carbon_first,156,2024-05-16 12:00:00+00:00,northwest,0.0,0.0,0.0,0.0,0.0,0.0,high,18.956,True
E1_carbon_first,156,2024-05-16 12:00:00+00:00,southwest,1078.1152686681585,711.554067658046,853.8648811896552,248.95853719219718,818.2871778067529,0.0,low_medium,17.801,True
E1_carbon_first,157,2024-05-16 13:00:00+00:00,east,3814.295123441872,2517.4276714271264,3146.7845892839077,1021.4069428741903,2895.041822141195,0.0,medium_high,2.5,False
E1_carbon_first,157,2024-05-16 13:00:00+00:00,north,0.0,0.0,0.0,0.0,0.0,0.0,extremely_high,14.693,True
E1_carbon_first,157,2024-05-16 13:00:00+00:00,northwest,0.0,0.0,0.0,0.0,0.0,0.0,high,18.956,True
E1_carbon_first,157,2024-05-16 13:00:00+00:00,southwest,1634.6979100465164,1078.8975734687683,1294.6770881625218,370.1050236027262,1240.7322094890835,0.0,low_medium,17.801,True
E1_carbon_first,158,2024-05-16 14:00:00+00:00,east,5506.7357193314265,3634.43530991693,4543.044137396162,1559.7406284715373,4179.600606404469,0.0,medium_high,2.5,False
E1_carbon_first,158,2024-05-16 14:00:00+00:00,north,0.0,0.0,0.0,0.0,0.0,0.0,extremely_high,14.693,True
E1_carbon_first,158,2024-05-16 14:00:00+00:00,northwest,2360.029593999183,1557.6151328215415,1869.1381593858496,518.7792961375426,1791.2574027447724,1791.2574027447724,high,18.956,True
E1_carbon_first,158,2024-05-16 14:00:00+00:00,southwest,0.0,0.0,0.0,0.0,0.0,0.0,low_medium,17.801,True
E1_carbon_first,159,2024-05-16 15:00:00+00:00,east,6043.680532181672,3988.817885505032,4986.02235688129,1969.0425540118822,4587.140568330786,0.0,medium_high,2.5,False
E1_carbon_first,159,2024-05-16 15:00:00+00:00,north,0.0,0.0,0.0,0.0,0.0,0.0,extremely_high,14.693,True
E1_carbon_first,159,2024-05-16 15:00:00+00:00,northwest,0.0,0.0,0.0,0.0,0.0,0.0,high,18.956,True
E1_carbon_first,159,2024-05-16 15:00:00+00:00,southwest,2590.148799506431,1709.4933795021566,2051.3920554025876,584.1680776434767,1965.9173864274799,0.0,low_medium,17.801,True
E1_carbon_first,160,2024-05-16 16:00:00+00:00,east,6003.39469697978,3962.2293093666754,4952.786636708343,2376.1612987937865,4556.563705771676,0.0,medium_high,2.5,False
E1_carbon_first,160,2024-05-16 16:00:00+00:00,north,0.0,0.0,0.0,0.0,0.0,0.0,extremely_high,14.693,True
E1_carbon_first,160,2024-05-16 16:00:00+00:00,northwest,0.0,0.0,0.0,0.0,0.0,0.0,high,18.956,True
E1_carbon_first,160,2024-05-16 16:00:00+00:00,southwest,2572.8834415627625,1698.0982754428608,2037.7179305314326,557.5196257934,1952.8130167592897,0.0,low_medium,17.801,True
E1_carbon_first,161,2024-05-16 17:00:00+00:00,east,6679.491113799078,4408.451684188524,5510.564605235655,2812.041118051755,5069.719436816803,0.0,medium_high,2.5,False
E1_carbon_first,161,2024-05-16 17:00:00+00:00,north,0.0,0.0,0.0,0.0,0.0,0.0,extremely_high,14.693,True
E1_carbon_first,161,2024-05-16 17:00:00+00:00,northwest,0.0,0.0,0.0,0.0,0.0,0.0,high,18.956,True
E1_carbon_first,161,2024-05-16 17:00:00+00:00,southwest,2862.6390487710337,1889.3364360807964,2267.2037232969556,488.5068289130507,2172.7369014929154,0.0,low_medium,17.801,True
E1_carbon_first,162,2024-05-16 18:00:00+00:00,east,7347.459990794448,4849.3098978767375,6061.637372345921,3073.174377312228,5576.706382558247,0.0,medium_high,2.5,False
E1_carbon_first,162,2024-05-16 18:00:00+00:00,north,0.0,0.0,0.0,0.0,0.0,0.0,extremely_high,14.693,True
E1_carbon_first,162,2024-05-16 18:00:00+00:00,northwest,0.0,0.0,0.0,0.0,0.0,0.0,high,18.956,True
E1_carbon_first,162,2024-05-16 18:00:00+00:00,southwest,3148.9114246261915,2078.2756705186016,2493.930804622322,518.9038694150843,2390.0170210963915,0.0,low_medium,17.801,True
E1_carbon_first,163,2024-05-16 19:00:00+00:00,east,7348.3571778681635,4849.902039672987,6062.377549591232,3031.2645545149862,5577.3873456239335,0.0,medium_high,2.5,False
E1_carbon_first,163,2024-05-16 19:00:00+00:00,north,0.0,0.0,0.0,0.0,0.0,0.0,extremely_high,14.693,True
E1_carbon_first,163,2024-05-16 19:00:00+00:00,northwest,0.0,0.0,0.0,0.0,0.0,0.0,high,18.956,True
E1_carbon_first,163,2024-05-16 19:00:00+00:00,southwest,3149.29593337207,2078.529445574137,2494.2353346889645,536.7594440250648,2390.3088624102575,0.0,low_medium,17.801,True
E1_carbon_first,164,2024-05-16 20:00:00+00:00,east,6972.334624123145,4601.727855126873,5752.159818908591,2856.738272063215,5291.987033395903,0.0,medium_high,2.5,False
E1_carbon_first,164,2024-05-16 20:00:00+00:00,north,0.0,0.0,0.0,0.0,0.0,0.0,extremely_high,14.693,True
E1_carbon_first,164,2024-05-16 20:00:00+00:00,northwest,0.0,0.0,0.0,0.0,0.0,0.0,high,18.956,True
E1_carbon_first,164,2024-05-16 20:00:00+00:00,southwest,2988.1434103384904,1972.1690807686598,2366.6028969223917,533.1167459133839,2267.9944428839585,0.0,low_medium,17.801,True
E1_carbon_first,165,2024-05-16 21:00:00+00:00,east,4892.427452737279,3228.9929990673545,4036.241248834193,2015.04299046486,3713.3419489274575,0.0,medium_high,2.5,False
E1_carbon_first,165,2024-05-16 21:00:00+00:00,north,0.0,0.0,0.0,0.0,0.0,0.0,extremely_high,14.693,True
E1_carbon_first,165,2024-05-16 21:00:00+00:00,northwest,0.0,0.0,0.0,0.0,0.0,0.0,high,18.956,True
E1_carbon_first,165,2024-05-16 21:00:00+00:00,southwest,2096.754622601691,1383.8541424574378,1660.6249709489252,374.2495142861894,1591.4322638260533,0.0,low_medium,17.801,True
E1_carbon_first,166,2024-05-16 22:00:00+00:00,east,3312.340041089039,2186.138252744639,2732.6728159307986,1417.0958055213139,2514.0589906563346,0.0,medium_high,2.5,False
E1_carbon_first,166,2024-05-16 22:00:00+00:00,north,0.0,0.0,0.0,0.0,0.0,0.0,extremely_high,14.693,True
E1_carbon_first,166,2024-05-16 22:00:00+00:00,northwest,0.0,0.0,0.0,0.0,0.0,0.0,high,18.956,True
E1_carbon_first,166,2024-05-16 22:00:00+00:00,southwest,1419.574303323874,936.9163940334167,1124.2996728401001,250.41901379725158,1077.4538531384292,0.0,low_medium,17.801,True
E1_carbon_first,167,2024-05-16 23:00:00+00:00,east,2583.338038008388,1704.998289609062,2131.2478620113275,1152.259156596424,1960.748033050421,0.0,medium_high,2.5,False
E1_carbon_first,167,2024-05-16 23:00:00+00:00,north,0.0,0.0,0.0,0.0,0.0,0.0,extremely_high,14.693,True
E1_carbon_first,167,2024-05-16 23:00:00+00:00,northwest,0.0,0.0,0.0,0.0,0.0,0.0,high,18.956,True
E1_carbon_first,167,2024-05-16 23:00:00+00:00,southwest,1107.1448734321662,730.7135526895979,876.8562632275174,181.53847503020367,840.3205855930374,0.0,low_medium,17.801,True
E2_zero_high_stress_exposure,0,2024-05-10 00:00:00+00:00,east,1978.500261707881,1305.8064846998027,1632.2581058747533,878.052844829,1501.677457404773,0.0,medium_high,2.5,False
E2_zero_high_stress_exposure,0,2024-05-10 00:00:00+00:00,north,0.0,0.0,0.0,0.0,0.0,0.0,extremely_high,14.693,True
E2_zero_high_stress_exposure,0,2024-05-10 00:00:00+00:00,northwest,0.0,0.0,0.0,0.0,0.0,0.0,high,18.956,True
E2_zero_high_stress_exposure,0,2024-05-10 00:00:00+00:00,southwest,847.9286835890919,559.6313505856298,671.5576207027557,237.17176637818986,643.5760531734742,0.0,low_medium,17.801,True
E2_zero_high_stress_exposure,1,2024-05-10 01:00:00+00:00,east,1735.0706958305973,1145.1434249861682,1431.42928123271,771.0393823359992,1316.9149387340933,0.0,medium_high,2.5,False
E2_zero_high_stress_exposure,1,2024-05-10 01:00:00+00:00,north,0.0,0.0,0.0,0.0,0.0,0.0,extremely_high,14.693,True
E2_zero_high_stress_exposure,1,2024-05-10 01:00:00+00:00,northwest,0.0,0.0,0.0,0.0,0.0,0.0,high,18.956,True
E2_zero_high_stress_exposure,1,2024-05-10 01:00:00+00:00,southwest,743.6017267845417,490.7757535655007,588.9309042786008,213.78191825313206,564.3921166003257,0.0,low_medium,17.801,True
E2_zero_high_stress_exposure,2,2024-05-10 02:00:00+00:00,east,1667.9813956357798,1100.8646119155337,1376.0807648944171,737.6480940216524,1265.9943037028638,0.0,medium_high,2.5,False
E2_zero_high_stress_exposure,2,2024-05-10 02:00:00+00:00,north,0.0,0.0,0.0,0.0,0.0,0.0,extremely_high,14.693,True
E2_zero_high_stress_exposure,2,2024-05-10 02:00:00+00:00,northwest,0.0,0.0,0.0,0.0,0.0,0.0,high,18.956,True
E2_zero_high_stress_exposure,2,2024-05-10 02:00:00+00:00,southwest,714.8491695581912,471.79911939237155,566.1589432708458,207.1764293075782,542.5689873012273,0.0,low_medium,17.801,True
E2_zero_high_stress_exposure,3,2024-05-10 03:00:00+00:00,east,1505.522095267479,993.6417765050414,1242.0522206313017,659.995498737958,1142.6880429807975,0.0,medium_high,2.5,False
E2_zero_high_stress_exposure,3,2024-05-10 03:00:00+00:00,north,0.0,0.0,0.0,0.0,0.0,0.0,extremely_high,14.693,True
E2_zero_high_stress_exposure,3,2024-05-10 03:00:00+00:00,northwest,0.0,0.0,0.0,0.0,0.0,0.0,high,18.956,True
E2_zero_high_stress_exposure,3,2024-05-10 03:00:00+00:00,southwest,645.223755114634,425.8464756450178,511.01577077402135,192.87438574914142,489.72344699177046,0.0,low_medium,17.801,True
E2_zero_high_stress_exposure,4,2024-05-10 04:00:00+00:00,east,1336.0533050728227,881.792690875208,1102.24086359401,581.3218314594809,1014.0615945064892,0.0,medium_high,2.5,False
E2_zero_high_stress_exposure,4,2024-05-10 04:00:00+00:00,north,0.0,0.0,0.0,0.0,0.0,0.0,extremely_high,14.693,True
E2_zero_high_stress_exposure,4,2024-05-10 04:00:00+00:00,northwest,-0.0,-0.0,-0.0,-0.0,-0.0,-0.0,high,18.956,True
E2_zero_high_stress_exposure,4,2024-05-10 04:00:00+00:00,southwest,572.5942736026383,377.911153232232,453.49338387867834,173.748431810051,434.59782621706677,0.0,low_medium,17.801,True
E2_zero_high_stress_exposure,5,2024-05-10 05:00:00+00:00,east,991.3035569999661,654.2584997785851,817.8231247232313,425.441812270084,752.3972747453728,0.0,medium_high,2.5,False
E2_zero_high_stress_exposure,5,2024-05-10 05:00:00+00:00,north,0.0,0.0,0.0,0.0,0.0,0.0,extremely_high,14.693,True
E2_zero_high_stress_exposure,5,2024-05-10 05:00:00+00:00,northwest,0.0,0.0,0.0,0.0,0.0,0.0,high,18.956,True
E2_zero_high_stress_exposure,5,2024-05-10 05:00:00+00:00,southwest,424.84438157141403,280.3964999051079,336.47579988612944,127.70378191678232,322.4559748908741,0.0,low_medium,17.801,True
E2_zero_high_stress_exposure,6,2024-05-10 06:00:00+00:00,east,946.9259955598882,624.9693919502165,781.2117399377705,404.91180995649563,718.7148007427489,0.0,medium_high,2.5,False
E2_zero_high_stress_exposure,6,2024-05-10 06:00:00+00:00,north,0.0,0.0,0.0,0.0,0.0,0.0,extremely_high,14.693,True
E2_zero_high_stress_exposure,6,2024-05-10 06:00:00+00:00,northwest,0.0,0.0,0.0,0.0,0.0,0.0,high,18.956,True
E2_zero_high_stress_exposure,6,2024-05-10 06:00:00+00:00,southwest,405.8254266685235,267.8440251215214,321.4128301458256,107.27688894167173,308.0206288897495,0.0,low_medium,17.801,True
E2_zero_high_stress_exposure,7,2024-05-10 07:00:00+00:00,east,833.5974056767752,550.1727338777482,687.7159173471853,369.1916937788696,632.6986439594104,0.0,medium_high,2.5,False
E2_zero_high_stress_exposure,7,2024-05-10 07:00:00+00:00,north,0.0,0.0,0.0,0.0,0.0,0.0,extremely_high,14.693,True
E2_zero_high_stress_exposure,7,2024-05-10 07:00:00+00:00,northwest,0.0,0.0,0.0,0.0,0.0,0.0,high,18.956,True
E2_zero_high_stress_exposure,7,2024-05-10 07:00:00+00:00,southwest,357.2560310043322,235.78831451903494,282.9459774228419,87.15679257881607,271.15656169689015,0.0,low_medium,17.801,True
E2_zero_high_stress_exposure,8,2024-05-10 08:00:00+00:00,east,714.0665031956806,471.28256105204537,589.1032013150567,319.23502479262925,541.9749452098521,0.0,medium_high,2.5,False
E2_zero_high_stress_exposure,8,2024-05-10 08:00:00+00:00,north,0.0,0.0,0.0,0.0,0.0,0.0,extremely_high,14.693,True
E2_zero_high_stress_exposure,8,2024-05-10 08:00:00+00:00,northwest,0.0,0.0,0.0,0.0,0.0,0.0,high,18.956,True
E2_zero_high_stress_exposure,8,2024-05-10 08:00:00+00:00,southwest,306.0285013695774,201.97824045087657,242.37388854105185,69.07655823419977,232.27497651850803,0.0,low_medium,17.801,True
E2_zero_high_stress_exposure,9,2024-05-10 09:00:00+00:00,east,832.9866261460777,549.7696205260127,687.2120256575158,328.53029901589616,632.2350636049146,0.0,medium_high,2.5,False
E2_zero_high_stress_exposure,9,2024-05-10 09:00:00+00:00,north,0.0,0.0,0.0,0.0,0.0,0.0,extremely_high,14.693,True
E2_zero_high_stress_exposure,9,2024-05-10 09:00:00+00:00,northwest,0.0,0.0,0.0,0.0,0.0,0.0,high,18.956,True
E2_zero_high_stress_exposure,9,2024-05-10 09:00:00+00:00,southwest,356.99426834831905,235.61555165400546,282.7386619848065,79.40244090739984,270.95788440210623,0.0,low_medium,17.801,True
E2_zero_high_stress_exposure,10,2024-05-10 10:00:00+00:00,east,785.8552216468906,518.6629814119387,648.3287267649233,272.70327069549586,596.4624286237295,0.0,medium_high,2.5,False
E2_zero_high_stress_exposure,10,2024-05-10 10:00:00+00:00,north,0.0,0.0,0.0,0.0,0.0,0.0,extremely_high,14.693,True
E2_zero_high_stress_exposure,10,2024-05-10 10:00:00+00:00,northwest,0.0,0.0,0.0,0.0,0.0,0.0,high,18.956,True
E2_zero_high_stress_exposure,10,2024-05-10 10:00:00+00:00,southwest,336.79509499152454,222.28413489083087,266.74096186899703,78.80417150149735,255.62675512445546,0.0,low_medium,17.801,True
E2_zero_high_stress_exposure,11,2024-05-10 11:00:00+00:00,east,1047.2946868133522,691.2125410850416,864.0156763563019,320.72261906345926,794.8944222477978,0.0,medium_high,2.5,False
E2_zero_high_stress_exposure,11,2024-05-10 11:00:00+00:00,north,0.0,0.0,0.0,0.0,0.0,0.0,extremely_high,14.693,True
E2_zero_high_stress_exposure,11,2024-05-10 11:00:00+00:00,northwest,0.0,0.0,0.0,0.0,0.0,0.0,high,18.956,True
E2_zero_high_stress_exposure,11,2024-05-10 11:00:00+00:00,southwest,448.84058006286523,296.23394617930353,355.48073541516425,102.14146464262383,340.669038106199,0.0,low_medium,17.801,True
E2_zero_high_stress_exposure,12,2024-05-10 12:00:00+00:00,east,1916.3020613166836,1264.7557883822933,1580.9447354778665,498.80782585246027,1454.469156639637,0.0,medium_high,2.5,False
E2_zero_high_stress_exposure,12,2024-05-10 12:00:00+00:00,north,0.0,0.0,0.0,0.0,0.0,0.0,extremely_high,14.693,True
E2_zero_high_stress_exposure,12,2024-05-10 12:00:00+00:00,northwest,0.0,0.0,0.0,0.0,0.0,0.0,high,18.956,True
E2_zero_high_stress_exposure,12,2024-05-10 12:00:00+00:00,southwest,821.2723119928645,542.0381950209828,650.4458340251794,188.0438906166793,623.3439242741302,0.0,low_medium,17.801,True
E2_zero_high_stress_exposure,13,2024-05-10 13:00:00+00:00,east,3184.128264062214,2101.518718900356,2626.8983986254448,804.4547983490596,2416.746526735409,0.0,medium_high,2.5,False
E2_zero_high_stress_exposure,13,2024-05-10 13:00:00+00:00,north,0.0,0.0,0.0,0.0,0.0,0.0,extremely_high,14.693,True
E2_zero_high_stress_exposure,13,2024-05-10 13:00:00+00:00,northwest,0.0,0.0,0.0,0.0,0.0,0.0,high,18.956,True
E2_zero_high_stress_exposure,13,2024-05-10 13:00:00+00:00,southwest,1364.6263988838061,900.650879528724,1080.7810554344687,301.3217582551299,1035.7485114580325,0.0,low_medium,17.801,True
E2_zero_high_stress_exposure,14,2024-05-10 14:00:00+00:00,east,4719.553887140194,3114.896768018597,3893.6209600232455,1254.3299922714884,3582.1312832213857,0.0,medium_high,2.5,False
E2_zero_high_stress_exposure,14,2024-05-10 14:00:00+00:00,north,0.0,0.0,0.0,0.0,0.0,0.0,extremely_high,14.693,True
E2_zero_high_stress_exposure,14,2024-05-10 14:00:00+00:00,northwest,0.0,0.0,0.0,0.0,0.0,0.0,high,18.956,True
E2_zero_high_stress_exposure,14,2024-05-10 14:00:00+00:00,southwest,2022.6659516315115,1334.9557577222556,1601.9469092667066,438.7198602178421,1535.1991213805936,0.0,low_medium,17.801,True
E2_zero_high_stress_exposure,15,2024-05-10 15:00:00+00:00,east,5243.958857157045,3461.0030707115775,4326.253838389472,1588.9248784944932,3980.1535313183135,0.0,medium_high,2.5,False
E2_zero_high_stress_exposure,15,2024-05-10 15:00:00+00:00,north,0.0,0.0,0.0,0.0,0.0,0.0,extremely_high,14.693,True
E2_zero_high_stress_exposure,15,2024-05-10 15:00:00+00:00,northwest,0.0,0.0,0.0,0.0,0.0,0.0,high,18.956,True
E2_zero_high_stress_exposure,15,2024-05-10 15:00:00+00:00,southwest,2247.4109387815906,1483.2870303049617,1779.9444363659538,519.1504606067366,1705.7800848507059,0.0,low_medium,17.801,True
E2_zero_high_stress_exposure,16,2024-05-10 16:00:00+00:00,east,4776.353875533333,3152.3846544799358,3940.4808180999194,1914.4333494636194,3625.2423526519256,0.0,medium_high,2.5,False
E2_zero_high_stress_exposure,16,2024-05-10 16:00:00+00:00,north,0.0,0.0,0.0,0.0,0.0,0.0,extremely_high,14.693,True
E2_zero_high_stress_exposure,16,2024-05-10 16:00:00+00:00,northwest,0.0,0.0,0.0,0.0,0.0,0.0,high,18.956,True
E2_zero_high_stress_exposure,16,2024-05-10 16:00:00+00:00,southwest,2047.0088037999997,1351.0219947771152,1621.226393732538,358.1289103755175,1553.6752939936823,0.0,low_medium,17.801,True
E2_zero_high_stress_exposure,17,2024-05-10 17:00:00+00:00,east,5332.987447635158,3519.761774473209,4399.70221809151,2272.061221700182,4047.7260406441897,0.0,medium_high,2.5,False
E2_zero_high_stress_exposure,17,2024-05-10 17:00:00+00:00,north,0.0,0.0,0.0,0.0,0.0,0.0,extremely_high,14.693,True
E2_zero_high_stress_exposure,17,2024-05-10 17:00:00+00:00,northwest,0.0,0.0,0.0,0.0,0.0,0.0,high,18.956,True
E2_zero_high_stress_exposure,17,2024-05-10 17:00:00+00:00,southwest,2285.5660489864963,1508.4693319170894,1810.1631983005072,346.22388106161037,1734.7397317046527,0.0,low_medium,17.801,True
E2_zero_high_stress_exposure,18,2024-05-10 18:00:00+00:00,east,5605.6595023233995,3699.724822292555,4624.656027865693,2367.823886267235,4254.683545636438,0.0,medium_high,2.5,False
E2_zero_high_stress_exposure,18,2024-05-10 18:00:00+00:00,north,0.0,0.0,0.0,0.0,0.0,0.0,extremely_high,14.693,True
E2_zero_high_stress_exposure,18,2024-05-10 18:00:00+00:00,northwest,0.0,0.0,0.0,0.0,0.0,0.0,high,18.956,True
E2_zero_high_stress_exposure,18,2024-05-10 18:00:00+00:00,southwest,2402.4255009957424,1585.5963524110948,1902.7156228933138,306.65433455630557,1823.435805272759,0.0,low_medium,17.801,True
E2_zero_high_stress_exposure,19,2024-05-10 19:00:00+00:00,east,6061.041409458414,4000.2760321461033,5000.3450401826285,2529.1120170113713,4600.317436968018,0.0,medium_high,2.5,False
E2_zero_high_stress_exposure,19,2024-05-10 19:00:00+00:00,north,0.0,0.0,0.0,0.0,0.0,0.0,extremely_high,14.693,True
E2_zero_high_stress_exposure,19,2024-05-10 19:00:00+00:00,northwest,0.0,0.0,0.0,0.0,0.0,0.0,high,18.956,True
E2_zero_high_stress_exposure,19,2024-05-10 19:00:00+00:00,southwest,2597.5891754821773,1714.4040137769014,2057.2848165322816,342.6750742737269,1971.5646158434363,0.0,low_medium,17.801,True
E2_zero_high_stress_exposure,20,2024-05-10 20:00:00+00:00,east,5796.419385110705,3825.6259893458327,4782.032486682291,2429.0334016102697,4399.469887747708,0.0,medium_high,2.5,False
E2_zero_high_stress_exposure,20,2024-05-10 20:00:00+00:00,north,0.0,0.0,0.0,0.0,0.0,0.0,extremely_high,14.693,True
E2_zero_high_stress_exposure,20,2024-05-10 20:00:00+00:00,northwest,0.0,0.0,0.0,0.0,0.0,0.0,high,18.956,True
E2_zero_high_stress_exposure,20,2024-05-10 20:00:00+00:00,southwest,2484.1797364760164,1639.5539954339283,1967.464794520714,338.01045169865847,1885.4870947490174,0.0,low_medium,17.801,True
E2_zero_high_stress_exposure,21,2024-05-10 21:00:00+00:00,east,4140.1634244659945,2732.500142667584,3415.62517833448,1748.2450522157746,3142.3751640677215,0.0,medium_high,2.5,False
E2_zero_high_stress_exposure,21,2024-05-10 21:00:00+00:00,north,0.0,0.0,0.0,0.0,0.0,0.0,extremely_high,14.693,True
E2_zero_high_stress_exposure,21,2024-05-10 21:00:00+00:00,northwest,0.0,0.0,0.0,0.0,0.0,0.0,high,18.956,True
E2_zero_high_stress_exposure,21,2024-05-10 21:00:00+00:00,southwest,1774.355753342569,1171.0714897146788,1405.2857876576145,245.12868422707652,1346.7322131718806,0.0,low_medium,17.801,True
E2_zero_high_stress_exposure,22,2024-05-10 22:00:00+00:00,east,2871.508279863791,1895.190112069308,2368.9876400866347,1226.2176148543433,2179.468628879704,0.0,medium_high,2.5,False
E2_zero_high_stress_exposure,22,2024-05-10 22:00:00+00:00,north,0.0,0.0,0.0,0.0,0.0,0.0,extremely_high,14.693,True
E2_zero_high_stress_exposure,22,2024-05-10 22:00:00+00:00,northwest,0.0,0.0,0.0,0.0,0.0,0.0,high,18.956,True
E2_zero_high_stress_exposure,22,2024-05-10 22:00:00+00:00,southwest,1230.6464056559103,812.2243337439891,974.6692004927868,192.65961196407412,934.0579838055874,0.0,low_medium,17.801,True
E2_zero_high_stress_exposure,23,2024-05-10 23:00:00+00:00,east,1821.1226508568948,1201.9375548982043,1502.4219436227554,817.6743625423893,1382.228188132935,0.0,medium_high,2.5,False
E2_zero_high_stress_exposure,23,2024-05-10 23:00:00+00:00,north,0.0,0.0,0.0,0.0,0.0,0.0,extremely_high,14.693,True
E2_zero_high_stress_exposure,23,2024-05-10 23:00:00+00:00,northwest,0.0,0.0,0.0,0.0,0.0,0.0,high,18.956,True
E2_zero_high_stress_exposure,23,2024-05-10 23:00:00+00:00,southwest,780.4811360815262,515.1160949563732,618.1393139476478,126.98641972864509,592.3835091998292,0.0,low_medium,17.801,True
E2_zero_high_stress_exposure,24,2024-05-11 00:00:00+00:00,east,1316.485128016527,868.8777304941527,1086.0971631176908,643.5397215763098,999.2093900682755,0.0,medium_high,2.5,False
E2_zero_high_stress_exposure,24,2024-05-11 00:00:00+00:00,north,0.0,0.0,0.0,0.0,0.0,0.0,extremely_high,14.693,True
E2_zero_high_stress_exposure,24,2024-05-11 00:00:00+00:00,northwest,0.0,0.0,0.0,0.0,0.0,0.0,high,18.956,True
E2_zero_high_stress_exposure,24,2024-05-11 00:00:00+00:00,southwest,564.207912007083,372.37617021177977,446.8514042541357,154.34247502937845,428.23259574354665,0.0,low_medium,17.801,True
E2_zero_high_stress_exposure,25,2024-05-11 01:00:00+00:00,east,1185.092925735265,782.1591219104192,977.698902388024,579.7632278798183,899.482990196982,0.0,medium_high,2.5,False
E2_zero_high_stress_exposure,25,2024-05-11 01:00:00+00:00,north,0.0,0.0,0.0,0.0,0.0,0.0,extremely_high,14.693,True
E2_zero_high_stress_exposure,25,2024-05-11 01:00:00+00:00,northwest,0.0,0.0,0.0,0.0,0.0,0.0,high,18.956,True
E2_zero_high_stress_exposure,25,2024-05-11 01:00:00+00:00,southwest,507.89696817225644,335.2110522473225,402.253262696787,143.72509076156197,385.4927100844209,0.0,low_medium,17.801,True
E2_zero_high_stress_exposure,26,2024-05-11 02:00:00+00:00,east,972.3502878390764,641.7493774622775,802.1867218278468,476.6593501101065,738.011784081619,0.0,medium_high,2.5,False
E2_zero_high_stress_exposure,26,2024-05-11 02:00:00+00:00,north,0.0,0.0,0.0,0.0,0.0,0.0,extremely_high,14.693,True
E2_zero_high_stress_exposure,26,2024-05-11 02:00:00+00:00,northwest,0.0,0.0,0.0,0.0,0.0,0.0,high,18.956,True
E2_zero_high_stress_exposure,26,2024-05-11 02:00:00+00:00,southwest,416.7215519310327,275.0354474838332,330.0425369805998,118.6722948803243,316.2907646064081,0.0,low_medium,17.801,True
E2_zero_high_stress_exposure,27,2024-05-11 03:00:00+00:00,east,1026.6533771161774,677.5893151613811,846.9866439517264,506.434489084836,779.2277124355883,0.0,medium_high,2.5,False
E2_zero_high_stress_exposure,27,2024-05-11 03:00:00+00:00,north,0.0,0.0,0.0,0.0,0.0,0.0,extremely_high,14.693,True
E2_zero_high_stress_exposure,27,2024-05-11 03:00:00+00:00,northwest,0.0,0.0,0.0,0.0,0.0,0.0,high,18.956,True
E2_zero_high_stress_exposure,27,2024-05-11 03:00:00+00:00,southwest,439.9943044783617,290.395420783449,348.47450494013884,127.39066318928339,333.95473390096635,0.0,low_medium,17.801,True
E2_zero_high_stress_exposure,28,2024-05-11 04:00:00+00:00,east,825.6665237653431,544.9383665997794,681.1729582497243,406.82203465266963,626.6791215897463,0.0,medium_high,2.5,False
E2_zero_high_stress_exposure,28,2024-05-11 04:00:00+00:00,north,0.0,0.0,0.0,0.0,0.0,0.0,extremely_high,14.693,True
E2_zero_high_stress_exposure,28,2024-05-11 04:00:00+00:00,northwest,0.0,0.0,0.0,0.0,0.0,0.0,high,18.956,True
E2_zero_high_stress_exposure,28,2024-05-11 04:00:00+00:00,southwest,353.85708161371844,233.5450142570483,280.25401710845796,102.21798184002489,268.57676639560555,0.0,low_medium,17.801,True
E2_zero_high_stress_exposure,29,2024-05-11 05:00:00+00:00,east,669.0858471029446,441.5954118771222,551.9942648464028,328.1122909530123,507.8347236586905,0.0,medium_high,2.5,False
E2_zero_high_stress_exposure,29,2024-05-11 05:00:00+00:00,north,0.0,0.0,0.0,0.0,0.0,0.0,extremely_high,14.693,True
E2_zero_high_stress_exposure,29,2024-05-11 05:00:00+00:00,northwest,0.0,0.0,0.0,0.0,0.0,0.0,high,18.956,True
E2_zero_high_stress_exposure,29,2024-05-11 05:00:00+00:00,southwest,286.7510773298334,189.25517651876663,227.10621182251995,80.5242925052048,217.64345299658163,0.0,low_medium,17.801,True
E2_zero_high_stress_exposure,30,2024-05-11 06:00:00+00:00,east,590.1550006658933,389.5012003598717,486.87650044983957,285.954740626702,447.92638041385237,0.0,medium_high,2.5,False
E2_zero_high_stress_exposure,30,2024-05-11 06:00:00+00:00,north,0.0,0.0,0.0,0.0,0.0,0.0,extremely_high,14.693,True
E2_zero_high_stress_exposure,30,2024-05-11 06:00:00+00:00,northwest,0.0,0.0,0.0,0.0,0.0,0.0,high,18.956,True
E2_zero_high_stress_exposure,30,2024-05-11 06:00:00+00:00,southwest,252.92357171395423,166.9290858685164,200.31490304221967,64.85528844163596,191.96844874879383,0.0,low_medium,17.801,True
E2_zero_high_stress_exposure,31,2024-05-11 07:00:00+00:00,east,410.4590381030243,270.90220003099915,338.6277500387489,195.98081033492593,311.53753003564896,0.0,medium_high,2.5,False
E2_zero_high_stress_exposure,31,2024-05-11 07:00:00+00:00,north,0.0,0.0,0.0,0.0,0.0,0.0,extremely_high,14.693,True
E2_zero_high_stress_exposure,31,2024-05-11 07:00:00+00:00,northwest,0.0,0.0,0.0,0.0,0.0,0.0,high,18.956,True
E2_zero_high_stress_exposure,31,2024-05-11 07:00:00+00:00,southwest,175.91101632986755,116.1009428704282,139.32113144451384,42.85982407004727,133.51608430099242,0.0,low_medium,17.801,True
E2_zero_high_stress_exposure,32,2024-05-11 08:00:00+00:00,east,353.3528776779265,233.21224059928798,291.51530074910994,166.2621078409955,268.19407668918114,0.0,medium_high,2.5,False
E2_zero_high_stress_exposure,32,2024-05-11 08:00:00+00:00,north,0.0,0.0,0.0,0.0,0.0,0.0,extremely_high,14.693,True
E2_zero_high_stress_exposure,32,2024-05-11 08:00:00+00:00,northwest,0.0,0.0,0.0,0.0,0.0,0.0,high,18.956,True
E2_zero_high_stress_exposure,32,2024-05-11 08:00:00+00:00,southwest,151.4369475762542,99.94810311398055,119.93772373677666,33.174774385592414,114.94031858107763,0.0,low_medium,17.801,True
E2_zero_high_stress_exposure,33,2024-05-11 09:00:00+00:00,east,270.3170597130443,178.40875552554948,223.01094440693683,115.21581679103882,205.1700688543819,0.0,medium_high,2.5,False
E2_zero_high_stress_exposure,33,2024-05-11 09:00:00+00:00,north,0.0,0.0,0.0,0.0,0.0,0.0,extremely_high,14.693,True
E2_zero_high_stress_exposure,33,2024-05-11 09:00:00+00:00,northwest,0.0,0.0,0.0,0.0,0.0,0.0,high,18.956,True
E2_zero_high_stress_exposure,33,2024-05-11 09:00:00+00:00,southwest,115.85016844844753,76.46089522523549,91.75307427028257,24.14329227632035,87.9300295090208,0.0,low_medium,17.801,True
E2_zero_high_stress_exposure,34,2024-05-11 10:00:00+00:00,east,269.0739745325483,177.58832162359755,221.98540202949692,104.35811231159188,204.22656986713716,0.0,medium_high,2.5,False
E2_zero_high_stress_exposure,34,2024-05-11 10:00:00+00:00,north,0.0,0.0,0.0,0.0,0.0,0.0,extremely_high,14.693,True
E2_zero_high_stress_exposure,34,2024-05-11 10:00:00+00:00,northwest,0.0,0.0,0.0,0.0,0.0,0.0,high,18.956,True
E2_zero_high_stress_exposure,34,2024-05-11 10:00:00+00:00,southwest,115.3174176568064,76.10928069582752,91.33113683499302,22.966736542772907,87.52567280020165,0.0,low_medium,17.801,True
E2_zero_high_stress_exposure,35,2024-05-11 11:00:00+00:00,east,375.5044051285489,247.8322074250994,309.79025928137423,132.1216732052651,285.00703853886426,0.0,medium_high,2.5,False
E2_zero_high_stress_exposure,35,2024-05-11 11:00:00+00:00,north,0.0,0.0,0.0,0.0,0.0,0.0,extremely_high,14.693,True
E2_zero_high_stress_exposure,35,2024-05-11 11:00:00+00:00,northwest,0.0,0.0,0.0,0.0,0.0,0.0,high,18.956,True
E2_zero_high_stress_exposure,35,2024-05-11 11:00:00+00:00,southwest,160.93045934080666,106.21380318218546,127.45656381862253,31.37555746001757,122.14587365951326,0.0,low_medium,17.801,True
E2_zero_high_stress_exposure,36,2024-05-11 12:00:00+00:00,east,543.9018892813176,358.97423306425713,448.7177913303214,185.15217864767382,412.8203680238957,0.0,medium_high,2.5,False
E2_zero_high_stress_exposure,36,2024-05-11 12:00:00+00:00,north,0.0,0.0,0.0,0.0,0.0,0.0,extremely_high,14.693,True
E2_zero_high_stress_exposure,36,2024-05-11 12:00:00+00:00,northwest,0.0,0.0,0.0,0.0,0.0,0.0,high,18.956,True
E2_zero_high_stress_exposure,36,2024-05-11 12:00:00+00:00,southwest,233.10080969199325,153.84609988468162,184.61531986161793,45.88306082960744,176.92301486738387,0.0,low_medium,17.801,True
E2_zero_high_stress_exposure,37,2024-05-11 13:00:00+00:00,east,660.643154338127,436.02325038996105,545.0290629874513,222.26285188628265,501.4267379484552,0.0,medium_high,2.5,False
E2_zero_high_stress_exposure,37,2024-05-11 13:00:00+00:00,north,0.0,0.0,0.0,0.0,0.0,0.0,extremely_high,14.693,True
E2_zero_high_stress_exposure,37,2024-05-11 13:00:00+00:00,northwest,0.0,0.0,0.0,0.0,0.0,0.0,high,18.956,True
E2_zero_high_stress_exposure,37,2024-05-11 13:00:00+00:00,southwest,283.1327804306258,186.86710730998328,224.2405287719799,56.23204993172014,214.89717340648073,0.0,low_medium,17.801,True
E2_zero_high_stress_exposure,38,2024-05-11 14:00:00+00:00,east,1024.0142823317888,675.8475175230947,844.8093969038682,354.75658599485683,777.2246451515588,0.0,medium_high,2.5,False
E2_zero_high_stress_exposure,38,2024-05-11 14:00:00+00:00,north,0.0,0.0,0.0,0.0,0.0,0.0,extremely_high,14.693,True
E2_zero_high_stress_exposure,38,2024-05-11 14:00:00+00:00,northwest,0.0,0.0,0.0,0.0,0.0,0.0,high,18.956,True
E2_zero_high_stress_exposure,38,2024-05-11 14:00:00+00:00,southwest,438.8632638564809,289.64893608132627,347.57872329759147,85.58546763331026,333.0962764935252,0.0,low_medium,17.801,True
E2_zero_high_stress_exposure,39,2024-05-11 15:00:00+00:00,east,1013.2690844197193,668.7557069307366,835.9446336634207,378.99639828715334,769.069062970347,0.0,medium_high,2.5,False
E2_zero_high_stress_exposure,39,2024-05-11 15:00:00+00:00,north,0.0,0.0,0.0,0.0,0.0,0.0,extremely_high,14.693,True
E2_zero_high_stress_exposure,39,2024-05-11 15:00:00+00:00,northwest,0.0,0.0,0.0,0.0,0.0,0.0,high,18.956,True
E2_zero_high_stress_exposure,39,2024-05-11 15:00:00+00:00,southwest,434.25817903702256,286.6095886846014,343.93150642152165,83.91928756685128,329.60102698729156,0.0,low_medium,17.801,True
E2_zero_high_stress_exposure,40,2024-05-11 16:00:00+00:00,east,1062.1607327714464,701.0241037063009,876.2801296328761,436.4422720652742,806.1777192622459,0.0,medium_high,2.5,False
E2_zero_high_stress_exposure,40,2024-05-11 16:00:00+00:00,north,0.0,0.0,0.0,0.0,0.0,0.0,extremely_high,14.693,True
E2_zero_high_stress_exposure,40,2024-05-11 16:00:00+00:00,northwest,0.0,0.0,0.0,0.0,0.0,0.0,high,18.956,True
E2_zero_high_stress_exposure,40,2024-05-11 16:00:00+00:00,southwest,455.2117426163342,300.4389015884147,360.5266819060976,80.90218741972826,345.50473682667683,0.0,low_medium,17.801,True
E2_zero_high_stress_exposure,41,2024-05-11 17:00:00+00:00,east,1211.1611439989888,799.3640973719621,999.2051217149526,520.8481597579405,919.2687119777563,0.0,medium_high,2.5,False
E2_zero_high_stress_exposure,41,2024-05-11 17:00:00+00:00,north,0.0,0.0,0.0,0.0,0.0,0.0,extremely_high,14.693,True
E2_zero_high_stress_exposure,41,2024-05-11 17:00:00+00:00,northwest,0.0,0.0,0.0,0.0,0.0,0.0,high,18.956,True
E2_zero_high_stress_exposure,41,2024-05-11 17:00:00+00:00,southwest,519.0690617138523,342.5846131594123,411.10153579129474,60.788213759006084,393.97230513332414,0.0,low_medium,17.801,True
E2_zero_high_stress_exposure,42,2024-05-11 18:00:00+00:00,east,1277.0889382720402,842.8763186993383,1053.5953983741729,551.6230407612778,969.307766504239,0.0,medium_high,2.5,False
E2_zero_high_stress_exposure,42,2024-05-11 18:00:00+00:00,north,0.0,0.0,0.0,0.0,0.0,0.0,extremely_high,14.693,True
E2_zero_high_stress_exposure,42,2024-05-11 18:00:00+00:00,northwest,0.0,0.0,0.0,0.0,0.0,0.0,high,18.956,True
E2_zero_high_stress_exposure,42,2024-05-11 18:00:00+00:00,southwest,547.3238306880172,361.2327080140021,433.4792496168025,75.52653459156754,415.4176142161024,0.0,low_medium,17.801,True
E2_zero_high_stress_exposure,43,2024-05-11 19:00:00+00:00,east,1352.796169676254,892.8429503039023,1116.0536878798778,585.8165807681478,1026.7693928494875,0.0,medium_high,2.5,False
E2_zero_high_stress_exposure,43,2024-05-11 19:00:00+00:00,north,0.0,0.0,0.0,0.0,0.0,0.0,extremely_high,14.693,True
E2_zero_high_stress_exposure,43,2024-05-11 19:00:00+00:00,northwest,0.0,0.0,0.0,0.0,0.0,0.0,high,18.956,True
E2_zero_high_stress_exposure,43,2024-05-11 19:00:00+00:00,southwest,579.7697870041088,382.64697870167237,459.17637444200676,79.69771272398427,440.04402550692316,0.0,low_medium,17.801,True
E2_zero_high_stress_exposure,44,2024-05-11 20:00:00+00:00,east,1205.0744225853068,795.3468725848974,994.1835907311216,518.553733630469,914.6489034726318,0.0,medium_high,2.5,False
E2_zero_high_stress_exposure,44,2024-05-11 20:00:00+00:00,north,0.0,0.0,0.0,0.0,0.0,0.0,extremely_high,14.693,True
E2_zero_high_stress_exposure,44,2024-05-11 20:00:00+00:00,northwest,0.0,0.0,0.0,0.0,0.0,0.0,high,18.956,True
E2_zero_high_stress_exposure,44,2024-05-11 20:00:00+00:00,southwest,516.4604668222743,340.86294539352735,409.0355344722328,67.66811191952303,391.9923872025564,0.0,low_medium,17.801,True
E2_zero_high_stress_exposure,45,2024-05-11 21:00:00+00:00,east,1104.887462092313,729.223665413227,911.5295817665336,477.7098655642961,838.6072152252109,0.0,medium_high,2.5,False
E2_zero_high_stress_exposure,45,2024-05-11 21:00:00+00:00,north,0.0,0.0,0.0,0.0,0.0,0.0,extremely_high,14.693,True
E2_zero_high_stress_exposure,45,2024-05-11 21:00:00+00:00,northwest,0.0,0.0,0.0,0.0,0.0,0.0,high,18.956,True
E2_zero_high_stress_exposure,45,2024-05-11 21:00:00+00:00,southwest,473.52319803956266,312.5244280342401,375.0293136410881,65.78014161264684,359.40309223937606,0.0,low_medium,17.801,True
E2_zero_high_stress_exposure,46,2024-05-11 22:00:00+00:00,east,1115.2571709578854,736.0676539348281,920.084567418535,497.62773828831456,846.4778020250521,0.0,medium_high,2.5,False
E2_zero_high_stress_exposure,46,2024-05-11 22:00:00+00:00,north,0.0,0.0,0.0,0.0,0.0,0.0,extremely_high,14.693,True
E2_zero_high_stress_exposure,46,2024-05-11 22:00:00+00:00,northwest,0.0,0.0,0.0,0.0,0.0,0.0,high,18.956,True
E2_zero_high_stress_exposure,46,2024-05-11 22:00:00+00:00,southwest,477.96735898195084,315.4575659720691,378.5490791664829,77.89278218982328,362.7762008678795,0.0,low_medium,17.801,True
E2_zero_high_stress_exposure,47,2024-05-11 23:00:00+00:00,east,898.1965956864069,592.8080788678549,741.0100985848185,415.35468550925543,681.729290698033,0.0,medium_high,2.5,False
E2_zero_high_stress_exposure,47,2024-05-11 23:00:00+00:00,north,0.0,0.0,0.0,0.0,0.0,0.0,extremely_high,14.693,True
E2_zero_high_stress_exposure,47,2024-05-11 23:00:00+00:00,northwest,0.0,0.0,0.0,0.0,0.0,0.0,high,18.956,True
E2_zero_high_stress_exposure,47,2024-05-11 23:00:00+00:00,southwest,384.9413981513172,254.0606052290806,304.8727262748967,72.35646036924214,292.16969601344266,0.0,low_medium,17.801,True
E2_zero_high_stress_exposure,48,2024-05-12 00:00:00+00:00,east,951.4636277628745,627.964220745805,784.9552759322562,469.3443833617944,722.1588538576757,0.0,medium_high,2.5,False
E2_zero_high_stress_exposure,48,2024-05-12 00:00:00+00:00,north,0.0,0.0,0.0,0.0,0.0,0.0,extremely_high,14.693,True
E2_zero_high_stress_exposure,48,2024-05-12 00:00:00+00:00,northwest,0.0,0.0,0.0,0.0,0.0,0.0,high,18.956,True
E2_zero_high_stress_exposure,48,2024-05-12 00:00:00+00:00,southwest,407.77012618408907,269.1275231767736,322.95302781212825,107.99549250037569,309.4966516532896,0.0,low_medium,17.801,True
E2_zero_high_stress_exposure,49,2024-05-12 01:00:00+00:00,east,1000.0054736323873,660.0017485351578,825.0021856689473,495.14568678386047,759.0020108154315,0.0,medium_high,2.5,False
E2_zero_high_stress_exposure,49,2024-05-12 01:00:00+00:00,north,0.0,0.0,0.0,0.0,0.0,0.0,extremely_high,14.693,True
E2_zero_high_stress_exposure,49,2024-05-12 01:00:00+00:00,northwest,0.0,0.0,0.0,0.0,0.0,0.0,high,18.956,True
E2_zero_high_stress_exposure,49,2024-05-12 01:00:00+00:00,southwest,428.57377441388024,282.85789222935335,339.429470675224,115.39470571388699,325.28657606375634,0.0,low_medium,17.801,True
E2_zero_high_stress_exposure,50,2024-05-12 02:00:00+00:00,east,948.6461540814713,626.1046933679964,782.6308667099954,475.53629749882714,720.0203973731958,0.0,medium_high,2.5,False
E2_zero_high_stress_exposure,50,2024-05-12 02:00:00+00:00,north,0.0,0.0,0.0,0.0,0.0,0.0,extremely_high,14.693,True
E2_zero_high_stress_exposure,50,2024-05-12 02:00:00+00:00,northwest,0.0,0.0,0.0,0.0,0.0,0.0,high,18.956,True
E2_zero_high_stress_exposure,50,2024-05-12 02:00:00+00:00,southwest,406.5626374634877,268.33058287199844,321.9966994463981,110.7990642795056,308.5801703027982,0.0,low_medium,17.801,True
E2_zero_high_stress_exposure,51,2024-05-12 03:00:00+00:00,east,894.2067361442078,590.1747790073091,737.7184737591364,450.9396385661941,678.7009958584055,0.0,medium_high,2.5,False
E2_zero_high_stress_exposure,51,2024-05-12 03:00:00+00:00,north,0.0,0.0,0.0,0.0,0.0,0.0,extremely_high,14.693,True
E2_zero_high_stress_exposure,51,2024-05-12 03:00:00+00:00,northwest,0.0,0.0,0.0,0.0,0.0,0.0,high,18.956,True
E2_zero_high_stress_exposure,51,2024-05-12 03:00:00+00:00,southwest,383.23145835180327,252.93204814881815,303.51845777858176,106.45404042487456,290.87185537114084,0.0,low_medium,17.801,True
E2_zero_high_stress_exposure,52,2024-05-12 04:00:00+00:00,east,837.9963605685921,553.0760359064666,691.3450448830832,419.7847112530081,636.0374412924366,0.0,medium_high,2.5,False
E2_zero_high_stress_exposure,52,2024-05-12 04:00:00+00:00,north,0.0,0.0,0.0,0.0,0.0,0.0,extremely_high,14.693,True
E2_zero_high_stress_exposure,52,2024-05-12 04:00:00+00:00,northwest,0.0,0.0,0.0,0.0,0.0,0.0,high,18.956,True
E2_zero_high_stress_exposure,52,2024-05-12 04:00:00+00:00,southwest,359.14129738653946,237.03258681705714,284.4391041804685,99.75279383609032,272.58747483961565,0.0,low_medium,17.801,True
E2_zero_high_stress_exposure,53,2024-05-12 05:00:00+00:00,east,727.7959688956511,480.34398282158764,600.4299785269845,360.6407612275016,552.3955802448257,0.0,medium_high,2.5,False
E2_zero_high_stress_exposure,53,2024-05-12 05:00:00+00:00,north,0.0,0.0,0.0,0.0,0.0,0.0,extremely_high,14.693,True
E2_zero_high_stress_exposure,53,2024-05-12 05:00:00+00:00,northwest,0.0,0.0,0.0,0.0,0.0,0.0,high,18.956,True
E2_zero_high_stress_exposure,53,2024-05-12 05:00:00+00:00,southwest,311.9125580981362,205.86170692353758,247.03404830824508,84.19743813172686,236.74096296206818,0.0,low_medium,17.801,True
E2_zero_high_stress_exposure,54,2024-05-12 06:00:00+00:00,east,538.1359946124497,355.16875333073193,443.96094166341487,261.27656368069046,408.4440663303417,0.0,medium_high,2.5,False
E2_zero_high_stress_exposure,54,2024-05-12 06:00:00+00:00,north,0.0,0.0,0.0,0.0,0.0,0.0,extremely_high,14.693,True
E2_zero_high_stress_exposure,54,2024-05-12 06:00:00+00:00,northwest,0.0,0.0,0.0,0.0,0.0,0.0,high,18.956,True
E2_zero_high_stress_exposure,54,2024-05-12 06:00:00+00:00,southwest,230.62971197676416,152.2151799988851,182.65821599866211,56.98936339158258,175.04745699871785,0.0,low_medium,17.801,True
E2_zero_high_stress_exposure,55,2024-05-12 07:00:00+00:00,east,344.20580836472584,227.17519190318853,283.96898987898567,163.45610018671763,261.2514706886668,0.0,medium_high,2.5,False
E2_zero_high_stress_exposure,55,2024-05-12 07:00:00+00:00,north,0.0,0.0,0.0,0.0,0.0,0.0,extremely_high,14.693,True
E2_zero_high_stress_exposure,55,2024-05-12 07:00:00+00:00,northwest,0.0,0.0,0.0,0.0,0.0,0.0,high,18.956,True
E2_zero_high_stress_exposure,55,2024-05-12 07:00:00+00:00,southwest,147.5167750134539,97.36079652993791,116.83295583592549,34.61760481418472,111.96491600942859,0.0,low_medium,17.801,True
E2_zero_high_stress_exposure,56,2024-05-12 08:00:00+00:00,east,362.9446138492018,239.54276859283456,299.4284607410432,168.25259494615145,275.4741838817597,0.0,medium_high,2.5,False
E2_zero_high_stress_exposure,56,2024-05-12 08:00:00+00:00,north,0.0,0.0,0.0,0.0,0.0,0.0,extremely_high,14.693,True
E2_zero_high_stress_exposure,56,2024-05-12 08:00:00+00:00,northwest,0.0,0.0,0.0,0.0,0.0,0.0,high,18.956,True
E2_zero_high_stress_exposure,56,2024-05-12 08:00:00+00:00,southwest,155.54769164965793,102.66118653978626,123.19342384774349,33.79195616143604,118.06036452075418,0.0,low_medium,17.801,True
E2_zero_high_stress_exposure,57,2024-05-12 09:00:00+00:00,east,315.79759871043194,208.425826485735,260.5322831071687,135.41165414495097,239.6897004585952,0.0,medium_high,2.5,False
E2_zero_high_stress_exposure,57,2024-05-12 09:00:00+00:00,north,0.0,0.0,0.0,0.0,0.0,0.0,extremely_high,14.693,True
E2_zero_high_stress_exposure,57,2024-05-12 09:00:00+00:00,northwest,0.0,0.0,0.0,0.0,0.0,0.0,high,18.956,True
E2_zero_high_stress_exposure,57,2024-05-12 09:00:00+00:00,southwest,135.34182801875653,89.32535420817213,107.19042504980655,27.49434402527538,102.72415733939795,0.0,low_medium,17.801,True
E2_zero_high_stress_exposure,58,2024-05-12 10:00:00+00:00,east,320.534302796166,211.5520423528567,264.44005294107086,129.9193980099481,243.28484870578515,0.0,medium_high,2.5,False
E2_zero_high_stress_exposure,58,2024-05-12 10:00:00+00:00,north,0.0,0.0,0.0,0.0,0.0,0.0,extremely_high,14.693,True
E2_zero_high_stress_exposure,58,2024-05-12 10:00:00+00:00,northwest,0.0,0.0,0.0,0.0,0.0,0.0,high,18.956,True
E2_zero_high_stress_exposure,58,2024-05-12 10:00:00+00:00,southwest,137.3718440554997,90.66516100836715,108.79819321004057,26.641050910698592,104.26493515962221,0.0,low_medium,17.801,True
E2_zero_high_stress_exposure,59,2024-05-12 11:00:00+00:00,east,312.0278512619692,205.93780019675492,257.42225024594364,119.10283963254197,236.82847022626814,0.0,medium_high,2.5,False
E2_zero_high_stress_exposure,59,2024-05-12 11:00:00+00:00,north,0.0,0.0,0.0,0.0,0.0,0.0,extremely_high,14.693,True
E2_zero_high_stress_exposure,59,2024-05-12 11:00:00+00:00,northwest,0.0,0.0,0.0,0.0,0.0,0.0,high,18.956,True
E2_zero_high_stress_exposure,59,2024-05-12 11:00:00+00:00,southwest,133.72622196941538,88.25905722718068,105.91086867261681,25.782235797204017,101.49791581125777,0.0,low_medium,17.801,True
E2_zero_high_stress_exposure,60,2024-05-12 12:00:00+00:00,east,529.4618831842482,349.44385595711384,436.80481994639223,193.44447457350913,401.86043435068086,0.0,medium_high,2.5,False
E2_zero_high_stress_exposure,60,2024-05-12 12:00:00+00:00,north,0.0,0.0,0.0,0.0,0.0,0.0,extremely_high,14.693,True
E2_zero_high_stress_exposure,60,2024-05-12 12:00:00+00:00,northwest,0.0,0.0,0.0,0.0,0.0,0.0,high,18.956,True
E2_zero_high_stress_exposure,60,2024-05-12 12:00:00+00:00,southwest,226.9122356503921,149.76165255304878,179.71398306365853,43.16130826578865,172.22590043600607,0.0,low_medium,17.801,True
E2_zero_high_stress_exposure,61,2024-05-12 13:00:00+00:00,east,619.349269070889,408.769363087534,510.96170385941747,226.6562248107394,470.084767550664,0.0,medium_high,2.5,False
E2_zero_high_stress_exposure,61,2024-05-12 13:00:00+00:00,north,0.0,0.0,0.0,0.0,0.0,0.0,extremely_high,14.693,True
E2_zero_high_stress_exposure,61,2024-05-12 13:00:00+00:00,northwest,0.0,0.0,0.0,0.0,0.0,0.0,high,18.956,True
E2_zero_high_stress_exposure,61,2024-05-12 13:00:00+00:00,southwest,265.435401030381,175.18686989465743,210.2242438735889,50.08942984028043,201.46490037885602,0.0,low_medium,17.801,True
E2_zero_high_stress_exposure,62,2024-05-12 14:00:00+00:00,east,698.8661781041574,461.2503748258366,576.5629685322957,259.683961026946,530.4379310497121,0.0,medium_high,2.5,False
E2_zero_high_stress_exposure,62,2024-05-12 14:00:00+00:00,north,0.0,0.0,0.0,0.0,0.0,0.0,extremely_high,14.693,True
E2_zero_high_stress_exposure,62,2024-05-12 14:00:00+00:00,northwest,0.0,0.0,0.0,0.0,0.0,0.0,high,18.956,True
E2_zero_high_stress_exposure,62,2024-05-12 14:00:00+00:00,southwest,299.51407633035313,197.67873206821568,237.2144784818588,55.62679520399588,227.330541878448,0.0,low_medium,17.801,True
E2_zero_high_stress_exposure,63,2024-05-12 15:00:00+00:00,east,823.2763339377186,543.3608457689854,679.2010572112317,320.0819882240081,624.8649726343332,0.0,medium_high,2.5,False
E2_zero_high_stress_exposure,63,2024-05-12 15:00:00+00:00,north,0.0,0.0,0.0,0.0,0.0,0.0,extremely_high,14.693,True
E2_zero_high_stress_exposure,63,2024-05-12 15:00:00+00:00,northwest,0.0,0.0,0.0,0.0,0.0,0.0,high,18.956,True
E2_zero_high_stress_exposure,63,2024-05-12 15:00:00+00:00,southwest,352.8327145447365,232.86893390099374,279.44272068119244,64.91454401424097,267.7992739861428,0.0,low_medium,17.801,True
E2_zero_high_stress_exposure,64,2024-05-12 16:00:00+00:00,east,922.8694414832551,609.0921111023067,761.3651388778834,380.6349841177618,700.4559277676526,0.0,medium_high,2.5,False
E2_zero_high_stress_exposure,64,2024-05-12 16:00:00+00:00,north,0.0,0.0,0.0,0.0,0.0,0.0,extremely_high,14.693,True
E2_zero_high_stress_exposure,64,2024-05-12 16:00:00+00:00,northwest,0.0,0.0,0.0,0.0,0.0,0.0,high,18.956,True
E2_zero_high_stress_exposure,64,2024-05-12 16:00:00+00:00,southwest,395.515474921395,261.03947618670287,313.2473714240434,59.99731320675177,300.19539761470827,0.0,low_medium,17.801,True
E2_zero_high_stress_exposure,65,2024-05-12 17:00:00+00:00,east,883.9400730880961,583.3988005278694,729.2485006598367,379.5556133809285,670.9086206070498,0.0,medium_high,2.5,False
E2_zero_high_stress_exposure,65,2024-05-12 17:00:00+00:00,north,0.0,0.0,0.0,0.0,0.0,0.0,extremely_high,14.693,True
E2_zero_high_stress_exposure,65,2024-05-12 17:00:00+00:00,northwest,0.0,0.0,0.0,0.0,0.0,0.0,high,18.956,True
E2_zero_high_stress_exposure,65,2024-05-12 17:00:00+00:00,southwest,378.8314598948984,250.02805736908692,300.03366884290426,45.16506828315185,287.53226597444996,0.0,low_medium,17.801,True
E2_zero_high_stress_exposure,66,2024-05-12 18:00:00+00:00,east,1103.8654912172951,728.549166540722,910.6864581759024,475.9247430427267,837.8315415218302,0.0,medium_high,2.5,False
E2_zero_high_stress_exposure,66,2024-05-12 18:00:00+00:00,north,0.0,0.0,0.0,0.0,0.0,0.0,extremely_high,14.693,True
E2_zero_high_stress_exposure,66,2024-05-12 18:00:00+00:00,northwest,0.0,0.0,0.0,0.0,0.0,0.0,high,18.956,True
E2_zero_high_stress_exposure,66,2024-05-12 18:00:00+00:00,southwest,473.0852105216979,312.23535708888085,374.682428506657,62.871711503417,359.07066065221295,0.0,low_medium,17.801,True
E2_zero_high_stress_exposure,67,2024-05-12 19:00:00+00:00,east,1143.2734647937623,754.5583556426778,943.1979445533472,495.06102114743805,867.7421089890794,0.0,medium_high,2.5,False
E2_zero_high_stress_exposure,67,2024-05-12 19:00:00+00:00,north,0.0,0.0,0.0,0.0,0.0,0.0,extremely_high,14.693,True
E2_zero_high_stress_exposure,67,2024-05-12 19:00:00+00:00,northwest,0.0,0.0,0.0,0.0,0.0,0.0,high,18.956,True
E2_zero_high_stress_exposure,67,2024-05-12 19:00:00+00:00,southwest,489.9743420544695,323.38215241829045,388.0585829019485,65.96995909333125,371.889475281034,0.0,low_medium,17.801,True
E2_zero_high_stress_exposure,68,2024-05-12 20:00:00+00:00,east,1004.5032140501135,662.970248826835,828.7128110335437,434.70130502764545,762.4157861508602,0.0,medium_high,2.5,False
E2_zero_high_stress_exposure,68,2024-05-12 20:00:00+00:00,north,0.0,0.0,0.0,0.0,0.0,0.0,extremely_high,14.693,True
E2_zero_high_stress_exposure,68,2024-05-12 20:00:00+00:00,northwest,0.0,0.0,0.0,0.0,0.0,0.0,high,18.956,True
E2_zero_high_stress_exposure,68,2024-05-12 20:00:00+00:00,southwest,430.50137745004855,284.13010664007214,340.9561279680865,56.0304570294222,326.7496226360829,0.0,low_medium,17.801,True
E2_zero_high_stress_exposure,69,2024-05-12 21:00:00+00:00,east,1210.6041806663134,798.9965026106049,998.7456282632561,522.693524551575,918.8459780021956,0.0,medium_high,2.5,False
E2_zero_high_stress_exposure,69,2024-05-12 21:00:00+00:00,north,0.0,0.0,0.0,0.0,0.0,0.0,extremely_high,14.693,True
E2_zero_high_stress_exposure,69,2024-05-12 21:00:00+00:00,northwest,0.0,0.0,0.0,0.0,0.0,0.0,high,18.956,True
E2_zero_high_stress_exposure,69,2024-05-12 21:00:00+00:00,southwest,518.8303631427057,342.4270725474021,410.91248705688247,69.9099111312776,393.79113342951234,0.0,low_medium,17.801,True
E2_zero_high_stress_exposure,70,2024-05-12 22:00:00+00:00,east,1045.33662329323,689.9202228116933,862.4002785146165,467.16223087136774,793.4082562334472,0.0,medium_high,2.5,False
E2_zero_high_stress_exposure,70,2024-05-12 22:00:00+00:00,north,0.0,0.0,0.0,0.0,0.0,0.0,extremely_high,14.693,True
E2_zero_high_stress_exposure,70,2024-05-12 22:00:00+00:00,northwest,0.0,0.0,0.0,0.0,0.0,0.0,high,18.956,True
E2_zero_high_stress_exposure,70,2024-05-12 22:00:00+00:00,southwest,448.0014099828129,295.6800954907257,354.8161145888708,67.95911314758837,340.0321098143345,0.0,low_medium,17.801,True
E2_zero_high_stress_exposure,71,2024-05-12 23:00:00+00:00,east,1217.0369043579235,803.2420882561361,1004.0526103201701,552.7686139541406,923.7284014945565,0.0,medium_high,2.5,False
E2_zero_high_stress_exposure,71,2024-05-12 23:00:00+00:00,north,0.0,0.0,0.0,0.0,0.0,0.0,extremely_high,14.693,True
E2_zero_high_stress_exposure,71,2024-05-12 23:00:00+00:00,northwest,0.0,0.0,0.0,0.0,0.0,0.0,high,18.956,True
E2_zero_high_stress_exposure,71,2024-05-12 23:00:00+00:00,southwest,521.5872447248242,344.2466092526297,413.0959311031556,104.44442124724782,395.8836006405241,0.0,low_medium,17.801,True
E2_zero_high_stress_exposure,72,2024-05-13 00:00:00+00:00,east,1461.0473744756405,964.2885436856209,1205.360679607026,713.2571151489625,1108.931825238464,0.0,medium_high,2.5,False
E2_zero_high_stress_exposure,72,2024-05-13 00:00:00+00:00,north,0.0,0.0,0.0,0.0,0.0,0.0,extremely_high,14.693,True
E2_zero_high_stress_exposure,72,2024-05-13 00:00:00+00:00,northwest,0.0,0.0,0.0,0.0,0.0,0.0,high,18.956,True
E2_zero_high_stress_exposure,72,2024-05-13 00:00:00+00:00,southwest,626.1631604895601,413.26651872240893,495.91982246689065,174.8778600625745,475.2564965307702,0.0,low_medium,17.801,True
E2_zero_high_stress_exposure,73,2024-05-13 01:00:00+00:00,east,1455.124036271373,960.3791515122148,1200.4739393902685,715.7075567402358,1104.436024239047,0.0,medium_high,2.5,False
E2_zero_high_stress_exposure,73,2024-05-13 01:00:00+00:00,north,0.0,0.0,0.0,0.0,0.0,0.0,extremely_high,14.693,True
E2_zero_high_stress_exposure,73,2024-05-13 01:00:00+00:00,northwest,0.0,0.0,0.0,0.0,0.0,0.0,high,18.956,True
E2_zero_high_stress_exposure,73,2024-05-13 01:00:00+00:00,southwest,623.6245869734454,411.59106493380625,493.9092779205675,177.72502183841752,473.32972467387714,0.0,low_medium,17.801,True
E2_zero_high_stress_exposure,74,2024-05-13 02:00:00+00:00,east,1562.9416670814094,1031.538586869167,1289.4232335864585,770.5915599721075,1186.2693748995418,0.0,medium_high,2.5,False
E2_zero_high_stress_exposure,74,2024-05-13 02:00:00+00:00,north,0.0,0.0,0.0,0.0,0.0,0.0,extremely_high,14.693,True
E2_zero_high_stress_exposure,74,2024-05-13 02:00:00+00:00,northwest,0.0,0.0,0.0,0.0,0.0,0.0,high,18.956,True
E2_zero_high_stress_exposure,74,2024-05-13 02:00:00+00:00,southwest,669.8321430348897,442.0879658010715,530.5055589612857,193.08633994327596,508.40116067123216,0.0,low_medium,17.801,True
E2_zero_high_stress_exposure,75,2024-05-13 03:00:00+00:00,east,1385.5519255180366,914.4616881010461,1143.0771101263074,682.9171309810857,1051.6309413162028,0.0,medium_high,2.5,False
E2_zero_high_stress_exposure,75,2024-05-13 03:00:00+00:00,north,0.0,0.0,0.0,0.0,0.0,0.0,extremely_high,14.693,True
E2_zero_high_stress_exposure,75,2024-05-13 03:00:00+00:00,northwest,0.0,0.0,0.0,0.0,0.0,0.0,high,18.956,True
E2_zero_high_stress_exposure,75,2024-05-13 03:00:00+00:00,southwest,593.8079680791585,391.9121520433054,470.2945824519665,174.35387820102568,450.6989748498012,0.0,low_medium,17.801,True
E2_zero_high_stress_exposure,76,2024-05-13 04:00:00+00:00,east,1187.3411124610175,783.6429209586788,979.5536511983485,584.5363969319745,901.1893591024806,0.0,medium_high,2.5,False
E2_zero_high_stress_exposure,76,2024-05-13 04:00:00+00:00,north,0.0,0.0,0.0,0.0,0.0,0.0,extremely_high,14.693,True
E2_zero_high_stress_exposure,76,2024-05-13 04:00:00+00:00,northwest,0.0,0.0,0.0,0.0,0.0,0.0,high,18.956,True
E2_zero_high_stress_exposure,76,2024-05-13 04:00:00+00:00,southwest,508.86047676900745,335.84696612514807,403.0163593501776,149.6131064694309,386.2240110439202,0.0,low_medium,17.801,True
E2_zero_high_stress_exposure,77,2024-05-13 05:00:00+00:00,east,1063.3392617034929,701.8019306046123,877.2524132557653,522.2502929214885,807.0722201953041,0.0,medium_high,2.5,False
E2_zero_high_stress_exposure,77,2024-05-13 05:00:00+00:00,north,0.0,0.0,0.0,0.0,0.0,0.0,extremely_high,14.693,True
E2_zero_high_stress_exposure,77,2024-05-13 05:00:00+00:00,northwest,0.0,0.0,0.0,0.0,0.0,0.0,high,18.956,True
E2_zero_high_stress_exposure,77,2024-05-13 05:00:00+00:00,southwest,455.7168264443541,300.7722559734053,360.92670716808635,131.37732140918342,345.8880943694161,0.0,low_medium,17.801,True
E2_zero_high_stress_exposure,78,2024-05-13 06:00:00+00:00,east,1000.8588802626543,660.5649953203398,825.7062441504247,487.6001798269296,759.6497446183906,0.0,medium_high,2.5,False
E2_zero_high_stress_exposure,78,2024-05-13 06:00:00+00:00,north,0.0,0.0,0.0,0.0,0.0,0.0,extremely_high,14.693,True
E2_zero_high_stress_exposure,78,2024-05-13 06:00:00+00:00,northwest,0.0,0.0,0.0,0.0,0.0,0.0,high,18.956,True
E2_zero_high_stress_exposure,78,2024-05-13 06:00:00+00:00,southwest,428.9395201125661,283.099283708717,339.7191404504604,114.40608253236668,325.5641762650245,0.0,low_medium,17.801,True
E2_zero_high_stress_exposure,79,2024-05-13 07:00:00+00:00,east,977.3570677495151,645.0538428702688,806.317303587836,470.14346178947744,741.8119193008091,0.0,medium_high,2.5,False
E2_zero_high_stress_exposure,79,2024-05-13 07:00:00+00:00,north,0.0,0.0,0.0,0.0,0.0,0.0,extremely_high,14.693,True
E2_zero_high_stress_exposure,79,2024-05-13 07:00:00+00:00,northwest,0.0,0.0,0.0,0.0,0.0,0.0,high,18.956,True
E2_zero_high_stress_exposure,79,2024-05-13 07:00:00+00:00,southwest,418.8673147497922,276.4516469444009,331.74197633328106,101.11495438638404,317.91939398606104,0.0,low_medium,17.801,True
E2_zero_high_stress_exposure,80,2024-05-13 08:00:00+00:00,east,828.2899658081653,546.6698334578097,683.337291822262,392.6883164618107,628.6703084764811,0.0,medium_high,2.5,False
E2_zero_high_stress_exposure,80,2024-05-13 08:00:00+00:00,north,0.0,0.0,0.0,0.0,0.0,0.0,extremely_high,14.693,True
E2_zero_high_stress_exposure,80,2024-05-13 08:00:00+00:00,northwest,0.0,0.0,0.0,0.0,0.0,0.0,high,18.956,True
E2_zero_high_stress_exposure,80,2024-05-13 08:00:00+00:00,southwest,354.9814139177851,234.28707148191842,281.14448577830206,67.91513628117849,269.43013220420613,0.0,low_medium,17.801,True
E2_zero_high_stress_exposure,81,2024-05-13 09:00:00+00:00,east,827.4949722806261,546.1451392115431,682.6814240144288,347.82618553535156,628.0669100932745,0.0,medium_high,2.5,False
E2_zero_high_stress_exposure,81,2024-05-13 09:00:00+00:00,north,0.0,0.0,0.0,0.0,0.0,0.0,extremely_high,14.693,True
E2_zero_high_stress_exposure,81,2024-05-13 09:00:00+00:00,northwest,0.0,0.0,0.0,0.0,0.0,0.0,high,18.956,True
E2_zero_high_stress_exposure,81,2024-05-13 09:00:00+00:00,southwest,354.6407024059826,234.06220251923276,280.8746430230793,78.72916243936912,269.17153289711763,0.0,low_medium,17.801,True
E2_zero_high_stress_exposure,82,2024-05-13 10:00:00+00:00,east,782.3588031269828,516.3553517063056,645.444189632882,293.120410669403,593.8086544622513,0.0,medium_high,2.5,False
E2_zero_high_stress_exposure,82,2024-05-13 10:00:00+00:00,north,0.0,0.0,0.0,0.0,0.0,0.0,extremely_high,14.693,True
E2_zero_high_stress_exposure,82,2024-05-13 10:00:00+00:00,northwest,0.0,0.0,0.0,0.0,0.0,0.0,high,18.956,True
E2_zero_high_stress_exposure,82,2024-05-13 10:00:00+00:00,southwest,335.296629911564,221.2951507312738,265.5541808775285,71.83240592737147,254.48942334096483,0.0,low_medium,17.801,True
E2_zero_high_stress_exposure,83,2024-05-13 11:00:00+00:00,east,1168.820965883348,771.4196587399335,964.2745734249169,395.41284226505496,887.1326075509235,0.0,medium_high,2.5,False
E2_zero_high_stress_exposure,83,2024-05-13 11:00:00+00:00,north,0.0,0.0,0.0,0.0,0.0,0.0,extremely_high,14.693,True
E2_zero_high_stress_exposure,83,2024-05-13 11:00:00+00:00,northwest,0.0,0.0,0.0,0.0,0.0,0.0,high,18.956,True
E2_zero_high_stress_exposure,83,2024-05-13 11:00:00+00:00,southwest,500.9232710928634,330.6084251742572,396.7301102091086,106.38979122107594,380.19968895039574,0.0,low_medium,17.801,True
E2_zero_high_stress_exposure,84,2024-05-13 12:00:00+00:00,east,1864.1606364133409,1230.342545140415,1537.9281814255187,591.6217472921292,1414.8939269114771,0.0,medium_high,2.5,False
E2_zero_high_stress_exposure,84,2024-05-13 12:00:00+00:00,north,0.0,0.0,0.0,0.0,0.0,0.0,extremely_high,14.693,True
E2_zero_high_stress_exposure,84,2024-05-13 12:00:00+00:00,northwest,0.0,0.0,0.0,0.0,0.0,0.0,high,18.956,True
E2_zero_high_stress_exposure,84,2024-05-13 12:00:00+00:00,southwest,798.9259870342889,527.289662203035,632.7475946436421,168.16321906979186,606.3831115334903,0.0,low_medium,17.801,True
E2_zero_high_stress_exposure,85,2024-05-13 13:00:00+00:00,east,3579.1570192035238,2362.2369609394736,2952.7962011743416,1092.5715043870212,2716.5725050803944,0.0,medium_high,2.5,False
E2_zero_high_stress_exposure,85,2024-05-13 13:00:00+00:00,north,0.0,0.0,0.0,0.0,0.0,0.0,extremely_high,14.693,True
E2_zero_high_stress_exposure,85,2024-05-13 13:00:00+00:00,northwest,0.0,0.0,0.0,0.0,0.0,0.0,high,18.956,True
E2_zero_high_stress_exposure,85,2024-05-13 13:00:00+00:00,southwest,1533.9244368015102,1012.38726897406,1214.864722768872,319.7523950327671,1164.245359320169,0.0,low_medium,17.801,True
E2_zero_high_stress_exposure,86,2024-05-13 14:00:00+00:00,east,5090.1823028358685,3359.510831507097,4199.388539383871,1605.1112844660001,3863.437456233161,0.0,medium_high,2.5,False
E2_zero_high_stress_exposure,86,2024-05-13 14:00:00+00:00,north,0.0,0.0,0.0,0.0,0.0,0.0,extremely_high,14.693,True
E2_zero_high_stress_exposure,86,2024-05-13 14:00:00+00:00,northwest,0.0,0.0,0.0,0.0,0.0,0.0,high,18.956,True
E2_zero_high_stress_exposure,86,2024-05-13 14:00:00+00:00,southwest,2181.506701215372,1439.7903563601842,1727.7484276322207,440.1727077464353,1655.7589098142116,0.0,low_medium,17.801,True
E2_zero_high_stress_exposure,87,2024-05-13 15:00:00+00:00,east,5670.977528832211,3742.834598032172,4678.543247540214,1932.1213976529198,4304.259787736997,0.0,medium_high,2.5,False
E2_zero_high_stress_exposure,87,2024-05-13 15:00:00+00:00,north,0.0,0.0,0.0,0.0,0.0,0.0,extremely_high,14.693,True
E2_zero_high_stress_exposure,87,2024-05-13 15:00:00+00:00,northwest,0.0,0.0,0.0,0.0,0.0,0.0,high,18.956,True
E2_zero_high_stress_exposure,87,2024-05-13 15:00:00+00:00,southwest,2430.4189409280903,1604.0719705852164,1924.8863647022595,486.8037616332015,1844.6827661729988,0.0,low_medium,17.801,True
E2_zero_high_stress_exposure,88,2024-05-13 16:00:00+00:00,east,5566.790068972652,3674.0710687357073,4592.588835919634,2241.757425533271,4225.181729046063,0.0,medium_high,2.5,False
E2_zero_high_stress_exposure,88,2024-05-13 16:00:00+00:00,north,0.0,0.0,0.0,0.0,0.0,0.0,extremely_high,14.693,True
E2_zero_high_stress_exposure,88,2024-05-13 16:00:00+00:00,northwest,0.0,0.0,0.0,0.0,0.0,0.0,high,18.956,True
E2_zero_high_stress_exposure,88,2024-05-13 16:00:00+00:00,southwest,2385.767172416851,1574.6018866010174,1889.5222639212207,447.94274470025726,1810.7921695911698,0.0,low_medium,17.801,True
E2_zero_high_stress_exposure,89,2024-05-13 17:00:00+00:00,east,5901.806086821844,3895.181016028891,4868.976270036113,2517.625904828923,4479.458168433224,0.0,medium_high,2.5,False
E2_zero_high_stress_exposure,89,2024-05-13 17:00:00+00:00,north,0.0,0.0,0.0,0.0,0.0,0.0,extremely_high,14.693,True
E2_zero_high_stress_exposure,89,2024-05-13 17:00:00+00:00,northwest,0.0,0.0,0.0,0.0,0.0,0.0,high,18.956,True
E2_zero_high_stress_exposure,89,2024-05-13 17:00:00+00:00,southwest,2529.34546578079,1669.3632925838103,2003.2359511005723,351.7682330132605,1919.7677864713817,0.0,low_medium,17.801,True
E2_zero_high_stress_exposure,90,2024-05-13 18:00:00+00:00,east,7017.33279466177,4631.426563803435,5789.283204754293,3021.1374404010285,5326.14054837395,0.0,medium_high,2.5,False
E2_zero_high_stress_exposure,90,2024-05-13 18:00:00+00:00,north,0.0,0.0,0.0,0.0,0.0,0.0,extremely_high,14.693,True
E2_zero_high_stress_exposure,90,2024-05-13 18:00:00+00:00,northwest,0.0,0.0,0.0,0.0,0.0,0.0,high,18.956,True
E2_zero_high_stress_exposure,90,2024-05-13 18:00:00+00:00,southwest,3007.42834056933,1984.8970987729008,2381.8765185274806,461.84585694247846,2282.6316635888356,0.0,low_medium,17.801,True
E2_zero_high_stress_exposure,91,2024-05-13 19:00:00+00:00,east,7293.361211110849,4813.604804128501,6017.006005160626,3161.034104811135,5535.645524747776,0.0,medium_high,2.5,False
E2_zero_high_stress_exposure,91,2024-05-13 19:00:00+00:00,north,0.0,0.0,0.0,0.0,0.0,0.0,extremely_high,14.693,True
E2_zero_high_stress_exposure,91,2024-05-13 19:00:00+00:00,northwest,0.0,0.0,0.0,0.0,0.0,0.0,high,18.956,True
E2_zero_high_stress_exposure,91,2024-05-13 19:00:00+00:00,southwest,3125.7262333332205,2062.973487483643,2475.568184980372,490.7401332026089,2372.4195106061893,0.0,low_medium,17.801,True
E2_zero_high_stress_exposure,92,2024-05-13 20:00:00+00:00,east,7086.405512758225,4677.014428991956,5846.268036239945,3045.39409842784,5378.566593340749,0.0,medium_high,2.5,False
E2_zero_high_stress_exposure,92,2024-05-13 20:00:00+00:00,north,0.0,0.0,0.0,0.0,0.0,0.0,extremely_high,14.693,True
E2_zero_high_stress_exposure,92,2024-05-13 20:00:00+00:00,northwest,0.0,0.0,0.0,0.0,0.0,0.0,high,18.956,True
E2_zero_high_stress_exposure,92,2024-05-13 20:00:00+00:00,southwest,3037.030934039239,2004.434755282267,2405.32170633872,473.76819875851635,2305.0999685746065,0.0,low_medium,17.801,True
E2_zero_high_stress_exposure,93,2024-05-13 21:00:00+00:00,east,5307.535880604855,3502.9637876762536,4378.704734595317,2271.781483926415,4028.408355827691,0.0,medium_high,2.5,False
E2_zero_high_stress_exposure,93,2024-05-13 21:00:00+00:00,north,0.0,0.0,0.0,0.0,0.0,0.0,extremely_high,14.693,True
E2_zero_high_stress_exposure,93,2024-05-13 21:00:00+00:00,northwest,0.0,0.0,0.0,0.0,0.0,0.0,high,18.956,True
E2_zero_high_stress_exposure,93,2024-05-13 21:00:00+00:00,southwest,2274.6582345449383,1501.2701947183946,1801.5242336620734,368.6519090150489,1726.4607239261536,0.0,low_medium,17.801,True
E2_zero_high_stress_exposure,94,2024-05-13 22:00:00+00:00,east,4040.64061479253,2666.8152737987916,3333.519092248489,1784.4744390692697,3066.83756486861,0.0,medium_high,2.5,False
E2_zero_high_stress_exposure,94,2024-05-13 22:00:00+00:00,north,0.0,0.0,0.0,0.0,0.0,0.0,extremely_high,14.693,True
E2_zero_high_stress_exposure,94,2024-05-13 22:00:00+00:00,northwest,0.0,0.0,0.0,0.0,0.0,0.0,high,18.956,True
E2_zero_high_stress_exposure,94,2024-05-13 22:00:00+00:00,southwest,1731.7031206253698,1142.9208316280533,1371.5049979536639,315.44614952934256,1314.3589563722612,0.0,low_medium,17.801,True
E2_zero_high_stress_exposure,95,2024-05-13 23:00:00+00:00,east,2736.3835701818007,1806.0080555586817,2257.510069448352,1216.7132708050574,2076.909263892484,0.0,medium_high,2.5,False
E2_zero_high_stress_exposure,95,2024-05-13 23:00:00+00:00,north,0.0,0.0,0.0,0.0,0.0,0.0,extremely_high,14.693,True
E2_zero_high_stress_exposure,95,2024-05-13 23:00:00+00:00,northwest,0.0,0.0,0.0,0.0,0.0,0.0,high,18.956,True
E2_zero_high_stress_exposure,95,2024-05-13 23:00:00+00:00,southwest,1172.7358157922004,774.0034523822923,928.8041428587505,248.60990890519219,890.1039702396359,0.0,low_medium,17.801,True
E2_zero_high_stress_exposure,96,2024-05-14 00:00:00+00:00,east,2531.725245459802,1670.933942735925,2088.667428419906,1159.8109146587187,1921.5740341463136,0.0,medium_high,2.5,False
E2_zero_high_stress_exposure,96,2024-05-14 00:00:00+00:00,north,0.0,0.0,0.0,0.0,0.0,0.0,extremely_high,14.693,True
E2_zero_high_stress_exposure,96,2024-05-14 00:00:00+00:00,northwest,0.0,0.0,0.0,0.0,0.0,0.0,high,18.956,True
E2_zero_high_stress_exposure,96,2024-05-14 00:00:00+00:00,southwest,1085.0251051970579,716.114546886825,859.3374562641899,304.26274868127416,823.5317289198487,0.0,low_medium,17.801,True
E2_zero_high_stress_exposure,97,2024-05-14 01:00:00+00:00,east,2265.5439668881463,1495.254795054381,1869.068493817976,1039.6226229739036,1719.543014312538,0.0,medium_high,2.5,False
E2_zero_high_stress_exposure,97,2024-05-14 01:00:00+00:00,north,0.0,0.0,0.0,0.0,0.0,0.0,extremely_high,14.693,True
E2_zero_high_stress_exposure,97,2024-05-14 01:00:00+00:00,northwest,0.0,0.0,0.0,0.0,0.0,0.0,high,18.956,True
E2_zero_high_stress_exposure,97,2024-05-14 01:00:00+00:00,southwest,970.947414380634,640.8234835947346,768.9881803136814,281.5778386915264,736.9470061339447,0.0,low_medium,17.801,True
E2_zero_high_stress_exposure,98,2024-05-14 02:00:00+00:00,east,2060.1005447836023,1359.6625194226067,1699.5781492782583,953.3146286570409,1563.6118973359976,0.0,medium_high,2.5,False
E2_zero_high_stress_exposure,98,2024-05-14 02:00:00+00:00,north,0.0,0.0,0.0,0.0,0.0,0.0,extremely_high,14.693,True
E2_zero_high_stress_exposure,98,2024-05-14 02:00:00+00:00,northwest,0.0,0.0,0.0,0.0,0.0,0.0,high,18.956,True
E2_zero_high_stress_exposure,98,2024-05-14 02:00:00+00:00,southwest,882.9002334786866,582.7125083239742,699.255009988769,259.79654471116055,670.1193845725703,0.0,low_medium,17.801,True
E2_zero_high_stress_exposure,99,2024-05-14 03:00:00+00:00,east,1435.597891993906,947.4919326868352,1184.364915858544,667.3748255248412,1089.6157225898603,0.0,medium_high,2.5,False
E2_zero_high_stress_exposure,99,2024-05-14 03:00:00+00:00,north,0.0,0.0,0.0,0.0,0.0,0.0,extremely_high,14.693,True
E2_zero_high_stress_exposure,99,2024-05-14 03:00:00+00:00,northwest,0.0,0.0,0.0,0.0,0.0,0.0,high,18.956,True
E2_zero_high_stress_exposure,99,2024-05-14 03:00:00+00:00,southwest,615.2562394259596,406.0679711515007,487.2815653818009,184.9720822189316,466.9781668242258,0.0,low_medium,17.801,True
E2_zero_high_stress_exposure,100,2024-05-14 04:00:00+00:00,east,1208.9063205751777,797.8759181153549,997.3448976441936,562.7892589293979,917.5573058326581,0.0,medium_high,2.5,False
E2_zero_high_stress_exposure,100,2024-05-14 04:00:00+00:00,north,0.0,0.0,0.0,0.0,0.0,0.0,extremely_high,14.693,True
E2_zero_high_stress_exposure,100,2024-05-14 04:00:00+00:00,northwest,0.0,0.0,0.0,0.0,0.0,0.0,high,18.956,True
E2_zero_high_stress_exposure,100,2024-05-14 04:00:00+00:00,southwest,518.1027088179333,341.9468220494378,410.33618645932535,155.36695806638252,393.23884535685346,0.0,low_medium,17.801,True
E2_zero_high_stress_exposure,101,2024-05-14 05:00:00+00:00,east,927.2348622845498,611.9732806937898,764.9666008672372,430.03553676002826,703.7692727978582,0.0,medium_high,2.5,False
E2_zero_high_stress_exposure,101,2024-05-14 05:00:00+00:00,north,0.0,0.0,0.0,0.0,0.0,0.0,extremely_high,14.693,True
E2_zero_high_stress_exposure,101,2024-05-14 05:00:00+00:00,northwest,0.0,0.0,0.0,0.0,0.0,0.0,high,18.956,True
E2_zero_high_stress_exposure,101,2024-05-14 05:00:00+00:00,southwest,397.3863695505213,262.27426315448133,314.72911578537753,116.55468254585146,301.6154026276535,0.0,low_medium,17.801,True
E2_zero_high_stress_exposure,102,2024-05-14 06:00:00+00:00,east,914.0551611779883,603.2747025311077,754.0933781638845,422.3771272768188,693.7659079107738,0.0,medium_high,2.5,False
E2_zero_high_stress_exposure,102,2024-05-14 06:00:00+00:00,north,0.0,0.0,0.0,0.0,0.0,0.0,extremely_high,14.693,True
E2_zero_high_stress_exposure,102,2024-05-14 06:00:00+00:00,northwest,0.0,0.0,0.0,0.0,0.0,0.0,high,18.956,True
E2_zero_high_stress_exposure,102,2024-05-14 06:00:00+00:00,southwest,391.7379262191378,258.5463010847604,310.2555613017125,106.00398344475174,297.3282462474744,0.0,low_medium,17.801,True
E2_zero_high_stress_exposure,103,2024-05-14 07:00:00+00:00,east,932.3544976070629,615.3522304633819,769.1902880792273,420.3624924352977,707.6550650328891,0.0,medium_high,2.5,False
E2_zero_high_stress_exposure,103,2024-05-14 07:00:00+00:00,north,0.0,0.0,0.0,0.0,0.0,0.0,extremely_high,14.693,True
E2_zero_high_stress_exposure,103,2024-05-14 07:00:00+00:00,northwest,0.0,0.0,0.0,0.0,0.0,0.0,high,18.956,True
E2_zero_high_stress_exposure,103,2024-05-14 07:00:00+00:00,southwest,399.5804989744555,263.72238448430653,316.4668613811678,103.49521256702123,303.2807421569525,0.0,low_medium,17.801,True
E2_zero_high_stress_exposure,104,2024-05-14 08:00:00+00:00,east,886.6751965875924,585.2039769391245,731.5049711739056,393.4125173094661,672.9845734799931,0.0,medium_high,2.5,False
E2_zero_high_stress_exposure,104,2024-05-14 08:00:00+00:00,north,0.0,0.0,0.0,0.0,0.0,0.0,extremely_high,14.693,True
E2_zero_high_stress_exposure,104,2024-05-14 08:00:00+00:00,northwest,0.0,0.0,0.0,0.0,0.0,0.0,high,18.956,True
E2_zero_high_stress_exposure,104,2024-05-14 08:00:00+00:00,southwest,380.00365568039666,250.80170440248187,300.96204528297824,88.43268097231508,288.4219600628541,0.0,low_medium,17.801,True
E2_zero_high_stress_exposure,105,2024-05-14 09:00:00+00:00,east,995.2437790977974,656.8590390183748,821.0737987729685,400.4274282390921,755.387894871131,0.0,medium_high,2.5,False
E2_zero_high_stress_exposure,105,2024-05-14 09:00:00+00:00,north,0.0,0.0,0.0,0.0,0.0,0.0,extremely_high,14.693,True
E2_zero_high_stress_exposure,105,2024-05-14 09:00:00+00:00,northwest,0.0,0.0,0.0,0.0,0.0,0.0,high,18.956,True
E2_zero_high_stress_exposure,105,2024-05-14 09:00:00+00:00,southwest,426.5330481847703,281.5110167221606,337.8132200665927,97.05373812513209,323.7376692304847,0.0,low_medium,17.801,True
E2_zero_high_stress_exposure,106,2024-05-14 10:00:00+00:00,east,1049.8084882334404,692.8716453364432,866.089556670554,387.5425982516977,796.8023921369096,0.0,medium_high,2.5,False
E2_zero_high_stress_exposure,106,2024-05-14 10:00:00+00:00,north,0.0,0.0,0.0,0.0,0.0,0.0,extremely_high,14.693,True
E2_zero_high_stress_exposure,106,2024-05-14 10:00:00+00:00,northwest,0.0,0.0,0.0,0.0,0.0,0.0,high,18.956,True
E2_zero_high_stress_exposure,106,2024-05-14 10:00:00+00:00,southwest,449.9179235286172,296.9449908584756,356.3339890301707,97.38607920194565,341.4867394872469,0.0,low_medium,17.801,True
E2_zero_high_stress_exposure,107,2024-05-14 11:00:00+00:00,east,1312.51295869767,866.2561061480374,1082.8201326850467,438.12256093602844,996.1945220702429,0.0,medium_high,2.5,False
E2_zero_high_stress_exposure,107,2024-05-14 11:00:00+00:00,north,0.0,0.0,0.0,0.0,0.0,0.0,extremely_high,14.693,True
E2_zero_high_stress_exposure,107,2024-05-14 11:00:00+00:00,northwest,0.0,0.0,0.0,0.0,0.0,0.0,high,18.956,True
E2_zero_high_stress_exposure,107,2024-05-14 11:00:00+00:00,southwest,562.5055537275729,371.25261692058746,445.5031403047049,120.5977000804836,426.94050945867554,0.0,low_medium,17.801,True
E2_zero_high_stress_exposure,108,2024-05-14 12:00:00+00:00,east,2312.2166090811584,1526.0586519015362,1907.57331487692,706.0167285023839,1754.9674496867665,0.0,medium_high,2.5,False
E2_zero_high_stress_exposure,108,2024-05-14 12:00:00+00:00,north,0.0,0.0,0.0,0.0,0.0,0.0,extremely_high,14.693,True
E2_zero_high_stress_exposure,108,2024-05-14 12:00:00+00:00,northwest,0.0,0.0,0.0,0.0,0.0,0.0,high,18.956,True
E2_zero_high_stress_exposure,108,2024-05-14 12:00:00+00:00,southwest,990.9499753204964,654.0251365292297,784.8301638350756,209.65429776580993,752.1289070086141,0.0,low_medium,17.801,True
E2_zero_high_stress_exposure,109,2024-05-14 13:00:00+00:00,east,4174.738134627956,2755.319386925421,3444.149233656776,1220.3912290808573,3168.6172949642337,0.0,medium_high,2.5,False
E2_zero_high_stress_exposure,109,2024-05-14 13:00:00+00:00,north,0.0,0.0,0.0,0.0,0.0,0.0,extremely_high,14.693,True
E2_zero_high_stress_exposure,109,2024-05-14 13:00:00+00:00,northwest,0.0,0.0,0.0,0.0,0.0,0.0,high,18.956,True
E2_zero_high_stress_exposure,109,2024-05-14 13:00:00+00:00,southwest,1789.1734862691242,1180.8511658251805,1417.0213989902163,365.21364856641173,1357.9788406989574,0.0,low_medium,17.801,True
E2_zero_high_stress_exposure,110,2024-05-14 14:00:00+00:00,east,5910.730746443268,3901.071274743001,4876.339093428751,1859.8966844723936,4486.231965954451,0.0,medium_high,2.5,False
E2_zero_high_stress_exposure,110,2024-05-14 14:00:00+00:00,north,0.0,0.0,0.0,0.0,0.0,0.0,extremely_high,14.693,True
E2_zero_high_stress_exposure,110,2024-05-14 14:00:00+00:00,northwest,0.0,0.0,0.0,0.0,0.0,0.0,high,18.956,True
E2_zero_high_stress_exposure,110,2024-05-14 14:00:00+00:00,southwest,2533.1703199042577,1671.887689175572,2006.2652270106862,508.45448403207484,1922.6708425519075,0.0,low_medium,17.801,True
E2_zero_high_stress_exposure,111,2024-05-14 15:00:00+00:00,east,6391.198984199291,4218.17941604419,5272.724270055237,2199.385111146791,4850.906328450817,0.0,medium_high,2.5,False
E2_zero_high_stress_exposure,111,2024-05-14 15:00:00+00:00,north,0.0,0.0,0.0,0.0,0.0,0.0,extremely_high,14.693,True
E2_zero_high_stress_exposure,111,2024-05-14 15:00:00+00:00,northwest,0.0,0.0,0.0,0.0,0.0,0.0,high,18.956,True
E2_zero_high_stress_exposure,111,2024-05-14 15:00:00+00:00,southwest,2739.085278942553,1807.7911783046527,2169.349413965583,545.8083125537407,2078.95985505035,0.0,low_medium,17.801,True
E2_zero_high_stress_exposure,112,2024-05-14 16:00:00+00:00,east,5441.175802089094,3591.165886744086,4488.957358430108,2140.8959881692786,4129.840769755699,0.0,medium_high,2.5,False
E2_zero_high_stress_exposure,112,2024-05-14 16:00:00+00:00,north,0.0,0.0,0.0,0.0,0.0,0.0,extremely_high,14.693,True
E2_zero_high_stress_exposure,112,2024-05-14 16:00:00+00:00,northwest,0.0,0.0,0.0,0.0,0.0,0.0,high,18.956,True
E2_zero_high_stress_exposure,112,2024-05-14 16:00:00+00:00,southwest,2331.9324866096113,1539.0710943188938,1846.8853131826725,427.3076986266977,1769.9317584667278,0.0,low_medium,17.801,True
E2_zero_high_stress_exposure,113,2024-05-14 17:00:00+00:00,east,6641.773990879608,4383.558453368353,5479.448066710442,2721.093909928405,5041.092221373606,0.0,medium_high,2.5,False
E2_zero_high_stress_exposure,113,2024-05-14 17:00:00+00:00,north,0.0,0.0,0.0,0.0,0.0,0.0,extremely_high,14.693,True
E2_zero_high_stress_exposure,113,2024-05-14 17:00:00+00:00,northwest,0.0,0.0,0.0,0.0,0.0,0.0,high,18.956,True
E2_zero_high_stress_exposure,113,2024-05-14 17:00:00+00:00,southwest,2846.474567519832,1878.6679085864369,2254.401490303724,424.804387489565,2160.468094874402,0.0,low_medium,17.801,True
E2_zero_high_stress_exposure,114,2024-05-14 18:00:00+00:00,east,7776.815474320856,5132.683716663213,6415.854645829016,3240.006596143653,5902.586274162694,0.0,medium_high,2.5,False
E2_zero_high_stress_exposure,114,2024-05-14 18:00:00+00:00,north,0.0,0.0,0.0,0.0,0.0,0.0,extremely_high,14.693,True
E2_zero_high_stress_exposure,114,2024-05-14 18:00:00+00:00,northwest,0.0,0.0,0.0,0.0,0.0,0.0,high,18.956,True
E2_zero_high_stress_exposure,114,2024-05-14 18:00:00+00:00,southwest,3332.9209175660812,2199.721592855663,2639.665911426795,469.59656564282653,2529.679831784012,0.0,low_medium,17.801,True
E2_zero_high_stress_exposure,115,2024-05-14 19:00:00+00:00,east,7750.354346978183,5115.219421941966,6394.0242774274575,3242.729412297335,5882.50233523326,0.0,medium_high,2.5,False
E2_zero_high_stress_exposure,115,2024-05-14 19:00:00+00:00,north,0.0,0.0,0.0,0.0,0.0,0.0,extremely_high,14.693,True
E2_zero_high_stress_exposure,115,2024-05-14 19:00:00+00:00,northwest,0.0,0.0,0.0,0.0,0.0,0.0,high,18.956,True
E2_zero_high_stress_exposure,115,2024-05-14 19:00:00+00:00,southwest,3321.580434419221,2192.2368951179856,2630.684274141582,472.2955166842187,2521.072429385683,0.0,low_medium,17.801,True
E2_zero_high_stress_exposure,116,2024-05-14 20:00:00+00:00,east,7542.946370981931,4978.330544403696,6222.913180504619,3161.6288277701283,5725.080126064249,0.0,medium_high,2.5,False
E2_zero_high_stress_exposure,116,2024-05-14 20:00:00+00:00,north,0.0,0.0,0.0,0.0,0.0,0.0,extremely_high,14.693,True
E2_zero_high_stress_exposure,116,2024-05-14 20:00:00+00:00,northwest,0.0,0.0,0.0,0.0,0.0,0.0,high,18.956,True
E2_zero_high_stress_exposure,116,2024-05-14 20:00:00+00:00,southwest,3232.6913018493988,2133.5702333158692,2560.2842799790433,472.71382089346383,2453.6057683132494,0.0,low_medium,17.801,True
E2_zero_high_stress_exposure,117,2024-05-14 21:00:00+00:00,east,5079.873572349496,3352.7070886021006,4190.883860752626,2134.5743084260907,3855.6131518924153,0.0,medium_high,2.5,False
E2_zero_high_stress_exposure,117,2024-05-14 21:00:00+00:00,north,0.0,0.0,0.0,0.0,0.0,0.0,extremely_high,14.693,True
E2_zero_high_stress_exposure,117,2024-05-14 21:00:00+00:00,northwest,0.0,0.0,0.0,0.0,0.0,0.0,high,18.956,True
E2_zero_high_stress_exposure,117,2024-05-14 21:00:00+00:00,southwest,2177.0886738640697,1436.8744665437575,1724.2493598525089,326.0555539481094,1652.405636525321,0.0,low_medium,17.801,True
E2_zero_high_stress_exposure,118,2024-05-14 22:00:00+00:00,east,3646.53874133729,2406.7087719447245,3008.385964930905,1563.3077666763447,2767.715087736433,0.0,medium_high,2.5,False
E2_zero_high_stress_exposure,118,2024-05-14 22:00:00+00:00,north,0.0,0.0,0.0,0.0,0.0,0.0,extremely_high,14.693,True
E2_zero_high_stress_exposure,118,2024-05-14 22:00:00+00:00,northwest,0.0,0.0,0.0,0.0,0.0,0.0,high,18.956,True
E2_zero_high_stress_exposure,118,2024-05-14 22:00:00+00:00,southwest,1562.8023177159814,1031.446616547739,1237.7359398572867,266.19574279864037,1186.1636090298996,0.0,low_medium,17.801,True
E2_zero_high_stress_exposure,119,2024-05-14 23:00:00+00:00,east,2619.2566385550144,1728.7044990156958,2160.8806237696194,1149.453436806452,1988.0101738680498,0.0,medium_high,2.5,False
E2_zero_high_stress_exposure,119,2024-05-14 23:00:00+00:00,north,0.0,0.0,0.0,0.0,0.0,0.0,extremely_high,14.693,True
E2_zero_high_stress_exposure,119,2024-05-14 23:00:00+00:00,northwest,0.0,0.0,0.0,0.0,0.0,0.0,high,18.956,True
E2_zero_high_stress_exposure,119,2024-05-14 23:00:00+00:00,southwest,1122.5385593807205,740.8733567210124,889.0480280652148,207.62234948749645,852.0043602291643,0.0,low_medium,17.801,True
E2_zero_high_stress_exposure,120,2024-05-15 00:00:00+00:00,east,2231.6464184324996,1472.8824762604474,1841.1030953255593,1023.5842796349364,1693.8148476995145,0.0,medium_high,2.5,False
E2_zero_high_stress_exposure,120,2024-05-15 00:00:00+00:00,north,0.0,0.0,0.0,0.0,0.0,0.0,extremely_high,14.693,True
E2_zero_high_stress_exposure,120,2024-05-15 00:00:00+00:00,northwest,0.0,0.0,0.0,0.0,0.0,0.0,high,18.956,True
E2_zero_high_stress_exposure,120,2024-05-15 00:00:00+00:00,southwest,956.4198936139283,631.2353469687631,757.4824163625157,300.5437733987675,725.9206490140775,0.0,low_medium,17.801,True
E2_zero_high_stress_exposure,121,2024-05-15 01:00:00+00:00,east,1836.2906839294956,1211.9484284521184,1514.9355355651478,836.4905926564909,1393.7406927199359,0.0,medium_high,2.5,False
E2_zero_high_stress_exposure,121,2024-05-15 01:00:00+00:00,north,0.0,0.0,0.0,0.0,0.0,0.0,extremely_high,14.693,True
E2_zero_high_stress_exposure,121,2024-05-15 01:00:00+00:00,northwest,0.0,0.0,0.0,0.0,0.0,0.0,high,18.956,True
E2_zero_high_stress_exposure,121,2024-05-15 01:00:00+00:00,southwest,786.9817216840694,519.4064693366221,623.2877632039464,255.7557455013526,597.3174397371153,0.0,low_medium,17.801,True
E2_zero_high_stress_exposure,122,2024-05-15 02:00:00+00:00,east,2003.4706499175072,1322.2868943720537,1652.858617965067,907.8325959173129,1520.6299285278615,0.0,medium_high,2.5,False
E2_zero_high_stress_exposure,122,2024-05-15 02:00:00+00:00,north,0.0,0.0,0.0,0.0,0.0,0.0,extremely_high,14.693,True
E2_zero_high_stress_exposure,122,2024-05-15 02:00:00+00:00,northwest,0.0,0.0,0.0,0.0,0.0,0.0,high,18.956,True
E2_zero_high_stress_exposure,122,2024-05-15 02:00:00+00:00,southwest,858.6302785360745,566.6943833023087,680.0332599627703,282.37247731187426,651.6985407976549,0.0,low_medium,17.801,True
E2_zero_high_stress_exposure,123,2024-05-15 03:00:00+00:00,east,1853.6495932110345,1223.4052762200242,1529.2565952750301,839.8294907101646,1406.9160676530275,0.0,medium_high,2.5,False
E2_zero_high_stress_exposure,123,2024-05-15 03:00:00+00:00,north,0.0,0.0,0.0,0.0,0.0,0.0,extremely_high,14.693,True
E2_zero_high_stress_exposure,123,2024-05-15 03:00:00+00:00,northwest,0.0,0.0,0.0,0.0,0.0,0.0,high,18.956,True
E2_zero_high_stress_exposure,123,2024-05-15 03:00:00+00:00,southwest,794.4212542333005,524.3165469514389,629.1798563417267,265.45098139057444,602.9640289941547,0.0,low_medium,17.801,True
E2_zero_high_stress_exposure,124,2024-05-15 04:00:00+00:00,east,1378.9335738059217,910.093588308002,1137.6169853850024,629.9554056569451,1046.6076265542022,0.0,medium_high,2.5,False
E2_zero_high_stress_exposure,124,2024-05-15 04:00:00+00:00,north,0.0,0.0,0.0,0.0,0.0,0.0,extremely_high,14.693,True
E2_zero_high_stress_exposure,124,2024-05-15 04:00:00+00:00,northwest,0.0,0.0,0.0,0.0,0.0,0.0,high,18.956,True
E2_zero_high_stress_exposure,124,2024-05-15 04:00:00+00:00,southwest,590.9715316311092,390.04010927485797,468.0481311298295,198.59282203838663,448.5461256660866,0.0,low_medium,17.801,True
E2_zero_high_stress_exposure,125,2024-05-15 05:00:00+00:00,east,1177.3714612763697,777.0629697607596,971.3287122009496,539.7673653700676,893.6224152248735,0.0,medium_high,2.5,False
E2_zero_high_stress_exposure,125,2024-05-15 05:00:00+00:00,north,0.0,0.0,0.0,0.0,0.0,0.0,extremely_high,14.693,True
E2_zero_high_stress_exposure,125,2024-05-15 05:00:00+00:00,northwest,0.0,0.0,0.0,0.0,0.0,0.0,high,18.956,True
E2_zero_high_stress_exposure,125,2024-05-15 05:00:00+00:00,southwest,504.58776911844404,333.0269870403255,399.63238444839055,168.81804027048182,382.9810350963743,0.0,low_medium,17.801,True
E2_zero_high_stress_exposure,126,2024-05-15 06:00:00+00:00,east,1178.067637511517,777.5224447782482,971.9030559728102,536.9764384249776,894.1508114949853,0.0,medium_high,2.5,False
E2_zero_high_stress_exposure,126,2024-05-15 06:00:00+00:00,north,0.0,0.0,0.0,0.0,0.0,0.0,extremely_high,14.693,True
E2_zero_high_stress_exposure,126,2024-05-15 06:00:00+00:00,northwest,0.0,0.0,0.0,0.0,0.0,0.0,high,18.956,True
E2_zero_high_stress_exposure,126,2024-05-15 06:00:00+00:00,southwest,504.88613036207863,333.22390490496343,399.8686858859561,152.42994305972647,383.20749064070793,0.0,low_medium,17.801,True
E2_zero_high_stress_exposure,127,2024-05-15 07:00:00+00:00,east,972.5367632334181,641.8724508749432,802.3405635936789,440.9061982088164,738.1533185061846,0.0,medium_high,2.5,False
E2_zero_high_stress_exposure,127,2024-05-15 07:00:00+00:00,north,0.0,0.0,0.0,0.0,0.0,0.0,extremely_high,14.693,True
E2_zero_high_stress_exposure,127,2024-05-15 07:00:00+00:00,northwest,0.0,0.0,0.0,0.0,0.0,0.0,high,18.956,True
E2_zero_high_stress_exposure,127,2024-05-15 07:00:00+00:00,southwest,416.80146995717917,275.0881932321185,330.1058318785422,96.1598288262193,316.3514222169362,0.0,low_medium,17.801,True
E2_zero_high_stress_exposure,128,2024-05-15 08:00:00+00:00,east,953.1870595894383,629.1016825387705,786.3771031734631,426.8848104577144,723.466934919586,0.0,medium_high,2.5,False
E2_zero_high_stress_exposure,128,2024-05-15 08:00:00+00:00,north,0.0,0.0,0.0,0.0,0.0,0.0,extremely_high,14.693,True
E2_zero_high_stress_exposure,128,2024-05-15 08:00:00+00:00,northwest,0.0,0.0,0.0,0.0,0.0,0.0,high,18.956,True
E2_zero_high_stress_exposure,128,2024-05-15 08:00:00+00:00,southwest,408.50873982404494,269.6150068023302,323.53800816279625,93.07110034816438,310.05725782267973,0.0,low_medium,17.801,True
E2_zero_high_stress_exposure,129,2024-05-15 09:00:00+00:00,east,887.409715412602,585.6887579944496,732.1109474930619,362.7792772564995,673.5420716936169,0.0,medium_high,2.5,False
E2_zero_high_stress_exposure,129,2024-05-15 09:00:00+00:00,north,0.0,0.0,0.0,0.0,0.0,0.0,extremely_high,14.693,True
E2_zero_high_stress_exposure,129,2024-05-15 09:00:00+00:00,northwest,0.0,0.0,0.0,0.0,0.0,0.0,high,18.956,True
E2_zero_high_stress_exposure,129,2024-05-15 09:00:00+00:00,southwest,380.3184494625437,251.00946771190692,301.2113612542883,93.1044317637005,288.66088786869295,0.0,low_medium,17.801,True
E2_zero_high_stress_exposure,130,2024-05-15 10:00:00+00:00,east,1043.031133350879,688.3986037472947,860.4982546841183,368.98165160854984,791.6583943093888,0.0,medium_high,2.5,False
E2_zero_high_stress_exposure,130,2024-05-15 10:00:00+00:00,north,0.0,0.0,0.0,0.0,0.0,0.0,extremely_high,14.693,True
E2_zero_high_stress_exposure,130,2024-05-15 10:00:00+00:00,northwest,0.0,0.0,0.0,0.0,0.0,0.0,high,18.956,True
E2_zero_high_stress_exposure,130,2024-05-15 10:00:00+00:00,southwest,447.01334286466243,295.02797303455486,354.0335676414658,107.62620456300562,339.28216898973807,0.0,low_medium,17.801,True
E2_zero_high_stress_exposure,131,2024-05-15 11:00:00+00:00,east,1258.4510734054547,830.5753626293415,1038.2192032866767,380.9096479458406,955.1616670237426,0.0,medium_high,2.5,False
E2_zero_high_stress_exposure,131,2024-05-15 11:00:00+00:00,north,0.0,0.0,0.0,0.0,0.0,0.0,extremely_high,14.693,True
E2_zero_high_stress_exposure,131,2024-05-15 11:00:00+00:00,northwest,0.0,0.0,0.0,0.0,0.0,0.0,high,18.956,True
E2_zero_high_stress_exposure,131,2024-05-15 11:00:00+00:00,southwest,539.3361743166234,355.9608696982892,427.153043637947,129.34194161357036,409.3550001530325,0.0,low_medium,17.801,True
E2_zero_high_stress_exposure,132,2024-05-15 12:00:00+00:00,east,2322.1098487635327,1532.5881716503898,1915.7352145629873,632.6476079192445,1762.4763973979482,0.0,medium_high,2.5,False
E2_zero_high_stress_exposure,132,2024-05-15 12:00:00+00:00,north,0.0,0.0,0.0,0.0,0.0,0.0,extremely_high,14.693,True
E2_zero_high_stress_exposure,132,2024-05-15 12:00:00+00:00,northwest,0.0,0.0,0.0,0.0,0.0,0.0,high,18.956,True
E2_zero_high_stress_exposure,132,2024-05-15 12:00:00+00:00,southwest,995.1899351843712,656.8235021358814,788.1882025630575,235.72081844652504,755.3470274562635,0.0,low_medium,17.801,True
E2_zero_high_stress_exposure,133,2024-05-15 13:00:00+00:00,east,4219.735433154315,2785.0175200755125,3481.2719000943903,1113.5718490426932,3202.770148086839,0.0,medium_high,2.5,False
E2_zero_high_stress_exposure,133,2024-05-15 13:00:00+00:00,north,0.0,0.0,0.0,0.0,0.0,0.0,extremely_high,14.693,True
E2_zero_high_stress_exposure,133,2024-05-15 13:00:00+00:00,northwest,0.0,0.0,0.0,0.0,0.0,0.0,high,18.956,True
E2_zero_high_stress_exposure,133,2024-05-15 13:00:00+00:00,southwest,1808.4580427804206,1193.5789371752196,1432.2947246102633,429.44970159564394,1372.6157777515025,0.0,low_medium,17.801,True
E2_zero_high_stress_exposure,134,2024-05-15 14:00:00+00:00,east,5272.121108591988,3479.590104162738,4349.487630203423,1410.6475756657248,4001.5286197871483,0.0,medium_high,2.5,False
E2_zero_high_stress_exposure,134,2024-05-15 14:00:00+00:00,north,0.0,0.0,0.0,0.0,0.0,0.0,extremely_high,14.693,True
E2_zero_high_stress_exposure,134,2024-05-15 14:00:00+00:00,northwest,0.0,0.0,0.0,0.0,0.0,0.0,high,18.956,True
E2_zero_high_stress_exposure,134,2024-05-15 14:00:00+00:00,southwest,2259.480475110852,1491.2529017840307,1789.5034821408365,536.9703448743935,1714.940837051635,0.0,low_medium,17.801,True
E2_zero_high_stress_exposure,135,2024-05-15 15:00:00+00:00,east,6204.829761752953,4095.1760766315315,5118.970095789414,1895.746587849412,4709.4524881262605,0.0,medium_high,2.5,False
E2_zero_high_stress_exposure,135,2024-05-15 15:00:00+00:00,north,0.0,0.0,0.0,0.0,0.0,0.0,extremely_high,14.693,True
E2_zero_high_stress_exposure,135,2024-05-15 15:00:00+00:00,northwest,0.0,0.0,0.0,0.0,0.0,0.0,high,18.956,True
E2_zero_high_stress_exposure,135,2024-05-15 15:00:00+00:00,southwest,2659.21275503698,1755.0754614135135,2106.090553696216,632.3185872380606,2018.3367806255403,0.0,low_medium,17.801,True
E2_zero_high_stress_exposure,136,2024-05-15 16:00:00+00:00,east,6214.1087757355635,4101.30020856349,5126.625260704362,2407.3350567952507,4716.495239848013,0.0,medium_high,2.5,False
E2_zero_high_stress_exposure,136,2024-05-15 16:00:00+00:00,north,0.0,0.0,0.0,0.0,0.0,0.0,extremely_high,14.693,True
E2_zero_high_stress_exposure,136,2024-05-15 16:00:00+00:00,northwest,0.0,0.0,0.0,0.0,0.0,0.0,high,18.956,True
E2_zero_high_stress_exposure,136,2024-05-15 16:00:00+00:00,southwest,2663.1894753152415,1757.7000893843526,2109.240107261223,632.0689521426132,2021.3551027920053,0.0,low_medium,17.801,True
E2_zero_high_stress_exposure,137,2024-05-15 17:00:00+00:00,east,7003.319380875839,4622.177736826453,5777.722171033066,2968.088100786824,5315.50439735042,0.0,medium_high,2.5,False
E2_zero_high_stress_exposure,137,2024-05-15 17:00:00+00:00,north,0.0,0.0,0.0,0.0,0.0,0.0,extremely_high,14.693,True
E2_zero_high_stress_exposure,137,2024-05-15 17:00:00+00:00,northwest,0.0,0.0,0.0,0.0,0.0,0.0,high,18.956,True
E2_zero_high_stress_exposure,137,2024-05-15 17:00:00+00:00,southwest,3001.4225918039306,1980.9333157827652,2377.119978939318,535.723605920291,2278.0733131501797,0.0,low_medium,17.801,True
E2_zero_high_stress_exposure,138,2024-05-15 18:00:00+00:00,east,7717.380632287061,5093.456831710546,6366.821039638181,3158.8982588164836,5857.475356467126,0.0,medium_high,2.5,False
E2_zero_high_stress_exposure,138,2024-05-15 18:00:00+00:00,north,0.0,0.0,0.0,0.0,0.0,0.0,extremely_high,14.693,True
E2_zero_high_stress_exposure,138,2024-05-15 18:00:00+00:00,northwest,0.0,0.0,0.0,0.0,0.0,0.0,high,18.956,True
E2_zero_high_stress_exposure,138,2024-05-15 18:00:00+00:00,southwest,3307.4488424087403,2182.910070733091,2619.4920848797087,545.3782520719553,2510.346581343054,0.0,low_medium,17.801,True
E2_zero_high_stress_exposure,139,2024-05-15 19:00:00+00:00,east,7918.8247689889895,5226.4095864314695,6533.011983039336,3214.078570355777,6010.371024396189,0.0,medium_high,2.5,False
E2_zero_high_stress_exposure,139,2024-05-15 19:00:00+00:00,north,0.0,0.0,0.0,0.0,0.0,0.0,extremely_high,14.693,True
E2_zero_high_stress_exposure,139,2024-05-15 19:00:00+00:00,northwest,0.0,0.0,0.0,0.0,0.0,0.0,high,18.956,True
E2_zero_high_stress_exposure,139,2024-05-15 19:00:00+00:00,southwest,3393.782043852424,2239.889822756344,2687.8677873076126,566.333742785714,2575.873296169795,0.0,low_medium,17.801,True
E2_zero_high_stress_exposure,140,2024-05-15 20:00:00+00:00,east,7954.139253666597,5249.717080490654,6562.146350613317,3260.8945752785226,6037.174642564251,0.0,medium_high,2.5,False
E2_zero_high_stress_exposure,140,2024-05-15 20:00:00+00:00,north,0.0,0.0,0.0,0.0,0.0,0.0,extremely_high,14.693,True
E2_zero_high_stress_exposure,140,2024-05-15 20:00:00+00:00,northwest,0.0,0.0,0.0,0.0,0.0,0.0,high,18.956,True
E2_zero_high_stress_exposure,140,2024-05-15 20:00:00+00:00,southwest,3408.91682299997,2249.8787487817085,2699.8544985380504,576.6889208877276,2587.360561098965,0.0,low_medium,17.801,True
E2_zero_high_stress_exposure,141,2024-05-15 21:00:00+00:00,east,5626.571256600919,3713.52654113512,4641.9081764188995,2296.7581418398663,4270.555522305388,0.0,medium_high,2.5,False
E2_zero_high_stress_exposure,141,2024-05-15 21:00:00+00:00,north,0.0,0.0,0.0,0.0,0.0,0.0,extremely_high,14.693,True
E2_zero_high_stress_exposure,141,2024-05-15 21:00:00+00:00,northwest,0.0,0.0,0.0,0.0,0.0,0.0,high,18.956,True
E2_zero_high_stress_exposure,141,2024-05-15 21:00:00+00:00,southwest,2411.387681400394,1591.5113747721944,1909.8136497266332,409.6550278663628,1830.2380809880235,0.0,low_medium,17.801,True
E2_zero_high_stress_exposure,142,2024-05-15 22:00:00+00:00,east,3572.95626104859,2358.1444721157527,2947.680590144691,1497.863891882025,2711.8661429331155,0.0,medium_high,2.5,False
E2_zero_high_stress_exposure,142,2024-05-15 22:00:00+00:00,north,0.0,0.0,0.0,0.0,0.0,0.0,extremely_high,14.693,True
E2_zero_high_stress_exposure,142,2024-05-15 22:00:00+00:00,northwest,0.0,0.0,0.0,0.0,0.0,0.0,high,18.956,True
E2_zero_high_stress_exposure,142,2024-05-15 22:00:00+00:00,southwest,1531.2669690208243,1010.6333451924655,1212.7600142309586,283.26031399054415,1162.2283469713352,0.0,low_medium,17.801,True
E2_zero_high_stress_exposure,143,2024-05-15 23:00:00+00:00,east,2740.479534860724,1808.71138461168,2260.8892307645997,1187.0233683821841,2080.018092303432,0.0,medium_high,2.5,False
E2_zero_high_stress_exposure,143,2024-05-15 23:00:00+00:00,north,0.0,0.0,0.0,0.0,0.0,0.0,extremely_high,14.693,True
E2_zero_high_stress_exposure,143,2024-05-15 23:00:00+00:00,northwest,0.0,0.0,0.0,0.0,0.0,0.0,high,18.956,True
E2_zero_high_stress_exposure,143,2024-05-15 23:00:00+00:00,southwest,1174.4912292260244,775.1620219764342,930.1944263717209,211.06111534374344,891.4363252728991,0.0,low_medium,17.801,True
E2_zero_high_stress_exposure,144,2024-05-16 00:00:00+00:00,east,2241.151309497679,1479.1556866458545,1848.9446083073183,1006.4961093396926,1701.0290396427326,0.0,medium_high,2.5,False
E2_zero_high_stress_exposure,144,2024-05-16 00:00:00+00:00,north,0.0,0.0,0.0,0.0,0.0,0.0,extremely_high,14.693,True
E2_zero_high_stress_exposure,144,2024-05-16 00:00:00+00:00,northwest,0.0,0.0,0.0,0.0,0.0,0.0,high,18.956,True
E2_zero_high_stress_exposure,144,2024-05-16 00:00:00+00:00,southwest,960.4934183561479,633.9238657053661,760.7086388464393,294.36888627894376,729.0124455611709,0.0,low_medium,17.801,True
E2_zero_high_stress_exposure,145,2024-05-16 01:00:00+00:00,east,1978.4773414327587,1305.7913573609467,1632.2391967011831,891.6718701678975,1501.6600609650884,0.0,medium_high,2.5,False
E2_zero_high_stress_exposure,145,2024-05-16 01:00:00+00:00,north,0.0,0.0,0.0,0.0,0.0,0.0,extremely_high,14.693,True
E2_zero_high_stress_exposure,145,2024-05-16 01:00:00+00:00,northwest,0.0,0.0,0.0,0.0,0.0,0.0,high,18.956,True
E2_zero_high_stress_exposure,145,2024-05-16 01:00:00+00:00,southwest,847.9188606140393,559.6248674404056,671.5498409284867,269.38102619111356,643.5685975564663,0.0,low_medium,17.801,True
E2_zero_high_stress_exposure,146,2024-05-16 02:00:00+00:00,east,1891.5989091296963,1248.451753986842,1560.5646924835526,854.7407891318978,1435.7195170848684,0.0,medium_high,2.5,False
E2_zero_high_stress_exposure,146,2024-05-16 02:00:00+00:00,north,0.0,0.0,0.0,0.0,0.0,0.0,extremely_high,14.693,True
E2_zero_high_stress_exposure,146,2024-05-16 02:00:00+00:00,northwest,0.0,0.0,0.0,0.0,0.0,0.0,high,18.956,True
E2_zero_high_stress_exposure,146,2024-05-16 02:00:00+00:00,southwest,810.6852467698698,535.0507517086465,642.0609020503758,262.7313211190138,615.3083644649436,0.0,low_medium,17.801,True
E2_zero_high_stress_exposure,147,2024-05-16 03:00:00+00:00,east,1543.6296128102103,1018.7926670488492,1273.4908338110615,699.2101423039632,1171.6115671061766,0.0,medium_high,2.5,False
E2_zero_high_stress_exposure,147,2024-05-16 03:00:00+00:00,north,0.0,0.0,0.0,0.0,0.0,0.0,extremely_high,14.693,True
E2_zero_high_stress_exposure,147,2024-05-16 03:00:00+00:00,northwest,0.0,0.0,0.0,0.0,0.0,0.0,high,18.956,True
E2_zero_high_stress_exposure,147,2024-05-16 03:00:00+00:00,southwest,661.555548347233,436.6254287352211,523.9505144822652,219.95442597965496,502.1192430455042,0.0,low_medium,17.801,True
E2_zero_high_stress_exposure,148,2024-05-16 04:00:00+00:00,east,1279.5334705043715,844.4897054159418,1055.6121317699271,578.9504736692165,971.1631612283329,0.0,medium_high,2.5,False
E2_zero_high_stress_exposure,148,2024-05-16 04:00:00+00:00,north,0.0,0.0,0.0,0.0,0.0,0.0,extremely_high,14.693,True
E2_zero_high_stress_exposure,148,2024-05-16 04:00:00+00:00,northwest,0.0,0.0,0.0,0.0,0.0,0.0,high,18.956,True
E2_zero_high_stress_exposure,148,2024-05-16 04:00:00+00:00,southwest,548.3714873590162,361.92415946397495,434.30899135676987,183.49554884823527,416.21278338357115,0.0,low_medium,17.801,True
E2_zero_high_stress_exposure,149,2024-05-16 05:00:00+00:00,east,1127.6684847352467,744.2590978925521,930.32387236569,507.9103181180484,855.8979625764348,0.0,medium_high,2.5,False
E2_zero_high_stress_exposure,149,2024-05-16 05:00:00+00:00,north,0.0,0.0,0.0,0.0,0.0,0.0,extremely_high,14.693,True
E2_zero_high_stress_exposure,149,2024-05-16 05:00:00+00:00,northwest,0.0,0.0,0.0,0.0,0.0,0.0,high,18.956,True
E2_zero_high_stress_exposure,149,2024-05-16 05:00:00+00:00,southwest,483.2864934579629,318.96818481109375,382.7618217733125,160.44099695998017,366.81341253275775,0.0,low_medium,17.801,True
E2_zero_high_stress_exposure,150,2024-05-16 06:00:00+00:00,east,1049.6080947366338,692.7393860020948,865.9242325026185,469.40670238676324,796.6502939024089,0.0,medium_high,2.5,False
E2_zero_high_stress_exposure,150,2024-05-16 06:00:00+00:00,north,0.0,0.0,0.0,0.0,0.0,0.0,extremely_high,14.693,True
E2_zero_high_stress_exposure,150,2024-05-16 06:00:00+00:00,northwest,0.0,0.0,0.0,0.0,0.0,0.0,high,18.956,True
E2_zero_high_stress_exposure,150,2024-05-16 06:00:00+00:00,southwest,449.83204060141446,296.888308286612,356.2659699439344,134.41915045984643,341.4215545296038,0.0,low_medium,17.801,True
E2_zero_high_stress_exposure,151,2024-05-16 07:00:00+00:00,east,968.598580336783,639.2732575041417,799.0915718801772,437.702408497367,735.164246129763,0.0,medium_high,2.5,False
E2_zero_high_stress_exposure,151,2024-05-16 07:00:00+00:00,north,0.0,0.0,0.0,0.0,0.0,0.0,extremely_high,14.693,True
E2_zero_high_stress_exposure,151,2024-05-16 07:00:00+00:00,northwest,0.0,0.0,0.0,0.0,0.0,0.0,high,18.956,True
E2_zero_high_stress_exposure,151,2024-05-16 07:00:00+00:00,southwest,415.11367728719273,273.9742532160608,328.7691038592729,108.5376401540746,315.07039119846985,0.0,low_medium,17.801,True
E2_zero_high_stress_exposure,152,2024-05-16 08:00:00+00:00,east,910.0883130785373,600.6565901798812,750.8207377248515,409.3850072444753,690.7550787068633,0.0,medium_high,2.5,False
E2_zero_high_stress_exposure,152,2024-05-16 08:00:00+00:00,north,0.0,0.0,0.0,0.0,0.0,0.0,extremely_high,14.693,True
E2_zero_high_stress_exposure,152,2024-05-16 08:00:00+00:00,northwest,0.0,0.0,0.0,0.0,0.0,0.0,high,18.956,True
E2_zero_high_stress_exposure,152,2024-05-16 08:00:00+00:00,southwest,390.0378484622302,257.42425293423474,308.90910352108165,93.81569473935251,296.0378908743699,0.0,low_medium,17.801,True
E2_zero_high_stress_exposure,153,2024-05-16 09:00:00+00:00,east,1012.7601444042547,668.4198074692206,835.5247593365257,415.4229103421206,768.6827785896036,0.0,medium_high,2.5,False
E2_zero_high_stress_exposure,153,2024-05-16 09:00:00+00:00,north,0.0,0.0,0.0,0.0,0.0,0.0,extremely_high,14.693,True
E2_zero_high_stress_exposure,153,2024-05-16 09:00:00+00:00,northwest,0.0,0.0,0.0,0.0,0.0,0.0,high,18.956,True
E2_zero_high_stress_exposure,153,2024-05-16 09:00:00+00:00,southwest,434.0400618875377,286.4656317725231,343.7587581270277,104.97246610672336,329.43547653840153,0.0,low_medium,17.801,True
E2_zero_high_stress_exposure,154,2024-05-16 10:00:00+00:00,east,941.187998228509,621.1823244074317,776.4779055092896,336.9622930695751,714.3596730685464,0.0,medium_high,2.5,False
E2_zero_high_stress_exposure,154,2024-05-16 10:00:00+00:00,north,0.0,0.0,0.0,0.0,0.0,0.0,extremely_high,14.693,True
E2_zero_high_stress_exposure,154,2024-05-16 10:00:00+00:00,northwest,0.0,0.0,0.0,0.0,0.0,0.0,high,18.956,True
E2_zero_high_stress_exposure,154,2024-05-16 10:00:00+00:00,southwest,403.36628495507523,266.22099617461356,319.46519540953625,95.74371906423802,306.1541456008056,0.0,low_medium,17.801,True
E2_zero_high_stress_exposure,155,2024-05-16 11:00:00+00:00,east,1473.7515077803278,972.6732479855492,1215.8415599819364,475.84999053793035,1118.5742351833815,0.0,medium_high,2.5,False
E2_zero_high_stress_exposure,155,2024-05-16 11:00:00+00:00,north,0.0,0.0,0.0,0.0,0.0,0.0,extremely_high,14.693,True
E2_zero_high_stress_exposure,155,2024-05-16 11:00:00+00:00,northwest,0.0,0.0,0.0,0.0,0.0,0.0,high,18.956,True
E2_zero_high_stress_exposure,155,2024-05-16 11:00:00+00:00,southwest,631.6077890487119,416.8599634223782,500.23195610685383,144.75045369878657,479.38895793573494,0.0,low_medium,17.801,True
E2_zero_high_stress_exposure,156,2024-05-16 12:00:00+00:00,east,2515.6022935590363,1660.2928245354408,2075.366030669301,714.2372194548396,1909.3367482157566,0.0,medium_high,2.5,False
E2_zero_high_stress_exposure,156,2024-05-16 12:00:00+00:00,north,0.0,0.0,0.0,0.0,0.0,0.0,extremely_high,14.693,True
E2_zero_high_stress_exposure,156,2024-05-16 12:00:00+00:00,northwest,0.0,0.0,0.0,0.0,0.0,0.0,high,18.956,True
E2_zero_high_stress_exposure,156,2024-05-16 12:00:00+00:00,southwest,1078.1152686681585,711.554067658046,853.8648811896552,248.95853719219718,818.2871778067529,0.0,low_medium,17.801,True
E2_zero_high_stress_exposure,157,2024-05-16 13:00:00+00:00,east,3814.295123441872,2517.4276714271264,3146.7845892839077,1021.4069428741903,2895.041822141195,0.0,medium_high,2.5,False
E2_zero_high_stress_exposure,157,2024-05-16 13:00:00+00:00,north,0.0,0.0,0.0,0.0,0.0,0.0,extremely_high,14.693,True
E2_zero_high_stress_exposure,157,2024-05-16 13:00:00+00:00,northwest,0.0,0.0,0.0,0.0,0.0,0.0,high,18.956,True
E2_zero_high_stress_exposure,157,2024-05-16 13:00:00+00:00,southwest,1634.6979100465164,1078.8975734687683,1294.6770881625218,370.1050236027262,1240.7322094890835,0.0,low_medium,17.801,True
E2_zero_high_stress_exposure,158,2024-05-16 14:00:00+00:00,east,5506.7357193314265,3634.43530991693,4543.044137396162,1559.7406284715373,4179.600606404469,0.0,medium_high,2.5,False
E2_zero_high_stress_exposure,158,2024-05-16 14:00:00+00:00,north,0.0,0.0,0.0,0.0,0.0,0.0,extremely_high,14.693,True
E2_zero_high_stress_exposure,158,2024-05-16 14:00:00+00:00,northwest,0.0,0.0,0.0,0.0,0.0,0.0,high,18.956,True
E2_zero_high_stress_exposure,158,2024-05-16 14:00:00+00:00,southwest,2360.029593999183,1557.6151328215415,1869.1381593858496,534.1373813471629,1791.2574027447724,0.0,low_medium,17.801,True
E2_zero_high_stress_exposure,159,2024-05-16 15:00:00+00:00,east,6043.680532181672,3988.817885505032,4986.02235688129,1969.0425540118822,4587.140568330786,0.0,medium_high,2.5,False
E2_zero_high_stress_exposure,159,2024-05-16 15:00:00+00:00,north,0.0,0.0,0.0,0.0,0.0,0.0,extremely_high,14.693,True
E2_zero_high_stress_exposure,159,2024-05-16 15:00:00+00:00,northwest,0.0,0.0,0.0,0.0,0.0,0.0,high,18.956,True
E2_zero_high_stress_exposure,159,2024-05-16 15:00:00+00:00,southwest,2590.148799506431,1709.4933795021566,2051.3920554025876,584.1680776434767,1965.9173864274799,0.0,low_medium,17.801,True
E2_zero_high_stress_exposure,160,2024-05-16 16:00:00+00:00,east,6003.39469697978,3962.2293093666754,4952.786636708343,2376.1612987937865,4556.563705771676,0.0,medium_high,2.5,False
E2_zero_high_stress_exposure,160,2024-05-16 16:00:00+00:00,north,0.0,0.0,0.0,0.0,0.0,0.0,extremely_high,14.693,True
E2_zero_high_stress_exposure,160,2024-05-16 16:00:00+00:00,northwest,0.0,0.0,0.0,0.0,0.0,0.0,high,18.956,True
E2_zero_high_stress_exposure,160,2024-05-16 16:00:00+00:00,southwest,2572.8834415627625,1698.0982754428608,2037.7179305314326,557.5196257934,1952.8130167592897,0.0,low_medium,17.801,True
E2_zero_high_stress_exposure,161,2024-05-16 17:00:00+00:00,east,6679.491113799078,4408.451684188524,5510.564605235655,2812.041118051755,5069.719436816803,0.0,medium_high,2.5,False
E2_zero_high_stress_exposure,161,2024-05-16 17:00:00+00:00,north,0.0,0.0,0.0,0.0,0.0,0.0,extremely_high,14.693,True
E2_zero_high_stress_exposure,161,2024-05-16 17:00:00+00:00,northwest,0.0,0.0,0.0,0.0,0.0,0.0,high,18.956,True
E2_zero_high_stress_exposure,161,2024-05-16 17:00:00+00:00,southwest,2862.6390487710337,1889.3364360807964,2267.2037232969556,488.5068289130507,2172.7369014929154,0.0,low_medium,17.801,True
E2_zero_high_stress_exposure,162,2024-05-16 18:00:00+00:00,east,7347.459990794448,4849.3098978767375,6061.637372345921,3073.174377312228,5576.706382558247,0.0,medium_high,2.5,False
E2_zero_high_stress_exposure,162,2024-05-16 18:00:00+00:00,north,0.0,0.0,0.0,0.0,0.0,0.0,extremely_high,14.693,True
E2_zero_high_stress_exposure,162,2024-05-16 18:00:00+00:00,northwest,0.0,0.0,0.0,0.0,0.0,0.0,high,18.956,True
E2_zero_high_stress_exposure,162,2024-05-16 18:00:00+00:00,southwest,3148.9114246261915,2078.2756705186016,2493.930804622322,518.9038694150843,2390.0170210963915,0.0,low_medium,17.801,True
E2_zero_high_stress_exposure,163,2024-05-16 19:00:00+00:00,east,7348.3571778681635,4849.902039672987,6062.377549591232,3031.2645545149862,5577.3873456239335,0.0,medium_high,2.5,False
E2_zero_high_stress_exposure,163,2024-05-16 19:00:00+00:00,north,0.0,0.0,0.0,0.0,0.0,0.0,extremely_high,14.693,True
E2_zero_high_stress_exposure,163,2024-05-16 19:00:00+00:00,northwest,0.0,0.0,0.0,0.0,0.0,0.0,high,18.956,True
E2_zero_high_stress_exposure,163,2024-05-16 19:00:00+00:00,southwest,3149.29593337207,2078.529445574137,2494.2353346889645,536.7594440250648,2390.3088624102575,0.0,low_medium,17.801,True
E2_zero_high_stress_exposure,164,2024-05-16 20:00:00+00:00,east,6972.334624123145,4601.727855126873,5752.159818908591,2856.738272063215,5291.987033395903,0.0,medium_high,2.5,False
E2_zero_high_stress_exposure,164,2024-05-16 20:00:00+00:00,north,0.0,0.0,0.0,0.0,0.0,0.0,extremely_high,14.693,True
E2_zero_high_stress_exposure,164,2024-05-16 20:00:00+00:00,northwest,0.0,0.0,0.0,0.0,0.0,0.0,high,18.956,True
E2_zero_high_stress_exposure,164,2024-05-16 20:00:00+00:00,southwest,2988.1434103384904,1972.1690807686598,2366.6028969223917,533.1167459133839,2267.9944428839585,0.0,low_medium,17.801,True
E2_zero_high_stress_exposure,165,2024-05-16 21:00:00+00:00,east,4892.427452737279,3228.9929990673545,4036.241248834193,2015.04299046486,3713.3419489274575,0.0,medium_high,2.5,False
E2_zero_high_stress_exposure,165,2024-05-16 21:00:00+00:00,north,0.0,0.0,0.0,0.0,0.0,0.0,extremely_high,14.693,True
E2_zero_high_stress_exposure,165,2024-05-16 21:00:00+00:00,northwest,0.0,0.0,0.0,0.0,0.0,0.0,high,18.956,True
E2_zero_high_stress_exposure,165,2024-05-16 21:00:00+00:00,southwest,2096.754622601691,1383.8541424574378,1660.6249709489252,374.2495142861894,1591.4322638260533,0.0,low_medium,17.801,True
E2_zero_high_stress_exposure,166,2024-05-16 22:00:00+00:00,east,3312.340041089039,2186.138252744639,2732.6728159307986,1417.0958055213139,2514.0589906563346,0.0,medium_high,2.5,False
E2_zero_high_stress_exposure,166,2024-05-16 22:00:00+00:00,north,0.0,0.0,0.0,0.0,0.0,0.0,extremely_high,14.693,True
E2_zero_high_stress_exposure,166,2024-05-16 22:00:00+00:00,northwest,0.0,0.0,0.0,0.0,0.0,0.0,high,18.956,True
E2_zero_high_stress_exposure,166,2024-05-16 22:00:00+00:00,southwest,1419.574303323874,936.9163940334167,1124.2996728401001,250.41901379725158,1077.4538531384292,0.0,low_medium,17.801,True
E2_zero_high_stress_exposure,167,2024-05-16 23:00:00+00:00,east,2583.338038008388,1704.998289609062,2131.2478620113275,1152.259156596424,1960.748033050421,0.0,medium_high,2.5,False
E2_zero_high_stress_exposure,167,2024-05-16 23:00:00+00:00,north,0.0,0.0,0.0,0.0,0.0,0.0,extremely_high,14.693,True
E2_zero_high_stress_exposure,167,2024-05-16 23:00:00+00:00,northwest,0.0,0.0,0.0,0.0,0.0,0.0,high,18.956,True
E2_zero_high_stress_exposure,167,2024-05-16 23:00:00+00:00,southwest,1107.1448734321662,730.7135526895979,876.8562632275174,181.53847503020367,840.3205855930374,0.0,low_medium,17.801,True
